date,price_usd,market_cap_usd,mvrv,supply,realized_price_usd
2014-01-23,0.001540752607872,53523504.29392890819739057823616,10.30827487,34738545319.00000003,0.0001494675517778466
2014-01-24,0.00188793909497604,66940810.8654573073569353690502396,6.95312177,35457081768.99999999,0.0002715239510289836
2014-01-25,0.00193674865363413,70024211.0272704400559766034636587,3.92822309,36155549092.99999999,0.000493034282743379
2014-01-26,0.00193674865363413,71368411.3315510266471359734636587,3.32673531,36849599041.99999999,0.0005821769612425612
2014-01-27,0.00161774405065511,60774410.8824051990277939694934489,2.4829285,37567383330.99999999,0.0006515467725531002
2014-01-28,0.00165098289165354,63148902.9868874441074539110834646,2.31245923,38249277630.99999999,0.0007139511348935394
2014-01-29,0.00157883500556973,61528893.44864983156858824,2.15366562,38971072488,0.0007330919855468232
2014-01-30,0.00163919961236558,65319527.4803263947468025644349628,2.14670842,39848427847.08919666,0.0007635874518839312
2014-01-31,0.00191973786109596,77662016.18303715516533436,2.42080427,40454490041,0.0007930165544098119
2014-02-01,0.00149632397055897,61598167.74902581212938313,1.87196521,41166330929,0.0007993332154709061
2014-02-02,0.00140906920583811,58981289.0750920879533882679416189,1.74287626,41858333735.99999999,0.0008084734631924528
2014-02-03,0.00129119588539605,54967257.8398358454876132411460395,1.59043374,42570812423.99999999,0.0008118514169575213
2014-02-04,0.00110371657165547,47788269.4588177342386218628503359,1.35937863,43297591687.99999997,0.0008119272638966453
2014-02-05,0.00127397427334897,56117411.5706491152223751245456669,1.54664886,44049093254.55216877,0.000823699746139515
2014-02-06,0.00127516086832846,57088242.509378025744421571552118,1.52720713,44769443548.1006733,0.0008349626211661675
2014-02-07,0.00109581976106534,49866722.1651109401233319157261958,1.31161619,45506317678.22040337,0.0008354728840800142
2014-02-08,0.00111139897354386,51346339.87635846256839882,1.31550403,46199736637,0.0008448464985271539
2014-02-09,0.00127857526151186,59976778.5534559033390666126151186,1.48390035,46909071651.00000001,0.0008616314845615204
2014-02-10,0.00145203013915664,69207839.7761856534295759813915664,1.64774186,47662812162.00000001,0.0008812242830054944
2014-02-11,0.00175365819531153,84800351.2806078792658498719531153,1.8878401,48356259793.00000001,0.0009289230562013859
2014-02-12,0.00176099283059951,86433875.7881936330122537,1.84190111,49082468870,0.0009560734944122542
2014-02-13,0.00149321111489207,74363753.61912086753188963,1.55380015,49801232309,0.0009610059021374595
2014-02-14,0.00156941545193003,78747541.8458136669604400254806997,1.61598033,50176351805.99999999,0.000971184749464141
2014-02-15,0.00150531545044539,76058888.9947092556256576045044539,1.53555678,50526877255.00000001,0.0009803059515945676
2014-02-16,0.00144579790775787,73560455.3703621627064971109224213,1.46415517,50878795006.99999999,0.0009874622153319104
2014-02-17,0.00139524945783682,71468405.2727717853085937854216318,1.33475855,51222671953.99999999,0.0010453197380431239
2014-02-18,0.00135206576786553,69773081.14168656188628084,1.25833914,51604798228,0.0010744843936631662
2014-02-19,0.0012907280834787,67063970.194958842842197319165213,1.180801,51958248257.99999999,0.0010930953509344081
2014-02-20,0.00117909739804667,61678339.68083092292427345,1.07031551,52309792035,0.0011016353468022435
2014-02-21,0.00108778452179066,57296392.40613294249128824,0.98530232,52672557164,0.0011040109210243816
2014-02-22,0.00127161065751418,67446919.11951897667010746,1.14396096,53040542497,0.0011115857113814269
2014-02-23,0.00112975943254572,60324361.31265704181795456,1.01658532,53395758048,0.0011113277069018863
2014-02-24,0.000989275654741549,53167953.778027601679074559,0.89197985,53744326491,0.0011090784783328333
2014-02-25,0.000949379807511342,51366991.79924738190182509777465974,0.86614996,54105839825.99999997,0.0010960917293251875
2014-02-26,0.00122016308652809,66473113.0453815590074822574041573,1.10774863,54478875634.99999997,0.001101480113343124
2014-02-27,0.00115798650757006,63498752.5940207644453734396971976,1.05018192,54835485714.99999996,0.001102653250372145
2014-02-28,0.00103842540236149,57312490.8517859311041297179291553,0.9431392,55191726551.99999997,0.0011010309001698688
2014-03-01,0.00105855749226297,58797823.9108301859453211803094812,0.96929369,55545234283.99999996,0.0010920915953378072
2014-03-02,0.000973492575396943,54422158.88059581322815884573809171,0.88524101,55904030760.99999997,0.00109969213400647
2014-03-03,0.00108387981130163,60987870.1041838318443726156609511,0.98442171,56268111526.99999997,0.0011010320072092172
2014-03-04,0.00104784853126213,59325444.9582771290576644287495148,0.95254243,56616431848.99999996,0.0011000544419445231
2014-03-05,0.00106608128625164,60734286.8344504641304936414124508,0.96934684,56969658521.99999997,0.0010997934302356006
2014-03-06,0.00101168523702691,57986729.6576693167828177805189236,0.92161235,57316967308.99999996,0.001097734027790437
2014-03-07,0.000922514234385868,53203624.27260182137822850096842396,0.84474458,57672415545.99999997,0.0010920629220087664
2014-03-08,0.000870133760294682,50494242.23044398244661173319115954,0.79934851,58030436852.99999997,0.001088553677662678
2014-03-09,0.000877593078371186,51243987.40483821571398049886515256,0.80872378,58391512726.99999996,0.0010851579984097735
2014-03-10,0.00077819091062808,45712865.0722078971074081126811576,0.72091945,58742481372.99999997,0.0010794422464646778
2014-03-11,0.0007731752835977,45687605.362930027617957941492069,0.72086836,59090876715.99999997,0.0010725609924087944
2014-03-12,0.000924314322556196,54951355.92483885009607468877443804,0.86117586,59450940641.99999999,0.0010733165727104751
2014-03-13,0.000865935509221471,51802102.10659400203093156072335587,0.80908912,59822124805.99999997,0.0010702597375446985
2014-03-14,0.000866596183438564,52132859.10967006768265758216561436,0.81102579,60158191445.99999999,0.0010685186514704595
2014-03-15,0.000840139927734544,50830963.22028113914830357672265456,0.78757009,60502972828.99999999,0.0010667494085949151
2014-03-16,0.000843404608927581,51325219.454065155811240761,0.79226672,60854800781,0.0010645463044662296
2014-03-17,0.000772936776510445,47305204.14940112933477122723489555,0.72909611,61201906270.99999999,0.0010601301610434393
2014-03-18,0.000760205330459686,46778403.55122089963768269278161256,0.71939703,61533906270.99999996,0.0010567257004934897
2014-03-19,0.000764352890441538,47290632.77780849826487185580883076,0.72737094,61870156271.00000002,0.0010508433158486342
2014-03-20,0.000720234131822783,44802456.78027718631047921695468349,0.68766999,62205406271.00000003,0.0010473543157274946
2014-03-21,0.00068775713089034,43009171.5960047358768324252356136,0.65935789,62535406271.00000004,0.0010430710564339194
2014-03-22,0.000677907035154648,42622493.91200605170033481905463944,0.65203029,62873656271.00000003,0.0010396864157256375
2014-03-23,0.000684880761232927,43287481.88015766496363640938767073,0.66133668,63204406270.99999999,0.0010356007491266431
2014-03-24,0.000663599634622893,42164063.18595653333126999203868679,0.64522774,63538406271.00000003,0.0010284735039799945
2014-03-25,0.000652534044412638,41678919.59038277190937823844412638,0.63607926,63872406271.00000001,0.001025869078662678
2014-03-26,0.000611074840342608,39233544.542633179211694768,0.59703748,64204156271,0.0010235116903257195
2014-03-27,0.000499791801364502,32252142.836817269594092042,0.49286174,64531156271,0.0010140608629196943
2014-03-28,0.00052714069057525,34189768.641650352811849936188495,0.52686028,64858906270.99999998,0.001000532229484542
2014-03-29,0.000620129091748747,40429413.04475285731483856424753759,0.62082632,65195156270.99999997,0.0009988769350963518
2014-03-30,0.000524670402743552,34380421.80654661080712118394512896,0.52985841,65527656270.99999998,0.000990208691305951
2014-03-31,0.000499262149095369,32880484.63531811286943113452713893,0.50731151,65858156270.99999997,0.0009841332973016302
2014-04-01,0.000521416252776859,34508321.56945412580535446394446282,0.53500134,66181906270.99999998,0.0009746073772018197
2014-04-02,0.000460913573187266,30655549.00850335401913595026812734,0.47773384,66510406270.99999999,0.0009647915525248661
2014-04-03,0.000453935563034775,30341464.4218810080794953137393045,0.4736372,66840906270.99999998,0.00095840352707679
2014-04-04,0.000464600577174261,31204273.46864027426314871945651478,0.48986271,67163656270.99999998,0.0009484301778640409
2014-04-05,0.000468628253715741,31625216.62088575991768924592568518,0.49755795,67484656270.99999998,0.0009418566293951106
2014-04-06,0.000463699624777318,31438907.02270622397162418175222682,0.49440174,67800156270.99999999,0.0009379004709354746
2014-04-07,0.000456214500238582,31078657.63922402871026128699284254,0.48807616,68122906270.99999997,0.0009347199015796675
2014-04-08,0.000452922187863506,31003430.2936104566283694122615343,0.48614851,68452001523.39135155,0.0009316539669400736
2014-04-09,0.000446302008070913,30692593.55820234666818118283104193,0.48119888,68770906254.41594561,0.0009274793159761988
2014-04-10,0.000342293387952477,23650130.53112342115852166232860074,0.37441304,69093156232.41584562,0.0009142133189390974
2014-04-11,0.000448207601494243,31114193.51268523662902238639182323,0.49169264,69419156232.41584561,0.0009115605258891876
2014-04-12,0.000418703598861994,29201291.80481444102677570716660616,0.46139788,69742156227.41584564,0.0009074675394303805
2014-04-13,0.000387216959138223,27133417.65806460646754461800913326,0.42942442,70072906203.41584562,0.0009017115494694574
2014-04-14,0.000442202808476597,31128272.47208651149928193890448708,0.49166713,70393656203.41584564,0.0008993946950990948
2014-04-15,0.000570523059787203,40347052.01350691322515217669534492,0.63375644,70719406203.41584564,0.0009002244770675671
2014-04-16,0.000691600149509963,49137779.94803529043581181275501169,0.76626471,71049406196.41584563,0.0009025603560810768
2014-04-17,0.000638871850730389,45604689.11018062673170777006654618,0.70757921,71383156196.41584562,0.0009028979960143104
2014-04-18,0.000586626536074168,42068840.41044918450034714275794416,0.65205616,71713156196.41584562,0.0008996564591524877
2014-04-19,0.000625487622141713,45066168.13042408514730022303459845,0.69532687,72049656196.41584565,0.0008995591125965157
2014-04-20,0.00061926600143243,44828762.5708234865003395297557809,0.68952718,72390156196.41584563,0.0008981023799996251
2014-04-21,0.000607663126967212,44193611.14974690095658363353315568,0.67768077,72727156196.41584564,0.0008966804930398305
2014-04-22,0.000584115011652363,42676848.24676912033593648246577095,0.65357117,73062406196.41584565,0.0008937282402654986
2014-04-23,0.00057749736946796,42387675.2502557002306848802856944,0.64749312,73398906196.41584564,0.0008918973061334768
2014-04-24,0.000588353998415933,43378549.67099491719882162067626346,0.66069348,73728656196.41584562,0.000890509769244178
2014-04-25,0.000512141388224481,37932216.01953660049501955988286803,0.5778965,74065906196.41584563,0.0008862164561032657
2014-04-26,0.000477325234363824,35511406.12809137615889242604048912,0.54082177,74396666196.41584563,0.0008825924932049684
2014-04-27,0.000452005000973977,33775331.18238448164440102565212085,0.51432864,74723357284.99828605,0.000878825260389888
2014-04-28,0.000487147745401585,36532690.939642161715170829355276,0.55560929,74993041196.4158456,0.0008767811376976525
2014-04-29,0.000501891298020599,37722928.4912108544890465588035144,0.57406758,75161551196.4158456,0.0008742721510603316
2014-04-30,0.000500041775448625,37667985.02922580409056992301370375,0.57292337,75329676196.41584567,0.0008727899779138438
2014-05-01,0.000504394906282055,38080643.309604105037902584930708,0.57859331,75497676196.4158456,0.0008717606954046098
2014-05-02,0.000494113908859361,37385239.51930787312457441773362965,0.56755774,75661176196.41584565,0.0008705967235322366
2014-05-03,0.000494113908859361,37467694.77784877897662600046784882,0.56837451,75828051196.41584562,0.0008693456517945553
2014-05-04,0.000463955488277161,35256233.28478371467498868451342804,0.53474258,75990551196.41584564,0.0008676239851278741
2014-05-05,0.000449682467128288,34245591.30628535822867536521418144,0.5195139,76155051196.41584563,0.0008655831290140418
2014-05-06,0.000455264183770302,34748460.49032357108994758901048026,0.52710423,76325926196.41584563,0.0008637080824987917
2014-05-07,0.000469411624094365,35906199.30219597185725512377107055,0.54432016,76491926188.38474107,0.0008623814780153742
2014-05-08,0.000466919590657263,35792562.22730659927556925136989141,0.54232345,76656801178.38474107,0.000860961462494869
2014-05-09,0.000488782872132844,37549486.11168427645418795302535996,0.56837033,76822426178.38474109,0.0008599725325789684
2014-05-10,0.00047872604275252,36857920.4617615892225430720000972,0.55777498,76991676178.38474111,0.0008582780868954
2014-05-11,0.00045253043701628,34914386.7984169986560965293238056,0.52826481,77153676178.38474102,0.000856635589670037
2014-05-12,0.000450155319345765,34804681.8640786392262940045195262,0.52710211,77317051178.38474108,0.0008540191943943558
2014-05-13,0.000443395832735242,34356331.52471093557917452170643652,0.52024472,77484561171.38474106,0.0008522831961374679
2014-05-14,0.000455801975310059,35391342.00654506210487985692832254,0.54291843,77646311169.38474106,0.000839540435770543
2014-05-15,0.000449355193315437,34963512.53766739183547709107889759,0.53678234,77808186169.38474107,0.0008371273788840315
2014-05-16,0.000445057275125866,34702756.29806579727059056406951662,0.53256641,77973686169.38474107,0.0008356840889117772
2014-05-17,0.000452199601262837,35334339.25394789404319188627124396,0.54184013,78138811169.38474108,0.0008345627727182869
2014-05-18,0.000451432267852133,35347794.90602438735925011057368098,0.54163195,78301436169.38474106,0.0008334668363860978
2014-05-19,0.000438456759672706,34401512.99998771698882359973987072,0.5276885,78460446192.38474112,0.0008309007296401304
2014-05-20,0.00047516132170075,37354484.7619056529704302372088175,0.5719271,78614321191.38474109,0.0008308074957468356
2014-05-21,0.000459605258476912,36204115.59087580169586562920179056,0.55405497,78772196190.38474113,0.0008295300707742267
2014-05-22,0.000419807868689873,33135202.58205743404644340174099427,0.50806087,78929446190.38474099,0.0008262944333616423
2014-05-23,0.000402485118284758,31831972.93053450635413908145469654,0.48888995,79088571190.38474113,0.0008232632278179538
2014-05-24,0.000428212654088294,33932243.51356114454993558318980046,0.52066761,79241571190.38474109,0.0008224299838591728
2014-05-25,0.000418518094921099,33229110.97691469585243283899167989,0.50991504,79397071190.38474111,0.0008207604445656262
2014-05-26,0.000364047526275859,28963055.52996060337867696184407054,0.4455908,79558446190.38474106,0.0008169996469313528
2014-05-27,0.000390398017292516,31120605.74105795489774616291144616,0.47869996,79715071190.38471226,0.0008155380194569391
2014-05-28,0.000402410312630964,32140471.91139400172267832895448136,0.49426328,79869901199.24901274,0.0008141618625420929
2014-05-29,0.000386670260321489,30943463.97748197010185689658225937,0.47617975,80025456190.38471233,0.0008120258375571178
2014-05-30,0.000367801575980664,29491187.77762704766699327448335392,0.45526256,80182331190.38471228,0.0008078889157515258
2014-05-31,0.000334454182313162,26868612.92411774688535792584510802,0.4157754,80335706189.37471221,0.0008044107042243529
2014-06-01,0.000404013561045237,32521205.40133501014032602366624377,0.50247322,80495331189.37471221,0.000804049937318524
2014-06-02,0.000395743742706253,31917704.87083524842293244785894937,0.49298715,80652456189.37471229,0.0008027465679506109
2014-06-03,0.000389224565037429,31453171.39543243616130903605405667,0.48575113,80809831189.37471223,0.0008012839106260628
2014-06-04,0.000356519043706801,28865727.01392076456561585099474021,0.44613733,80965456189.37471221,0.0007991239910518159
2014-06-05,0.000348867543088475,28301166.4138611521073784031236645,0.43740309,81122956189.37471222,0.0007975881996820713
2014-06-06,0.000358828945417676,29166542.88900995658361105910955424,0.45062731,81282581189.37471224,0.0007962876138547307
2014-06-07,0.000361385252047183,29431063.57473920387899356160950724,0.45448685,81439581189.37471228,0.0007951500732027406
2014-06-08,0.000362036278886394,29540515.33283900676021525140126256,0.45607159,81595456189.37471224,0.0007938145826763601
2014-06-09,0.000355529054266511,29063329.14091073269677999326579931,0.44860075,81746706189.37471221,0.000792528889589487
2014-06-10,0.000389918257543298,31937407.55629377849437308551513454,0.49222156,81907956189.37471223,0.0007921600539872695
2014-06-11,0.00042564574552854,34930759.0761479456181310717520442,0.5375453,82065331189.37471223,0.0007918323265565525
2014-06-12,0.000367071255391826,30182968.49985475670271717209031372,0.46463132,82226456189.37471222,0.0007900269301514715
2014-06-13,0.000376138349815897,30986824.98650201857236871834879722,0.47513303,82381456189.37471226,0.0007916484985602811
2014-06-14,0.000374113650116891,30877687.54327598144209554849078366,0.47266928,82535581189.37471226,0.0007914913575870448
2014-06-15,0.000365629280771479,30235103.20736878812819712240105859,0.46249448,82693331189.37471221,0.0007905592316939199
2014-06-16,0.000359900659713819,29818743.61663117359091059429361542,0.45595877,82852706189.37471218,0.0007893272010401708
2014-06-17,0.00036255496073422,30097982.6946627519215496100502216,0.46066578,83016331189.37471228,0.0007870238608437988
2014-06-18,0.000350968879802954,29191470.2325648152698648064598388,0.44675193,83173956189.3747122,0.000785601261538935
2014-06-19,0.00034795855607035,28997241.5102992279596388508853805,0.44458709,83335331189.37471223,0.0007826555559009822
2014-06-20,0.000343088283220339,28647685.07384447953992043580804597,0.43902521,83499456189.37471223,0.0007814774081432341
2014-06-21,0.000349730966206897,29258302.44545358754788566435418134,0.44808453,83659456189.37471222,0.0007805022106139148
2014-06-22,0.000329799048451198,27644401.39057378679416345796423956,0.4232974,83821956189.37471222,0.0007791190034505245
2014-06-23,0.000318451274705408,26744439.64562547335984583077179392,0.41032505,83982831189.37471224,0.0007760951341026046
2014-06-24,0.000302245286855015,25432718.66614708479038226735733345,0.39182205,84145956189.37471223,0.0007713840679844715
2014-06-25,0.000264251286578025,22279080.45720083417527074581674575,0.34422292,84310206189.37471223,0.0007676748735326079
2014-06-26,0.000290145166581142,24509238.60443852281113263086057808,0.37875167,84472331189.37471224,0.0007660564680312617
2014-06-27,0.000294582547856623,24931244.57563002559325366036029798,0.38552928,84632456189.37471226,0.0007640990273335996
2014-06-28,0.00027341953993571,23183777.6515477118476124647494475,0.36114874,84791956189.37471225,0.0007570829125299177
2014-06-29,0.000258361422916423,21947726.96741891654293616142428175,0.34192862,84949706189.37471225,0.0007556004610448315
2014-06-30,0.00027185308649495,23138015.9509761023889555173281375,0.36047147,85112206189.37471225,0.0007541597855024421
2014-07-01,0.000254544675330787,21706413.30940913690940946169104075,0.33842328,85275456189.37471225,0.000752148833646394
2014-07-02,0.000227954421712449,19475931.40113975127602918161780025,0.30402762,85437831189.37471225,0.0007497819497861708
2014-07-03,0.000226244686195617,19366308.98173744932223851658620825,0.3026148,85598956189.37471225,0.0007476325883453718
2014-07-04,0.000239449093838384,20534575.105567420033271218005004,0.32093059,85757581189.37471225,0.0007461086643014741
2014-07-05,0.000222159209281971,19087243.05094523033173678723784475,0.29838007,85916956189.37471225,0.0007445510998169918
2014-07-06,0.000240514607115204,20702915.621189533155887560100049,0.32347943,86077581189.37471225,0.0007435236519218672
2014-07-07,0.000224227792425482,19336470.05557001951008582746904486,0.30213631,86235831189.37471223,0.0007421411627933167
2014-07-08,0.000267636288893368,23121455.27208212379232379882229168,0.36104518,86391331189.37471226,0.0007412819882912381
2014-07-09,0.000274968323479828,23798152.640240577639425346179493,0.37163142,86548706189.37471225,0.000739895252882084
2014-07-10,0.00026510482541204,22985405.20139511252373156268549,0.35895366,86703081189.37471225,0.0007385488851458987
2014-07-11,0.000267326363899809,23219388.18807896429731738084395834,0.36289134,86857831189.37471226,0.0007366567741732526
2014-07-12,0.000273163693947294,23767961.04288181320021150485562444,0.3714557,87009956189.37471226,0.0007353870029381538
2014-07-13,0.00027028001583289,23557932.1888779870933217879942314,0.36798469,87161206189.37471226,0.0007344871218226227
2014-07-14,0.000250760133352821,21894326.43232659862020550326722904,0.34192676,87311831189.37471224,0.0007333738176936518
2014-07-15,0.000254993186575102,22299063.30921091721205743613015052,0.34820248,87449643689.37471226,0.0007323129535869533
2014-07-16,0.000236781788052856,20725839.90852862031575391067121456,0.32393482,87531393689.37471226,0.0007309550361176238
2014-07-17,0.000262505693871477,22997817.02063590445953465923492279,0.35947161,87608831189.37471227,0.0007302543137453247
2014-07-18,0.000245992554704851,21570922.59963405591247439289822177,0.33725295,87689331189.37471227,0.0007294007501041904
2014-07-19,0.000266606237675163,23399434.59941816393288672685035001,0.36595703,87767768689.37471227,0.000728517874558013
2014-07-20,0.000243846983722969,21421657.26868082419412112776512963,0.33504348,87848768689.37471227,0.0007278069811206862
2014-07-21,0.00024031552794313,21130738.5872994215649952333937738,0.33060184,87929143689.37471226,0.0007269031773783534
2014-07-22,0.000216938142562829,19092133.40150076825081048227221183,0.29901116,88007268689.37471227,0.0007255185477452715
2014-07-23,0.000223118214038574,19653204.71486716915887022593110298,0.30829356,88084268689.37471227,0.0007237199960926009
2014-07-24,0.000215923582501329,19037406.00999094818707731461758025,0.29873791,88167331189.37471225,0.0007227860116626277
2014-07-25,0.000210552480011689,18580352.28855569937738253061172403,0.29165663,88245706189.37471227,0.0007219190594490825
2014-07-26,0.000218255856859731,19277016.12448751311207736387459937,0.30324699,88323018689.37471227,0.0007197296726992443
2014-07-27,0.000212967159906487,18826540.50401139849813455573149549,0.29629664,88401143689.37471227,0.0007187633309189298
2014-07-28,0.000204618216823769,18103766.80997065876119454550370794,0.28512295,88475831189.37471226,0.0007176490591997909
2014-07-29,0.000204642121280913,18121818.28188035604947334321790251,0.33072058,88553706189.37471227,0.000618776494891588
2014-07-30,0.000192140099702683,17028143.72573527886454770567202041,0.31100794,88623581189.37471227,0.0006177980526885682
2014-07-31,0.000203691446683226,18067091.39835164100330196958538302,0.33000962,88698331189.37471227,0.0006172288149758361
2014-08-01,0.000208786778744885,18534058.4479724706043031163966878,0.33858944,88770268689.37471228,0.0006166370065908877
2014-08-02,0.000206415041540035,18339466.32514673265334172581072945,0.33505381,88847528689.37471227,0.0006160653464589314
2014-08-03,0.000200638228365414,17840982.74044483915211182866942978,0.32603526,88921153689.37471227,0.0006153881281595556
2014-08-04,0.000204129846926028,18166694.68092472480013369647396356,0.33202256,88995778689.37471227,0.0006148071592666113
2014-08-05,0.000186171628884293,16583161.73392838395941007315274683,0.30436079,89074591189.37471231,0.0006116807256423964
2014-08-06,0.000180028406006753,16049942.6243179439300669412321619,0.29477459,89152278689.3747123,0.0006107324447699275
2014-08-07,0.000174059617850946,15531018.33271803986352243921134526,0.28538967,89228153689.37471231,0.0006099016052366087
2014-08-08,0.000165941844055045,14819498.23290226030422082000450965,0.27288479,89305372718.32682577,0.0006081022106620344
2014-08-09,0.000159247262175233,14233803.54463550865248039418221823,0.26219441,89381778689.37471231,0.0006073633002901664
2014-08-10,0.000164494454436208,14715133.72522588915837529324732048,0.27129898,89456716189.37471231,0.0006063216840557528
2014-08-11,0.000144778390221214,12962321.08418599680119631850894434,0.23918743,89532153689.37471231,0.0006052926369132944
2014-08-12,0.000167575984846852,15016027.97581830092936799721221108,0.27726399,89607278689.37471229,0.0006043914496319988
2014-08-13,0.000153353273942636,13753195.65118658529949224646419644,0.25469944,89683091189.37471229,0.0006020950573846413
2014-08-14,0.000142212321072956,12764715.37138908673403014659982924,0.23680147,89758153689.37471229,0.0006005550602069997
2014-08-15,0.000126557171304711,11369298.7542976489523449612596453,0.21692845,89835278689.3747123,0.0005834051333732898
2014-08-16,0.0001304369907218,11727650.644136181948714274430922,0.22404022,89910466189.37471229,0.0005822034575836427
2014-08-17,0.00012444116474284,11197787.3365140873486478168375036,0.21534377,89984591189.37471229,0.0005778721378512135
2014-08-18,0.000107860321180596,9713937.32632001563431836063072484,0.21717701,90060341189.37471229,0.0004966470492461241
2014-08-19,0.000115626887938227,10422134.0351021514705405782970921,0.2334939,90135903689.3747123,0.0004952030350181611
2014-08-20,0.00013393129201052,12082180.074435049802279513573396,0.2707494,90211778689.3747123,0.0004946688414102488
2014-08-21,0.000135020041554646,12190897.26578919139366593056279934,0.27347326,90289538689.37471229,0.000493723011729359
2014-08-22,0.00010325630912266,9330915.253254889945673602910718,0.20978803,90366538689.3747123,0.0004921935208727591
2014-08-23,0.000119310182279369,10791103.5349305879310725626005387,0.24271184,90445788689.3747123,0.0004915713311693777
2014-08-24,0.000132191992910579,11966842.25064729296933661782231591,0.26913324,90526226189.37471229,0.0004911767602938195
2014-08-25,0.000115196224199132,10437048.76057970317393695816773228,0.23546889,90602351189.37471229,0.0004892205683694861
2014-08-26,0.000150815925450942,13675843.1389398219717973890139866,0.30884921,90679038689.3747123,0.0004883157235563012
2014-08-27,0.000139563237416569,12666328.69242526413180521725393301,0.28607375,90756913689.37471229,0.0004878575451839569
2014-08-28,0.000133737723168736,12148330.37509965882973504712296544,0.27467727,90836976189.37471229,0.0004868903901976891
2014-08-29,0.000129421305164084,11766286.3444010588214229117930332,0.26618116,90914601189.3747123,0.00048621512192705143
2014-08-30,0.000131268642981041,11944319.39793073578868686729969389,0.2702491,90991413689.37471229,0.00048573202641948114
2014-08-31,0.000131405110458992,11966666.06533117844005548426177136,0.27110782,91066976189.37471233,0.00048469686510330833
2014-09-01,0.000132061707107871,12036414.48789392133808278690374943,0.27312139,91142351189.37471233,0.0004835275153947884
2014-09-02,0.000130034431576144,11861884.0409102540833703055433712,0.26935207,91221101189.3747123,0.00048276752273017246
2014-09-03,0.000135013885705699,12326646.4130152850386208305953977,0.28006023,91299101189.3747123,0.0004820887482156928
2014-09-04,0.000161580226385743,14764237.8572088056182744494467389,0.33618125,91374038689.3747123,0.00048063426019667374
2014-09-05,0.000163693616512049,14969756.8706774522870148088585027,0.34078513,91449851189.3747123,0.00048034260330563427
2014-09-06,0.000205230102216758,18783667.3918503257630311384887234,0.42729413,91524913689.3747123,0.0004803017121175009
2014-09-07,0.000187437666238629,17169426.34270005975715466003427783,0.39073822,91600726189.37471227,0.0004797013873857259
2014-09-08,0.000172122421696215,15778985.4234659870849350451900202,0.35926584,91673038689.37471228,0.00047909487218772314
2014-09-09,0.000191237172345495,17545348.63144257681113876010263355,0.39925444,91746538689.37471229,0.0004789857123329549
2014-09-10,0.000188809904769169,17336615.36517558909760767823738701,0.3942749,91820476189.37471229,0.00047887883496811236
2014-09-11,0.000208764751481489,19185397.40354776273398933063579981,0.43602847,91899601189.37471229,0.00047878697343200783
2014-09-12,0.000209042525221863,19229163.6598346217957687992950149,0.43691817,91986851189.3747123,0.0004784477725471179
2014-09-13,0.000265213616687723,24419239.07630127339485729440084736,0.55354804,92073851189.37471232,0.0004791158084268946
2014-09-14,0.000338359380875784,31183319.36973165124077452941942752,0.70088765,92160351189.37471228,0.0004827583720098136
2014-09-15,0.000327581622378602,30218291.27652724511796536297863256,0.67963242,92246601189.37471228,0.0004819982283637999
2014-09-16,0.000290026806675434,26778566.9414823827902806928938665,0.60268619,92331351189.37471225,0.00048122358117320393
2014-09-17,0.000274583793244966,25376478.4661014567568241196732818,0.57127176,92417976189.3747123,0.0004806535391228966
2014-09-18,0.000298237029842062,27588427.98414414596188111658402446,0.61975767,92505038689.37471233,0.00048121555291451583
2014-09-19,0.000274522344278083,25418223.21191724082858674276330173,0.57120931,92590726189.37471231,0.0004805985117400888
2014-09-20,0.000293610362597305,27210883.88208878642878221150437845,0.61040723,92676851189.37471229,0.0004810073475002992
2014-09-21,0.00028517447203836,26453490.1722758741683735854026772,0.59324015,92762476189.37471227,0.0004807066278948922
2014-09-22,0.000298934332921647,27755634.65925376985349763240872516,0.62186541,92848601189.37471228,0.0004807058378140811
2014-09-23,0.000317516551732758,29508413.01980071207923727825285098,0.66012654,92935038689.37471231,0.00048099346487835194
2014-09-24,0.000355473951635965,33066622.8595599473071855071751502,0.73838802,93021226189.37471228,0.00048141890443450716
2014-09-25,0.000380435197900944,35421361.1301622000086288338984112,0.78875556,93107476189.3747123,0.00048232331687264937
2014-09-26,0.000453698170862461,42282135.02546880263066433132772108,0.93351825,93194413689.37471228,0.0004860088925550851
2014-09-27,0.000376353709588466,35106617.90079769301628096305244714,0.77549636,93280913689.37471229,0.0004853068679632049
2014-09-28,0.000385446291705932,35987786.10723791135144028578630428,0.79449691,93366538689.37471229,0.00048514511114452547
2014-09-29,0.000390736697919608,36515556.1690832660579857735287784,0.80532362,93453101189.3747123,0.0004851921491134309
2014-09-30,0.000401523264107525,37557924.46960975469062923049898225,0.82666576,93538601189.37471229,0.0004857141586552768
2014-10-01,0.000373139716495601,34935010.50235242638167120926068028,0.76879306,93624476189.37471228,0.0004853578107164508
2014-10-02,0.000332514501189877,31153961.5102600896926754645473871,0.68595728,93692038689.3747123,0.00048474520336000664
2014-10-03,0.000316278376442325,29646286.78283984287190167818252075,0.65338048,93734788689.37471231,0.00048406462409517493
2014-10-04,0.000292569795829994,27436502.77620808176175565550242626,0.60526034,93777632439.37471229,0.0004833784348566338
2014-10-05,0.000282911143331199,26542902.3914796777053776242390477,0.5859538,93820632439.3747123,0.0004828215864991387
2014-10-06,0.000285408775119771,26789486.52476589453016701791329017,0.59330188,93863569939.37471227,0.0004810515266187443
2014-10-07,0.000293736981248491,27583722.22202425031717520718407894,0.61117251,93906194939.37471234,0.00048061222722286883
2014-10-08,0.000297902501422409,27987765.34523344181935664520482706,0.6201499,93949413689.37471234,0.00048037176402416414
2014-10-09,0.000280280316234414,26344311.02009263112841477693378048,0.58311684,93992726189.37471232,0.00048065892975139265
2014-10-10,0.000266081587452283,25021233.50704430152945008072674939,0.55611483,94035944939.37471233,0.000478465189378753
2014-10-11,0.000276565749424398,26018962.05613682590419607683918336,0.57806786,94078757439.37471232,0.00047843128560096386
2014-10-12,0.000290305313996069,27323792.33014977263484808648587008,0.60683606,94120882439.37471232,0.0004783916664347023
2014-10-13,0.000284595287340522,26798481.5630974978365191858818206,0.595131,94163476189.3747123,0.00047820612157747124
2014-10-14,0.00028056011309014,26430430.5659544713118713275976234,0.58699514,94205944939.37471231,0.0004779598568569751
2014-10-15,0.000267100139677714,25173797.84835241765178491604267646,0.5601207,94248538689.37471239,0.0004768617543999248
2014-10-16,0.000253392217091588,23892765.79699825848035946459196416,0.53207967,94291632439.37471232,0.0004762298418422715
2014-10-17,0.000249233671004673,23511296.64877190015922112791048444,0.5237422,94334351189.37471228,0.0004758708979430586
2014-10-18,0.000254340565108124,24004028.57562674119255621219488768,0.53465686,94377507439.37471232,0.00047570803656783533
2014-10-19,0.000235055598488157,22194120.30412987269193382675663895,0.49462154,94420726189.37471235,0.0004752231342131946
2014-10-20,0.00022752747655552,21493064.8049654460496676940391168,0.47917912,94463601189.37471234,0.00047482761050923923
2014-10-21,0.000223970829104255,21166413.8643194076707995904950067,0.47220582,94505226189.37471234,0.000474307642172337
2014-10-22,0.00024959329105666,23598462.5419493067947832846777848,0.52645745,94547663689.37471228,0.00047409964671724184
2014-10-23,0.000240624371536472,22760646.05470653021479096281091144,0.50743841,94589944939.37471227,0.0004741942407088813
2014-10-24,0.000247275710870629,23400421.00429901044260382096021154,0.52161386,94632913689.37471226,0.0004740589348423928
2014-10-25,0.00024179938891874,22892525.1817978505029992016893146,0.51030536,94675694939.37471229,0.0004738327438276172
2014-10-26,0.000246234135322214,23322983.64206222810952286134258792,0.51968174,94718726189.37471228,0.00047381717764840843
2014-10-27,0.000246172555414107,23327582.43364314711197104604055717,0.51973194,94761101189.37471231,0.0004736529284963841
2014-10-28,0.000249342456480953,23638609.55550987844570939567520284,0.52652064,94803788689.37471228,0.0004735663477142188
2014-10-29,0.000233092650977781,22108009.28673699280060670801851725,0.49262053,94846444939.37471225,0.00047316877146346494
2014-10-30,0.000236281171167576,22420603.94928987262632994837670904,0.4998311,94889507439.37471229,0.0004727220278361551
2014-10-31,0.00023368667695214,22184491.4090764046819958198302792,0.49499663,94932632439.37471228,0.00047209751095101396
2014-11-01,0.000224994276206118,21368903.36720410027516100346366786,0.47713749,94975319939.37471227,0.00047155019448611764
2014-11-02,0.000208363512324977,19798363.90050603098589828712336963,0.44066478,95018382439.37471219,0.0004728390417881298
2014-11-03,0.000205838862652153,19567339.70839115625443194171188813,0.43565792,95061444939.37471221,0.0004724781834613566
2014-11-04,0.000206733625309608,19661196.23941386351966031464172152,0.43779365,95104007439.37471219,0.00047221704862463864
2014-11-05,0.000206259128263062,19624945.25688226130976539111917074,0.43709681,95147038689.37471227,0.0004718843138275523
2014-11-06,0.00022268562190115,21197432.087560884024524510537053,0.4718538,95189944939.37471222,0.00047193775254358454
2014-11-07,0.000202402194013524,19275363.32316713200940769234792804,0.42938159,95232976189.37471221,0.0004713806989571304
2014-11-08,0.000212724411826406,20267479.4626063114741196332016735,0.45140212,95275757439.37471225,0.0004712525759214555
2014-11-09,0.000214768965342595,20471343.12474211299540877148643685,0.45584395,95317976189.37471223,0.0004711458062404799
2014-11-10,0.000218271024797646,20814476.60983301323594261547938704,0.46360774,95360694939.37471224,0.0004708097082193796
2014-11-11,0.000220245999974612,21012295.9585704122693303548066664,0.46797861,95403757439.3747122,0.00047063262138116106
2014-11-12,0.000239335947183286,22843825.13882939727765120320311922,0.50852022,95446694939.37471227,0.00047065178093269535
2014-11-13,0.000256631536405078,24505635.04420188329361123032475472,0.54492599,95489569939.37471224,0.000470947506844146
2014-11-14,0.000235932509054338,22539290.53244205815994282782098022,0.5014484,95532788689.37471219,0.0004705020677189079
2014-11-15,0.000226967848695109,21692624.05342043807611901939653198,0.48284087,95575757439.37471222,0.0004700675994869884
2014-11-16,0.000226843817902811,21690601.97823297592714191705405042,0.48321375,95619101189.37471222,0.0004694481849964141
2014-11-17,0.000217281249812047,20785540.16583950553023845471035528,0.46306366,95661913689.37471224,0.0004692254404330649
2014-11-18,0.00020873249767195,19976647.399174955835186301076546,0.44371606,95704538689.37471228,0.00047041907311614993
2014-11-19,0.000210172025340449,20123414.72045413172454795791420474,0.44697573,95747351189.37471226,0.0004702090320216021
2014-11-20,0.000208280336059649,19951200.97567125030929238157159674,0.44320351,95790132439.37471226,0.0004699428848378231
2014-11-21,0.00020217358970962,19374827.3115909631210321126597488,0.43064952,95832632439.37471224,0.00046946201103305535
2014-11-22,0.00021198907622296,20324487.3832356227680661483677192,0.45194253,95875163689.37471227,0.0004690620203921945
2014-11-23,0.000255426448267907,24500035.7110547675235891375204212,0.54388582,95918163045.3461116,0.00046963248328097063
2014-11-24,0.000247387201157948,23739579.00734975678481557526973524,0.52680675,95961225545.34611163,0.0004695976297910913
2014-11-25,0.000241278951617179,23163753.65059687644039117844351998,0.51406066,96004038045.34611162,0.0004693589111004507
2014-11-26,0.000226550560751131,21759538.64647846860901288297475353,0.48171962,96047163045.34611163,0.00047029548173921376
2014-11-27,0.000245114539966167,23553004.19218150549403790520522221,0.52097963,96089788045.34611163,0.0004704877616158754
2014-11-28,0.000247464557984956,23789396.0353635415617584858970896,0.52602813,96132538045.3461116,0.0004704397804447377
2014-11-29,0.000241596053692019,23235630.45346225525372372775100116,0.51378484,96175538045.34611164,0.0004702280699680025
2014-11-30,0.000239864268161588,23079216.80938211585227533896283668,0.51025649,96217819295.34611161,0.0004700856782078127
2014-12-01,0.000238944808078141,23000948.32171856419847205754887983,0.50854464,96260506795.34611163,0.000469860046264849
2014-12-02,0.000238049061660436,22924699.0610803727483974121606576,0.50680547,96302413045.3461116,0.00046970499679183813
2014-12-03,0.000236712823347965,22805943.231214929526420406522894,0.50447337,96344350545.3461116,0.00046922758945227373
2014-12-04,0.000228301793205947,22005454.91288999456067769064950679,0.48688031,96387569295.34611157,0.0004689074265622839
2014-12-05,0.000234785141250631,22640208.03663835458886552548391329,0.50071184,96429475545.34611159,0.0004689027150838514
2014-12-06,0.0002258631607052,21789585.305950757844990839079164,0.48234636,96472506795.34611157,0.00046825928302890067
2014-12-07,0.000229255182876289,22126672.99654032161112845450156373,0.48965442,96515475545.34611157,0.00046819792390782265
2014-12-08,0.000219830397536949,21226494.93439512713948182037898636,0.469925,96558506795.34611164,0.00046779889883906796
2014-12-09,0.000210604818781155,20344624.36740981671945073241908645,0.45089994,96600944295.34611159,0.0004670766174445599
2014-12-10,0.000206196621715769,19927635.49205404775046271077097809,0.44179243,96643850545.34611161,0.0004667273762834031
2014-12-11,0.000204654777306385,19787400.28496637426147943382950215,0.44017312,96686725545.34611159,0.00046494156050779525
2014-12-12,0.000204579190918058,19788844.23809470083439104834163396,0.44029928,96729506795.34611162,0.00046463666921748773
2014-12-13,0.000198274731729714,19187456.0784640436031701720800824,0.42743045,96772069295.3461116,0.0004638760100730165
2014-12-14,0.00019335047714178,18717708.144458557544211904902648,0.41750594,96807147420.3461116,0.00046310832641514036
2014-12-15,0.000187547170771518,18159909.56907332500934915016026952,0.40533552,96828491170.34611164,0.0004626961159770009
2014-12-16,0.00017054117120687,16516889.6079194431571039485704859,0.36969637,96849866170.34611157,0.00046130063762019085
2014-12-17,0.000177482392508897,17192911.9165955618573763223549052,0.38504159,96871084920.3461116,0.000460943433432469
2014-12-18,0.0001751257027257,16968338.241659494340874315578919,0.38151387,96892334920.34611167,0.00045902840367428844
2014-12-19,0.000192091742392869,18616377.42615890611535219629425171,0.41821156,96913991170.34611159,0.0004593171513309412
2014-12-20,0.000206015626189133,19970180.84749179820073749524902546,0.4483461,96935272420.34611162,0.0004595013231722836
2014-12-21,0.000190314152740195,18452243.0219434393793951443853698,0.41454195,96956756795.34611164,0.0004590950390912066
2014-12-22,0.000192669743999442,18684760.85794773189159607470972162,0.4197611,96978178670.34611161,0.00045899856847011794
2014-12-23,0.000194593064013695,18875382.58685762561659627675822505,0.4230844,96999256795.34611159,0.0004599391138356672
2014-12-24,0.000187002944070623,18143146.70324261754717959495811434,0.40689555,97020647420.34611158,0.00045958463804930525
2014-12-25,0.000183714503209866,17828001.10458255017227578688914426,0.39992406,97041881795.34611161,0.00045937347007795926
2014-12-26,0.000192646195757057,18698897.27038182714958241516713177,0.41930922,97063413045.34611161,0.0004594370611670714
2014-12-27,0.000181962330324421,17665768.5854608455074790088713836,0.39639507,97084756795.3461116,0.00045904286933846325
2014-12-28,0.000183452353101824,17814311.11471286958568801139163136,0.39982736,97105928670.34611164,0.00045882891331354604
2014-12-29,0.000178259788128929,17313875.86195490879182584038505498,0.38888988,97127209920.34611162,0.00045838114411444445
2014-12-30,0.000177376173759127,17231858.13679819186588960272298193,0.38725972,97148663045.34611159,0.0004580289779663297
2014-12-31,0.000187021115837441,18172872.31884670386881476051953883,0.40835382,97170163045.34611163,0.0004579879180203114
2015-01-01,0.00018132243335213,17622929.6842167071390258260771441,0.39607505,97191116170.34611157,0.00045779817070560247
2015-01-02,0.000183629774950259,17851113.61439516382670394281041735,0.4011971,97212522420.34611165,0.000457704641808874
2015-01-03,0.000166309573349733,16170933.1922836331580725034482028,0.3638839,97233928670.3461116,0.0004570402080161639
2015-01-04,0.000156921119301357,15261433.17697648724951428736042763,0.34429009,97255444295.34611159,0.00045578169067066963
2015-01-05,0.000160609064128174,15623533.88935778358067627875590884,0.35268899,97276788045.34611166,0.00045538440008624596
2015-01-06,0.00017050211036736,16589510.1649532970112539079720704,0.37459913,97297975545.34611164,0.0004551588530580944
2015-01-07,0.000175285870240575,17058734.44000579547196634150057575,0.38529456,97319506795.34611161,0.0004549399042659075
2015-01-08,0.000167659109506692,16320064.60301520716129466747389412,0.36880596,97340756795.34611161,0.00045459978332967286
2015-01-09,0.000172116665042394,16757664.25129324447304313375432252,0.37879099,97362241170.34611158,0.00045438426358133276
2015-01-10,0.000154454197110303,15041315.48732921843141848749229965,0.34058445,97383663045.34611155,0.0004534975014575769
2015-01-11,0.000160609521241508,15644143.9031649090102314923202928,0.35429709,97404834920.3461116,0.0004533187705309914
2015-01-12,0.000157048030220092,15300623.80630520940911992499866904,0.34663721,97426397420.34611162,0.00045306166126854073
2015-01-13,0.00013369238530324,13028060.649403202873835540146746,0.29584598,97448038045.34611165,0.00045189860380472297
2015-01-14,0.000113996014366943,11111182.05313546119809674130126748,0.25314515,97469916951.39057636,0.0004503187770610775
2015-01-15,0.000143086964741885,13949698.95917803228311955916727175,0.31780843,97491053670.34611155,0.0004502302369445801
2015-01-16,0.000140554972366441,13705889.65971669520665209940448001,0.31253758,97512663045.34611161,0.0004497218298242439
2015-01-17,0.000135983160461397,13262999.4943895933570579658539052,0.30277081,97534131795.3461116,0.00044912903083820063
2015-01-18,0.000137585856820822,13422264.4393642562555583656157352,0.30656682,97555553670.3461116,0.00044879565512282767
2015-01-19,0.000141210489052611,13778892.43703298835934919623949204,0.31473694,97576975545.34611164,0.000448661949412773
2015-01-20,0.000142861923728251,13943094.80826501535994203681707168,0.31854253,97598397420.34611168,0.00044848618402149
2015-01-21,0.000156814393706688,15308160.92363242141363081927384896,0.3495658,97619616170.34611167,0.0004485976422942061
2015-01-22,0.000155139349559413,15147976.82887024171423044622408493,0.34601857,97641100545.34611161,0.0004483555595279553
2015-01-23,0.000155511507657228,15187650.9629304698501604154346448,0.34696237,97662553670.3461116,0.00044820856987236974
2015-01-24,0.00016688502301578,16302039.4435706997062325293616792,0.3725613,97684256795.34611164,0.00044793976995404514
2015-01-25,0.000167377513595457,16353757.09746205867062981010309206,0.37354709,97705819295.34611158,0.00044807607414491427
2015-01-26,0.000164736931479105,16099319.29451048320853666771290905,0.3678946,97727444295.34611161,0.00044778295598550504
2015-01-27,0.000157871153997367,15431706.57035247877904584200820986,0.35308035,97748741170.34611158,0.0004471252903124374
2015-01-28,0.000142264416614731,13909184.08763216170984459196383229,0.31861801,97769944295.34611159,0.000446504629837877
2015-01-29,0.000142569370862703,13942026.81895342601807682497251965,0.31958152,97791178670.34611155,0.00044611268781343487
2015-01-30,0.00014048876233059,13741553.6298567763735435854804558,0.31509194,97812475545.34611162,0.0004458659346557388
2015-01-31,0.000135669185596869,13273040.94712392999320597557264302,0.30472754,97833866170.34611158,0.0004452147173729981
2015-02-01,0.000143437790243977,14036128.35118852515018052807471274,0.32217643,97855163045.34611162,0.0004452150340233673
2015-02-02,0.000149791205144127,14661079.69646109615674943818089701,0.33644434,97876772420.34611163,0.00044521838335615036
2015-02-03,0.00014310577194557,14009792.1946575292902958509067006,0.32181805,97898163045.34611158,0.00044467913451582336
2015-02-04,0.000144270788142047,14126879.33522381604245355415160426,0.32450026,97919194295.34611158,0.0004445937520729475
2015-02-05,0.000139305596593081,13643643.31655481967271395695011636,0.31524973,97940381795.34611156,0.0004418896618661053
2015-02-06,0.000142547677258404,13964243.16440383404955784659447044,0.32268643,97961913045.34611161,0.0004417529341361023
2015-02-07,0.000144550566952168,14163537.5801897568816152819899488,0.32727578,97983272420.3461116,0.0004416781680336015
2015-02-08,0.000141870246572704,13903954.57840843535081346049494752,0.32141282,98004725545.34611163,0.00044139573080098047
2015-02-09,0.000139754456408895,13699588.76292529432022888246677095,0.31676431,98026131795.34611161,0.00044119382139008967
2015-02-10,0.000140635847252162,13788998.54335207824855099033832244,0.31886914,98047537756.34611162,0.0004410456504262595
2015-02-11,0.000139842210542648,13714173.58577592999287530118922272,0.31721094,98068913045.34611164,0.0004408492675020856
2015-02-12,0.000140208115301374,13753050.03470327213005419188432466,0.3182746,98090256795.34611159,0.0004405256193908467
2015-02-13,0.000143989383507796,14127035.62698988037351489839126748,0.32694255,98111647420.34611163,0.0004404118812549666
2015-02-14,0.000153936839521087,15106316.18719746216494799505052007,0.34940213,98133209920.34611161,0.0004405721267958126
2015-02-15,0.000141697262062046,13908251.44018766951689851141971314,0.32205796,98154694295.34611159,0.00043997441349391276
2015-02-16,0.000141841859511392,13925454.06558062029326952169846112,0.32252967,98175913045.34611161,0.0004397792597232744
2015-02-17,0.000147734466603946,14507121.66298221022010341365033414,0.33607229,98197272420.34611159,0.00043959133495935054
2015-02-18,0.000143265160866477,14071337.18498133435759594213216843,0.32603951,98218834920.34611159,0.0004394104287130017
2015-02-19,0.000144286610076957,14174773.91639477173660898391194034,0.32845612,98240397420.34611162,0.0004392873242153533
2015-02-20,0.000144832419428951,14231490.23701569770320016951122111,0.32979105,98261772420.34611161,0.00043916419026214027
2015-02-21,0.000145292973160123,14279837.07902052588894596856972065,0.33094093,98283053670.34611155,0.00043902992948053596
2015-02-22,0.000141598456223546,13919795.16422451706918541233926268,0.32265322,98304709920.34611158,0.00043885647948452516
2015-02-23,0.00014236356211392,13998025.0048083699500804413700544,0.3244451,98325897420.34611157,0.0004387909144379742
2015-02-24,0.000142207242081781,13985718.81903275631793241449848427,0.3241753,98347444295.34611167,0.00043867389675209987
2015-02-25,0.000142773495046802,14044075.53832186229683862917050726,0.32559599,98366125545.34811163,0.0004384989355882484
2015-02-26,0.000141826159699587,13952736.40722447543620593876128855,0.32351742,98379145545.35531165,0.0004383880153952359
2015-02-27,0.000146232741251545,14388150.23606446863566168054990655,0.33358227,98392125545.36211159,0.00043837084402460904
2015-02-28,0.000146304931263235,14397156.5919146974082379981775554,0.33495523,98405135545.37011164,0.0004367895114318262
2015-03-01,0.000148073019957617,14573079.43318320353221787467140486,0.33905962,98418195545.37661158,0.0004367167637290958
2015-03-02,0.000151242170663036,14886959.77461527548295649579835688,0.34633082,98431275545.38391158,0.00043669856082411605
2015-03-03,0.000143658251035083,14142326.7029365942215654574433628,0.32922452,98444235545.3908116,0.0004363534375722774
2015-03-04,0.000142505849186628,14030746.21054964605263685368675108,0.32677218,98457335545.39751161,0.0004361015346735698
2015-03-05,0.000140650775865928,13849912.21614642156683218962852768,0.32267643,98470215545.40531156,0.0004358879756601001
2015-03-06,0.00014106499016155,13892523.95744202801859617831898,0.32373893,98483145545.4119116,0.00043573687650586235
2015-03-07,0.000140531027201009,13841782.7778713145372738830000044,0.3227353,98496275545.4187116,0.0004354374225596301
2015-03-08,0.000139775393139046,13769175.51271223988208491892111452,0.32122882,98509295545.42491162,0.0004351271879622943
2015-03-09,0.000144436290037477,14230203.52073541964003656360483228,0.33203258,98522355545.43181164,0.0004350063781014411
2015-03-10,0.000140745772255226,13868405.15407414508853709081371708,0.32372753,98535145545.44071158,0.0004347661511988987
2015-03-11,0.000144325178201415,14222971.45100695704861095813684325,0.33210074,98548095545.44871155,0.0004345825251741836
2015-03-12,0.000144319449595518,14224254.19676187093974800816774326,0.33225067,98560895545.45821157,0.00043436917552496727
2015-03-13,0.000139449418485313,13746043.12726935285725883218863706,0.32106257,98573685545.46611162,0.0004343372025126224
2015-03-14,0.000142699848161603,14068287.93411304902084966189144671,0.32858624,98586565545.47391157,0.0004342843089278572
2015-03-15,0.000142718828685539,14071978.82384717801588722624849701,0.32880868,98599315545.48291159,0.0004340482394976282
2015-03-16,0.000143730090395993,14173546.96640543924054219903693901,0.33117566,98612245545.49211157,0.00043399955901346444
2015-03-17,0.000138282087499784,13638046.75573413823740627816429008,0.31877251,98624825545.50271162,0.00043379552239239193
2015-03-18,0.000126957126417956,12522682.20867186510350372627580784,0.29287911,98637095545.51431164,0.00043347962378728893
2015-03-19,0.000132856094827761,13106205.3347604394741558817358276,0.30670089,98649635545.5258116,0.00043317805444829645
2015-03-20,0.000133932415448081,13214105.00322493533603268753754365,0.30931782,98662485545.53541165,0.0004329928855960545
2015-03-21,0.000130658917891128,12892817.79128125880357073365599608,0.30189094,98675375545.54251161,0.0004328017193597396
2015-03-22,0.000133670921148307,13191724.62781848925188074353012734,0.30891439,98688065545.55241162,0.00043271186281839124
2015-03-23,0.000133818928485015,13208044.0678504029756686722594737,0.30941595,98700865545.56021158,0.0004324887856783563
2015-03-24,0.00012790362125936,12625831.4539549428163257289377632,0.29586717,98713635545.56891162,0.0004323008235734975
2015-03-25,0.000123349215117464,12177851.77224262144016295806570632,0.2854931,98726625545.57641163,0.00043205672962836575
2015-03-26,0.000129724459230182,12808888.74697453528594615981050756,0.30044807,98739195545.58751158,0.0004317699868405944
2015-03-27,0.000127894572344491,12629895.39629776409580015329698542,0.29629473,98752395545.59401162,0.00043164646345377454
2015-03-28,0.000128183741360831,12660119.19985507044884276071054791,0.29706384,98765405545.60231161,0.00043150233754748134
2015-03-29,0.000125732488504754,12419652.22513146886913221767699394,0.29152875,98778385545.60921161,0.00043128675475318987
2015-03-30,0.000127967862713543,12642099.4285671559660702828854988,0.29680879,98791205545.6188116,0.0004311457983220208
2015-03-31,0.000124677593202859,12318643.11667901973948901647687876,0.2893461,98803985545.62841164,0.00043089432759888245
2015-04-01,0.00012625578431351,12476174.3491524846173971831029862,0.29308879,98816655545.63801162,0.0004307765722241032
2015-04-02,0.000129673005849109,12815550.17220641863503762312132876,0.30109096,98829745545.64531164,0.0004306771809060923
2015-04-03,0.000127107713901361,12563677.96419624165820431008341482,0.2951937,98842765545.65361162,0.00043059087609715593
2015-04-04,0.000128696223698657,12722326.39466175073498302410369434,0.29907805,98855475545.66291162,0.0004303098261428981
2015-04-05,0.000127320322546245,12587949.64448838739380979456075425,0.29609091,98868345545.67061165,0.00043000415833854887
2015-04-06,0.000123321448473207,12194126.63251982198696533991232948,0.28686688,98880825545.68061164,0.00042989085555365266
2015-04-07,0.000122169182143076,12081738.69177857737668058768797388,0.28435508,98893505545.68901163,0.00042963601052274506
2015-04-08,0.000116619752794798,11534441.73075877475143736569704872,0.27159958,98906415545.69721164,0.0004293811971093549
2015-04-09,0.000115961490521012,11470798.80278099037255568592135944,0.27017328,98919035545.70561162,0.0004292115434990906
2015-04-10,0.000113253389918681,11204363.48136170752493598898128641,0.26401283,98931815545.71341161,0.00042896926607195957
2015-04-11,0.000116089593039228,11486436.66943797263633057378625252,0.27067335,98944585545.72221159,0.0004288918470888545
2015-04-12,0.000113700245691078,11251474.5014865419081196762501048,0.26518138,98957345545.7312116,0.00042876406213391747
2015-04-13,0.000107714249703304,10660487.43048879745534543948599248,0.25147493,98970075545.74091162,0.00042832997191133133
2015-04-14,0.000103623320442165,10256937.3396637734377433996384573,0.24208417,98982905545.74971162,0.000428046660143722
2015-04-15,0.000104608430925786,10355815.76197779318255353594337546,0.24451639,98995995545.75751161,0.0004278176645982137
2015-04-16,0.00010693571986882,10587573.6169597329269634547596884,0.25002815,99008765545.76621162,0.00042769472104968974
2015-04-17,0.000104066977114076,10304894.76817767148670056607436312,0.24338558,99021755545.77381162,0.0004275807018397557
2015-04-18,0.000104997080739334,10398328.72491656269124197752045442,0.24564684,99034455545.78301163,0.00042743102552971575
2015-04-19,0.000106526655515584,10551173.93655697658851224968144192,0.24928301,99047265545.79031163,0.0004273321937005815
2015-04-20,0.000105958964361454,10496304.07398982780777739639022278,0.24805461,99060085545.79831157,0.0004271598272713174
2015-04-21,0.00011035428376095,10933116.2209952931356186519541915,0.25852412,99072875545.80721157,0.00042686262218376373
2015-04-22,0.00010915012263353,10815219.0945580812135144405172774,0.25584179,99085725545.81571158,0.000426631328031007
2015-04-23,0.000111366830076476,11036289.76895952201546341263319208,0.26117694,99098535545.82511158,0.00042640376319776156
2015-04-24,0.000104642659569116,10371277.93066955880657468820076328,0.24570948,99111375545.83441158,0.0004258796183570776
2015-04-25,0.0000997229640088861,9884947.615301969196572419728432177,0.23429062,99124085545.84421157,0.00042563788515684537
2015-04-26,0.0000976203506666416,9677776.554781367610823114847016144,0.22947168,99136875545.85291159,0.0004254135005532779
2015-04-27,0.0001048306430717,10393925.296129406352894545359569,0.24664408,99149685545.86061157,0.00042502801231515463
2015-04-28,0.000100610468150802,9976799.18533723043032696177011924,0.23697669,99162635545.86891162,0.00042455850046180493
2015-04-29,0.0000988825712129229,9806715.146157942680953078588234869,0.2329694,99175365545.87801161,0.0004244444601433618
2015-04-30,0.000103255118174229,10241681.62472086702417443545391411,0.24340331,99188125545.88741159,0.0004242141085683223
2015-05-01,0.0000969617366464654,9618704.68365790935036700291625864,0.22913786,99201035545.8969116,0.00042315895176146535
2015-05-02,0.0000986444458677655,9786870.1551746341199160932042298,0.23317725,99213595545.9073116,0.0004230448976809079
2015-05-03,0.0000916532787670865,9094410.7440314078516687383138534,0.21687154,99226245545.9181116,0.00042261552053850167
2015-05-04,0.0000839442186421592,8330536.582166881534779664300493088,0.19878122,99238955545.92781164,0.00042229451374812567
2015-05-05,0.0000893629637475378,8869415.841027376724116780045652346,0.21169226,99251585545.93881157,0.00042213618838751033
2015-05-06,0.0000872797683786674,8663763.850724410541992549304441818,0.20682881,99264285545.94991157,0.00042199038121752675
2015-05-07,0.0000808648905800676,8028029.851133185492098207268266864,0.19171222,99277075545.96031164,0.00042180352707859523
2015-05-08,0.0000884340232136995,8780604.927598101752084023691827205,0.20973973,99289895545.96991159,0.00042163696507905056
2015-05-09,0.0000918600600558206,9121941.471951958970330809287664342,0.21791288,99302585545.97971157,0.000421544885533249
2015-05-10,0.0000906388648293422,9001860.997636253209467849531456098,0.21506731,99315685545.98791159,0.00042144417405575113
2015-05-11,0.0000913889422329955,9077527.969322316366441405649257935,0.21700297,99328515545.99701157,0.000421141435220889
2015-05-12,0.000110896232609524,11016575.4186013864254970306412022,0.26350542,99341295546.00631155,0.00042084991120685107
2015-05-13,0.000108895465598121,10819227.91683801115288013459735997,0.25881861,99354255546.01511157,0.00042074047765777354
2015-05-14,0.000114226273103939,11350306.72134268536606277659421362,0.27148847,99366865546.02541158,0.00042074078911689695
2015-05-15,0.000116927542006215,11620208.3249434875991389483074697,0.27795793,99379565546.03571158,0.00042066632891608815
2015-05-16,0.000118050366046021,11733305.13489053952310727209746297,0.28113269,99392365546.04501157,0.00041990978013272306
2015-05-17,0.000114828099686268,11414524.63114809822364681357412076,0.27351389,99405325546.05301157,0.00041982547828290555
2015-05-18,0.000113587280584238,11292654.96726989157785631637659128,0.27063082,99418305546.06061156,0.0004197130267138015
2015-05-19,0.000117080214873107,11641418.71481089256645753396368585,0.27894881,99431135546.06991155,0.0004197193559388441
2015-05-20,0.000134891686487833,13414183.10838450303207630093650614,0.32126023,99444105546.07781158,0.0004198829294489175
2015-05-21,0.000130479938870517,12977120.51750927643877764199427652,0.31079525,99456825546.08831156,0.00041982603939576615
2015-05-22,0.000127095916494366,12642189.57692846365633561415678364,0.3027661,99469675546.09731154,0.00041978252021730966
2015-05-23,0.000135365241086065,13466489.5909232607390936261711901,0.3225424,99482625546.10521154,0.0004196820048652983
2015-05-24,0.000137848885190956,13715340.38557599223582359013923224,0.32829273,99495475546.11511154,0.00041989624683725415
2015-05-25,0.000139396286573482,13871078.51860925993320136531751264,0.33194728,99508235546.12551152,0.0004199350167095268
2015-05-26,0.000153739342913361,15300277.08741230872812745786325316,0.36579896,99520895546.13681156,0.00042028370696669284
2015-05-27,0.000182018103475305,18116905.37230177174138637494077885,0.43357729,99533535546.14831157,0.00041980543647778456
2015-05-28,0.000182663163471525,18183402.89706887567041167161747475,0.43559381,99546085546.16131159,0.00041934288155179474
2015-05-29,0.000171202033395117,17044635.71148702129778238883945486,0.40854412,99558605546.17201158,0.00041905396507754654
2015-05-30,0.000160811026544991,16012115.6159990683092494352532956,0.38383043,99571005546.1854116,0.0004189637245410454
2015-05-31,0.000152097565016067,15146430.00299954922349158593113452,0.36315689,99583645546.19621156,0.0004188205406651296
2015-06-01,0.000146473739561627,14588247.71408726109784333582134066,0.35006245,99596335546.20511158,0.00041842174035411963
2015-06-02,0.000161062232057967,16043255.20883715088666153764363753,0.38487725,99609045546.21541159,0.0004184768833646754
2015-06-03,0.000151655067774259,15108136.50640054347150229025926181,0.36255089,99621705546.22841159,0.0004183000840909783
2015-06-04,0.000148096489820835,14755513.13160805270594244095906095,0.35411717,99634455546.23921157,0.00041821324230292194
2015-06-05,0.000151888927824708,15135334.5511550520969177005878128,0.36333202,99647385546.2489116,0.00041804443171484856
2015-06-06,0.000155070453610749,15454362.58522608490160428626736593,0.3709451,99660265546.25901157,0.0004180415204588199
2015-06-07,0.000155191602256466,15468453.7822593398063052415443823,0.37133727,99673265546.26671155,0.0004179262756374172
2015-06-08,0.000156608664571386,15611734.4893972949921145915337083,0.37475244,99686275546.27471155,0.00041789898571810766
2015-06-09,0.000159314495960736,15883530.27243686859387705862731552,0.38121193,99699215546.28311157,0.00041791581905827556
2015-06-10,0.000153052857954611,15261215.07388886727137058972264149,0.36638287,99712055546.29171159,0.0004177402124575611
2015-06-11,0.000155416395989309,15498865.20624903219350251483409131,0.37210882,99724775546.30201159,0.00041766383282532506
2015-06-12,0.000157370451251264,15695753.5652482363589280231354624,0.37679581,99737615546.3122116,0.00041765446184569835
2015-06-13,0.000162609683281347,16220391.60965428956772830056071173,0.38930386,99750465546.32171159,0.0004176934779977444
2015-06-14,0.000163676823976654,16328945.91154078820746166883535294,0.39187209,99763335546.33161161,0.0004176792074593881
2015-06-15,0.000165174359602194,16480464.24767918792800753753002846,0.39550266,99776165546.33991159,0.000417631475859591
2015-06-16,0.000186595154915184,18620146.81470481031064880314592704,0.44656909,99789015546.34961156,0.0004178416265111049
2015-06-17,0.000196834769011058,19644445.65812739893011827402805164,0.46911848,99801705546.36001158,0.00041958434255469525
2015-06-18,0.000198663422345454,19829461.47204825161513402429224824,0.47365493,99814355546.37221156,0.00041942648489999676
2015-06-19,0.000198933635247751,19858937.17322133875338319354987907,0.47419454,99826945546.38341157,0.00041951903378674714
2015-06-20,0.000202375305654093,20205054.4988112561936549940945788,0.48233678,99839525546.3947116,0.00041957261823179437
2015-06-21,0.000200544170220348,20024733.58625789463067897705904028,0.47787913,99851985546.40461161,0.00041965458968745505
2015-06-22,0.000197814411454676,19754675.97461454833581925170249484,0.47170592,99864695546.41531159,0.00041935961171459544
2015-06-23,0.000187399675084816,18716985.85172759313788888813496928,0.44703483,99877365546.42581158,0.0004192059824171106
2015-06-24,0.000182116960464152,18191680.58139083501032539820352168,0.43453553,99890095546.43701159,0.00041910717971474504
2015-06-25,0.000182452328274154,18227455.68451115768597524765904486,0.43530987,99902565546.45041159,0.00041913207314631763
2015-06-26,0.00018323569975073,18308041.7658286253173732939864534,0.43731302,99915255546.46011158,0.00041900353149954233
2015-06-27,0.000195594952431019,19545438.91873218162641086445033059,0.46678517,99928135546.46981161,0.00041902563534959553
2015-06-28,0.000187835479596609,18772432.8978041620819153286233644,0.44862557,99940825546.4803116,0.0004186909800897194
2015-06-29,0.000198198756737024,19810618.90908317329309905117216768,0.47321738,99953295546.49271157,0.00041883236988680343
2015-06-30,0.00019876529602851,19869719.0186085153626812898348607,0.47457709,99965735546.50351157,0.00041882615114966886
2015-07-01,0.000188231946546203,18819065.88974461936760188739001683,0.44957309,99978065546.51621161,0.00041869042149787707
2015-07-02,0.000188928663006164,18891093.30836887477744184232685584,0.45125092,99990615546.52791156,0.00041867762398393343
2015-07-03,0.000190212639796086,19021868.00869859973468514200535416,0.45432004,100003175546.53911156,0.0004186754337230777
2015-07-04,0.000193397545121359,19342832.53976753081539462819901004,0.46211644,100015915546.54791156,0.00041850392754120365
2015-07-05,0.000197327315987094,19738405.85353139487488469784400664,0.47149886,100028755546.55781156,0.0004185106958415424
2015-07-06,0.00018674080132378,18681825.3091796203082176818110858,0.44640223,100041475546.56891161,0.00041832407809383026
2015-07-07,0.000184899614496702,18499935.96043689839348275688937618,0.442086,100053945546.58131159,0.00041824354197305953
2015-07-08,0.000187279633120629,18740461.52074473784372068584198382,0.44779513,100066735546.59191158,0.0004182261498034358
2015-07-09,0.000192741207343887,19289460.14872754795932087194617259,0.46069644,100079585546.60021157,0.00041836921367112586
2015-07-10,0.00020242063660908,20260845.370320292498674083486874,0.48369746,100092785546.60691155,0.0004184860441671122
2015-07-11,0.00019916659195977,19937754.0344316090874442679843435,0.47590998,100105915546.61371155,0.00041849635504548577
2015-07-12,0.000211893331294267,21214555.96794249065257039615512652,0.50688997,100119035546.62021156,0.0004180262854565203
2015-07-13,0.000192577214560114,19283177.38038591670668989621832126,0.46097195,100132185546.62691159,0.0004177634117653232
2015-07-14,0.000190768584705586,19104582.01941140248658652865743002,0.45692598,100145325546.63331157,0.0004175043509357599
2015-07-15,0.000188689586105774,18898868.84346402674095099011346292,0.45200518,100158515546.63891158,0.0004174500524657129
2015-07-16,0.000172929670154603,17322644.43533512749064773998246465,0.41464815,100171615546.64561155,0.00041705158977461493
2015-07-17,0.000177773743895837,17810187.0755437377114694648342092,0.42626141,100184575546.6525116,0.0004170533379876846
2015-07-18,0.000181674499612081,18203320.78209811872679280513161879,0.43560466,100197445546.65961159,0.0004170628009628754
2015-07-19,0.000173675246273297,17404044.28468248433425257404411223,0.41657805,100210275546.66781159,0.0004169092593171843
2015-07-20,0.000175425842969694,17581770.14054353979521861171355346,0.42083217,100223375546.67421159,0.0004168546405796258
2015-07-21,0.000173789973491385,17420123.972422786632572298607566,0.41703424,100236645546.6795116,0.0004167283086668975
2015-07-22,0.000186883065623887,18734972.3004566144199191625529892,0.44826074,100249705546.6857116,0.0004169070564240959
2015-07-23,0.000178379484286058,17884793.65439057896245144091310932,0.42797671,100262615546.69401154,0.00041679717638386905
2015-07-24,0.00018893702521699,18945780.2921733353441643898724409,0.45315141,100275635600.88090291,0.0004169401684461051
2015-07-25,0.000189006475610166,18955216.66895370573386256381662394,0.45337923,100288715546.70781159,0.0004168838427163194
2015-07-26,0.000189617331552499,19018964.51001209019827468809891343,0.4549872,100301825546.71351157,0.0004167531120710627
2015-07-27,0.000187226115514003,18781485.84191515642030736311207468,0.44927985,100314455546.72341156,0.00041672493327711676
2015-07-28,0.000190208571319081,19083168.61282195656943018431377636,0.45645287,100327595546.72921156,0.0004167102100137545
2015-07-29,0.000185641753356013,18627400.37724770444974947717391028,0.44557168,100340575546.73681156,0.00041663723636119107
2015-07-30,0.000187054416918941,18771596.39452450732052284215316855,0.44921087,100353665546.74341155,0.0004164067020883555
2015-07-31,0.000185445845435036,18612558.89231136303016351527941616,0.44539177,100366545546.75141156,0.0004163656760766729
2015-08-01,0.000177112613283522,17778455.29398059781137037299451432,0.42546688,100379385546.75851156,0.00041627826185559267
2015-08-02,0.000174805579525567,17549150.88351238438034172143281019,0.42007282,100392395546.76601157,0.00041613161148004534
2015-08-03,0.000177625017750981,17834497.73253854673647628967315998,0.42702279,100405325546.77281158,0.00041596144728242964
2015-08-04,0.000175062539636188,17579488.77735860150046334927509516,0.4211133,100418335149.78131157,0.000415713632497924
2015-08-05,0.000173992551909815,17474276.52468836035795419362916695,0.418612,100431175546.78861153,0.00041564157718798075
2015-08-06,0.000171695451281203,17245792.59648505552543419999421871,0.41317869,100444085546.79691157,0.0004155476926489191
2015-08-07,0.000171394159480379,17217774.88055888248070473334718882,0.41251674,100457185546.80361158,0.00041548413157822155
2015-08-08,0.000157680982087802,15842194.95369995485528161144126914,0.37973052,100469915546.81271157,0.0004152444267260951
2015-08-09,0.000165315300973981,16611370.03897772031832857309679998,0.39812357,100482955546.82011158,0.0004152361563872769
2015-08-10,0.000162522267847314,16332832.23017594038316884461453042,0.39146903,100495965546.82751153,0.00041515996258328274
2015-08-11,0.00016539593496785,16623780.945107763895306230828346,0.39848536,100509005546.83601156,0.0004150615093308572
2015-08-12,0.000161330897677472,16217282.80488674732601434152122688,0.38884131,100521865546.84561154,0.0004149016411797193
2015-08-13,0.00015738075348735,15822226.1367853723774701020986395,0.37942355,100534695546.85501157,0.0004147891017501418
2015-08-14,0.000158412962336785,15928025.0409940087423417339204703,0.38201075,100547485546.86531158,0.0004146819489681508
2015-08-15,0.000152638187972734,15349316.87216785397824266298905972,0.36821398,100560135546.87721158,0.00041453664516685106
2015-08-16,0.000148747370740497,14959944.85168820226783115343257776,0.35904731,100572835521.15455408,0.00041428348464857457
2015-08-17,0.000150320633413741,15120048.34513068926270937760092078,0.36293438,100585315546.89781158,0.00041418130024976137
2015-08-18,0.000124227044108709,12497023.92908479715122134295967604,0.30021905,100598255546.90701156,0.0004137880128150062
2015-08-19,0.000129847382568564,13064057.5492246675392982192961142,0.31399207,100610865546.91531155,0.0004135371398665068
2015-08-20,0.000137043060884767,13789820.34820546634942045942435419,0.33146713,100623995546.92281157,0.00041344389377241414
2015-08-21,0.000143228763709698,14414113.88793286285889740714040586,0.34649972,100637005546.93041157,0.0004133589594522558
2015-08-22,0.000145493822567344,14643965.6879542665789429269968232,0.3521843,100650085546.93851155,0.0004131184228466289
2015-08-23,0.000140682936114205,14161588.28086525828099565720806775,0.34073401,100663155546.94581155,0.0004128819900138674
2015-08-24,0.000129847515057622,13072533.0416247468003293592547341,0.31476398,100676035546.95361155,0.00041252342487733826
2015-08-25,0.000130392620994604,13129082.47578932953639613554853016,0.31624204,100688845546.96271154,0.0004123190610413593
2015-08-26,0.00013409001809919,13503097.5421131074804518032026364,0.32527928,100701735546.97041156,0.0004122304319512451
2015-08-27,0.000130741169877436,13167562.3493084028279217862871858,0.31725277,100714735546.97731155,0.0004121041082712564
2015-08-28,0.000132474370003004,13343835.35995380424567337217386616,0.3215497,100727675546.98481154,0.0004119872293552256
2015-08-29,0.000130247907413324,13121266.0888375640544029933642922,0.31630961,100740705546.99211155,0.0004117734754038108
2015-08-30,0.000129566464535485,13054249.58998859799813575264585175,0.31474895,100753305547.00261155,0.00041165018830240736
2015-08-31,0.000127311664837827,12828741.39614681227419744371230185,0.30935269,100766425547.01021155,0.00041154212959268916
2015-09-01,0.000127450545635073,12844381.30420768111253530492844388,0.30981561,100779335547.01901156,0.0004113754811614334
2015-09-02,0.000126215830881433,12721603.52344782641556603767726548,0.30690504,100792455547.02631156,0.00041125369228681613
2015-09-03,0.000121312746603936,12228986.68507168383026753695910016,0.29514902,100805455547.03411156,0.00041102202068614695
2015-09-04,0.000124340831880569,12535830.73710040577576031206327764,0.30261301,100818295547.04311156,0.00041089056904912647
2015-09-05,0.000130246820140481,13132928.26381628450639319203934593,0.31703816,100831085547.05161153,0.0004108237952821862
2015-09-06,0.000130699330410432,13180247.92188648082605599764038528,0.31826893,100844035547.05951154,0.0004106568945024951
2015-09-07,0.00012991114858528,13102457.2281602558876740187381312,0.31644638,100857065547.06631154,0.0004105313152429805
2015-09-08,0.000130921985847068,13206131.5506841511900589520160354,0.31898829,100870235547.07181155,0.00041042881494824773
2015-09-09,0.000128790643315332,12992807.7904956233345210869848846,0.31385298,100883165547.08041155,0.0004103534187100342
2015-09-10,0.000127089209310882,12822848.21596546559272800985857828,0.30977183,100896435547.08551154,0.0004102671611904865
2015-09-11,0.000128257891763189,12942437.87517808890428530416623295,0.31266327,100909485547.09261155,0.00041021093319720293
2015-09-12,0.000126740941805536,12790993.12386321050294821342559616,0.30904098,100922345547.10011156,0.00041011047080402087
2015-09-13,0.000122525348023664,12367146.9178223713942364978893192,0.29887585,100935415547.10651155,0.0004099539926817908
2015-09-14,0.00012261047176214,12377329.175557897075156298244717,0.29959594,100948385547.11281155,0.0004092527814700693
2015-09-15,0.000124353188532861,12554891.35152182118736355829964455,0.30390251,100961555547.11911155,0.0004091877639735881
2015-09-16,0.000121803639778391,12299078.13493646391443689874994823,0.29803063,100974635547.12611153,0.0004086950384206851
2015-09-17,0.000125163472517915,12639985.67587772669703497736191825,0.30640786,100987815547.13201155,0.0004084864941712494
2015-09-18,0.000125194371622232,12644742.39936300485676795609895728,0.30652051,101000885547.13871154,0.00040843717642983173
2015-09-19,0.000125450149081628,12672215.78271443592588097041558712,0.30719518,101013955547.14621154,0.000408372778119852
2015-09-20,0.00012712641671105,12843191.0361438128846271341134065,0.31133599,101026925547.15471153,0.00040832547727954614
2015-09-21,0.000127509083540025,12883510.85765269619200713594478875,0.31232252,101039945547.16231155,0.0004082609334095569
2015-09-22,0.000125582560291954,12690466.27782179795303327433994916,0.30774237,101052775547.17021154,0.0004080769258128285
2015-09-23,0.000121331503882347,12262492.87105045812838753268433744,0.29758601,101066025547.17511152,0.00040771911247557304
2015-09-24,0.000123410652978316,12474249.52500061073546043652038348,0.30277247,101079195547.18191153,0.000407601962550677
2015-09-25,0.000122628907293349,12396818.11810293680274810572311397,0.30092183,101092135547.18921153,0.0004075108385900385
2015-09-26,0.000121260975049222,12260114.59459529531506575326882188,0.29771822,101105195547.19641154,0.00040730115560015775
2015-09-27,0.000119513653809412,12085019.3580993636234612808407086,0.29365077,101118315547.20351155,0.0004069924754817159
2015-09-28,0.000124349143614383,12575580.04597741414567659038257982,0.3055512,101131215547.21221154,0.00040696663477146546
2015-09-29,0.000121059539531057,12244502.42526114428415115885328721,0.29756646,101144465547.21861153,0.000406831937749493
2015-09-30,0.000121262453270178,12266625.4787159897890005671069559,0.29810657,101157655547.22381155,0.00040677551410617344
2015-10-01,0.00012264922930731,12408494.3459373310049381873434305,0.3015563,101170585547.23241155,0.00040672083225357916
2015-10-02,0.00012118265282678,12261681.9890481334370790527870412,0.29799745,101183475547.23971154,0.00040665667718559333
2015-10-03,0.000122519195299047,12398613.66727154755236840431690238,0.30133419,101197315547.23971154,0.0004065890939858069
2015-10-04,0.00012146369416654,12293482.0582689743773801303198716,0.29884014,101211165547.23971154,0.0004064503990880877
2015-10-05,0.000117582622307702,11902261.61726454218243778537720406,0.28935405,101224665547.23971153,0.0004063624556411152
2015-10-06,0.000119588044294368,12106906.5145158224985585676095504,0.29433396,101238435547.23971155,0.00040630053118698227
2015-10-07,0.000117657702395937,11913105.39694044328998330777197235,0.28965458,101252235547.23971155,0.00040620004142843865
2015-10-08,0.000116809416210973,11828801.96429530613134175846483815,0.28760763,101265825547.23971155,0.00040614157632387214
2015-10-09,0.000118598142365669,12011568.33350464046779561248815019,0.29204363,101279565547.23971151,0.00040609734362522816
2015-10-10,0.000118133615133858,11966166.81854077512037715810464416,0.29093625,101293495547.23971152,0.000406046393785092
2015-10-11,0.000121662104653371,12325247.84342884489026517458900021,0.29965393,101307205547.23971151,0.00040600870695529
2015-10-12,0.000118377411245841,11994117.15773362011837230320208037,0.29161981,101320995547.23971157,0.0004059306233202778
2015-10-13,0.000118962259198337,12055005.50709788879224002893572561,0.29310391,101334705547.23971153,0.000405870597899349
2015-10-14,0.000119696743375171,12131075.28723814252087098403817334,0.29504095,101348415547.23971154,0.0004056953564417787
2015-10-15,0.000118527966534306,12014256.10694667452038638895409124,0.292238,101362205547.23971154,0.00040558711233414546
2015-10-16,0.000119251467834233,12089233.88713564761050225545714882,0.29410946,101375975547.23971154,0.0004054662771956842
2015-10-17,0.000120663163785391,12234019.53944208169660951366825823,0.29761627,101389845547.23971153,0.00040543201413481523
2015-10-18,0.000117328822117882,11897559.7309228546428010057769371,0.28946056,101403555547.23971155,0.0004053361263374949
2015-10-19,0.000116233941334582,11788149.41604102511008393630647628,0.28682742,101417445547.23971154,0.00040523999182010565
2015-10-20,0.000116472239557603,11813917.34166978282631072053826259,0.28747603,101431185547.23971153,0.000405154612569274
2015-10-21,0.000115753003527701,11742564.08497728584620775770992356,0.28626024,101445005547.23971156,0.0004043628396584206
2015-10-22,0.000119061966160507,12079883.68213125282612609202015078,0.29458418,101458795547.23971154,0.0004041695862979031
2015-10-23,0.000114105643412009,11578588.9572657420655352451366044,0.28263796,101472535547.2397116,0.00040371662536769294
2015-10-24,0.000114231473937162,11592946.25950472362096313466310758,0.28300201,101486445547.23971159,0.0004036419173742335
2015-10-25,0.000112822997862673,11451554.08882716028111981890373353,0.27960821,101500175547.23971161,0.00040350388088630513
2015-10-26,0.000114719055208144,11645588.51239252457982200997918896,0.28435185,101513985547.23971159,0.00040344050938351196
2015-10-27,0.000116057934473145,11783110.8851417880787294090555191,0.28772361,101527835547.23971158,0.00040336604449368955
2015-10-28,0.00012136344878784,12323441.8719364525522252966990656,0.30169124,101541625547.23971159,0.000402277006080256
2015-10-29,0.000131766068238516,13381576.26223798993525609448721528,0.32753334,101555555547.23971158,0.00040229818509015294
2015-10-30,0.000140665048441763,14287266.75815403001870876303113317,0.3498442,101569415547.23971159,0.00040207912105378056
2015-10-31,0.000133942008636186,13606257.25527975266878229579123388,0.33330877,101583195547.23971158,0.0004018556386505702
2015-11-01,0.000135274028451845,13743426.7498375674093273717188651,0.33669491,101596935547.23971158,0.0004017703399550798
2015-11-02,0.000142140667333443,14443012.07329995776964848168170437,0.35448119,101610695547.23971159,0.000400982256162712
2015-11-03,0.000145656699749035,14802268.243133474110694705778306,0.36329477,101624355547.2397116,0.00040093255333412863
2015-11-04,0.000135966183787324,13819341.25964591596034879598213868,0.33952655,101638075547.23971157,0.0004004581785646042
2015-11-05,0.00013997195185074,14228393.233281911097189446254047,0.34967541,101651745547.23971155,0.0004002910923897679
2015-11-06,0.000137460798718357,13975024.34384509938111668638273978,0.34350015,101665525547.23971154,0.00040017682297477017
2015-11-07,0.00013040873626968,13259865.922304761270910586210804,0.32597013,101679276263.23971155,0.0004000634544940666
2015-11-08,0.000132517682921193,13476100.26158296554115301870187915,0.33133474,101692845547.23971155,0.00039995106737432054
2015-11-09,0.000132759978389174,13502580.03048562748941821361886796,0.33211666,101706705547.23971154,0.00039973899047754483
2015-11-10,0.000118537151207356,12057668.42991394505674686016608824,0.29680208,101720585547.23971154,0.0003993811337419064
2015-11-11,0.000122454786471171,12457863.68351088865049636470130163,0.30668848,101734395547.23971153,0.00039928068531028943
2015-11-12,0.000127064247533261,12928560.44636206204626390619553194,0.31827112,101748215547.23971154,0.0003992327281635261
2015-11-13,0.00012896064990435,13123304.6877940954221278160921555,0.32315055,101762085547.23971153,0.0003990729704911534
2015-11-14,0.000126852917037548,12910567.96574697966015237720965488,0.31802818,101775885547.23971156,0.00039887319745548333
2015-11-15,0.000124366362168963,12659206.67951476425961480810431228,0.31185019,101789635547.23971156,0.0003988016238468958
2015-11-16,0.000129715139099591,13205442.91137227321188330556297605,0.32527224,101803405547.23971155,0.0003987894543339788
2015-11-17,0.000132978770802652,13539533.48917143753790663016305712,0.33345345,101817255547.23971156,0.00039879260749184635
2015-11-18,0.000133145497804487,13558338.59406373048727362417572485,0.33392882,101830995547.23971155,0.0003987241885994955
2015-11-19,0.000129989953531825,13238788.541548089913078716280397,0.32607941,101844705547.23971156,0.00039864508320787564
2015-11-20,0.000128676766833881,13106829.60218808046860141287536436,0.32284177,101858555547.23971156,0.00039857533563231613
2015-11-21,0.000128803547359374,13121511.75609156165443862742216344,0.32320415,101872285547.23971156,0.0003985207100817672
2015-11-22,0.000128016418951633,13043094.37308573793638010375291216,0.32135121,101886105547.23971152,0.0003983691829000208
2015-11-23,0.000128215614876371,13065147.50617812887251615495078505,0.32189965,101899815547.23971155,0.00039830927084378936
2015-11-24,0.000125475940854272,12787696.75857519705233142927378432,0.31533055,101913535547.23971156,0.00039791875812309336
2015-11-25,0.000128689234778358,13116931.51118598957935507540706774,0.32346082,101927185547.23971153,0.00039785107444653727
2015-11-26,0.000133480779377849,13607160.8665838036736523141883484,0.33551645,101940975547.2397116,0.00039783676591072947
2015-11-27,0.000126993917787765,12947637.65385537114938568943069635,0.31930107,101954785547.23971159,0.0003977246859453524
2015-11-28,0.000129938550684973,13249652.82017602627263283596008734,0.32689397,101968605547.23971158,0.00039749448631607674
2015-11-29,0.000131624685305853,13423394.13940818598886825980587774,0.33138504,101982345547.23971158,0.0003971956166333066
2015-11-30,0.000127006128239924,12954138.08147324487709844151872068,0.32040203,101996165547.23971157,0.0003963961409355739
2015-12-01,0.000121534243395763,12397693.04352972346261586391403554,0.30684353,102009875547.23971158,0.00039607888553414505
2015-12-02,0.000123794202467365,12629945.73686987188690400493791305,0.31267443,102023725547.23971157,0.0003959204545999012
2015-12-03,0.000125477284341211,12803385.33270036177369618510451127,0.31699732,102037475547.23971157,0.0003958307418536251
2015-12-04,0.000124061326133245,12660620.299819540468595536972142,0.31344847,102051305547.2397116,0.0003957949647457044
2015-12-05,0.000126052150369941,12865534.8556150853196813461490156,0.31857196,102065175547.2397116,0.0003956787357240763
2015-12-06,0.000123519884263634,12608762.24696504951496085200004538,0.31240972,102078805547.23971157,0.0003953778527237693
2015-12-07,0.000124684642686014,12729393.75885244968995965785984212,0.31544492,102092715547.23971158,0.00039526597127008417
2015-12-08,0.000129293592251555,13201719.4803277950370156965416002,0.327109,102106525547.23971164,0.00039526149464415533
2015-12-09,0.000134497027413966,13734890.98441242507065101792634526,0.34018933,102120405547.23971161,0.00039535933538528673
2015-12-10,0.000133937272044125,13679574.19464578504306082563567375,0.33882803,102134185547.23971163,0.00039529572581148317
2015-12-11,0.000141625259945217,14466715.17847170101222807768051286,0.35823913,102147845547.23971158,0.0003953372149636948
2015-12-12,0.000132240103648504,13509875.85287596200295423362199128,0.33461079,102161715547.23971157,0.0003952057363377433
2015-12-13,0.000130876954488613,13372451.70859573900463236451423854,0.33122505,102175755547.23971158,0.00039513000145554504
2015-12-14,0.000134542246234777,13748802.92710191074603512890796543,0.34050304,102189485547.23971159,0.0003951278855976646
2015-12-15,0.000136670863505093,13968216.75563338295740822391097508,0.34643053,102203325547.23971156,0.00039451160238415764
2015-12-16,0.000134414100905082,13739431.09238016804575209063624956,0.34080635,102217185547.23971158,0.00039440022436519156
2015-12-17,0.00013819097701568,14127395.6283196067849467714182016,0.35035882,102230955547.23971162,0.0003944269963452896
2015-12-18,0.000140689599448355,14384783.5519080893429261012833851,0.35671247,102244825547.23971162,0.00039440617102159335
2015-12-19,0.000139158508870777,14230167.59142464191853663223662097,0.35284865,102258695547.23971161,0.0003943858333332918
2015-12-20,0.000130853935769672,13382767.72311807472361730802198864,0.3319353,102272565547.23971162,0.00039421518521733605
2015-12-21,0.000131936349465868,13495294.94788811775843714535298616,0.33473033,102286405547.23971162,0.0003941571397664143
2015-12-22,0.000129741877972957,13272638.9485813096545283812792012,0.32934645,102300345547.2397116,0.00039393738105559357
2015-12-23,0.000135733626872009,13887475.48478253097559722407876467,0.34454842,102314185547.23971163,0.00039394644988361577
2015-12-24,0.000139359538107004,14260378.01409274501203326966218648,0.35382124,102327965547.23971162,0.0003938699047773503
2015-12-25,0.000138688742467428,14193663.24762984603314263338778764,0.35222374,102341855547.23971163,0.0003937518307750295
2015-12-26,0.000136855968810399,14008000.1944169267107563438409284,0.34761746,102355785547.2397116,0.0003936970508052127
2015-12-27,0.000140613128160064,14394506.24611537135991178712394496,0.35717359,102369575547.23971164,0.0003936828816488476
2015-12-28,0.00013266187641649,13582370.7139509988389183540276244,0.33715643,102383375547.23971156,0.00039347277587584487
2015-12-29,0.000136295707326327,13956309.0989998441285021945672932,0.34640111,102397275547.2397116,0.0003934620975271326
2015-12-30,0.000134652277394111,13789884.5528161796267615031783876,0.34235442,102411075547.2397116,0.0003933125133717012
2015-12-31,0.000135994602054085,13929201.6458224723140285877098442,0.34577798,102424665651.67663252,0.0003933003543316581
2016-01-01,0.000137061774734364,14040417.09193244952284267805454272,0.3485646,102438605651.67663248,0.00039321771268328447
2016-01-02,0.000136799518636883,14015463.03225820294978992780465335,0.34798531,102452575651.67663245,0.0003931186596264164
2016-01-03,0.000135978993324179,13933278.69006195416401637168073392,0.345944,102466405651.67663248,0.0003930664885767032
2016-01-04,0.000135075973918343,13842609.53347308215938555726321378,0.34374069,102480175651.67663246,0.00039295893051923236
2016-01-05,0.000137504289787504,14093379.20503919517869448991302976,0.34996152,102494105651.67663244,0.00039291259732642604
2016-01-06,0.000135891352755602,13929929.81366879183645899864981684,0.34593488,102507845651.67663242,0.00039282350700109225
2016-01-07,0.000140259439414581,14379628.54696448025556913429604507,0.35702348,102521645651.67663247,0.00039285774541937963
2016-01-08,0.000154765720392955,15868976.7550660310583612334926011,0.39356963,102535475651.67663242,0.00039323593233795757
2016-01-09,0.000180608936910449,18521337.32945833792814309027567903,0.45760641,102549395651.67663247,0.0003946818334787945
2016-01-10,0.000168505527119524,17282478.82679081233682332788217284,0.42814344,102563275651.67663241,0.0003935726006207733
2016-01-11,0.000173409074765029,17787799.24904112428296301075598989,0.4404541,102577095651.67663241,0.0003937052118825299
2016-01-12,0.000178696846210339,18332667.71588013312601729543079716,0.45324892,102590885651.67663244,0.0003942576326719962
2016-01-13,0.000179802393733388,18448578.87657689216809710740790344,0.45696724,102604745651.67663238,0.00039346889228511874
2016-01-14,0.000172347456890633,17686024.69118696602911078681993452,0.43828197,102618425651.67663244,0.00039323419325379264
2016-01-15,0.00014679510043003,15065912.2757483853260514972524735,0.37390906,102632255651.67663245,0.00039259573017575447
2016-01-16,0.00015728076837782,16144267.804732695545906186872259,0.40061978,102646165651.67663245,0.0003925936167650534
2016-01-17,0.000150772516028087,15478308.85528607735099466061534228,0.3842232,102660015651.67663244,0.00039240867294865846
2016-01-18,0.000148437928548871,15240685.54278495794002696852946395,0.37840603,102673795651.67663245,0.00039227157280995493
2016-01-19,0.000145535241497631,14944677.13014957645911936956267857,0.37110093,102687685651.67663247,0.00039217158926988134
2016-01-20,0.000166591753095299,17109233.86754475409068948118394657,0.42422382,102701565651.67663243,0.00039269778178721554
2016-01-21,0.000164549678447503,16901791.90807857563020409915127235,0.41904948,102715435651.67663245,0.0003926736251945785
2016-01-22,0.000165567548346583,17008614.44496262107355742393748669,0.42164586,102729155651.67663243,0.0003926696881278118
2016-01-23,0.000171526462769765,17623152.9100892053642204902501766,0.43656457,102743055651.67663244,0.00039290055711521665
2016-01-24,0.000188995467336844,19420613.9751373653999284677309878,0.48050787,102757035651.67663245,0.00039332439515890545
2016-01-25,0.000209446258940962,21524981.7167182390165068195234169,0.53139929,102770905651.67663245,0.00039414102141717574
2016-01-26,0.000334469318549766,34378363.90358642025591966550252074,0.81460887,102784805651.67663239,0.00041058884928390967
2016-01-27,0.000447887670434559,46042232.4881270421428482207425675,0.9978928,102798615651.6766325,0.00044883345228521437
2016-01-28,0.000339770997355665,34932680.4042253254951449121567726,0.76093609,102812425651.67663244,0.0004465171278124882
2016-01-29,0.000315110873661729,32401680.70709033272411130274480231,0.7067297,102826285651.67663239,0.0004458718427451527
2016-01-30,0.000252180654220661,25934264.94890937225799601352422301,0.56825813,102840025651.67663241,0.0004437783480909652
2016-01-31,0.000263807787880335,27133637.58212058906379410365069085,0.5960302,102853815651.67663251,0.0004426080891208784
2016-02-01,0.000259633627109789,26707824.6590374568367630033055425,0.58738176,102867355651.6766325,0.00044201853852218526
2016-02-02,0.00025824830878188,26568843.132841440573483319980006,0.58479483,102880995651.67663245,0.0004416049792743209
2016-02-03,0.000263093998012622,27070979.48423153761181343753491012,0.59639033,102894705651.67663246,0.0004411439702797026
2016-02-04,0.000284683577066302,29296355.80579551819170457350536292,0.64481478,102908485651.67663246,0.0004414966683398633
2016-02-05,0.000296072229343664,30472427.60131500910216447385117008,0.66984793,102922275651.67663247,0.00044199917038433484
2016-02-06,0.000301642468352218,31049882.89278833588352197609531846,0.6819743,102936045651.67663247,0.0004423076769201097
2016-02-07,0.000276406697124794,28456018.51388635977925878434871736,0.62555331,102949815651.67663244,0.000441859538917305
2016-02-08,0.000280341001924262,28864959.6178659019528520301115019,0.63426647,102963745651.67663245,0.0004419924671790738
2016-02-09,0.000284906068178099,29338876.35915761281540490588983651,0.64452455,102977365651.67663249,0.0004420406766167387
2016-02-10,0.000290200833173055,29888110.4735473558303737221469042,0.65619082,102991125651.67663244,0.000442250675151254
2016-02-11,0.000280750529162919,28918670.5380635940184190977902675,0.63488671,103004865651.6766325,0.00044220571125660985
2016-02-12,0.000292331700549724,30115612.94836705427644263309144656,0.66074827,103018635651.67663244,0.00044242522277012394
2016-02-13,0.000284317801381566,29293947.04593833498762735434596972,0.64291887,103032405651.67663242,0.0004422296725892739
2016-02-14,0.000292799572239402,30171861.51173858762531201767221882,0.66192642,103046125651.67663241,0.0004423445920762643
2016-02-15,0.000287566691831544,29636538.61538532767496318352231824,0.65020934,103059705651.67663246,0.0004422678576588026
2016-02-16,0.000285370052746537,29414071.76868574792909820714172176,0.64576944,103073435651.67663248,0.00044190702605334954
2016-02-17,0.000272222017615596,28062588.05731205068138062023200212,0.61649949,103087135651.67663247,0.00044156081559061134
2016-02-18,0.0002706443340526,27903662.418101263177364785826344,0.61331259,103100855651.67663244,0.0004412828604294589
2016-02-19,0.000289351277748322,29836325.53875031383898217626314822,0.65482576,103114545651.67663251,0.000441875221506744
2016-02-20,0.000288819706179294,29785530.26004159671311437571490442,0.6536849,103128455651.67663243,0.0004418332229783707
2016-02-21,0.000283644813887827,29255797.10922001862285398768594269,0.64210238,103142365651.67663247,0.00044174390677048577
2016-02-22,0.000280900625791394,28976600.586727831873548289400705,0.63629936,103156055651.6766325,0.00044145985906915577
2016-02-23,0.000276381053153853,28514190.59493084915783618531386838,0.62642393,103169845651.67663246,0.0004412044941416159
2016-02-24,0.000274245292245111,28297604.37458373285693767768909862,0.62170181,103183555651.67663242,0.00044112030531986225
2016-02-25,0.000266858275411498,27539068.3562334324493696546499101,0.6050645,103197355651.67663245,0.0004410410384537483
2016-02-26,0.00026218897147808,27060813.6359285460793861631064768,0.59470777,103211105651.67663246,0.0004408702638576254
2016-02-27,0.00025002477477261,25808791.2872276102732332083062901,0.56752367,103224935651.67663241,0.0004405539151743398
2016-02-28,0.000250309921309021,25841682.30011321181113849951251187,0.56847333,103238745651.67663247,0.0004403195508028864
2016-02-29,0.000247487519343435,25553716.3892282259687340806220314,0.56224842,103252545651.67663244,0.00044017468175977265
2016-03-01,0.000245569922336378,25359086.38035078634111315194690232,0.5580931,103266255651.67663244,0.00044001605168811077
2016-03-02,0.000238153566885635,24596523.16773635140454837974214305,0.54164562,103280095651.67663243,0.00043968520761902396
2016-03-03,0.000243460926054992,25148005.5797015593492356500716904,0.55382277,103293805651.67663245,0.0004396007879108906
2016-03-04,0.000233068178939486,24077713.18915303517404688523513098,0.53051554,103307595651.67663243,0.00043932394315817025
2016-03-05,0.000217442700201781,22466476.73583611496722215057037564,0.49522497,103321365651.67663244,0.0004390786276422633
2016-03-06,0.00021666376079439,22389000.7788667873379237744440116,0.49418216,103335235651.67663244,0.0004384289404425081
2016-03-07,0.000229814263635213,23751084.82384207733865524571481398,0.52620807,103349045651.67663246,0.00043673648645337765
2016-03-08,0.000217955856380903,22528533.18286114863349903583867526,0.49970196,103362825651.67663242,0.00043617170599231393
2016-03-09,0.000223543245353815,23109144.1564697813731078355067586,0.51262634,103376615651.67663244,0.0004360744423585706
2016-03-10,0.000241177929375659,24935476.71704292072615372600080432,0.55296027,103390375651.67663248,0.00043615779009884193
2016-03-11,0.000241791170935102,25002236.05369153169981123569466398,0.55458024,103404255651.67663249,0.0004359895169274369
2016-03-12,0.000236944722576033,24504374.35297539016735256897159151,0.54392676,103418105651.67663247,0.00043561880017823176
2016-03-13,0.000239780918724567,24800997.36259175675272578083164482,0.55165864,103431905651.67663246,0.0004346545151990496
2016-03-14,0.000234404363214859,24248115.38441847319236905618587173,0.53966893,103445665651.67663247,0.00043434844991884
2016-03-15,0.000231574084775491,23958549.59557514574540927087079277,0.53343456,103459545651.67663247,0.00043411901316534686
2016-03-16,0.000229576140005886,23755015.87972955004088703445871842,0.529302,103473365651.67663247,0.000433733747474761
2016-03-17,0.000221158853129506,22887094.02279388526082537940595488,0.51039621,103487125651.67663248,0.000433308180578978
2016-03-18,0.000211456585137124,21885950.1822690497799976897980738,0.48849216,103500915651.67663245,0.00043287610826164326
2016-03-19,0.000217884176744971,22554192.45465411791922714552035866,0.50364631,103514595651.67663246,0.00043261346786194253
2016-03-20,0.000211368046267208,21882611.63151710335309094369171584,0.48893735,103528475651.67663248,0.00043230087917645895
2016-03-21,0.000211058107369911,21853434.62123541445895145123100839,0.48842572,103542265651.67663249,0.00043211915082995835
2016-03-22,0.000215354430235358,22301281.20481947412323073956958142,0.49855657,103556175651.67663249,0.00043195585655476975
2016-03-23,0.00021308351389968,22069045.823023000878902053837632,0.49376309,103569935651.6766324,0.000431550106144386
2016-03-24,0.000210138465979833,21766937.81722716365324315109459087,0.48719239,103583785651.67663239,0.000431325427681317
2016-03-25,0.000216467436442523,22425495.12895568641765344789282089,0.50199461,103597545651.67663243,0.0004312146627281974
2016-03-26,0.00021128136682839,21891167.8563516845555955185869716,0.4900863,103611445651.67663244,0.0004311105346719343
2016-03-27,0.000215804307531661,22362767.90652911483039396915968284,0.50069693,103625215651.67663244,0.00043100785046087855
2016-03-28,0.000214008339692515,22179607.24673170082430884367111175,0.49674134,103638985651.67663245,0.0004308245005187509
2016-03-29,0.000257261555356884,26665861.41813071815243296083101044,0.59752274,103652725651.67663241,0.0004305468865618135
2016-03-30,0.000230443993945026,23889339.73177654965067717404714396,0.5357983,103666575651.67663246,0.00043009467171699876
2016-03-31,0.000230956360663934,23945602.970199476598397973322255,0.53706244,103680205651.6766325,0.0004300363299729804
2016-04-01,0.000223190624802888,23143523.21399316297468512186663112,0.51923152,103693975651.67663249,0.0004298479892031362
2016-04-02,0.000225543768733065,23390631.2902139071074258398542899,0.52471954,103707725651.67663246,0.00042983680145219097
2016-04-03,0.000219595697543362,22776785.40404281692264858483933224,0.51123933,103721455651.67663252,0.00042953600135451633
2016-04-04,0.000219006806847595,22718676.7262270568871333780499337,0.50995728,103735025651.67663246,0.0004294610851473578
2016-04-05,0.000215341241146745,22341422.41747341586585280752474505,0.50174647,103748925651.67663249,0.0004291833705312266
2016-04-06,0.000215772362613138,22389104.73008123888585322484552224,0.50550727,103762615651.67663248,0.00042684324324977166
2016-04-07,0.000211088100658311,21905955.91863480521945502662429061,0.49471719,103776365651.67663251,0.0004266843864032923
2016-04-08,0.000210337081356175,21830943.65372653707671251114849625,0.4933303,103790275651.67663255,0.000426361570242442
2016-04-09,0.000206218632250872,21406365.4357496373685150917610836,0.48385858,103804225651.67663255,0.0004261960845064936
2016-04-10,0.000205542909430671,21339079.59808459177007345677832763,0.48255465,103818125651.67663253,0.00042594742259901755
2016-04-11,0.000213008733137239,22117106.94226362845052172254217794,0.50004748,103831925651.67663246,0.00042597701549708643
2016-04-12,0.000232877380511644,24183322.89586709434860296754348068,0.54625638,103845735651.67663247,0.00042631516818466083
2016-04-13,0.000230503447631641,23939964.90189146185737780389998327,0.54073052,103859465651.67663247,0.0004262815563501779
2016-04-14,0.000233466880698183,24250964.98496185140700147750176567,0.5477367,103873255651.67663249,0.00042623925089953446
2016-04-15,0.000235736582036875,24489986.48929832819115359336233125,0.55228676,103887085651.67663247,0.00042683728655178155
2016-04-16,0.000232388817948628,24145390.0570796191411368939326414,0.54468351,103900825651.67663255,0.0004266492627041858
2016-04-17,0.000227121483328709,23601259.81606014389145689752600705,0.53255532,103914695651.67663245,0.0004264749121813467
2016-04-18,0.000223136615643474,23190257.25136494051547639382626182,0.52340205,103928515651.67663243,0.00042631972045863024
2016-04-19,0.000224200267065313,23303888.2024849524845088066919412,0.52592626,103942285651.6766324,0.00042629601166010046
2016-04-20,0.000227710716834755,23671923.89150714825313209019418995,0.53413502,103956125651.67663249,0.00042631677068235484
2016-04-21,0.000229831010847045,23895520.00514727970516346719972845,0.53907796,103969955651.67663241,0.0004263409523309857
2016-04-22,0.00022734634458892,23640310.829792012000357347953008,0.53330509,103983685651.6766324,0.0004262969711932057
2016-04-23,0.000230218384604138,23942135.45180486024812012971320224,0.54000809,103997495651.67663248,0.0004263239548950794
2016-04-24,0.0002283538332374,23751398.613893864854764790058378,0.53581155,104011385651.67663247,0.0004261831109041976
2016-04-25,0.00022657193648071,23569185.4901463784476743971850395,0.5317855,104025175651.67663245,0.0004260588836677758
2016-04-26,0.000235456482474361,24496670.08369806776568727924458889,0.55244645,104039055651.67663249,0.00042620688842214655
2016-04-27,0.000224140723331964,23322482.33052323873086003573131216,0.52621384,104052855651.67663244,0.0004259498825267765
2016-04-28,0.000228667864083758,23796686.15013699347736103953990952,0.53667323,104066595651.67663244,0.0004260839768060687
2016-04-29,0.000230961404498064,24038538.19312711330694947219951872,0.54206101,104080325651.67663248,0.0004260800910548132
2016-04-30,0.000226196211540538,23545699.12799610595883955473206886,0.53097782,104094135651.67663247,0.0004259993600872782
2016-05-01,0.000229726754026566,23916350.55845579566328927625793236,0.53923246,104107815651.67663246,0.00042602545482251934
2016-05-02,0.00022754043176702,23691847.8014060787471260008894692,0.53434327,104121485651.67663246,0.00042583194089264
2016-05-03,0.000228602593247553,23805598.6345739078314675779052725,0.53687566,104135295651.6766325,0.0004258017456920155
2016-05-04,0.000226954667216738,23637102.918630435307651967474785,0.53308566,104149005651.6766325,0.00042573770830139755
2016-05-05,0.000222041035300903,23128381.68017938152792068089613847,0.5216973,104162645651.67663249,0.0004256127744975927
2016-05-06,0.000224939921144616,23433436.97121609320188950117417384,0.52854144,104176425651.67663249,0.00042558615866452394
2016-05-07,0.000223552840331735,23292016.40817989981769260566580075,0.52476004,104190205651.67663245,0.00042600964877534316
2016-05-08,0.000224363880574903,23379588.15579362423013447941390429,0.52669559,104203885651.67663243,0.00042598397411093385
2016-05-09,0.000222290517489328,23166587.71471508798462472055306672,0.52196817,104217615651.67663249,0.00042586987150831067
2016-05-10,0.000220587448673618,22992146.46199173650080822085791264,0.5181804,104231435651.67663248,0.0004256962414510815
2016-05-11,0.000223395478924796,23287921.0458988875235455519757098,0.52495324,104245265651.67663255,0.00042555310054814783
2016-05-12,0.000233995945683958,24396179.9436142817763044559956329,0.54962059,104258985651.67663255,0.0004257408655013416
2016-05-13,0.000236036501056518,24612178.75990802528078324738393946,0.55433549,104272765651.67663247,0.00042580081072658357
2016-05-14,0.000233221581506864,24321866.11012435000167740715548,0.547761,104286515651.6766325,0.0004257725203270477
2016-05-15,0.00023315411591559,24318061.874730594459636345450675,0.54759292,104300375651.6766325,0.0004257800044521941
2016-05-16,0.000228043251065647,23788114.10221865702636700837241456,0.53566178,104314045651.67663248,0.0004257224606647258
2016-05-17,0.000226825386903063,23664197.1499429838998426997753475,0.53290337,104327815651.6766325,0.00042564074403031644
2016-05-18,0.000227334653353396,23720417.28422998150472924465190208,0.53417761,104341405651.67663248,0.00042557877585583566
2016-05-19,0.000221866273207008,23152922.75431571377296393703677024,0.52146871,104355305651.67663253,0.00042546421089581396
2016-05-20,0.00022450537387051,23431445.2903440689637825015962801,0.5277004,104369195651.67663251,0.0004254409772486624
2016-05-21,0.000228260961110521,23826560.62843743135518539521163771,0.53652169,104382985651.67663251,0.00042544591461068606
2016-05-22,0.000222858829891599,23265778.92360120964462692955603146,0.52396681,104396935651.67663254,0.00042533005075569383
2016-05-23,0.000224239334099602,23412993.8353815421587530176552451,0.52726057,104410735651.67663255,0.00042529130160368707
2016-05-24,0.000222751218290461,23260679.17075355126045756790129633,0.52385896,104424475651.67663253,0.0004252121950733858
2016-05-25,0.000222075229964953,23193131.87496624331932317785866968,0.52239326,104438175651.67663256,0.00042511120829727596
2016-05-26,0.00022505236495386,23507175.3971310758980430263259886,0.53485496,104452025651.67663251,0.0004207726987403463
2016-05-27,0.000223888021394587,23388655.96402662910778964946038576,0.53228839,104465865651.67663248,0.00042061413624780924
2016-05-28,0.000218229187743741,22800490.74798425332162265656755804,0.51907317,104479565651.67663244,0.0004204208584769292
2016-05-29,0.00022257496573704,23257618.4084182057285626097735776,0.5293887,104493415651.67663244,0.00042043769679451023
2016-05-30,0.000231737856088469,24218275.7835162735976481000006425,0.55106518,104507205651.6766325,0.0004205271254635776
2016-05-31,0.000226713049923967,23696253.3011068089483901956011275,0.53919619,104520905651.6766325,0.00042046485885585916
2016-06-01,0.000231923273266534,24244021.827759565121822152066755,0.5515145,104534665651.6766325,0.00042052071752698067
2016-06-02,0.000229798640901702,24025106.80504560952153396365146394,0.54649947,104548515651.67663247,0.0004204919739477552
2016-06-03,0.000236962108221243,24777297.27883204013302368753304722,0.56339225,104562275651.67663254,0.0004205988069968001
2016-06-04,0.000240258412339713,25125260.28153243465642494086929546,0.57120579,104575985651.67663242,0.00042061620618326183
2016-06-05,0.000239075842008151,25004843.25495821932496433071101844,0.56866531,104589585651.67663244,0.0004204157310178653
2016-06-06,0.000236551962225852,24744159.7865678624370028376920974,0.56283042,104603485651.67663245,0.00042028993782150574
2016-06-07,0.000239796968873982,25086898.39921683017189999755939554,0.57043849,104617245651.67663247,0.0004203730517447762
2016-06-08,0.000242248556372657,25346712.49342354359692955771009936,0.57624091,104631015651.67663248,0.0004203945817950638
2016-06-09,0.000262790274575818,27499634.58223446774874573193561046,0.62423481,104644795651.67663247,0.00042097984663145904
2016-06-10,0.000258959879975526,27102346.29317969100754657089717396,0.61495588,104658475651.67663246,0.0004211031854440126
2016-06-11,0.000259900227292357,27204374.22310173143014878911026108,0.61706784,104672375651.67663244,0.00042118582503401406
2016-06-12,0.000263795559534472,27615748.28155805622520206943485056,0.62619759,104686175651.67663248,0.000421265689531753
2016-06-13,0.000287073900204072,30056590.17125215726878479173121424,0.67927851,104699835651.67663242,0.00042261590198705394
2016-06-14,0.000311099723628794,32576414.22137519355479415119249294,0.73325686,104713735651.67663251,0.0004242711396232883
2016-06-15,0.000314418664322034,32928304.45408493624179263938406432,0.74082776,104727575651.67663248,0.00042441533821847334
2016-06-16,0.000330958432816172,34665034.91752019818487087617262828,0.77878403,104741355651.67663249,0.00042496818125067616
2016-06-17,0.000314489771475297,32944412.38216409212172620818259953,0.73971715,104755115651.67663249,0.0004251486821351877
2016-06-18,0.000321509922292018,33684255.57508721121059758274850248,0.75496724,104768945651.67663236,0.00042585943502928414
2016-06-19,0.000334080058785936,35005849.2126680241681568079012232,0.78370239,104782815651.67663245,0.00042628434345585704
2016-06-20,0.000314031174093974,32909394.83323572229039003267597682,0.73812264,104796585651.67663243,0.0004254457959641693
2016-06-21,0.000305359045824087,32004811.56941238838081484171406402,0.71765968,104810425651.67663246,0.00042549282666135983
2016-06-22,0.000266271679398642,27911687.99061582323162849325110574,0.62728525,104824095651.67663247,0.00042448260882691245
2016-06-23,0.000286991722561923,30087619.74251071624344383278496289,0.67549548,104837935651.67663243,0.00042486105541657065
2016-06-24,0.00028460121725696,29840962.9041060579386944947792128,0.6697676,104851845651.67663243,0.0004249253282137863
2016-06-25,0.000291101972925433,30526616.71844052664228123266884652,0.68510581,104865715651.67663244,0.00042490075062337154
2016-06-26,0.000280936310369967,29464447.30439261600281310817762915,0.66117163,104879455651.67663245,0.0004249067830843967
2016-06-27,0.000289113553147108,30326064.7337597301381814408964546,0.6802458,104893265651.67663245,0.00042501336009293693
2016-06-28,0.000297472450969062,31206917.322508899972769685843715,0.69930081,104906915651.6766325,0.00042538553754722805
2016-06-29,0.00029706977083596,31168814.5443564158039009364545424,0.69802127,104920855651.67663244,0.00042558842202037765
2016-06-30,0.00030952185307945,32479531.926938562687154419767358,0.72665095,104934535651.67663244,0.00042595671701722816
2016-07-01,0.000302080875410794,31702912.29384310591168343554655736,0.70927902,104948425651.67663244,0.0004258985066424127
2016-07-02,0.000309359277738082,32471041.41097704366988112365934172,0.72590794,104962235651.67663246,0.0004261687477038507
2016-07-03,0.000282246104261805,29629065.81368991112408459764380835,0.66280228,104975995651.67663247,0.00042583755786387004
2016-07-04,0.000288692376065751,30309782.43857778603466259146021995,0.67794474,104989895651.67663245,0.00042583467210874885
2016-07-05,0.000286922304881843,30127876.55448317546707586443842378,0.67388379,105003605651.67663246,0.00042577416038133665
2016-07-06,0.000285022051785505,29932267.88137000903094240812263725,0.66959297,105017375651.67663245,0.0004256646418876007
2016-07-07,0.000276411684739371,29031849.74027043556189346605858266,0.64956456,105031195651.67663246,0.00042553381412830006
2016-07-08,0.000276178016918746,29011113.06275801063196285906447008,0.64924536,105044975651.67663248,0.0004253831200561002
2016-07-09,0.000271849947581483,28560225.37238255084432786446529369,0.63933001,105058785651.67663243,0.0004252106788816045
2016-07-10,0.000269696146057368,28337690.2852701143194489227503916,0.63440995,105072655651.67663245,0.0004251133609385666
2016-07-11,0.000271040838491466,28482715.6331099207482529009436717,0.64287459,105086435651.67663245,0.00042160763966649545
2016-07-12,0.000268915720827986,28263054.5354748572214162421957457,0.63802711,105100045651.67663245,0.0004214800854276959
2016-07-13,0.000263243063959215,27670480.2641608069024686259851189,0.62480845,105113805651.67663246,0.00042131802788392987
2016-07-14,0.000260014735315595,27334739.55861971439317092168699345,0.61740689,105127655651.67663251,0.00042113999621156637
2016-07-15,0.000264509867495239,27810944.56738550889318375865257228,0.62799178,105141425651.67663252,0.00042119956967468425
2016-07-16,0.000264318553905978,27794485.10946458774168020681532412,0.62770072,105155255651.67663254,0.00042109009195652664
2016-07-17,0.000265187869156644,27889536.55445510148235989168759576,0.62989082,105168975651.67663254,0.00042100608666855
2016-07-18,0.000250540687238363,26352567.40281649055470875214213202,0.59581149,105182785651.67663254,0.0004205032824029006
2016-07-19,0.000249182905921465,26213220.8076497837653386463113246,0.59289758,105196705651.67663244,0.00042027984988817965
2016-07-20,0.000246348041225786,25918406.9106258505389587947069343,0.58635761,105210525651.67663255,0.0004201327603231516
2016-07-21,0.000240033614855452,25257396.85992454406198091673406288,0.57168194,105224415651.67663244,0.0004198726565604853
2016-07-22,0.000238278647259311,25076041.11054341153139585496946262,0.5676972,105238305651.67663242,0.00041972841729589474
2016-07-23,0.000252207254880734,26545306.80573811987258348695541096,0.6008411,105251955651.67663244,0.0004197569954530973
2016-07-24,0.000246836736629611,25983470.41411408834463419416606917,0.58819895,105265815651.67663247,0.0004196483802455121
2016-07-25,0.000238672927212113,25127391.65662257732032549596098798,0.56902341,105279605651.67663246,0.00041944307214375064
2016-07-26,0.000237118132760091,24966975.74007637574741194530795204,0.56625839,105293405651.67663244,0.0004187454648753036
2016-07-27,0.000235101193268342,24757852.0594757975898646640914808,0.56197483,105307215651.6766324,0.00041834826173325586
2016-07-28,0.000240743885941367,25355359.2825709954109547504124908,0.57614189,105320885651.6766324,0.0004178552021991787
2016-07-29,0.000235432338055418,24799181.90401319858097749019489738,0.5636829,105334645651.67663241,0.00041766805069910404
2016-07-30,0.000231642602045946,24403211.23651050507487829139316932,0.55475691,105348545651.67663242,0.0004175569476835285
2016-07-31,0.000227440518733833,23963680.19646187107951042732068085,0.54506839,105362405651.67663245,0.0004172696911186374
2016-08-01,0.000220739590220908,23260707.07677293613155646472789184,0.52925496,105376235651.67663248,0.0004170760916835016
2016-08-02,0.000204143564980841,21514711.88144074694748151859831568,0.48993291,105390105651.67663248,0.0004166765710448825
2016-08-03,0.000218138342682477,22992635.47250033826281432755775388,0.52356741,105403915651.67663244,0.0004166385044525155
2016-08-04,0.000219014080983917,23087955.35231260128113519074078914,0.5259262,105417675651.67663242,0.000416435007390613
2016-08-05,0.000224262233476876,23644280.2674291940087330949523824,0.53869306,105431395651.6766324,0.0004163080056700118
2016-08-06,0.000234686343544742,24746547.41185191746731871620586758,0.56368144,105445195651.67663249,0.0004163456997000682
2016-08-07,0.000269606344289854,28432419.6822550318677773414221623,0.64646764,105459015651.67663245,0.0004170453826425929
2016-08-08,0.00023737392658314,25036508.2677144775984867316152302,0.56968825,105472865651.67663243,0.00041667337633019465
2016-08-09,0.000238541008894719,25162914.73277155637023474424218998,0.5726407,105486745651.67663242,0.0004165631414161079
2016-08-10,0.000239918467581793,25311536.43934728005204072652461871,0.57599265,105500575651.67663247,0.0004165304324313739
2016-08-11,0.000239217115810279,25240863.75728567654098144297305634,0.57442656,105514455651.67663246,0.00041644508187483356
2016-08-12,0.000239749355275942,25300336.05087136073593702950875848,0.57578313,105528275651.67663244,0.0004163882941063973
2016-08-13,0.000239664374617226,25294658.78035681215171238493292822,0.57592895,105542005651.67663247,0.00041613531429046235
2016-08-14,0.00024729478449954,26103412.5760459241992275293090592,0.59414089,105555855651.67663248,0.00041622246282281626
2016-08-15,0.000240073072614349,25344441.21005968805679827386902505,0.57704866,105569695651.67663245,0.00041603609756991547
2016-08-16,0.000257464568258947,27184021.99645774504787338622561962,0.61864532,105583545651.67663246,0.00041617476110374026
2016-08-17,0.000247918661140665,26179574.86665119640793624295357925,0.59592671,105597435651.67663245,0.00041602206610384185
2016-08-18,0.00024444723163061,25816357.0728341204765221025066823,0.58768568,105611165651.67663243,0.0004159489331620433
2016-08-19,0.000232865630525678,24596449.8409501180901697622930511,0.56011371,105625075651.67663245,0.0004157470641553802
2016-08-20,0.000236596432419044,24993771.64008840630463256549256824,0.56911934,105638835651.67663246,0.0004157237608882594
2016-08-21,0.000233531431972327,24673201.95412929290218794958965769,0.5618961,105652595651.67663247,0.00041561319249649005
2016-08-22,0.000229751046246495,24277004.0117466580571575637532978,0.55308605,105666565651.67663244,0.00041539837471311203
2016-08-23,0.000225527181799374,23833795.03694999545020970802009256,0.54330787,105680365651.67663244,0.00041510015637979616
2016-08-24,0.000229879815441333,24296982.87881095487234280367022919,0.55391992,105694285651.67663243,0.00041500550375825617
2016-08-25,0.000229659514861949,24276851.59158336707197746066640607,0.55364088,105708015651.67663243,0.000414816757862875
2016-08-26,0.00023020095824478,24337286.2904897656071192836086632,0.55504792,105721915651.67663244,0.0004147406916591634
2016-08-27,0.000224872608670132,23777088.6954566975259782946569834,0.54242803,105735815651.67663245,0.0004145667189620198
2016-08-28,0.000225776667591096,23875850.00727497971037072820875424,0.54479521,105749855651.67663244,0.0004144248397321555
2016-08-29,0.000221966493075811,23476021.03485430154301609010190884,0.53583191,105763805651.67663244,0.0004142464995707534
2016-08-30,0.000224417757722984,23738411.22867412249325001550800096,0.54184009,105777775651.67663244,0.0004141771010760462
2016-08-31,0.000223675249200591,23662977.17798437403323394493777204,0.54010826,105791665651.67663244,0.00041413039896962694
2016-09-01,0.000221369366593839,23422119.90518916801484383277153716,0.5347089,105805605651.67663244,0.000413999779307655
2016-09-02,0.000227026136668537,24023800.36305866269031039266154028,0.54838356,105819535651.67663244,0.0004139915074560897
2016-09-03,0.00022710370755746,24035120.1992981195387841106000024,0.54865912,105833235651.67663244,0.000413924965937794
2016-09-04,0.000226095298493522,23931519.38127327807526502211505368,0.54636774,105847045651.67663244,0.0004138152418982899
2016-09-05,0.00022766460484421,24100751.6572405278734080836321724,0.55022599,105860775651.67663244,0.00041376563263434716
2016-09-06,0.000222621428020998,23569984.84212192020501161596776514,0.53825962,105874735651.67663243,0.00041359488943457806
2016-09-07,0.000230744046764489,24433160.75943607180681762882977827,0.55791655,105888585651.67663243,0.00041358164901989197
2016-09-08,0.000231639699836012,24531217.67184494445824472039942928,0.560128,105902475651.67663244,0.00041354779592523853
2016-09-09,0.00023390460167324,24774329.996524695170375678480638,0.5656054,105916385651.67663245,0.0004135473276479326
2016-09-10,0.000232737337523834,24653890.75298965998315378935757496,0.56280019,105930105651.67663244,0.0004135345752527802
2016-09-11,0.000227200965282852,24070566.71793494167378634343891888,0.54954461,105943945651.67663244,0.00041343498079774083
2016-09-12,0.000229132317764379,24278357.59419628325195749610785476,0.5542809,105957805651.67663244,0.00041338663801040055
2016-09-13,0.000229081511425927,24276135.59091839072314848986527188,0.55421466,105971605651.67663244,0.0004133443735066969
2016-09-14,0.000226874056651333,24045363.88217922467257495381006918,0.54897557,105985515651.67663246,0.0004132680378679383
2016-09-15,0.000233613339042689,24762882.09922882896579080770308494,0.56548423,105999435651.67663246,0.00041312087349047554
2016-09-16,0.000251439434757165,26655950.7937396139019913763614326,0.60864136,106013405651.67663244,0.0004131159189660804
2016-09-17,0.000239017930181669,25342441.48067873520814427064055905,0.57877619,106027365651.67663245,0.00041297125609411986
2016-09-18,0.000239684374398293,25416458.38656274934870957726840785,0.58041001,106041365651.67663245,0.00041295699637966787
2016-09-19,0.000233324858019313,24745318.13413507210819527290250685,0.56515381,106055215651.67663245,0.00041285195975112156
2016-09-20,0.000230352086852252,24433274.39022873695687606666434496,0.55804835,106069255651.67663248,0.0004127815929430703
2016-09-21,0.000230730385326377,24476561.23407231211741925751913365,0.5589025,106082955651.67663245,0.00041282761362916966
2016-09-22,0.000227421207917489,24128670.52012761096842129690074316,0.55108057,106096835651.67663244,0.0004126823196061676
2016-09-23,0.000226332650452559,24016324.04151481757900829110041396,0.54855443,106110735651.67663244,0.00041259834589715914
2016-09-24,0.000227583200860686,24152170.61679058989525796206825384,0.55166094,106124575651.67663244,0.00041254180667691645
2016-09-25,0.000226367314520749,24026263.59121078227922302082649756,0.54886088,106138395651.67663244,0.00041243113285965833
2016-09-26,0.000228381596839487,24243249.05963498877353545134555315,0.55393724,106152375651.67663245,0.0004122878556413484
2016-09-27,0.00022886225696684,24297453.4594063862314795973786212,0.55507524,106166275651.67663243,0.00041230853130260327
2016-09-28,0.000228980921707744,24313181.82219907993872047613838304,0.55542186,106179945651.67663241,0.00041226487143978093
2016-09-29,0.000227267533667707,24134390.66519233289623061973661508,0.55136306,106193745651.67663244,0.00041219216548113864
2016-09-30,0.000233041461138687,24750752.30096207985503084274043254,0.56536167,106207505651.67663242,0.0004121989047094172
2016-10-01,0.000231051534588791,24542618.78199836325689352974275586,0.56062551,106221405651.67663246,0.0004121316823217534
2016-10-02,0.000228042779650471,24226169.31311996922628175713288866,0.55430156,106235195651.67663246,0.0004114056248560278
2016-10-03,0.000235916741684042,25065938.09385224936316219988120332,0.57345195,106249085651.67663246,0.000411397575130823
2016-10-04,0.000228709459914363,24303375.21532325798222243982602298,0.55602373,106263095651.67663246,0.0004113303939642341
2016-10-05,0.000233232347363603,24787216.84032765446909643873871735,0.56705079,106276925651.67663245,0.0004113076843850318
2016-10-06,0.000222137627451627,23611158.50949386467633395863349615,0.54036662,106290675651.67663245,0.0004110868792221603
2016-10-07,0.000225267618593971,23947037.39923382906187979156514877,0.54799842,106304836659.17681487,0.0004110734819161906
2016-10-08,0.000229681476408426,24419395.94124420096674673219277092,0.55874844,106318525651.67663242,0.0004110641926954212
2016-10-09,0.000231054026944118,24568479.68858945002616330203654674,0.56210174,106332185651.67663243,0.0004110537479284764
2016-10-10,0.000230433830679205,24505724.3727631514794484723364102,0.56066967,106346035651.67663244,0.00041099749640319407
2016-10-11,0.000229939501323146,24456345.96571839597979070950645624,0.55954715,106359915651.67663244,0.00041093856223402443
2016-10-12,0.000226763922338626,24121730.06546477842688384179324118,0.55216253,106373755651.67663243,0.0004106832862031149
2016-10-13,0.000227357700627763,24188052.76414343416789368880415409,0.55365314,106387655651.67663243,0.0004106500698754512
2016-10-14,0.000229302266909891,24398088.10437367810537081180746404,0.55842644,106401425651.67663244,0.000410622152686558
2016-10-15,0.00022263029517286,23691266.4555369822024725924835784,0.54227975,106415285651.67663244,0.0004105451018092784
2016-10-16,0.000222644506587178,23695869.07300257653036755632285432,0.54243041,106429165651.67663244,0.0004104572724585592
2016-10-17,0.000219500412419006,23364305.58970284923584398020796458,0.53477182,106443105651.67663243,0.0004104562061983857
2016-10-18,0.000220592967458216,23483662.3715600710140826389647092,0.53748481,106456985651.67663245,0.00041041711943118163
2016-10-19,0.000218081376766767,23219323.87093596129541220140145682,0.53151496,106470915651.67663246,0.00041030148383173825
2016-10-20,0.000219226309884829,23344266.61729405419695051006410105,0.53437897,106484785651.67663245,0.00041024501747295364
2016-10-21,0.000217036896261162,23114157.21194681891673441684651852,0.52912817,106498745651.67663246,0.0004101783056856753
2016-10-22,0.00022205507820116,23651649.4335368971255944540476652,0.54136467,106512535651.67663247,0.0004101765233426851
2016-10-23,0.000217945814290108,23216962.42857159760627012692970568,0.53354783,106526305651.67663246,0.0004084841171411155
2016-10-24,0.000216840173052653,23102198.79897653069739154530891638,0.5364938,106540215651.67663246,0.00040418020311260445
2016-10-25,0.000222445162676969,23702420.89661825595927458509304405,0.5503376,106553995651.67663245,0.0004041976464573182
2016-10-26,0.000215373424246739,22951905.52367621848323878365654794,0.53298013,106567955651.67663246,0.00040409278343404474
2016-10-27,0.000217351118645935,23165661.6446284345215188582409688,0.53801884,106581745651.67663248,0.0004039842148388986
2016-10-28,0.000216450584114194,23072698.42335841540675692968942112,0.53586305,106595685651.67663248,0.0004039289219777217
2016-10-29,0.000219951604254099,23448922.99875853921372036251399453,0.54501406,106609465651.67663247,0.0004035705138581177
2016-10-30,0.000221402581763711,23606659.64928176132902401773029617,0.54865595,106623235651.67663247,0.0004035362812773852
2016-10-31,0.000221810981470367,23653274.41142816950599933565501649,0.54975708,106637075651.67663247,0.0004034708956733526
2016-11-01,0.000222018829076216,23678495.87157348867984096385033352,0.55031981,106650845651.67663247,0.0004034360112826322
2016-11-02,0.000223114869610125,23798477.43117880281713440181575875,0.55313543,106664685651.67663247,0.0004033639096488992
2016-11-03,0.000216601192099074,23106674.16740559373456211492533278,0.53714865,106678425651.67663247,0.00040324255138512213
2016-11-04,0.000222104012953112,23696773.68917646470467728816674664,0.55080256,106692235651.67663247,0.0004032370745573731
2016-11-05,0.000225888467910883,24103644.83912386149023688950417101,0.56015935,106705955651.67663247,0.00040325751576026183
2016-11-06,0.000226037891697432,24122719.87186467411276105790681704,0.56057818,106719805651.67663247,0.00040322277919813425
2016-11-07,0.000241178839288007,25741846.12369255522427673421778729,0.59739316,106733435651.67663247,0.00040371878259872775
2016-11-08,0.000232673801717179,24837280.48839915547352871406820213,0.57645771,106747215651.67663247,0.00040362683624645937
2016-11-09,0.000229565461286537,24508650.98811479415687193129519102,0.56887208,106761055651.67663246,0.0004035449609102577
2016-11-10,0.00022812157078415,24357652.353942765271350393543509,0.56579008,106774875651.67663246,0.00040319118140804094
2016-11-11,0.000224120421164107,23933558.82187837167508716278311322,0.55599131,106788835651.67663246,0.00040310058292836805
2016-11-12,0.000219625529293173,23456576.59988421751595506470819558,0.54502513,106802595651.67663246,0.00040296404184734196
2016-11-13,0.000221677693498209,23678754.57965548759262787816126414,0.55022196,106816135651.67663246,0.00040288776096506396
2016-11-14,0.000222696578586543,23790672.29507786628549708891298578,0.5527962,106829985651.67663246,0.00040285475657492404
2016-11-15,0.000217919942033666,23283378.50067428480751106514705172,0.54107428,106843725651.67663242,0.00040275420600969245
2016-11-16,0.000219260543726161,23429650.13864600127981036457200123,0.54463862,106857575651.67663243,0.0004025798679611832
2016-11-17,0.000215431436986709,23023471.26390203986880358215823996,0.53523534,106871455651.67663244,0.0004024985289400154
2016-11-18,0.000213927403062439,22865665.91376178743393906460354555,0.53166748,106885165651.67663245,0.0004023706754876921
2016-11-19,0.000212955726789017,22764729.88688881843872429293791148,0.52929799,106898885651.67663244,0.00040233617132953215
2016-11-20,0.000217411393647809,23244016.41913570112084637650432396,0.54041377,106912595651.67663244,0.00040230542913036616
2016-11-21,0.000219137472827911,23431599.84407830345674004412003284,0.544783,106926485651.67663244,0.0004022472669446568
2016-11-22,0.000222845164438826,23831136.68344112576374217006711544,0.55398989,106940335651.67663244,0.0004022549300291852
2016-11-23,0.000212313018051194,22707751.08700391159008503744113336,0.52800507,106954115651.67663244,0.0004021041276198238
2016-11-24,0.00021989942228396,23522160.8647808257435095288961812,0.54684792,106967815651.67663247,0.0004021217128958997
2016-11-25,0.000220695952109824,23610405.11057498156217745544548352,0.54887451,106981595651.67663248,0.00040208817878939945
2016-11-26,0.000219418201138367,23476741.63234276400558694506359282,0.54574022,106995415651.67663246,0.0004020561305493793
2016-11-27,0.000215014536588032,23008521.8629764706841260067328384,0.53490883,107009145651.67663245,0.00040196482938603196
2016-11-28,0.00021458536572124,22965512.8703026208998152022954504,0.5339157,107022735651.67663246,0.0004019087015445322
2016-11-29,0.000210791999113559,22562441.11236666473872043424552514,0.52456964,107036515651.67663246,0.00040183796971848964
2016-11-30,0.000211419128566364,22632484.44783167034641587914657544,0.52623867,107050315651.67663246,0.00040175521226207874
2016-12-01,0.000214708723202855,22987633.9258100062017478118576733,0.53479099,107064275651.67663246,0.00040148156423288847
2016-12-02,0.000215084046990817,23030803.06187523373932817863421165,0.53563105,107078155651.67663245,0.00040155261161730076
2016-12-03,0.000213606150588553,22875481.18120112530963686606423038,0.5325463,107091865651.67663246,0.00040110343567977653
2016-12-04,0.000212130618359639,22720412.29757274723522329888487833,0.52900012,107105765651.67663247,0.0004010029683162246
2016-12-05,0.000215483338337811,23082516.08525372770335331975132317,0.53738331,107119725651.67663247,0.0004009862873073058
2016-12-06,0.00021239113393732,22754219.4915079170765574296567804,0.52975968,107133565651.67663247,0.0004009197792050161
2016-12-07,0.000210948407144873,22602585.09934710584129632406582631,0.5262616,107147455651.67663247,0.0004008432443957017
2016-12-08,0.000214278321092588,22962310.37659955579420311891713236,0.53458476,107161145651.67663247,0.00040083133139184136
2016-12-09,0.000213691164822138,22902309.05929303851510952999384224,0.5331863,107174805651.67663248,0.00040078142447046747
2016-12-10,0.00021605192636077,23158322.0191237636968930159162019,0.53910213,107188685651.67663247,0.0004007625166696522
2016-12-11,0.000226601296711986,24292240.38752173539869231996578542,0.56539242,107202565651.67663247,0.00040078587666949266
2016-12-12,0.000223039183126012,23913441.6911224423098583641582894,0.55748234,107216325651.67663245,0.0004000829571139635
2016-12-13,0.000214078698966025,22955713.6197051827099722559521715,0.53541108,107230255651.67663246,0.0003998398743747047
2016-12-14,0.000215910610617791,23155125.22266964926646935904409586,0.54005377,107244035651.67663246,0.00039979465492443654
2016-12-15,0.000212384830973824,22779988.26785896906340792672872704,0.53210404,107258075651.67663246,0.0003991415494116978
2016-12-16,0.000218028728475614,23388363.73125294164125326618131816,0.55525292,107271935651.67663244,0.0003926656134930618
2016-12-17,0.000215389973764181,23108282.55678417622675862529934802,0.54862974,107285785651.67663242,0.0003925962412540395
2016-12-18,0.000218694808435182,23465879.82485249910280641560980044,0.5570601,107299665651.67663242,0.00039258745768218194
2016-12-19,0.000214437319303088,23012009.7550963555533599027608512,0.54630532,107313455651.6766324,0.00039252284657064667
2016-12-20,0.000222616740716754,23892843.84325006723420204157206206,0.56709369,107327255651.67663239,0.0003925572522535985
2016-12-21,0.000220685778482779,23688606.91307122005743794232861181,0.56219568,107340885651.67663239,0.00039254264366239705
2016-12-22,0.000222564615175042,23893372.10447222668157766093681038,0.56698958,107354765651.67663239,0.0003925373993205342
2016-12-23,0.000231407469858991,24845906.63244104540479268304331849,0.58960983,107368645651.67663239,0.0003924755967162063
2016-12-24,0.000231358179612072,24843839.53840930793159583755021208,0.5894894,107382585651.67663239,0.0003924721625394315
2016-12-25,0.000229460417600104,24643235.56260476943975886043376856,0.58609692,107396455651.67663239,0.0003915059263578863
2016-12-26,0.0002334255261588,25072323.451406978351030636363532,0.59628749,107410375651.67663239,0.00039146473818996267
2016-12-27,0.000224142818340346,24078364.21273972550537021014740694,0.57273395,107424205651.67663239,0.00039135591375427626
2016-12-28,0.000222168779459569,23869363.91813988975318353008083991,0.56774442,107437975651.67663239,0.00039131829681314875
2016-12-29,0.000227371667076459,24431503.00254740715355203776590701,0.58102437,107451835651.67663239,0.0003913289679681749
2016-12-30,0.000229820290334241,24697790.48103079419517524238666599,0.58761462,107465665651.67663239,0.00039110716873286955
2016-12-31,0.000230273625424382,24749702.33344069576716754635693298,0.58864947,107479535651.67663239,0.00039118972692591054
2017-01-01,0.000227751956805271,24481812.98315601749445674828132769,0.58220816,107493315651.67663239,0.00039118647324570474
2017-01-02,0.000221076828576049,23767352.07454576107894593133162711,0.56547047,107507205651.67663239,0.000390960872945406
2017-01-03,0.000226555874697678,24359522.28046582012788360839259042,0.57951067,107521035651.67663239,0.00039094340523131003
2017-01-04,0.000219461872514178,23599811.75495241640113302156902542,0.56153425,107534905651.67663239,0.0003908254438873105
2017-01-05,0.0002274073772592,24457348.613205529800917724145488,0.58193026,107548615651.67663239,0.00039078115178131477
2017-01-06,0.000220379134219613,23704525.25863469985943621052906507,0.56420238,107562475651.67663239,0.0003906029857931705
2017-01-07,0.000224590671520036,24160634.72595469882936574289156604,0.57535188,107576305651.67663239,0.000390353589389568
2017-01-08,0.000224758014093763,24181749.72030969143055262954278357,0.57583485,107590155651.67663239,0.00039031679672351017
2017-01-09,0.000233339641352071,25108268.41982637872021301563217969,0.59787113,107603955651.67663239,0.0003902841760432068
2017-01-10,0.000223400387379324,24041796.9193888971773133257084976,0.57255533,107617525651.6766324,0.0003901813076813449
2017-01-11,0.000209137436347892,22509760.43126039192569811594498512,0.53646228,107631425651.67663236,0.00038984555698471854
2017-01-12,0.000214783059256453,23120321.47971468764266295545349002,0.55092388,107644995651.67663234,0.0003898597738338243
2017-01-13,0.000214393211540196,23081308.51851629531530001805434256,0.55004483,107658765651.67663236,0.0003897740690339658
2017-01-14,0.000211482888237681,22770881.90486019318958286710071078,0.54265985,107672455651.67663238,0.0003897153773909771
2017-01-15,0.000211949076141423,22824000.27901119200252974526107674,0.54389738,107686245651.67663238,0.00038968578253019534
2017-01-16,0.000206551385614474,22245573.00495735239046216559277864,0.53016794,107699945651.67663236,0.00038959614497714436
2017-01-17,0.000216488517921651,23318797.81546187096498891519044287,0.55571055,107713785651.67663237,0.0003895706459444597
2017-01-18,0.000210254891473507,22650258.13754294441057986883362159,0.5398343,107727615651.67663237,0.0003894804229251587
2017-01-19,0.000214735109731099,23135871.15460002085922001257907463,0.55132808,107741445651.67663237,0.0003894869815647681
2017-01-20,0.000212395247937167,22886702.11671819460012313239766746,0.5453774,107755245651.67663238,0.00038944636858286936
2017-01-21,0.000208120606241818,22428959.11512910072836196216886684,0.53463709,107769045651.67663238,0.00038927453806434937
2017-01-22,0.000209937332637708,22627596.93400159616768141204178504,0.53948977,107782625651.67663238,0.00038914052557049967
2017-01-23,0.000209660991126083,22600715.92502919659592383342036754,0.53896412,107796475651.67663238,0.0003890073259906113
2017-01-24,0.000202175807546009,21796651.78097438491375513702917142,0.51990708,107810385651.67663238,0.00038886911781622403
2017-01-25,0.000203832039525847,21977984.94350730638811602492712586,0.5242295,107823995651.67663238,0.0003888221466473119
2017-01-26,0.000208905783761333,22527945.48688148746701497909976254,0.53732516,107837825651.67663238,0.0003887883898109908
2017-01-27,0.000207095260763866,22335535.68670953983478414126958108,0.53276137,107851505651.67663238,0.00038872048993316837
2017-01-28,0.000209908110078733,22641817.14597602485523405809717454,0.54003847,107865375651.67663238,0.0003886910317310042
2017-01-29,0.000206245711854987,22249611.18923787249265122818722893,0.53068256,107879145651.67663239,0.000388642339885801
2017-01-30,0.000209619014512517,22616429.70987817295425642591750046,0.53939269,107893025651.67663238,0.0003886204214456762
2017-01-31,0.00020824284559173,22470818.1851904591377969347782174,0.53590415,107906795651.67663238,0.0003885822597039601
2017-02-01,0.000213569073308737,23048516.55409062182446007219110406,0.5499009,107920665651.67663238,0.000388377384559176
2017-02-02,0.000211801847934247,22860704.45469126471921594463111786,0.54541525,107934395651.67663238,0.0003883313639181284
2017-02-03,0.000209325195313559,22596279.23178544456372763531930483,0.53921459,107948205651.67663237,0.00038820387874437707
2017-02-04,0.000214598500477832,23168469.49953399542796539359862184,0.55276741,107961935651.67663237,0.000388225674299127
2017-02-05,0.000209723810130294,22645080.58525294542666528483801678,0.54029221,107975725651.67663237,0.0003881673772980994
2017-02-06,0.000211628275155958,22853584.14150561801624016322960088,0.54528502,107989275651.67663236,0.0003881057931060677
2017-02-07,0.000207942732071364,22458465.02025645437250425871173904,0.53585068,108003125651.67663236,0.0003880609651766496
2017-02-08,0.000208544393407568,22526301.29789600024932289917770048,0.53744348,108016815651.67663236,0.00038803037187755635
2017-02-09,0.00020780924441678,22449719.0506056049385033226750008,0.53561664,108030415651.67663236,0.0003879813077069077
2017-02-10,0.000206757083876346,22338944.17412281851778121594215656,0.53296588,108044395651.67663236,0.0003879368110325299
2017-02-11,0.000207983926430097,22474374.05410513315880060990813892,0.53616709,108058225651.67663236,0.0003879087887137888
2017-02-12,0.000207485744999609,22423413.05538478038663590263674724,0.5349378,108072065651.67663236,0.00038786891672192356
2017-02-13,0.000207620086936665,22440786.4422214489721512758094794,0.53540215,108085815651.67663236,0.0003877834389284111
2017-02-14,0.000206941747872675,22370339.962662167682482038064763,0.53374437,108099695651.67663236,0.00038771696621863193
2017-02-15,0.000208317714158322,22521941.70158297009647837282849992,0.5373885,108113425651.67663236,0.000387648254769728
2017-02-16,0.000213534948835856,23088933.05589587269387554049790016,0.55083039,108127185651.67663236,0.00038766007234251545
2017-02-17,0.000209604516856903,22666811.80136176874481639905918108,0.54094738,108140855651.67663236,0.00038747672066902884
2017-02-18,0.000204025936721784,22066350.84963658042578665537133024,0.5266573,108154635651.67663236,0.000387397908890248
2017-02-19,0.000208082653885119,22507958.51039028434563082023785084,0.53713819,108168355651.67663236,0.0003873912854439172
2017-02-20,0.000210452826799433,22767225.73445372819710185459745188,0.54331075,108182085651.67663236,0.00038735259112659373
2017-02-21,0.000212359650767225,22976453.233019705963755878262401,0.5482713,108195945651.67663236,0.00038732585631825886
2017-02-22,0.000201719446096927,21827979.69722865073256932242669626,0.52099287,108209595651.67663238,0.00038718273840662536
2017-02-23,0.000210067916942328,22734273.79236895516401785771738064,0.54257172,108223445651.67663238,0.00038717078166611415
2017-02-24,0.000206429991341413,22343395.10399477837961958267075294,0.5333975,108237155651.67663238,0.0003870096716640273
2017-02-25,0.00020409471435663,22093421.3402482978582366767256794,0.52751315,108250825651.67663238,0.000386899766113186
2017-02-26,0.000206765214099731,22385319.21690546878275973940289247,0.53443333,108264435651.67663237,0.0003868868247789317
2017-02-27,0.000208909468441877,22620350.74291074493027419444175849,0.53997974,108278245651.67663237,0.00038688390131429184
2017-02-28,0.000209392457822109,22675529.22589028869364033307284724,0.54125509,108292005651.67663236,0.0003868646442144479
2017-03-01,0.0001994548915255,21602114.739641386526561491980435,0.51584369,108305765651.67663237,0.00038665761623545307
2017-03-02,0.00020888753608132,22626594.6451253482041414840643284,0.54017634,108319505651.67663237,0.00038670249067428603
2017-03-03,0.000216015658888604,23401666.63820497753349211169051148,0.55860002,108333195651.67663237,0.00038670900672113114
2017-03-04,0.000210687091065616,22827315.44642160606955214957958992,0.54494455,108347005651.67663237,0.0003866211545112544
2017-03-05,0.000211958998051857,22968035.07648149920441856038481109,0.54830966,108360745651.67663237,0.0003865680536284132
2017-03-06,0.00021582024568063,23389395.1696420207901689969399931,0.55836164,108374425651.67663237,0.00038652412741074045
2017-03-07,0.00020597171227678,22324898.1295322308965145757473686,0.53303901,108388175651.67663237,0.0003864102034047752
2017-03-08,0.000204536726758322,22172185.27392925777579614783208314,0.52974955,108401975651.67663237,0.00038610080321601405
2017-03-09,0.00021162352002502,22943317.4884746642975740565416472,0.54809962,108415725651.67663236,0.0003861041173957026
2017-03-10,0.000195504980457189,21198535.75411096825749393910861116,0.50671147,108429645651.67663244,0.0003858309748883107
2017-03-11,0.000208601801502244,22621458.48970814868186164897812804,0.54079974,108443255651.67663241,0.0003857283686975219
2017-03-12,0.000219589560331512,23815973.48442950425912868095024344,0.56886475,108456765651.67663237,0.00038601365321284535
2017-03-13,0.000247427469976614,26838577.831928959660144665272355,0.63960146,108470485651.6766325,0.00038684631829422967
2017-03-14,0.000243255891575009,26389473.25134246022509407386694187,0.62882561,108484415651.67663243,0.00038684157850220026
2017-03-15,0.000234124972853829,25402158.18288577606977844826522763,0.60574774,108498285651.67663247,0.0003865057306756588
2017-03-16,0.000229781863415788,24934102.3507199462732265780031206,0.59516987,108512055651.67663245,0.00038607778215619015
2017-03-17,0.000210101861018233,22801475.83693893943633093504873153,0.54463668,108525815651.67663241,0.00038576516921011087
2017-03-18,0.000217782289724798,23638001.66682586554320530630750318,0.56469641,108539595651.67663241,0.00038566260714283264
2017-03-19,0.000229923896189462,24959015.07435176993657741710860962,0.59597848,108553375651.67663251,0.00038579227926059006
2017-03-20,0.000228267578790102,24782343.49533006013738139253991092,0.59181451,108567075651.67663246,0.0003857079793297093
2017-03-21,0.000241119656434962,26180993.07732585768291179486111538,0.62471595,108580915651.67663249,0.0003859668645165246
2017-03-22,0.000235232092667297,25544971.62463767221376848442396874,0.60950528,108594755651.67663242,0.0003859393845895756
2017-03-23,0.000234511145444662,25469916.7909650058070539327162488,0.6077893,108608555651.6766324,0.00038584283310789117
2017-03-24,0.000259599530700713,28198312.55078119418656404603992259,0.67177815,108622355651.67663243,0.0003864364012147656
2017-03-25,0.0002919999638582,31721750.603983727764553484957172,0.75495946,108636145651.67663246,0.0003867756870788797
2017-03-26,0.000274777294995687,29854557.40200675976731008733415689,0.71001097,108650015651.67663247,0.0003870042951529143
2017-03-27,0.000245467582148924,26673422.0030110738923545267109838,0.63491867,108663725651.67663245,0.00038661263835401786
2017-03-28,0.000282677784080562,30720727.7841300667783388636634369,0.73069577,108677545651.67663245,0.00038686112016299474
2017-03-29,0.000271281557208297,29485935.80092752107300001215943765,0.70098313,108691265651.67663245,0.00038700154910760405
2017-03-30,0.000307157232043845,33389568.5757196872519995680293318,0.79155862,108705135651.67663244,0.00038804104242316887
2017-03-31,0.000334770919684301,36395948.11833771705051969281216745,0.86156663,108718965651.67663245,0.0003885606847195336
2017-04-01,0.000334780524461418,36401608.96320351513075612170258574,0.86093292,108732755651.67663243,0.0003888578502276553
2017-04-02,0.000524853897929722,57076100.85706473400853872074538168,1.33180438,108746645651.67663244,0.00039409233503926605
2017-04-03,0.000420786730963819,45764914.51313132638464350485349741,1.05267023,108760355651.67663239,0.0003997327168298652
2017-04-04,0.000428695241128987,46630962.88569747801726398423982815,1.06589594,108774155651.67663245,0.00040219239518727033
2017-04-05,0.000438622775151347,47716848.69361355955352344103535627,1.08950285,108787895651.67663241,0.00040258983732933517
2017-04-06,0.000448207145707783,48765688.4920619742689891399099692,1.1011585,108801675651.6766324,0.00040703236246896607
2017-04-07,0.000392481186377994,42708038.7544913558161378833874056,0.96404553,108815505651.6766324,0.0004071189317977482
2017-04-08,0.000434533510738286,47289941.1480170707683654582280664,1.06613941,108829215651.6766324,0.0004075766327203738
2017-04-09,0.000384966735220708,41900924.98833296592480312753594628,0.94484071,108842975651.67663241,0.0004074408851632864
2017-04-10,0.000396600410007639,43172614.09353582596380043359475082,0.97313363,108856705651.67663238,0.0004075497935547033
2017-04-11,0.000398130832929354,43344740.92831692339567582516888252,0.97670908,108870595651.67663238,0.00040762478928664606
2017-04-12,0.00041049155094559,44696128.5497455060687202113216601,1.0067102,108884405651.67663239,0.0004077554304561431
2017-04-13,0.000430375374402005,46867058.6877556833300552747199219,1.05471133,108898095651.67663238,0.00040805039460608145
2017-04-14,0.000418028313982421,45528168.32595381540583979949851303,1.02424166,108911685651.67663243,0.0004081344572358256
2017-04-15,0.00042093920753559,45850611.9277909573147713071760309,1.03128919,108924545651.67663251,0.0004081679626018284
2017-04-16,0.000449907597638838,49011973.42724832093481936721831634,1.09788052,108937865651.67663243,0.000409796502846082
2017-04-17,0.00046209668241321,50346184.7571657608229868653705324,1.12594718,108951625651.67663244,0.00041040706937354733
2017-04-18,0.000450398047625257,49077774.43634596641358516227829479,1.09680347,108965335651.67663247,0.0004106460819505403
2017-04-19,0.00044595075638277,48599310.1357754353378253741114034,1.0857051,108979095651.67663242,0.00041074759286179085
2017-04-20,0.000438863212582874,47832937.22534775852372853061100382,1.06795839,108992815651.67663243,0.00041093662140045923
2017-04-21,0.00045395655376183,49484208.5641234936835084915989103,1.10414597,109006485651.67663241,0.00041113817022022005
2017-04-22,0.000465005646035301,50694973.95950758289719648012105842,1.13045402,109020125651.67663242,0.00041134414828769507
2017-04-23,0.000528492663919154,57623640.39507084117460897113375576,1.2779141,109033945651.67663244,0.00041355883303827233
2017-04-24,0.00050762420227406,55355178.4476185136063008107665064,1.22622281,109047555651.67663244,0.0004139738701109792
2017-04-25,0.000533354036734688,58168260.95317553787098152957407872,1.28723089,109061255651.67663244,0.0004143421672662687
2017-04-26,0.000549794397242462,59968848.97825757989013725833466728,1.32479511,109075045651.67663244,0.0004150033413411845
2017-04-27,0.000640587297612258,69880864.77691849472800634630444952,1.53443521,109088745651.67663244,0.0004174743211296996
2017-04-28,0.000698221645834575,76177856.740685929188065189318613,1.65979514,109102685651.67663244,0.00042066736370524317
2017-04-29,0.000750331495135679,81873445.78319397625052453161282676,1.76767388,109116365651.67663244,0.0004244739392402398
2017-04-30,0.00075548530077087,82446273.7947968255088859506567315,1.77430996,109130215651.67663245,0.000425791049930684
2017-05-01,0.000677593075986077,73955290.27426894054935269168653788,1.58681136,109144105651.67663244,0.0004270155187104767
2017-05-02,0.000614863297279044,67117245.13076144155698790782095868,1.4356523,109157995651.67663247,0.00042828148380986394
2017-05-03,0.000684548875772912,74733354.67908898652153566060565264,1.59097437,109171685651.67663247,0.0004302702096784324
2017-05-04,0.000741199670200591,80928275.60370088870947075228378977,1.70842244,109185525651.67663247,0.00043385034804424073
2017-05-05,0.000814160297279172,88905771.71846010536400491242991484,1.8597473,109199345651.67663247,0.0004377800668290644
2017-05-06,0.00117057407281608,127842076.7105388732127813247942784,2.56524089,109213145651.67663248,0.0004563213058778585
2017-05-07,0.00120852442297742,132003479.8082554358902897122190532,2.54122473,109226985651.67663246,0.0004755677090303697
2017-05-08,0.00145285646332892,158711021.6789565753490503254619,2.92929058,109240675651.6766325,0.0004959755352536312
2017-05-09,0.00120410349102928,131553671.4606874835615268700172576,2.41684844,109254455651.67663242,0.0004982122466186916
2017-05-10,0.00127093637202981,138872898.7410579193556131341351231,2.50937745,109268175651.67663251,0.0005064747720713797
2017-05-11,0.00120362031608926,131534018.1129330043426259167342722,2.37049157,109281985651.67663247,0.0005077513589678194
2017-05-12,0.00117019811035039,127897756.9447965744820476258476594,2.29814365,109295815651.67663246,0.0005091927610140428
2017-05-13,0.0011521440661808,125940505.699667766216996558170576,2.23268666,109309685651.67663247,0.0005160348233463265
2017-05-14,0.00119124543014756,130231197.9899965455795011530828464,2.29920781,109323565651.67663244,0.000518111248999089
2017-05-15,0.00111830922687819,122272996.0339167303498087932824836,2.15724489,109337375651.67663244,0.0005183969757268448
2017-05-16,0.00104771937972366,114569356.4030214306575403665915304,2.0108716,109351185651.67663244,0.0005210274886390855
2017-05-17,0.00129005287542666,141086627.1114696073329862032596502,2.42896341,109364995651.67663247,0.0005311125190752297
2017-05-18,0.00145998637398122,159691449.0548780211780676128824012,2.6763545,109378725651.67663246,0.0005455130753348333
2017-05-19,0.00146731232888199,160513206.9999705138855514865210352,2.67058965,109392665651.67663248,0.0005494338409055057
2017-05-20,0.0017890638297464,195734846.296955505252108983130968,3.16440683,109406295651.67663237,0.0005653709923721786
2017-05-21,0.00285487216848263,312380557.0410089702110906230345172,4.42518205,109420155651.67663244,0.0006451423096780007
2017-05-22,0.0031984612575473,350020619.242775430178685835740831,4.5106963,109434065651.67663247,0.0007090837078850331
2017-05-23,0.0034756030951123,380397479.636526295556592780476381,4.63627881,109447905651.67663247,0.0007496535988335654
2017-05-24,0.00332918555837466,364418296.358764162131471324213717,4.26670517,109461695651.67663245,0.0007802708239094617
2017-05-25,0.00292369329484887,320073123.430258976154991198030275,3.64574121,109475615651.6766325,0.0008019475674327607
2017-05-26,0.00254838877751144,279021751.0063447888724791738755712,3.16714171,109489475651.67663248,0.0008046336447355997
2017-05-27,0.00224086351753884,245382231.5883689414615900336301348,2.74377793,109503425651.67663247,0.0008167073191447531
2017-05-28,0.00246012284292573,269426123.734282551601016174004225,2.9675293,109517345651.6766325,0.0008290138341433495
2017-05-29,0.00269970731530274,295702548.1137112132760111749169952,3.23325641,109531335651.67663248,0.000834980890149303
2017-05-30,0.00240118730166483,263038412.6978301984290124390350301,2.87596847,109545145651.67663247,0.0008349143346710021
2017-05-31,0.00251277305397699,275297067.9884290379165601146066352,2.98793658,109559065651.67663248,0.0008409726869025411
2017-06-01,0.00267230980347365,292812803.414264844650695034483625,3.10826006,109572925651.6766325,0.0008597446004803246
2017-06-02,0.00292462394506133,320499698.6856051072879674981736782,3.35110832,109586635651.67663254,0.0008727333364924862
2017-06-03,0.00327693957031651,359153971.7415118245738408002494099,3.67337658,109600425651.67663249,0.0008920783096832696
2017-06-04,0.00316469880766457,346895945.9289600091674031313904621,3.44799533,109614205651.67663253,0.0009178373242357524
2017-06-05,0.00378406839384051,414839946.947646224340417298882575,4.00380046,109628025651.6766325,0.0009451191266011568
2017-06-06,0.00367926925964465,403401651.520761692812658273448232,3.82027606,109641785651.67663248,0.0009630898924211905
2017-06-07,0.00329191263972715,360976674.261690211651486578027832,3.38265448,109655605651.67663248,0.000973174369179778
2017-06-08,0.00341218499900574,374212369.05822630711857649137055,3.40001459,109669425651.6766325,0.0010035795167001739
2017-06-09,0.00332975796488597,365218794.0135332975750945964471653,3.29321234,109683285651.67663249,0.0010110972573623871
2017-06-10,0.00319803575652556,350815074.3792785713653864834114444,3.15764565,109697045651.67663249,0.0010127912093383753
2017-06-11,0.00351122698917337,385219963.1553599882797534503847913,3.41863096,109710925651.67663249,0.0010270857048499233
2017-06-12,0.0031460110443149,345195230.19470754221844230157425,3.06810526,109724735651.6766325,0.0010253921484802318
2017-06-13,0.00321073238619133,352341616.2545557056552907873723984,3.12021725,109738705651.67663248,0.0010290092416453788
2017-06-14,0.00285561029973174,313410556.8969117807460398735682326,2.78072082,109752565651.67663249,0.0010269316787190955
2017-06-15,0.00279397355888944,306683904.1901407123368914922441168,2.71087268,109766215651.67663247,0.0010306546594764604
2017-06-16,0.00301042609734414,330484804.7102213314877420878351086,2.91480641,109780075651.67663249,0.0010328048157901984
2017-06-17,0.00326077433461449,358013149.646071964407449028904925,3.1370536,109793905651.6766325,0.0010394385147306662
2017-06-18,0.0030008702830525,329518800.77510378224147502070625,2.88713632,109807745651.6766325,0.0010393933470562622
2017-06-19,0.0030523204653828,335210917.611039880522972722767172,2.92864595,109821665651.67663249,0.0010422292477459763
2017-06-20,0.00314923450076782,345897417.3917438473705992569584718,2.99468573,109835395651.67663249,0.0010516076759639883
2017-06-21,0.00292209665003289,320990141.9483707967006938029425961,2.7529841,109849255651.67663249,0.001061428814657117
2017-06-22,0.00300002296377548,329591539.8244252405432740628333452,2.81875357,109863005651.67663249,0.0010643083509338062
2017-06-23,0.00300020396722987,329652738.2165866174167499953404763,2.81200415,109876775651.67663249,0.0010669272900005746
2017-06-24,0.00284297198512648,312415771.1476990419270348531273352,2.66643695,109890555651.67663249,0.001066206341434955
2017-06-25,0.00262166870392549,288132626.1202879042032361670731701,2.47092334,109904285651.67663249,0.0010610077056965636
2017-06-26,0.00254448506816483,279685411.1141169899109945186533267,2.40778657,109918275651.67663249,0.0010567735113518927
2017-06-27,0.00258249431595432,283898805.5618562447746523951083136,2.44149592,109932015651.67663248,0.0010577508218626555
2017-06-28,0.00272331622515392,299417359.8178040393817183797744,2.57006239,109945865651.6766325,0.0010596303948690988
2017-06-29,0.0025845831179355,284200128.109636108540902823383105,2.43784464,109959755651.67663251,0.0010601918906265907
2017-06-30,0.00246570785449003,271162906.527320951502512755223975,2.32600033,109973655651.6766325,0.0010600634155929077
2017-07-01,0.00228552636632158,251378887.0275774734591639301425658,2.15445632,109987305651.67663251,0.0010608367155578165
2017-07-02,0.00244450362697045,268898052.8462106546719439967399205,2.30530934,110001085651.67663249,0.00106037987377887
2017-07-03,0.00250858180332329,275981114.4681262099658772999544592,2.36554406,110014795651.67663248,0.0010604671651405597
2017-07-04,0.00248374690453386,273283258.37246670047142486702645,2.3420185,110028625651.6766325,0.001060515493167052
2017-07-05,0.00269915457984056,297021625.1406704965408569819157944,2.52529226,110042465651.67663249,0.001068848395330115
2017-07-06,0.00264114309547979,290673844.3230271676107340880523771,2.46525203,110056075651.67663249,0.0010713481069437717
2017-07-07,0.00239408667457052,263516894.3919133941738989906281948,2.22330309,110069905651.67663249,0.0010768152508484662
2017-07-08,0.00238377156485424,262414574.1502602899656287608982576,2.20688847,110083775651.67663249,0.001080150445869265
2017-07-09,0.00228286995779923,251338539.1965388783476406179149827,2.11478878,110097615651.67663249,0.0010794789434239527
2017-07-10,0.00182837658084841,201325243.3641854696721895875878091,1.6992583,110111475651.67663251,0.001075985081755028
2017-07-11,0.00175037495382657,192760471.7726931642991958761637907,1.62648536,110125245651.67663251,0.001076170125396376
2017-07-12,0.0018812395755658,207198063.181752707816262221924158,1.75409806,110139115651.67663251,0.0010724825586807844
2017-07-13,0.00178410499841653,196524474.4506106060890931527193903,1.6683714,110152975651.67663251,0.0010693692054518137
2017-07-14,0.0016463585610852,181373684.969578170182012267199852,1.54480002,110166575651.67663251,0.0010657421930155076
2017-07-15,0.00148183240244916,163268924.8462950396652716652781916,1.39742532,110180425651.67663251,0.0010604018556420317
2017-07-16,0.0012888508193127,142023918.014691970894954808675877,1.22200298,110194225651.67663251,0.0010547034994241177
2017-07-17,0.00152454028930861,168016621.0473464847160061209489111,1.44968257,110208055651.67663251,0.0010516373176154073
2017-07-18,0.00179700411266857,198069020.091777614215654286190525,1.7072572,110221795651.6766325,0.001052567892329621
2017-07-19,0.00165247561881489,182161584.5656637761535406684342228,1.57672124,110235565651.67663252,0.0010480455117195542
2017-07-20,0.00189188980840037,208579783.691299425690373333354025,1.80716345,110249435651.6766325,0.0010468836166426286
2017-07-21,0.0019051493486284,210067988.733931967630672712376716,1.82029624,110263265651.67663249,0.0010466149996708226
2017-07-22,0.00209693094387727,231243768.8125558498331051163320477,1.99716113,110277245651.67663251,0.0010499558159722795
2017-07-23,0.00200970437154643,221652677.947213424389456319796975,1.91248081,110291185651.6766325,0.0010508363592659682
2017-07-24,0.00199830263004316,220422882.8158025448362198384587,1.9027134,110305055651.6766325,0.0010502383753870446
2017-07-25,0.00174821173807207,192860945.648465357612728619904275,1.66825607,110318985651.6766325,0.0010479276949803456
2017-07-26,0.00176926155219784,195207590.9856280124892113449738,1.6874245,110332805651.6766325,0.0010484982007774807
2017-07-27,0.00182532030168958,201418045.54416363948124955473935,1.73921644,110346685651.6766325,0.001049507272188377
2017-07-28,0.00175478460486655,193658916.302850037670026415892875,1.67332645,110360505651.6766325,0.0010486803724799485
2017-07-29,0.00174241853908389,192318323.526920095596709070200425,1.66113227,110374355651.6766325,0.0010489342543949798
2017-07-30,0.00169209416524292,186787171.0110709455371255917193292,1.61406343,110388165651.67663251,0.0010483442805236717
2017-07-31,0.00167471795058399,184892103.4150814304612731911195149,1.59770879,110401935651.67663251,0.0010481997477049558
2017-08-01,0.00179315852104369,197992881.377941084120782284573925,1.70806423,110415715651.6766325,0.0010498191400236101
2017-08-02,0.0017437205862052,192558237.203703748169130689989,1.66237551,110429525651.6766325,0.0010489330333103863
2017-08-03,0.00175190084570844,193485895.7640925944433782560283,1.66765435,110443405651.6766325,0.001050517959976802
2017-08-04,0.00178777818429054,197473089.8284522805506457269636446,1.69791645,110457265651.67663249,0.0010529247091578269
2017-08-05,0.00202657442438931,223877836.2847202466915356655546819,1.92025816,110471065651.67663249,0.0010553656100017875
2017-08-06,0.00193848035024354,214172721.6802690783814458985766146,1.83632324,110484855651.67663249,0.0010556313333177335
2017-08-07,0.00194723109370809,215166437.5701988465273577182698441,1.84085051,110498665651.67663249,0.0010577888226828856
2017-08-08,0.00196773848059146,217459591.8930764773725318762525354,1.85818584,110512445651.67663249,0.001058956772908925
2017-08-09,0.00192805321233583,213100309.4513450833101906213691167,1.81992964,110526155651.67663249,0.0010594108530128834
2017-08-10,0.00192008786928306,212246331.9134782672485838514026194,1.8122434,110539905651.67663249,0.0010595088216533495
2017-08-11,0.00187800342607374,207620331.8791678123833375113590752,1.76647861,110553755651.67663248,0.0010631339748143002
2017-08-12,0.00184018633020195,203464830.866605490492789820933375,1.73214718,110567515651.6766325,0.0010623729619800265
2017-08-13,0.00179031087891884,197975111.4474427620426417832171116,1.68585787,110581415651.67663249,0.0010619583719230375
2017-08-14,0.00174233989010539,192694455.8847241719457272263981211,1.64194309,110595215651.67663249,0.0010611451156357617
2017-08-15,0.00170164542045577,188217358.9777045371765963545899673,1.60623733,110609035651.67663249,0.0010593985015002545
2017-08-16,0.00173222919458253,191624088.1810474524736581017843997,1.63544733,110622825651.67663249,0.0010591776101909255
2017-08-17,0.00167761786201455,185605945.8339126315254654313827295,1.58539192,110636605651.67663249,0.0010581723300409846
2017-08-18,0.0016426680880236,181761955.997598918404006547646764,1.55391678,110650445651.67663249,0.0010571145824318853
2017-08-19,0.00164591262317224,182143695.3110544719228677044500776,1.55878686,110664255651.67663249,0.0010558933138378136
2017-08-20,0.00168928988917278,186967269.6869829204350225821716222,1.60037167,110678025651.67663249,0.00105556098051447
2017-08-21,0.00169176572440226,187264890.3738760441039702149454274,1.60333886,110691975651.67663249,0.0010551517003724714
2017-08-22,0.00169110681747797,187215105.9169870876949745643612453,1.60334969,110705665651.67663249,0.001054733616768261
2017-08-23,0.00171948197152838,190380125.0853136867495807368650662,1.63409307,110719465651.67663249,0.0010522546133363015
2017-08-24,0.00179650296653485,198932640.237328680257011182561928,1.70642297,110733265651.67663248,0.0010527887857339673
2017-08-25,0.00171964148329886,190445162.2661712688120132462229728,1.63687538,110747015651.67663248,0.0010505634725221783
2017-08-26,0.00175388774241728,194262107.0671253573008426853612544,1.66986617,110760855651.67663248,0.0010503163510506234
2017-08-27,0.00175913573538205,194867655.331505534051752730238984,1.67486406,110774655651.67663248,0.0010503155315077033
2017-08-28,0.00180131294017253,199564840.9052601985631320606017744,1.71450826,110788545651.67663248,0.001050629490797863
2017-08-29,0.00187682963272306,207957219.5357714345203389532409888,1.78834088,110802395651.67663248,0.0010494809203953667
2017-08-30,0.00211023948850587,233849007.4636889029822730283126576,2.00154516,110816335651.67663248,0.0010543052091344619
2017-08-31,0.00207808683389065,230314915.847352350433133928558312,1.96941065,110830265651.67663248,0.0010551820839857092
2017-09-01,0.00250876436250343,278081641.7019168690850192448494064,2.35385524,110844065651.67663248,0.0010658108110775026
2017-09-02,0.00222382452572233,246528707.364372651498687644453725,2.0801541,110857985651.6766325,0.001069067203108813
2017-09-03,0.00218916707295772,242717059.4937132381880771137483228,2.04037116,110871875651.67663249,0.0010729259047935768
2017-09-04,0.00194820225010376,216027644.8807821252251770473861248,1.82206502,110885635651.67663248,0.0010692276228999556
2017-09-05,0.00201489062779874,223450374.5650766447429470521090878,1.88634014,110899505651.67663247,0.001068148095390018
2017-09-06,0.00204733125450847,227076440.9880288564005568597821903,1.91675871,110913385651.67663249,0.001068121534456713
2017-09-07,0.00201186462077676,223170158.3966043370325698448529324,1.88483212,110927025651.67663249,0.0010673972495634039
2017-09-08,0.00179342294693658,198963948.0154135201110881865281184,1.68877033,110940895651.67663248,0.0010619697155246563
2017-09-09,0.00171430758676708,190210442.2569498572439999527874168,1.62132778,110954675651.67663246,0.0010573479390867404
2017-09-10,0.00155993261908672,173103360.4587070381213402626886656,1.48325804,110968485651.67663248,0.0010516933514054777
2017-09-11,0.00153686193389691,170564603.8411284255989886722776368,1.462151,110982385651.67663248,0.001051096592552281
2017-09-12,0.0014933217851151,165753111.697635904917397339347297,1.42478143,110996245651.67663247,0.0010481058734146333
2017-09-13,0.00137434280150072,152565953.3396441885104314438653712,1.31382333,111010115651.67663246,0.0010460636298038031
2017-09-14,0.000951642718555946,105655043.81692448023496487057516662,0.93182037,111023855651.67663247,0.0010212727143493825
2017-09-15,0.000976881973965487,108470567.01167300664948214068425315,0.99604924,111037535651.67663245,0.0009807567083385225
2017-09-16,0.000911378295977261,101209822.6211387013213969154558564,0.95494148,111051385651.6766324,0.0009543813051007702
2017-09-17,0.00087718104203859,97424389.3176826282410636642355071,0.94003182,111065315651.67663269,0.0009331397335449666
2017-09-18,0.000962636267459462,106928804.53635324753908426235036342,1.05035361,111079135651.67663241,0.0009164877982943877
2017-09-19,0.000856763816992429,95180433.29273927940453961943413114,0.94792501,111092965651.67663266,0.0009038307966918491
2017-09-20,0.000837515340347721,93053620.64969843208908404692605529,0.92834045,111106765651.67663249,0.0009021640071244564
2017-09-21,0.000745225090777072,82809915.59973029278316134007781072,0.83450512,111120675651.67663251,0.0008930144020890753
2017-09-22,0.000776104316666571,86252000.61104433223276396710217185,0.87022769,111134545651.67663235,0.0008918405212623962
2017-09-23,0.000940505969650023,104535795.46284240684998943097354842,1.0454142,111148465651.67663254,0.0008996491243853613
2017-09-24,0.000877289452040164,97521526.98557513935124274396138576,0.98002007,111162315651.67663284,0.0008951749855900033
2017-09-25,0.00113730184304805,126440664.7573538264435292252076905,1.2646819,111175995651.67663221,0.0008992789752490726
2017-09-26,0.00114987268484106,127854327.3287323480060379544081984,1.27490585,111189985651.67663264,0.0009019275304455306
2017-09-27,0.00115156175192104,128058060.7721491113292412830209584,1.2746339,111203815651.67663246,0.0009034451005273279
2017-09-28,0.00107680802745975,119760150.545621827850187409291875,1.19335538,111217735651.6766325,0.0009023364250972329
2017-09-29,0.00109559530252981,121864890.3805433358129191237660174,1.21613294,111231665651.67663254,0.000900884489264644
2017-09-30,0.00115358850848731,128331606.1559447708164655050381943,1.27057189,111245565651.67663253,0.0009079285615922999
2017-10-01,0.00107253958676214,119330074.0594670886295453488992784,1.18244761,111259365651.67663256,0.0009070504077234677
2017-10-02,0.00106558903309782,118571571.5554069685217301613531064,1.17664092,111273265651.67663252,0.0009056195607219065
2017-10-03,0.001014635187416,112915793.00716936450111890474584,1.12146839,111287085651.67663249,0.000904738106275113
2017-10-04,0.00100220074977222,111545871.1384524349940134641514278,1.10824507,111300925651.67663249,0.0009043132939650434
2017-10-05,0.000995925169548711,110861286.40668973207966127750022039,1.10169902,111314875651.67663249,0.0009039902473079362
2017-10-06,0.00102311088201629,113901569.308583528219330677343425,1.13221821,111328665651.6766325,0.0009036340106350082
2017-10-07,0.00104135793677513,115947516.5101762746401282075174763,1.15286184,111342615651.67663251,0.0009032807754094194
2017-10-08,0.00103487497545649,115240081.7506988541198605544516654,1.1479051,111356525651.67663246,0.0009015335635815974
2017-10-09,0.00096121777460963,107051261.5387651029191733249787824,1.06763851,111370455651.67663248,0.0009003213780754591
2017-10-10,0.000975524579714149,108658108.44711256374829369553181803,1.08446477,111384285651.67663247,0.0008995447401340191
2017-10-11,0.00102916305998468,114646949.0801739962228452415907128,1.14353907,111398235651.67663246,0.0008999806713947079
2017-10-12,0.00104895008882759,116865853.5043048164966527189610196,1.16556997,111412215651.67663244,0.0008999460485650552
2017-10-13,0.00103467087665867,115289356.7639906117413679561626681,1.15000798,111426115651.67663243,0.0008997075626020177
2017-10-14,0.00106441489079147,118618412.0896790902433138336931162,1.18295272,111440015651.67663246,0.0008997949561259473
2017-10-15,0.0010605383048164,118201136.164996119098377784484016,1.17748184,111453905651.67663244,0.0009006833640987618
2017-10-16,0.00116024043972971,129329351.4233675739312194098096837,1.28477534,111467715651.67663247,0.0009030687339700262
2017-10-17,0.00106420223768442,118638729.4286516882093633785619616,1.18032528,111481375651.67663248,0.0009016177622531478
2017-10-18,0.00102893467964233,114721355.7342911720413725316680318,1.14144147,111495275651.67663246,0.0009014344639522603
2017-10-19,0.00104510670080227,116539049.3809066292932030269156615,1.15988743,111509235651.67663245,0.0009010414922784964
2017-10-20,0.00104529176320268,116574183.744479834093045329214966,1.16110165,111523105651.67663245,0.0009002586149134144
2017-10-21,0.000998668685314778,111388554.74485427875018666896564166,1.11062521,111537045651.67663247,0.0008991950446674786
2017-10-22,0.00104394465077268,116453044.3200412918531708393691928,1.16331466,111550975651.67663246,0.0008973880297981287
2017-10-23,0.00101248269758946,112957425.2574264138599406793657662,1.12853973,111564795651.67663247,0.0008971617663734887
2017-10-24,0.00107202167786622,119614759.086201131803756951210839,1.19411012,111578675651.67663245,0.0008977578029957739
2017-10-25,0.0010558302382839,117822710.158000047807907926201072,1.17520534,111592475651.67663248,0.0008984219202781193
2017-10-26,0.00103482262122304,115492729.7594877962696090599761088,1.15383662,111606305651.67663247,0.0008968536821296588
2017-10-27,0.00100280815177021,111933622.0455240393458251220647187,1.11645251,111620175651.67663247,0.0008982094113167518
2017-10-28,0.000999095796636039,111533255.63643530603030180772594672,1.1116532,111634195651.67663248,0.000898747735927031
2017-10-29,0.00115982158547976,129491813.3234442161722644619986048,1.2850069,111648045651.67663248,0.0009025800448851753
2017-10-30,0.00113574292592037,126819253.5109672954200039677172102,1.25906922,111661935651.67663246,0.0009020496314891805
2017-10-31,0.00112764450075458,125930687.0455654526325590683292126,1.24870403,111675875651.67663247,0.0009030518631020834
2017-11-01,0.00110314765910258,123210347.6502691868090643532797984,1.22141795,111689805651.67663248,0.0009031696800448855
2017-11-02,0.00115335544521874,128833996.4295914207125196001886752,1.27426528,111703635651.67663248,0.0009051140789292633
2017-11-03,0.00112054765718258,125184822.8406976063176026954900242,1.23752145,111717535651.67663249,0.0009054773613682252
2017-11-04,0.00115717745113161,129293016.9162610844713155955693767,1.27657211,111731365651.67663247,0.0009064724523329982
2017-11-05,0.00117091986698057,130844798.4293643395299682045211079,1.29107575,111745305651.67663247,0.0009069335141493981
2017-11-06,0.00114663983749317,128147660.6043896344686470722252299,1.26449054,111759295651.67663247,0.0009067998543454268
2017-11-07,0.00118190410383853,132105127.7256173182071545131118397,1.30354006,111773135651.67663249,0.0009066879799908336
2017-11-08,0.00124374241561343,139034240.4434084465566506358622064,1.3698144,111787005651.67663248,0.0009079641852308094
2017-11-09,0.00139773197754828,156267575.1523286740864740770161344,1.53158715,111800815651.67663248,0.0009126036200736471
2017-11-10,0.00116672582712292,130457093.2686999853563071526244416,1.28120549,111814695651.67663248,0.0009106469151353074
2017-11-11,0.00117721333756798,131645937.7406497087279426794759904,1.29291993,111828445651.67663248,0.0009105075343435845
2017-11-12,0.00102477720184541,114613383.5470321532863440303449168,1.12794004,111842245651.67663248,0.0009085387214779697
2017-11-13,0.00120211958081243,134464198.4557798494218848007338507,1.32044543,111855925651.67663249,0.0009103894439715165
2017-11-14,0.00117478539106978,131422931.14642784267084980291585,1.29087733,111869735651.6766325,0.0009100674121140386
2017-11-15,0.00127856295385458,143050194.97302004073070558910185,1.4015458,111883575651.6766325,0.0009122519962277223
2017-11-16,0.00136686833624795,152949143.711719458322191741028375,1.49507718,111897495651.6766325,0.0009142460031715218
2017-11-17,0.00128605196001412,143923831.1441955989829658544507588,1.40595551,111911365651.67663249,0.0009147173938769369
2017-11-18,0.00134526377751686,150568978.7648770154602112612236128,1.46932371,111925245651.67663248,0.0009155666435933711
2017-11-19,0.00134903207772712,151009444.2761969285483071739688576,1.47217947,111939105651.67663248,0.0009163502855579965
2017-11-20,0.00136340888026863,152637572.1032832139706383161831024,1.48650061,111952895651.67663248,0.0009171936231285032
2017-11-21,0.00135062021876579,151224577.5189654349075471312145171,1.4708869,111966765651.67663249,0.0009182352625248004
2017-11-22,0.00188722918608762,211333067.2616124313742683434005262,2.00552802,111980605651.67663251,0.0009410136219825142
2017-11-23,0.00193760363301154,217000747.891620461095906402489627,2.02933946,111994395651.67663255,0.0009547952283013014
2017-11-24,0.0019206688769768,215130828.214702378664591115856232,2.00473731,112008285651.67663249,0.0009580651127687147
2017-11-25,0.00205213249769645,229884039.2975909597512799183198025,2.13075602,112022025651.67663245,0.0009631006452331647
2017-11-26,0.00199266777445984,223250099.6543861502459513267104064,2.0460601,112035785651.67663246,0.0009739048107432621
2017-11-27,0.0020056481827795,224731827.22218106945587608637816,2.05271975,112049475651.67663248,0.000977068683038442
2017-11-28,0.00235597683052126,264018127.5911428217231777047621626,2.36275894,112063125651.67663251,0.0009971295804392386
2017-11-29,0.00207983676482957,233101356.8871773525535900404849551,2.08163977,112076755651.67663243,0.0009991338534186297
2017-11-30,0.00206461669378526,231424011.767950360672731080247687,2.06047339,112090545651.67663245,0.0010020108504217374
2017-12-01,0.00211454116747613,237049253.9334439239402950408088959,2.1044159,112104345651.67663243,0.0010048114384025183
2017-12-02,0.00211192809251719,236785292.5284625093666237038619874,2.08895109,112118065651.67663246,0.001010999301337012
2017-12-03,0.00220259290954242,246980852.2181461811841776651189532,2.17143033,112131865651.67663246,0.0010143511763246024
2017-12-04,0.00245641196071387,275475561.4230833861468306192142202,2.4021409,112145505651.67663246,0.0010225927882556221
2017-12-05,0.00246912866043779,276935780.8106435769843459567115297,2.39897458,112159315651.67663243,0.0010292433613188973
2017-12-06,0.00262807246068395,294799076.0732871131224744581915355,2.52427889,112173115651.67663249,0.0010411181074702685
2017-12-07,0.0026857462895002,301306049.018831642634717906971502,2.54886076,112187085651.67663251,0.0010537045929100498
2017-12-08,0.00277445501620157,311296504.2304041284248329784889936,2.59941657,112200955651.67663248,0.0010673375896044128
2017-12-09,0.0026217783793305,294202508.60504255328590784454125,2.44585486,112214865651.6766325,0.0010719272113025138
2017-12-10,0.00258663939034051,290295242.4983452005128401912291699,2.40501872,112228725651.67663249,0.0010755173624347131
2017-12-11,0.00268712966977607,301610194.017925197906556326684275,2.48427044,112242515651.6766325,0.001081657466316779
2017-12-12,0.00327784237276071,367958475.2746432332213944922918963,2.93507053,112256305651.67663253,0.0011167848742499248
2017-12-13,0.0034909869218284,391933714.9113803884159257244059,2.90422064,112270175651.67663225,0.0012020391542387771
2017-12-14,0.00370757345799887,416300754.2031364341381404259055575,2.98287902,112283885651.67663225,0.0012429513343115302
2017-12-15,0.00370198186634417,415723662.7365568084328090503677157,2.9276821,112297595651.67663221,0.0012644753562363106
2017-12-16,0.00580812754687189,652319433.6436100713583653577042683,3.9614022,112311485651.67663247,0.0014661797145646787
2017-12-17,0.00602044992639097,676248817.9379805249923082050641638,3.81712866,112325295651.67663254,0.001577219544491584
2017-12-18,0.00630626914928975,708440005.6030552146095967382597725,3.88180335,112339005651.67663251,0.0016245720302368615
2017-12-19,0.0055820343289742,627157943.768688243393944521960984,3.39700147,112352935651.67663252,0.0016432239957123716
2017-12-20,0.00662160196762844,744047533.0230480629577078297808688,3.92180663,112366695651.67663252,0.0016884060312857495
2017-12-21,0.00736818468185703,828041204.4641929732281050036700453,3.96438723,112380625651.67663251,0.0018585935869481222
2017-12-22,0.00627755070996428,705561016.0151320304535430010963872,3.25037396,112394315651.67663224,0.0019313318366494295
2017-12-23,0.00746904011249629,839581023.5340993097473126055694267,3.65746945,112408155651.67663223,0.002042133287674157
2017-12-24,0.00873973311527456,982536927.3222435623614569048719456,3.83598,112421845651.67663251,0.00227835732075625
2017-12-25,0.00904498172957087,1016978089.3224676905330173084266142,3.63002993,112435615651.67663266,0.0024917099594192246
2017-12-26,0.00932705486281018,1048822615.2385227275835869157965806,3.63857259,112449495651.67663267,0.0025633829289111914
2017-12-27,0.0086878958009295,977069133.414020285007553384029585,3.33242621,112463265651.67663263,0.0026070782227251474
2017-12-28,0.00819389556778922,921623772.8810523963540166059258174,3.10034418,112476875651.67663267,0.0026428986886834027
2017-12-29,0.00944054496456765,1061973753.611496813408636963352155,3.4087212,112490725651.6766327,0.0027695268725901226
2017-12-30,0.00793850428576114,893117023.9730161995690981002828324,2.85974267,112504445651.67663266,0.00277595056682535
2017-12-31,0.00903469055713837,1016567621.841883905706769909566699,3.20663297,112518255651.6766327,0.002817500674902114
2018-01-01,0.00880373030629959,990702573.0692821333568318024646012,3.08423378,112532135651.67663268,0.0028544302845615
2018-01-02,0.00901145237803991,1014201798.7798853970583624036698597,3.10793845,112545875651.67663267,0.0028994951228972733
2018-01-03,0.00920949731008205,1036618490.612689471146038158511394,3.12890781,112559725651.67663268,0.002943358471811942
2018-01-04,0.00952449809146595,1072207092.1788345705586119217919055,3.13490225,112573605651.67663269,0.003038212145678848
2018-01-05,0.0126493674326733,1424160600.822565174566586428870177,3.8410883,112587495651.67663269,0.00329317277935873
2018-01-06,0.0146194629167751,1646171635.717549190956628252870268,3.92846518,112601375651.67663268,0.0037214184794620224
2018-01-07,0.0167628395087521,1887751959.611328540899705521791107,4.04591791,112615285651.67663267,0.00414314869496502
2018-01-08,0.0146720561455998,1652503055.999636057748098024337462,3.4559342,112629275651.67663269,0.004245467447152148
2018-01-09,0.0128841544557477,1451312717.689843104467813029424928,3.05947549,112643225651.67663264,0.004211229832649419
2018-01-10,0.0126491777134883,1425020888.501279080930014720633463,2.95975019,112657195651.67663261,0.004273731531879149
2018-01-11,0.0110876216151261,1249255584.309631680710478720824643,2.61160623,112671195651.67663263,0.004245518136601359
2018-01-12,0.0126084678015742,1420786021.987439668876653669086146,2.89973011,112685065651.67663263,0.004348152180815958
2018-01-13,0.0122354863116412,1378926773.922074325686086258539532,2.76504421,112698975651.67663261,0.004425059920340731
2018-01-14,0.0114212942634331,1287326463.243772119708918751282053,2.57752691,112712835651.67663263,0.004431105731281424
2018-01-15,0.00976390169950217,1100652277.6136523552683582929778071,2.23592386,112726685651.67663263,0.004366831033102429
2018-01-16,0.00671753857181203,757339434.2499728425718777620064186,1.60054383,112740615651.67663262,0.0041970350613966196
2018-01-17,0.00752754911464512,848765305.0170000545327941279158144,1.78239775,112754535651.67663262,0.00422327121690157
2018-01-18,0.00775773563872693,874827557.023783551562525893335918,1.84110854,112768415651.6766326,0.004213622103304638
2018-01-19,0.00777253645966186,876603339.076550932282866659452636,1.84284093,112782145651.6766326,0.004217692549113211
2018-01-20,0.00837610038887314,944791001.8463610947229813954545582,1.97873123,112796045651.67663263,0.004233066250676773
2018-01-21,0.00703367662580356,793469451.5927967211671310161500916,1.67979505,112810055651.67663261,0.00418722309355749
2018-01-22,0.00663648931321434,748754644.1324549487854726663636274,1.59321445,112823905651.67663261,0.0041654714550287564
2018-01-23,0.00662605291583572,747669734.9785003455824937535548292,1.59807793,112837875651.67663261,0.004146263953370359
2018-01-24,0.00701218911118396,791337221.0616597944942719430449356,1.69008613,112851665651.67663261,0.0041490128737900235
2018-01-25,0.00752032055810994,848785308.8762164689979511421124416,1.80301359,112865575651.67663264,0.004170972753516484
2018-01-26,0.00714269524521806,806263622.592986006229636593504756,1.71480817,112879465651.6766326,0.004165302784403028
2018-01-27,0.00730035950291414,824162008.7439882101728038321832468,1.75060631,112893345651.67663262,0.004170189186005013
2018-01-28,0.00742274463050832,838082096.7711444170339029891035648,1.77872225,112907305651.67663264,0.004173076842384087
2018-01-29,0.00685855887933772,774477286.3725378464830062653484264,1.64937609,112921285651.67663262,0.004158274708188427
2018-01-30,0.00588416058801474,664528886.0949351627733065000049662,1.42457578,112935205651.67663263,0.004130465132584762
2018-01-31,0.0058350484259325,659063267.741362337557173567677475,1.41843413,112949065651.67663263,0.004113725341572611
2018-02-01,0.00494533288413318,558639073.0998126180917100411709998,1.21405266,112962885651.67663261,0.004073408878436278
2018-02-02,0.00439757329371464,496823167.6827412446671745393327032,1.08890655,112976665651.67663263,0.004038522216359742
2018-02-03,0.00510034753498219,576290387.9456419725997681815726816,1.26141203,112990415651.67663264,0.004043363638273047
2018-02-04,0.00433340059211935,489693271.695058899102270128985584,1.07938394,113004385651.67663264,0.004014698043514849
2018-02-05,0.00343885656920231,388653708.4418170553423773803253522,0.8656109,113018295651.67663262,0.00397275100071211
2018-02-06,0.00432660106787549,489045131.8788340785804774019899936,1.09012861,113032175651.67663264,0.003968890485202007
2018-02-07,0.00425933923404976,481501244.5314048479855910346596688,1.08192214,113045995651.67663263,0.00393682602155619
2018-02-08,0.00448270574792411,506814513.0598158068933796175897093,1.14018039,113059955651.67663263,0.003931575904339233
2018-02-09,0.00495711968781541,560520685.5993208809590732298228283,1.2517649,113073865651.67663263,0.003960104399648377
2018-02-10,0.00492916506895735,557427820.551823079427505942398757,1.24674184,113087675651.67663262,0.003953637321546334
2018-02-11,0.00497306190635399,562461336.3444432677866078420917735,1.25979301,113101615651.67663265,0.0039475230191616875
2018-02-12,0.00547252305295171,619028252.1044698732807927853298144,1.38407238,113115695651.67663264,0.003953928372554988
2018-02-13,0.00560583891323569,634186850.1266792987460864184698509,1.41671934,113129695651.67663261,0.003956915639505345
2018-02-14,0.00672748214076417,761171317.2640329252340590321110169,1.6963629,113143565651.67663257,0.003965827206409766
2018-02-15,0.00728700653411873,824579045.8479526936250212363533472,1.82474291,113157445651.67663264,0.003993442853886047
2018-02-16,0.00707351699909491,800519225.0720705125497968366724732,1.77074588,113171315651.67663252,0.003994653935941904
2018-02-17,0.00710246993959351,803894094.5995463635728999114266207,1.77481396,113185145651.67663257,0.004001810950142352
2018-02-18,0.00641728862034983,726430177.4203309182721083897719631,1.60790665,113198925651.67663257,0.003991082828315828
2018-02-19,0.00658354214029716,745340618.474871559657672885128558,1.64802845,113212705651.67663255,0.003994798839969759
2018-02-20,0.00704841502844273,798067826.9582349876023366066444342,1.75095979,113226565651.67663254,0.004025457962368587
2018-02-21,0.00647185984444582,732876163.5430383759728002000789828,1.60934369,113240425651.67663254,0.004021428042164082
2018-02-22,0.00616045323320452,697697483.7990102611222769067070808,1.4725337,113254245651.67663254,0.004183573682017953
2018-02-23,0.00660946623828737,748641389.7062116319531898360301461,1.57313698,113268055651.67663253,0.0042014562764187075
2018-02-24,0.00617371109319555,699369140.208978377579742353577108,1.47379039,113281805651.67663256,0.004189002136996938
2018-02-25,0.00609138706429597,690126960.3111059299657722551372593,1.45564002,113295535651.67663269,0.004184679577781855
2018-02-26,0.00634046961844486,718434209.9715381570292203402872958,1.51247066,113309305651.67663253,0.00419212734906531
2018-02-27,0.00622827046241304,705807263.0527729271857477312878,1.48688116,113323155651.6766325,0.004188815239553536
2018-02-28,0.00592298658606961,671293682.6399079929443051236669328,1.41779543,113337025651.67663248,0.004177603101788535
2018-03-01,0.00619730809354717,702470856.8445228615488378064404967,1.47892532,113350965651.67663251,0.004190413139689277
2018-03-02,0.00538848042380694,610863712.6939124594245187062818276,1.28976975,113364745651.67663254,0.0041778623074443634
2018-03-03,0.00523428986454848,593455596.5899330366436632753300544,1.25079174,113378435651.67663253,0.004184781284651336
2018-03-04,0.00543424714633138,616201269.9788447192781835045512224,1.29764482,113392205651.67663248,0.004187777011533387
2018-03-05,0.00518623214418931,588150027.4418042355225316618566819,1.24017802,113406035651.67663249,0.004181844913030558
2018-03-06,0.00453688608565108,514573010.3115065773549844103836756,1.09304669,113419865651.67663257,0.004150679131237367
2018-03-07,0.00395478353389956,448605434.917777492145375677336722,0.96102097,113433625651.67663245,0.004115189634102948
2018-03-08,0.00397020336517755,450409906.921487599286611346689722,0.96750138,113447565651.67663244,0.004103563516547697
2018-03-09,0.00411617088490726,467026164.0487037543763956131871116,1.00285778,113461315651.67663266,0.0041044412946641936
2018-03-10,0.00393251791508811,446243003.8672718518852681528527915,0.95978032,113475135651.67663265,0.004097310429420046
2018-03-11,0.00416353271943997,472515188.3274633350209515162226208,1.0171841,113489005651.67663264,0.004093194849821158
2018-03-12,0.00399016746820205,452895242.5626545630784345444628915,0.980617,113502815651.67663263,0.004069037624477293
2018-03-13,0.00390302289814537,443058184.3898348876833640721592565,0.96098603,113516675651.67663245,0.004061477249721694
2018-03-14,0.00350358344973817,397763775.8207925091325969703020518,0.88252697,113530555651.67663254,0.003969944906882754
2018-03-15,0.00353878532264494,401808922.3100641764099319052703476,0.89311062,113544305651.67663254,0.003962314682412958
2018-03-16,0.00349273913996662,396628560.8509444143742396066041458,0.88261446,113558025651.67663259,0.003957264806160801
2018-03-17,0.00322699129809743,366495034.927695128011685098923961,0.81818826,113571745651.6766327,0.003944069422479162
2018-03-18,0.00314195433701075,356880723.4601914123848179135912025,0.79841304,113585585651.67663267,0.003935249275250753
2018-03-19,0.00344664471969385,391536860.5826053607004426237325715,0.87509381,113599425651.67663259,0.0039386002738310425
2018-03-20,0.0036414531630481,413717130.669800514963791749610946,0.92391608,113613195651.67663266,0.003941324587670452
2018-03-21,0.00359582018959911,408582281.0059910128462571639249148,0.91273179,113627005651.67663268,0.003939624136022599
2018-03-22,0.00352793776281272,400917583.8168782817032152306497816,0.89872361,113640775651.67663253,0.003925498032496019
2018-03-23,0.00349360340241107,397064151.9404199333365186484423285,0.8907627,113654615651.67663255,0.003922036028687629
2018-03-24,0.0034738565544438,394867805.483384638793544108758946,0.88646913,113668425651.67663267,0.003918756375017593
2018-03-25,0.00342579857561142,389452577.999778621472116600484863,0.87511935,113682275651.67663265,0.0039146644119015545
2018-03-26,0.003235211182198,367831171.19356404336819292370094,0.82806674,113696185651.67663253,0.003906944967017997
2018-03-27,0.0031045218912661,353015232.846840971645368428320911,0.79581872,113710015651.67663251,0.003901041547836548
2018-03-28,0.00314169319040154,357284960.2161697017562786161903426,0.80605027,113723695651.67663269,0.0038976392755274932
2018-03-29,0.00275930043154412,313836307.1364792207373429744538416,0.71594884,113737635651.67663268,0.0038540469337782846
2018-03-30,0.00272021465506797,309428458.3054446896361023344137438,0.7068317,113751485651.67663254,0.00384846159993669
2018-03-31,0.00275246804477945,313135478.5095286850588513879190425,0.7159401,113765345651.67663265,0.0038445507449288707
2018-04-01,0.00268911721226017,305965754.7710738581644099879679318,0.70092149,113779255651.67663254,0.0038365455341655597
2018-04-02,0.00276740850060169,314911537.4308710235948299030329926,0.7218187,113792935651.67663254,0.0038339384953613555
2018-04-03,0.00299994828701602,341414501.6660295473026418357631306,0.78271744,113806795651.67663253,0.0038327346928874106
2018-04-04,0.00269036641638091,306219242.5520626682782506019217659,0.7050808,113820645651.67663249,0.003815685261009675
2018-04-05,0.00274792652754188,312808637.9957360790723901263945188,0.72048984,113834425651.67663251,0.0038139698507641405
2018-04-06,0.0026746977113861,304509775.824747569291291486649833,0.70210475,113848295651.67663253,0.0038095422533263017
2018-04-07,0.00278781882450396,317426837.8988381150013618886948584,0.73204496,113862075651.67663254,0.0038082617555402058
2018-04-08,0.0028241164340565,321598788.352803105686071727757945,0.74186751,113875895651.67663253,0.0038067665667910165
2018-04-09,0.00273977948694028,312032788.9093095893800105784847112,0.72020963,113889745651.67663254,0.0038041417009937505
2018-04-10,0.00304082123369056,346360411.4348973693579596878392,0.79992553,113903575651.6766325,0.0038013804031114744
2018-04-11,0.00338543678182414,385659802.7851212362590733371362398,0.8896686,113917295651.67663257,0.003805278484397606
2018-04-12,0.00380313884485787,433296307.949547244296680547208562,0.9963978,113931235651.6766326,0.003816888038951782
2018-04-13,0.00401569383575334,457568377.2811324137819585885426168,1.05065486,113945035651.67663252,0.003822086575370088
2018-04-14,0.00413692657043338,471439583.3586660322762684096971838,1.08145154,113958895651.67663251,0.0038253462290445115
2018-04-15,0.00460938441087965,525343413.4766398363327028306698285,1.20137963,113972575651.67663249,0.0038367426047332346
2018-04-16,0.00460620159559856,525044593.8993774023090925302970848,1.19967895,113986455651.67663258,0.0038395285635365694
2018-04-17,0.00474204605558134,540594984.2733636518976759415933634,1.23716647,114000365651.67663251,0.0038329894727759154
2018-04-18,0.00546915883699925,623561745.6917287180211124101356025,1.42044772,114014195651.67663253,0.003850306322431388
2018-04-19,0.00579751538508444,661078769.245167646535065510331412,1.52449444,114027945651.6766323,0.0038029101536667066
2018-04-20,0.00578931539826155,660223749.9321866557552633325606805,1.51999204,114041765651.67663231,0.003808780076415104
2018-04-21,0.00549611734595714,626862827.7423067704646959745821936,1.45089351,114055575651.67663224,0.0037880914816120037
2018-04-22,0.00557348568314976,635763474.7318832187323381735547936,1.46864514,114069275651.67663211,0.0037949845959043306
2018-04-23,0.00562721189701947,641969978.1884007910262387136077658,1.41575451,114083135651.67663214,0.003974708791158623
2018-04-24,0.00581809801201533,663826398.1393192820094104885708595,1.45592054,114096805651.67663215,0.003996164524209082
2018-04-25,0.00512087235172877,584346152.7730366947371412397263405,1.29441714,114110665651.67663265,0.003956122175366721
2018-04-26,0.0055910519299339,638075758.023962417524181457489767,1.40565812,114124455651.67663253,0.003977533263873508
2018-04-27,0.00544242792677033,621188794.6773022124933940394795161,1.37079936,114138175651.67663217,0.003970258584575302
2018-04-28,0.00554763194226975,633272647.11156524246796133700832,1.39520059,114151885651.67663232,0.003976225341382453
2018-04-29,0.00549136042621512,626924818.3921238782544341221834,1.37908426,114165665651.6766325,0.003981888986402557
2018-04-30,0.00528122368200905,603007667.684431257567042486641048,1.33148066,114179535651.67663216,0.00396642913462149
2018-05-01,0.00511197515297193,583753545.6061061296402759211827425,1.29443106,114193345651.67663225,0.003949206188680246
2018-05-02,0.00532747219113302,608435925.235204778386621175815244,1.34509855,114207245651.6766322,0.003960655664325131
2018-05-03,0.00555944975510658,635005830.7092458409854598015620076,1.39891513,114220985651.67663222,0.003974115109546767
2018-05-04,0.00527118863369164,602152945.5636596997626104073191296,1.33031749,114234755651.67663264,0.003962353854110149
2018-05-05,0.00517194774226066,590887559.4592303250405594781944652,1.30674942,114248555651.67663222,0.003957872613603808
2018-05-06,0.00496428227086952,567230387.818115170453859299860972,1.25601547,114262315651.67663235,0.003952405356018043
2018-05-07,0.00492136705544759,562394513.9379978626123575025690606,1.24606501,114276075651.67663234,0.0039495267228855015
2018-05-08,0.00528286351855944,603778290.0786539555930312047290168,1.33403866,114289965651.67663247,0.0039600527907935135
2018-05-09,0.00499806902131849,571297910.2009326061410597787080421,1.26599412,114303725651.67663229,0.003947940154191624
2018-05-10,0.00475734397290744,543847601.3629365779735838963759816,1.20846674,114317485651.67663239,0.003936677622511514
2018-05-11,0.00427156049317802,488373472.7956071663280075437324638,1.09103563,114331395651.67663219,0.003915142984998592
2018-05-12,0.00432515608166763,494561034.6401283106951358120391831,1.10498775,114345245651.67663237,0.003914211792544877
2018-05-13,0.00449142996219737,513635374.6024395548904626891390247,1.14589494,114358985651.67663231,0.00391958268198424
2018-05-14,0.00445600669145876,509645764.5044487835669488205005464,1.13898015,114372755651.67663214,0.003912277743785754
2018-05-15,0.00451971000683112,516993879.4374274080626185786914456,1.15407383,114386515651.67663263,0.003916309242391468
2018-05-16,0.00437623315754617,500642542.1132785131552423604479867,1.12810682,114400335651.67663251,0.003879271962513417
2018-05-17,0.00414399918748897,474132623.8976951341984380111173117,1.06994822,114414265651.67663261,0.003873083865207019
2018-05-18,0.00422936009018046,483957536.357351580767326472064858,1.09454372,114428075651.6766323,0.0038640394283934675
2018-05-19,0.00425157081299661,486557653.2738395065526695842464691,1.10048689,114441855651.67663231,0.003863354349452187
2018-05-20,0.00436924897805458,500085737.1060426244349830145994722,1.13036258,114455765651.67663209,0.0038653517511651704
2018-05-21,0.00423415292515219,484681815.6110642732606892611758246,1.09683932,114469605651.67663234,0.00386032197054368
2018-05-22,0.00381084201501415,436278286.6045781565199930901983185,0.99234097,114483435651.67663239,0.0038402546405134816
2018-05-23,0.00344105858457184,393991730.0595326541430649843115296,0.89747105,114497245651.67663219,0.0038341722382820476
2018-05-24,0.00353784894139768,405122746.2586361673979880727448784,0.92785308,114511035651.67663238,0.0038129408821897534
2018-05-25,0.00345111608635785,395238468.0938293678399124301679185,0.906279,114524825651.67663241,0.0038080062390917703
2018-05-26,0.00341209500563049,390816365.4493156585279239117929613,0.90137568,114538535651.67663237,0.003785430516197741
2018-05-27,0.00336101386565872,385011921.2485995729556589934154816,0.88893281,114552315651.67663228,0.0037809537772137357
2018-05-28,0.00316633204921003,362754268.7514450865636168282424705,0.83947877,114566085651.67663235,0.0037717833521984483
2018-05-29,0.00342442836631248,392370816.1001437563192420338823552,0.90779504,114579945651.67663224,0.0037722483770262502
2018-05-30,0.00334122554171055,382883917.42647382711280185120971,0.89196531,114593855651.6766322,0.0037459142236266453
2018-05-31,0.00340190537260365,389884603.6172701635432399386056395,0.90875369,114607715651.67663223,0.003743484521756
2018-06-01,0.00341789823384634,391765154.4124089170356217445423186,0.91291211,114621655651.67663229,0.0037439510292467688
2018-06-02,0.00359511890396011,412128057.7262344510352547581099189,0.95868001,114635445651.67663199,0.0037500718346678676
2018-06-03,0.00365404574180157,418933880.1979305079834356743788209,0.97356641,114649325651.67663237,0.003753257820184624
2018-06-04,0.0035175255981563,403330585.170152776821339649102238,0.93886785,114663155651.67663226,0.0037465609224517594
2018-06-05,0.00361883743650929,414997260.217202999877489174864067,0.96580956,114676955651.6766323,0.0037469472102857316
2018-06-06,0.00375978021585472,431211996.442799558762716049623136,1.0022198,114690745651.67663255,0.003751452741060115
2018-06-07,0.00372326356558054,427075143.9334503953858227807131934,0.99306392,114704515651.67663221,0.00374926879387637
2018-06-08,0.00364401074589231,418034920.7458054610430808870551513,0.97390742,114718355651.67663223,0.0037416397812148404
2018-06-09,0.00358153448540092,410917601.835004170963538509461808,0.97421193,114732275651.6766324,0.0036763402039235137
2018-06-10,0.0030830737849407,353770802.750933671237007539590378,0.84399201,114746135651.67663254,0.0036529656067960875
2018-06-11,0.00317970171950164,364902301.1274993577116853506223164,0.8711487,114759915651.67663251,0.003650010290437947
2018-06-12,0.00304073584247478,348996763.8075707615450562291803676,0.83449795,114773785651.67663242,0.0036437906677599143
2018-06-13,0.00270648588579734,310670818.0418629179863009555097096,0.74890915,114787525651.67663244,0.0036139041508537312
2018-06-14,0.00292530274777155,335828487.111528792261492418439082,0.81058759,114801275651.67663244,0.0036088669304344396
2018-06-15,0.00279588555949744,321009196.9323057326839523803808512,0.77631133,114814855651.67663248,0.003601500392242685
2018-06-16,0.00288893381752066,331732790.98329793712193320797745,0.80236364,114828795651.6766325,0.003600529327974857
2018-06-17,0.00286580845297004,329116938.6957643123048083751200004,0.79650537,114842615651.67663251,0.0035979775666421933
2018-06-18,0.00299223656882166,343677387.5425331637914999044303326,0.83134532,114856355651.67663261,0.0035992703595440455
2018-06-19,0.00299664350557014,344224576.2866422813588074834776682,0.83298038,114870045651.67663263,0.003597495904489539
2018-06-20,0.00299766631662494,344383104.6910747924373229385407898,0.83361345,114883735651.67663267,0.003595990823594485
2018-06-21,0.00292248214909303,335786230.7153768859072317560217083,0.81356544,114897615651.67663261,0.0035921906283199914
2018-06-22,0.00257116206544028,295456104.2142172989164011622203084,0.71849088,114911505651.67663253,0.0035785590840628064
2018-06-23,0.00261212061497487,300198760.0750324682404871783242698,0.7321819,114925305651.67663254,0.003567584250546032
2018-06-24,0.00247874199434965,284903966.5856630233701545617572615,0.69799034,114938935651.67663211,0.0035512554433771246
2018-06-25,0.00251457386394574,289057320.678940208126458233131402,0.70858951,114952805651.6766323,0.003548703203277367
2018-06-26,0.00241651431775263,277818641.9418424340884537432409487,0.68239971,114966685651.67663249,0.003541200680980111
2018-06-27,0.00242808379795925,279182545.6623778029853360324297,0.68693725,114980605651.6766324,0.003534651524515885
2018-06-28,0.00225629989850759,259462091.4308084709009130116668135,0.64048089,114994505651.67663265,0.003522821576312121
2018-06-29,0.00239096741960276,274981207.4355715816474185180739208,0.67931547,115008345651.67663258,0.003519671677141049
2018-06-30,0.00250967128998787,288667776.6548159663474728003476537,0.71335548,115022145651.67663251,0.0035181215541904435
2018-07-01,0.00250667739081159,288357979.0289147452444998653544432,0.71591885,115035935651.67663248,0.0035013429117163072
2018-07-02,0.00273203725254508,314320436.8995696206102890437921984,0.77979118,115049835651.67663248,0.0035035498254097717
2018-07-03,0.00262374155139346,301897346.8633639364620809833636082,0.7527994,115063675651.67663217,0.0034853130214947832
2018-07-04,0.00265728147311118,305792712.5653086081173593037280084,0.76254405,115077275651.67663238,0.0034847579928152087
2018-07-05,0.00257969782994353,296900043.3226270555066559266531251,0.74178376,115091015651.67663267,0.0034776952112614734
2018-07-06,0.00259264722518357,298426180.9045857791946922312018891,0.74583337,115104815651.67663263,0.0034761748796297083
2018-07-07,0.00260629043755406,300032338.6541909465030991143849778,0.75004156,115118535651.67663263,0.0034748613630877466
2018-07-08,0.00264448274771834,304465713.3388233124094831476235654,0.76085735,115132425651.67663231,0.0034756616962671647
2018-07-09,0.00261267927996515,300840053.419155989900427813364345,0.75213815,115146185651.6766323,0.0034736694049692205
2018-07-10,0.00237817401191924,273870485.089809930722310382775452,0.68671798,115159985651.6766323,0.0034631014203519764
2018-07-11,0.00239209951809753,275507204.9968342497364001617867497,0.6910248,115173805651.67663249,0.003461669563954188
2018-07-12,0.00224241630427654,258298407.9947549061799026968396496,0.64915967,115187535651.67663224,0.003454337057440029
2018-07-13,0.00230748511671404,265825298.217268849995526540998896,0.66789304,115201305651.6766324,0.0034548722303110687
2018-07-14,0.00234303068258038,269952808.8023004070724947670607044,0.67833407,115215225651.67663238,0.0034540955352285042
2018-07-15,0.00238926527089039,275312518.0468671959587804520137321,0.69166456,115228945651.67663239,0.0034543699490550595
2018-07-16,0.00284277425694718,327609366.4881810232656112204797654,0.82014516,115242835651.67663253,0.0034661842751680444
2018-07-17,0.00324476658901483,373980588.4958228231506739162781954,0.93632264,115256545651.67663238,0.0034654364322695757
2018-07-18,0.00367731786785336,423885628.1521859837819331471107296,1.0547583,115270325651.67663236,0.0034864080878561085
2018-07-19,0.00381185161942528,439446324.12601678193897515091328,1.09543044,115284215651.67663225,0.003479775146129115
2018-07-20,0.00341641887399383,393906385.1348015468737159767997579,0.9799487,115298035651.67663213,0.0034863242065567616
2018-07-21,0.00353436458397234,407553891.3218957251122922749930714,1.0132841,115311785651.67663221,0.0034880292545519465
2018-07-22,0.0034988162658537,403502825.018214326580595399226214,1.00349743,115325525651.67663222,0.0034866220492998177
2018-07-23,0.00344193619085439,396990668.0279697182499321253280775,0.99135807,115339345651.67663225,0.0034719404572501134
2018-07-24,0.00364003645260248,419889946.2973824078064220079760544,1.04675218,115353225651.67663228,0.0034774577231857116
2018-07-25,0.00359300207310098,414513926.4039473467685549191125854,1.03304136,115367015651.67663223,0.0034780815291858016
2018-07-26,0.00337548666560993,389466640.9834985710088146077753348,0.97394338,115380885651.67663236,0.003465793530636175
2018-07-27,0.00346367497022686,399689788.2991580354744206379330698,0.99864531,115394715651.67663243,0.00346837354117936
2018-07-28,0.00342286803336964,395028324.374845713798937819600336,0.98728475,115408575651.6766324,0.003466951184417302
2018-07-29,0.00328932893854062,379662127.4928768142929580758956508,0.95039237,115422365651.67663234,0.0034610220392874364
2018-07-30,0.00328788589990446,379541072.9006191362025128465328608,0.95019384,115436205651.67663248,0.0034602264943166335
2018-07-31,0.00298487279673965,344603820.0429521677814609954568495,0.86565922,115450085651.67663243,0.0034480921912200626
2018-08-01,0.0030626667227728,353627553.40076993518125603045736,0.8885377,115463935651.67663245,0.0034468618751605025
2018-08-02,0.00299686788189988,346071756.7984649598567792453551252,0.8697515,115477815651.67663229,0.0034456599176889945
2018-08-03,0.00293050426045414,338448642.4089278048589509811881806,0.8515049,115491605651.67663229,0.0034415588923259748
2018-08-04,0.00284371209577777,328463749.4968183854539700734528574,0.82775395,115505275651.67663262,0.0034354557846299253
2018-08-05,0.00291537724140964,336781742.4111213602830812930654928,0.84852488,115519095651.67663252,0.003435818218329249
2018-08-06,0.0027642507450156,319362224.589046106959024875417156,0.80610223,115533015651.67663251,0.003429156553773087
2018-08-07,0.0026490443990479,306088671.320338201841301889977767,0.77922265,115546825651.67663273,0.0033995988169079785
2018-08-08,0.00240760728571375,278224676.488834501324173416089625,0.70954148,115560655651.6766327,0.003393187507111987
2018-08-09,0.00259813586004989,300278163.7157253379058027283914338,0.76567195,115574465651.67663242,0.0033932754883470528
2018-08-10,0.00242348789481837,280126714.120130412260399560739025,0.7156854,115588245651.6766325,0.0033862474975993218
2018-08-11,0.00238801930032349,276060083.3344320040656473518344854,0.705944,115602115651.67663246,0.003382731916870871
2018-08-12,0.00242651505620987,280543978.4526387713894205420522815,0.71751338,115616005651.67663245,0.0033818394525407594
2018-08-13,0.00233417630412684,269900189.0105940691687584701488368,0.69135222,115629735651.67663252,0.0033762476442569895
2018-08-14,0.00224813333493674,259982379.7258131180095573238242544,0.66770283,115643665651.67663256,0.0033669669109186494
2018-08-15,0.00228500400624198,264277726.665795174692132706844449,0.67899538,115657445651.67663255,0.003365271802353029
2018-08-16,0.00225706957085308,261078139.0658538069918432395275076,0.67147004,115671285651.67663247,0.0033613853729841468
2018-08-17,0.002525430751962,292154521.32225697692375877532766,0.75011268,115685025651.67663243,0.0033667351843219076
2018-08-18,0.00241418231312478,279318227.5303472432246008289658456,0.72309214,115698895651.67663252,0.0033386925117520703
2018-08-19,0.00246932661737272,285732291.1810366630174297640077632,0.74006177,115712635651.67663256,0.0033366493412742017
2018-08-20,0.00237028279040859,274304781.768570589752038393150598,0.71136331,115726605651.6766322,0.003332028454501807
2018-08-21,0.00242214017565241,280339510.6966349814387433795875056,0.72688145,115740415651.67663216,0.0033322355050502527
2018-08-22,0.00232830468403534,269511082.498635569185735476981948,0.69963286,115754215651.6766322,0.0033278949819986157
2018-08-23,0.00237850559188638,275355062.8695501826927734279362532,0.71515005,115768095651.67663214,0.0033258832770638553
2018-08-24,0.00244400789385271,282972013.5784020792330792935203162,0.73651525,115781955651.67663222,0.003318339835940546
2018-08-25,0.0024095094546598,279010943.957096269241852155272158,0.72631451,115795745651.67663221,0.003317446397511458
2018-08-26,0.0024370088386788,282229032.57704226238398303960342,0.73504707,115809605651.67663215,0.003315445960050967
2018-08-27,0.00248018468977001,287263313.4050751429181070004166239,0.74846392,115823355651.67663239,0.0033136997302021048
2018-08-28,0.00266823709966354,309081263.0530136650563673722223208,0.8053284,115837255651.67663252,0.0033132286153866423
2018-08-29,0.00258811239374304,299835760.009310451506972757825648,0.78271883,115851135651.67663245,0.0033065671791019003
2018-08-30,0.00317348399683186,367695170.0013093776090575135748128,0.95942631,115864825651.67663248,0.0033076891510634724
2018-08-31,0.00479914414568294,556118707.820443436952290544615403,1.38728007,115878725651.67663245,0.0034593909690369437
2018-09-01,0.00618950676546258,717318500.01361293435412143916185,1.68643976,115892675651.6766325,0.0036701617883241676
2018-09-02,0.00500713234825886,580358913.3942175509498481806014308,1.38343974,115906445651.67663278,0.0036193353447103237
2018-09-03,0.00527066542264924,610977252.1945317548894727553928836,1.44811624,115920325651.67663239,0.0036396701294153294
2018-09-04,0.00535682122585253,621039027.9101027629723115978006178,1.45891744,115934245651.67663226,0.0036717781822201874
2018-09-05,0.00491444436151551,569820514.0482868649261679277806954,1.33285516,115948105651.67663254,0.003687155595747936
2018-09-06,0.00498529790820217,578104645.6764409119081289610228505,1.34934638,115961905651.67663265,0.003694602054812768
2018-09-07,0.00526255849117681,610329197.6753777744743135972747017,1.41891102,115975755651.67663257,0.0037088713929199096
2018-09-08,0.00565886247435301,656369509.7804004190653599235517648,1.51567352,115989655651.67663248,0.0037335629340235553
2018-09-09,0.00581712958450437,674807540.9751797159429829522187191,1.55114332,116003525651.67663243,0.0037502205692407386
2018-09-10,0.00685078324756267,794810099.0641889044823419585037614,1.78638834,116017405651.67663242,0.003834991023039632
2018-09-11,0.00626267922408914,726665970.4736006856059843884663984,1.59991923,116031165651.67663256,0.003914372117453166
2018-09-12,0.0064168565934526,744643967.147507627319129009780234,1.62484699,116044975651.67663259,0.003949206684041431
2018-09-13,0.00652070759540786,756786318.0117639358343091245559216,1.64092608,116058925651.67663256,0.003973797281232716
2018-09-14,0.00616037052365094,715051059.3081163105893062260453038,1.5540088,116072735651.67663277,0.003964179947791119
2018-09-15,0.00623584446378392,723897643.0218070216184005306440232,1.5683786,116086545651.67663271,0.003975981605324072
2018-09-16,0.00653139071175948,758297045.7909614792739576614085648,1.63354944,116100395651.67663276,0.003998281626394779
2018-09-17,0.00622610413508982,722938202.0349533665791525201928266,1.54516733,116114055651.67663263,0.00402940446268031
2018-09-18,0.00593297951825237,688984426.3991459197106777908314065,1.4741693,116127895651.67663245,0.004024625609997692
2018-09-19,0.00560115531477509,650527899.9125921216953967838574358,1.40289655,116141735651.67663262,0.0039925647509612095
2018-09-20,0.00570471367682595,662634643.3425316063309625302833435,1.42802533,116155635651.67663273,0.00399482667217531
2018-09-21,0.00570627921849796,662895065.2954218336699776699141492,1.42795752,116169405651.67663277,0.003996112726447184
2018-09-22,0.00579641394283302,673445431.4851597094434431422533674,1.44906349,116183115651.67663287,0.004000110404294998
2018-09-23,0.00599028382054547,696052384.0198488085074703937570485,1.49435253,116196895651.67663255,0.004008614901963909
2018-09-24,0.00565329350815046,656973623.5687530496408994918594914,1.41331619,116210775651.67663259,0.004000020340919224
2018-09-25,0.00571399668677232,664106954.4751328685623225598864624,1.42631289,116224595651.67663257,0.004006131282156694
2018-09-26,0.00571682317557312,664514468.4894062612889200261413248,1.42648773,116238415651.67663254,0.004007621695822872
2018-09-27,0.00590570207903873,686550715.4388823149177303203151758,1.46397753,116252175651.67663246,0.004034011423002326
2018-09-28,0.0058616118480066,681505785.935440706064052466015358,1.45343548,116265935651.67663263,0.004032935708991086
2018-09-29,0.00588319006430122,684095903.1293175982625198261728574,1.45824055,116279755651.67663267,0.004034444155527852
2018-09-30,0.00588496554464235,684383921.1719972938129450728326565,1.4583882,116293615651.67663279,0.004035253127145674
2018-10-01,0.00592244963771821,688824811.6902135405337900187627386,1.46442875,116307415651.67663266,0.004044204702835977
2018-10-02,0.00579968766005434,674626313.03941251487531705821005,1.43587054,116321145651.6766325,0.00403914384931551
2018-10-03,0.00566351890142675,658865050.3243462792893764282338975,1.40509177,116334925651.67663237,0.004030711034217181
2018-10-04,0.00561791126367119,653636928.7105685434866853622879464,1.39474863,116348745651.67663256,0.004027902335111948
2018-10-05,0.00564552317247956,656926996.2433972936834172627808824,1.39947113,116362465651.67663254,0.004034040468187121
2018-10-06,0.00554976201156905,645861022.1429039733864778860339585,1.37657497,116376345651.67663257,0.004031572658602858
2018-10-07,0.00561000005722834,652949340.8667270300996718810302484,1.39093435,116390255651.67663226,0.004033260129946707
2018-10-08,0.005561317934698,647359962.36725334316797077819842,1.38214515,116404055651.67663229,0.004023685887620414
2018-10-09,0.0055854464194424,650245583.299891029505659330051088,1.38791006,116417835651.67663262,0.004024357615393608
2018-10-10,0.00551334461282045,641928117.1161677023042948144423305,1.37094681,116431705651.67663229,0.004021559824644437
2018-10-11,0.00493522330112552,574684424.746798911794728838242572,1.23818001,116445475651.67663235,0.003985868986146465
2018-10-12,0.00517480472648421,602653958.3371764477227506391908251,1.2968481,116459265651.67663231,0.003990293640777366
2018-10-13,0.00513251683962717,597799970.8202312366012988383684061,1.28718976,116473065651.67663233,0.003987381658184703
2018-10-14,0.00511593370082485,595939030.531532127672682654169152,1.28328257,116486855651.67663232,0.003986599538108626
2018-10-15,0.00512587484071487,597167318.4029802126386566577251523,1.28642503,116500565651.67663229,0.003984588857630414
2018-10-16,0.00495037080619757,576789165.7135647230325369263533895,1.24531677,116514335651.67663235,0.003975190028315101
2018-10-17,0.00451964360815396,526665507.8788896329393827809535268,1.14421994,116528105651.67663233,0.003949978015724809
2018-10-18,0.00432302379282738,503813647.1448314296930315591302906,1.09979787,116541955651.67663237,0.0039307439219057405
2018-10-19,0.00449901187562655,524385323.9384507358165195253742025,1.14967274,116555665651.67663255,0.003913297862160801
2018-10-20,0.00453187963802214,528278742.4831581995431563230655426,1.16868555,116569455651.67663259,0.0038777579118883946
2018-10-21,0.00448019111213737,522315220.9927693378621860035843831,1.15606694,116583245651.67663263,0.0038753734382693875
2018-10-22,0.00432756970157623,504581842.055496311138091448760721,1.11949845,116597045651.6766327,0.0038656325978622215
2018-10-23,0.00413173999832406,481806108.3914254619711574642597996,1.08787493,116610945651.67663266,0.0037979917400284796
2018-10-24,0.00387284100200151,451668786.9805304162560743570353166,1.02646871,116624665651.67663266,0.003772975215193369
2018-10-25,0.00369485918559618,430963001.7956767849063913732473152,0.98555708,116638545651.67663264,0.003749005776099929
2018-10-26,0.00398332101123705,464663938.610461017924538983009384,1.05803101,116652395651.67663248,0.003764843349191674
2018-10-27,0.00418945813421611,488767807.2043140929345484293652528,1.10945651,116666115651.67663248,0.0037761355190174244
2018-10-28,0.00400564690489255,467379103.7838289890947312273868005,1.06451318,116680055651.67663251,0.0037628908501560776
2018-10-29,0.00380332049340496,443824322.8204866207616476606738944,1.01321087,116693905651.67663264,0.0037537304484356352
2018-10-30,0.00385914346551029,450391702.4574969077869157238841453,1.03926408,116707685651.67663257,0.003713342488956503
2018-10-31,0.00376341607420632,439271477.6726014389205838530118424,1.01655269,116721475651.67663257,0.0037021357684925513
2018-11-01,0.00377027846731256,440124383.0569585588705494111779584,1.01900793,116735245651.67663264,0.003699950075278178
2018-11-02,0.00377645626131509,440898117.6285868587460306857001795,1.02150595,116749165651.67663255,0.003696949842842413
2018-11-03,0.00375545823755922,438498741.6350922730347595855557954,1.01686581,116763045651.67663257,0.003693169935135511
2018-11-04,0.00371259884082595,433545210.5418414631312385566546725,1.00646801,116776745651.67663255,0.0036887400334025015
2018-11-05,0.00361142495905419,421780652.6905186958593206746246331,0.98106295,116790645651.67663249,0.003681134792679909
2018-11-06,0.00369403903946031,431480477.7429366869446139726816316,1.04047284,116804525651.67663236,0.003550346436203284
2018-11-07,0.00361746599488457,422585958.8776926045476182244755309,1.0208946,116818225651.67663237,0.0035434274947527093
2018-11-08,0.00335558009938716,392039287.359458288291502727630626,0.95386242,116832045651.67663235,0.0035178868870703174
2018-11-09,0.00311985388472488,364542277.455735541633174904657868,0.89281363,116845945651.67663235,0.0034944066487032463
2018-11-10,0.00328391320425498,383757393.147947545857883057116603,0.939363,116859785651.67663235,0.003495893711222371
2018-11-11,0.00313033041041841,365853158.463212836149329303762484,0.89706824,116873655651.6766324,0.003489512024657578
2018-11-12,0.00304394406763541,355799029.4091215438844095824987004,0.87500812,116887505651.67663244,0.003478760937253257
2018-11-13,0.00288175134703249,336880466.2140625014092993569976507,0.83105763,116901295651.67663243,0.0034675710119314953
2018-11-14,0.00262970931689621,307452795.2123051160546707394611282,0.76179238,116915125651.67663242,0.0034520026531326157
2018-11-15,0.00277073696801492,323979546.2996956377907306450370492,0.81010555,116929015651.67663251,0.0034202172396114554
2018-11-16,0.00271962100051045,318040137.305121915042503577028998,0.79848733,116942815651.67663244,0.0034059663795923344
2018-11-17,0.00256146484916829,299580516.0159404668695636042662064,0.75603318,116956715651.67663216,0.0033880323204443096
2018-11-18,0.00258760403573629,302673662.998877260215764318096167,0.77392556,116970625651.6766323,0.003343479230400777
2018-11-19,0.00237108002233697,277379268.6116534723303773887366765,0.71358195,116984355651.67663245,0.0033227858725083637
2018-11-20,0.00221552736318053,259212748.2195861437371789963835614,0.67167629,116998215651.67663238,0.0032985046460111463
2018-11-21,0.0024252952139188,283788972.566428722050670526074804,0.73402377,117012135651.67663233,0.0033041099117523125
2018-11-22,0.00234181163276584,274052837.953100946449697527318924,0.7115271,117025995651.67663235,0.0032912472803437003
2018-11-23,0.00233118827340712,272841589.338209592970803608441976,0.70875294,117039705651.6766323,0.003289140886536738
2018-11-24,0.00217449991765558,254533186.3208546301708206782922362,0.66291629,117053665651.67663239,0.0032802028709470695
2018-11-25,0.00217821164287643,254997520.6454707376207797010206249,0.6659152,117067375651.67663243,0.0032710045406328463
2018-11-26,0.00204678953805847,239640648.2348100831630095731352586,0.63042576,117081235651.67663238,0.003246678146620262
2018-11-27,0.00202831055523489,237505198.1934292317341959394985294,0.62547316,117095085651.67663246,0.003242841875476943
2018-11-28,0.00223343022131024,261554546.7327219437076351989178544,0.68839467,117108895651.67663231,0.003244403710026169
2018-11-29,0.00221378122736889,259283869.9678357352804847599997249,0.6829248,117122625651.67663241,0.003241617858026081
2018-11-30,0.00216175029125436,253219723.8865095585658130053548948,0.66753982,117136435651.67663243,0.003238384028168327
2018-12-01,0.0022165366840767,259667883.531638688295147061916585,0.68470206,117150275651.67663255,0.0032372280055309017
2018-12-02,0.002185454403128,256056526.4759384793849343459908,0.67619688,117163975651.67663235,0.0032319794245841533
2018-12-03,0.00212643664864855,249171244.139041839135007808115991,0.65880633,117177835651.67663242,0.0032277113194230387
2018-12-04,0.00216719639028073,253977094.7077329778604481087220739,0.6732061,117191545651.67663243,0.0032192168048993165
2018-12-05,0.00214354543552791,251235047.9974854852731633419444467,0.66657119,117205375651.67663237,0.0032157787010385344
2018-12-06,0.00208119076590737,243955445.1416357684753535195998617,0.65425396,117219165651.67663241,0.003181013632546252
2018-12-07,0.00210048605063427,246246251.0355542912134523761133199,0.66185314,117232985651.67663237,0.0031736437038498754
2018-12-08,0.00208918699677842,244950376.4300695777364385246250238,0.66364455,117246745651.67663239,0.003148051161993901
2018-12-09,0.0020740412390902,243203103.69773441221283302366052,0.6597128,117260495651.6766326,0.003143854779064769
2018-12-10,0.0020433807105601,239636237.917229299380571684764068,0.65071336,117274395651.67663268,0.003140216316689886
2018-12-11,0.00202325510129422,237303798.5459922086622472525859362,0.64703238,117288125651.67663271,0.003126976583914116
2018-12-12,0.00203688614338788,238930605.8460311470674275626561608,0.65161364,117301895651.67663266,0.003125910844020822
2018-12-13,0.00203124816634231,238297129.1757873632687811663589984,0.65003361,117315615651.67663264,0.003124835600950403
2018-12-14,0.00202957325298859,238128379.9509008410619651475415776,0.65014674,117329285651.67663264,0.0031217156498986524
2018-12-15,0.00202889779973886,238077371.7609912815508253561523904,0.65039452,117343205651.67663264,0.0031194878452217895
2018-12-16,0.00206846164927329,242748610.2563573123287790973087198,0.66335317,117357075651.67663262,0.0031181906453741524
2018-12-17,0.00252412491309249,296258751.3038777309555965320728736,0.80754423,117370875651.67663264,0.00312568007958213
2018-12-18,0.00253578240122252,297662146.8376793225179496049106024,0.81237877,117384735651.67663262,0.0031214286917203905
2018-12-19,0.00266608090684363,312994074.3747634691885867566393921,0.8537227,117398565651.67663267,0.0031228886227853965
2018-12-20,0.00265295642315542,311490207.9682591117482239005018004,0.84942708,117412485651.67663262,0.0031232303344454473
2018-12-21,0.00244464772392545,287066048.626254442503455800482652,0.7843206,117426345651.67663256,0.003116898528389347
2018-12-22,0.00246414379628298,289389061.3620170840680556790188076,0.79055122,117440005651.67663262,0.0031169944893424868
2018-12-23,0.00250672417208103,294424544.4023825173662747733436295,0.80472813,117453905651.67663265,0.0031149950879448317
2018-12-24,0.00250563782832034,294331451.7177051174093069504374738,0.80293276,117467675651.67663257,0.003120607295087001
2018-12-25,0.00239828950173681,281754589.7039647264629709218144354,0.76937748,117481475651.67663234,0.0031171818308703423
2018-12-26,0.00238232653465799,279911993.7656173662664214208336569,0.7642475,117495225651.67663231,0.0031172186165581046
2018-12-27,0.00230952961840366,271390713.744079731284977731714401,0.74145023,117509085651.67663235,0.00311488151862015
2018-12-28,0.00238836428621933,280687534.5548311857676072021489389,0.76636404,117522915651.67663233,0.003116487937272383
2018-12-29,0.00234967551969338,276173260.915682306787234207004174,0.75426056,117536765651.6766323,0.003115204008139283
2018-12-30,0.00234703257707109,275895124.3892478140852500835144724,0.7542607,117550615651.67663236,0.0031116994125122656
2018-12-31,0.00231174280839299,271778761.7579719797508341755543853,0.74367176,117564445651.67663247,0.003108552634018253
2019-01-01,0.00236759562083666,278377692.1586542388950256840972504,0.76161426,117578225651.67663244,0.003108654531805457
2019-01-02,0.00236291297640186,277859888.7376354510741404272887848,0.76023489,117592095651.67663268,0.003108135403259195
2019-01-03,0.00229297431139368,269667458.1059420090968182228662208,0.73846092,117605965651.67663256,0.0031050719805100586
2019-01-04,0.00227824149308278,267966412.7736419002080998485158002,0.73411432,117619845651.67663259,0.0031033878934316117
2019-01-05,0.00226063526144711,265926767.2927546986421978373439016,0.7287618,117633645651.67663256,0.00310202217164389
2019-01-06,0.00227719545589551,267906092.0039846511658138651417158,0.73451495,117647385651.67663258,0.0031002710780706506
2019-01-07,0.00224265470679496,263873591.2211847564536674949080992,0.7239533,117661265651.67663252,0.0030977891899863705
2019-01-08,0.00223153379812432,262595908.5135526461286456600086704,0.72045473,117675075651.67663247,0.003097396276549284
2019-01-09,0.00223260186738055,262752425.8758692670354525880621245,0.72105964,117688885651.67663259,0.003096279064212428
2019-01-10,0.00211196564827202,248584176.6432964049099714986763288,0.68332696,117702755651.67663244,0.0030907102630225794
2019-01-11,0.00209470969811569,246582366.8529910604254222002747492,0.69856128,117716725651.67663268,0.0029986055026062857
2019-01-12,0.00211040269201584,248459050.4120343931689857055014928,0.70428042,117730635651.67663267,0.002996537504217198
2019-01-13,0.00208052848239215,244970672.821787769082738438547817,0.69748707,117744445651.67663238,0.002982891829653774
2019-01-14,0.00210217147001508,247547961.3028378684622672027185524,0.70510318,117758215651.67663253,0.002981367166738746
2019-01-15,0.00204907409444442,241323729.75753996562622658401565,0.68785642,117772085651.6766325,0.0029789270476597712
2019-01-16,0.00208447808434773,245522159.8207502151259357006018164,0.69992982,117785915651.67663268,0.002978124413027194
2019-01-17,0.00208984066467273,246182531.5637252555763268408620888,0.70205371,117799665651.67663256,0.0029767532525007663
2019-01-18,0.0020528816422271,241857162.429929230529529758152544,0.69111343,117813495651.67663264,0.0029703975543162284
2019-01-19,0.00212305594761652,250153813.4415053428349496660637084,0.71861903,117827235651.67663267,0.0029543553106525992
2019-01-20,0.00204621325630889,241128052.9846897466289052011485252,0.69331684,117841115651.67663268,0.002951339327498362
2019-01-21,0.0020429410303701,240770765.392079307437743458510456,0.69269719,117854975651.67663256,0.002949255547536002
2019-01-22,0.00203131601181557,239428975.0322693581231482704403605,0.68911067,117868895651.67663265,0.0029477355383505668
2019-01-23,0.00200512291273054,236369274.0143884844974468948888256,0.68103245,117882685651.67663264,0.0029442399003609004
2019-01-24,0.00201418917540787,237465805.0763445792052930768273815,0.68435547,117896475651.67663245,0.0029431914607300066
2019-01-25,0.00200499574242039,236409861.3186727388355069842334906,0.68138844,117910405651.67663254,0.002942515054145019
2019-01-26,0.00200424083440835,236348307.9081747961433553329781265,0.68143947,117924105651.67663259,0.0029411868884089585
2019-01-27,0.00198276663161076,233843601.6878646009366894580945608,0.67440046,117938035651.67663258,0.002940043415170209
2019-01-28,0.00189307564528839,223291709.5277349606496677817168623,0.64604642,117951815651.67663257,0.0029302470947650946
2019-01-29,0.00187823533520279,221566962.267690126206336425324954,0.64172957,117965495651.6766326,0.0029268330820454327
2019-01-30,0.00191083611908469,225439424.2775352633690882898423533,0.65297603,117979465651.67663257,0.0029263495615370286
2019-01-31,0.00187855396510081,221656904.9005468582223527010303898,0.64298393,117993365651.67663258,0.0029216188421704566
2019-02-01,0.00190619313979016,224944716.4783465735043486766194128,0.65273354,118007305651.67663258,0.0029203235669338517
2019-02-02,0.00190779521103115,225160195.552630622831592109926113,0.65335671,118021155651.67663262,0.0029199902317237243
2019-02-03,0.00186138958575605,219709055.8191039574346199015045485,0.63912972,118034965651.67663257,0.0029123815205402276
2019-02-04,0.00183939930486507,217138964.6318179393086116288659806,0.63211452,118048845651.67663258,0.002909914654175433
2019-02-05,0.0018347799947426,216618998.715880646157051071716186,0.63081521,118062655651.67663261,0.0029085855344905204
2019-02-06,0.00178072115696068,210261313.9467163143130831467277408,0.61385002,118076495651.67663256,0.002900905919919462
2019-02-07,0.00180405743365471,213041585.5100180226670087495929989,0.62213976,118090245651.67663259,0.0028997623197313574
2019-02-08,0.00192252524378547,227058009.1585398961270834090947579,0.66552808,118104045651.67663257,0.0028887214552772438
2019-02-09,0.0018942272609053,223742308.424626954529560713665621,0.65595174,118117985651.67663257,0.0028877539998678863
2019-02-10,0.00188321862900866,222468035.913854231025691293587883,0.65231354,118131815651.67663255,0.0028869838099768097
2019-02-11,0.0018434259970141,217792828.365356445284643562809237,0.63905415,118145685651.67663257,0.002884616267673248
2019-02-12,0.00185750367679189,219481920.5213058986190575726537762,0.65346073,118159615651.67663258,0.00284256358724401
2019-02-13,0.00186948016930754,220922726.236534876874641532524427,0.67923036,118173345651.67663255,0.002752350718403606
2019-02-14,0.00187048271272793,221066937.988810574348555768550139,0.68249124,118187105651.6766323,0.0027406691882637642
2019-02-15,0.00187353583254013,221453838.266052916075078673004199,0.68370851,118201015651.6766323,0.002740255247868905
2019-02-16,0.00191616635436886,226519175.6930058886673287403338666,0.69945184,118214775651.67663231,0.0027395257897510996
2019-02-17,0.00199957803597685,236407383.072602147606191848762255,0.73039062,118228635651.6766323,0.0027376830715280134
2019-02-18,0.00204505285324269,241812009.9532979353795018252604601,0.74673939,118242425651.67663229,0.002738643334782018
2019-02-19,0.00204993609761288,242417931.2237968901788637904324104,0.74856317,118256335651.67663233,0.002738494464819689
2019-02-20,0.00203484895170028,240661841.199774590218223829367044,0.74302391,118270125651.6766323,0.002738604941663694
2019-02-21,0.0019982145262711,236356578.532969984696451084808039,0.7303821,118283885651.67663249,0.0027358481625865422
2019-02-22,0.00203962890041684,241283378.5075862003479315594829632,0.74566471,118297685651.67663248,0.0027353163869278997
2019-02-23,0.0020697545463126,244875549.03064648481607273300387,0.75686631,118311395651.67663245,0.0027346369087462748
2019-02-24,0.00192765803935613,228090668.8689846048270755254515411,0.70597024,118325275651.67663247,0.002730508922523604
2019-02-25,0.00198290386115103,234655029.8637920476947265726374132,0.72770699,118339085651.67663244,0.0027248657610819843
2019-02-26,0.00194423251745094,230105528.8181424945563451365889654,0.71405258,118352885651.67663241,0.002722814218318404
2019-02-27,0.00194314673865309,230004072.3668395896013700704406469,0.71376506,118366805651.67663241,0.0027223898276179143
2019-02-28,0.00191460287932921,226651733.5612630709849071149591119,0.7037048,118380545651.67663239,0.0027207472214616267
2019-03-01,0.001950931775696,230979427.55981578740919349287952,0.71712284,118394415651.67663237,0.0027204987303095798
2019-03-02,0.00197035298368054,233306197.7403980734018017557558582,0.72488919,118408325651.67663233,0.0027181436981844635
2019-03-03,0.00194730032454709,230603580.0260888965127166794015996,0.71681791,118422195651.67663244,0.002716589941993902
2019-03-04,0.00189607044718571,224562953.3167503737134348457311469,0.6984734,118435975651.67663239,0.002714592205208831
2019-03-05,0.00194144467653889,229963938.7639813781614644631302027,0.71521932,118449905651.67663243,0.002714474598559348
2019-03-06,0.00193321232197412,229015534.136782904591939657652194,0.71235869,118463725651.67663245,0.002713818683076808
2019-03-07,0.00194515537313971,230457078.9083342347365047349753982,0.71676884,118477465651.67663242,0.00271378339094611
2019-03-08,0.00193918919408406,229777078.904534773623029683023747,0.71483122,118491315651.67663245,0.002712793089932558
2019-03-09,0.00196641807255596,233030542.1152489145096952348002232,0.72504251,118505085651.67663242,0.002712141764702817
2019-03-10,0.00195260477621353,231420659.3512555753749430447649132,0.72014991,118518945651.67663244,0.0027113865448008317
2019-03-11,0.00192545993251598,228230264.244003687262318102211551,0.71034998,118532855651.67663245,0.0027105792732140008
2019-03-12,0.00198432128768625,235234771.452910702964307671075475,0.73826724,118546715651.67663262,0.0026878089398714887
2019-03-13,0.00199233316364754,236212286.311968224993716993197165,0.74149918,118560635651.67663225,0.002686898674179977
2019-03-14,0.00201081969870455,238432112.5941212632157072257258285,0.74834132,118574585651.67663227,0.0026870355076805733
2019-03-15,0.00202302402329123,239907314.8985886961414545675930798,0.75272374,118588465651.67663226,0.002687604915039919
2019-03-16,0.00205023778536675,243162866.97155031461524959327402,0.76324902,118602275651.67663224,0.002686197730547692
2019-03-17,0.0020495843638262,243114002.38344391234951674031495,0.76492258,118616245651.67663225,0.0026794664158380577
2019-03-18,0.00204584931939521,242699239.0732917175226165663875704,0.76359312,118630065651.67663224,0.0026792401159863905
2019-03-19,0.00204291273533561,242379329.6879129275878124077128469,0.76274481,118643995651.67663229,0.0026783698932485818
2019-03-20,0.00203448898997998,241407978.828630454283957361322355,0.76006457,118657795651.67663225,0.0026767317808011754
2019-03-21,0.00201595463943379,239236513.5039154977747039532367412,0.75334614,118671575651.67663228,0.0026760004895409564
2019-03-22,0.00201720223522141,239412546.2568112785937108018964725,0.75393567,118685445651.67663225,0.0026755628039477294
2019-03-23,0.00201083938601947,238685057.9220101027727675486697128,0.7517339,118699215651.67663224,0.0026749350880936325
2019-03-24,0.00200711303408332,238270621.6699904084850263131582368,0.75058962,118713105651.67663224,0.0026740484821563613
2019-03-25,0.00200819852761542,238427377.855899385628725528769295,0.75111048,118726995651.67663225,0.002673639339468969
2019-03-26,0.00202148605012707,240033064.1394583767541690806561954,0.7562229,118740895651.67663222,0.0026731351961532374
2019-03-27,0.00206514650618341,245245886.1208643125512598946828066,0.77244843,118754715651.67663226,0.0026735072866720822
2019-03-28,0.00205676589717633,244279279.4625293416903411547016957,0.76929253,118768635651.67663229,0.002673581007183743
2019-03-29,0.00208142250770491,247236518.3423101895002927503582002,0.77839202,118782475651.67663222,0.0026740028857244838
2019-03-30,0.00208206468441287,247341592.6360729520893675433129288,0.77874433,118796305651.67663224,0.0026736177769831984
2019-03-31,0.00206712410398376,245595543.2580535160270780075719352,0.7733142,118810255651.67663227,0.0026730714423500303
2019-04-01,0.00244623267736758,290671483.4910894435279546368271582,0.91051783,118824135651.67663229,0.0026866389616638045
2019-04-02,0.00289010918614619,343454580.5884685874893863635071656,1.06893943,118837925651.67663224,0.0027037165109965026
2019-04-03,0.00312309548172381,371185505.9945128588386853832457297,1.14136312,118851795651.67663237,0.0027362856105985003
2019-04-04,0.0036916790898948,438813966.226302976366887525393612,1.32018173,118865685651.67663219,0.0027963415990424284
2019-04-05,0.00359387296841497,427238165.3086624583640669997689322,1.25603307,118879595651.67663226,0.0028612884917233673
2019-04-06,0.00338611261892232,402586732.072802037342336383849052,1.18575422,118893485651.67663235,0.002855661453114896
2019-04-07,0.00341033173733226,405513596.9878020412667186045612562,1.19435585,118907375651.67663237,0.0028553732435205635
2019-04-08,0.0029915300357216,355756119.26881307805292749015376,1.05138994,118921125651.67663235,0.0028453097389552727
2019-04-09,0.00288278123485681,342863688.9436790843292659999609397,1.01684492,118935035651.67663237,0.0028350254578218374
2019-04-10,0.00298359002183849,354895006.6981521171774201188091515,1.05176671,118948985651.67663235,0.002836741259702439
2019-04-11,0.00275613263209712,327876884.8038451660473540060548032,0.97455703,118962665651.67663236,0.0028280875795407474
2019-04-12,0.00281833859903892,335315768.239646573337100332181062,0.99689899,118976395651.67663235,0.00282710548140782
2019-04-13,0.00286470873665178,340872310.3534374245262020923996008,1.01313043,118990215651.67663236,0.0028275813773077376
2019-04-14,0.00286566741938075,341025987.7418349446807256308048775,1.01420326,119004035651.67663237,0.002825535602578077
2019-04-15,0.0027573805790827,328177716.754641847308980593936172,0.97689775,119017925651.67663236,0.0028225887295601814
2019-04-16,0.00279251324237503,332397586.3696612721875139985539708,0.98957477,119031695651.67663236,0.002821932538129514
2019-04-17,0.00278719691875686,331803071.4404211597016110116355582,0.98817051,119045435651.67663237,0.0028205627374539442
2019-04-18,0.00295101050995384,351345645.9172706576070645000511856,1.04509301,119059435651.67663234,0.002823682181123611
2019-04-19,0.00287675568172232,342544779.8073623722604650590634984,1.01981631,119073295651.67663237,0.002820856710677946
2019-04-20,0.00283634110800017,337771823.3730762862754684288274995,1.00592423,119087165651.67663235,0.0028196369303085285
2019-04-21,0.00274748338926343,327227732.4493786263775558771952291,0.97558349,119100895651.67663237,0.0028162462950899565
2019-04-22,0.00276817316138799,329730020.5846751274206466433215966,0.98853771,119114665651.67663234,0.002800270675954274
2019-04-23,0.00273268014927191,325540047.9531602882415832087741312,0.97614228,119128485651.67663232,0.0027994690991890135
2019-04-24,0.00254890041849098,303681949.2025513745050295068813834,0.91271122,119142335651.67663233,0.002792669096903377
2019-04-25,0.00241826894170054,288151823.8864002038625410105424582,0.86718587,119156235651.67663233,0.0027886396969320315
2019-04-26,0.0024851298147377,296153157.729125137652641138289841,0.89140844,119170095651.67663233,0.002787868841288624
2019-04-27,0.0025032264845665,298344359.22588159895909370478061,0.89837686,119183925651.67663234,0.002786387980392215
2019-04-28,0.00243621193091154,290391238.077686149574023252952319,0.87480003,119197855651.67663235,0.0027848786549670556
2019-04-29,0.00238625557760223,284469645.2519002009327004458021851,0.85761104,119211725651.67663237,0.002782445031960211
2019-04-30,0.0024734788863166,294901845.144209205229365172765176,0.88866659,119225535651.67663236,0.0027833598271277417
2019-05-01,0.00248787328994537,296652656.8234317858287063712758121,0.89550512,119239455651.67663233,0.0027781787444669994
2019-05-02,0.00255544708464904,304745256.7176294704970207105534248,0.91942396,119253205651.67663237,0.00277940014163764
2019-05-03,0.00263971691189786,314831211.0416558125216418828527924,0.94984672,119267035651.67663234,0.0027790977810586742
2019-05-04,0.00264608970615468,315628055.9684003137080656217765384,0.95220435,119280935651.67663238,0.0027789094915967143
2019-05-05,0.00259733008186404,309847779.5428174600135340969470536,0.93511374,119294725651.67663234,0.002777555254256065
2019-05-06,0.00254284966463422,303383593.584375866062255384169017,0.91787863,119308505651.67663235,0.0027703550137497153
2019-05-07,0.00249151175612179,297293026.9591800791123477212151244,0.89975878,119322345651.67663236,0.002769088572963733
2019-05-08,0.00249524380847082,297773252.660441695241152380843027,0.90143183,119336335651.67663235,0.0027680893057335457
2019-05-09,0.00247655605937501,295577549.2909951091773120413600733,0.89507731,119350235651.67663233,0.002766862741024024
2019-05-10,0.00249051712488413,297278075.2650954816538442223596055,0.90017021,119363995651.67663235,0.0027667180020144524
2019-05-11,0.00279363708304191,333498376.5061772667967155735422076,1.0073966,119377845651.67663236,0.0027731253838278883
2019-05-12,0.00260149567983362,310597162.5505447417683024195145984,0.941238,119391765651.67663232,0.00276390846930704
2019-05-13,0.00270462990845446,322947647.727054507207791286137781,1.00812974,119405485651.67663235,0.0026828192851988076
2019-05-14,0.0030282407199366,361630555.53299812720642299350901,1.12514097,119419355651.67663235,0.002691432274425666
2019-05-15,0.0033455941978445,399575307.50575411421004744699113,1.24230802,119433285651.67663234,0.002693047250749053
2019-05-16,0.00313915706378961,374963225.4556845473899603149956757,1.17167355,119447105651.67663237,0.0026792079276600636
2019-05-17,0.00289769632778519,346161920.2291321512620109494612674,1.08297569,119461075651.67663246,0.002675679938656047
2019-05-18,0.00293616058997954,350797421.3811590396090486298004822,1.09684232,119474875651.67663243,0.0026769213189909925
2019-05-19,0.00314983250202692,376369692.171703965906369399744208,1.1749023,119488795651.6766324,0.0026809314289595993
2019-05-20,0.0029906906705802,357395178.29796045716480249011848,1.11685372,119502555651.6766324,0.0026777818948216423
2019-05-21,0.00304955486530461,364471805.8432412092351626855666867,1.13803126,119516395651.67663247,0.0026796758336011
2019-05-22,0.00286241307041442,342144966.0873362887428822129282174,1.07000364,119530255651.67663247,0.0026751433017689736
2019-05-23,0.0029653550760716,354490839.122841990715546761561988,1.10497917,119544145651.67663243,0.0026836298426074403
2019-05-24,0.00298568641708283,356962653.8139948023157987087242373,1.11257994,119557985651.67663231,0.002683570240429492
2019-05-25,0.00301616610870542,360648246.7933317326570904627052828,1.12360998,119571745651.67663234,0.002684353256372305
2019-05-26,0.00309704791694644,370362350.880303536583586118674012,1.15239633,119585605651.6766323,0.0026874850572861857
2019-05-27,0.00312877409096849,374199208.8207871437605771495259119,1.16329734,119599305651.67663231,0.0026895738375611604
2019-05-28,0.00317158584927455,379363613.8629412217050620194891475,1.17247077,119613225651.67663245,0.002705044705954204
2019-05-29,0.00315777109659714,377754921.8633039459386009823991072,1.16395471,119627075651.67663248,0.002712967325504563
2019-05-30,0.00316527561603623,378696504.6452555444092427288675044,1.16630362,119640925651.67663228,0.002713937916128761
2019-05-31,0.00343392550785411,410885345.8720677255119658392781297,1.26015946,119654705651.67663227,0.0027249928416631574
2019-06-01,0.00336751665718446,402985854.498226611528549991271727,1.23023433,119668555651.67663245,0.002737296932027949
2019-06-02,0.00336650464264761,402910599.9735361319323050439879923,1.22677187,119682175651.67663243,0.002744197780348199
2019-06-03,0.00311805943373353,373219477.8665926078879200629790131,1.13831318,119696075651.67663227,0.002739192946648944
2019-06-04,0.00293317273489539,351129743.3592154051883709035314977,1.07163989,119709875651.67663243,0.002737088048201892
2019-06-05,0.00297800934583877,356538671.7102644795067467738749234,1.08882908,119723825651.67663242,0.0027350567692761936
2019-06-06,0.00308438040445649,369316478.7675902967467359029449323,1.12665523,119737655651.67663227,0.002737643533112157
2019-06-07,0.00309991782273772,371219826.6693091975210624486898648,1.13184777,119751505651.67663234,0.0027388116184014037
2019-06-08,0.00302940458213899,362817444.5462825799631114587950376,1.10854553,119765265651.67663224,0.0027327741623196927
2019-06-09,0.00294411694331623,352643782.7278742754904172520327421,1.0782453,119779135651.67663227,0.0027304704628123393
2019-06-10,0.00307395506561302,368237886.1942713318873415540396346,1.12449482,119792865651.67663223,0.002733632037196063
2019-06-11,0.00303521414228246,363638916.277816573972466568159458,1.11089672,119806675651.6766323,0.0027322199153513214
2019-06-12,0.00304669633476037,365056451.6623906136955752757971584,1.11503725,119820425651.67663232,0.002732371797229527
2019-06-13,0.00302096736340674,362015043.035444812961462946492039,1.10763402,119834145651.67663235,0.0027274057214374285
2019-06-14,0.00307285106868273,368274857.1466735968148100370043155,1.12589357,119847935651.67663235,0.0027292553670794396
2019-06-15,0.00313061892942975,375241512.46401147926632370366514,1.14654388,119861765651.67663224,0.0027304833107911664
2019-06-16,0.00312632484778323,374769959.538906542054135446816329,1.14485666,119875565651.6766323,0.0027307565715547566
2019-06-17,0.00314661003283389,377245238.1201580937587962618220026,1.15165801,119889415651.67663234,0.0027322434312195593
2019-06-18,0.00301953210784922,362051851.0571753564353860490172826,1.10599773,119903295651.67663233,0.0027301431331592514
2019-06-19,0.00310758494922756,372652157.616188584164941282068944,1.13713341,119916965651.6766324,0.002732823538469035
2019-06-20,0.00308865119837541,370424086.8465476037328020038180217,1.12940062,119930695651.67663237,0.002734770234476593
2019-06-21,0.00323928609162541,388534828.0672488289571692564092184,1.18267416,119944585651.67663224,0.002738950592803524
2019-06-22,0.00327084630948277,392365737.3764652362009920548978865,1.19329166,119958475651.67663245,0.002741028383189044
2019-06-23,0.00326433650773133,391629977.2554698032270230634504053,1.19048108,119972305651.67663241,0.0027420314044229325
2019-06-24,0.00335393562899973,402425708.2694404143393975514292844,1.22157958,119986115651.67663228,0.0027455727681693323
2019-06-25,0.00332116439135858,398539646.0982450418443153482829624,1.20900791,119999975651.67663228,0.0027470162634077224
2019-06-26,0.00336276874914348,403578843.2496747964936511809195344,1.22249232,120013855651.67663228,0.0027507483639189487
2019-06-27,0.00329296745570169,395247032.1264419439086674235045532,1.19667184,120027615651.67663228,0.002751771492927994
2019-06-28,0.00338299984047412,406100326.8098984119459817585013348,1.22475284,120041485651.67663229,0.00276218983127577
2019-06-29,0.00338808407845039,406757537.3736222899866683170370931,1.22604199,120055325651.67663229,0.002763432334361069
2019-06-30,0.00323949631239454,388963781.3357112352632476129836966,1.17358619,120069215651.67663229,0.0027603394961511437
2019-07-01,0.00322696568446517,387503641.7164270272484067554023393,1.16877604,120082975651.67663229,0.0027609786426364196
2019-07-02,0.00314402352665987,377587056.6846283059833428786226036,1.13898144,120096765651.67663228,0.002760381702672758
2019-07-03,0.00327747434702646,393659461.6039249767271954848501288,1.18632298,120110615651.67663228,0.0027627167325262976
2019-07-04,0.00317524428160879,381424617.8991261864161942076457412,1.14909032,120124495651.67663228,0.0027632678009234207
2019-07-05,0.00381970351085695,458893013.462395460282222505655153,1.32644868,120138385651.67663254,0.0028796466598745084
2019-07-06,0.00346346617361713,416143169.2293944405532602696594102,1.20132377,120152225651.67663254,0.0028830414082434497
2019-07-07,0.0036045733413118,433147000.275289616578529890165972,1.2487448,120165955651.67663254,0.0028865572383659174
2019-07-08,0.00349031980657265,419465956.0160986533332755127983045,1.21160834,120179805651.67663253,0.002880732734616741
2019-07-09,0.00349098541174501,419594228.6445980623486936278311753,1.21179492,120193635651.67663253,0.0028808384604756473
2019-07-10,0.00331793072913236,398839911.4395914043349632407429944,1.15450939,120207425651.67663254,0.002873888040990606
2019-07-11,0.00317540201987689,381750849.7824901553399358205680006,1.12087608,120221265651.67663254,0.0028329643896735576
2019-07-12,0.00326112635343641,392101969.4826843105602395258267814,1.150998,120235135651.67663254,0.0028333032320094474
2019-07-13,0.00323686601031263,389229757.3245029223853696310309802,1.14311131,120248955651.67663254,0.002831628015571493
2019-07-14,0.00292794205899939,352122761.0361782759211064771141506,1.03775323,120262885651.67663254,0.002821424182894993
2019-07-15,0.00307932983478436,370371740.5226795470768262818590744,1.09109323,120276735651.67663254,0.0028222426371249322
2019-07-16,0.00278674066182936,335218722.0056078914260482409033744,0.992156,120290605651.67663254,0.0028087726746896255
2019-07-17,0.00289208304097099,347930157.8143260531175676150300146,1.03041236,120304345651.67663254,0.002806723942025492
2019-07-18,0.00312463890135896,375950508.4714900947534922825565584,1.11042355,120318065651.67663254,0.002813916276684658
2019-07-19,0.00300763638226141,361913985.7811897478868538587922814,1.07003797,120331695651.67663254,0.0028107753804861805
2019-07-20,0.00313234089180153,376963461.7313680321122115644197862,1.11422697,120345605651.67663254,0.00281122336484238
2019-07-21,0.00298595063567733,359387422.9724076066173247964183182,1.06288078,120359465651.67663254,0.0028092996805129263
2019-07-22,0.00292116590269108,351630074.7356399561569923382957432,1.04117077,120373195651.67663254,0.002805654928913419
2019-07-23,0.00282577711689802,340187128.3200921238807916041935708,1.00870978,120387105651.67663254,0.002801377733145425
2019-07-24,0.00291357464414533,350797142.3818449620874074807670382,1.04325443,120400945651.67663254,0.00279277476362629
2019-07-25,0.00292516532540165,352232658.375851293995270594959691,1.04719666,120414615651.67663254,0.002793329502599492
2019-07-26,0.00291277182408656,350780379.4187156138181226822726624,1.04299848,120428375651.67663254,0.0027926903825272686
2019-07-27,0.00274470268296887,330578154.7829525696738064112490298,0.98407247,120442245651.67663254,0.0027891265802495926
2019-07-28,0.00284690604506687,342927272.2830926706856973207179498,1.02085785,120456125651.67663254,0.002788738946433012
2019-07-29,0.00277665308093374,334502912.5552784239102157620678996,0.99636351,120469825651.67663254,0.00278678720473589
2019-07-30,0.00279047561406204,336206619.2747833054519388978427816,1.00161995,120483625651.67663254,0.0027859624941196904
2019-07-31,0.00289250746485418,348539558.5678129720704844245430172,1.03796824,120497375651.67663254,0.002786701320316101
2019-08-01,0.0029029499842229,349838060.604217022202925600753166,1.04184546,120511225651.67663254,0.0027863537306414905
2019-08-02,0.0028965767843026,349109875.367050505148860300366604,1.03980519,120524985651.67663254,0.0027856917931931074
2019-08-03,0.00287474448107038,346518122.5647484754137950131381652,1.03207838,120538755651.67663254,0.0027853935677543988
2019-08-04,0.00293116333988227,353359378.1401996130754704436510658,1.05190691,120552605626.67663254,0.00278652351459719
2019-08-05,0.00301486278392159,363491410.3865050303363596666025386,1.08196045,120566485587.67663254,0.0027864815057903366
2019-08-06,0.00292329357990865,352491311.537885618756007332817471,1.05050362,120580195557.67663254,0.0027827544086984203
2019-08-07,0.00294397726990718,355025775.6364712794006090607676372,1.05789335,120593925525.67663254,0.002782867734169214
2019-08-08,0.00295046037536918,355847990.5113594906143529417011172,1.06052567,120607615503.67663254,0.002782073512062353
2019-08-09,0.0029118153101994,351227284.401528890170649307928476,1.04731568,120621415503.67663254,0.002780265172960458
2019-08-10,0.00285708891945055,344665508.940194512428950331050897,1.02827487,120635205503.67663254,0.002778526445414882
2019-08-11,0.0029162094331444,351837826.273501091277553655558776,1.04957346,120649025503.67663254,0.0027784710115901752
2019-08-12,0.00288468640639989,348074470.1819860701964604998264206,1.03846969,120662845503.67663254,0.002777824364233385
2019-08-13,0.00279165173319974,336887696.9908987902253995624035396,1.00575461,120676835503.67663254,0.0027756787843107567
2019-08-14,0.00272667518982334,329084243.2721427147616851686954836,0.98366347,120690665503.67663254,0.0027719593875162813
2019-08-15,0.00259362834031538,313062626.2780894752972597199704652,0.93729812,120704505503.67663254,0.002767132767016944
2019-08-16,0.00266328825561746,321507618.6531000035034329912281484,0.96322604,120718295503.67663254,0.002764967043060277
2019-08-17,0.002588566864721,312522946.61513667876229900662134,0.93709384,120732035503.67663254,0.002762334735570346
2019-08-18,0.00275727628215529,332929490.5394976157310373605471366,0.99827678,120745785503.67663254,0.0027620358776203227
2019-08-19,0.00274910059747753,331980028.7312485028738343287168262,0.99538246,120759505503.67663254,0.002761853566796355
2019-08-20,0.00275591519528435,332841235.854669024994887895762749,0.99791046,120773395503.67663254,0.0027616858483318733
2019-08-21,0.0026143944971134,315785274.670792714814184062510036,0.9474567,120787155503.67663254,0.002759381507475117
2019-08-22,0.00269856885344637,325989938.8599794202378464150868798,0.97812938,120801045503.67663254,0.002758907879289312
2019-08-23,0.00267250920607176,322878813.5638052413411729983910704,0.96880217,120814855503.67663254,0.0027585706234243466
2019-08-24,0.00259281502286009,313286638.3915717820021432507613286,0.94030319,120828765503.67663254,0.002757424467378538
2019-08-25,0.00255643512942324,308926154.0188766352730565956162296,0.9274924,120842555503.67663254,0.0027562868756910996
2019-08-26,0.00265673104789008,321083044.5399426884305409664712032,0.96411346,120856435503.67663254,0.002755620741867954
2019-08-27,0.00261421351466863,315980864.5962429818999034523752202,0.95266399,120870335503.67663254,0.0027441086701184433
2019-08-28,0.00247115067777379,298723012.2280362926532911710731266,0.90105378,120884175503.67663254,0.002742511859584885
2019-08-29,0.00239477140648973,289522966.9432724832259767084938142,0.87532442,120897955503.67663254,0.002735867241644795
2019-08-30,0.00243059769432276,293888077.2035231420557760326786104,0.88909068,120911855503.67663254,0.0027338017920992717
2019-08-31,0.00244137154773603,295224625.6340133363144014512284162,0.89318329,120925725503.67663254,0.002733337686754115
2019-09-01,0.00245100490824951,296423419.6309763843990748629050554,0.89694209,120939545503.67663254,0.002732623360611285
2019-09-02,0.00255841117401998,309448288.3352586418169914610781492,0.9361444,120953305503.67663254,0.0027329236536799023
2019-09-03,0.00258029563789184,312130972.0684079425294131959444736,0.94411564,120967135503.67663254,0.0027330292271101875
2019-09-04,0.00248105849860061,300160728.5788792070680535471898494,0.90864185,120980915503.67663254,0.0027305131263771418
2019-09-05,0.00247112549993531,298992978.5710235261591909286409874,0.90522537,120994655503.67663254,0.002729845607326836
2019-09-06,0.00244381050523584,295722003.6014042308126639297182336,0.89570784,121008565503.67663254,0.002728356720910068
2019-09-07,0.00248037150764292,300180352.7717216930359488183726168,0.90916302,121022335503.67663254,0.00272819225274134
2019-09-08,0.00248044494799671,300223743.6840842093617883117989434,0.90957789,121036245503.67663254,0.0027270286308264486
2019-09-09,0.00242500102206535,293546459.817462738487183723816489,0.88977692,121050035503.67663254,0.0027254033764613156
2019-09-10,0.00240641027595474,291329666.8922886474362355766512396,0.88316993,121064005503.67663254,0.0027247420844080817
2019-09-11,0.00238689912281537,289000603.2251006448699754457541398,0.87627786,121077845503.67663254,0.0027239066873324517
2019-09-12,0.00244892418388669,296543891.8019600889873657481268926,0.89917981,121091495503.67663254,0.0027235088651364294
2019-09-13,0.00243891209799668,295365097.1680169331002342624999672,0.89556249,121105265503.67663254,0.0027233298906887892
2019-09-14,0.002464933037541,298550706.47739987128024428218414,0.90515119,121119195503.67663254,0.0027232279698389396
2019-09-15,0.00238028547933681,288331395.9002301041793742132657974,0.87476385,121133115503.67663254,0.002721060637492976
2019-09-16,0.00237354387973783,287547614.7846228913399269524469882,0.87281688,121146955503.67663254,0.0027194064804725478
2019-09-17,0.00259995831639413,315013069.8898789015617132738229902,0.95391115,121160815503.67663254,0.0027255770271624666
2019-09-18,0.00272169530215523,329800436.1907290331805340507491842,0.99690563,121174635503.67663254,0.002730143375913355
2019-09-19,0.00271348426659005,328842858.762204232117098012670227,0.99392029,121188415503.67663254,0.0027300823757104805
2019-09-20,0.00265503865962778,321796700.5467319242665354802359612,0.97272582,121202265503.67663254,0.0027294830722472034
2019-09-21,0.00252312883022292,305843547.7082100500474697231258168,0.92553187,121215985503.67663254,0.0027261393281064646
2019-09-22,0.002561589139238,310541158.05728431923243302160452,0.9400649,121229885503.67663254,0.0027249066944612012
2019-09-23,0.00249803633589494,302870982.0038226743836237064253476,0.91729667,121243625503.67663254,0.0027232589167634717
2019-09-24,0.0021835933500956,264777170.010742916714889095070824,0.80471749,121257545503.67663254,0.0027134906066172363
2019-09-25,0.00217951323074653,264312545.6259615467522382206900862,0.80401722,121271365503.67663254,0.0027107792924466593
2019-09-26,0.00213942342855142,259480452.9797079868394605158352068,0.79008383,121285225503.67663254,0.002707843582308753
2019-09-27,0.00220242076028045,267151690.188953608775993641995843,0.81388614,121299115503.67663254,0.0027060551249594323
2019-09-28,0.00221574233988977,268798384.8312004066885294683951158,0.81902442,121313015503.67663254,0.0027053434376105297
2019-09-29,0.00224419092652745,272280650.707367373594418571873223,0.82966404,121326865503.67663254,0.0027049393710343885
2019-09-30,0.00236458871353361,286920815.4344250884975494089096694,0.87416966,121340685503.67663254,0.0027049539943237223
2019-10-01,0.00239044567333268,290091352.6206907087374171415334072,0.88413512,121354505503.67663254,0.0027037108008249686
2019-10-02,0.00232096639776275,281691526.730797522827386109849885,0.85906392,121368205503.67663254,0.002701738885463552
2019-10-03,0.00226470913353877,274894891.2172470471218388471335758,0.838708,121381985503.67663254,0.0027002355212288067
2019-10-04,0.00234528432989509,284707727.2684515276296393826802286,0.8683608,121395825503.67663254,0.0027008178281367487
2019-10-05,0.00231062039168887,280531256.0554534017847558449978298,0.85583231,121409495503.67663254,0.002699851787190495
2019-10-06,0.00221263578020241,268665660.9396721400954154683924214,0.81978515,121423355503.67663254,0.00269904349963208
2019-10-07,0.00233578199699504,283650698.2339550473548181462826016,0.86539258,121437145503.67663254,0.0026991010218680635
2019-10-08,0.00233816537854264,283972279.0596966878487712880015056,0.86638036,121450895503.67663254,0.002698774679682997
2019-10-09,0.00240382424759468,291979660.0872300123350876172188872,0.89048484,121464645503.67663254,0.0026994555545658476
2019-10-10,0.0022895529855305,278131497.84925596498140558546247,0.84845158,121478515503.67663254,0.002698507539499779
2019-10-11,0.00225570271201002,274050703.4692102196942522883380508,0.83622785,121492385503.67663254,0.0026974737949830535
2019-10-12,0.00227652863744433,276612265.3951702172832846861164982,0.84392107,121506165503.67663254,0.0026975610852379003
2019-10-13,0.00247887072734467,301232409.2185344690457825887910085,0.91876667,121520015503.67663255,0.002698041633731304
2019-10-14,0.00252050570655831,306326675.5168217608549980310189905,0.9339457,121533815503.67663255,0.0026987711454298786
2019-10-15,0.00248036775913996,301483109.143468557799404536941698,0.91846588,121547745503.67663255,0.0027005551465232
2019-10-16,0.00259163311090389,315043107.7542960162875020018956195,0.95894241,121561615503.67663255,0.002702595154701615
2019-10-17,0.00275819175351874,335328280.890937724929198576518987,1.01788126,121575405503.67663255,0.002709738219877179
2019-10-18,0.00263859531155429,320824971.4371433920543328937061395,0.99116136,121589305503.67663255,0.0026621248749590983
2019-10-19,0.00271820271973652,330542028.018636793185741816855726,1.02073671,121603155503.67663255,0.0026629812498234927
2019-10-20,0.00266934502554477,324637615.1956388571558334828642635,1.00257562,121616955503.67663255,0.0026624874695684
2019-10-21,0.00264941763351896,322250747.892203169053019779378148,0.99550541,121630785503.67663255,0.0026613794429494455
2019-10-22,0.00250615854787502,304861068.871291555300388031863901,0.94268109,121644765503.67663255,0.002658543355181783
2019-10-23,0.0024639785634618,299764023.54321554198282589456159,0.92755936,121658535503.67663255,0.0026564106511326666
2019-10-24,0.00249334990860868,303371581.940801352170670198100534,0.93940255,121672285503.67663255,0.0026541868644157714
2019-10-25,0.00259931882370923,316301218.5582681371295420667534365,0.97890034,121686195503.67663255,0.002655345715488494
2019-10-26,0.00262148287937903,319034533.2778796044488576654854265,0.98690043,121700025503.67663255,0.0026562789919739216
2019-10-27,0.0026055388132219,317130044.344770773751430007912845,0.98105762,121713805503.67663255,0.0026558468739296885
2019-10-28,0.00265363461418432,323020454.784599339428076762611616,0.99006586,121727555503.67663255,0.002680260699206738
2019-10-29,0.00255649653445083,311231353.4444957906725891179525165,0.95470152,121741355503.67663255,0.0026777966525609286
2019-10-30,0.0026224538109248,319297507.57120140508051766528224,0.97924473,121755245503.67663255,0.0026780371959977765
2019-10-31,0.00257975488126176,314134237.929597536382348371886288,0.96372448,121769025503.67663255,0.0026768593460049497
2019-11-01,0.00259243060911568,315713213.408651887633331035803384,0.96886389,121782705503.67663255,0.0026757428322730452
2019-11-02,0.00258105570953036,314363256.204425343948802666789218,0.96479957,121796385503.67663255,0.0026752247718459907
2019-11-03,0.00256465023350276,312400751.513539802138241347930838,0.95879225,121810275503.67663255,0.0026748758487594782
2019-11-04,0.0026169775091885,318810839.501028340539650363185675,0.97844341,121824065503.67663255,0.0026746334866607157
2019-11-05,0.00252152118189381,307216708.1938261270392202524895155,0.94326644,121837845503.67663255,0.002673180211832629
2019-11-06,0.00255979080412297,311914670.4317474065793641857046735,0.95761212,121851625503.67663255,0.0026730977508126878
2019-11-07,0.0027280475910525,332454653.197417023384962710258875,1.01951399,121865415503.67663255,0.0026758314430314974
2019-11-08,0.00265974075321985,324166823.874110452192232395219522,0.99414334,121879105503.67663252,0.0026754097183006326
2019-11-09,0.0027142417439946,330846568.133111280259412061064392,1.01375096,121892815503.67663252,0.0026774245856147944
2019-11-10,0.00278184370254151,339125345.3661112272874263223159052,1.038257,121906685503.67663252,0.0026793401850808713
2019-11-11,0.00275023165472674,335309743.6057633853759717439975848,1.02670326,121920545503.67663252,0.002678701589714189
2019-11-12,0.00269901148096347,329101982.5172712201640486547340444,1.00783489,121934265503.67663252,0.0026780294150795573
2019-11-13,0.00271123020347958,330628980.2141519641340092409839416,1.01234263,121947955503.67663252,0.0026781744867146215
2019-11-14,0.00262682800188767,320372764.6626755792744718289090284,0.98144172,121961835503.67663252,0.0026764992239046758
2019-11-15,0.00264544087675835,322679173.403550629637652061791542,0.98837606,121975575503.67663252,0.0026765529678636187
2019-11-16,0.00267865778259128,326768057.9521517183870661899164256,1.00059341,121989475503.67663252,0.0026770691829674153
2019-11-17,0.00257109880478731,313681858.7639267373573191556293212,0.96115002,122003035503.67663252,0.0026750234107962767
2019-11-18,0.00250396034293959,305525367.3513965402848870489894668,0.9369906,122016855503.67663252,0.002672343076803108
2019-11-19,0.00247198224254634,301657465.1324438768472784012509768,0.92704585,122030595503.67663252,0.0026665156233063774
2019-11-20,0.00252488864713062,308148382.4087200586186292421797624,0.9468394,122044345503.67663252,0.0026666493252505336
2019-11-21,0.00237021673392283,289304093.0692306112370538639484316,0.88983238,122058075503.67663252,0.0026636665367502474
2019-11-22,0.00233650212243733,285221406.4894369833585171091399716,0.87812714,122071965503.67663252,0.0026607788508134825
2019-11-23,0.0023541192958739,287404526.947320180746619482559228,0.8850035,122085795503.67663252,0.002660011283428709
2019-11-24,0.00224503723367821,274118025.8709409111555071461013892,0.84444757,122099545503.67663252,0.002658586883823006
2019-11-25,0.00227108825008064,277330433.9711450609675563736464128,0.8547164,122113455503.67663252,0.002657124924806216
2019-11-26,0.00225679041939934,275615733.0077537117251580523105368,0.85079072,122127305503.67663252,0.0026525799663157353
2019-11-27,0.0023082660980527,281934057.599509918825764065493804,0.87056749,122141055503.67663252,0.002651449915793088
2019-11-28,0.00226298016572962,276434015.1523879296393465104192424,0.85369163,122154855503.67663252,0.0026508168596307076
2019-11-29,0.00238981719464679,291960490.6896752001586385580276108,0.90095252,122168545503.67663252,0.002652545102650681
2019-11-30,0.00229706522627301,280661046.8274926771574315069642852,0.86644283,122182445503.67663252,0.0026511445957409677
2019-12-01,0.002279869454286,278591373.55879261108998256098072,0.86061176,122196195503.67663252,0.0026491265402717712
2019-12-02,0.00221593456048024,270809264.0353493660965735572014048,0.83789859,122209955503.67663252,0.0026446333565022947
2019-12-03,0.00219443198282086,268211718.1377451129306972552103672,0.8305829,122223755503.67663252,0.0026420384802298
2019-12-04,0.00218705356913138,267340016.4346040678754404998604776,0.82805838,122237525503.67663252,0.0026411828223166824
2019-12-05,0.0021800556809425,266514783.8692682155957139397501,0.82557046,122251365503.67663252,0.0026406658020958016
2019-12-06,0.00219336173088739,268171998.2397850917677490665319228,0.83090474,122265285503.67663252,0.002639727065328078
2019-12-07,0.00219434294387673,268322248.4586921617579047203892596,0.83136198,122279085503.67663252,0.002639455491910672
2019-12-08,0.00221562939141079,270955600.7009109094677737191928908,0.8394839,122292835503.67663252,0.00263927562090326
2019-12-09,0.0021917979253144,268071539.539039244950679454264288,0.83063644,122306685503.67663252,0.002638697051762381
2019-12-10,0.00215129158295855,263147116.939126189311932682742046,0.81568034,122320525503.67663252,0.002637419927221183
2019-12-11,0.00210699645535123,257757969.1340656858203340602399996,0.79918124,122334315503.67663252,0.0026364438376346644
2019-12-12,0.00214260721258856,262143804.7422908910148696530759712,0.81290013,122348045503.67663252,0.0026357570057081426
2019-12-13,0.0021081484218649,257956952.576536821366765170386548,0.80048295,122361855503.67663252,0.0026335956585520027
2019-12-14,0.0020853236197383,255192803.196301774824703947669516,0.79267541,122375635503.67663252,0.00263074089776331
2019-12-15,0.00208898098241272,255669244.9950282924875601544136544,0.79434878,122389455503.67663252,0.0026298032237334333
2019-12-16,0.0020941509361627,256331038.692952112492534226831004,0.79682496,122403325503.67663252,0.0026281191494838467
2019-12-17,0.00195483902301308,239305891.3100182080097149183133616,0.74554053,122417185503.67663252,0.002622042591048779
2019-12-18,0.002080812184283,254756032.02667858245124711068316,0.79357378,122431055503.67663252,0.0026220777912836285
2019-12-19,0.00203442329415188,249104544.2203431193832643278271376,0.77641211,122444795503.67663252,0.002620287947533276
2019-12-20,0.00202072644670295,247455464.011229600481197112749934,0.77136323,122458665503.67663252,0.0026196821006141944
2019-12-21,0.00202140543015885,247566466.385965777908301616675802,0.77195235,122472445503.67663252,0.0026185624412683635
2019-12-22,0.00207314521820943,253931504.6534951392971162865086636,0.79184915,122486115503.67663252,0.0026181062620442667
2019-12-23,0.00201184623627995,246450993.950683728641771467993974,0.76906531,122499915503.67663252,0.002615962792912802
2019-12-24,0.00198471910235555,243155450.391037480229310623732486,0.75891513,122513785503.67663252,0.002615205605869987
2019-12-25,0.00202287182903,247857621.2231703537154035780556,0.77378008,122527595503.67663252,0.0026142722994755823
2019-12-26,0.0020249063406323,248135071.485022700429572911542396,0.77481547,122541505503.67663252,0.00261340463508337
2019-12-27,0.00203984013048218,249993128.3778966506563218262684936,0.78064796,122555255503.67663252,0.002613008981003652
2019-12-28,0.00200715327948193,246014921.8602728440756829125903636,0.76842943,122569075503.67663252,0.00261202031197833
2019-12-29,0.0020232534587173,248016206.609791347885672502666596,0.77469894,122582865503.67663252,0.002611664163006729
2019-12-30,0.00198532511658286,243394358.3532636963113313343506072,0.76047608,122596725503.67663252,0.002610634533807901
2019-12-31,0.00197591383595918,242267715.2221104078642954665805336,0.75744722,122610465503.67663252,0.0026086488718767495
2020-01-01,0.00201984671857517,247681957.7152182471464637580865284,0.77431068,122624135503.67663252,0.002608574013954153
2020-01-02,0.00195855811527259,240193171.2805416067306661130586268,0.75243501,122637755503.67663252,0.0026029598427013516
2020-01-03,0.00198202129080331,243097479.0328953711212048264696412,0.77426557,122651295503.67663252,0.00255987269433059
2020-01-04,0.00201525437644803,247201189.1783060201906861491879356,0.78719475,122665005503.67663252,0.0025600454988400643
2020-01-05,0.00209847988014367,257439214.9175119577230869193941484,0.81990108,122678905503.67663252,0.0025594305597739547
2020-01-06,0.00212368470242213,260560621.7769415410118667259256676,0.83055196,122692705503.67663252,0.0025569558615238593
2020-01-07,0.00216288905206549,265400492.4844444213064709537037348,0.84543785,122706475503.67663252,0.0025583063877084398
2020-01-08,0.00211019043643887,258963193.9288104888680891424340524,0.82509256,122720295503.67663252,0.0025575196514181025
2020-01-09,0.00215495735388517,264486633.9302250428417423643677284,0.84239045,122734045503.67663252,0.0025581455177764298
2020-01-10,0.00221027464704001,271306694.0257717218449938225071252,0.86364932,122747955503.67663252,0.0025592269869905183
2020-01-11,0.00214270059390675,263041622.14574533878130587089751,0.8373024,122761725503.67663252,0.002559052253889097
2020-01-12,0.00218523154629954,268293038.8533997492567247744250408,0.85394994,122775565503.67663252,0.0025589691432023986
2020-01-13,0.00214784348014685,263732058.908787970420152883085562,0.83961588,122789235503.67663252,0.0025581263186051817
2020-01-14,0.00234624424292359,288125610.0522909443741406508691468,0.91567935,122802905503.67663252,0.0025622989564235447
2020-01-15,0.00233960171905209,287342128.5326817514118098176679668,0.91284966,122816685503.67663252,0.0025629649892755504
2020-01-16,0.00232625371921966,285734803.9488727224289839509793432,0.90768577,122830455503.67663252,0.0025628403530217956
2020-01-17,0.00245336598415752,301381746.0662565732607753428345504,0.95629715,122844185503.67663252,0.0025654849898460114
2020-01-18,0.00256456382767796,315077017.3359208832200364638232592,0.9984059,122857935503.67663252,0.0025686585262346307
2020-01-19,0.00235029251421307,288784614.1743600580950533353710364,0.91677389,122871775503.67663252,0.0025636555969248535
2020-01-20,0.00236681946665124,290847830.2635746115342790044823248,0.92312372,122885515503.67663252,0.0025639244397828278
2020-01-21,0.00240449929610983,295511221.4409985357345595104696716,0.93802412,122899275503.67663252,0.0025633661702748434
2020-01-22,0.00233834477778489,287412961.1579199189909711001386228,0.91255151,122912995503.67663252,0.0025624249723556866
2020-01-23,0.00221570322998956,272369253.5356978360138286555564912,0.86510953,122926775503.67663252,0.0025611823164051373
2020-01-24,0.00222136536498398,273096136.2979480421783917701470296,0.86750936,122940665503.67663252,0.0025606240893861713
2020-01-25,0.00223083477572578,274290896.7012477988335703093503656,0.87128213,122954375503.67663252,0.0025604046024974483
2020-01-26,0.00226023575722557,277937022.0694841966240173556375364,0.88295519,122968155503.67663252,0.0025598533003985966
2020-01-27,0.0023610587008683,290367498.038818783746891344017116,0.92185823,122981905503.67663252,0.0025611950124568503
2020-01-28,0.00243654063674432,299683864.0469005539567156738372864,0.95047405,122995635503.67663252,0.0025635004309105757
2020-01-29,0.00237050836230724,291594776.9787404427348107408154448,0.92520352,123009385503.67663252,0.0025621480150737432
2020-01-30,0.00243110486416368,299082434.8602394776633543684908736,0.94847726,123023255503.67663252,0.0025631662103988455
2020-01-31,0.00235659744494601,289948763.5016958707559924100102452,0.91966039,123037035503.67663252,0.002562464873523595
2020-02-01,0.00239048098200823,294150682.0917620894930579933256396,0.93288132,123050835503.67663252,0.0025624706281054377
2020-02-02,0.00246902062515989,303849049.2157429187964085817736228,0.96310137,123064605503.67663252,0.0025636144876005004
2020-02-03,0.00241299531819955,296987543.861977895888525213379366,0.94133814,123078375503.67663252,0.0025633672063893526
2020-02-04,0.00249171093414571,306710069.7760751004288246958044892,0.971613,123092155503.67663252,0.0025645096701523242
2020-02-05,0.00256444944713207,315698820.0186074510312067892969164,0.99897711,123105885503.67663252,0.0025670752827680605
2020-02-06,0.00266310975329343,327881048.8695782361994528018403436,1.03677444,123119615503.67663252,0.0025686491203365603
2020-02-07,0.00279996445410408,344769438.5195236726192431079926816,1.08894332,123133505503.67663252,0.0025712673953535796
2020-02-08,0.00316708111039387,390017441.7149751197438368124506524,1.22150267,123147285503.67663252,0.002592774611285843
2020-02-09,0.00319874217912234,393960303.1277291014317268603024968,1.23097849,123161005503.67663252,0.0025985362092901722
2020-02-10,0.00299187956146944,368523943.7240586903303418820901888,1.1514776,123174725503.67663252,0.0025982959299159967
2020-02-11,0.003027958231996,373009619.04755989172295819810992,1.16394707,123188495503.67663252,0.002601456982056753
2020-02-12,0.0030679805700089,377982310.145386172742372858429428,1.17842681,123202315503.67663252,0.0026034544903207864
2020-02-13,0.00302412883154334,372621256.1990012579354918456334168,1.16129939,123216065503.67663252,0.002604090605389313
2020-02-14,0.0031551937320797,388813405.099603896628614392251844,1.21070591,123229645503.67663252,0.002606077748542336
2020-02-15,0.00288951963431237,356114557.8495546057914263673802724,1.10967684,123243515503.67663252,0.0026039289369257897
2020-02-16,0.00275678670951148,339794349.7735357938172337006813296,1.05965408,123257395503.67663252,0.0026015911810687124
2020-02-17,0.00265578973788969,327382190.0907764440627025104267188,1.02140899,123271125503.67663252,0.002600123715270696
2020-02-18,0.00283966322564828,350087129.6935654139912065643300656,1.09157983,123284735503.67663252,0.0026014251524309313
2020-02-19,0.00264926423922575,326650215.41030025414263545207139,1.02024071,123298465503.67663252,0.002596705084651788
2020-02-20,0.00261596579651356,322580695.0078749951244494573169712,1.00795719,123312275503.67663252,0.002595314386827837
2020-02-21,0.00263571358081221,325052317.5018557445348748192990692,1.01587835,123326115503.67663252,0.002594516932871155
2020-02-22,0.00258040758427419,318266969.5645906637092421275506588,0.99539476,123339805503.67663252,0.0025923459595810915
2020-02-23,0.00266622572445393,328888422.8867582936523028782798036,1.02815114,123353555503.67663252,0.0025932235259243396
2020-02-24,0.00258187119198052,318518879.3928813495537467430385104,0.99619621,123367455503.67663252,0.0025917295870665075
2020-02-25,0.00246628286984961,304293175.5605703877725630036353172,0.95330364,123381295503.67663252,0.00258709058306922
2020-02-26,0.00235191061793917,290213811.9728037773521834478038084,0.91247513,123394915503.67663252,0.0025775065430431727
2020-02-27,0.00229423336934833,283128370.2346158369010302412856916,0.89058101,123408705503.67663252,0.0025761085668650516
2020-02-28,0.00233361603393757,288020784.4644484473326032935117764,0.90610472,123422525503.67663252,0.002575437454886638
2020-02-29,0.0022439833771228,276988725.965862928110069110513456,0.87164645,123436175503.67663252,0.002574419223668954
2020-03-01,0.00225842554770007,278802217.1923634916497578885682764,0.87744,123449815503.67663252,0.0025738803196800578
2020-03-02,0.00236096674028267,291493348.1812239203291466585144284,0.91714335,123463555503.67663252,0.0025742614175664797
2020-03-03,0.0025147729100488,310517206.852361889953900452866976,0.97607235,123477235503.67663252,0.0025764206004286467
2020-03-04,0.00240102621930048,296505046.0210587008926927964196096,0.93266243,123490965503.67663252,0.002574378619819048
2020-03-05,0.0025135543641385,310435716.10377569527272953088402,0.97585869,123504675503.67663252,0.0025757360055260665
2020-03-06,0.00252577160644148,311979433.0404078591752753868449296,0.98042552,123518465503.67663252,0.0025761993694752862
2020-03-07,0.00242149923650927,299133068.6664821118569901533634604,0.94040578,123532175503.67663252,0.0025749514603252118
2020-03-08,0.00218332531241091,269740815.3978910524379541113087932,0.84868928,123545865503.67663252,0.002572585001204339
2020-03-09,0.00220023016064487,271859350.6435551360718967532131724,0.85629535,123559505503.67663252,0.0025694757780068173
2020-03-10,0.00219101766060326,270751185.1867944988957982685340152,0.85532241,123573255503.67663252,0.0025616277967079808
2020-03-11,0.00219962908611148,271845659.9564701246622753477133296,0.85946672,123587045503.67663252,0.002559295240787776
2020-03-12,0.00153454229222898,189670571.3264227327995144111544296,0.6048377,123600745503.67663252,0.0025371141584411487
2020-03-13,0.00177791991938698,219776673.8809589601621639491325896,0.70501697,123614495503.67663252,0.002521811523752372
2020-03-14,0.00165806567023222,204983733.1600303320112813760037944,0.6591876,123628235503.67663252,0.002515316838836501
2020-03-15,0.00167083735421845,206585764.887893808976125312453994,0.66495128,123642055503.67663252,0.002512721464673998
2020-03-16,0.00157660521607071,194956340.6563653058942121990054892,0.62851138,123655775503.67663252,0.0025084752102192804
2020-03-17,0.00167301107197546,206900284.6722738957025750368779592,0.66832026,123669405503.67663252,0.0025033074292487557
2020-03-18,0.00158946336665707,196589781.1671091104047850672499164,0.63541698,123683115503.67663252,0.00250144931074563
2020-03-19,0.00175151533616979,216656781.8142878600584855821555708,0.70021882,123696765503.67663252,0.0025013828336830335
2020-03-20,0.00176318697661099,218124822.7015239047720934452233948,0.70502681,123710545503.67663252,0.002500879330547713
2020-03-21,0.00178111544198319,220367217.6477809728847145696473388,0.71226649,123724275503.67663252,0.0025006306866734527
2020-03-22,0.00171868308141816,212666433.7744270101701958147745632,0.68765344,123738015503.67663252,0.002499344846465336
2020-03-23,0.00184881222655974,228793740.1453066881817131478067448,0.74046715,123751745503.67663252,0.0024968186996002996
2020-03-24,0.00185346728251721,229395074.2045215989480138017456692,0.74225103,123765375503.67663252,0.0024970895392589887
2020-03-25,0.00184063686305023,227832274.0272390333036662620114796,0.73728791,123779045503.67663252,0.0024964967390421876
2020-03-26,0.00185948595554416,230191001.8263560475171169329520832,0.74453065,123792815503.67663252,0.00249752774522333
2020-03-27,0.00179826709291634,222637074.8228727807063320772833768,0.72017715,123806455503.67663252,0.002496978823774595
2020-03-28,0.0017999506342474,222870329.427011532772968616565448,0.72088654,123820245503.67663252,0.002496857042506855
2020-03-29,0.0017365734066702,215046892.896338225852430842234904,0.69571427,123834035503.67663252,0.002496101462271573
2020-03-30,0.00182329210081571,225810725.4782140184557231579128892,0.73050158,123847805503.67663252,0.00249594545820929
2020-03-31,0.00184180636157068,228129056.1349023402776336403665136,0.73833871,123861585503.67663252,0.0024945276966050985
2020-04-01,0.00187226601490903,231927618.1943080255266703445396556,0.7508136,123875355503.67663252,0.0024936495754858865
2020-04-02,0.00188567476895414,233614390.6858513024268502775126328,0.75629423,123889015503.67663252,0.002493308416426951
2020-04-03,0.00184371926039521,228441933.6125524240958743771382292,0.74035975,123902775503.67663252,0.0024903018571649934
2020-04-04,0.00186843492249277,231529758.1971939316634755976468804,0.75046089,123916415503.67663252,0.0024897165826892986
2020-04-05,0.00187334742323321,232164200.0067551734574724234299892,0.75277973,123930135503.67663252,0.002488573149058105
2020-04-06,0.00199188957921951,246882514.0238537806142125666844652,0.80021684,123943875503.67663252,0.002489187279812194
2020-04-07,0.00196272968106804,243295389.2799700208340039841966608,0.78891416,123957665503.67663252,0.002487887504856092
2020-04-08,0.00203086084621151,251768775.0302692845835809564643052,0.81638393,123971455503.67663252,0.0024876296207980357
2020-04-09,0.00201696417443246,250073636.9819950577475233349795992,0.81090025,123985165503.67663252,0.002487314776919183
2020-04-10,0.00195192625840963,242036583.0318427175441757691391676,0.78489835,123998835503.67663252,0.002486852289101678
2020-04-11,0.00195198358548881,242070472.7376967710828693589421012,0.7850039,124012555503.67663252,0.0024865909398524132
2020-04-12,0.00198588941298834,246302586.6084913000249866412248168,0.79866245,124026335503.67663252,0.0024865190707142174
2020-04-13,0.0019436795484524,241094216.255374253164499009512048,0.78169697,124040105503.67663252,0.0024864872489558194
2020-04-14,0.00197784850857172,245359317.7423316863515082845043344,0.79556051,124053645503.67663252,0.002486106944362686
2020-04-15,0.0018962607320534,235264035.408723956123566536816568,0.76292222,124067345503.67663252,0.0024855230092176365
2020-04-16,0.00203387657691226,252365715.1376041214355718963026952,0.81817875,124081135503.67663252,0.0024858584715286972
2020-04-17,0.00200972147879376,249395975.9302582412211556283890752,0.80852453,124094795503.67663252,0.002485665436512804
2020-04-18,0.00207725199509232,257804931.4807177748899513041142464,0.83573876,124108645503.67663252,0.0024855278880356346
2020-04-19,0.00204713038113226,254094603.9866677917251808615370952,0.82365661,124122335503.67663252,0.0024854172919613424
2020-04-20,0.00194854865241297,241885163.1530372743117987019717844,0.78430789,124136065503.67663252,0.002484418016517684
2020-04-21,0.00198140048041098,245990424.8259001961764126320330696,0.79762201,124149775503.67663252,0.002484134659738113
2020-04-22,0.002038469192416,253103521.56100312473185480296832,0.82068487,124163525503.67663252,0.0024838634985630964
2020-04-23,0.00207159503695313,257244924.0560261506219474794737876,0.83441105,124177225503.67663252,0.0024827032635211742
2020-04-24,0.00206784306624612,256807613.0130647646432769991158224,0.832798,124191055503.67663252,0.002483006763039921
2020-04-25,0.00212864669715618,264388085.1469260770079450029069736,0.85717575,124204775503.67663252,0.002483325849052753
2020-04-26,0.00242340970395391,301032501.2869414047820455180871532,0.99177739,124218575503.67663252,0.0024435016651810446
2020-04-27,0.00237133943624532,294596917.8697561859661180102098064,0.97073342,124232285503.67663252,0.0024428327977472127
2020-04-28,0.00229672059127674,285358565.9290305025839116906035848,0.9408157,124246095503.67663252,0.002441201386495506
2020-04-29,0.00251489050977981,312499805.6082813666594508274854212,1.0288681,124259805503.67663252,0.0024443274213476053
2020-04-30,0.00244502418939553,303851653.7067422127114332447406356,0.9995581,124273475503.67663252,0.002446105123249494
2020-05-01,0.00251075903514867,312055123.7413742037133964231567484,1.02640595,124287165503.67663252,0.002446165705828839
2020-05-02,0.00252959965538268,314431350.6538796045847007543327536,1.0337989,124300835503.67663252,0.002446897220903098
2020-05-03,0.00253743527292808,315440138.0734046657102824545491616,1.03640004,124314555503.67663252,0.002448316455997126
2020-05-04,0.0024230293190232,301251250.571347910738834151754464,0.98994026,124328355503.67663252,0.0024476520623812185
2020-05-05,0.00247624267503008,307900955.5646024040710673841062016,1.011155,124341995503.67663252,0.0024489249175745358
2020-05-06,0.002534457127416,315174482.93892235524320344916832,1.03462145,124355815503.67663252,0.0024496468031046524
2020-05-07,0.00264926161071465,329487303.489222669204516062630418,1.08020083,124369485503.67663252,0.0024525639465715374
2020-05-08,0.00262010804503134,325897489.8091304922314458490631768,1.06783215,124383225503.67663252,0.0024536703123532472
2020-05-09,0.00263061960450681,327240990.9703449293983342762074612,1.07158774,124396925503.67663252,0.0024548802737392366
2020-05-10,0.00246487220416235,306656268.057742054729892375369622,1.00455352,124410615503.67663252,0.002453699235618974
2020-05-11,0.00240638589236899,299413013.7511513455634980484735548,0.98190824,124424355503.67663252,0.0024507237991698593
2020-05-12,0.00243274697080233,302726740.4735562811144983369697716,0.99259324,124438235503.67663252,0.0024509002003704258
2020-05-13,0.00256424106825158,319124840.9691565515811432985693816,1.04582256,124451965503.67663252,0.0024518892270325287
2020-05-14,0.00258658709677603,321941129.1882256020719841390544956,1.05438044,124465605503.67663252,0.002453181981236327
2020-05-15,0.00248165762479559,308915067.2656112617013744245465868,1.01170282,124479325503.67663252,0.002452951178682679
2020-05-16,0.00247040050209882,307547855.0481291454971508498656264,1.00732022,124493115503.67663252,0.002452448042886323
2020-05-17,0.00254786420023342,317226687.2146630622569319835628184,1.03855546,124506905503.67663252,0.002453276977845189
2020-05-18,0.00257288542580282,320377534.1299488625444506951197064,1.04846278,124520715503.67663252,0.0024539597159594167
2020-05-19,0.00257601562549881,320802574.4896760071281920660673012,1.04960859,124534405503.67663252,0.002454263093920382
2020-05-20,0.00252783998676846,314837630.8116509634840392897463192,1.03022847,124548085503.67663252,0.0024536693174169997
2020-05-21,0.00250992722276307,312641066.5501967779729289874170364,1.02291909,124561805503.67663252,0.00245369086108567
2020-05-22,0.00252265838088545,314261670.051145638875488991864834,1.0279929,124575595503.67663252,0.0024539647899177604
2020-05-23,0.00253751401143997,316147311.3922753389728508457298244,1.03329256,124589385503.67663252,0.002455755620112052
2020-05-24,0.00244388083892483,304515655.2259405250412609118134716,0.9951832,124603315503.67663252,0.002455709500446581
2020-05-25,0.00254106470363776,316660204.4968366419612987507159552,1.03457311,124617135503.67663252,0.002456148027699811
2020-05-26,0.00251338741762916,313245900.5439147336689941909562832,1.02374018,124630965503.67663252,0.002455102834421483
2020-05-27,0.00252933084898952,315267344.6873442545067940783711904,1.03010207,124644565503.67663252,0.002455417693694684
2020-05-28,0.00253465828900291,315966055.2584537120868406572806332,1.03208541,124658245503.67663252,0.0024558609824771285
2020-05-29,0.00249946825159799,311614069.5450448430440777120006348,1.01765116,124672145503.67663252,0.0024561149732271617
2020-05-30,0.0026047198488045,324771826.88439028463135410782234,1.06010916,124685895503.67663252,0.002457029848515317
2020-05-31,0.00255108508060021,318119481.7331169346004765532048292,1.03745374,124699675503.67663252,0.0024589868273068353
2020-06-01,0.00266019789483322,331762737.8080465158034893566283144,1.08078447,124713555503.67663252,0.002461358363923586
2020-06-02,0.00253395902352211,316053805.2418696304615338345650172,1.03032665,124727275503.67663252,0.00245937443578899
2020-06-03,0.00253534308729232,316261296.7125015399182561424582464,1.03133249,124741025503.67663252,0.002458317867298372
2020-06-04,0.00260098220987861,324484587.5449533455734361627783972,1.05746027,124754635503.67663252,0.002459650053688173
2020-06-05,0.00254250088858852,317223731.0108528556835734495306704,1.0340804,124768385503.67663252,0.00245870716492501
2020-06-06,0.00256161000029894,319643191.7809754732064262925255288,1.04193621,124782145503.67663252,0.0024585094324526256
2020-06-07,0.00258323691209965,322377441.240735582813964954670618,1.0505037,124795925503.67663252,0.002459045991079946
2020-06-08,0.00256818938600634,320534806.8537562447665797425701768,1.04440026,124809645503.67663252,0.0024590087578169884
2020-06-09,0.00259954873891068,324484786.3184929144195439954633136,1.05684294,124823505503.67663252,0.0024597304296801945
2020-06-10,0.00261411511253149,326338720.9487558817253517356580548,1.06257816,124837165503.67663252,0.00246016265996987
2020-06-11,0.00244400380345066,305136087.9152446294354003847714632,0.99449093,124850905503.67663252,0.002457542577538299
2020-06-12,0.00250760160599904,313110509.7613436726577402975527808,1.0201276,124864535503.67663252,0.002458125440385144
2020-06-13,0.00251011231671035,313458698.240312438401894812230582,1.0212463,124878355503.67663252,0.00245789122243121
2020-06-14,0.00246755594508251,308177862.6205181283558146903492252,1.00411322,124891945503.67663252,0.002457447921144301
2020-06-15,0.00251087820141947,313622962.9645375498457829335631644,1.02384457,124905685503.67663252,0.002452401736544317
2020-06-16,0.00252715876233501,315691119.6611214284251588489005252,1.0303472,124919385503.67663252,0.0024527254136615406
2020-06-17,0.00249145095663579,311264730.1371247931128972553098908,1.01599279,124933115503.67663252,0.0024522329106644444
2020-06-18,0.00249009822933897,311130068.1560887881853170752053044,1.01540976,124946905503.67663252,0.0024523087402064853
2020-06-19,0.00244835398413764,305947943.2464176358779720113800528,0.99911789,124960665503.67663252,0.0024505156084610197
2020-06-20,0.00248433107035084,310477798.5914088778293183061533168,1.01377649,124974405503.67663252,0.002450570806145682
2020-06-21,0.00245320863125533,306621972.8221302677692330347013316,1.00115702,124988135503.67663252,0.002450373500108235
2020-06-22,0.00248233626160252,310296613.8610124256756430523459504,1.01152199,125001845503.67663252,0.0024540605999109513
2020-06-23,0.00246183492034168,307767364.7046741963286398301994336,1.0031566,125015435503.67663252,0.0024540883450716268
2020-06-24,0.00243909081208492,304957537.6044787450316046258735984,0.99426129,125029185503.67663252,0.0024531688366193154
2020-06-25,0.00241408238126576,301864068.2052955931154007319785152,0.98430054,125042985503.67663252,0.0024525866675494867
2020-06-26,0.00232093515094496,290248596.5022611728804553486660992,0.94727696,125056745503.67663252,0.0024501125319726555
2020-06-27,0.00229770938486736,287375536.4033395066547925316625472,0.93805448,125070445503.67663252,0.0024494412998990844
2020-06-28,0.00229301808165855,286821009.925068114859498840466046,0.93686989,125084495503.67663252,0.002447530981765835
2020-06-29,0.00233886709032576,292588450.1300925933495294666097152,0.95547926,125098365503.67663252,0.0024478470525103393
2020-06-30,0.00231788088205376,289994980.6392738945577251384042752,0.94736066,125112115503.67663252,0.00244667208584929
2020-07-01,0.0023609381239208,295414260.890547980880515003184416,0.96480931,125125795503.67663252,0.0024470515566654303
2020-07-02,0.00231999892632302,290323773.6090053350976942993566104,0.9483751,125139615503.67663252,0.002446288316008107
2020-07-03,0.00232457549662002,290928400.2778660551429783156150504,0.95052718,125153345503.67663252,0.002445564467309625
2020-07-04,0.00231991061335159,290376194.9120978972205866019877068,0.94872865,125166975503.67663252,0.0024452836049080945
2020-07-05,0.00232645607412523,291227691.8570390058358453511704796,0.95144042,125180825503.67663252,0.0024451936508281097
2020-07-06,0.00260817399203102,326529392.2624927509101294689807704,1.06459531,125194635503.67663252,0.0024499206107070114
2020-07-07,0.00307677267141613,385238015.6593882258701908180105476,1.23674396,125208475503.67663252,0.002487800847166563
2020-07-08,0.00471793463808817,590789709.0101272539595643964492884,1.74252602,125222105503.67663252,0.0027075260764761327
2020-07-09,0.00435657310346719,545599508.2028693515542097955070188,1.60817076,125235935503.67663252,0.002709023949339304
2020-07-10,0.00353849407747735,443195234.975719688497005624573422,1.32144562,125249675503.67663252,0.002677744754625128
2020-07-11,0.00382470707232425,479096406.63939324627245632953461,1.42622309,125263555503.67663252,0.0026817032336254286
2020-07-12,0.00364292526104395,456375751.567106039240908675719254,1.35919779,125277275503.67663252,0.002680202460485129
2020-07-13,0.00313894820249177,393282196.2405264021443433405396073,1.17194794,125291075503.67663249,0.002678402423312225
2020-07-14,0.00329276050111516,412599142.2212890721123686784875484,1.22672613,125304935503.67663249,0.002684185508557774
2020-07-15,0.00308929890405734,387146754.2124585198549486090669766,1.1527601,125318645503.67663249,0.002679914844430632
2020-07-16,0.00297147652453294,372422300.7174181613205400892792206,1.10916679,125332405503.67663249,0.002679016854203631
2020-07-17,0.00305226683488408,382589760.7107530353637242739117592,1.14121208,125346105503.67663249,0.00267458335604376
2020-07-18,0.00349461216386879,438084425.3651986268604741974109871,1.30208171,125359955503.67663249,0.0026838654878800117
2020-07-19,0.00337455157048864,423080338.5150535723763590589999136,1.25716227,125373795503.67663249,0.0026842609351365914
2020-07-20,0.00325095580820292,407629304.3123693104224530641848708,1.21276553,125387525503.67663249,0.002680613628755527
2020-07-21,0.0033122736664885,415363375.717634183944733043311365,1.23457701,125401285503.67663249,0.0026829218749897994
2020-07-22,0.0032840975247085,411874715.044224368036421848879165,1.22507768,125414885503.67663249,0.002680725947687252
2020-07-23,0.00332726804506428,417334125.2118306310597621159864572,1.2409428,125428465503.67663249,0.002681242072611469
2020-07-24,0.00320667745224465,402252627.8149305511884481036186785,1.19713124,125442185503.67663249,0.002678634843949649
2020-07-25,0.00327321119427016,410643543.3534859582469653720934984,1.2225765,125455865503.67663249,0.00267730583261674
2020-07-26,0.00322577924211216,404736765.0828753898959971436800784,1.20520513,125469455503.67663249,0.002676539588005371
2020-07-27,0.00316414996655188,397047522.2897827734275970552785812,1.17675111,125483155503.67663249,0.0026888863241028766
2020-07-28,0.0032368676893556,406216651.958225607116316026123444,1.2031769,125496835503.67663249,0.0026902674821596057
2020-07-29,0.00319305240147994,400761557.1484278681124236714872506,1.18700932,125510485503.67663249,0.002689997751222324
2020-07-30,0.00323160218760681,405644167.8392006809647652729912569,1.20110987,125524165503.67663249,0.0026905133895925855
2020-07-31,0.00323009998903651,405499954.8900924286303452764622099,1.20051638,125537895503.67663249,0.002690592184203692
2020-08-01,0.0037249416715533,467671885.779231717934137771546717,1.37759322,125551465503.67663249,0.0027039488997726772
2020-08-02,0.00335977132651185,421870377.0588206878531988660800065,1.24484887,125565205503.67663249,0.0026989391302671543
2020-08-03,0.00341583711191103,428957154.2093691767044648588873647,1.26527175,125578925503.67663249,0.002699686539204744
2020-08-04,0.00353816810576796,444367857.2584493916713282381370204,1.30938569,125592635503.67663249,0.0027021588312668666
2020-08-05,0.00351840880152705,441933486.3933190384345713136438545,1.30181252,125606065503.67663249,0.0027027000796758733
2020-08-06,0.00357487084817447,449074544.8997319560288371135905303,1.32200005,125619795503.67663249,0.0027041382095064747
2020-08-07,0.00350811876287992,440736907.0919494005899429198406008,1.29691301,125633405503.67663249,0.0027049761517003524
2020-08-08,0.00345840302914642,434538399.4454556685561841447391858,1.27894543,125647125503.67663249,0.0027041052323447607
2020-08-09,0.00341271160047471,428844702.9554816127760102182093279,1.26202271,125660985503.67663249,0.0027041602131507676
2020-08-10,0.00350320028774737,440263804.6110574730412443294540513,1.2921812,125674745503.67663249,0.0027110751090848326
2020-08-11,0.00335604256974609,421816377.7232128712490465655444641,1.23871436,125688625503.67663249,0.002709294957835227
2020-08-12,0.00344347090804779,432852438.6847005670661433071866971,1.26949984,125702365503.67663249,0.002712462656196782
2020-08-13,0.00346315621598673,435374789.2771985668800572689268577,1.27695046,125716185503.67663249,0.002712052130813853
2020-08-14,0.00360210946133799,452892990.2512088590777366529052951,1.32678622,125729935503.67663249,0.0027149132294560533
2020-08-15,0.00353832009028949,444921479.4111041429091730724395301,1.3019633,125743705503.67663249,0.0027176803603369544
2020-08-16,0.00352036585689325,442711830.1610125194215154134116925,1.29462442,125757335503.67663249,0.0027192178692977613
2020-08-17,0.00361489440996485,454649446.9650605371197711472679765,1.32770875,125771155503.67663249,0.0027226561623284093
2020-08-18,0.00352669306901887,443604578.0923564440430975898650863,1.29500232,125784855503.67663249,0.002723310232385429
2020-08-19,0.00345867854680123,435097145.5937903176762003877899627,1.27046608,125798665503.67663249,0.002722369846191588
2020-08-20,0.003465041836812,435945317.96103259290243227722188,1.25841399,125812425503.67663249,0.002753499138079353
2020-08-21,0.00337356714396478,424483287.6796496182021874175637022,1.22549016,125826245503.67663249,0.002752830870518601
2020-08-22,0.00344666265022515,433727667.7407580393537122923051235,1.25207021,125839895503.67663249,0.002752771068824607
2020-08-23,0.00344613609393787,433708411.2489112327673186648833963,1.2518925,125853535503.67663249,0.002752741224935743
2020-08-24,0.00339724251779166,427601388.1602855097068522202070334,1.23451706,125867195503.67663249,0.002751879765672627
2020-08-25,0.00330410864073058,415924352.7831196216481897877645442,1.20204608,125880955503.67663249,0.0027487370872925103
2020-08-26,0.00328796906599076,413937963.0274867696305165822557924,1.19647204,125894725503.67663249,0.0027480534070739838
2020-08-27,0.00321966985156197,405383658.2419194480206612161504053,1.17225164,125908455503.67663249,0.002746568860899158
2020-08-28,0.00328498851337029,413652473.0596687112257290076147221,1.19620017,125922045503.67663249,0.0027461862953675137
2020-08-29,0.00328336277721502,413492640.6067123593099753742479998,1.19560318,125935715503.67663249,0.0027461977620492945
2020-08-30,0.00332408518210771,418666319.8440840035067697732654979,1.21029708,125949335503.67663249,0.0027465035130942485
2020-08-31,0.00322165363901993,405809271.7124164642382624063955257,1.17304695,125963035503.67663249,0.002746397864995881
2020-09-01,0.00331058595745631,417056977.0539574983836266271015119,1.20493985,125976785503.67663249,0.002747511386113017
2020-09-02,0.00312569410568746,393808311.7934235057820020092215754,1.13930754,125990675503.67663249,0.0027435033965345834
2020-09-03,0.00281139958228289,354248283.1749072050560887017450961,1.0288571,126004245503.67663249,0.00273254622268038
2020-09-04,0.00288885033690444,364047215.4323285519906303101292556,1.05243262,126018025503.67663249,0.002744926641388633
2020-09-05,0.00277354339076533,349554708.9163777740995275782435717,1.01214384,126031815503.67663249,0.002740266038437116
2020-09-06,0.00280294312433598,353298523.1521395594954457737439902,1.02319971,126045555503.67663249,0.00273939006915471
2020-09-07,0.00286814422734049,361556498.8344595809211409918265201,1.04691883,126059385503.67663249,0.002739605158635355
2020-09-08,0.00278397648308148,350984616.5508157131548333046852852,1.01672882,126073125503.67663249,0.0027381701278827524
2020-09-09,0.00280244315225183,353351412.9418336774753120948399567,1.02383643,126086915503.67663249,0.0027371981208481025
2020-09-10,0.00284641879946489,358935333.3788869033714544091882761,1.04282267,126100675503.67663249,0.002729532912307027
2020-09-11,0.00277930813740888,350510737.8746889580409588726225112,1.01985006,126114385503.67663249,0.0027252125056588025
2020-09-12,0.00278373886598666,351107987.7577371974969923100625834,1.02186739,126128205503.67663249,0.002724168412876607
2020-09-13,0.00275108780118319,347027484.9600454917931177767958431,1.00867085,126141915503.67663249,0.0027274385902826383
2020-09-14,0.00281817397443559,355528585.0683234889761273196063191,1.03306425,126155655503.67663249,0.0027279755101733407
2020-09-15,0.00284349990461754,358762692.5153562308070987485878746,1.04129234,126169405503.67663249,0.0027307412101173624
2020-09-16,0.00280924266988108,354478879.9217544465339191231642892,1.02925932,126183075503.67663249,0.002729382785556005
2020-09-17,0.00280262024008007,353682085.6786833132572949855634743,1.02695741,126196935503.67663249,0.0027290520646616394
2020-09-18,0.00279110978734293,352268047.0431595443816170072097957,1.02289895,126210745503.67663249,0.002728627091994698
2020-09-19,0.00279844311500824,353231734.5744786182321761018017176,1.02574773,126224375503.67663249,0.002728198204258507
2020-09-20,0.00277552130404393,350376356.9211085007026500814252857,1.01748375,126238035503.67663249,0.0027278286302301435
2020-09-21,0.00264216800993587,333578270.3250190125930538624584163,0.96949096,126251725503.67663249,0.0027253147465509837
2020-09-22,0.00265015714442087,334623643.5170528628301683928760663,0.97290186,126265585503.67663249,0.0027239717112072025
2020-09-23,0.00252438945070233,318777742.7531858595308804397967017,0.92813781,126279145503.67663249,0.0027198433503127406
2020-09-24,0.00261379942575758,330104532.9867203573461736614917742,0.96139873,126292985503.67663249,0.002718746493203273
2020-09-25,0.00272814713116153,344583194.4219057021734437726361097,1.00292995,126306675503.67663249,0.002720177148126377
2020-09-26,0.00271455377907023,342902855.4952445156407468896097727,0.9979413,126320155503.67663249,0.0027201537596151493
2020-09-27,0.00271483305195069,342975217.9084218289614227647319181,0.99800335,126333815503.67663249,0.0027202644680007233
2020-09-28,0.00263662912685028,333131460.3832873292827980708135972,0.96999143,126347485503.67663249,0.002718198373000347
2020-09-29,0.00266880320341766,337232976.5316731727434314477957734,0.98208948,126361125503.67663249,0.0027174745863459
2020-09-30,0.00263743331338929,333305201.1314883442220104156320321,0.97205045,126374835503.67663249,0.0027132679310927633
2020-10-01,0.00261833908003447,330928225.0613362257630764427219303,0.96523087,126388605503.67663249,0.002712655760827946
2020-10-02,0.00259126098096763,327541025.2920996413917598600962987,0.95602463,126402175503.67663249,0.002710454207615582
2020-10-03,0.00259796431089295,328424062.7870537656685144808819455,0.95860259,126415925503.67663249,0.002710157825562468
2020-10-04,0.00263439773254642,333066182.1933520089027724982051858,0.97208602,126429725503.67663249,0.002710045899586561
2020-10-05,0.00261965019231039,331237491.5440871156426281280385711,0.96696705,126443405503.67663249,0.0027091411153155527
2020-10-06,0.00259108478972943,327660927.1586989287213290406471807,0.95668987,126457045503.67663249,0.0027083853095773137
2020-10-07,0.00259199160916192,327811214.8296468196522120967427808,0.95728349,126470785503.67663249,0.002707653099879452
2020-10-08,0.00261046964329601,330183831.4411727876772558210533649,0.96511925,126484455503.67663249,0.0027048156414826562
2020-10-09,0.00266835832213323,337542486.0234886571562819195266427,0.98636497,126498185503.67663249,0.00270524441083226
2020-10-10,0.00266353686915742,336969364.4147204540230670492965758,0.98459133,126511995503.67663249,0.002705220722548329
2020-10-11,0.00267731947058872,338749547.4626048768832360873795128,0.98996178,126525635503.67663249,0.002704467510441383
2020-10-12,0.00268296761860408,339501315.2515086112762176889745592,0.99349261,126539475503.67663249,0.0027005410927053394
2020-10-13,0.00265632538064782,336166757.4142936845675113922596718,0.98397507,126553305503.67663249,0.002699586058260419
2020-10-14,0.00265785139568098,336395920.1259138193631425367430402,0.98467416,126566865503.67663249,0.002699219197222541
2020-10-15,0.002598641069375,328937482.08897717349801246899375,0.9629848,126580575503.67663249,0.0026985276085095006
2020-10-16,0.00260916363712984,330304945.4882625883453181400925016,0.96764531,126594185503.67663249,0.0026964049845183873
2020-10-17,0.00258161511609601,326853011.7463026178200687123253649,0.95766064,126607955503.67663249,0.002695751509737322
2020-10-18,0.00258779264838894,327670615.1171778371080199229606606,0.9600534,126621665503.67663249,0.002695467406697315
2020-10-19,0.00261790730636388,331519753.3124277574117258249704612,0.9714763,126635405503.67663249,0.0026947721795826415
2020-10-20,0.00258632608478249,327555885.1785284910757407973171001,0.96015664,126649105503.67663249,0.0026936501577310237
2020-10-21,0.00263071117141436,333212994.3700892573156079952285564,0.97659745,126662705503.67663249,0.00269375183338269
2020-10-22,0.00265770196394181,336668025.3841319376809202671154069,0.98651828,126676365503.67663249,0.002694022014413975
2020-10-23,0.00265764885687269,336697973.5278581066643844918476981,0.98652682,126690165503.67663249,0.002693944860893584
2020-10-24,0.00265101928204551,335894496.6007189693632899957246199,0.98425372,126703905503.67663249,0.002693430797544265
2020-10-25,0.0026658063285663,337804274.795709546198304473699087,0.98974872,126717485503.67663249,0.002693417303501337
2020-10-26,0.00267436695532241,338925213.3338152604213757510311009,0.99319568,126731005503.67663249,0.0026926888720684027
2020-10-27,0.00267384127572168,338895144.8396810916222613768853832,0.99297947,126744675503.67663249,0.0026927457782401883
2020-10-28,0.00258960536424689,328254324.5438644393590634001554561,0.96244934,126758435503.67663249,0.002690640698290561
2020-10-29,0.00258653303241332,327900264.3391763781618890354207668,0.96160144,126772115503.67663249,0.0026898181770748176
2020-10-30,0.00260493368858895,330268537.8434029103144866758249855,0.96868892,126785775503.67663249,0.002689133358301394
2020-10-31,0.0025576132599634,324304045.480740272839136252650866,0.95158835,126799485503.67663249,0.0026877307398345093
2020-11-01,0.00255646073372241,324192750.3061538908613680512471009,0.95127022,126813115503.67663249,0.0026874180227384917
2020-11-02,0.0025161676837542547,319117584.927167907118380788005755203,0.93773505,126826835503.67663249,0.0026832394542085788
2020-11-03,0.002524602933661854,320221735.57952920826766748709003646,0.94271026,126840435503.67663249,0.0026780263679975795
2020-11-04,0.0025593010605972537,324658179.465813400944129671758192713,0.9551591,126854235503.67663249,0.002679450010576514
2020-11-05,0.0026624426277974613,337778572.961221372365654273355097637,0.99329257,126867925503.67663249,0.0026804213664836547
2020-11-06,0.002757280441800283,349848224.42511556025638097456899467,1.02830521,126881625503.67663249,0.0026813833237315627
2020-11-07,0.0026759042537022578,339559420.181710455864268823813835922,0.99817491,126895205503.67663249,0.00268079694940665
2020-11-08,0.0027124688079202095,344236393.376640111518823261575306655,1.01180326,126908885503.67663249,0.0026808263178754827
2020-11-09,0.002679271540850208,340060098.02384337287148623695605792,0.99906297,126922595503.67663249,0.0026817844533365176
2020-11-10,0.0027852507007204794,353549294.588449150419950880970415706,1.03799699,126936255503.67663249,0.0026832936198788785
2020-11-11,0.002764993718280256,351015746.55381235306020309613511744,1.03032523,126949925503.67663249,0.0026836125504567676
2020-11-12,0.002801062448115835,355632651.52624779654615411824447915,1.04358104,126963485503.67663249,0.0026840871391414266
2020-11-13,0.0028425665610364217,360941215.229932304487287426095561033,1.05825627,126977225503.67663249,0.0026860852532784156
2020-11-14,0.0027825775573752753,353362099.296846076217680926290674497,1.03599566,126990925503.67663249,0.0026858969248725185
2020-11-15,0.0027775948731580545,352767507.770165835957980082079890705,1.03405236,127004665503.67663249,0.002686125945457979
2020-11-16,0.002918936759720873,370758751.36454896567250658500296377,1.08594417,127018425503.67663249,0.0026879252546849375
2020-11-17,0.002926578832940255,371769880.79192991481433692376188495,1.08762367,127032245503.67663249,0.0026908009761687653
2020-11-18,0.0029193476127112035,370891014.969510891374592197775101715,1.08497204,127045855503.67663249,0.002690712299564147
2020-11-19,0.002927775663445717,372001874.41189475552644932847354533,1.08778352,127059555503.67663249,0.0026915058093964477
2020-11-20,0.0030113973281822616,382668122.335140243766964895640239384,1.11779132,127073275503.67663249,0.0026940603977692918
2020-11-21,0.00352121712951753,447500623.8090931121814436888225497,1.30057033,127086915503.67663249,0.0027074407652506803
2020-11-22,0.003379456213781295,429531066.22301360884004319495127455,1.24665482,127100645503.67663249,0.0027108195144035898
2020-11-23,0.0035552412187284522,451922053.969124297152033323845931978,1.30635943,127114315503.67663249,0.0027214877751741357
2020-11-24,0.004119698350159073,523729570.09329569570158574446008177,1.49952231,127128135503.67663249,0.002747340484823512
2020-11-25,0.0036871158770478718,468786016.641757043431713950745234782,1.33952745,127141655503.67663249,0.00275254969731891
2020-11-26,0.0032652192224684098,415190176.334793696087179793469314402,1.19462141,127155375503.67663249,0.0027332669539786745
2020-11-27,0.0032803648234691635,417161093.129947859708904091037222115,1.20002051,127169115503.67663249,0.0027335906312710963
2020-11-28,0.0034068307833770173,433289547.403405146238325243724472077,1.24534246,127182585503.67663249,0.002735657775112732
2020-11-29,0.003427769176963035,435999198.37446694365758535401000715,1.25033048,127196195503.67663249,0.0027414905353367338
2020-11-30,0.0035693349013689764,454054755.514122441141794324110283236,1.29966935,127209905503.67663249,0.0027463407530299733
2020-12-01,0.0033201534209897944,422402088.252893265598768926049460056,1.2108805,127223665503.67663249,0.00274193318084633
2020-12-02,0.0033793191292255014,429975325.266918445507010686983780486,1.23172175,127237265503.67663249,0.0027435734809631326
2020-12-03,0.0034333328877874467,436895611.533056412088353700751363283,1.25115689,127251165503.67663249,0.002744126588143112
2020-12-04,0.0033061729852898168,420759792.551717008179589232513027832,1.2055777,127264905503.67663249,0.0027423972633948157
2020-12-05,0.0033948510098740677,432091393.201868205880049658114279573,1.23759186,127278455503.67663249,0.002743110325462279
2020-12-06,0.0033889127882124085,431382047.514660138798524980112252165,1.23528724,127292165503.67663249,0.0027434208647799264
2020-12-07,0.0033526005979882733,426805486.132999112412467264253779517,1.22193178,127305795503.67663249,0.0027436888481517955
2020-12-08,0.0031714396089897877,403785742.178600263645943099536022373,1.15633335,127319385503.67663249,0.002742668979485706
2020-12-09,0.0031704992711188533,403709613.303684944483239044694323717,1.15701972,127333135503.67663249,0.0027402292426950622
2020-12-10,0.0031106486621390473,396131294.593639667966487604200826777,1.13626739,127346845503.67663249,0.0027376026888697802
2020-12-11,0.00308433803834209,392822913.3942277086102063938285041,1.12672167,127360525503.67663249,0.002737444499795668
2020-12-12,0.00316432329900436,403052818.0918904594063634146276564,1.15578774,127374095503.67663249,0.0027378065967409897
2020-12-13,0.00327329610194906,416977647.1284585185890462663209594,1.19522764,127387695503.67663249,0.0027386382245553325
2020-12-14,0.00323495407485283,412137728.2256372334361268067464467,1.18058879,127401415503.67663249,0.0027401192542687363
2020-12-15,0.00321170401344388,409219637.8365737782922311659996612,1.17188216,127415115503.67663249,0.002740637346543342
2020-12-16,0.00344252166489762,438676492.5288651813460014822156738,1.25512942,127428825503.67663249,0.0027427623080475793
2020-12-17,0.00374661015153532,477477722.0520843993335585808945468,1.34822238,127442595503.67663249,0.002778925945091729
2020-12-18,0.00383056919306429,488230159.0184822918881082512727821,1.36921468,127456295503.67663249,0.0027976395878725824
2020-12-19,0.00393453661533219,501535443.3561776421019699618968531,1.40358736,127470015503.67663249,0.00280320037602233
2020-12-20,0.00465521821764073,593464840.7305186659304327990653177,1.63373546,127483785503.67663249,0.002849432072460942
2020-12-21,0.00484080674090134,617190735.6822361299353788785285366,1.66143756,127497495503.67663249,0.0029136254394666146
2020-12-22,0.00450373816779059,574277443.3469514157775969547102691,1.52087095,127511285503.67663249,0.0029612888376825065
2020-12-23,0.00384714033439718,490607092.4456602114649241365523782,1.31864482,127525135503.67663249,0.002917495504511351
2020-12-24,0.00455875047396143,581418091.5009126211355344925448607,1.55326297,127538915503.67663249,0.002934950849926867
2020-12-25,0.00457741806106609,583862241.0070959204137233905312641,1.55739425,127552745503.67663249,0.0029391517665267415
2020-12-26,0.00453314281749869,578276825.5259734343972208241864381,1.54136021,127566425503.67663249,0.002941001582945164
2020-12-27,0.00459606339965107,586366575.1535081853840419786252643,1.56045686,127580175503.67663249,0.0029453319200705556
2020-12-28,0.00454277368288889,579630054.3081667914215212500340361,1.54146622,127593865503.67663249,0.002947047184004389
2020-12-29,0.004500283270221,574270822.22948417560099797808029,1.52597083,127607705503.67663249,0.0029491279792163527
2020-12-30,0.00467102836476011,596123111.6376582679799935914819739,1.58049509,127621385503.67663249,0.0029554209907479744
2020-12-31,0.00473462890847553,604305286.3706333689891093699679697,1.59780718,127635195503.67663249,0.0029632041761606864
2021-01-01,0.00556486823067082,710350229.2962285864581631513069418,1.85825653,127649065503.67663249,0.002994671694047979
2021-01-02,0.0105300836143273,1344301701.206696653147002380673977,2.92703239,127662965503.67663249,0.0035975289000226267
2021-01-03,0.0100145613082379,1278625894.463565696580414367789371,2.46045393,127676675503.67663249,0.004070208828595258
2021-01-04,0.00971064388656196,1239954696.0867510234125335765340804,2.3196731,127690265503.67663249,0.004186212223852559
2021-01-05,0.00985622063727529,1258680727.189975922601372042660925,2.19543722,127704195503.6766325,0.004489411287868796
2021-01-06,0.0104082549321962,1329320311.7233118634870978452965,2.29210461,127717885503.6766325,0.004540916189770327
2021-01-07,0.00963909072245372,1231217208.3109585210284818266979,2.11124565,127731675503.6766325,0.004565594118549739
2021-01-08,0.00999190054473646,1276420685.78683733535387577277095,2.17334572,127745535503.6766325,0.0045974740478640745
2021-01-09,0.0103077173907635,1316906505.94059284060394628391375,2.23108348,127759275503.6766325,0.004620050071261116
2021-01-10,0.00982120443369849,1254885495.644000866416074963534925,2.1248121,127773075503.6766325,0.004622151969907592
2021-01-11,0.00867210708411547,1108181381.591344902108224170754775,1.88695822,127786865503.6766325,0.004595812982078357
2021-01-12,0.00799896534756075,1022272774.800498005212340649174375,1.74907485,127800625503.6766325,0.0045732550253985696
2021-01-13,0.0085839131929227,1097145443.99201951304812836880775,1.86884444,127814135503.6766325,0.004593166241767399
2021-01-14,0.00940266383948484,1201923670.9962509892970447460013,2.0328604,127827995503.6766325,0.004625336712488885
2021-01-15,0.00934043010368592,1194097448.6361015466117500232644,2.01720772,127841805503.6766325,0.004630375945460847
2021-01-16,0.00925213310437359,1182936987.738965697188710833135675,1.99452211,127855595503.6766325,0.004638771893270008
2021-01-17,0.00912896607669004,1167315373.7999259090397760934903,1.96584299,127869395503.6766325,0.004643792064334721
2021-01-18,0.00920175390888011,1176749510.070957583067695651029575,1.97722239,127883175503.6766325,0.004653879075727092
2021-01-19,0.00913059572149013,1167776125.161141114483606560387225,1.96066594,127897035503.6766325,0.0046568849568989455
2021-01-20,0.0091091634986227,1165160713.84842370283269992405775,1.9552289,127910835503.6766325,0.004658873188005097
2021-01-21,0.0082177642697266,1051254087.9716992025157155836745,1.7689855,127924585503.6766325,0.0046454672860385795
2021-01-22,0.00849779544786869,1087193040.249450183905381081386425,1.83060146,127938245503.6766325,0.004642078373448194
2021-01-23,0.00854424754134384,1093254035.6471796184616698558188,1.83934884,127952055503.6766325,0.0046452567101648
2021-01-24,0.00881531809482989,1128060250.461033375619584655545425,1.89600024,127965915503.6766325,0.004649428786374989
2021-01-25,0.00836004507485774,1069914518.26919161004865689976055,1.799901,127979515503.6766325,0.004644724945904103
2021-01-26,0.00830844884919056,1063425748.7316293949540016115892,1.78981183,127993295503.6766325,0.004642079524745659
2021-01-27,0.00747905481787233,957371336.443134401897185989328725,1.61640537,128006995503.6766325,0.004626967316912792
2021-01-28,0.0305439548147316,3910264447.605774921098173679337,3.81627588,128020895503.6766325,0.00800360240589619
2021-01-29,0.048633752499472,6226794561.35789500837251498804,3.48699633,128034425503.6766325,0.013947176279211052
2021-01-30,0.0290980491652,3725954143.183582489847372189,2.12038883,128048245503.6766325,0.013722977952680498
2021-01-31,0.0381205174042878,4881787622.3998608431203201648335,2.69351454,128061945503.6766325,0.01415270526228078
2021-02-01,0.0347046223422425,4444815520.25913255773746489838125,2.41754092,128075605503.6766325,0.014355340195127906
2021-02-02,0.0316307704174641,4051566578.39625810510943707764325,2.28388003,128089405503.6766325,0.013849576160733843
2021-02-03,0.0367059584111212,4702148364.132178110160576565359,2.61371926,128103135503.6766325,0.014043573452154614
2021-02-04,0.053407206496551,6842366027.9339692140699305445075,3.44291065,128116905503.6766325,0.01551222553409889
2021-02-05,0.0467974372068759,5996186773.18352722146295915740675,2.97113445,128130665503.6766325,0.015750696575469986
2021-02-06,0.057429425570346,7359250983.715797939911265139845,3.54544642,128144255503.6766325,0.01619808023226198
2021-02-07,0.0802811333279657,10288670729.69815898799878185150525,4.2347826,128158015503.6766325,0.01895755719029489
2021-02-08,0.0789325104523397,10116927113.56483402194601184206025,3.9138957,128171865503.6766325,0.02016724933480974
2021-02-09,0.0695767340220854,8918735779.5892754532591548994155,3.35692091,128185605503.6766325,0.02072635486133196
2021-02-10,0.0727549598351006,9327133140.1589896394812255067295,3.44692536,128199275503.6766325,0.02110720489610503
2021-02-11,0.0696115909904288,8925113387.123264132434517715016,3.26601426,128213035503.6766325,0.02131392745065014
2021-02-12,0.0696834709498285,8935275636.44527937444869533252625,3.21977485,128226615503.6766325,0.021642342771212252
2021-02-13,0.0665868556522986,8539108723.3516417939963497324645,3.07078084,128240155503.6766325,0.021684014301814714
2021-02-14,0.0613120799597351,7863513096.26893170890461076005075,2.79109463,128253895503.6766325,0.02196703734109334
2021-02-15,0.0571479029882514,7330224675.8594135474561522154105,2.59951686,128267605503.6766325,0.021984047831200216
2021-02-16,0.0533158616124064,6839419267.996376709036875773448,2.43821955,128281135503.6766325,0.021866718939402487
2021-02-17,0.0488347651941887,6265241330.58198512088367298555275,2.23459345,128294695503.6766325,0.02185398207185683
2021-02-18,0.0600237830748997,7701551096.73630697907847617126025,2.69577514,128308325503.6766325,0.022265871579667324
2021-02-19,0.0548435382378239,7037623492.19363790886862608001675,2.43263068,128321835503.6766325,0.022544950488671753
2021-02-20,0.0542438081367958,6961395688.9185093320364078841435,2.41714999,128335305503.6766325,0.02244122555952591
2021-02-21,0.0564680912063188,7247623913.702837778483515905441,2.51169324,128349015503.6766325,0.022482081134366075
2021-02-22,0.0533126828511682,6843358609.0549295949518976670865,2.37978954,128362675503.6766325,0.022402267912803836
2021-02-23,0.0472897415938726,6070881368.2500809490879338020195,2.12329832,128376285503.6766325,0.022271831116916534
2021-02-24,0.0562393667292198,7220563605.5891419410369682163235,2.49259713,128389845503.6766325,0.022562557764487113
2021-02-25,0.0506886618388636,6508603390.060381123756075674827,2.25459079,128403535503.6766325,0.022482422115661885
2021-02-26,0.0504181991456018,6474563736.6240485053220918099385,2.24176109,128417195503.6766325,0.022490442612509525
2021-02-27,0.0499202688473104,6411300838.222858136483958954228,2.21987136,128430815503.6766325,0.022487910672134806
2021-02-28,0.0485867450040584,6240694605.670111799864333745338,2.16484303,128444385503.6766325,0.022443541786056606
2021-03-01,0.0506025585945601,6500307798.64480817220046398686325,2.25753088,128458085503.6766325,0.022415001736126903
2021-03-02,0.0503929070418212,6474069767.957991444824038683109,2.24209263,128471845503.6766325,0.02247583635374654
2021-03-03,0.0508312462639553,6531070746.91923136863871163452725,2.25775573,128485355503.6766325,0.022514059244112872
2021-03-04,0.0504358309855315,6480959671.33372506275416214267375,2.24424258,128499115503.6766325,0.022473431096531243
2021-03-05,0.0495668410128533,6369961406.80622498819833936051225,2.21909942,128512555503.6766325,0.02233646702176746
2021-03-06,0.0511844712695587,6578539730.85178151403382577707775,2.30004208,128526085503.6766325,0.02225371079713407
2021-03-07,0.0518371108083749,6663130586.06771917213912242952425,2.32748059,128539775503.6766325,0.02227176932477658
2021-03-08,0.0610100895294407,7843067591.21260735584270138444275,2.69253766,128553615503.6766325,0.022658954946405723
2021-03-09,0.0581241333063552,7472849835.383934705766077984864,2.55503603,128567075503.6766325,0.022748850749613577
2021-03-10,0.056087883560884,7211815712.31468219733816184313,2.46665264,128580635503.6766325,0.022738460475279568
2021-03-11,0.0559121722127478,7189982481.9264930773318854757835,2.45178308,128594225503.6766325,0.022804697800895092
2021-03-12,0.0553991686083617,7124775473.29991907613383239797525,2.42907798,128607985503.6766325,0.022806665353889418
2021-03-13,0.0604714211760467,7777942768.32217933826689151873775,2.62109186,128621795503.6766325,0.02307108045272656
2021-03-14,0.0593048862706914,7628702163.2911862074943277987105,2.56267437,128635305503.6766325,0.023141795526168
2021-03-15,0.05737176049291,7380817636.537576463815448925575,2.47910464,128648965503.6766325,0.023142129447553287
2021-03-16,0.0584739476706541,7523413969.82885985091277616031825,2.52164001,128662665503.6766325,0.023188856235928024
2021-03-17,0.0579390800797675,7455381554.42894072473762578294375,2.49434753,128676215503.6766325,0.023228150601679588
2021-03-18,0.0575767987711662,7409552217.2975954207401297138215,2.47625746,128689895503.6766325,0.023251539753530396
2021-03-19,0.0584199434682409,7518852684.08808977609644721076925,2.50919921,128703525503.6766325,0.0232823058589441
2021-03-20,0.0590314284061669,7598351056.30361421609348642496425,2.53213417,128717045503.6766325,0.023312914894303136
2021-03-21,0.0575586116026723,7409559528.25188067293491206502975,2.46837086,128730685503.6766325,0.023318461798188746
2021-03-22,0.055345010861451,7125364948.5529040441065637437575,2.37267951,128744485503.6766325,0.02332595305357991
2021-03-23,0.0536882759747405,6912796407.20406671520045010136625,2.30313702,128758025503.6766325,0.023310934394489693
2021-03-24,0.0516952602266379,6656887859.74574792054166426887175,2.22053472,128771725503.6766325,0.023280545789726673
2021-03-25,0.0514587530006452,6627129682.263738683444244663289,2.2058915,128785275503.6766325,0.02332787129405286
2021-03-26,0.053892993523669,6941355346.5856888556509109646425,2.30899413,128798845503.6766325,0.023340463634556316
2021-03-27,0.0544981635041608,7020040626.466901709150111482506,2.33269525,128812425503.6766325,0.023362744663779293
2021-03-28,0.0535958383465958,6904540981.5630144339547403826435,2.29478757,128826065503.6766325,0.023355468300098815
2021-03-29,0.0540509489709277,6963914293.21296520748170433697025,2.30539147,128839815503.6766325,0.02344545370028965
2021-03-30,0.054079226209261,6968291923.2747028363813207935825,2.29293491,128853395503.6766325,0.023585155415188387
2021-03-31,0.0535690825011988,6903293142.107968477780488797041,2.27308169,128867115503.6766325,0.023566721221180042
2021-04-01,0.0613272619786743,7903909376.23702455764745823829475,2.49801255,128880845503.6766325,0.02455042188586054
2021-04-02,0.057835950077687,7454734450.5202916518925015490275,2.35896148,128894475503.6766325,0.02451754747503846
2021-04-03,0.0561089025634425,7232888403.72057860691283600738125,2.28921107,128908035503.6766325,0.024510148189805188
2021-04-04,0.0573606163347574,7395030207.4374668857040999364555,2.34504211,128921735503.6766325,0.024460377956606244
2021-04-05,0.0595264980112467,7675076135.61879444457118498273775,2.43130103,128935455503.6766325,0.024483392750114
2021-04-06,0.0639634039104699,8248013485.08083994411831072461175,2.59703512,128948945503.6766325,0.02462939504278629
2021-04-07,0.0594053691491805,7661074750.70819613151112437466625,2.4123693,128962665503.6766325,0.0246253213175862
2021-04-08,0.0615431520328573,7937607762.81750038704859421704225,2.49216427,128976295503.6766325,0.024694661091845805
2021-04-09,0.0613919633374267,7918934340.78534971981704147158775,2.4831626,128989755503.6766325,0.02472329574286706
2021-04-10,0.0636518594555478,8211311092.0372284515385993467835,2.56902929,129003475503.6766325,0.024776618819923147
2021-04-11,0.074777963540085,9647639402.5197726184027915637625,2.90050317,129017145503.6766325,0.025781031482232448
2021-04-12,0.0709020638527093,9148536230.37542462675909622543225,2.71404546,129030605503.6766325,0.026124125368448808
2021-04-13,0.0930733501490266,12010586761.5220837421850644409245,3.4427402,129044315502.6766325,0.0270346714367313
2021-04-14,0.122002700339244,15745409311.37251630893778151583,3.59706361,129057875502.6766325,0.03391730410328885
2021-04-15,0.177733355284743,22940324185.9787569976856898679475,4.48625216,129071575502.6766325,0.03961733512650857
2021-04-16,0.375427097611056,48462102817.75148375565442484892,5.39513531,129085255502.6766325,0.0695862246337351
2021-04-17,0.290387865086394,37488732322.883183027542857488205,3.74922877,129098825502.6766325,0.07745269304716074
2021-04-18,0.322299743076013,41612975696.3744547495804063662225,3.99122342,129112655502.6766325,0.08075211762412765
2021-04-19,0.405288333313477,52333433778.7066639112811852262025,4.47473007,129126425502.6766325,0.09057268862554586
2021-04-20,0.331439890713253,42802102908.9313342707510411605225,3.65811613,129139865502.6766325,0.09060398274268373
2021-04-21,0.30835048923751,39824562026.014241407689019485075,3.42187285,129153555502.6766325,0.09011161511670722
2021-04-22,0.263224454407664,33999975092.53830402233432171148,3.02443874,129167235502.6766325,0.08703249661709596
2021-04-23,0.246395844193385,31829621017.2888089976004505760125,2.84583185,129180835502.6766325,0.08658130809569266
2021-04-24,0.271710321196126,35103505040.835843413331989725695,3.10086555,129194595502.6766325,0.08762402523260836
2021-04-25,0.253707121053406,32781029149.204886978325980735295,2.92379883,129208155502.6766325,0.08677311121757512
2021-04-26,0.271205120263714,35045585469.484446646151265463105,3.11210538,129221695502.6766325,0.08714522393959359
2021-04-27,0.272432213908801,35207822252.7645000593607487926325,3.11538974,129235165502.6766325,0.08744723345875852
2021-04-28,0.322858365697139,41729064570.0688776547663474044175,3.5906464,129248825502.6766325,0.08991650241503563
2021-04-29,0.306598675423379,39631654715.2795643531696674912175,3.37892101,129262315502.6766325,0.09073863358036269
2021-04-30,0.338295064038278,43733441326.042051267083436138835,3.61482866,129276025502.6766325,0.09358536623926125
2021-05-01,0.391756718617906,50650071603.132160741229042281545,4.02136285,129289605502.6766325,0.09741889335300992
2021-05-02,0.378761094958709,48975023697.8647680982015666674425,3.83533552,129303205502.6766325,0.0987556611367104
2021-05-03,0.442072850365603,57167541644.0411303765027098718975,4.22628897,129317015502.6766325,0.10460071554586647
2021-05-04,0.548512085221807,70939372681.6678052977359583249275,4.64008627,129330555502.6766325,0.11821161360040983
2021-05-05,0.655049595644794,84726849862.037597834161714076205,5.08502976,129344175502.6766325,0.128819225562368
2021-05-06,0.583586272660643,75491474568.0438303214738385246975,4.46610649,129357865502.6766325,0.1306700308125978
2021-05-07,0.685334696466792,88662843135.25148292857665063794,4.47375027,129371595502.6766325,0.1531901995206344
2021-05-08,0.639128381785214,82693852889.130349831935711811855,4.06032588,129385355502.6766325,0.15740814916688756
2021-05-09,0.57380195253126,74249424965.11720986703862778195,3.37808197,129399045502.6766325,0.1698602809603403
2021-05-10,0.448575704811545,58051355210.6186453561564877222125,2.70979553,129412615502.6766325,0.1655385802527857
2021-05-11,0.495962949708427,64190572892.8995660281139412320775,2.94299539,129426145502.6766325,0.16852318267084576
2021-05-12,0.426742634295699,55237419571.5399968957859825536175,2.55142628,129439655502.6766325,0.1672565018400998
2021-05-13,0.48607163474306,62923521499.98262615251140354545,2.88058368,129453185502.6766325,0.1687406750645272
2021-05-14,0.564845826983397,73128750930.3083768224566373706025,3.28810574,129466745502.6766325,0.17178456888171637
2021-05-15,0.508838984481241,65884632250.6926634746649853009325,2.95482718,129480315502.6766325,0.1722060051177819
2021-05-16,0.513701616230257,66521233685.7093189425879333695525,2.9766206,129493915502.6766325,0.1725788016888202
2021-05-17,0.487313751816461,63110773775.4877632800143735475825,2.83523111,129507475502.6766325,0.17187796440920858
2021-05-18,0.476589657605066,61728447919.529742391132591820245,2.769816,129521165502.6766325,0.17206545763511583
2021-05-19,0.342565867581337,44374206454.6628424728824030076525,2.03811832,129534815502.6766325,0.16807948008697404
2021-05-20,0.400699360628084,51909967262.30389193228835004713,2.3731652,129548415502.6766325,0.16884596176788874
2021-05-21,0.356628386338313,46205521049.7299673441871845709725,2.13142424,129562095502.6766325,0.16731928803545607
2021-05-22,0.345006967789972,44704500554.30678718963909222929,2.07735074,129575645502.6766325,0.1660802680773936
2021-05-23,0.308308310849868,39953422886.74043494735485930951,1.8734478,129589185502.6766325,0.16456733454215697
2021-05-24,0.364567582620442,47248955983.207354859179310221565,2.2018871,129602735502.6766325,0.16557051568195388
2021-05-25,0.346154935984738,44867351626.252152276191169234785,2.1075592,129616385502.6766325,0.16424446629292216
2021-05-26,0.35250963262272,45695857342.4966478090010325904,2.14682725,129630095502.6766325,0.16420027863104497
2021-05-27,0.332657072602215,43126945452.3849711718144482409875,2.02770244,129643855502.6766325,0.16405615835931775
2021-05-28,0.310085326892906,40204914784.742393502197676219045,1.89365789,129657585502.6766325,0.1637493913395867
2021-05-29,0.302840777404076,39269752908.61648132682301545407,1.84993768,129671285502.6766325,0.16370323210243276
2021-05-30,0.302799659128167,39268560320.2619896001798734576275,1.92007791,129684955502.6766325,0.15770175655433016
2021-05-31,0.326518387701382,42348992616.587073606450119356115,2.0780224,129698645502.6766325,0.15712938787444353
2021-06-01,0.374069481195317,48521407342.6450864976290243300025,2.3683816,129712285502.6766325,0.15794307859650528
2021-06-02,0.426345776204489,55308117456.1154319199561619032925,2.67929096,129725965502.6766325,0.15912634445812074
2021-06-03,0.396820977723381,51483369327.5494423551816775944825,2.49143288,129739535502.6766325,0.1592741995615716
2021-06-04,0.377680450999831,49005154752.8119140202813051491075,2.36881811,129752955502.6766325,0.1594383500385477
2021-06-05,0.371218715034732,48171770275.99970023557620229999,2.3278228,129766545502.6766325,0.1594703493043938
2021-06-06,0.371186534357884,48172564488.42824937790667894563,2.32803469,129779935502.6766325,0.15944201173303135
2021-06-07,0.333351509816076,43266937694.48568147699577804407,2.09981628,129793735502.6766325,0.15875270279172993
2021-06-08,0.328496721027222,42641290647.844196331065895789915,2.0729407,129807355502.6766325,0.1584689427088879
2021-06-09,0.344041450382039,44663820784.8535499292142030036675,2.16982176,129821045502.6766325,0.1585574708136575
2021-06-10,0.327806963584201,42560756637.4473743223712888831325,2.07198678,129834815502.6766325,0.15820900343012853
2021-06-11,0.317583878089088,41237785589.93476620579329083616,2.01197612,129848485502.6766325,0.15784674327500867
2021-06-12,0.313194163347377,40672047219.5563438511593980679525,1.98664737,129862085502.6766325,0.15764960006333534
2021-06-13,0.323228880957383,41979559559.4479400434356624527475,2.04936879,129875645502.6766325,0.15772118836521512
2021-06-14,0.327457449383907,42533220682.1535663579765704531775,2.07842125,129889305502.6766325,0.15755104956894903
2021-06-15,0.320674405209986,41656524130.143638149786217852145,2.03822452,129902865502.6766325,0.1573302656617957
2021-06-16,0.307153723758147,39904375301.2397740124555783999775,1.954006104279,129916625502.6766325,0.15719179335495592
2021-06-17,0.305849863165653,39739166159.0651390808612397035225,1.945617634747,129930305502.6766325,0.15719936831546266
2021-06-18,0.29246527334624,38004082767.1710348584799297368,1.863729748659,129943915502.6766325,0.15692472235133662
2021-06-19,0.287296062338338,37336319823.680616840755821486785,1.833190834774,129957645502.6766325,0.1567191243206038
2021-06-20,0.280669136303136,36478956513.15818204690390366952,1.794041395209,129971385502.6766325,0.15644518407025884
2021-06-21,0.179187482088679,23291669718.4343223597762260934675,1.184530322644,129984915502.6766325,0.15127302244885812
2021-06-22,0.188829017595652,24547491971.26356514004559400189,1.341431733797,129998515502.6766325,0.14076677391637407
2021-06-23,0.234789213297149,30525449361.6479149621400811707425,1.662234389288,130012145502.6766325,0.1412491612556027
2021-06-24,0.263517659819,34264088076.6160045670954795175,1.820677696685,130025775502.6766325,0.14473602895163704
2021-06-25,0.240246524039104,31241524769.99055613108709703728,1.666046858662,130039445502.6766325,0.14420154078502068
2021-06-26,0.240943309588104,31335416024.29338422591308077978,1.678878344376,130053065502.6766325,0.1435144543946435
2021-06-27,0.258395472974195,33608673726.1067573048881019983375,1.798036901468,130066805502.6766325,0.1437097718980234
2021-06-28,0.25632075091972,33342322597.6328071819961274429,1.781698749697,130080465502.6766325,0.1438631255498779
2021-06-29,0.263537737009707,34284719339.3643211392951345716775,1.833176605237,130094155502.6766325,0.1437601463256923
2021-06-30,0.253546042678888,32988336955.06109596052469868466,1.769199708966,130107875502.6766325,0.143311148760629
2021-07-01,0.244908107653592,31867811677.69699252321510308894,1.711734479608,130121505502.6766325,0.1430759913825407
2021-07-02,0.244786103247887,31855299641.8073245407601499005275,1.711104986446,130135245502.6766325,0.14305732563862883
2021-07-03,0.245519370361453,31954087153.0242269239005018470225,1.715947924064,130148945502.6766325,0.14308089827106887
2021-07-04,0.246690893670516,32109924540.12024854257054741737,1.723558019877,130162585502.6766325,0.1431288595019974
2021-07-05,0.232996492106983,30330638847.3250511632760441747475,1.628045778352,130176375502.6766325,0.14311421411186315
2021-07-06,0.234121104659688,30480239609.99274549035202234066,1.634034840539,130190055502.6766325,0.14327791479798632
2021-07-07,0.224031506306492,29169721068.87621179230991144819,1.566889465836,130203655502.6766325,0.14297850052043204
2021-07-08,0.207322548707761,26996960857.1917127761295260948325,1.456408419296,130217195502.6766325,0.14235192955556844
2021-07-09,0.219942177056201,28643235884.9325265690848819231325,1.544803396027,130230755502.6766325,0.14237551368792875
2021-07-10,0.214794397356293,27975749257.4803170672232679233225,1.510669286495,130244315502.6766325,0.14218492377948
2021-07-11,0.215968738003253,28131639785.7348169747749920855225,1.519400399197,130257925502.6766325,0.14214076692186736
2021-07-12,0.208751332336476,27194360776.72892850896811259707,1.478342418575,130271555502.6766325,0.14120634686089506
2021-07-13,0.199732697072284,26022225470.30123393685833020363,1.417228119685,130285255502.6766325,0.140931932056695
2021-07-14,0.196839311980268,25647944942.53570469371802468751,1.398107064087,130298895502.6766325,0.14078987012973085
2021-07-15,0.184941928882686,24100255372.297093941533086034895,1.318285057456,130312555502.6766325,0.1402897862163311
2021-07-16,0.17240189062412,22468460090.2643555033659648759,1.238661757641,130326065502.6766325,0.1391839939843263
2021-07-17,0.185759348575271,24211835506.0112480066558990549075,1.33622731152,130339795502.6766325,0.1390177756237926
2021-07-18,0.182013849464707,23726103284.7141579297758423591775,1.310672272525,130353285502.6766325,0.138870603491183
2021-07-19,0.174322307635644,22725856320.09837382085456288883,1.257640802096,130366885502.6766325,0.13861056936536748
2021-07-20,0.170478459566267,22227083078.6288713574235061558775,1.232062439792,130380595502.6766325,0.13836836028785005
2021-07-21,0.189652100396044,24729540642.61903357997531424183,1.374172703696,130394235502.6766325,0.13801183787594692
2021-07-22,0.191375498412844,24956860688.75494506103751666783,1.388312357054,130407815502.6766325,0.13784757979028794
2021-07-23,0.194074971548424,25311538325.23629870317508700218,1.407820477781,130421445502.6766325,0.13785491446631323
2021-07-24,0.19687219207913,25679058925.437985944980241929725,1.428526377816,130435175502.6766325,0.13781488052052474
2021-07-25,0.197296619791344,25737112327.42897041114565456908,1.431792126366,130448825502.6766325,0.13779697217088224
2021-07-26,0.20495753684508,26739230737.3835606853794885931,1.488443250187,130462295502.6766325,0.1376992618424184
2021-07-27,0.204503089181352,26682733919.15510278316920515714,1.487440168593,130475945502.6766325,0.13748659845242422
2021-07-28,0.205419814311225,26805162857.0936964963668899498125,1.489876039091,130489665502.6766325,0.13787711790878607
2021-07-29,0.2050127843368,26754841926.004082437871369826,1.487815078324,130503285502.6766325,0.13779453328819843
2021-07-30,0.207429222726903,27073014038.2641811505770671941475,1.504169013663,130516875502.6766325,0.1379028691873959
2021-07-31,0.20884920827101,27261190640.956646163912454173825,1.51576046785,130530495502.6766325,0.13778510041711797
2021-08-01,0.204456121418929,26690508772.2013039437833514765925,1.484284290828,130543945502.6766325,0.1377472783902296
2021-08-02,0.203945348136703,26626632621.7655680279530136926475,1.47710135549,130557685502.6766325,0.1380713296204701
2021-08-03,0.196475397282361,25654064840.3467029149818791293325,1.427390300008,130571385502.6766325,0.13764658291517032
2021-08-04,0.201647582046668,26332174808.87542410848652808551,1.46498827268,130585125502.6766325,0.13764450255822233
2021-08-05,0.201365598881912,26298098628.68486918598528932134,1.463788282536,130598765502.6766325,0.1375647020025655
2021-08-06,0.205253032949116,26808617000.56814069117317473187,1.49754294301,130612525502.6766325,0.13705986456492916
2021-08-07,0.257086012407851,33582188284.6724878650567572417575,1.876551940865,130626275502.6766325,0.1369991455122456
2021-08-08,0.241635057894899,31567241538.2878762658953682476175,1.772574166613,130640155502.6766325,0.13631872925047223
2021-08-09,0.256215120231704,33475495858.50517696961558645678,1.874901467773,130653865502.6766325,0.1366552454279292
2021-08-10,0.25632513480426,33493373652.26401728761396345445,1.876903625858,130667535502.6766325,0.13656808547486532
2021-08-11,0.266016363932145,34763296559.4732277028301071017125,1.940440731865,130681045502.6766325,0.13709069262655132
2021-08-12,0.264160101087162,34524331900.345948675804183141965,1.926130855232,130694725502.6766325,0.13714545944249681
2021-08-13,0.285523466502995,37320342737.3153640839770777643375,2.077975404387,130708495502.6766325,0.1374046419896024
2021-08-14,0.293520424457163,38369651921.1433567986623373435975,2.129922770082,130722255502.6766325,0.13780801284445762
2021-08-15,0.339527545084811,44388468211.9672376280597203789575,2.429246690624,130735985502.6766325,0.139766597766815
2021-08-16,0.319922870164873,41829773069.1976724157280794301725,2.273855931012,130749555502.6766325,0.1406961917866487
2021-08-17,0.300178709261132,39252312235.91906929972239689799,2.131458025262,130763145502.6766325,0.14083256892860177
2021-08-18,0.307016668844971,40150674538.4518951625626868401575,2.173614254348,130776855502.6766325,0.14124708109124176
2021-08-19,0.315798300789388,41303463608.89249206529165157591,2.232705033126,130790645502.6766325,0.14144201589729938
2021-08-20,0.326713888119138,42735557096.391990828760048642785,2.224866256593,130804225502.6766325,0.14684652938170048
2021-08-21,0.317965835099326,41595618209.786587483289496699695,2.167604143575,130817885502.6766325,0.14668999228563442
2021-08-22,0.315080664495456,41222490293.95084135395813363192,2.129232418421,130831545502.6766325,0.14797852116544144
2021-08-23,0.318119735368939,41624480323.1741756672244016179175,2.149806746344,130845325502.6766325,0.14797596849574465
2021-08-24,0.290931516424785,38070968178.3206979335543633365125,1.98110089227,130858865502.6766325,0.14685345787282328
2021-08-25,0.292580928451773,38290828426.8757452265256902944225,1.99229244986,130872605502.6766325,0.14685641582004333
2021-08-26,0.272534085576634,35671015014.107059938919199805005,1.85842013021,130886435502.6766325,0.1466482638378642
2021-08-27,0.293806786335398,38459365771.316739563334882187235,2.00209429769,130900195502.6766325,0.1467497243633279
2021-08-28,0.285058600280931,37318086199.9410237416669490448575,1.942685858566,130913735502.6766325,0.14673427462500188
2021-08-29,0.281746985078609,36888367954.9054136229079199041925,1.919686356561,130927285502.6766325,0.14676719669109975
2021-08-30,0.27176901585784,35585694612.4476475464581099238,1.880339791152,130940955502.6766325,0.14453186447293087
2021-08-31,0.278126724347015,36421989372.9512548078382616269875,1.924288809914,130954655502.6766325,0.14453481354467002
2021-09-01,0.293037887828062,38378675616.924710223232945161215,2.025974098896,130968305502.6766325,0.1446404907090101
2021-09-02,0.296461662439791,38831122348.7049963161708738838075,2.048958505162,130981935502.6766325,0.14468895377476246
2021-09-03,0.294960012339622,38638424121.104027539269633282915,2.035769407893,130995465502.6766325,0.14488871440744486
2021-09-04,0.299311984206178,39212580351.483445229444742735585,2.06522648826,131009055502.6766325,0.14492937501414438
2021-09-05,0.313618490177438,41091218347.150185847038861317535,2.13882277706,131022945502.6766325,0.14663135886767306
2021-09-06,0.308614055910165,40439682746.3512171272134647193625,2.107525985056,131036425502.6766325,0.14643428270800876
2021-09-07,0.254143140025767,33305505644.6094879180235187896275,1.746465118746,131050185502.6766325,0.1455185891191731
2021-09-08,0.256713967158431,33645927431.4508183070406890636075,1.766695468925,131063875502.6766325,0.14530742376026834
2021-09-09,0.252489652707405,33095736566.1925344550278532136625,1.767620399991,131077595502.6766325,0.14284155846396124
2021-09-10,0.239172013330452,31353359508.59186464645672106289,1.677862634973,131091255502.6766325,0.1425456460768618
2021-09-11,0.240202108195502,31491638666.198768679125597007015,1.686275273116,131104755502.6766325,0.14244537177589173
2021-09-12,0.251806938146037,33016488971.2481517731906723804025,1.766186896221,131118265502.6766325,0.14257094687137167
2021-09-13,0.2361035367614,30960727920.7619517735605079855,1.667084534861,131131995502.6766325,0.1416266133025378
2021-09-14,0.240055801042766,31482296989.995765610937601365495,1.697552584947,131145745502.6766325,0.1414128806208739
2021-09-15,0.24709265988259,32408509077.789388662898186578175,1.749843844458,131159335502.6766325,0.14120840591871497
2021-09-16,0.241111173516518,31627303812.668122774976451365635,1.70819602983,131173115502.6766325,0.14114959249759726
2021-09-17,0.239641834141696,31437849082.26970713071127311872,1.698364209785,131186815502.6766325,0.1411015568751492
2021-09-18,0.241247129984849,31651723692.8404274134086713409925,1.710135120586,131200415502.6766325,0.14106904599572373
2021-09-19,0.232754638316287,30540677702.9923244385016190635275,1.650376607908,131214045502.6766325,0.14103122717627725
2021-09-20,0.207380666072573,27214053719.6073007645229962504225,1.4738547987,131227535502.6766325,0.14070630719897997
2021-09-21,0.199895231089176,26234453122.28567537035629887982,1.429032775248,131241015502.6766325,0.1398814880606817
2021-09-22,0.224089537501427,29412779360.2363118824947883045775,1.602914294381,131254585502.6766325,0.13980132205880916
2021-09-23,0.224631279959057,29486962990.4971779712285106355525,1.613371250312,131268285502.6766325,0.13923099219452248
2021-09-24,0.209224758932875,27467418754.3032263966268985434375,1.509408102694,131281875502.6766325,0.13861377751944584
2021-09-25,0.20870623577169,27402205336.641355051214168033925,1.507864482339,131295575502.6766325,0.13841179908153603
2021-09-26,0.204332200968806,26830690794.539129601302637625795,1.479658474283,131309165502.6766325,0.13809416464689228
2021-09-27,0.200629398910734,26347225562.743189650516935223255,1.455482844753,131322855502.6766325,0.13784387746925417
2021-09-28,0.19734291766785,25918329192.197843165249591515125,1.433397687872,131336505502.6766325,0.13767492394997666
2021-09-29,0.197968770757039,26003238722.0493528673078401911675,1.453092509981,131350205502.6766325,0.13623961956808073
2021-09-30,0.203766747506382,26767593726.348659329875876018615,1.499309136786,131363895502.6766325,0.13590709381201224
2021-10-01,0.222020546269938,29168458914.971334802492869823785,1.633340703936,131377295502.6766325,0.135930333294772
2021-10-02,0.219446955262227,28833338550.6484795735694228105775,1.614226179399,131390925502.6766325,0.13594560543178053
2021-10-03,0.221561839198792,29114228349.41760255275526062794,1.627205309407,131404525502.6766325,0.13616096132302777
2021-10-04,0.243107340757069,31948713449.3078754341084454901425,1.761978858012,131418135502.6766325,0.13797403961552718
2021-10-05,0.25218223422243,33144758794.085835988507368366975,1.828971618655,131431775502.6766325,0.13788198332343793
2021-10-06,0.252315909975362,33165746916.215512035238128128465,1.833095739019,131445325502.6766325,0.13764469831258863
2021-10-07,0.242434208982294,31870072736.325210005650800044955,1.765970936266,131458645502.6766325,0.13728097331822522
2021-10-08,0.243278484288932,31984366179.16868504508449478149,1.778283037288,131472235502.6766325,0.13680526619651498
2021-10-09,0.246880851926766,32461337554.011940902547869495495,1.80475512882,131485845502.6766325,0.1367946531827748
2021-10-10,0.22969336957559,30204557625.632547341085535400675,1.680740968793,131499475502.6766325,0.13666196864383034
2021-10-11,0.230376023766707,30297417939.9530860225532403741775,1.686182670113,131512895502.6766325,0.13662578073541004
2021-10-12,0.225741274699533,29690951979.2983764230636977626225,1.655495336071,131526465502.6766325,0.13635875002540723
2021-10-13,0.2322644696982,30552060331.5987100402894673115,1.708124209636,131539965502.6766325,0.13597633496904502
2021-10-14,0.232598682249031,30599162721.2159432592954294681075,1.711663191473,131553465502.6766325,0.13589045053242302
2021-10-15,0.23420304497024,30813376912.1300409812863059168,1.724006390844,131566935502.6766325,0.13584813038632887
2021-10-16,0.237940396102037,31308305701.5933319351230855504025,1.749352211122,131580455502.6766325,0.13601628910934221
2021-10-17,0.237471982725584,31249920272.87978543943473671588,1.745988588261,131594135502.6766325,0.13601004286179524
2021-10-18,0.246741351963043,32473063184.4844459495947196926975,1.810593247704,131607705502.6766325,0.13627652277834013
2021-10-19,0.245524729474115,32316228955.8867451811466241177375,1.842051745775,131621075502.6766325,0.13328872548627357
2021-10-20,0.254763355252319,33535689050.9785875407719027357675,1.91018352072,131634665502.6766325,0.13337114077724416
2021-10-21,0.243214075892714,32018701508.549121178998904805605,1.827288434865,131648225502.6766325,0.1331010864251886
2021-10-22,0.245247625260096,32289757399.36934723244699390672,1.841444676217,131661855502.6766325,0.13318218485060554
2021-10-23,0.249806270682158,32893346985.309969491040661272935,1.874790855169,131675425502.6766325,0.13324487368466473
2021-10-24,0.275555925957637,36287669316.3748561487693048174025,2.042300445717,131688945502.6766325,0.1349242842969151
2021-10-25,0.264177490815424,34792829512.47696043979701537968,1.973439522377,131702475502.6766325,0.13386652482627046
2021-10-26,0.255868445857271,33701997768.0266693487065619199075,1.959443133979,131716115502.6766325,0.13058222584785315
2021-10-27,0.238359256211096,31398975555.78422515639844641422,1.859792064196,131729625502.6766325,0.12816446569479273
2021-10-28,0.299730841169502,39487459841.366067899107627062015,2.24521948786,131743065502.6766325,0.1334973452663135
2021-10-29,0.287649888924029,37899738419.8653705813949460523425,1.422278035451,131756485502.6766325,0.2022458912773803
2021-10-30,0.266894729745811,35168706662.5044208891268544614575,1.328294226944,131769955502.6766325,0.2009304296683231
2021-10-31,0.281145996962567,37050410660.6918953026734081156275,1.394702455147,131783525502.6766325,0.20158134512850953
2021-11-01,0.271876385556308,35832547858.48967046685654457281,1.350066229864,131797205502.6766325,0.20138003569180132
2021-11-02,0.273179601436325,36007930431.1576682588290141755625,1.35659146429,131810465502.6766325,0.2013720479800447
2021-11-03,0.269048420219483,35467053879.9205929189396253309975,1.336444298588,131824055502.6766325,0.2013165984573708
2021-11-04,0.26279505032052,34646241264.7572348301870392489,1.306336048926,131837495502.6766325,0.20116956164271518
2021-11-05,0.260633913323072,34364885241.17064244341871751504,1.29586215477,131851165502.6766325,0.20112780696904553
2021-11-06,0.261846337093328,34528240376.96224141845395725796,1.301960803853,131864515502.6766325,0.20111691252027292
2021-11-07,0.266125955600655,35096168220.8869252951067701942875,1.323081339084,131878035502.6766325,0.20114103928402483
2021-11-08,0.281878375577197,37177385873.7954747969606317491025,1.396378584327,131891585502.6766325,0.2018638632395321
2021-11-09,0.274187748864879,36166807811.6030879600880732399675,1.358382130974,131905265502.6766325,0.2018487600895326
2021-11-10,0.25415992057355,33528457879.122649185129582570375,1.242378910464,131918745502.6766325,0.20457520522352324
2021-11-11,0.26129064267426,34472703023.35545375855781122945,1.281488898605,131932405502.6766325,0.20389614218171934
2021-11-12,0.25881434406632,34149487808.6250140111540942674,1.271069383934,131945885502.6766325,0.20361936754804164
2021-11-13,0.261363108260139,34489343909.0193981897446065019175,1.283346001515,131959495502.6766325,0.20365755451109663
2021-11-14,0.262219781269145,34605893303.3763456822353847542125,1.287286848977,131972855502.6766325,0.2036995728477531
2021-11-15,0.257217246487794,33949172080.702511092156740273705,1.263259326595,131986375502.6766325,0.20361396988938094
2021-11-16,0.238380239331833,31466200054.9385085760248624923725,1.172812658718,132000035502.6766325,0.2032551725630299
2021-11-17,0.237041868423652,31292749335.27869172964947071189,1.167252786818,132013595502.6766325,0.2030767209130784
2021-11-18,0.221380181346629,29228177917.4476320417377809468425,1.099697825069,132027075502.6766325,0.20131001107757815
2021-11-19,0.23302216102922,30768363935.62432376014104370165,1.1576510661,132040505502.6766325,0.20128877159353917
2021-11-20,0.233751804011279,30867866688.2021070291647197379675,1.159289905613,132054025502.6766325,0.20163360595094426
2021-11-21,0.227579277877375,30055888979.7704241208056129396875,1.129209630624,132067775502.6766325,0.20153855555731928
2021-11-22,0.21987392713124,29041241937.7123846702821087493,1.091819507682,132081335502.6766325,0.20138303591776432
2021-11-23,0.22654893492392,29925939761.1031071788177492994,1.125508160015,132094815502.6766325,0.20128591064226553
2021-11-24,0.217489998384632,28732274298.57332079293725351174,1.081717335661,132108485502.6766325,0.20105991760937383
2021-11-25,0.221864993733567,29313234611.0180317474380617731275,1.105780434086,132121945502.6766325,0.20064109193336646
2021-11-26,0.202392689354976,26743272461.52731484901793279832,1.014399862334,132135565502.6766325,0.1995196340911336
2021-11-27,0.204431400433186,27015404216.450982495082979726145,1.02504021903,132148995502.6766325,0.1994374431733423
2021-11-28,0.206967180424714,27353323888.144578161025153295605,1.037742859342,132162615502.6766325,0.1994397538480249
2021-11-29,0.215473208759014,28480418192.860051493980661540355,1.081975693697,132176145502.6766325,0.1991479198786473
2021-11-30,0.215615430973181,28502168352.1835245717698228929825,1.082979858459,132189835502.6766325,0.19909459006927954
2021-12-01,0.209047880344401,27636839604.1670659641814349096325,1.050582279031,132203395502.6766325,0.198982873133188
2021-12-02,0.209500776286895,27699519200.9686392626072324810875,1.056959981781,132216785502.6766325,0.19821069851091405
2021-12-03,0.200391928447129,26497921989.3815042995487600130925,1.011883737365,132230485502.6766325,0.19803849103154916
2021-12-04,0.181961482208762,24063346187.942693582759144153965,0.921303605868,132244175502.6766325,0.1975043634365549
2021-12-05,0.171130600794691,22633314932.8102427656820957580575,0.868056735251,132257555502.6766325,0.19714218419745144
2021-12-06,0.178108722215427,23558632243.8420035761537839095775,0.904685208286,132271075502.6766325,0.19687369770626462
2021-12-07,0.17669445309194,23373945420.11129872898561209205,0.90644959943,132284545502.6766325,0.19493025668834785
2021-12-08,0.178916928362084,23670374243.00039333879612580213,0.923083858783,132298125502.6766325,0.19382521605130143
2021-12-09,0.17100622755333,22626065766.980261665186638561225,0.884301863069,132311355502.6766325,0.19337992454278793
2021-12-10,0.165605773045002,21913756676.473489541490876315765,0.857326990045,132324835502.6766325,0.19316523913041575
2021-12-11,0.168757086384096,22333035291.49440669614897883672,0.874241692896,132338355502.6766325,0.19303253065530862
2021-12-12,0.170099738025579,22513049968.1521867146752505827175,0.881802712567,132352055502.6766325,0.1928999940705611
2021-12-13,0.158023933034995,20916916197.4589040099617912543375,0.821505027347,132365495502.6766325,0.19235905779581602
2021-12-14,0.189821195453871,25128341077.5126456862311833694075,0.983078020681,132379005502.6766325,0.19308863738238966
2021-12-15,0.180711077398819,23924803151.5824112230201943970175,0.936664099201,132392565502.6766325,0.1929305047059778
2021-12-16,0.173798586385877,23012002655.1538080106479959192025,0.901453605439,132406155502.6766325,0.19279814883122975
2021-12-17,0.169345758323337,22424727299.5068183113088893226525,0.879538406583,132419775502.6766325,0.19253935593471577
2021-12-18,0.172288362383591,22816744896.2399490947381971373075,0.895117638456,132433465502.6766325,0.19247566462970545
2021-12-19,0.170094610736499,22528523545.1388302319066621596175,0.884200497474,132447015502.6766325,0.19237108689989246
2021-12-20,0.167273441153029,22157122899.5680421948465348948425,0.869975500364,132460495502.6766325,0.19227373768921235
2021-12-21,0.171031136960548,22657195171.64300298403455399461,0.890891232169,132474095502.6766325,0.19197757345096844
2021-12-22,0.173160484304483,22941638712.4428891034216190934975,0.902798780979,132487725502.6766325,0.19180407412237177
2021-12-23,0.183226318083963,24277700696.8892538767153730945975,0.955171541914,132501165502.6766325,0.19182556226163197
2021-12-24,0.186593415001297,24726373300.61926650713568743001851,0.973301297482,132514715486.86428683,0.1917118732750357
2021-12-25,0.191365045212553,25361275603.18455944661532210857699,1.001739771958,132528255486.86428683,0.1910326918921378
2021-12-26,0.190312142343695,25224353014.73491986572751092203685,0.995812280692,132542005486.86428683,0.19111246771474355
2021-12-27,0.188336120586183,24964963298.67963255531586784686989,0.987455790338,132555365486.86428683,0.19072866089702784
2021-12-28,0.1744615391636,23128175296.470416086758592695388,0.917369659239,132568905486.85428683,0.19017583305330132
2021-12-29,0.167901296305824,22260772859.70389482168445709549792,0.89641057015,132582495486.85428683,0.18730401213110237
2021-12-30,0.171319342393465,22716255324.42788156452998782756595,0.914721161874,132595975486.85428683,0.18729132935164752
2021-12-31,0.170559483939401,22617839522.00414161409491279238883,0.911041613978,132609685486.85428683,0.18721371375635065
2022-01-01,0.172773918884291,22913848224.35230806299076409518753,0.922875413364,132623305486.85428683,0.18721261438150977
2022-01-02,0.174473135138326,23141588948.45676098261391813004658,0.931975981158,132636975486.85428683,0.18720775928317315
2022-01-03,0.170033613532677,22555058387.55511431962429773574391,0.908572894573,132650585486.85428683,0.18714361230486337
2022-01-04,0.168497637148357,22353586623.95895910831846214123831,0.901374821215,132664095486.85428683,0.1869340402932846
2022-01-05,0.159201963324984,21122583043.35386959504090084116072,0.852838453226,132677905486.85428683,0.18667305950239074
2022-01-06,0.160205465853321,21257898043.08135642955151284206243,0.859251405487,132691465486.85428683,0.1864477204579269
2022-01-07,0.154732789376596,20533814115.88954711817924587303068,0.831157888489,132704995486.85428683,0.18616533816203298
2022-01-08,0.151267634431796,20076002268.90903132305319385604668,0.812942477647,132718425486.85428683,0.18607421630818038
2022-01-09,0.150565827145508,19984898172.17723615911535197805964,0.809342674734,132731965486.85428683,0.18603470673901287
2022-01-10,0.143016167760419,18984764923.44299436027343054698177,0.773576167783,132745585486.85428683,0.18487664656253633
2022-01-11,0.153372727526171,20361627646.18077117759089236562793,0.830002267206,132759115486.85428683,0.18478591394992552
2022-01-12,0.161212054227767,21404555760.55246355618378916840861,0.87264126766,132772675486.85428683,0.18474035116406928
2022-01-13,0.172836271989934,22950291740.02713289122522250876922,0.938487591985,132786315486.85428683,0.18416468525105067
2022-01-14,0.183769624751481,24404552044.42640471250399824129523,0.996458855847,132799705486.85428683,0.18442269208925335
2022-01-15,0.184927112835316,24560792225.42556643330871041768828,1.00205559359,132813365486.85428683,0.18454775764764664
2022-01-16,0.177386285649423,23561667850.89433273062749806599909,0.961122670495,132826885486.85428683,0.18456154567456518
2022-01-17,0.170456641292486,22643498665.02567758124040096775938,0.924389008575,132840225486.85428683,0.18439925151777273
2022-01-18,0.165352265189508,21967662794.59377596678295213857964,0.90116406461,132853715486.85428683,0.18348741553633532
2022-01-19,0.162605785291479,21604974661.61639576392011222092157,0.905027482289,132867195486.85428683,0.17966944482195793
2022-01-20,0.155665840180873,20684980436.80470612559668262180259,0.86696696878,132880665486.85428683,0.17955221569736007
2022-01-21,0.142710581343915,18965415030.68992757246144028513945,0.795869782396,132894245486.85428683,0.17931398389605732
2022-01-22,0.132454850627888,17604261005.71707096449458994911504,0.743776021552,132907635486.85428683,0.1780843248367985
2022-01-23,0.141571888325105,18817887654.87778681357039795986715,0.798725067141,132921075486.85428683,0.1772473334683925
2022-01-24,0.137432069690089,18269498580.30429941973413921422787,0.77666606604,132934755486.85428683,0.1769512995344526
2022-01-25,0.143544938110702,19084056283.03320173205230980065466,0.811388613014,132948305486.85428683,0.17691268500489202
2022-01-26,0.143694636659206,19105892581.20008311060371088405698,0.811921900997,132961765486.85428683,0.17698086045314962
2022-01-27,0.140852082046731,18729861315.31090313712686773785273,0.796801174582,132975395486.85428683,0.17677193073996367
2022-01-28,0.141629526531756,18835151469.19382434818863072757348,0.802974475405,132988875486.85428683,0.17638110658538886
2022-01-29,0.142814205575339,18994638591.78242690842967868048537,0.809819536972,133002445486.85428683,0.17635312443724963
2022-01-30,0.1396070892537,18569955013.039634751522270438771,0.791745334438,133015845486.85428683,0.1763282752437013
2022-01-31,0.141651604577392,18843827326.67337936269134570134736,0.803478734088,133029395486.85428683,0.1762978888771408
2022-02-01,0.14276018721579,18993232950.2397169204107237650457,0.810006026057,133042925486.85428683,0.17624583351648296
2022-02-02,0.137282306125455,18266273716.12226547776113453425765,0.779185199789,133056285486.85428683,0.1761870042739909
2022-02-03,0.137352479783808,18277480129.69159684963783642164864,0.779706447989,133069895486.85428683,0.1761592200988772
2022-02-04,0.146723410682083,19526433551.40861775154572282386689,0.832821999307,133083285486.85428683,0.1761761946780622
2022-02-05,0.147228366434551,19595610526.65009759609423697626333,0.835376418364,133096705486.85428683,0.17624194698107806
2022-02-06,0.153747183301119,20465342224.31449726543257588596277,0.872336724978,133110355486.85428683,0.17624751876059838
2022-02-07,0.16590728667715,22086222633.0436224628542237069345,0.935781524066,133123885486.85428683,0.17729275734818703
2022-02-08,0.158626499535323,21119130107.18457347980400555869609,0.896211790842,133137465486.85428683,0.1769966665873608
2022-02-09,0.159333476464091,21215420565.58357231807461390922153,0.900169432245,133151055486.85428683,0.1770038736671132
2022-02-10,0.152083531035962,20252141890.61632920649145059298046,0.860887925198,133164595486.85428683,0.17665891991804106
2022-02-11,0.144697980364793,19270613021.61579802901763925557619,0.820196009143,133178175486.85428683,0.17641878130568314
2022-02-12,0.144010346100634,19180995125.72328643865563748085022,0.816800873249,133191785486.85428683,0.17631022543818065
2022-02-13,0.149377023271304,19897823967.73285290557902252412632,0.847386282943,133205385486.85428683,0.17627972776773393
2022-02-14,0.146049187617934,19456517303.18102746012012408800922,0.829496583533,133218935486.85428683,0.17606966745526526
2022-02-15,0.151673940206903,20207914238.22303366244282270798749,0.86206906299,133232605486.85428683,0.17594175074655521
2022-02-16,0.149406181527666,19907802282.65619113319535034443878,0.849385143337,133246175486.85428683,0.17589921686255344
2022-02-17,0.138890650808966,18508528610.5868373405324524350005,0.786395463357,133259715486.85428675,0.17661680068201743
2022-02-18,0.138765054583913,18493677510.46184701774078163905275,0.785964558974,133273305486.85428675,0.17655383184841975
2022-02-19,0.140899683362003,18780071507.42432035698381261636025,0.802021698774,133286825486.85428675,0.17568063754058955
2022-02-20,0.137178446735846,18285934343.2383105099231699878405,0.781052212858,133300345486.85428675,0.17563287636544458
2022-02-21,0.128890988300719,17182963610.24906038972414325717325,0.734799171603,133313925486.85428675,0.17540981710626738
2022-02-22,0.131289702900127,17504511516.12277473968573706941725,0.74920708873,133327375486.85428675,0.17523820166021056
2022-02-23,0.127800787922238,17041060003.4058537715591959537465,0.729676394276,133340805486.85428675,0.17514721447038806
2022-02-24,0.123331962783508,16446859341.201920092102332002919,0.70870536405,133354395486.85428675,0.17402431114491576
2022-02-25,0.1276310937545,17021875056.991806354469477102875,0.733834012857,133367775486.85428675,0.17392365510233046
2022-02-26,0.127300411685347,16979497645.61381707882597911125225,0.732049449292,133381325486.85428675,0.17389591892797038
2022-02-27,0.122748847905691,16374057462.62663307485442307089425,0.706052668751,133394795486.85428675,0.17385225400087
2022-02-28,0.133011462995243,17744827237.94964287708804940793025,0.765389738468,133408255486.85428675,0.17378265778879923
2022-03-01,0.13500218961464,18012231832.99822952052381455802,0.776889360428,133421775486.85428675,0.17377273585039865
2022-03-02,0.133109573172839,17761523215.02121462950446581758325,0.766375194229,133435355486.85428675,0.17368721505495988
2022-03-03,0.129656389309008,17302501946.100700085777415190044,0.746669383526,133448895486.85428675,0.17364631812909093
2022-03-04,0.122351361645676,16329280122.524399668956895201593,0.705097107121,133462185486.85428675,0.17352412938588269
2022-03-05,0.124909475374485,16672382845.79174541838658382357375,0.719922290555,133475725486.85428675,0.17350410872566568
2022-03-06,0.12056047490239,16093525624.6521247904943593203325,0.695197330032,133489235486.85428675,0.17341907066421067
2022-03-07,0.117168473495719,15642330471.45323019984955292342325,0.675888141884,133502895486.85428675,0.17335482934959992
2022-03-08,0.116850161927076,15601398410.539011403528591493043,0.674572406281,133516275486.85428675,0.17322108173870496
2022-03-09,0.121449680199113,16217141242.95699957214975759765275,0.702018036998,133529715486.85428675,0.17300079741321375
2022-03-10,0.116897994181746,15610938702.9137120030895986996655,0.695533781019,133543255486.85428675,0.16806947034331415
2022-03-11,0.115675272374818,15449201344.1588767922639960510615,0.69086065689,133556645486.85428675,0.16743647394185887
2022-03-12,0.11511485781144,15375912910.16689791051628719042,0.687828449251,133570185486.85428675,0.1673598379607481
2022-03-13,0.111434997644696,14885907706.747206704696401000578,0.666135724814,133583775486.85428675,0.16728572495614336
2022-03-14,0.113928029244868,15220487980.064531337703351237899,0.683138569148,133597395486.85428675,0.16677147856979777
2022-03-15,0.112711678531756,15059509427.571154259153354605033,0.676276847017,133610905486.85428675,0.16666499678189145
2022-03-16,0.116681158565338,15591437609.8832239172012852626715,0.700281821515,133624295486.85428675,0.16662028769061615
2022-03-17,0.116418849025662,15557959501.0948740585546054565785,0.699870362211,133637805486.85428675,0.16634344774634638
2022-03-18,0.119252805114356,15938302626.727502159946542565583,0.717647757342,133651385486.85428675,0.16617177981025202
2022-03-19,0.123677912526056,16531389067.931955590921884670558,0.744289008811,133664845486.85428675,0.16616920451859307
2022-03-20,0.119273568978473,15944273084.84773327991639851913275,0.717874778383,133678175486.85428675,0.16614815364754082
2022-03-21,0.119202546795893,15936381051.29028143629298434431775,0.717533091637,133691615486.85428675,0.16612829176134716
2022-03-22,0.122513240933781,16380661729.30890457578185273570175,0.738484713574,133705235486.85428675,0.16589814072231912
2022-03-23,0.129556648884312,17324134420.360216911051902024466,0.780742533674,133718605486.85428675,0.16594029823717601
2022-03-24,0.136422756287537,18244110620.01768923644290404923475,0.822798267922,133732165486.85428675,0.1658034072338004
2022-03-25,0.130874722352345,17503926836.42166593888020716492875,0.789377731581,133745665486.85428675,0.1657947990124112
2022-03-26,0.135956820363726,18185464036.2571286694696973024305,0.819992653929,133759115486.85428675,0.1658024858055594
2022-03-27,0.144258861466235,19297888090.67126458573590013288625,0.869891766165,133772635486.85428675,0.1658354143323069
2022-03-28,0.144209979645669,19293305970.13054697876919872158575,0.869635985863,133786205486.85428675,0.16582798089083153
2022-03-29,0.144349108295275,19313865290.21566415046961852010625,0.870317278864,133799685486.85428675,0.16585802879116648
2022-03-30,0.143439530819412,19194103412.475946404299472314391,0.8644268402,133813205486.85428675,0.16593599845444962
2022-03-31,0.137959558050115,18462681421.84280056280895908047625,0.831806988615,133826765486.85428675,0.16585525240635993
2022-04-01,0.141246988391901,18904542900.40995899694949083161175,0.853887119324,133840325486.85428675,0.1654164645365801
2022-04-02,0.139395336051928,18658557166.975362756037967402354,0.843580326951,133853525486.85428675,0.1652425164486142
2022-04-03,0.146272564878178,19581090723.2823869066684508295415,0.885102184782,133867145486.85428675,0.16526065282982533
2022-04-04,0.14887255196237,19931159306.8994299257419591895975,0.898437717653,133880685486.85428675,0.16570158291135817
2022-04-05,0.17192524299128,23019795532.70422899604006086954,1.030372999468,133894215486.85428675,0.16685728671078148
2022-04-06,0.143779693429345,19253208842.72692869690242149467875,0.864076071563,133907705486.85428675,0.16639703165169986
2022-04-07,0.146004075356318,19553056378.1191565251834519961865,0.877515506593,133921305486.85428675,0.16638347044508245
2022-04-08,0.141944877827041,19011352504.37614096225493591800675,0.853272794913,133934755486.85428675,0.16635345539349317
2022-04-09,0.143997347896024,19288154666.122130415450377680882,0.865612507222,133947985486.85428675,0.16635312763461907
2022-04-10,0.149803778486776,20067936697.632177549994323787018,0.900340667219,133961485486.85428675,0.16638566260646045
2022-04-11,0.134589297027928,18031589694.751782634835781270354,0.809556588454,133974915486.85428675,0.16625063515936725
2022-04-12,0.137866849034127,18472563407.58500477422482699391725,0.830661037026,133988435486.85428675,0.16597245192543164
2022-04-13,0.140025799287265,18763735123.87725585962505993323875,0.843677652124,134001985486.85428675,0.165970734124275
2022-04-14,0.14401687154239,19300449193.1585778907866558403325,0.867894168836,134015195486.85428675,0.1659382868484324
2022-04-15,0.146011051783774,19569656196.1375794913366059931945,0.879944571322,134028595486.85428675,0.16593210134180586
2022-04-16,0.143912609659958,19290346326.6763822627600121249565,0.867420362198,134042085486.85428675,0.16590872883741237
2022-04-17,0.139430878779402,18691479723.8666153351214713015235,0.840742166649,134055525486.85428675,0.1658426141930535
2022-04-18,0.140042216702224,18775337524.507710761450202658732,0.8446246393,134069125486.85428675,0.16580408643807365
2022-04-19,0.142591473775612,19119039175.873988203156909804741,0.86009759607,134082625486.85428675,0.16578522533622686
2022-04-20,0.140882338449304,18891768691.462423283207999953922,0.850161395344,134096075486.85428675,0.1657124626228163
2022-04-21,0.136177279352011,18262653974.71547297393381758315425,0.820883760571,134109405486.85428675,0.16589106264848896
2022-04-22,0.136306328814116,18281807672.112204127087418511763,0.822672911139,134122955486.85428675,0.16568714852346159
2022-04-23,0.134271440667785,18010691096.14691904583440987734875,0.810476295085,134136425486.85428675,0.1656697937768841
2022-04-24,0.131976043829634,17704569846.9930250825131995835495,0.796780142525,134149875486.85428675,0.1656367130478444
2022-04-25,0.157061109713948,21071850207.545519939927650066589,0.955399840643,134163385486.85428675,0.16439306668529824
2022-04-26,0.137793617543119,18488708796.34924597364248811537325,0.839865662806,134176815486.85428675,0.1640662592190626
2022-04-27,0.139445881486852,18712281252.227903935806359962811,0.849565468413,134190275486.85428675,0.16413788774553048
2022-04-28,0.137202556443649,18413098337.13479445964435046235075,0.836514327605,134203755486.85428675,0.1640169832314405
2022-04-29,0.134844826001337,18098505159.39838008148377968138475,0.822369966125,134217275486.85428675,0.16397100034759857
2022-04-30,0.126959664067029,17041901780.84765533458800798656575,0.77461269491,134230835486.85428675,0.16390083057156724
2022-05-01,0.13268991743771,17812861830.8358917233026896033425,0.809637883854,134244275486.85428675,0.16388798014994768
2022-05-02,0.130866491631309,17569862373.49740750337078716385575,0.79883719496,134257915486.85428675,0.1638212297286205
2022-05-03,0.129131525613818,17338662397.6222741066847183343115,0.788522143257,134271335486.85428675,0.16376398141520632
2022-05-04,0.135458502472034,18190009173.9024832062352248917495,0.827100116604,134284735486.85428675,0.16377521868599737
2022-05-05,0.128243402301737,17222849817.61383651850047542108475,0.783107186751,134298135486.85428675,0.1637622594600371
2022-05-06,0.128100420911867,17205382163.24412320264679289586225,0.782528235148,134311675486.85428675,0.16370070133972775
2022-05-07,0.127384609731276,17110953687.247608423147486147393,0.778221155872,134325125486.85428675,0.1636869015576183
2022-05-08,0.124201047210976,16685009144.444661989342797251368,0.759046076393,134338715486.85428675,0.16362781005493302
2022-05-09,0.105689328437846,14199607054.7685307056440060363405,0.646948632515,134352325486.85428675,0.16336587346507067
2022-05-10,0.108371930561772,14561478490.940019110672033876121,0.66438479633,134365775486.85428675,0.16311621090730627
2022-05-11,0.084025550004417,11291280768.40100185547189788457475,0.516942926083,134379135486.85428675,0.1625431856493301
2022-05-12,0.0824897240337828,11086014713.0723366196616579984179,0.517371070613,134392675486.85428675,0.15944015566244546
2022-05-13,0.088104496829491,11841789343.09053276522447717054425,0.553986633078,134406185486.85428675,0.15903722503190088
2022-05-14,0.0895273601060229,12034241378.467145990272683358666575,0.563187066606,134419705486.85428675,0.15896558251160148
2022-05-15,0.0922671484395801,12403782365.936424378243645054993675,0.58073943759,134433355486.85428675,0.1588787371191422
2022-05-16,0.0875832882775003,11775287192.113988642082544629411025,0.551439469058,134446735486.85428675,0.1588266585761716
2022-05-17,0.0902405084266125,12133759111.090691103808293406134375,0.568574826971,134460225486.85428675,0.15871351341274764
2022-05-18,0.0837388888367577,11260678675.230585104135707216070475,0.528486002979,134473705486.85428675,0.1584505329653644
2022-05-19,0.0866335581592278,11651109469.89531890791449349977165,0.546930997374,134487255486.85428675,0.1583994298644339
2022-05-20,0.0840009516182279,11298185574.199734422525102553450325,0.530504982301,134500685486.85428675,0.1583414942756694
2022-05-21,0.0843112665920228,11341063882.3289737657503635337379,0.532555789061,134514215486.85428675,0.15831443075791188
2022-05-22,0.0859797841005954,11566658774.31900972900136371733095,0.543154731752,134527655486.85428675,0.15829703595374928
2022-05-23,0.0831007240313794,11180472419.01942632867680240564295,0.526522622031,134541215486.85428675,0.15782935158764494
2022-05-24,0.0835066904737711,11236225658.482313466885348473262925,0.529022082271,134554795486.85428675,0.15785104870347066
2022-05-25,0.0829752516906228,11165848144.6300375386018949572879,0.526393034594,134568415486.85428675,0.15762984355334508
2022-05-26,0.0783818053716762,10548767235.69355797023173500295035,0.497541951862,134581835486.85428675,0.1575380831271419
2022-05-27,0.0812680446533868,10938302985.2050372813417814858649,0.516400331162,134595375486.85428675,0.15737411413063596
2022-05-28,0.0817862566190632,11009147037.2831624411744806891726,0.519901673066,134608765486.85428675,0.15731100870814216
2022-05-29,0.0826202692244111,11122536906.353662502706141779282925,0.525267067635,134622375486.85428675,0.15729192693615177
2022-05-30,0.0878760572159149,11831273412.639890281889939388197575,0.558674404423,134635915486.85428675,0.15729386655304795
2022-05-31,0.0860726366671687,11589631938.099380637970814580424725,0.547246379776,134649435486.85428675,0.15728315407476998
2022-06-01,0.0810465377953998,10913966311.50557682634528706009265,0.515486538873,134662955486.85428675,0.15722338350985954
2022-06-02,0.0827993903069792,11151121779.0653339676392219630856,0.526797747641,134676375486.85428675,0.15717491329026145
2022-06-03,0.0801924044213961,10801105768.433348105794844704731675,0.510438115704,134689885486.85428675,0.1571050475154939
2022-06-04,0.0815777596914431,10988792253.094453969823930528708925,0.519322280713,134703285486.85428675,0.1570850370206367
2022-06-05,0.0812289704722693,10942909039.589543123685980705421775,0.517100795548,134716825486.85428675,0.15708537130790237
2022-06-06,0.0823227652222082,11091357312.04060692965287847100135,0.523938583255,134730135486.85428675,0.15712292977312925
2022-06-07,0.0804814509761203,10844352026.376350174032639938696025,0.512400453367,134743495486.85428675,0.15706748588389036
2022-06-08,0.0795090318527177,10714393475.998921665087406882600475,0.506289878068,134756935486.85428675,0.15704250726110472
2022-06-09,0.0792336735885447,10678344809.700395595772742888992725,0.505237192273,134770285486.85428675,0.15682470491153302
2022-06-10,0.0753142975231537,10151157418.598497898521786224123475,0.481550387355,134783935486.85428675,0.15639961985459233
2022-06-11,0.0697407114611843,9400881607.324373051316932686798025,0.446076742211,134797615486.85428675,0.15634240672470667
2022-06-12,0.0644308585812069,8685991406.948159249454102253678575,0.412352856156,134811045486.85428675,0.1562517577344769
2022-06-13,0.0535119863700105,7214727635.075816164154683567510875,0.343363526752,134824515486.85428675,0.15584644902794353
2022-06-14,0.0550544245463922,7423424945.25231854307246681676335,0.353409371649,134837935486.85428675,0.15578088461409362
2022-06-15,0.0617352129521054,8325090112.25573630410763642782345,0.396619776756,134851565486.85428675,0.1556533904008645
2022-06-16,0.054714234966522,7379036693.2537235327479784381835,0.352402348817,134865025486.85428675,0.1552606988863593
2022-06-17,0.0570395764494285,7693417958.663966941766109812622375,0.367498020851,134878595486.85428675,0.1552105677122949
2022-06-18,0.0529499678091418,7142532113.73661636522619116861115,0.341349288078,134892095486.85428675,0.15511960815058876
2022-06-19,0.060097894410607,8107543434.92691737675788261955725,0.387548441874,134905615486.85428675,0.15507195466972373
2022-06-20,0.0600132808960227,8096947777.947647173476032520309225,0.387045341549,134919265486.85428675,0.15505491076534506
2022-06-21,0.0655927588427666,8850613002.49440183767488843972255,0.423085091526,134932775486.85428675,0.15503443670440867
2022-06-22,0.0617103238687581,8327585770.415294434285225383785175,0.400195020308,134946395486.85428675,0.154200629036474
2022-06-23,0.0641030015388104,8651322208.5012187276436897354822,0.418889224684,134959705486.85428675,0.15303091548169606
2022-06-24,0.0673275958703856,9087413353.0379332376448267354708,0.441252900056,134973085486.85428675,0.15258278384536614
2022-06-25,0.0684241523245011,9236337213.184621234073837590090425,0.448766146482,134986505486.85428675,0.1524717335763775
2022-06-26,0.0734767060218064,9919346898.8951207952499848185852,0.481951557147,134999885486.85428675,0.15245662127697052
2022-06-27,0.072243885812969,9753890159.45695083020646639486075,0.475179913704,135013365486.85428675,0.15203480561674437
2022-06-28,0.0658077820734215,8885815247.627002101477560514615125,0.433047182308,135026815486.85428675,0.15196446198469074
2022-06-29,0.0692839982267659,9356130207.373191036502877003721825,0.455993672674,135040275486.85428675,0.15194070088840592
2022-06-30,0.064741019386528,8743517802.197845629536011998904,0.426223728846,135053755486.85428675,0.1518944512118417
2022-07-01,0.0663422444266336,8960656916.4741241384588640315848,0.43704974008,135067135486.85428675,0.15179563867144721
2022-07-02,0.0666453794408716,9002502206.4968525804826566163313,0.439172645979,135080665486.85428675,0.1517521185599032
2022-07-03,0.0670200643627382,9054016314.95616173895299963797885,0.441682982258,135094115486.85428675,0.15173793660809373
2022-07-04,0.0693610612375451,9371213833.937908292023591981457425,0.45707060387,135107705486.85428675,0.15175130636332232
2022-07-05,0.067127874851318,9070391987.6145439849916871874365,0.442741806733,135121095486.85428675,0.1516185592380711
2022-07-06,0.0686656179524712,9279112865.6733067584783614759166,0.452944052904,135134775486.85428675,0.1515984535225251
2022-07-07,0.0706369397856727,9546457065.855442773513880227446725,0.466014437276,135148225486.85428675,0.15157671980844128
2022-07-08,0.0696092873778164,9408518352.8247090964325811944527,0.459477883677,135161825486.85428675,0.15149649167172924
2022-07-09,0.0694317788445309,9385461915.805171156562330457835575,0.458409136206,135175305486.85428675,0.15146246739142136
2022-07-10,0.0672042940351624,9085275626.6732753438222696724182,0.443843741321,135188915486.85428675,0.15141431043985004
2022-07-11,0.0616293604544308,8332440247.2298735702065630112319,0.407299389566,135202445486.85428675,0.15131218468090585
2022-07-12,0.0601053402221818,8127196800.63095126162940676783115,0.397433032455,135215885486.85428675,0.15123388172065774
2022-07-13,0.0618080223010604,8358260873.9301833526648548106697,0.408843465715,135229385486.85428675,0.1511777183303354
2022-07-14,0.0624328018742565,8443588528.535421060907711494051375,0.413067280794,135242825486.85428675,0.1511443892487632
2022-07-15,0.0630678651311663,8530329585.978011132115664182136525,0.417581309588,135256355486.85428675,0.15103134092230136
2022-07-16,0.0643001329762141,8697846547.430123696944370370793175,0.425788126573,135269495486.85428675,0.15101438711722753
2022-07-17,0.0634910439088514,8589259876.39768947622778035873895,0.420846647282,135283015486.85428675,0.15086503437511636
2022-07-18,0.0673577693590777,9113274179.561189545708278271330475,0.445614196924,135296555486.85428675,0.15115714405877792
2022-07-19,0.0690054194857481,9337141630.648323419864943015667675,0.54036443239,135310265486.85428675,0.12770163125011985
2022-07-20,0.0702270215923276,9503376573.5578013740115029703393,0.683227117639,135323645486.85428675,0.10278722811092195
2022-07-21,0.0699686773781942,9469372264.84381931443259724398685,0.719075355949,135337305486.85428675,0.09730367867475169
2022-07-22,0.0674576658739107,9130454134.333506721725109281693225,0.693487864807,135350875486.85428675,0.09727302999409283
2022-07-23,0.0681072718487964,9219292871.3439885429721251679677,0.700202226867,135364295486.85428675,0.09726800235060241
2022-07-24,0.0677681290109461,9174298554.408037776933646458194175,0.696825575253,135377775486.85428675,0.09725264315440944
2022-07-25,0.0630148387414282,8531662542.54234076048929398733635,0.64964723032,135391325486.85428675,0.09699854905929278
2022-07-26,0.0623202661395055,8438452920.063490029411626200202125,0.642859562517,135404635486.85428675,0.09694227133450702
2022-07-27,0.0667638157376459,9041031445.179906960056519768561825,0.688784650819,135418135486.85428675,0.09692988317649111
2022-07-28,0.0690461217025808,9351020210.2090804624676710182444,0.712898852989,135431505486.85428675,0.09685261999382984
2022-07-29,0.0695563132752718,9421048973.14634984148900860138865,0.718167618698,135444915486.85428675,0.0968524777006428
2022-07-30,0.0693719059570603,9397014009.998932657461168483241025,0.716407630295,135458495486.85428675,0.09683300822535147
2022-07-31,0.0682270183474027,9242853050.721597088098405223524225,0.705041375665,135472035486.85428675,0.0967702332122714
2022-08-01,0.0686080294417261,9295402468.413069393748061104359175,0.719056426333,135485635486.85428675,0.09541397160110109
2022-08-02,0.066944646186996,9070945031.043603569361044705103,0.705183622698,135499185486.85428675,0.09493221911602098
2022-08-03,0.0660743485282587,8953896553.015067854717801607982225,0.696219026981,135512445486.85428675,0.0949045429206029
2022-08-04,0.0673584810512308,9128824525.3656548810983613436319,0.710773312094,135525985486.85428675,0.09476788155254008
2022-08-05,0.0697101058936751,9448467006.355439138198662146734925,0.735643380974,135539415486.85428675,0.09476073284500723
2022-08-06,0.0686804556379994,9309833251.47815216157821408392795,0.72488300023,135552875486.85428675,0.0947469531168583
2022-08-07,0.0688766750067073,9337359119.945063629920534007518275,0.727000213972,135566345486.85428675,0.09474092810839262
2022-08-08,0.0700847541223347,9502083639.064942482424781383275225,0.739637332099,135579895485.95428675,0.09475556611433171
2022-08-09,0.0691479688005235,9376018252.815131079477150469113625,0.732321649745,135593545485.95428675,0.09442294765503839
2022-08-10,0.0711526149778088,9648810126.2633057666944424818734,0.754320517135,135607245485.95428675,0.09432676609149514
2022-08-11,0.0708003343272165,9601989166.088498570781535370331375,0.75069343076,135620675485.95428675,0.09431324616167007
2022-08-12,0.0723618385619198,9814742651.70403785062938211970265,0.767210480969,135634235485.95428675,0.09431810481854414
2022-08-13,0.0728976674446518,9888394034.37842071774346057110365,0.772962862042,135647605485.95428675,0.09430940479090028
2022-08-14,0.0818021283343825,11097369615.010084403504313289181875,0.866746659632,135661135485.95428675,0.09437836007249654
2022-08-15,0.0764883373861696,10377535707.5123624459414072825328,0.810440094334,135674745485.95428675,0.09437876768550779
2022-08-16,0.0869497619883848,11798047607.1609552091037972685414,0.92851139002,135688095485.95428675,0.09364425996595682
2022-08-17,0.0802070855710754,10884231085.41510612775916243747095,0.856628489007,135701615485.95428675,0.0936311208421881
2022-08-18,0.0750557085262337,10186193399.960845153420291347313475,0.81349663613,135715105485.95428675,0.09226308406546319
2022-08-19,0.0679507131032559,9222843979.659857031763099987229325,0.737957938027,135728435485.95428675,0.09207938501878375
2022-08-20,0.0693910127473418,9419275926.93572193222164237746115,0.754184162329,135742015485.95428675,0.09200804818421944
2022-08-21,0.0694621447047618,9429859536.45462943080280984764615,0.755356904008,135755375485.95428675,0.09195936958567354
2022-08-22,0.0681448565430217,9251940321.269249013377680913272475,0.74131295484,135768725485.95428675,0.09192454562962497
2022-08-23,0.0688068576018018,9342760639.10216814672140923386615,0.753622722815,135782405485.95428675,0.09130146360872478
2022-08-24,0.0679237861795663,9223779519.905033034545148740836525,0.744115964564,135796015485.95428675,0.09128118386677123
2022-08-25,0.0690063266690108,9371726831.3961095771666466420469,0.756259194708,135809675485.95428675,0.09124692585807818
2022-08-26,0.0633656901779928,8606534959.7462420173599716706354,0.695085101222,135823265485.95428675,0.0911624922856097
2022-08-27,0.0635537437122391,8632933709.318990201702949085961925,0.697328606741,135836745485.95428675,0.09113887354953168
2022-08-28,0.0620804963628741,8433640737.906920660404952445548175,0.681293537979,135850085485.95428675,0.0911215106296629
2022-08-29,0.0637798725846646,8665362808.98857691612356468097405,0.700795238079,135863595485.95428675,0.09101071057431294
2022-08-30,0.0616292700510108,8373995118.1822481062440894305469,0.67745628362,135876915485.95428675,0.09097158228674723
2022-08-31,0.0611569596445761,8310640986.541606757394012181596675,0.673190425266,135890355485.95428675,0.09084644901241865
2022-09-01,0.0622422346046428,8458957167.1428539553073601125229,0.685363054446,135903815485.95428675,0.09081644276106349
2022-09-02,0.0615040334049606,8359467417.24303946558680228485205,0.677445129513,135917385485.95428675,0.09078821401989333
2022-09-03,0.0625961315564353,8508749468.345482931116183584022275,0.689520794632,135930915485.95428675,0.09078207944380141
2022-09-04,0.0631088670087556,8579308134.9048257757104336030683,0.695273299152,135944575485.95428675,0.090768431760183
2022-09-05,0.0627040367456912,8525120161.1447355495381582317516,0.69089362189,135958075485.95428675,0.09075787466984978
2022-09-06,0.0590495423376017,8029056941.386569597192661829087475,0.651182011771,135971535485.95428675,0.0906805490173269
2022-09-07,0.0611926730196856,8321286588.2088833828912844572458,0.681013833783,135985015485.95428675,0.08985525694795826
2022-09-08,0.0609413470075979,8287933943.574657087737984325297825,0.678405391426,135998535485.95428675,0.08983028109416985
2022-09-09,0.0638825757522555,8688811936.665088381482666206264625,0.711209445554,136012235485.95428675,0.0898224512506212
2022-09-10,0.0649086548027663,8829241667.171272790343759243436525,0.722559296713,136025645485.95428675,0.08983159596457031
2022-09-11,0.0636125133898268,8653788783.1401936514741073000349,0.709082558226,136039095485.95428675,0.08971101129461446
2022-09-12,0.063888598873096,8692217365.277589752472220444278,0.712339968833,136052715485.95428675,0.0896883534104682
2022-09-13,0.0596226310708377,8112626363.350466582869823228510475,0.66543846511,136066225485.95428675,0.08959901508095389
2022-09-14,0.0611635584476192,8323123913.1096479183767255716056,0.688696641048,136079785485.95428675,0.08881059497334806
2022-09-15,0.0588041838198178,8002862220.90289428586244951395415,0.662581864687,136093415485.95428675,0.08875006539395185
2022-09-16,0.0603783338133383,8217916626.698167741737721212957525,0.680943623625,136107045485.95428675,0.08866862353731214
2022-09-17,0.0621653432346102,8461973593.22896251158093765527485,0.701140484804,136120435485.95428675,0.08866317746861842
2022-09-18,0.0575206214700755,7830512598.762758047284776071149625,0.648884130163,136134005485.95428675,0.08864544345633218
2022-09-19,0.0586693425156236,7987684632.0031951553893172694673,0.662035744315,136147505485.95428675,0.08861959949961315
2022-09-20,0.0583866761591073,7949983278.005991119781717488218275,0.658975690691,136160915485.95428675,0.08860216997971988
2022-09-21,0.0572012389896621,7789348716.563954189335036429007175,0.646218747474,136174475485.95428675,0.08851683615378791
2022-09-22,0.0595906297560491,8115531991.659773393584666888479425,0.673147830091,136188055485.95428675,0.08852532399605789
2022-09-23,0.0634478996779993,8641700090.544295662747204498499275,0.71647860241,136201515485.95428675,0.08855519127100418
2022-09-24,0.0632379867316391,8613967136.229995617112142498911925,0.714259511202,136215075485.95428675,0.08853642932275177
2022-09-25,0.0611130899876033,8325346136.901633900146827993446275,0.69043573878,136228525485.95428675,0.08851379868543616
2022-09-26,0.0609967920975511,8310330773.291458831357981222177925,0.689382283984,136242095485.95428675,0.08848035917756017
2022-09-27,0.0606016973577267,8257313088.732951043995938099931225,0.685065324733,136255475485.95428675,0.08846119511499993
2022-09-28,0.0606692263467898,8267325430.80308612080954541117515,0.686015669998,136268845485.95428675,0.08843708533212757
2022-09-29,0.0606687650769307,8268066435.229198426779667197678225,0.68832779341,136282095485.95428675,0.08813935113149435
2022-09-30,0.0617702827493816,8419015617.5542522684255644315738,0.707922379976,136295565485.95428675,0.08725572816538973
2022-10-01,0.0606235283937538,8263531045.69624038121000103410215,0.694898852625,136308975485.95428675,0.08724079506642833
2022-10-02,0.0591942220025233,8069498142.311358232260866951756275,0.678654776197,136322395485.95428675,0.08722287690102457
2022-10-03,0.0603990824843758,8234569036.94563969597025990796065,0.692609520849,136335995485.95428675,0.08720509993905176
2022-10-04,0.0660457450215169,9005290143.071351845220108542571075,0.757146923934,136349285485.95428675,0.08722976074228107
2022-10-05,0.0646141223893197,8810959772.314326627452560631223975,0.742024008524,136362755485.95428675,0.08707820993265049
2022-10-06,0.063448648100526,8652887774.6227799325528546298305,0.728616399837,136376235485.95428675,0.0870810046476036
2022-10-07,0.0623563216503856,8504757227.2674444129347171104708,0.716140982706,136389655485.95428675,0.0870726898141856
2022-10-08,0.0616271335030952,8406144717.4463827155796568333486,0.707935657098,136403305485.95428675,0.08705188513278136
2022-10-09,0.0620814566514061,8468955858.743268449128594710099175,0.713188963576,136416835485.95428675,0.08704769678448686
2022-10-10,0.059599361202593,8131158459.64388281889670356554275,0.684874436092,136430295485.95428675,0.08702231834301805
2022-10-11,0.060192683321797,8212925396.03208000646748186328975,0.692181782072,136443915485.95428675,0.08696080261114965
2022-10-12,0.0598521956869232,8167283116.8606026717721899580276,0.688406455865,136457535485.95428675,0.08694310632476189
2022-10-13,0.0596286250847458,8137583191.35026224813380354405815,0.685947712337,136471085485.95428675,0.08692881980988486
2022-10-14,0.0585994378755114,7997915300.19407308760207767849395,0.674287869758,136484505485.95428675,0.08690566819264088
2022-10-15,0.0586340551414062,8003415749.16052146045922031302785,0.674858259285,136497735485.95428675,0.08688351121838224
2022-10-16,0.0589570742314342,8048310118.81910919234441109055685,0.678684688428,136511355485.95428675,0.0868696100511612
2022-10-17,0.0599606597687702,8186120409.77382473431314246565485,0.690468517432,136524855485.95428675,0.08684054124839277
2022-10-18,0.059833565691266,8169571277.3253630326984397345255,0.689477599589,136538265485.95428675,0.08678101467971258
2022-10-19,0.0586864225342289,8013732846.510971786671832560737075,0.67644493993,136551735485.95428675,0.08675713139387502
2022-10-20,0.059445387936879,8118168646.52275194668808846605325,0.685268677528,136565155485.95428675,0.08674756323507879
2022-10-21,0.0593664848885724,8108196468.0029877401748538677357,0.68442419331,136578685485.95428675,0.08673931381862068
2022-10-22,0.0596688114552893,8150286201.769935371379841296406775,0.687998976411,136592065485.95428675,0.08672805265867731
2022-10-23,0.0602787099179643,8234410871.829909413581992418463025,0.695105076803,136605625485.95428675,0.08671884572502972
2022-10-24,0.0593983306951511,8114940273.114068082247284483977925,0.685080902757,136618995485.95428675,0.08670265140381507
2022-10-25,0.0627328902274102,8571356359.44870813349216904067485,0.723381307762,136632575485.95428675,0.08672174626891241
2022-10-26,0.0724240229218082,9896458503.16988683534795485130135,0.83401524302,136646075485.95428675,0.08683776888724257
2022-10-27,0.0771617680406049,10544900637.116183577850599218055075,0.887397157817,136659655485.95428675,0.08695291320339939
2022-10-28,0.0844784575483027,11545945811.558518317914092251599225,0.970157673837,136673255485.95428675,0.08707703894583248
2022-10-29,0.11954116743967,16339669220.6865310005571585053725,1.353068713706,136686545485.95428675,0.0883481867763032
2022-10-30,0.116977303051969,15990773403.70265851691319357811075,1.318807519453,136699795485.95428675,0.08869929942504992
2022-10-31,0.126580437956239,17305202235.16083513084175095753325,1.417299059744,136713085485.95428675,0.08931102937378836
2022-11-01,0.142428405515249,19473758108.01318632470759404365075,1.565399941396,136726645485.95428675,0.09098531419915189
2022-11-02,0.127850630803249,17482322806.05145306106544737765075,1.408705004542,136740215485.95428675,0.09075756129993728
2022-11-03,0.122279359223449,16722155478.25475242422319267000075,1.3482384042,136753705485.95428675,0.09069565059304592
2022-11-04,0.126082302848035,17243926743.40557920518934206403625,1.388167584776,136767225485.95428675,0.09082642775323134
2022-11-05,0.12432547253493,17005344492.0232390957186226111775,1.368414642544,136780855485.95428675,0.09085365551467521
2022-11-06,0.114437570498928,15654386234.762392157929397879604,1.259873412383,136794115485.95428675,0.09083259427030366
2022-11-07,0.11066400038727,15139676906.4791265654475166296725,1.220364623841,136807605485.95428675,0.0906810949984472
2022-11-08,0.0878617724102801,12021329016.010807735320994363218675,0.984140639645,136820925485.95428675,0.08927765897562534
2022-11-09,0.0736123932638036,10072722055.0055518300141830300823,0.835717624961,136834595485.95428675,0.08808285366392607
2022-11-10,0.0893556397540583,12228160737.505071085290846594417525,1.001876010272,136848225485.95428675,0.08918832154669427
2022-11-11,0.0841699646405611,11519655011.795416302684089470295425,0.94367131337,136861825485.95428675,0.08919415420182351
2022-11-12,0.0879849335424513,12042969935.880420306592572338110275,0.98649133836,136875365485.95428675,0.08918976793929334
2022-11-13,0.0843099087663666,11541079329.26135899176625349202255,0.94599560258,136888765485.95428675,0.08912293940524608
2022-11-14,0.0859907169287669,11772323098.402420491599569446508575,0.96296215131,136902255485.95428675,0.08929812746200498
2022-11-15,0.086735400752466,11875445523.4629128844500283336255,0.9710158922,136915785485.95428675,0.089324388456663
2022-11-16,0.0854490207986003,11700476781.387617979467224184836025,0.956718547116,136929325485.95428675,0.08931469036132295
2022-11-17,0.0844957754654179,11571085164.114573406178804885182825,0.952311054329,136942765485.95428675,0.0887270761809583
2022-11-18,0.0844413784072594,11564782594.45481870697959274923295,0.952002694113,136956345485.95428675,0.088698675885508
2022-11-19,0.0844194711697744,11562899973.0674680117439067104092,0.951842269563,136969585485.95428675,0.08869060964116691
2022-11-20,0.0770579664110313,10555644935.473071604055672723425275,0.869521797051,136983175485.95428675,0.08862108652408128
2022-11-21,0.0746375333021271,10225093182.488279366736047138345925,0.843331854533,136996665485.95428675,0.08850315910746438
2022-11-22,0.0784058779152241,10742403092.295161584517804481910675,0.886546620911,137010175485.95428675,0.08843965569983853
2022-11-23,0.0817926017943302,11207508202.74986065443950253498485,0.924524588225,137023495485.95428675,0.08846990424707284
2022-11-24,0.0814051818468026,11155528863.73994195653800525104555,0.920241199036,137037085485.95428675,0.08846070131621876
2022-11-25,0.089471851857076,12262171470.961869284387030520543,1.010030931621,137050605485.95428675,0.08858327904223934
2022-11-26,0.088930838000189,12189205306.51947702283664186019575,1.004118105171,137063875485.95428675,0.08856611343049552
2022-11-27,0.0996466691824256,13659320827.3777844427108380829408,1.124302108418,137077545485.95428675,0.08862979837566785
2022-11-28,0.0950309846927532,13027891343.2301729354190491997801,1.073874092576,137090985485.95428675,0.08849360027374689
2022-11-29,0.101862521882717,13965822913.78473743419700688709975,1.149604046874,137104625485.95428675,0.08860661386822816
2022-11-30,0.107351938400373,14719890119.62647569482819714895775,1.209342062361,137118065485.95428675,0.08876887833603478
2022-12-01,0.101437012667025,13910227503.31910665752984911941875,1.140791332955,137131675485.95428675,0.08891811301219478
2022-12-02,0.101955798128791,13982724415.46596434701861504481925,1.146310271605,137144965485.95428675,0.08894258444185288
2022-12-03,0.0998167845305921,13690729972.140141286341817510684675,1.122368216567,137158595485.95428675,0.08893407979415419
2022-12-04,0.104247985405211,14299921905.58095054452872123825425,1.171917910461,137172165485.95428675,0.08895502361953213
2022-12-05,0.101295501900264,13896304007.336710926806061756702,1.138759357172,137185795485.95428675,0.08895250894080176
2022-12-06,0.100105099209739,13734366103.99461567614170439865825,1.12549806584,137199465485.95428675,0.08894293313158821
2022-12-07,0.0957740700678772,13141432677.7845936316137888125871,1.077121371982,137212845485.95428675,0.08891669273226313
2022-12-08,0.0986003227389731,13530567869.224281414642979237936425,1.108822994066,137226405485.95428675,0.08892341092008789
2022-12-09,0.0966808276185389,13268461843.822460390237272226629575,1.087432015545,137239845485.95428675,0.08890746845455376
2022-12-10,0.0963579824675043,13225454494.362068944505557159058025,1.083816716435,137253335485.95428675,0.08890616006039724
2022-12-11,0.0926843284978304,12722479837.8214052313298709544672,1.042699561877,137266785485.95428675,0.08888881503986257
2022-12-12,0.0901401369106159,12374450207.811819625092198187709325,1.021212549561,137280135485.95428675,0.0882677528290907
2022-12-13,0.091015583525786,12495863078.5981949210983858631355,1.03165790029,137293665485.95428675,0.08822263998579513
2022-12-14,0.088439573428965,12143385375.52663428107193836571375,1.002993469321,137307145485.95428675,0.08817562240842529
2022-12-15,0.0845507399707773,11610551197.506018322993298664590775,0.95941222775,137320515485.95428675,0.08812764474460004
2022-12-16,0.0755013330699466,10368902000.05156957374508786358755,0.859597947712,137334025485.95428675,0.08783331006188323
2022-12-17,0.0792044162682799,10878525037.698567107756555453861325,0.901953616951,137347455485.95428675,0.08781428975918482
2022-12-18,0.0789246933543559,10841175236.824940617657986390154325,0.900529206477,137361005485.95428675,0.08764256926559957
2022-12-19,0.0713329105015435,9799324731.681583723916656316598625,0.812500322565,137374525485.95428675,0.08779431653190127
2022-12-20,0.0749203669606399,10293167279.034798937795527928091325,0.858494142904,137388105485.95428675,0.0872695143932016
2022-12-21,0.0734876324167384,10097323086.6794600254582879333362,0.844494928721,137401665485.95428675,0.08701962547961835
2022-12-22,0.0770341914272084,10585673096.1237517745140225656087,0.885507963591,137415255485.95428675,0.08699435193649946
2022-12-23,0.0770784555423416,10592807781.7317931108181966528538,0.886570736944,137428905485.95428675,0.08693999511875411
2022-12-24,0.077621906610892,10668529143.502036195811131641281,0.894155272266,137442245485.95428675,0.08681032144918166
2022-12-25,0.0758228585342561,10422279204.187784616484073517336675,0.873582881713,137455635485.95428675,0.08679526593467102
2022-12-26,0.0754347620740113,10369950773.555364650944612002940275,0.869248140862,137469125485.95428675,0.08678162026231721
2022-12-27,0.0736140587373984,10120646706.4889113714650450225912,0.848752444753,137482525485.95428675,0.08673207269384797
2022-12-28,0.0702866420326596,9664136032.8439711549116661235403,0.811728562143,137496055485.95428675,0.0865888491678791
2022-12-29,0.0709089394371239,9750663123.783910398381991295878325,0.819391268423,137509645485.95428675,0.08653855876887144
2022-12-30,0.0682842852717709,9390670380.677007750666457618905575,0.789078263624,137523155485.95428675,0.08653677134402567
2022-12-31,0.0701822629603795,9652637932.942143122754663431821625,0.811257759157,137536715485.95428675,0.0865104366253554
2023-01-01,0.0700602132723938,9636788324.78195631381201254412215,0.809989168787,137550085485.95428675,0.08649524706276324
2023-01-02,0.071468923565739,9831514229.63231321659396248165825,0.827240717288,137563485485.95428675,0.08639434939812982
2023-01-03,0.0704014655625777,9685622109.907318403628633694955475,0.815143023007,137576995485.95428675,0.08636700993019862
2023-01-04,0.0728888442197592,10028809276.0414346232809422927506,0.844266158515,137590455485.95428675,0.08633396409962131
2023-01-05,0.0715090247791473,9839914651.290318059688102444688275,0.829016686715,137603815485.95428675,0.08625764224662794
2023-01-06,0.0724669407597896,9972707298.1807404225940581480678,0.840374609317,137617335485.95428675,0.08623171137772219
2023-01-07,0.072161631280716,9931665603.194316537596832809313,0.837149386141,137630835485.95428675,0.08619922856702891
2023-01-08,0.0734036150953634,10103597694.35726582394985427905495,0.851708695343,137644415485.95428675,0.08618394469461452
2023-01-09,0.0756240567528376,10410251525.6682639668227169465818,0.87743148354,137657935485.95428675,0.08618799093888461
2023-01-10,0.0775236818316539,10672800438.104277929776804547355825,0.899891541079,137671485485.95428675,0.08614780592192302
2023-01-11,0.0779032678732409,10726104074.174152333449470970428075,0.906608159865,137684905485.95428675,0.08592826683232282
2023-01-12,0.0802304943656132,11047607133.9700588713274563323851,0.933031613365,137698355485.95428675,0.08598904176061095
2023-01-13,0.0843746680047149,11619392086.940669235138774866597575,0.980712108628,137711855485.95428675,0.08603408407259666
2023-01-14,0.087396337989712,12036693465.730456434352423797916,1.01471878595,137725375485.95428675,0.08612862913333157
2023-01-15,0.0861738153150756,11869470630.0223682298177897203283,1.000418160557,137738715485.95428675,0.086137795886369
2023-01-16,0.0836433656352267,11522060599.821524745310551673056225,0.97099190171,137752235485.95428675,0.08614218665255968
2023-01-17,0.083110857317234,11449820905.1997890147074669528495,0.964264376206,137765645485.95428675,0.08619094448375501
2023-01-18,0.0804303812550115,11081624374.602124690287183345547625,0.936473534188,137779085485.95428675,0.08588644346981071
2023-01-19,0.0815658758778116,11239177818.5826442110229662288763,0.949652565803,137792645485.95428675,0.08589022850566591
2023-01-20,0.086420123495033,11909232753.28300335496067868271275,1.005575055961,137806245485.95428675,0.0859409976239354
2023-01-21,0.0850179247817143,11717151305.697613938545622098775525,0.989447718658,137819775485.95428675,0.08592462560530753
2023-01-22,0.088230959672706,12161170994.0541764397678576724455,1.026568994495,137833375485.95428675,0.08594742306249901
2023-01-23,0.0886062984602967,12214099619.001853031709606041878725,1.030049838287,137846855485.95428675,0.0860213701966609
2023-01-24,0.0839798000443434,11577495165.32854601907151531906995,0.976737947806,137860475485.95428675,0.08597986822666534
2023-01-25,0.0865436206929537,11932100056.342920633509356034273475,1.008408530576,137873825485.95428675,0.08582198391709384
2023-01-26,0.08624110216671,11891544575.7963192375074376440925,1.004999370009,137887205485.95428675,0.08581209574881395
2023-01-27,0.0870805002825418,12008465035.44736429285877389606115,1.014753517232,137900735485.95428675,0.0858144355292073
2023-01-28,0.0875937615193687,12080425777.345120652651912918774725,1.020734898712,137914225485.95428675,0.08581440845208455
2023-01-29,0.0901615447796807,12435771388.068687582253420461240725,1.050561936222,137927665485.95428675,0.08582220778330976
2023-01-30,0.0878687267341554,12120714575.47622559476814427066095,1.024736648731,137941165485.95428675,0.08574761802748944
2023-01-31,0.0957784733271092,13213087248.5967447960972507253631,1.113221581279,137954665485.95428675,0.08603720493548787
2023-02-01,0.0941885989080306,12995031026.69130628910083907017455,1.092987548383,137968195485.95428675,0.08617536315704252
2023-02-02,0.0910783303196786,12567149725.80547570639531355223855,1.057243304995,137981775485.95428675,0.0861469917940122
2023-02-03,0.0929868317830667,12831733239.918882988787908926176225,1.079194187233,137995165485.95428675,0.08616320666207468
2023-02-04,0.0961257870722598,13266195437.66105471654138181969765,1.115139450806,138008705485.95428675,0.08620068727976761
2023-02-05,0.0921502730036878,12718797738.64273403209388496867665,1.069167349556,138022355485.95428675,0.08618882071357271
2023-02-06,0.0893936291057861,12339528750.420160206294824523564175,1.037360078646,138035885485.95428675,0.08617415586540202
2023-02-07,0.0925979778348409,12783090233.422688697432918859228075,1.074234427868,138049345485.95428675,0.08619904131970269
2023-02-08,0.090175127685564,12449825702.815452570208431891477,1.046383460047,138062745485.95428675,0.08617789857029434
2023-02-09,0.0814386104970504,11244745718.8867943907931901108022,0.946182735704,138076345485.95428675,0.08607070011318334
2023-02-10,0.0809929723063307,11184316750.386057730310937828128225,0.9394234363,138089965485.95428675,0.08621561819378115
2023-02-11,0.0823349243912218,11370732625.50704823516236778005115,0.95502531014,138103395485.95428675,0.08621229565020855
2023-02-12,0.0820614383148501,11334064534.244170740403602278666175,0.951927394613,138116815485.95428675,0.08620556439413288
2023-02-13,0.0821770159124429,11351139598.990500724775089919601575,0.9536435859,138130345485.95428675,0.08617162336900577
2023-02-14,0.0835925725916376,11547786057.0609872399228489224818,0.970349363883,138143685485.95428675,0.08614688245595305
2023-02-15,0.0891720178919849,12319738073.376392722133260621270075,1.039493612547,138156995485.95428675,0.08578409411626187
2023-02-16,0.0851292551570413,11762366688.664553895276264181792775,0.992876980836,138170675485.95428675,0.08573998269691245
2023-02-17,0.0877487728100888,12125493575.6419010106304960081634,1.022684637116,138184195485.95428675,0.0858023770236178
2023-02-18,0.0890514069541353,12306705454.441868918085309674497275,1.037412883486,138197765485.95428675,0.08583988918172818
2023-02-19,0.0870870079348351,12036417766.240012440479881499364925,1.014661935142,138211405485.95428675,0.08582859464679478
2023-02-20,0.0880656867738165,12172873872.837043417746405832881375,1.02610744055,138224935485.95428675,0.0858250152894445
2023-02-21,0.0853234014478568,11794965847.3856005226731685601374,0.994486158446,138238345485.95428675,0.08579646958705239
2023-02-22,0.0854237223016362,11809979568.34586806415268792898035,0.995747174531,138251755485.95428675,0.08578856610049737
2023-02-23,0.0841263525957744,11631757523.6009027152385596159092,0.980809597989,138265325485.95428675,0.08577235863949804
2023-02-24,0.0808596398071303,11181180873.325681523051412500813525,0.942879140207,138278885485.95428675,0.08575822325370179
2023-02-25,0.0806437779460368,11152418813.8814610416236931332524,0.940731090015,138292365485.95428675,0.08572458038433803
2023-02-26,0.0821431198653656,11360880215.2830659967734961759858,0.958175624412,138305925485.95428675,0.08572866786897658
2023-02-27,0.0812804625558962,11242678263.22893977721361987803535,0.948317646812,138319565485.95428675,0.0857101656065773
2023-02-28,0.0807388540639806,11168860452.99040049646703133883705,0.942220541838,138333155485.95428675,0.08568997435195207
2023-03-01,0.0819049473152554,11331280443.11571422989226530108595,0.956112255196,138346715485.95428675,0.08566457219865377
2023-03-02,0.080466619472033,11133390074.90349712443045808746275,0.939968302106,138360355485.95428675,0.08560567339531286
2023-03-03,0.076793127194623,10626159548.88072524237004840014525,0.897659953061,138373835485.95428675,0.08554812647346045
2023-03-04,0.0743929528472558,10295035828.09821031238557398380065,0.870377303727,138387245485.95428675,0.08547207346595709
2023-03-05,0.0746804704309527,10335835768.104436720297584451486725,0.873939478463,138400785485.95428675,0.0854526798151898
2023-03-06,0.0748293726598626,10357453401.78335779748848013600055,0.87604935068,138414275485.95428675,0.08541684621052358
2023-03-07,0.0738897140858866,10228391707.79102768254745094438255,0.867029100024,138427815485.95428675,0.08522172333528515
2023-03-08,0.0712156615322287,9859189865.724212114064110046379725,0.836133121081,138441315485.95428675,0.08517263547717986
2023-03-09,0.0658309076177437,9114601559.324073216342281377805975,0.773735393725,138454745485.95428675,0.08508193906034657
2023-03-10,0.0660059418269117,9139716395.469734944853367128729975,0.782793827645,138468085485.95428675,0.0843209789038419
2023-03-11,0.0664457963324046,9201519224.98819543354044330541905,0.78848097635,138481585485.95428675,0.08427063978130764
2023-03-12,0.0708838865647461,9817072764.716660250401598720344175,0.841566507543,138495125485.95428675,0.08422850235769902
2023-03-13,0.0729900191108366,10109764008.93990823496846914879505,0.866640834366,138508855485.95428675,0.08422176317624497
2023-03-14,0.0748038873871022,10362024893.10606666042557075035585,0.888333993826,138522545485.95428675,0.08420694007771384
2023-03-15,0.0697943211398057,9669032039.858268887379225977084475,0.830018844268,138536085485.95428675,0.0840876344215508
2023-03-16,0.0724527654387419,10038296271.682838794446370831839825,0.861725203742,138549525485.95428675,0.08407873545315754
2023-03-17,0.0766212035170174,10616868074.32907773719578210433945,0.911597848777,138563055485.95428675,0.08405154051187422
2023-03-18,0.0732240598135764,10147144577.8282887228238574286327,0.871692995715,138576645485.95428675,0.08400212021150277
2023-03-19,0.0752139332876876,10423924247.5588091638263102148193,0.89540738,138590335485.95428675,0.08399967988614032
2023-03-20,0.0716479686735559,9930682546.452661605161700970754325,0.853570335692,138603825485.95428675,0.08393915026987203
2023-03-21,0.0768278572541711,10649672863.668442090500030362962925,0.915020465155,138617335485.95428675,0.083962993375407
2023-03-22,0.0740483954690032,10265379082.5189903982813817894676,0.882276327873,138630675485.95428675,0.0839288022693749
2023-03-23,0.077507378788659,10745956702.19041191409986333396825,0.923564247984,138644305485.95428675,0.08392202162204286
2023-03-24,0.0746719854303927,10353861098.255946529326376300906725,0.890145762102,138657905485.95428675,0.08388736834971999
2023-03-25,0.0740115053505011,10263289090.580908850085070805590425,0.882397722636,138671535485.95428675,0.08387544919019671
2023-03-26,0.0745245531006847,10335441036.588873197717234325137725,0.888548526478,138685045485.95428675,0.08387223756487755
2023-03-27,0.0727928942017622,10096277282.64467676974856049411085,0.868919127337,138698665485.95428675,0.083774072766533
2023-03-28,0.0738506789239794,10243986857.64631775211266679869295,0.881793962518,138712155485.95428675,0.08375049281704726
2023-03-29,0.075761112798354,10509997153.9078033850004146440095,0.904711604165,138725485485.95428675,0.08374062237023855
2023-03-30,0.0741804828276815,10291727897.590097943834086488670125,0.889271175801,138739025485.95428675,0.0834171677282403
2023-03-31,0.0772785298886713,10722596597.392036850161318496695275,0.926398737817,138752595485.95428675,0.08341821586542018
2023-04-01,0.0819913329488012,11377619596.7340056421664614135441,0.981962930775,138766125485.95428675,0.0834973809898208
2023-04-02,0.0790674096580607,10972928105.660064065436448856705725,0.948389674922,138779405485.95428675,0.08337017130069829
2023-04-03,0.0956892696676952,13280988890.3303222226932304323986,1.13811907715,138792875485.95428675,0.08407667667544394
2023-04-04,0.0949858435908479,13184626423.444819421715050072235325,1.127569965619,138806225485.95428675,0.08423942326160107
2023-04-05,0.0931554715248956,12931813258.3817775716265761662133,1.105720294542,138819685485.95428675,0.08424867661806053
2023-04-06,0.0854736154370544,11866577725.0723166780975604729492,1.016818189107,138833225485.95428675,0.08405988047098162
2023-04-07,0.0824404799975135,11446589870.740262299671814665996125,0.981393519323,138846715485.95428675,0.08400348929793612
2023-04-08,0.0814149118164631,11305295455.200504666673972668193925,0.969649271192,138860255485.95428675,0.08396325788640968
2023-04-09,0.0833016900448057,11568411870.713895590740629485834475,0.992075714811,138873675485.95428675,0.08396706904641395
2023-04-10,0.0850201312750393,11808206742.436566394523591109719275,1.012481329578,138887185485.95428675,0.08397204846283488
2023-04-11,0.0840807320040705,11678880560.406727836503477924215875,1.002495347604,138900795485.95428675,0.08387144359824361
2023-04-12,0.08346125483258,11593965588.504289923526404562315,0.995188390771,138914345485.95428675,0.08386477937902818
2023-04-13,0.0874039161346996,12142847370.0596276917127610435103,1.040477683408,138927955485.95428675,0.08400364325779212
2023-04-14,0.0886825510111335,12321684487.345295735698371301531125,1.055637511921,138941475485.95428675,0.08400852566308782
2023-04-15,0.0890463992852632,12373448243.9721809504337881420226,1.059895452608,138955065485.95428675,0.08401432336194466
2023-04-16,0.0904740215475035,12573044988.201879337998694585628625,1.076727646212,138968565485.95428675,0.08402683990310565
2023-04-17,0.0914455155485819,12709309491.748747713995652188459825,1.087775209404,138982315485.95428675,0.08406655599246976
2023-04-18,0.0939619280929391,13060304484.098577474624508051686925,1.117239103107,138995705485.95428675,0.0841018971065679
2023-04-19,0.087389134556036,12147902901.653172467858252287323,1.039616179081,139009305485.95428675,0.08405903670457136
2023-04-20,0.0836980991678597,11635947071.100446459697529037568975,0.996626496351,139022835485.95428675,0.08398141076351862
2023-04-21,0.0784503493126469,10907441240.988546405937177044098575,0.935389929465,139036235485.95428675,0.08386914038888241
2023-04-22,0.0803691338661601,11175311627.472844466824601356808675,0.958295552152,139049795485.95428675,0.08386675038371916
2023-04-23,0.0788495822567959,10965074082.866818255078206924824325,0.940302130135,139063185485.95428675,0.08385558187077105
2023-04-24,0.078797830118836,10958945764.282817401666616120223,0.939900140249,139076745485.95428675,0.08383638510572063
2023-04-25,0.0798563590962069,11107254165.886982673912598719928575,0.952613896509,139090415485.95428675,0.08382867328395355
2023-04-26,0.0785225775681314,10922794852.87353742506784401727895,0.936941650661,139103875485.95428675,0.08380732942412662
2023-04-27,0.0801585724067572,11151460636.5433086856099260064271,0.956463336804,139117505485.95428675,0.08380726089784603
2023-04-28,0.0803374878633982,11177435464.65024089513545371223385,0.95841207817,139131005485.95428675,0.08382353446212329
2023-04-29,0.0815154787219685,11342442388.386156955101503973467375,0.972460821479,139144645485.95428675,0.08382392063671307
2023-04-30,0.0798480411410231,11111498139.547253187141036725773925,0.952770765517,139158055485.95428675,0.0838061410266879
2023-05-01,0.078792823489242,10965719806.1280452510432424081435,0.94030537927,139171555485.95428675,0.08379493005816079
2023-05-02,0.0788128465443866,10969588546.24115470039559241925755,0.940700105498,139185285485.95428675,0.08378105422095561
2023-05-03,0.0797480427204956,11100829096.6141309278809689045133,0.951856732295,139198765485.95428675,0.08378156083239219
2023-05-04,0.07838376179817,10911988111.7732054477615998052475,0.936616092615,139212355485.95428675,0.08368825009116086
2023-05-05,0.0803485894010144,11186623594.0509414450825624784792,0.960075274204,139226135485.95428675,0.08368988511617649
2023-05-06,0.0768362502299526,10698670683.18872875649213921930805,0.918395905848,139239885485.95428675,0.08366353741418948
2023-05-07,0.0770403453432096,10728135071.2766370934971051237528,0.920912646001,139253465485.95428675,0.08365651799630727
2023-05-08,0.0725566825248393,10104747549.828486832242971189869275,0.86791630855,139266945485.95428675,0.08359870855066363
2023-05-09,0.0731876262129912,10193605183.0049198123437421800266,0.876104697838,139280445485.95428675,0.08353753426228548
2023-05-10,0.0732328506108518,10200908079.66765299649478827895365,0.8770253386,139294155485.95428675,0.08350140798412252
2023-05-11,0.0719835790577528,10027872989.8886584642704989818154,0.862301399563,139307785485.95428675,0.0834784439573366
2023-05-12,0.0723905058893182,10085535441.85812048207430032479385,0.868029101897,139321245485.95428675,0.08339640425777801
2023-05-13,0.0718280727411968,10008154135.2292685120394082853824,0.861428289695,139334855485.95428675,0.08338253294029672
2023-05-14,0.071986916284262,10031268478.8852524439405004601285,0.86337367051,139348495485.95428675,0.08337863284820685
2023-05-15,0.0721003470989643,10048045362.927716072111128070213025,0.86477713303,139361955485.95428675,0.0833744838353202
2023-05-16,0.0726899184786041,10131197039.284994764920200551125675,0.874246776404,139375545485.95428675,0.08314576666510146
2023-05-17,0.0749379566103137,10445538485.754712182990941777253475,0.901641242539,139389155485.95428675,0.08311283143979775
2023-05-18,0.073581525381922,10257467391.0996116800589268541335,0.886718307445,139402755485.95428675,0.08298184977587823
2023-05-19,0.0735560436330022,10254908171.67463585058846286218085,0.886873791949,139416255485.95428675,0.08293856950192983
2023-05-20,0.073638898007149,10267464589.22661254896508869597575,0.887900885715,139429905485.95428675,0.08293594385577147
2023-05-21,0.072181806252755,10065284818.01019380770924624749625,0.870150746523,139443515485.95428675,0.0829532199348025
2023-05-22,0.0729812901967534,10177760215.28258235409906566263745,0.878738887164,139457115485.95428675,0.08305230514184907
2023-05-23,0.0728413583472687,10159236365.662354227668619919099725,0.877276768106,139470715485.95428675,0.08303121773591456
2023-05-24,0.0707453475382466,9867864252.82784205851049484861255,0.852350005432,139484285485.95428675,0.08300034855093415
2023-05-25,0.0708672239716277,9885834272.351752882992341190042975,0.854850022483,139497975485.95428675,0.08290018378403564
2023-05-26,0.0709798642453901,9902498492.680679565367873021011175,0.85636460755,139511375485.95428675,0.08288509779550395
2023-05-27,0.0728337705511944,10162130050.7050178996588290125942,0.87872146005,139524975485.95428675,0.08288607239323607
2023-05-28,0.0736527110518729,10277399536.546719844637237371154075,0.888621212597,139538645485.95428675,0.08288425935345667
2023-05-29,0.0732088423899102,10216443703.17080656374097663754985,0.883756880053,139552045485.95428675,0.08283821494608311
2023-05-30,0.0723779841211229,10101480796.616508523982604478591575,0.873787179425,139565655485.95428675,0.08283250867648527
2023-05-31,0.0716358329323697,9998870495.949733619389378550811475,0.864868244576,139579175485.95428675,0.082828608151163
2023-06-01,0.0715062978796422,9981764730.93359907860556264620085,0.862712382081,139592805485.95428675,0.08288544289483546
2023-06-02,0.0725684922383285,10131037963.887173112802337229697375,0.874878108829,139606565485.95428675,0.08294697456250152
2023-06-03,0.0726748513958593,10146866784.323357812998548034854275,0.876228320401,139620055485.95428675,0.08294054152757828
2023-06-04,0.0725985234269497,10137209550.736658364649007191626475,0.875200631356,139633825485.95428675,0.08295072104149254
2023-06-05,0.0666153949405065,9302677727.327089326555894891238875,0.804809047439,139647565485.95428675,0.08277167752087874
2023-06-06,0.0704140918737816,9834115546.0092384808685084532738,0.849810606548,139661185485.95428675,0.08285857028757194
2023-06-07,0.0672672928378003,9395542006.648912576020128225436025,0.811363387704,139674745485.95428675,0.08290649277157257
2023-06-08,0.0679561589557236,9492691564.8446194038722868681423,0.819738884334,139688465485.95428675,0.08289976266153928
2023-06-09,0.0694682216767394,9704863779.42767150708778419262295,0.837989521989,139702205485.95428675,0.08289867576369443
2023-06-10,0.0618897137964987,8646968119.887303952157660405802225,0.748521084434,139715755485.95428675,0.08268265929115022
2023-06-11,0.0614979182136855,8593063245.767839796283871241317125,0.744124916759,139729335485.95428675,0.08264461628504081
2023-06-12,0.0614766635030357,8590933110.396248474308970053286975,0.744972575217,139742995485.95428675,0.08252204919775526
2023-06-13,0.0616307477572749,8613315193.652426453452186153177575,0.747227810797,139756785485.95428675,0.08247919425207018
2023-06-14,0.0603572973652856,8436166944.6471569082530179580458,0.742746677915,139770455485.95428675,0.08126229192262088
2023-06-15,0.061457038598914,8590707333.2387829938324721945895,0.755995295118,139783945485.95428675,0.08129288501632995
2023-06-16,0.0621020598768793,8681719266.533083227251173047339275,0.764580592856,139797605485.95428675,0.0812236936918637
2023-06-17,0.0621810761938026,8693609355.63722975516174725329555,0.765708170594,139811175485.95428675,0.0812072778922621
2023-06-18,0.0620699257960282,8678904128.37061607325930991388635,0.764387719145,139824625485.95428675,0.08120214943465608
2023-06-19,0.0623237146504505,8715233922.989090643902698293680875,0.767903394052,139838165485.95428675,0.081160879263193
2023-06-20,0.0629990006722612,8810513277.9964624047134619556991,0.776426646981,139851635485.95428675,0.08113966839909714
2023-06-21,0.065786003987232,9201161782.153333878867982666776,0.810507098781,139865035485.95428675,0.08116647477384706
2023-06-22,0.0656889491908533,9188474010.427821455313605025383775,0.809321662198,139878535485.95428675,0.08116544046584849
2023-06-23,0.0681308710297936,9530952601.6146552121955868877148,0.839144806299,139891835485.95428675,0.08119083919530037
2023-06-24,0.0667146018060526,9333721408.88144210130555306598305,0.821788259903,139905225485.95428675,0.08118222790616074
2023-06-25,0.0667273405006069,9336406439.732431352106314031628575,0.821965475943,139918755485.95428675,0.08118022283606735
2023-06-26,0.064673517347172,9049920206.892197430998721389571,0.799734771499,139932395485.95428675,0.08086870754156382
2023-06-27,0.0654695665029137,9162204312.979809668523618880303475,0.809622857774,139946005485.95428675,0.0808642763408602
2023-06-28,0.0626093148974795,8762775012.797111280508299795246625,0.774817208438,139959605485.95428675,0.08080527150874377
2023-06-29,0.0634413248246151,8880079251.844539732506399763779925,0.7855762129,139973105485.95428675,0.08075769579429828
2023-06-30,0.0664456233938167,9301505241.773320607308808808738725,0.825181870733,139986725485.95428675,0.08052239845598376
2023-07-01,0.0684508242751881,9583134255.766981164826118857587675,0.849788636616,140000275485.95428675,0.0805504113914381
2023-07-02,0.0679968371988175,9520482337.847894434294726155918125,0.8441702802,140013605485.95428675,0.08054872197432462
2023-07-03,0.0682775065897912,9560701617.5666313063864074274266,0.848188574168,140027105485.95428675,0.08049802681763965
2023-07-04,0.0690686260516051,9672417047.153557947152725063162425,0.858837809097,140040675485.95428675,0.08042103563678141
2023-07-05,0.0670581290958433,9391764944.917395980440453241266275,0.833976254054,140054085485.95428675,0.08040771996788926
2023-07-06,0.0651669304981845,9127776563.419613974899570867405375,0.810718127226,140067615485.95428675,0.08038173603094757
2023-07-07,0.0654150212225652,9163408488.2440941314937847713711,0.814152525372,140081105485.95428675,0.08034737863482765
2023-07-08,0.0657390573026913,9209675464.808765329149229546930275,0.818210826919,140094425485.95428675,0.08034488806538273
2023-07-09,0.0653854709857594,9161040350.81397015498052863410795,0.814013277659,140108195485.95428675,0.08032482120414523
2023-07-10,0.0652110808901603,9137480697.692885343852903679666025,0.812093158911,140121595485.95428675,0.08030000028273479
2023-07-11,0.0652849184728962,9148713506.78552773586317207778535,0.814663663815,140135175485.95428675,0.08013726568725618
2023-07-12,0.0648827496514397,9093229479.053546583450690524133975,0.809764266774,140148645485.95428675,0.08012547887538245
2023-07-13,0.0703740615680783,9863782974.645573354884576844652525,0.877593212867,140162195485.95428675,0.08018984255606766
2023-07-14,0.068418158362995,9590550617.13247841546278281881625,0.856406481747,140175515485.95428675,0.0798898184696448
2023-07-15,0.0719081044502173,10080716301.202508402187348904010775,0.899774208099,140188875485.95428675,0.07991794363848383
2023-07-16,0.0695417904380199,9749933255.389568391475430586806325,0.87043081582,140202505485.95428675,0.07989352993265433
2023-07-17,0.069916057724454,9803346837.6454524274288716031845,0.876488260231,140215955485.95428675,0.07976839040151833
2023-07-18,0.0685620952769408,9614418431.4519988655753101859744,0.859299871391,140229355485.95428675,0.07978832251651016
2023-07-19,0.070163830436617,9839980142.09330499402915531792475,0.879312369715,140242915485.95428675,0.07979397635377095
2023-07-20,0.0705042082959408,9888671057.4741527125993443842244,0.883488184466,140256465485.95428675,0.07980209530312522
2023-07-21,0.0733233100666511,10285055239.432671643756030261602925,0.917989675827,140269925485.95428675,0.07987378507344921
2023-07-22,0.0702772176404544,9858735149.1744646024575358978992,0.880423256184,140283515485.95428675,0.07982208233010049
2023-07-23,0.071854053687176,10080922216.607985680967820701718,0.899984425901,140297195485.95428675,0.07983921901230777
2023-07-24,0.0743476430147993,10431775446.959382085257913525899275,0.929975183377,140310775485.95428675,0.07994583548436446
2023-07-25,0.0815731309846517,11446663585.408873680567242070674975,1.016359015828,140323945485.95428675,0.08026015385734174
2023-07-26,0.0779640355508478,10941286842.86814876826088600680665,0.971913026759,140337615485.95428675,0.08021709083458979
2023-07-27,0.0775470330189543,10883811811.366035069806136087345525,0.96671422866,140351105485.95428675,0.08021712179249213
2023-07-28,0.077357067280256,10858191136.060864983888566837408,0.964330344082,140364565485.95428675,0.08021843111646199
2023-07-29,0.0802839323431479,11270090266.507164386449193994260325,1.000700643838,140377905485.95428675,0.08022772128459307
2023-07-30,0.0780302301660335,10954778365.215761149350643569106125,0.972999223932,140391465485.95428675,0.08019557287076191
2023-07-31,0.0778182159286374,10926060030.72807583057947661637445,0.970400003005,140404915485.95428675,0.08019189580344266
2023-08-01,0.0778262767361584,10928240127.6744464339119732070212,0.969907013784,140418385485.95428675,0.08024096705160073
2023-08-02,0.0741420279027652,10411904772.1375500360888611187211,0.924403429675,140431885485.95428675,0.08020527133789618
2023-08-03,0.073688578211679,10349212667.10754583320305896495325,0.919753358142,140445275485.95428675,0.0801177593529398
2023-08-04,0.0733962093775553,10309123345.429788122156047270182275,0.916308165214,140458525485.95428675,0.08009991852513278
2023-08-05,0.0756354875015111,10624660295.341468962319866147707925,0.944120470296,140471895485.95428675,0.08011211480013553
2023-08-06,0.0741910118005802,10422743247.56595876776278432717235,0.926481968261,140485255485.95428675,0.08007820372352868
2023-08-07,0.0733296880141292,10302733572.6428519521121793083481,0.915898590368,140498805485.95428675,0.08006310827999635
2023-08-08,0.0749779144150722,10535321864.32779293716595440075335,0.936442915959,140512335485.95428675,0.08006672178013992
2023-08-09,0.0753178667648492,10584091843.7555373809778229573081,0.940647494579,140525645485.95428675,0.08007023587359764
2023-08-10,0.0757364778304952,10643934574.8602682650154823152986,0.945977164528,140539075485.95428675,0.08006163432949705
2023-08-11,0.0756659436036554,10635031900.17719498952508459978595,0.945131654501,140552425485.95428675,0.08005862806870505
2023-08-12,0.0767178009988088,10783909465.8228294518524681227434,0.958087237917,140565935485.95418675,0.08007392016368235
2023-08-13,0.0747216779553908,10504332799.9656652194213389924319,0.93337604008,140579455485.95418675,0.08005527755885654
2023-08-14,0.0747607243063192,10510817727.5656533448983047219106,0.933981501622,140592775485.95418675,0.08004518737949938
2023-08-15,0.0707961273705414,9954381204.32359289951386194420645,0.885080277581,140606295485.95418675,0.07998836847210432
2023-08-16,0.067128638767468,9439612098.299907515539434296649,0.84442059891,140619745485.95418675,0.07949668548365517
2023-08-17,0.0613200564020739,8623633026.400339240488453087900825,0.772404198117,140633155485.95418675,0.07938855919162863
2023-08-18,0.0631778370948649,8885738220.883410386339555080620075,0.797518774309,140646445485.95418675,0.0792179935194686
2023-08-19,0.0637439739243973,8966225809.583027116711195905395775,0.804810247307,140659975485.95418675,0.07920373049137103
2023-08-20,0.0637810059619111,8972298329.892637436833910076297925,0.805359429485,140673515485.95418675,0.07919570272207142
2023-08-21,0.0625301622963934,8797177534.22056613025236715506745,0.790039468914,140686945485.95418675,0.07914814987958549
2023-08-22,0.0625366733188852,8798929040.0424681247152807826111,0.790740437525,140700305485.95418675,0.079086221408663
2023-08-23,0.0637436742287497,8969616251.257800624891493932806475,0.806109964844,140713825485.95418675,0.07907565593868511
2023-08-24,0.0629957162228613,8865218031.158244412223844799547775,0.796846782025,140727315485.95418675,0.07905624725342104
2023-08-25,0.0630406458223519,8872380554.482769372252302536817325,0.797550661063,140740635485.95418675,0.07904281056996353
2023-08-26,0.0628368185584552,8844536417.5694534118154040523086,0.795117619117,140754045485.95418675,0.07902833121499335
2023-08-27,0.063131485546882,8886871839.0948368877844213082135,0.799134610541,140767665485.95418675,0.07899981394141233
2023-08-28,0.0634531435341977,8933013845.806243728982564117220475,0.803245620144,140781265485.95418675,0.07899594089641258
2023-08-29,0.0663206743082081,9337609091.748451015401386085262675,0.840013313223,140794845485.95418675,0.07895193238514997
2023-08-30,0.0658419715031221,9271091828.271101606309875191452175,0.83416985102,140808235485.95418675,0.07893113305714937
2023-08-31,0.06378656252524,8982529332.56262318973103054857,0.808550437561,140821655485.95418675,0.07889002288793853
2023-09-01,0.0637837781425279,8982993209.482271521187071233685325,0.808620282022,140835075485.95418675,0.07887976539870235
2023-09-02,0.0634678324960289,8939347449.463573046320446703997075,0.804679747612,140848475485.95418675,0.07887340607785717
2023-09-03,0.0631438432100476,8894563337.1504992530381908867893,0.800640044457,140861925485.95418675,0.0788667062648262
2023-09-04,0.0631192701919985,8891948995.119078541388647424719875,0.800382637249,140875345485.95418675,0.07886136861857238
2023-09-05,0.0639856604163593,9014873501.996430416418050027299275,0.811362460673,140888965485.95418675,0.07886199265773916
2023-09-06,0.0635778871750616,8958274059.7864171675083147091538,0.806965506805,140902355485.95418675,0.07878637517827008
2023-09-07,0.0635560610714503,8956053539.397915513001464179543525,0.806907868805,140915805485.95418675,0.07876495387952334
2023-09-08,0.0636483358616104,8969908766.9965603672477424773422,0.808159289114,140929195485.95418675,0.07875716671077215
2023-09-09,0.0633846612305074,8933598033.97903531832447785685695,0.804964751672,140942585485.95418675,0.07874215746571575
2023-09-10,0.061326595766231,8644358101.91932826197977871763925,0.779056305236,140956105485.95418675,0.0787190801923531
2023-09-11,0.060385215556333,8512478806.45625544920625182718775,0.767343345028,140969585485.95418675,0.07869386754651475
2023-09-12,0.0609233337610778,8589173584.09411532887038110247915,0.774266439379,140983315485.95418675,0.0786852311588519
2023-09-13,0.0612540719564292,8636628468.8632891314185333199531,0.77852035489,140996805485.95418675,0.07868011616097564
2023-09-14,0.0621036224458431,8757251393.908921311475229578598925,0.789322202245,141010315485.95418675,0.07867968526567123
2023-09-15,0.0625951566218024,8827408443.6990312728168626111982,0.795685710519,141023825485.95418675,0.07866819247133848
2023-09-16,0.0621060304900646,8759268436.86783580026504664796405,0.789569133966,141037325485.95418675,0.07865812861516819
2023-09-17,0.0614368672876889,8665707944.457404152930037686502075,0.781111006769,141050615485.95418675,0.07865318342115975
2023-09-18,0.0619815198876204,8743359602.0094660056075228747097,0.788082551776,141063975485.95418675,0.07864851181889593
2023-09-19,0.0626925722933291,8844517353.972221955584825240609425,0.79717208358,141077595485.95418675,0.07864371267466443
2023-09-20,0.0626108400437133,8833830758.846556343974531151658775,0.796273093999,141091075485.95418675,0.07862985766512905
2023-09-21,0.0613401604248012,8655358894.9337731194788016764241,0.780353537037,141104275485.95418675,0.07860560311895247
2023-09-22,0.0615228471279947,8681954408.467140539534737596810225,0.782821093664,141117565485.95418675,0.07859119743444386
2023-09-23,0.0614785542695976,8676541246.0308796038040419577518,0.782305538386,141131185485.95418675,0.07858637227142223
2023-09-24,0.060749698951702,8574495329.4134110021916729383485,0.77318590629,141144655485.95418675,0.07857062377559236
2023-09-25,0.0608894951654451,8595046390.445348556728430272272425,0.775058107818,141158115485.95418675,0.07856120018777125
2023-09-26,0.0605083468280177,8542056836.511392470742783518105475,0.770332215584,141171545485.95418675,0.07854837900313626
2023-09-27,0.0604466627289895,8534169662.599532509405128121789125,0.769924117933,141185125485.95418675,0.07850989639247755
2023-09-28,0.0614738241153542,8680016394.76211086465448844919685,0.7829874871,141198575485.95418675,0.07851188573017771
2023-09-29,0.0622129403381823,8785222160.014983429578149569744525,0.792747390655,141212135485.95418675,0.07847763495857041
2023-09-30,0.0621288637481772,8774177702.9497494288450080208921,0.791915356386,141225465485.95418675,0.07845391966094668
2023-10-01,0.0632013252061268,8926499269.6534904018476252113799,0.805440915768,141239115485.95418675,0.07846798439071521
2023-10-02,0.0620428245198256,8763708133.4202296858688086998308,0.790920770866,141252565485.95418675,0.07844379210308672
2023-10-03,0.061383218127746,8671368780.9336829721566650405655,0.783139489724,141266115485.95418675,0.07838095120114444
2023-10-04,0.0615157209744286,8690914944.97968063431336785894105,0.785447028401,141279575485.95418675,0.07831937578229976
2023-10-05,0.0609394054456025,8610316623.088736123058784251266875,0.778317737965,141293085485.95418675,0.07829630814394065
2023-10-06,0.0613970406950108,8675817231.0214767678626280964669,0.784294617683,141306765485.95418675,0.07828313405540485
2023-10-07,0.0614561815472115,8685006350.252189804043021212747625,0.785210516378,141320305485.95418675,0.07826714016859464
2023-10-08,0.0609725506140169,8617475291.757887376984295790256075,0.779121721459,141333685485.95418675,0.07825805510830629
2023-10-09,0.0587108476680677,8298613075.375966016363473097442975,0.750740701295,141347185485.95418675,0.07820389592144618
2023-10-10,0.0590575981614035,8348412519.458338968735633081103625,0.755449231021,141360515485.95418675,0.07817546929207451
2023-10-11,0.0584125990225913,8258020758.164703709481700069125275,0.747482497385,141373965485.95418675,0.07814577495385175
2023-10-12,0.0578591589032711,8180558096.707814449506629315277925,0.740518197493,141387435485.95418675,0.07813333838270468
2023-10-13,0.0583456219988353,8250131950.163599491755417658692275,0.746855884025,141401045485.95418675,0.07812166074717872
2023-10-14,0.0598707050584878,8466589142.47672099677555003379665,0.766318707983,141414555485.95418675,0.07812768295331239
2023-10-15,0.0593204504999415,8389571219.121485243805202555075125,0.759357679495,141427975485.95418675,0.07811924749268583
2023-10-16,0.0600882445012405,8498970562.498674651977986543663375,0.76918179656,141441485485.95418675,0.07811969130051209
2023-10-17,0.0591005639482481,8360067642.494223804272774522732675,0.756816731032,141454955485.95418675,0.0780909849438162
2023-10-18,0.0586465724369851,8296649405.657004286926559892367425,0.751103083437,141468615485.95418675,0.0780805907074993
2023-10-19,0.0588338663867929,8323947527.024061535412604660174075,0.753687019484,141482245485.95418675,0.07806140329585692
2023-10-20,0.0599908634800841,8488445351.465620857798043637105675,0.768449795602,141495635485.95418675,0.07806738166035626
2023-10-21,0.0611694159136549,8656030552.427914215255175149652575,0.783529867484,141509125485.95418675,0.07806902895747493
2023-10-22,0.0616204475093752,8720690596.1685803392494883166186,0.789305638389,141522675485.95418675,0.07806918449885225
2023-10-23,0.0669578626228001,9476961133.502300077000544603318675,0.858827760397,141536195485.95418675,0.07796425047072103
2023-10-24,0.0665480641954868,9419858222.0508873324305809143599,0.853594840297,141549695485.95418675,0.07796212096634987
2023-10-25,0.0684132058041726,9684795447.73719158561407558963305,0.877708341811,141563245485.95418675,0.0779452610226009
2023-10-26,0.0718243216108978,10168644363.24558743224129033636415,0.920305383129,141576615485.95418675,0.07804400900785573
2023-10-27,0.0678093391075481,9601132155.263965087095007722007675,0.86880593103,141590115485.95418675,0.07804889065059413
2023-10-28,0.068971975606453,9766673526.16546573213970566709775,0.883750820552,141603505485.95418675,0.07804459583230981
2023-10-29,0.0694348295326777,9833152634.845511621965774253360475,0.889646574006,141617005485.95418675,0.07804765573369074
2023-10-30,0.0696264601627152,9861225177.9261927546135376878636,0.892011387745,141630425485.95418675,0.0780555731903048
2023-10-31,0.0681014484931328,9646155133.8178794945613627837504,0.873136103948,141643905485.95418675,0.07799637214084164
2023-11-01,0.0687338484523936,9736662077.5232674611686779789048,0.881338031733,141657455485.95418675,0.0779880658471532
2023-11-02,0.0678620797441727,9614091786.208140842714592480051725,0.870325150741,141671045485.95418675,0.0779732490625998
2023-11-03,0.0681059496863745,9649561888.322228852271037703437875,0.873474725808,141684565485.95418675,0.07797128832019004
2023-11-04,0.0691322450827941,9795909538.867497668473393283198175,0.886664670097,141698125485.95418675,0.07796887302979054
2023-11-05,0.07123358400507,10094627690.8845763739215997268225,0.912805454118,141711635485.95418675,0.0780380788520809
2023-11-06,0.0760632004540107,10780062826.047931226533500494298225,0.97313043112,141725075485.95418675,0.0781634177922765
2023-11-07,0.0734382378010183,10409029743.350330497503456298367525,0.93886117768,141738555485.95418675,0.07822055011635477
2023-11-08,0.0756187445451121,10719110203.974589535478449243084675,0.966423779643,141752025485.95418675,0.07824594772807215
2023-11-09,0.0731149815195355,10365172808.765551366879653140254625,0.93454893721,141765375485.95418675,0.07823558361514248
2023-11-10,0.075330118072239,10680212650.79557391519138099663325,0.963142925747,141778785485.95418675,0.07821281354874099
2023-11-11,0.0780799959080508,11071144974.5362691435581542916869,0.997322403635,141792335485.95418675,0.07828962392047747
2023-11-12,0.0778967443102054,11046209792.67465239203155488245845,0.99484903068,141805795485.95418675,0.07830006554558469
2023-11-13,0.0748058916791953,10608904643.022660821278443905922275,0.955835960343,141819105485.95418675,0.07826226966011128
2023-11-14,0.0725621899369349,10291676476.681269519177733117192575,0.927132609176,141832495485.95418675,0.07826516856248361
2023-11-15,0.0762028472824044,10809074827.8645733818852777866217,0.973005236285,141846075485.95418675,0.07831699608663159
2023-11-16,0.0782782766364423,11104523093.417790453076343309799525,0.998415579201,141859575485.95418675,0.07840249918684752
2023-11-17,0.0859760687605085,12197699610.373461294132488633962375,1.091922171565,141873195485.95418675,0.07873827549200058
2023-11-18,0.0802579273245219,11387527279.152641178035143247064825,1.019526173111,141886635485.95418675,0.0787208111387876
2023-11-19,0.0804061334965621,11409641237.063881238917269226372175,1.021210558052,141900135485.95418675,0.07873609694159452
2023-11-20,0.0778376774467054,11046217665.34695925854953912383345,0.989018878758,141913505485.95418675,0.07870191269195304
2023-11-21,0.0722317819479837,10251636901.202631784669249735755975,0.918779332157,141926955485.95418675,0.07861711666761872
2023-11-22,0.0757000255562637,10744887780.751630845124842702045975,0.962483502638,141940345485.95418675,0.07865072528389638
2023-11-23,0.0761968676312022,10816429992.57794167283526402581085,0.968720709527,141953735485.95418675,0.07865720932961891
2023-11-24,0.078229173287976,11105966167.086146795723200633518,0.9943318566,141967065485.95418675,0.07867511512250185
2023-11-25,0.0789063592988628,11203174248.0719777957321721738279,1.003131564849,141980625485.95418675,0.0786600303129136
2023-11-26,0.078446958465585,11139011186.70163587152938653799875,0.997358194331,141994175485.95418675,0.07865474902745952
2023-11-27,0.0785817734926549,11159228348.157187508686319027902575,0.998788986299,142007845485.95418675,0.0786770524811639
2023-11-28,0.080722240578799,11464283639.30914060173311733671325,1.025123956721,142021375485.95418675,0.07874388267834477
2023-11-29,0.0805534656022435,11441402262.311405131129839017973625,1.02314804819,142034885485.95418675,0.07873099669666242
2023-11-30,0.0833488985842817,11839580643.374677312172339856407475,1.057890726992,142048435485.95418675,0.07878781471246606
2023-12-01,0.083902856560493,11919381220.06988443656127799406775,1.064519671514,142061685485.95418675,0.07881757266276085
2023-12-02,0.0862857791817088,12259048236.3121502334413803793184,1.094324612994,142074955485.95418675,0.07884843140431302
2023-12-03,0.0856763218828016,12173621388.6240507079120803395988,1.087347724456,142088515485.95418675,0.07879385771066515
2023-12-04,0.0914615819696732,12996865991.2661723291190030692701,1.158176485769,142101915485.95418675,0.0789703323228368
2023-12-05,0.0941036291026183,13373544353.420834951659008272167525,1.189415528255,142115075485.95418675,0.07911753871305043
2023-12-06,0.0949104705335311,13489480484.585352130254444306332925,1.197027787607,142128475485.95418675,0.07928844385748834
2023-12-07,0.0955822419620455,13586233400.702899142990045318997125,1.204244182336,142141815485.95418675,0.07937114695180383
2023-12-08,0.10136304779382,14409309214.944547807047179775885,1.275497889745,142155445485.95418675,0.07946939670287083
2023-12-09,0.0986225422220194,14021069732.42644670960997546972295,1.240295250642,142169015485.95418675,0.07951537520680703
2023-12-10,0.101754804899383,14467749035.63652538187958134177525,1.278762021053,142182465485.95418675,0.07957290193494544
2023-12-11,0.0941823286162476,13392341498.3630220950078552946393,1.184199705492,142195905485.95418675,0.0795324708995073
2023-12-12,0.093794600407143,13338471547.85443032801939545595525,1.177970408438,142209375485.95418675,0.07962390203970873
2023-12-13,0.0965323296193692,13729100669.2081520772534966339981,1.211404878351,142222825485.95418675,0.07968626455489583
2023-12-14,0.0982138638546429,13969592856.403118270406710681161575,1.231711269398,142236465485.95418675,0.07973773261216083
2023-12-15,0.0929796481821838,13226351744.81180849024124436802465,1.166626944912,142249965485.95418675,0.07969955484715584
2023-12-16,0.0966111034549515,13744227483.590338358873571443192625,1.211635310676,142263435485.95418675,0.07973612406611844
2023-12-17,0.0928471941235655,13210017033.786217031044151562857125,1.164785704266,142276965485.95418675,0.07971182491639008
2023-12-18,0.0920071780569024,13091746033.9092734814684510161232,1.153762938457,142290485485.95418675,0.07974530554773185
2023-12-19,0.09013970222746,12827242483.072789216332487818155,1.130413976445,142304025485.95418675,0.07974043501384975
2023-12-20,0.0913130410455303,12995456090.631754217790546658983525,1.145091387341,142317635485.95418675,0.07974301619503661
2023-12-21,0.0950047518518689,13522146558.255550074719007767117075,1.19036679404,142331265485.95418675,0.07981132565822938
2023-12-22,0.0951485673613216,13543912876.6855948857306315332088,1.191919534641,142344895485.95418675,0.07982801237499632
2023-12-23,0.0936232348498711,13328067536.917546185922868742827925,1.17211771725,142358545485.95418675,0.07987528340543143
2023-12-24,0.0918598511853541,13078276748.491056531268904468078175,1.150180254077,142372065485.95218675,0.07986561311563296
2023-12-25,0.0945048726083284,13456136342.8557950250813622421287,1.182879614414,142385635485.95218675,0.07989390590279657
2023-12-26,0.0913157752757513,13003261887.079395064784428484155275,1.142426530155,142398855485.95218675,0.07993142041559725
2023-12-27,0.0935647875727521,13324799566.088012338872607710654675,1.169053493732,142412545485.95218675,0.08003465031703792
2023-12-28,0.0919896696224004,13101725789.7744097138375211640747,1.148673528892,142426055485.95218675,0.08008338949982839
2023-12-29,0.0908476474142055,12940306690.912212299073645738877125,1.133698518471,142439645485.95218675,0.0801338679852296
2023-12-30,0.0901284100944368,12839089034.8618813029483369696724,1.124837542729,142453295485.95218675,0.0801257129769813
2023-12-31,0.0892560888625986,12716020924.81581184314510995748855,1.114021363057,142466705485.95218675,0.0801206258896776
2024-01-01,0.0919552987003159,13101808015.237147477109444520794325,1.147354522612,142480185485.95218675,0.08014549721822324
2024-01-02,0.0911932046315547,12994437580.583907378573734517240225,1.137792918238,142493485485.95218675,0.08014921095903604
2024-01-03,0.081883162935507,11668934994.46859442896117586993225,1.022353024128,142507135485.95218675,0.08009284562477618
2024-01-04,0.0841270929886253,11989837500.344441587025557411374775,1.050799179576,142520525485.95218675,0.08006010532152374
2024-01-05,0.0827194305457218,11790338384.75319558796125456714615,1.033735722109,142534085485.95218675,0.080019901389264
2024-01-06,0.0804382921882011,11466293180.253736988756267093755425,1.005502326866,142547695485.95218675,0.07999811640308702
2024-01-07,0.0778827937726855,11103067303.331668090628301145017125,0.973880641385,142561235485.95218675,0.0799716006901265
2024-01-08,0.0813877647261589,11603839027.625014978762932382974575,1.017767084025,142574735485.95218675,0.07996698459169244
2024-01-09,0.0791308904371721,11283129292.015151147335945481089675,0.991161399142,142588175485.95218675,0.0798365336923652
2024-01-10,0.0833627572991337,11887668863.985255871971045395618475,1.043377056486,142601675485.95218675,0.07989705809699513
2024-01-11,0.0845543903962029,12058746834.357322489616498151691575,1.058671672865,142615265485.95218675,0.07986837899174161
2024-01-12,0.0799600228091522,11404593744.29636027906638950357335,1.002017305481,142628695485.95218675,0.079799043760795
2024-01-13,0.080944112148192,11546044249.596997500551142458856,1.014322927243,142642175485.95218675,0.07980112642056086
2024-01-14,0.0800444561449866,11418803964.71435428848571331944755,1.003216641894,142655775485.95218675,0.07978780734126228
2024-01-15,0.0811229469105127,11573756117.155555759695303128646725,1.016826783155,142669325485.95218675,0.07978049777446385
2024-01-16,0.0813780880420625,11611254720.705175743511797855171875,1.020758562547,142682815485.95218675,0.07972315004540118
2024-01-17,0.0803331304857777,11463261011.724014713860263089385475,1.007826636406,142696555485.95218675,0.07970927497238298
2024-01-18,0.0779979159550239,11131075994.021862412255078853513325,0.979011763918,142709915485.95218675,0.07967004976822407
2024-01-19,0.0785287732039196,11207904934.3256422682215332911853,0.985538602063,142723545485.95218675,0.07968107290727887
2024-01-20,0.0882604965968769,12598027513.076724790580762775561075,1.106751190588,142736875485.95218675,0.07974736991246013
2024-01-21,0.0851931092396384,12161348332.7741241954339102592712,1.068445660785,142750375485.95218675,0.07973555639417917
2024-01-22,0.0803382686657205,11469403387.932582241958381739303375,1.008632508151,142763885485.95218675,0.07965068349124958
2024-01-23,0.078067599536096,11146290875.632102141689136757928,0.981065450753,142777425485.95218675,0.07957430309687957
2024-01-24,0.079000878321771,11280618009.87417691633028758273425,0.99278316344,142791045485.95218675,0.0795751592402438
2024-01-25,0.0778946640321822,11123720661.30977029073651246442585,0.979082978785,142804655485.95218675,0.07955879707851335
2024-01-26,0.0798109667934973,11398468632.862219117954148615220775,1.003120681064,142818325485.95218675,0.0795626770538143
2024-01-27,0.080133616678399,11445636362.32044099315926553901325,1.007186392711,142831895485.95218675,0.07956185395109122
2024-01-28,0.0787457833149662,11248482797.42919404972117392613785,0.990028957377,142845525485.95118675,0.07953886876561334
2024-01-29,0.0815085555486267,11644224663.588774887430942197736225,1.024406326258,142858925485.95118675,0.07956662650294734
2024-01-30,0.0798700594544748,11411224325.7643746865970866579689,1.004046002687,142872365485.95118675,0.07954820719442014
2024-01-31,0.0787325598668585,11249761297.918957153832810069324875,0.989918002804,142885755485.95118675,0.07953442572399327
2024-02-01,0.0792201041606392,11320499449.4821368798612318785706,0.996018557112,142899325485.95118675,0.07953677528894784
2024-02-02,0.0792273046001874,11322614593.78284559622380130239695,0.996410240808,142913035485.95118675,0.0795127361757554
2024-02-03,0.0787165219869732,11250681347.4322216297280945804451,0.990205971008,142926555485.95118675,0.07949509929418234
2024-02-04,0.0782003797755245,11177979918.200488879229329378700375,0.983858285074,142940225485.95118675,0.07948337780134945
2024-02-05,0.0781295096692222,11168909946.67163613220312803944585,0.983143266746,142953795485.95118675,0.07946909907425258
2024-02-06,0.0785160813441559,11225235727.732983197237594782014325,0.987965407142,142967345485.95118675,0.0794725005314592
2024-02-07,0.0800343162233106,11443387006.98952496459556408385455,1.00703166423,142981005485.95118675,0.0794754713939474
2024-02-08,0.0798932706309171,11424295529.792432850284585985868425,1.005852615789,142994465485.95118675,0.07942840668386401
2024-02-09,0.0815520722868189,11662589414.735410576727930837329575,1.026356707799,143007885485.95118675,0.07945782559526073
2024-02-10,0.0814430248403867,11648099951.850583170344146193916225,1.025069276616,143021455485.95118675,0.07945123973401068
2024-02-11,0.0811415837460706,11606075516.43625146764651871928455,1.021303316921,143034865485.95118675,0.07944905534106582
2024-02-12,0.0822497747429967,11765709821.035055091113922616333725,1.035108481316,143048535485.95118675,0.07946005295834044
2024-02-13,0.0810564225141203,11596108952.542708185301678417266025,1.020265593277,143062185485.95118675,0.07944639420190037
2024-02-14,0.0856364119744947,12252494340.356985974016110196585225,1.07700955107,143075755485.95118675,0.07951314070466288
2024-02-15,0.0853588533699016,12213929656.3024932679349192507238,1.07350884716,143089195485.95118675,0.07951387973720107
2024-02-16,0.0859462806655109,12299134976.135827221830101650060575,1.080486071737,143102585485.95118675,0.07954408938131227
2024-02-17,0.08365530331786,11972426233.416293132145279470355,1.051844284511,143116165485.95118675,0.07953202251486412
2024-02-18,0.0852438391834588,12200929859.0122029109219548297309,1.071677620078,143129755485.95118675,0.07954242729940979
2024-02-19,0.0896406206286537,12831465499.472109732423296569778475,1.126140114777,143143425485.95118675,0.07959988233471682
2024-02-20,0.086203713705344,12340681894.530900527449156616992,1.082810374509,143157195485.95118675,0.07961108956351942
2024-02-21,0.0845447459228705,12104335146.145160866923643441565875,1.061974825428,143170755485.95118675,0.0796108757934041
2024-02-22,0.0841349291440874,12046816540.89311382868543377572195,1.057073390016,143184485485.95118675,0.07959232531888247
2024-02-23,0.0843057634310528,12072401156.2021498988168599619104,1.059232229869,143197815485.95118675,0.07959138803912649
2024-02-24,0.0861255032548577,12334159536.843230099669587017375475,1.081859242211,143211465485.95118675,0.07960878818102314
2024-02-25,0.0861334562264771,12336473353.906741699731223516698425,1.081969840933,143225105485.95118675,0.07960800104391343
2024-02-26,0.0895615436536591,12828676887.427326811350070624936925,1.124387300597,143238675485.95118675,0.07965364212678841
2024-02-27,0.0982907693502439,14080389146.487242023901049606948325,1.229886803991,143252405485.95118675,0.07991854943990696
2024-02-28,0.116884955387889,16745639490.97691131852046612727075,1.434587419246,143265995485.95118675,0.08147635607269035
2024-02-29,0.118223304289547,16938987215.61881191447673026990225,1.437611930836,143279595485.95118675,0.08223589534402223
2024-03-01,0.140244176953498,20096034861.5221495364593526637515,1.684266242795,143293185485.95118675,0.08326722544813706
2024-03-02,0.142833994423302,20469076313.9018551032564887536485,1.699852077505,143306755485.95118675,0.08402730820728246
2024-03-03,0.154076080187301,22082238584.32589982866208322946175,1.816679326428,143320355485.95118675,0.0848119301771597
2024-03-04,0.182350668389708,26137064467.884059408734314085969,2.100758871444,143334075485.95118675,0.08680228410239464
2024-03-05,0.153966455864431,22070736630.30559828355674156348925,1.750974767169,143347695485.95118675,0.08793185301771429
2024-03-06,0.15836191632912,22702985316.77208349854006758316,1.762834338006,143361395485.95118675,0.08983369163789287
2024-03-07,0.156990550294938,22508502170.9131960564906836176715,1.737664008481,143374885485.95118675,0.09034574551162695
2024-03-08,0.165316389129199,23704469969.56979194405405312691325,1.824588382846,143388505485.95118675,0.0906047581380179
2024-03-09,0.179348213099182,25718927514.9049285015293883542385,1.96882420848,143402195485.95118675,0.09109407143954462
2024-03-10,0.169086902054257,24249752854.79462801730220203949475,1.854228273886,143415915485.95118675,0.09118990603022843
2024-03-11,0.181021940677488,25963891053.918108933213392608884,1.975470273161,143429525485.95118675,0.09163485937342415
2024-03-12,0.167794404200527,24068945387.85639935178028062541725,1.82999986336,143443075485.95118675,0.0916909381033753
2024-03-13,0.169195760506124,24272257924.610536666239738442657,1.841111278536,143456655485.95118675,0.09189871491128106
2024-03-14,0.177458007518364,25459961647.908206267419408218477,1.91514475703,143470345485.95118675,0.09266036254803281
2024-03-15,0.162985699351994,23385811642.5272145204301902788795,1.758759007162,143483825485.95118675,0.09267085410126422
2024-03-16,0.141672458710051,20329643004.22914926218465760302425,1.529926339425,143497495485.95118675,0.09260083643196605
2024-03-17,0.153839416844241,22077638625.93022245972185385300675,1.659053011529,143510935485.95118675,0.09272724607061292
2024-03-18,0.144302065786925,20710853772.25644883175777638324375,1.556564897778,143524305485.95118675,0.0927054605901216
2024-03-19,0.128396255979319,18429736075.32228452005185150682325,1.389665535539,143537955485.95118675,0.09239363911368706
2024-03-20,0.151466522158876,21743245771.962613515620964246093,1.634745402275,143551495485.95118675,0.09265450262046127
2024-03-21,0.154998681084516,22252389600.187359670605327249363,1.670319941328,143565025485.95118675,0.09279580351611151
2024-03-22,0.152145344032706,21844808720.1290107110105115138455,1.639123607287,143578555485.95118675,0.09282115354590605
2024-03-23,0.163095074838909,23419139095.29575015905289362525575,1.752714880505,143591945485.95118675,0.09305282716143617
2024-03-24,0.176718237994734,25377687155.2670816218199275505745,1.894789752184,143605365485.95118675,0.09326535452867131
2024-03-25,0.175628330846339,25223532841.92595006998506894280825,1.869295159834,143618815485.95118675,0.093954306746258
2024-03-26,0.182248349067706,26176752370.0865060320699868000955,1.911357445299,143632315485.95118675,0.09535021799085638
2024-03-27,0.189125376571232,27167044360.363273123250836309576,1.975079090356,143645685485.95118675,0.09575584972505731
2024-03-28,0.21973046228129,31566303632.3908866851689878209075,2.194900185351,143659205485.95118675,0.10010954655149915
2024-03-29,0.212875126611088,30584345370.879416359254719308684,2.120427064095,143672705485.95118675,0.10039257195669841
2024-03-30,0.199703934786444,28694708598.235379370897069612417,1.989036435918,143686245485.95118675,0.10040235119889832
2024-03-31,0.220192384073436,31641611568.535972171218023350173,2.182559884598,143699845485.95118675,0.10088721305073957
2024-04-01,0.205596192496736,29546922810.765320779070304701448,2.032402953934,143713375485.95118675,0.10115916831294496
2024-04-02,0.183168638112693,26326235894.40408739438944358841775,1.817934926598,143726765485.95118675,0.10075643271537028
2024-04-03,0.175934772485135,25288928498.70097345401759998396125,1.748328888346,143740365485.95118675,0.10063024963888656
2024-04-04,0.179471906189228,25799783850.271655951720016666329,1.788354083312,143753885485.95118675,0.10035591265956081
2024-04-05,0.177771473529225,25557739963.28165785844809955776875,1.767781716191,143767385485.95118675,0.1005618917205826
2024-04-06,0.186150435104341,26764835301.30586926315836902668175,1.849410442488,143780675485.95118675,0.10065393318203288
2024-04-07,0.199223181710096,28647093307.054743051732045656428,1.974172843,143793975485.95118675,0.10091476155013446
2024-04-08,0.20282566129409,29167834144.9320084865665762613075,2.000270918535,143807415485.95118675,0.10139909519988406
2024-04-09,0.188327581744029,27085462167.16391537541352727641575,1.858982576605,143821005485.95118675,0.10130680304059955
2024-04-10,0.199896339650504,28751999157.935565340823499035622,1.966009363867,143834545485.95118675,0.10167618899704639
2024-04-11,0.193872672390803,27888185609.28790367653967763546025,1.904923464024,143847945485.95118675,0.10177452063153358
2024-04-12,0.174294068051621,25074200055.41430189793548521122175,1.715171784448,143861465485.95118675,0.1016190154432343
2024-04-13,0.153801426139758,22128190257.6903668907278714578065,1.520507215476,143875065485.95118675,0.10115139512285048
2024-04-14,0.162885790720714,23437396249.4167677122931061073395,1.608942993288,143888525485.95118675,0.10123776379910407
2024-04-15,0.161590058420565,23253157711.82008047405039235551375,1.596384624018,143902155485.95118675,0.10122250990732608
2024-04-16,0.156437476515602,22513797282.1866614461820467906735,1.547223273579,143915625485.95118675,0.10110853371132053
2024-04-17,0.147673156587256,21254460901.695858562895633126058,1.461955027559,143929075485.95118675,0.10101073822621152
2024-04-18,0.152145807896264,21900279216.934035460347011691302,1.50619913416,143942705485.95118675,0.1010130761900318
2024-04-19,0.154800287999955,22284460520.60306563404491619659625,1.533773295665,143956195485.95118675,0.10092775016847458
2024-04-20,0.162684896930087,23421675549.00034883250220943074725,1.610845097651,143969575485.95118675,0.10099350779744169
2024-04-21,0.15823291350462,22782869441.143361637980190607785,1.566932110052,143983125485.95118675,0.10098262234179942
2024-04-22,0.161536084371468,23260662351.231196201523002439649,1.598308560203,143996695485.95118675,0.10106689558801553
2024-04-23,0.15981754725364,23015369007.48571790238056125727,1.581383290534,144010275485.95118675,0.10106186666464206
2024-04-24,0.151034006451788,21752439505.073953362393535259409,1.496387964725,144023455485.95118675,0.10093238519166012
2024-04-25,0.151597026662638,21835566601.3576116698703279856465,1.503967785931,144036905485.95118675,0.1007980543737478
2024-04-26,0.147764049903175,21285455050.75319559605911384293125,1.467918043265,144050295485.95118675,0.10066232960425536
2024-04-27,0.147720620264388,21281218339.332094303345447362459,1.467593584404,144063965485.95118675,0.10065499184120405
2024-04-28,0.14667375186233,21132404422.7025985255242861201275,1.457402567458,144077615485.95118675,0.10064051974202173
2024-04-29,0.143865825792531,20729793073.38635093995419873616425,1.430213215575,144091155485.95118675,0.10059047436132905
2024-04-30,0.133167486587713,19190078746.79999303616884031840275,1.326179031816,144104835485.95118675,0.10041441117143922
2024-05-01,0.129851140381871,18713921123.20800174322606063540925,1.294381745706,144118265485.95118675,0.10031904483560664
2024-05-02,0.132430462112486,19087411146.6051745708634836927605,1.320471380337,144131575485.95118675,0.10029029336378965
2024-05-03,0.146540589595408,21123098487.362295420213219950444,1.459685993238,144145035485.95118675,0.10039185843685407
2024-05-04,0.160130433778174,23084194441.0610576522259415479945,1.59285560459,144158695485.95118675,0.10053041425521524
2024-05-05,0.160773572265993,23179070851.02882960568118501719275,1.598850315731,144172145485.95118675,0.10055573725954878
2024-05-06,0.156651654409375,22586913641.39170941346165157578125,1.558716871227,144185605485.95118675,0.10050039061042626
2024-05-07,0.150307065918087,21674165496.59527430411985593974725,1.498246233558,144199245485.95118675,0.10032200485573145
2024-05-08,0.142902032396872,20608311575.719140390526895387846,1.425664898831,144212865485.95118675,0.10023535861340709
2024-05-09,0.151762168929084,21888139430.583898592982346390437,1.512747353013,144226585485.95118675,0.1003222174719481
2024-05-10,0.144050961670253,20777925906.67000387270320752274775,1.437236075446,144240105485.95118675,0.10022776642699524
2024-05-11,0.143069316719915,20638276216.80455588432931160912625,1.427122813555,144253685485.95118675,0.1002501784436657
2024-05-12,0.141173524026062,20366685800.3446690043144668290785,1.408522996742,144267035485.95118675,0.10022805758415376
2024-05-13,0.148500769254561,21425724472.88526840876683080026675,1.479853875017,144280225485.95118675,0.10034826529940674
2024-05-14,0.145070959933962,20932824916.5657381124605355294035,1.446486736548,144293695485.95118675,0.10029193926808468
2024-05-15,0.155747426807692,22475499286.359773065116691428481,1.550423405929,144307355485.95118675,0.10045477010479567
2024-05-16,0.14966929839851,21600402681.5480510879458089317425,1.489989699879,144320865485.95118675,0.10044988794933578
2024-05-17,0.155680373266274,22470032564.4148938366588240506695,1.548293690938,144334395485.95118675,0.1005496400182051
2024-05-18,0.153062484914509,22094253697.75892188002462084355575,1.522296170813,144347935485.95118675,0.1005471128740764
2024-05-19,0.148969711712434,21505472488.5525850332126770310495,1.481860358183,144361375485.95118675,0.10052884598053147
2024-05-20,0.16481537150278,23795180609.193784723118071924165,1.636866522615,144374765485.95118675,0.10068956095422907
2024-05-21,0.170063485028435,24555169925.11690740333384574523625,1.684242084893,144388255485.95118675,0.1009733022074669
2024-05-22,0.165827794964783,23945813093.33339461862697330622525,1.641799765314,144401685485.95118675,0.1010036658965339
2024-05-23,0.159283613990915,23002959916.68152001978904796837625,1.577359083914,144415105485.95118675,0.10098120054925895
2024-05-24,0.16365957391724,23637135491.46209702508212428457,1.619799340721,144428675485.95118675,0.10103694315889299
2024-05-25,0.172144924903355,24864977123.21079734559999130654625,1.701888714003,144442115485.95118675,0.10114934277838544
2024-05-26,0.166209046645342,24009818497.8527837872800512596185,1.643129267391,144455545485.95118675,0.1011539687983604
2024-05-27,0.168911641899229,24402518878.69418363373635646001575,1.668991051282,144469135485.95118675,0.10120584036054783
2024-05-28,0.16515002605667,23861334136.2448400132822092531225,1.631736692894,144482775485.95118675,0.1012111983360286
2024-05-29,0.16391277149199,23684788263.4277830070641086191325,1.618543922264,144496295485.95118675,0.10127174754869228
2024-05-30,0.159534899486086,23054371651.0960155542754568125605,1.56867611112,144509895485.95118675,0.101700343592395
2024-05-31,0.158878856235841,22961673643.20253413564457183430675,1.562508527386,144523155485.95118675,0.10168191305914825
2024-06-01,0.160168642114945,23150238243.33399637541855266097875,1.575164024282,144536645485.95118675,0.1016837863523159
2024-06-02,0.157088992671712,22707221036.038222241220499554216,1.545088806028,144550045485.95118675,0.10166987946508058
2024-06-03,0.158281763945122,22881803055.2123823806853977735335,1.556744802781,144563735485.95118675,0.10167483049396685
2024-06-04,0.161376294010803,23331314254.60585783712163517046025,1.583549254448,144577085485.95118675,0.10190797258595927
2024-06-05,0.163232614787913,23601897710.26092659246692190575275,1.601256591081,144590575485.95118675,0.10194032342918602
2024-06-06,0.160264873950186,23174963546.3315853095420470832355,1.566524263098,144604135485.95118675,0.10230602725121023
2024-06-07,0.148167654028529,21427664671.16557553378208590679075,1.453330357746,144617695485.95118675,0.1019504293974326
2024-06-08,0.145882608616426,21099165873.0202126425879902435555,1.431883299002,144631125485.95118675,0.1018816328943175
2024-06-09,0.14680671261001,21234812240.7684466126505494293675,1.440958343256,144644695485.95118675,0.10188130232709192
2024-06-10,0.144693620997696,20931129687.344519173385090215728,1.420817640491,144658275485.95118675,0.101838277393356
2024-06-11,0.138145287471926,19985735065.2036612336323470081805,1.358298044388,144671855485.95118675,0.10170469437300067
2024-06-12,0.145915038632971,21111760480.45539204980935512833425,1.433825435084,144685295485.95118675,0.10176625066246132
2024-06-13,0.141163915202182,20426223086.3319524967067090894885,1.388273788199,144698615485.95118675,0.10168305157249508
2024-06-14,0.134883357778099,19519260094.41786809744705220898825,1.32808365053,144712145485.95118675,0.10156239610680469
2024-06-15,0.136649533325416,19776702847.837494414919579137438,1.345554179761,144725725485.95118675,0.10155632183438942
2024-06-16,0.136924059478228,19818297380.917576896452482387079,1.349188147058,144739335485.95118675,0.10148626029423737
2024-06-17,0.129050509854774,18680431093.9015188421299954530445,1.273260690849,144752865485.95118675,0.1013543501203388
2024-06-18,0.122010175687539,17662973346.89265712284057423690825,1.206062530662,144766395485.95118675,0.10116405458725959
2024-06-19,0.12222297636024,17695429743.41742978517582351482,1.208613917431,144779895485.95118675,0.10112656705131626
2024-06-20,0.124410685745337,18013868017.72640419210282342868475,1.231075873971,144793575485.95118675,0.10105850368428854
2024-06-21,0.124017338366863,17958591798.97723171856838172466525,1.227796586815,144807105485.95118675,0.10100804945921346
2024-06-22,0.123833657950191,17933657893.86735651458388883916925,1.225834438705,144820545485.95118675,0.10101988820040965
2024-06-23,0.122287094838184,17711332210.396471271425314014862,1.210757703724,144834025485.95118675,0.10100046810526853
2024-06-24,0.118858551056086,17216347985.9514782544804575100605,1.177643504103,144847365485.95118675,0.10092914421212677
2024-06-25,0.125868871999332,18233488839.828280584979230607251,1.246045645369,144860985485.95118675,0.10101465581708895
2024-06-26,0.122718771861788,17778836113.572421152238385576909,1.215391289711,144874625485.95118675,0.10097058692182048
2024-06-27,0.126869284777724,18381852853.187751627358687763957,1.256038590373,144888125485.95118675,0.10100747361595651
2024-06-28,0.12284187976946,17799980685.831750461469903406655,1.216728120461,144901565485.95118675,0.10096082904939933
2024-06-29,0.121671644562144,17632066506.670930582558060924392,1.206034562959,144915165485.95118675,0.10088570286379124
2024-06-30,0.124461684626249,18038069590.86613366408493175100075,1.233548271454,144928695485.95118675,0.10089729563606323
2024-07-01,0.123399441977988,17885803317.952704595471035977259,1.223411314047,144942335485.95118675,0.10086504886879553
2024-07-02,0.124943607814426,18111307558.2412966584768884700555,1.240155755583,144955855485.95118675,0.10074831911390818
2024-07-03,0.118367599727014,17159690030.6322357278814293338645,1.177323256462,144969485485.95118675,0.1005395918897611
2024-07-04,0.105404733195321,15281889740.86578593888835949719675,1.050026236434,144982955485.95118675,0.10038295190917002
2024-07-05,0.105798966344385,15340474056.02360396330219994889875,1.057354147394,144996445485.95118675,0.10006010437008417
2024-07-06,0.11347371654262,16454818584.670769000919295954285,1.134584088706,145009955485.95118675,0.10001349187968737
2024-07-07,0.104517482269342,15157512566.7621792970188280416185,1.046013216883,145023705485.95118675,0.0999198486045828
2024-07-08,0.107631802312458,15610616905.1332701902503594095315,1.077374284315,145037215485.95118675,0.09990195968051238
2024-07-09,0.107432750881831,15583200605.01606630093788346293925,1.075814982216,145050745485.95118675,0.09986173520333154
2024-07-10,0.107883949142648,15650120943.854825361586440637514,1.080811393795,145064405485.95118675,0.0998175535176775
2024-07-11,0.106528480521802,15454916045.2863199008139411485235,1.067731420203,145077785485.95118675,0.09977085857560371
2024-07-12,0.107515808808379,15599611210.70181509699287839377825,1.077838869516,145091325485.95118675,0.09975128180027376
2024-07-13,0.112347439605918,16302155617.8101719591698044231865,1.126000854669,145104825485.95118675,0.0997756255157939
2024-07-14,0.115857756062604,16813082395.787341045074421095297,1.160781814456,145118315485.95118675,0.09981010610241228
2024-07-15,0.124904027512716,18127560764.830420330798990915713,1.249956205475,145131915485.95118675,0.09992672300486787
2024-07-16,0.124864964180854,18123575857.0188246030522429284845,1.249281282208,145145405485.95118675,0.09994943969717185
2024-07-17,0.121997858790331,17709067113.78396148450526887531425,1.220838275414,145158835485.95118675,0.09992958219544695
2024-07-18,0.119606593743208,17363584102.078048540357052352094,1.197916800985,145172465485.95118675,0.0998454931468197
2024-07-19,0.125604603026392,18236019279.636197570617833970706,1.25770516019,145185915485.95118675,0.09986808276068222
2024-07-20,0.134347959983107,19507256009.11389552219735660223225,1.344342351095,145199495485.95118675,0.09993582354500494
2024-07-21,0.14018066710036,20356078409.57560977622662335223,1.40077146468,145213165485.95118675,0.1000739025850899
2024-07-22,0.13786588077878,20021804907.103526121082155217165,1.376948500212,145226685485.95118675,0.10012420998864785
2024-07-23,0.130297223509747,18924398122.74903436786655484225225,1.302042769477,145240225485.95118675,0.1000713851835177
2024-07-24,0.127694968156442,18548167296.6337414352364495575435,1.275584112445,145253705485.95118675,0.10010705441578469
2024-07-25,0.125100576461447,18172983625.10914802184428527222725,1.250072736745,145266985485.95118675,0.10007463788642408
2024-07-26,0.134433506862303,19530547666.17843815626541168808525,1.342192221812,145280355485.95118675,0.10015965275138737
2024-07-27,0.13197870763433,19175682076.3741822097839485411275,1.317526263243,145293755485.95118675,0.1001715952966839
2024-07-28,0.129730536940798,18850790870.1969020895455025920265,1.295354291571,145307275485.95118675,0.10015062117365699
2024-07-29,0.128573743421146,18684411672.0814012908059037450155,1.286682613787,145320585485.95118675,0.09992654135795323
2024-07-30,0.125516095488848,18241758165.512363123752006990364,1.256489505215,145334015485.95118675,0.09989426490861995
2024-07-31,0.122054512568911,17740314053.01438689167009160512925,1.223099457392,145347465485.95118675,0.0997911591173185
2024-08-01,0.119046687836617,17304730767.63338339273582125522475,1.193729421642,145360875485.95118675,0.09972669323410475
2024-08-02,0.111367922494047,16190035499.66454830466915946027725,1.117740355097,145374315485.95118675,0.09963666605236085
2024-08-03,0.108097458449954,15716069558.2409546220239617829095,1.085291367489,145387965485.95118675,0.09960224662991217
2024-08-04,0.104035146690572,15126850306.637470617333798436321,1.045917131274,145401345485.95118675,0.09946786755835037
2024-08-05,0.0949396265972628,13805622587.5684779471557219616279,0.960035352704,145414755485.95118675,0.09889180260899703
2024-08-06,0.0963288680183239,14008945008.573361633017119950888325,0.973983559921,145428315485.95118675,0.0989019445319356
2024-08-07,0.095685062799365,13916617860.08254821192469889641375,0.968260105918,145441905485.95118675,0.09882165155265457
2024-08-08,0.107090069646529,15576808085.94069966731592056829075,1.082798856772,145455205485.95118675,0.0989011661554409
2024-08-09,0.103631443283346,15075145374.1567403700673052108655,1.048340727799,145468835485.95118675,0.09885282574199046
2024-08-10,0.105096748635019,15289716239.53257121135892565879825,1.063021789073,145482295485.95118675,0.09886603427636965
2024-08-11,0.100619561548066,14639716105.5141803623973398673255,1.018154050684,145495725485.95118675,0.09882547879711268
2024-08-12,0.107911357710109,15702119663.80692962035623102185575,1.091400607892,145509425485.95118675,0.09887419608326573
2024-08-13,0.106390772338089,15482297499.25624564815842177712075,1.07602356595,145522935485.95118675,0.09887401698694091
2024-08-14,0.102648736400496,14939139414.764107383648954488628,1.038532229629,145536515485.95118675,0.09884020300185167
2024-08-15,0.100299880747698,14598658223.0557684885173204306015,1.015099427697,145550105485.95118675,0.09880793744042658
2024-08-16,0.100354842354649,14607997627.89059849064584592970075,1.01583636741,145563455485.95118675,0.09879036188723589
2024-08-17,0.102725572357569,14954503810.27121656275865089501075,1.039740193417,145577225485.95118675,0.09879927024843764
2024-08-18,0.100529742840184,14636206235.397922744979730388362,1.017768388917,145590805485.95118675,0.09877467598218195
2024-08-19,0.101125522306387,14724328633.66433585732735975477225,1.024167778889,145604475485.95118675,0.09873921479553505
2024-08-20,0.103190955705098,15026451866.7794930174290561250515,1.045033044413,145617915485.95118675,0.09874420359890233
2024-08-21,0.106114671525517,15453655285.60896600004641905729975,1.074468044959,145631655485.95118675,0.09876019303074404
2024-08-22,0.105331448230196,15341036221.336960409139933385103,1.066642205914,145645355485.95118675,0.09875049725782982
2024-08-23,0.113166323524929,16483688480.82638380626869075949075,1.145653735918,145658955485.95118675,0.09877881944342465
2024-08-24,0.112346139536894,16365769467.6257222198247347089545,1.136668323216,145672735485.95118675,0.09883810188272923
2024-08-25,0.11016385967841,16049371222.8132834432338128530675,1.114688127877,145686355485.95118675,0.09882931101834254
2024-08-26,0.10539591357736,15356199941.84608999871852993198,1.066896042312,145700145485.95118675,0.09878742576358562
2024-08-27,0.0990078602698883,14426803182.239314023764894674940025,1.002901724504,145713715485.95118675,0.09872139797032867
2024-08-28,0.0996438097420242,14520837852.19332339059687133721935,1.009684730848,145727445485.95118675,0.0986880426114167
2024-08-29,0.100318061069602,14620469133.2134010035220662501735,1.016513199108,145741145485.95118675,0.09868839987285169
2024-08-30,0.101648316321747,14815723458.06852866973734948325225,1.029976151586,145754735485.95118675,0.09868997079711479
2024-08-31,0.101276077651901,14762830072.45190069401144434351175,1.02625099823,145768185485.95118675,0.0986854851557507
2024-09-01,0.095369459318509,13903144365.70092527045029479055575,0.966885775515,145781935485.95118675,0.09863570416858354
2024-09-02,0.0991268142180427,14452261828.958067813754123327174225,1.004922209454,145795685485.95118675,0.09864128117130662
2024-09-03,0.0969566187151072,14137181115.3807063646576039934696,0.983208070235,145809345485.95118675,0.09861251310918683
2024-09-04,0.0981266407410117,14309116764.762473303459035010634975,0.995652226572,145822955485.95118675,0.09855513614312773
2024-09-05,0.0983545372910198,14343688902.02761000800320192774765,0.999117891933,145836575485.95118675,0.09844137322046415
2024-09-06,0.0923107772873449,13463555067.004858077794699911560075,0.938229193408,145850305485.95118675,0.09838830206512501
2024-09-07,0.0950524618652138,13864713808.46833865341876465247715,0.96602857752,145863805485.95118675,0.09839508279271987
2024-09-08,0.0960833007529526,14016379741.86804281517948453649805,0.976514306528,145877375485.95118675,0.09839415573395655
2024-09-09,0.103866817734914,15153243823.9862265330574052091895,1.05505839563,145891095485.95118675,0.09844651079516098
2024-09-10,0.102787439198027,14997173099.59202803884968890854225,1.044087363849,145904725485.95118675,0.09844716329015214
2024-09-11,0.101389596158446,14794617329.3686164360700747357905,1.029863372056,145918495485.95118675,0.09844956031015427
2024-09-12,0.102841121254767,15007821355.24415451498967274473725,1.044842258897,145932105485.95118675,0.09842741368762442
2024-09-13,0.106849296204965,15594198052.29690781883001299221375,1.085303629702,145945725485.95118675,0.09845106316865762
2024-09-14,0.105461645392801,15393129609.26797625874431585658675,1.071252887703,145959505485.95118675,0.09844701153518828
2024-09-15,0.102879032651316,15017569827.922513838459009149263,1.045185065853,145973085485.95118675,0.09843140321504118
2024-09-16,0.0996566472611948,14548531661.5067526519657502829289,1.012878047772,145986565485.95118675,0.09838958152998457
2024-09-17,0.100982595977217,14743480773.00442945787937711227475,1.026701057552,146000215485.95118675,0.09835637670228316
2024-09-18,0.103164310977044,15063420857.596049835040583806967,1.048790673905,146013875485.95118675,0.09836501557830281
2024-09-19,0.105184850349813,15359885518.89028645469777999057775,1.06928433871,146027545485.95118675,0.09836939207087755
2024-09-20,0.105384898620692,15390542903.825545198713715506231,1.071396211956,146041255485.95118675,0.09836220946525051
2024-09-21,0.11002593341085,16069825104.8065874165290328262375,1.118285958324,146054885485.95118675,0.0983880130049637
2024-09-22,0.106278539484026,15523949553.2321212699691673678555,1.080462660771,146068525485.95118675,0.09836391699847122
2024-09-23,0.108116250259268,15793870017.207434580511279786299,1.099037438988,146082295485.95118675,0.09837358257678834
2024-09-24,0.109709435410932,16028100403.806941878394879323551,1.115717734849,146095915485.95118675,0.09833081610536554
2024-09-25,0.108400498108874,15838363769.2130076337284510062195,1.103196592804,146109695485.95118675,0.09826036339846914
2024-09-26,0.117887904169762,17226177307.3709216238961173650535,1.198644489328,146123365485.95118675,0.09835101668540094
2024-09-27,0.123804562275952,18092449043.282169678663155386036,1.257281477305,146137175485.95118675,0.09847004390880613
2024-09-28,0.128329721231898,18755493409.1266770248075050549515,1.301474907216,146150815485.95118675,0.09860330039432694
2024-09-29,0.124851988707332,18248919200.185647144525583826251,1.26590640182,146164425485.95118675,0.09862655606119985
2024-09-30,0.114316508197308,16710582025.702512095737925755269,1.160559796155,146178205485.95118675,0.09850117897935551
2024-10-01,0.106925448992153,15631638340.86719571756834178757275,1.086521650416,146191935485.95118675,0.09841078541896899
2024-10-02,0.10488230006071,15334372843.3743162134216215475925,1.066320350326,146205535485.95118675,0.09835909070725786
2024-10-03,0.105096003478815,15367060434.18129998418727773370125,1.070247761749,146219265485.95118675,0.09819782599411093
2024-10-04,0.10906114233193,15948318993.9236031467620459179275,1.110562062713,146232825485.95118675,0.09820355475272023
2024-10-05,0.109460583334007,16008219044.20560504848297328280725,1.114942344953,146246425485.95118675,0.09817600329694293
2024-10-06,0.111472232949201,16303939435.18233232543167841428675,1.135321777323,146260095485.95118675,0.09818558507002642
2024-10-07,0.109328461066037,15991891141.33649432174685026940975,1.114590018119,146273815485.95118675,0.09808849827180532
2024-10-08,0.106890078410591,15636679725.18073110315225021886925,1.089937794091,146287475485.95118675,0.09806988893319048
2024-10-09,0.107835063631012,15776403037.923217044572045503491,1.099528744066,146301235485.95118675,0.09807389230430082
2024-10-10,0.105960033618484,15503517469.771990201232196535887,1.080701957187,146314765485.95118675,0.098047415306151
2024-10-11,0.110827943122676,16217276200.428868897305903035743,1.129925566153,146328405485.95118675,0.09808428664908102
2024-10-12,0.111371223306577,16298278148.69808841058535223025475,1.135938465895,146341915485.95118675,0.09804335943393572
2024-10-13,0.111236715768953,16280118001.00092825919014915497275,1.134581565678,146355615485.95118675,0.0980420616145658
2024-10-14,0.11671816533596,17083956797.81888766809247445053,1.190528294199,146369305485.95118675,0.0980389679982274
2024-10-15,0.116897770300165,17111844613.18910889831908547081375,1.191836970962,146382985485.95118675,0.09808201385614856
2024-10-16,0.125932259199921,18436079195.17462946150521545624675,1.280607794619,146396795485.95118675,0.09833788278431316
2024-10-17,0.129012500865229,18888785465.68489273168843436051575,1.308850553542,146410505485.95118675,0.09856931375098288
2024-10-18,0.137461798822993,20127764918.92215107484820153694275,1.389710099924,146424425485.95118675,0.09891401007340342
2024-10-19,0.144678836725127,21186510668.61089593248994919446725,1.460537973941,146438215485.95118675,0.0990585930023696
2024-10-20,0.142264676221723,20834932916.01322397486579797977025,1.437728844563,146451905485.95118675,0.09895097866313213
2024-10-21,0.143756641716272,21055402134.034310307056935185796,1.449157329863,146465595485.95118675,0.0992001618829492
2024-10-22,0.139731804388135,20467809277.16453792720806086921125,1.410473371552916054,146479245485.95118675,0.09906731116397596
2024-10-23,0.139559113322786,20444425580.0625734857555925162855,1.406669967802137582,146492945485.95118675,0.09921240697335797
2024-10-24,0.142159873053411,20827374653.35629363928942158550425,1.426751847027271676,146506705485.95118675,0.09963882181026093
2024-10-25,0.130329490109429,19095927131.02099959736440991486575,1.310474546525887459,146520385485.95118675,0.09945213392731429
2024-10-26,0.137370903065917,20129534763.94273290161657962699975,1.380626094135673403,146534195485.95118675,0.09949899081975315
2024-10-27,0.144504794160567,21176846015.95077156212700370288725,1.450667343811865133,146547705485.95118675,0.0996126333007932
2024-10-28,0.161079125156475,23607976534.21540661881580569670625,1.609236514415336213,146561365485.95118675,0.10009661334026955
2024-10-29,0.175590077437426,25737127099.0739558949315635653055,1.73983594505422018,146575065485.95118675,0.10092335311071753
2024-10-30,0.168648876228379,24722042372.33239309569963907877825,1.649566723465171618,146588835485.95118675,0.10223828707826126
2024-10-31,0.161709637058436,23707047656.568762525798753298923,1.58028803851407842,146602565485.95118675,0.10232921664742158
2024-11-01,0.159093463479228,23325679932.942163071638630573829,1.555040766477778598,146616205485.95118675,0.10230822683805277
2024-11-02,0.158537498993126,23246360688.5910058507565097922805,1.549410685156939752,146630045485.95118675,0.10232116023975125
2024-11-03,0.151439104530204,22207577814.264003814269935019597,1.480711997667354393,146643615485.95118675,0.10227451710310595
2024-11-04,0.157665135949443,23122745584.07284604927691385148025,1.540643781625845196,146657315485.95118675,0.10233717737338258
2024-11-05,0.170904253452604,25066685023.208092871163094677797,1.653774414056662686,146670925484.95118675,0.10334193829579248
2024-11-06,0.196985362851776,28894743872.496410180430375545168,1.876986814341413415,146684725474.95118675,0.10494765405205743
2024-11-07,0.192785545619683,28281326357.45958779543970500880025,1.833177491627189865,146698375474.95118675,0.10516469163526554
2024-11-08,0.202161999200692,29659632765.958842281981216821231,1.910172735151242074,146712205474.95118675,0.1058344072661499
2024-11-09,0.218385264185431,32042740688.35152201467772551023925,2.050358688665062863,146725745474.95118675,0.10651076096720237
2024-11-10,0.276206966900255,40530415728.21658073811908112762125,2.530533499338623207,146739295474.95118675,0.10914969786902412
2024-11-11,0.34446524010768,50551250708.36191985606631378924,3.007235002928706277,146752835474.95118675,0.11454550102410019
2024-11-12,0.385040385205233,56511031803.30114302056755566026275,3.124002661797665328,146766505474.95118675,0.12325225900533218
2024-11-13,0.399462054331095,58633166354.99021516107154767699125,3.158102728078293996,146780315474.95118675,0.1264879862138518
2024-11-14,0.360837106323382,52968745811.4264601995562101735885,2.84280679921606297,146794065474.95118675,0.12692987311796464
2024-11-15,0.379557526219645,55721973315.62996807908963391370375,2.968293809643441568,146807715474.95118675,0.1278706053243558
2024-11-16,0.363311624774131,53341916108.49351293797921914996425,2.830977820147707355,146821385474.95118675,0.12833432398816008
2024-11-17,0.36498788112387,53593008472.7499880988377325127225,2.830898269960168979,146835035474.94918675,0.12893005905472027
2024-11-18,0.371221698710495,54513407338.76286904072812393994125,2.864626342015152988,146848655474.94918675,0.12958817464806072
2024-11-19,0.390347408459773,57327347666.89253893881425643960775,2.971647977301533132,146862375474.94918675,0.13135721708674125
2024-11-20,0.378922041038118,55654487568.1261529300542698505365,2.869249581683525059,146875825474.94918675,0.13206311624372058
2024-11-21,0.387211064251374,56877284335.5301701478020788700945,2.914133926265331612,146889615474.94918675,0.1328734622528527
2024-11-22,0.411469422430684,60446144192.439643043445574046237,3.053792892863454297,146903125474.94918675,0.13474044798265966
2024-11-23,0.430887542775229,63304642847.86430460659585159501575,3.152342190257834575,146916855474.94918675,0.13668806137444936
2024-11-24,0.430914537310196,63314538184.090053104770122683103,3.140173296460659621,146930615474.94918675,0.13722635556320625
2024-11-25,0.393616354430699,57839693633.89113556852524928403825,2.849179258643514897,146944335474.94918675,0.13815078613835569
2024-11-26,0.384625944378009,56523861639.71094799733110913418075,2.776832522442854711,146958005474.94918675,0.13851247465210584
2024-11-27,0.402003022324498,59083021556.7528639133924197020015,2.874558212842486544,146971585474.94918675,0.13984862805299744
2024-11-28,0.402527956310164,59165694620.456455633671922559127,2.867255815141991389,146985305474.94918675,0.14038787686275217
2024-11-29,0.425642739922701,62569029661.27770249576359781341175,2.991893631258163542,146998935474.94918675,0.1422653317202684
2024-11-30,0.422311284757106,62085044285.5980291871861375595455,2.961086249926305849,147012515474.94518675,0.14262039302894886
2024-12-01,0.442531858104985,65063726795.12983952422160193094875,3.091088701762629215,147026085474.94518675,0.14316375258097264
2024-12-02,0.423965942420445,62339784908.23415896179827210310375,2.87563598853932635,147039605474.75318675,0.1474338004219365
2024-12-03,0.408890555816616,60128662832.281311294037194601038,2.766592977007437614,147053195474.75318675,0.14779570367409225
2024-12-04,0.427135670083817,62817388805.05435134000376035382475,2.873867817463481347,147066595474.75318675,0.14862745860761728
2024-12-05,0.428626960035923,63042592789.33758171899433872762025,2.866880097097285727,147080325474.75318675,0.14950990118837115
2024-12-06,0.435611044385079,64075664444.88066758695694940050325,2.904079851400006123,147093755474.75318675,0.1499996786159577
2024-12-07,0.454731038864816,66894357883.966901155609498452388,3.011297167834443916,147107525474.75318675,0.1510083573690713
2024-12-08,0.465420698203816,68473235555.818777017311647010638,3.07337118530748097,147121165474.75318675,0.1514365399235863
2024-12-09,0.414373589651746,60968781651.0207443291932362015655,2.718254997181792228,147134815474.75318675,0.15244102929318865
2024-12-10,0.394382129917968,58032697621.344645837167824084524,2.581165855120452827,147148395474.75318675,0.15279224662592003
2024-12-11,0.415512968474518,61147763292.7739826336827576342365,2.70963235987030326,147162105474.75118675,0.15334662171454377
2024-12-12,0.405972922416574,59749416215.9639581149286031671945,2.645587016881035001,147175865474.72818675,0.1534528706960424
2024-12-13,0.407146357799469,59927703632.04472890043784432383575,2.645218740183101299,147189585474.71718675,0.15391784112768173
2024-12-14,0.39813161591215,58606254044.4135582242973831440125,2.584864860573638805,147203215474.71718675,0.15402415112092002
2024-12-15,0.406975028268765,59913600197.46284928192484369686375,2.634477138852350253,147216895474.71718675,0.15448037952838503
2024-12-16,0.401769560718802,59152831933.6752536276565240522735,2.425011119913416763,147230745474.70818675,0.16567740964962954
2024-12-17,0.393859912196652,57993688304.711613597222487036761,2.375903932694424936,147244455474.70618675,0.1657726588928156
2024-12-18,0.358541477761637,52798117236.79149831960162570770975,2.14709356570150463,147258045474.70618675,0.16698921904900466
2024-12-19,0.316193191582731,46566310583.87930717890543016101425,1.899495138832581223,147271705474.70618675,0.16646170085860898
2024-12-20,0.317827831528221,46811375611.55379677677668770027175,1.909888319328177706,147285325474.70518675,0.1664117363888691
2024-12-21,0.320384014779468,47192243543.168095834232558069649,1.922122962406868128,147298995474.70318675,0.1666823720675422
2024-12-22,0.312344422286689,46012264405.65466030414399040617075,1.873911685597689187,147312585474.70318675,0.1666804389381167
2024-12-23,0.324067417385073,47743629402.67736405912673483538275,1.941334059291402116,147326225474.70118675,0.16693026933415026
2024-12-24,0.336910216495006,49640332928.2439564130487736483705,2.015741637463890252,147339945474.70118675,0.16713958288766131
2024-12-25,0.334166746920117,49240658280.09389230130144734884975,1.992816467713922402,147353555474.70118675,0.16768566114041575
2024-12-26,0.311610792488526,45921221033.1148588440212779582305,1.861037250057954334,147367235474.70118675,0.16743930970689716
2024-12-27,0.31077438584119,45802188629.4117293639652900322325,1.855025257338884038,147380835474.70118675,0.1675310805670698
2024-12-28,0.323820043203708,47729301607.207777700936459600469,1.931223846780040019,147394525474.70118675,0.16767607946826998
2024-12-29,0.313864127469164,46266116406.699584962085424830377,1.872070900003528181,147408105474.70118675,0.16765611145847759
2024-12-30,0.312933128205495,46133144847.58123676636337437119125,1.86464761375085605,147421735474.70118675,0.16782427194166213
2024-12-31,0.315561994021735,46524982140.42026962683900979401125,1.878498811370029669,147435315474.70118675,0.1679862622812036
2025-01-01,0.324371688664993,47828260191.78441518982870028044275,1.925621263262576465,147448935474.70118675,0.1684504086309323
2025-01-02,0.33853522610507,49921303413.1820047496063091918225,2.008133787467522078,147462655474.70118675,0.16858200794081565
2025-01-03,0.380095320688078,56055068827.1123283236624531765665,2.232278393059161367,147476345474.70118675,0.1702723647148631
2025-01-04,0.394159871078109,58134641543.21781037055034424585575,2.310568679717550034,147490005474.70118675,0.17058998269044837
2025-01-05,0.382312092522556,56392450294.863810099313134343333,2.238297336387364106,147503705474.70118675,0.17080487310931255
2025-01-06,0.387200294388729,57118813803.28935368284402212414075,2.261465928187701293,147517485474.70118675,0.1712165058790094
2025-01-07,0.349577343519907,51573451535.61223945843727514963225,2.042148192832585363,147530875474.70118675,0.1711811830046583
2025-01-08,0.342404377424092,50519881115.366819285151380441181,1.999257633292191258,147544495474.70118675,0.17126575971114458
2025-01-09,0.320921895468229,47354620482.20405421429275322076575,1.877487753488136994,147558085474.70118675,0.170931551948606
2025-01-10,0.334273254493641,49329314372.99429250546868482345675,1.952997735859985214,147571825474.69618675,0.17115905889488742
2025-01-11,0.341714544687048,50432083051.384615524874157714214,1.9957011927227169,147585415474.69618675,0.17122530463633684
2025-01-12,0.335170990391272,49470901494.010124677616926338046,1.957595043763405831,147598995474.69418675,0.17121569216221447
2025-01-13,0.337866727860683,49873421789.09661313470161543155025,1.972653830644079066,147612705473.80318675,0.17127522457925026
2025-01-14,0.356522671996168,52632074971.225971955489842028374,2.079083821224122887,147626165473.68318675,0.1714806629519413
2025-01-15,0.385481222670558,56912415131.1298619488090975387065,2.239664837626869745,147639915472.01418675,0.1721155845260359
2025-01-16,0.377088460404423,55678410414.78238101600464198199525,2.183897780420469221,147653445441.07218675,0.17266763297493787
2025-01-17,0.414688203670663,61235744461.35594317938144893601525,2.37960000577427677,147666955363.86208675,0.17426802935972063
2025-01-18,0.396027950547909,58485655379.44955867362882432210575,2.271851031246186648,147680625315.79908675,0.1743195064733951
2025-01-19,0.357008600451282,52728147940.7390699448401659707135,2.050782087711058787,147694335301.97108675,0.17408412263330733
2025-01-20,0.356426774493149,52647048686.90985862589716679177575,2.046301160484066781,147707895294.27398675,0.17418099611927787
2025-01-21,0.371075956540929,54815932273.05659433903717218469075,2.122486778965896191,147721595287.48798675,0.17483075052261204
2025-01-22,0.362213666083585,53511724803.90795410800144812249875,2.072893192793370047,147735245283.53798675,0.1747382196742498
2025-01-23,0.352748937280501,52118241100.79693343716708572936175,2.018972808520852471,147748825276.69598675,0.1747170322412283
2025-01-24,0.350049990860163,51724235612.02660490323291525184025,2.003665097309425313,147762425260.82298675,0.1747048403099996
2025-01-25,0.354744971603286,52422766406.6719878930761847124605,2.029948397370361992,147775925250.59598675,0.17475565982998884
2025-01-26,0.336758345593937,49769349279.84952842821035287033475,1.928363960087124023,147789505237.26998675,0.17463422495135314
2025-01-27,0.332398307456154,49129538581.0828633909045094639595,1.90173441948769268,147803215236.17698675,0.17478692295304757
2025-01-28,0.318187788553581,47033524640.76226320631499811005175,1.822009093628892895,147816875231.34498675,0.1746356753466289
2025-01-29,0.325839214065491,48168985413.55610409654408708224425,1.865204156093854592,147830535227.94998675,0.1746935921201621
2025-01-30,0.332162059141983,49108209066.97616543439023538972525,1.902085930765193185,147844125225.58698675,0.17463041693829104
2025-01-31,0.32861110409929,48587713335.8813351468035384244075,1.883060655352549687,147857795216.80598675,0.17450903833884568
2025-02-01,0.307626418454179,45489163081.46399471088415687012825,1.764468179290100224,147871445209.57198675,0.17434512113329614
2025-02-02,0.262894046555251,38878053267.48706467030895064492425,1.513169534879086418,147884875207.00198675,0.17373733775062966
2025-02-03,0.285725513300065,42258407746.23886448274286964913875,1.63586881946438129,147898615206.47498675,0.17466285187440497
2025-02-04,0.263651469892193,38997299319.34450080940357360344275,1.513413085174405312,147912315206.47498675,0.174209852204238
2025-02-05,0.255911948787979,37856022032.33179020989964258427825,1.472864680272672807,147925965206.47498675,0.1737511614037766
2025-02-06,0.248038434923173,36694708138.44213231345629594295775,1.429143450876107848,147939605205.97498675,0.17355740934971783
2025-02-07,0.245674434869257,36348293051.44699877561719406934475,1.417659889195966462,147953095204.19098675,0.17329575079435494
2025-02-08,0.253278226341988,37476742119.002781770494030688659,1.461386125760884327,147966695204.18998675,0.1733136929913827
2025-02-09,0.248325821287136,36747325857.633359991314157833448,1.433402569634459671,147980285204.18298675,0.1732422046309454
2025-02-10,0.254363892891382,37644310938.6396814672638605951885,1.468807926342443055,147993925201.93298675,0.1731770971067586
2025-02-11,0.253512053377467,37521719515.58509907618233645956225,1.463978048904369163,148007635201.93298675,0.1731665673315209
2025-02-12,0.263710241578728,39034744701.957296619400834705854,1.52206497850422723,148021345201.73298675,0.17325820204987757
2025-02-13,0.261970232111397,38780775152.10341905736119170498975,1.51205049464941794,148035045201.67298675,0.1732549495128713
2025-02-14,0.271484772709905,40192993508.40629452674026546875875,1.566514632114110969,148048795176.27498675,0.17330497088528246
2025-02-15,0.271884889126567,40255936052.86051586395105759598725,1.568075917881927442,148062425176.26898675,0.17338758029892742
2025-02-16,0.265826069240497,39362459746.58237944627274825641475,1.533364907273529596,148075995176.26898675,0.17336125796250376
2025-02-17,0.25806967818654,38217441912.005069332339983288345,1.489271512969326303,148089625176.26898675,0.1732858487785063
2025-02-18,0.250540106311391,37105812813.12869069918117155306925,1.446427151442458074,148103285176.26898675,0.17321308305194522
2025-02-19,0.254638279160465,37716282225.88014180655248712883875,1.470007287056760004,148117095160.35698675,0.1732224604616078
2025-02-20,0.254764480317567,37738482873.51785263519270460923725,1.470630095363605947,148130865128.75098675,0.17323491551053682
2025-02-21,0.239163258788702,35430739359.6597781550409922516985,1.382658314021311337,148144575128.75098675,0.17297350788939436
2025-02-22,0.24693580304727,36585543137.1714537032513579536725,1.428248809344728121,148158115128.27898675,0.17289410740735198
2025-02-23,0.242577240679212,35943088228.005483634825142748441,1.403449242145614738,148171725127.07898675,0.17284361514090543
2025-02-24,0.211034609048792,31272274361.882846388293819879506,1.225595023745603935,148185525127.07798675,0.17218951200033297
2025-02-25,0.211778279737084,31385387544.695396840466954035637,1.234187895867829472,148199275127.07798675,0.17159322372722705
2025-02-26,0.202979873670678,30084248937.8508936371090927475165,1.185288944061836253,148212965127.07798675,0.17124927612594742
2025-02-27,0.206547925098167,30615850227.32050804348985847528725,1.206717497431411342,148226375127.07798675,0.17116510329701834
2025-02-28,0.201570869630499,29880860700.36764344326737682288825,1.180735149112619725,148239975127.07298675,0.17071641322949468
2025-03-01,0.205935975742774,30530750829.2276977171798419102445,1.206670710584349485,148253605127.07298675,0.17066460131699576
2025-03-02,0.239431372819908,35499851593.824453771058479420219,1.400267409588254928,148267335127.07298675,0.17098974894396218
2025-03-03,0.199746959913288,29618669971.503188333482153412934,1.173424008550659046,148280954986.05298675,0.17022573124271007
2025-03-04,0.198745346563363,29472882535.85904338664822515844025,1.168555925590446362,148294704985.52098675,0.1700777362991345
2025-03-05,0.204758605912488,30367399689.7948364687043677566608,1.206123596412761164,148308294806.2929866,0.1697658569333016
2025-03-06,0.202262917441581,30000009023.1884826376665696538146,1.191999658654167763,148321844669.5909866,0.1696837041630925
2025-03-07,0.197539630697219,29302170412.9506594816226868292654,1.186029384085965063,148335654519.1879866,0.16655542716545466
2025-03-08,0.192073419638318,28493944774.0589506912539506305388,1.157785187580949428,148349234515.1879866,0.16589728535017095
2025-03-09,0.167716013394069,24882841585.8701183508931500914754,1.017039796247160006,148362944493.5879866,0.1649060479372931
2025-03-10,0.155007048178239,22999433427.6801807128131545775974,0.948080314827312326,148376694466.3939866,0.16349569309059295
2025-03-11,0.164654070622326,24433042970.4971396683156830368316,1.00674452965827069,148390154450.1759866,0.16355099607863394
2025-03-12,0.171884652254234,25508336321.0929043786779428572644,1.050326640193630579,148403804449.9959866,0.16364875999198364
2025-03-13,0.165105937438683,24504599644.3618585523059616396478,1.009363091822241309,148417434433.3459866,0.16357437554072937
2025-03-14,0.172112620905117,25546875009.7746236887308920474322,1.051932154371380429,148431154411.7279866,0.16361570486260973
2025-03-15,0.176025776035043,26130115414.8440241079201349344238,1.075478510362889437,148444824408.2279866,0.16367205326645545
2025-03-16,0.168020621035785,24944059864.246412162399084600481,1.026721518069711823,148458324403.7279866,0.1636477059053678
2025-03-17,0.173525037878429,25763608452.5843938142808825120514,1.06044555376897286,148471994402.5269866,0.16363408499540272
2025-03-18,0.168050532126553,24953118443.0839262470398689351898,1.0284248025426193,148485804402.5269866,0.16340575578406355
2025-03-19,0.177718506609679,26391092382.8438870599622702633014,1.086908178213918909,148499404402.5269866,0.1635082982830418
2025-03-20,0.169177548527867,25125098153.0620549864955696355822,1.035706082120604984,148513194402.5269866,0.16334513376756124
2025-03-21,0.167203102370918,24834137465.2479629060689380156988,1.024518422486413068,148526774402.5269866,0.1632016552373273
2025-03-22,0.167037868333128,24811904242.1565896366631391120848,1.02342159635657254,148540594355.9669866,0.1632151099095333
2025-03-23,0.171982964124126,25548800997.3885588178050405787116,1.053479720420695011,148554254355.9669866,0.16325227794175914
2025-03-24,0.182566680188327,27123550906.1384835153380442754182,1.117152032269468554,148567914354.1369866,0.163421517317967
2025-03-25,0.190423104683519,28293366591.5109361857337653438454,1.164258612852088437,148581584354.1369866,0.16355739402007846
2025-03-26,0.194555538243826,28910053037.9924841471092130947316,1.189009991359935109,148595374354.0369866,0.1636281777761197
2025-03-27,0.190812753595066,28356483789.1772701086094832681156,1.166174827041231526,148608954354.0369866,0.16362276836243148
2025-03-28,0.180308483789305,26797930872.551234835745774908313,1.104183356820772489,148622684353.9169866,0.16329578115401
2025-03-29,0.168921493209475,25107886747.180832766069754568035,1.035429147259222428,148636424353.9169866,0.16314152799021508
2025-03-30,0.166137221943901,24696312056.2863118901648361687266,1.019082172436477475,148650084353.9169866,0.16302632548923018
2025-03-31,0.166272475565334,24718695451.4367451704611407025244,1.022204668766387321,148663784353.9169866,0.16266064971704172
2025-04-01,0.17418323447032,25897128601.246286194642928737712,1.07117254570406989,148677504353.3769866,0.16260987566277782
2025-04-02,0.164147423491663,24407246902.0550623807209304027158,1.010544845426825831,148691014350.8569866,0.16243457599581515
2025-04-03,0.161390647996954,23999561506.6321136495686064188164,1.000127382032473026,148704784350.8569866,0.16137009234661054
2025-04-04,0.170881962294524,25413325225.1781478884030864613784,1.058536640386383662,148718594308.8419866,0.16143226013617176
2025-04-05,0.168554841263701,25069558371.1314705709940962884066,1.044427570000296983,148732354307.8219866,0.16138490222318919
2025-04-06,0.148358808193098,22067797725.5663095990897169084868,0.921199065794808985,148746124307.2519866,0.16104967286858274
2025-04-07,0.149540651703049,22245666488.5623163106718455871434,0.932345050189214599,148759994257.1919866,0.16039196183076265
2025-04-08,0.141919640251704,21113904896.1150973157761587551664,0.886604977416387583,148773664157.1819866,0.1600708814710979
2025-04-09,0.160703849253795,23910703747.422160825815887739147,1.003105769525699819,148787374157.1719866,0.16020628545460452
2025-04-10,0.153708938985406,22872044458.1991935383803213075596,0.960188860534023874,148801004087.1519866,0.16008198522519665
2025-04-11,0.159909524616969,23796880591.1151570103564524206154,0.999802623207158497,148814654087.1519866,0.1599410932770036
2025-04-12,0.167735128742978,24963724682.5497927631892935000948,1.048746763584670004,148828244087.1519866,0.15993863777910577
2025-04-13,0.16248931938137,24185214815.794153385832848329642,1.016240113294999586,148841874086.6919866,0.15989264471614273
2025-04-14,0.158832756203076,23643128392.2300040997575714707816,0.993859479745319395,148855494026.6919866,0.15981409790826523
2025-04-15,0.153720596823584,22884252129.6340566164119572514624,0.963493309599195261,148869134016.5492186,0.15954505889359047
2025-04-16,0.154711563129421,23033900615.18525522815047572308404,0.971133662083754416,148882864016.54856324,0.15931026713403956
2025-04-17,0.155908118295123,23214153493.87134112740873164907852,0.978511405051094394,148896374016.44856324,0.15933193776824914
2025-04-18,0.157623932197406,23471800867.71532912929050475495544,0.989256407070630963,148910134016.44856324,0.15933577085859796
2025-04-19,0.157256753777459,23419259826.70779885461386865800716,0.987003420751308818,148923714016.43856324,0.15932746581339594
2025-04-20,0.155059899587302,23094226663.92612099619524542797848,0.973387259919291516,148937454012.23856324,0.15929929019222916
2025-04-21,0.158824727038841,23657124789.86688585004459351480484,1.000313750528519937,148951144012.23856324,0.1587749113264966
2025-04-22,0.178277082423552,26557007077.55647554025133361742848,1.122189543674362262,148964784012.23856324,0.1588653925965332
2025-04-23,0.178828551637766,26641570742.87037419723678476332184,1.126314016576420167,148978283942.23856324,0.1587732630561936
2025-04-24,0.182192269081827,27145193095.20764830084714647423948,1.147124133094467857,148992013942.23856324,0.1588252429057938
2025-04-25,0.182098837687487,27133745465.81529630512271500617788,1.14686515583621283,149005593942.23856324,0.15877964097245018
2025-04-26,0.181766149342599,27086674143.60255372068475228746076,1.144500112259777964,149019353942.23856324,0.15881706554288377
2025-04-27,0.179769686537745,26791632581.7422152802381129494938,1.13204281243929392,149033093942.21456324,0.15880113769759496
2025-04-28,0.178876040264655,26660905680.8065170931275648342822,1.126542951453619799,149046823942.21456324,0.1587831516178275
2025-04-29,0.173926862455715,25925644898.6919859977100625669166,1.095644398656042647,149060613942.21456324,0.158743897809417
2025-04-30,0.172561011783563,25724400638.72686376089834202432876,1.087515336717798423,149074233935.25325252,0.15867455470040992
2025-05-01,0.180744616407634,26946864926.17503445474939385773768,1.138317125903885177,149088063931.05325252,0.15878230441636643
2025-05-02,0.181349762979128,27039582243.14799870944241799340256,1.143457192571868224,149101833931.04325252,0.15859777187743726
2025-05-03,0.175798822483209,26214333521.04417622726001044693668,1.108721604249580836,149115523931.04325252,0.15855993227641255
2025-05-04,0.170519764584507,25429463105.41526453506510368070764,1.076084738274208638,149129123931.04325252,0.15846313818926686
2025-05-05,0.170943589441095,25494999405.5384095561656177503094,1.078987669201490516,149142763931.04325252,0.15842960426749134
2025-05-06,0.171871174701271,25635681201.71043835838749121795292,1.084803326081433574,149156373931.04325252,0.1584353316117774
2025-05-07,0.172242530155241,25693387896.69470799035276116445732,1.087215599710972119,149169823931.04325252,0.15842536678192473
2025-05-08,0.196684925015026,29342158085.23191103277861431236552,1.236574030447386672,149183563930.94325252,0.1590563283492751
2025-05-09,0.205012390034221,30587293815.42085174910953184448692,1.281557427550727741,149197293930.94325252,0.1599712862076218
2025-05-10,0.248203845895291,37034725169.24982704932805489188332,1.54807138042335943,149210923930.94325252,0.16033100865634076
2025-05-11,0.231706009795162,34576269978.94367848050509124030824,1.445051146309438237,149224743930.94325252,0.16034450433600453
2025-05-12,0.231792039433185,34592299506.0311273520783411228762,1.446490442896304564,149238513930.94325252,0.1602444320123321
2025-05-13,0.240751275230848,35932622314.69788814268735095773696,1.50001216581914199,149252053930.94325252,0.1604995484149131
2025-05-14,0.232427465912342,34693481852.13627382572309069060184,1.448574131788668149,149265843930.94325252,0.16045258631351203
2025-05-15,0.218119048590644,32560709915.07210102079404740142288,1.359292220763086695,149279533930.94325252,0.16046516360418453
2025-05-16,0.222219068119706,33175834431.38101855566054434615912,1.384488328450184534,149293373930.94325252,0.16050627770077422
2025-05-17,0.21466799350509,32051422070.0297722415251536053268,1.337780800158246199,149306943930.93025252,0.16046574556885318
2025-05-18,0.23086794653,34473290413.2050767519467577556,1.437232881068086201,149320383930.93025252,0.16063363813276346
2025-05-19,0.224159530542918,33474676080.77648348071730643765336,1.395499684838794044,149334163930.93025252,0.16063029822096486
2025-05-20,0.226414692600132,33814577872.17102669023505814533264,1.409596505195356283,149347983930.93025252,0.16062376131441466
2025-05-21,0.234827825578378,35074270069.11229031945594659201256,1.459998871942738244,149361643930.93025252,0.16084110069612986
2025-05-22,0.244428553601783,36511587039.37847607502520371224316,1.516837414425668538,149375293930.93025252,0.16114354200204958
2025-05-23,0.225610002628277,33703617471.89243683129077130250804,1.401335371462015731,149388843930.93025252,0.16099643755719778
2025-05-24,0.22521607350306,33647863324.1354785817465267927112,1.398217331760108799,149402583930.93025252,0.16107372465448752
2025-05-25,0.224405776724959,33529836857.83760300828982045664668,1.393083330183451493,149416103930.93025252,0.16108568085112868
2025-05-26,0.225723256623159,33729748121.36120942166117035011068,1.401513726553423116,149429653930.93025252,0.16105675766605118
2025-05-27,0.226014866536737,33776403872.46089416588967326682724,1.402966505156475495,149443283930.93025252,0.1610978349846842
2025-05-28,0.220832457679683,33004930995.61444920044850846355116,1.371088540740166798,149456883930.93025252,0.16106360101330078
2025-05-29,0.215617706310406,32228482906.29357852942745508372312,1.339301745698198023,149470483930.93025252,0.1609926269438268
2025-05-30,0.193146559134262,28872309416.07812522329363624384024,1.2024798514659399,149483943930.93025252,0.16062353053050957
2025-05-31,0.192863250007248,28832597619.68054280257927247026496,1.201762464775950994,149497623930.93025252,0.16048366932745245
2025-06-01,0.1939439425838,28996794290.254575593661315261176,1.208613568042249758,149511213930.93025252,0.16046811628795168
2025-06-02,0.195403091508108,29217636301.68028205867564806743216,1.21803410725746184,149524943930.93025252,0.1604249752480902
2025-06-03,0.19328309215014,28903279897.9234366347962599533528,1.20553929964916196,149538583930.93025252,0.16032915078454058
2025-06-04,0.188246211708754,28152624536.43692704755174791456008,1.174014653719499582,149552143869.93025252,0.16034400517263947
2025-06-05,0.171780936930379,25692560792.41583941260303912930508,1.078068897110603449,149565843867.93025252,0.15934133466866476
2025-06-06,0.17921104720456,26806295944.2893694971074008954912,1.129465235782973037,149579483867.93025252,0.15866893599458728
2025-06-07,0.184975916595816,27671119654.62249054084708149545632,1.165576806876836518,149593093867.92025252,0.1586990368240588
2025-06-08,0.184247327542836,27564644582.52314941862137223694672,1.16142588992715959,149606753867.92025252,0.1586389016645662
2025-06-09,0.194360227733372,29080288810.56678779634893347109744,1.224496799707645039,149620573867.92025252,0.15872661143726674
2025-06-10,0.197741533769401,29588881157.88308479315362336914052,1.245314050600807212,149634123867.92025252,0.15878848686722816
2025-06-11,0.192962205685863,28876354873.42285752563939475412476,1.215741973689824589,149647723867.92025252,0.1587197035734607
2025-06-12,0.181776878925571,27204984708.49871235120204860518892,1.145682114523296925,149661413867.92025252,0.1586625789311601
2025-06-13,0.179964005373159,26936143794.17691146895248021011068,1.135329902647335146,149675173867.82025252,0.1585125212975746
2025-06-14,0.178271836037025,26685310378.730968289680071569553,1.121826066284251771,149688873867.82025252,0.15891218914845032
2025-06-15,0.175521881781693,26276066941.52980326508340677311636,1.104769367163739158,149702513867.82025252,0.15887649223322348
2025-06-16,0.174390009129195,26108997951.9969545623981102043214,1.098353564249592841,149716133867.82025252,0.15877401849953496
2025-06-17,0.169763942552922,25418704844.35478485425724550386344,1.070382858727399608,149729703858.82025252,0.15860114086165197
2025-06-18,0.170542530430445,25537630947.3283982851595591959714,1.075853437137210753,149743473858.82025252,0.15851836741280456
2025-06-19,0.170996663613341,25607965112.25485813561001326086932,1.079092069111679074,149757103858.82025252,0.15846346063325942
2025-06-20,0.162241376823417,24299016558.76362880402046338926084,1.0252998718415415,149770773858.82025252,0.1582379763024989
2025-06-21,0.153143876326901,22938587191.83521069921376688904052,0.968399916387773873,149784553858.82025252,0.1581411498858267
2025-06-22,0.151117283638474,22637085571.66948775046885766745448,0.956506084454467826,149798123858.72025252,0.15798883676172534
2025-06-23,0.164515627735258,24646392824.90637315796106546735016,1.041634901658086087,149811863858.72025252,0.15793981890716235
2025-06-24,0.165414298387766,24783297142.81192271187517073867032,1.047486874906333586,149825603858.71025252,0.15791539001627813
2025-06-25,0.164392362795028,24632435556.97190680328194688047056,1.041156801597454445,149839293858.71025252,0.15789395270990844
2025-06-26,0.160013454945471,23978500081.65832381165604524033692,1.013921346867173212,149853023858.71025252,0.1578164375766252
2025-06-27,0.161008422439227,24129808004.79464901829645152360204,1.0205972731750995,149866743858.71025252,0.15775901687286153
2025-06-28,0.163770188662085,24545953472.4151675943678012997042,1.037953394653044671,149880473808.71025252,0.15778183250398084
2025-06-29,0.169501790668107,25407330871.29285217430799148037964,1.074915844398335319,149894173808.71025252,0.1576884288676408
2025-06-30,0.165174145294419,24760880153.13554164876175923668588,1.049334710028590517,149907723808.71025252,0.15740844528998624
2025-07-01,0.157508733286323,23613949307.46526670001660279228396,1.001193129915649347,149921523808.71025252,0.1573210288604289
2025-07-02,0.169208685728529,25370321860.04242461758300775814308,1.074845715573938749,149935103808.71025252,0.15742602242981085
2025-07-03,0.172079869520591,25803168873.37286383026879894963932,1.094136573264663319,149948793808.71025252,0.15727457954096394
2025-07-04,0.162939440756645,24434808134.4519019286589578179954,1.037063182807666893,149962513808.71025252,0.1571162138024368
2025-07-05,0.164342958494657,24647549472.01693757716894154078564,1.045986549671172961,149976303808.71025252,0.15711765944439873
2025-07-06,0.171856537885623,25776764490.58173043379412320751996,1.093346645678224016,149990013808.71025252,0.15718394396227106
2025-07-07,0.167718790500814,25158414615.62065481040426720555128,1.067990507524074051,150003553808.71025252,0.1570414618100277
2025-07-08,0.171023202825819,25656393600.20667419596586016581388,1.089130747038445319,150017033807.61025252,0.15702724699570164
2025-07-09,0.181310460849354,27202117917.86465985152635761887208,1.153907826081176648,150030603807.61025252,0.15712733439473087
2025-07-10,0.194380173563235,29165641703.9015143211906465381022,1.235507287721944068,150044323807.61025252,0.15732822905612928
2025-07-11,0.201268058509813,30201873026.81291675010921182797876,1.277205264586563601,150057953807.61025252,0.15758473918831226
2025-07-12,0.197000109421309,29564108581.12289261290799255894868,1.250073987652311108,150071533807.61025252,0.15759075972077707
2025-07-13,0.198175498132164,29743186245.78074299940575637405328,1.257518632012307525,150085083807.61025252,0.15759249452633511
2025-07-14,0.197241833159521,29605711935.18771536337146425224292,1.249992234658030333,150098543807.61025252,0.15779444678988896
2025-07-15,0.19868236835163,29824660091.9206767144215604536076,1.25916418865259339,150112263807.61025252,0.1577890875091008
2025-07-16,0.212809893654717,31948290392.70730297177479488913684,1.344520738304147347,150125963807.60025252,0.15827936869395967
2025-07-17,0.219255071149665,32918834434.4065235633550207134058,1.382911257121836362,150139443807.60025252,0.15854601661569118
2025-07-18,0.2353881055872,35344249945.547098850027142879744,1.477151215287120533,150153083807.60025252,0.15935274814870362
2025-07-19,0.241375015472774,36246449421.30235092037318958489048,1.512518845394279364,150166533807.60025252,0.1595847987003779
2025-07-20,0.272872521043953,40980037180.24304071525357775901156,1.70138584362461075,150180153807.58025252,0.16038250351409344
2025-07-21,0.271364601573221,40757279015.36452268074400444976692,1.686677509786481189,150193793807.58025252,0.16088706940046493
2025-07-22,0.269906161520572,40541936180.55156722615149613484144,1.674654984679207267,150207523800.68025252,0.1611712048092548
2025-07-23,0.241035269242798,36208622766.19034945742369183135096,1.499377614258741528,150221263800.68025252,0.1607568813557086
2025-07-24,0.232089926519249,34867993858.33073096568753396075748,1.444732462709028491,150234843800.68025252,0.16064560914209364
2025-07-25,0.236309760504926,35505147776.46661874187794638391352,1.470494815091710347,150248333799.68025252,0.16070084578311694
2025-07-26,0.235916408275084,35449260440.81717602208259074421168,1.467988903775948655,150261953799.68025252,0.16070721493075446
2025-07-27,0.24052923645327,36145661807.7370239210037427797404,1.496219683997610252,150275543799.68025252,0.16075796824876828
2025-07-28,0.225900251728928,33950380265.50051795770470962889856,1.406450469575795287,150289253799.68025252,0.16061728202704684
2025-07-29,0.223615353616109,33610014621.15815110060614025984468,1.3932061260148147,150302803799.68025252,0.1605041418068895
2025-07-30,0.219763424936762,33034078490.04376172236475451114024,1.372869188671488671,150316543799.54025252,0.16007601215773865
2025-07-31,0.210123333724285,31587864670.7105382004640609564482,1.313943444222453202,150330113799.54025252,0.15991809590300046
2025-08-01,0.200752463822396,30181897063.28715972639866227143792,1.256631187961841574,150343843799.54025252,0.15975448146245755
2025-08-02,0.191026326721824,28722243555.96111064212536075499648,1.196953523526391949,150357513798.54025252,0.15959377115916232
2025-08-03,0.199108708398867,29940202231.10056499007329906189484,1.247903167642823978,150371133798.54025252,0.15955461414122807
2025-08-04,0.21059134741423,31669744780.2996281162762732413596,1.318627564297649371,150384833798.54025252,0.15970494862694523
2025-08-05,0.199800814855816,30049707647.89720634523307603065632,1.252054537085750223,150398323798.54025252,0.15957836415086774
2025-08-06,0.205191024747449,30863176778.45768615109249368582148,1.285714284554523065,150411923798.54025252,0.1595930193919748
2025-08-07,0.222218586968002,33427338453.68969294703189823986504,1.391078822141261519,150425483798.54025252,0.1597455035840062
2025-08-08,0.230698745035874,34706112450.64482149801592041890248,1.432358174313980942,150439103798.54025252,0.1610621904303829
2025-08-09,0.240479030860272,36180722804.57083234686247571588544,1.491748983249007408,150452713798.54025252,0.16120609670972402
2025-08-10,0.233719289959024,35166875349.35955540425633029274048,1.449529472373089006,150466293798.53525252,0.16123803924896526
2025-08-11,0.222786206100253,33524862456.64114607940729379088756,1.382564211005066636,150479973798.53525252,0.16113986195136407
2025-08-12,0.235974880745177,35512717288.51769494226780146709604,1.462996355375795373,150493633798.53525252,0.16129560396926815
2025-08-13,0.245551899202734,36957337102.98024821164278136438968,1.522913728413046291,150507233798.53525252,0.16123822027568926
2025-08-14,0.223845559865428,33693409120.76616786274432519787856,1.389994778582826129,150520783798.53525252,0.16104057606148026
2025-08-15,0.228150271522244,34344446848.05321466333367733705488,1.420237260363159671,150534323798.53525252,0.16064236440600438
2025-08-16,0.230651185305465,34724075521.5038032383318071110218,1.435540683253671396,150548003798.53525252,0.16067199487700418
2025-08-17,0.235327821497025,35431369522.180729648933342803753,1.463593819841853699,150561753798.53525252,0.16078765727669786
2025-08-18,0.222996649127734,33577819407.99479615849090742538968,1.387797999677477972,150575443798.53525252,0.16068379488913953
2025-08-19,0.210182427305944,31651137122.06888388457053533697888,1.309890769591966186,150588883798.53525252,0.16045798030275174
2025-08-20,0.221697308237192,33388209611.43223160232638977572384,1.381087355926916144,150602683798.53525252,0.16052374043233492
2025-08-21,0.214829910361495,32356893488.9163380172003743097174,1.338959686985650976,150616333798.53525252,0.1604453908878567
2025-08-22,0.240561504618847,36235782760.01304474010371199624444,1.496472157408548394,150630013798.03525252,0.16075240920982392
2025-08-23,0.236051019567606,35559585709.90548763689591542186712,1.467830015805973724,150643643798.03525252,0.16081631866479598
2025-08-24,0.232208379261368,34983888338.82930755160974296064736,1.444165325505774918,150657303798.03525252,0.1607907177663638
2025-08-25,0.209471607610847,31561318333.07523952973363953608444,1.30559411968389742,150671103798.03525252,0.16044159854332296
2025-08-26,0.218667520111126,32949852684.87113904664261587153752,1.367158353290912557,150684713798.03525252,0.1599430816370081
2025-08-27,0.219463812694838,33072885768.02935719748102503049176,1.371836227090544495,150698583798.03525252,0.15997814342626548
2025-08-28,0.224374957604707,33816012925.20205643177764508561164,1.400475394881205793,150712063798.03525252,0.16021342354518084
2025-08-29,0.213847350300305,32232273133.0969294096017985080186,1.335388092781013309,150725613798.03525252,0.1601387278023103
2025-08-30,0.215893064959766,32543546558.62198092132162345011032,1.348135814705899787,150739193798.03525252,0.16014192531993804
2025-08-31,0.213996701180134,32260617686.20460248971721869743768,1.336251818371736881,150752873798.03525252,0.1601469859482739
2025-09-01,0.209572556576112,31596527934.17304496817552651980224,1.310044629008114379,150766533798.03525252,0.15997360084960427
2025-09-02,0.21477161319658,32383307607.8131298772004847003816,1.342804425800032423,150780203798.03525252,0.15994258662695482
2025-09-03,0.220659743779439,33274170654.74508584112010154893628,1.379758488099316079,150794023798.03525252,0.15992635354858986
2025-09-04,0.212907622943108,32108135286.06275897272013837363216,1.331534805885136107,150807823798.03525252,0.15989640075655245
2025-09-05,0.218157405551631,32902801791.08616555417689498286012,1.363749430189106588,150821383798.03525252,0.15996883351319152
2025-09-06,0.216513812796176,32657861775.43830061739232145036352,1.352741203588854494,150835003798.03525252,0.16005560577423067
2025-09-07,0.22858140615271,34481199687.2122975071846065323292,1.427067388336751583,150848663798.03525252,0.1601756217126662
2025-09-08,0.242305665350642,36554807859.51019202859220281411784,1.507895152485898444,150862373798.03525252,0.1606913219073486
2025-09-09,0.240851707593997,36338752783.78106268644365756112244,1.497485502939564215,150876043798.02525252,0.16083742187901323
2025-09-10,0.245093161255718,36982027151.99963937062088006390936,1.52258901656003567,150889673798.01525252,0.16097131832032627
2025-09-11,0.255938764047224,38621979470.83038227927415756500448,1.586448408351986084,150903203798.01525252,0.16132813566442733
2025-09-12,0.27571868362309,41610541121.9903712537321548526868,1.702329212202565915,150916653798.01525252,0.16196554793672968
2025-09-13,0.289544315238869,43701008537.59321147580662915419988,1.784260868197970322,150930293698.01525252,0.16227689594027622
2025-09-14,0.278568850742997,42048289279.63727580266024057660244,1.715735456422518769,150943973698.01525252,0.16236119018245454
2025-09-15,0.268352999460553,40509888160.90228616696867607384356,1.650718178371413939,150957463648.01525252,0.16256742245687753
2025-09-16,0.270021241196388,40765474997.34832983648519673189776,1.611981515921992002,150971363648.01525252,0.16750889419594003
2025-09-17,0.281888743799206,42560992743.06962074762606026549912,1.680588038475245618,150985073648.01525252,0.1677322088136224
2025-09-18,0.278270967304003,42018585935.59009429492716765183756,1.654694593568895463,150998813648.01525252,0.1681705907455827
2025-09-19,0.264895075202449,40002428776.08982390111637885742148,1.577361055876278224,151012353648.01525252,0.16793559991582943
2025-09-20,0.267465173977339,40394166919.64949649395806484264428,1.592767742335327671,151025893648.01525252,0.16792478078767442
2025-09-21,0.261271398279928,39462328440.76305912120503656741856,1.556199201887439008,151039603648.01525252,0.16789071602340144
2025-09-22,0.241191544233162,36432762684.97742535468722318806824,1.439325049819098656,151053233648.01525252,0.1675726718321731
2025-09-23,0.237798686954058,35923489923.07542191353116450872616,1.431061858384316333,151066813628.01525252,0.16616939761257782
2025-09-24,0.241017880103086,36413131631.47644193735263792127672,1.44918538959071594,151080623628.01525252,0.16631266215784518
2025-09-25,0.222798327589116,33663558156.56390036806036754357232,1.342555607409756286,151094303628.01525252,0.1659509120959014
2025-09-26,0.232213600693897,35089315039.03981752428717167787044,1.398837218421566846,151107923628.01525252,0.16600473424343423
2025-09-27,0.230946686255806,34901001246.78648976551941240613112,1.391338497144112125,151121463627.01525252,0.16598885657936696
2025-09-28,0.236987250603784,35817109267.28759568571848226753568,1.426892359337550324,151135173626.57525252,0.16608628468219408
2025-09-29,0.235467717512664,35590663794.71954550199747209791328,1.417304778385165876,151148803626.57525252,0.16613767278831076
2025-09-30,0.232448078590033,35137421900.45238317128773253013316,1.39844832877823581,151162453626.57525252,0.16621856797033957
2025-10-01,0.247749523972549,37453810187.00399706684668322307348,1.488906983842586426,151176113626.57525252,0.16639691173531507
2025-10-02,0.261689274295226,39564747374.98346295152477598046952,1.570499631067293566,151189793626.57525252,0.16662803933127
2025-10-03,0.258836861252959,39137029935.67869149807398902220668,1.553317519425236081,151203463626.57525252,0.16663486892797982
2025-10-04,0.250855077643256,37933603356.74058775321533467500512,1.505641407171598544,151217203626.57525252,0.16661010812295357
2025-10-05,0.253191925378946,38290393027.62533955937608664144392,1.518951774508320621,151230703626.57525252,0.16668858724030483
2025-10-06,0.266653356832997,40329798597.36174472906176274340244,1.597417753202849085,151244293626.57525252,0.16692775343103117
2025-10-07,0.247738107655477,37472334420.49734611006335873605204,1.486140381557558195,151257853606.47525252,0.16669899474492014
2025-10-08,0.255841031924709,38701442233.02105222660227240251668,1.532887472564621761,151271443606.47525252,0.16690137828360624
2025-10-09,0.248464876391551,37588984874.49058170646947911945852,1.488604962176460603,151284903606.47525252,0.16691122406865777
2025-10-10,0.195054486232679,29511453839.27902349944986000110108,1.177249323521637739,151298513606.47525252,0.16568664116891624
2025-10-11,0.18542139947788,28056511279.7245887465990691542576,1.124966989879658734,151312153606.47525252,0.1648238580740179
2025-10-12,0.207284731336463,31367528544.84258643561075500863676,1.256249589985054902,151325803606.47525252,0.1650028250667361
2025-10-13,0.214356529331121,32440600025.95223827221539516967492,1.297353216984102334,151339453606.47525252,0.16522603599767982
2025-10-14,0.204751431591013,30989811731.99798657432011453760276,1.240706975357076365,151353333606.47525252,0.16502803293427554
2025-10-15,0.196205887439906,29699093347.61018015462568767506312,1.189753909635190503,151366983606.47525252,0.16491300079027923
2025-10-16,0.188259741835073,28498886531.97448021290490586763396,1.143263997938862923,151380673606.47525252,0.16466865236242692
2025-10-17,0.185046664313441,28014986822.36823544677080290512132,1.124430899580920698,151394173606.47525252,0.16456917395493895
2025-10-18,0.189511820338584,28693587426.11198252471960329923168,1.154988554678059787,151407903606.47525252,0.16408112406915437
2025-10-19,0.195450039583281,29595344737.14670230108734004511812,1.19123966223428603,151421533606.47525252,0.1640728106858828
2025-10-20,0.199995830374664,30286383293.77538191989343561015328,1.219575855160306917,151435073606.47525252,0.16398802053060949
2025-10-21,0.194781987588895,29499491193.1499553962076010727654,1.189053274267418208,151448763606.47525252,0.16381266660141966
2025-10-22,0.189764225011623,28742157024.63392949063515886003996,1.161912559955237794,151462463606.47525252,0.16332057295166308
2025-10-23,0.194717500717691,29495046365.53187407908793045633132,1.191585893089751542,151476093606.47525252,0.16341037758746332
2025-10-24,0.197668579603003,29944786163.34462058858996577531756,1.210174953374360317,151489863606.47525252,0.16333884538912238
2025-10-25,0.196692382213291,29799592905.71283036157901572524332,1.20447341240824429,151503543606.47525252,0.1633015558392617
2025-10-26,0.205965011623948,31207244661.68588745184259857934896,1.259764007183129413,151517213606.47525252,0.16349491686501827
2025-10-27,0.200402966252545,30367150376.3016332912042669676634,1.226114186329071033,151530443606.47525252,0.16344559787905413
2025-10-28,0.19368414182005,29351683844.384648883084316149026,1.185063366042799717,151544073606.47525252,0.16343779359816518
2025-10-29,0.192811234088356,29222051005.30986689141653709165712,1.17979660469564846,151557823606.47525252,0.16342752074464176
2025-10-30,0.182028566095133,27590290674.06759993811878321798516,1.115524653804283773,151571213606.37525252,0.1631775375598911
2025-10-31,0.186485428856873,28268342189.88544936556586031256996,1.14500259374420735,151584723606.37525252,0.16286900123698209
2025-11-01,0.187116067095626,28366517643.56768283979747873747752,1.148978122213284509,151598513606.37525252,0.16285433419322473
2025-11-02,0.185840306437848,28175643510.70166557594826268537696,1.141242112117641367,151612123606.37525252,0.16284038633398348
2025-11-03,0.166736603460783,25281553149.31237072547839754192316,1.027117172609910298,151625693606.37525252,0.16233454946245754
2025-11-04,0.162668831034538,24667012656.86511992341519259153576,1.00564724937339219,151639453606.37525252,0.16175535818936032
2025-11-05,0.167506345162376,25402857117.63506159926602740318752,1.038393275139321771,151653103606.37525252,0.16131301037162593
2025-11-06,0.161038096535907,24424151074.64652479739174437223564,0.999235107899707141,151666913606.37525252,0.16116136759285118
2025-11-07,0.178941972854359,27142026453.06478827446592380773468,1.109372211831740769,151680603606.37525252,0.16130021190894878
2025-11-08,0.176045089541643,26705017896.38166040481878518069036,1.091592542359315211,151694193606.37525252,0.16127362794284733
2025-11-09,0.179129899084291,27175401759.01044637088207189016332,1.110474590661875858,151707793606.37525252,0.16130931818757263
2025-11-10,0.182177524992626,27640248015.16922335775020188791752,1.128083957323473481,151721503606.37525252,0.16149287808760793
2025-11-11,0.172304277214885,26144628031.5354440008069741777602,1.068576284781404995,151735223606.37525252,0.16124658545097012
2025-11-12,0.170094549588403,25811676717.96984518712253118852556,1.058123627741347737,151748993606.37525252,0.16075111180674026
2025-11-13,0.164294264823639,24933715529.57487747399885189032028,1.025460078739511773,151762543606.37525252,0.16021517388135514
2025-11-14,0.157343006771948,23880927378.71859525600003855230896,0.983802150074786857,151776223606.37525252,0.15993358701237548
2025-11-15,0.163361804049896,24796664321.60707368816644567973792,1.02608857697549436,151789853606.37525252,0.15920828641463133
2025-11-16,0.158685617008405,24089050089.2331614520285888374306,1.000518532873761791,151803613606.37525252,0.1586033759440884
2025-11-17,0.151721188919329,23033904836.10976597985974828395908,0.961284967136568515,151817323606.37525252,0.1578316462924299
2025-11-18,0.161583387378777,24533366256.00354636040388426376804,1.025849547052815823,151830993606.37525252,0.1575117792301934
2025-11-19,0.154325640288376,23433518762.40131410242268262070752,0.980879307791119176,151844623606.37525252,0.1573339747944199
2025-11-20,0.149856833859464,22756991086.60557165121216919184928,0.963554864852711203,151858213606.37525252,0.15552496212280667
2025-11-21,0.139759199685401,21225485919.58139321126113593246052,0.901334092450307134,151871833606.37525252,0.15505815308223936
2025-11-22,0.140369381074203,21320065713.20765742187495298274156,0.905622031577299271,151885443606.37525252,0.15499775422835635
2025-11-23,0.145257634836953,22064500165.98630184928432440237156,0.937055967082838953,151899073606.37525252,0.1550148976577743
2025-11-24,0.152117447637322,23108577299.81023354480500512655144,0.982613558931022535,151912733606.37525252,0.1548090256385322
2025-11-25,0.153634309528182,23341118871.56702859797320230651864,0.992462038757281808,151926473606.37525252,0.15480119493593555
2025-11-26,0.154749949012256,23512712453.50703345421185657488512,1.000392901899605866,151940033606.37525252,0.1546891713429869
2025-11-27,0.152709622009107,23204788059.32478370801700686469964,0.987408148646196713,151953673606.37525252,0.15465704047356932
2025-11-28,0.150379117993834,22852685019.56902024350796755296168,0.972933530671322475,151967143606.37525252,0.15456258136161952
2025-11-29,0.148503298920797,22569640312.94956238735232435465844,0.961705960944735016,151980733606.37525252,0.1544165316131703
2025-11-30,0.146957742535618,22336766188.65990523529850984425736,0.951929642455749258,151994483606.37525252,0.15437878597466764
2025-12-01,0.135948122404143,20665212197.05748169887108111919036,0.881657110575017155,152008073606.37525252,0.15419613903581808
2025-12-02,0.146328416579202,22245082004.83616084689136733008904,0.948972649733348579,152021613606.37525252,0.15419666375033966
2025-12-03,0.152037551610126,23115078359.36648523081068583901752,0.989347303110470687,152035323606.37525252,0.15367460054939824
2025-12-04,0.147563840546125,22436927545.176315531102561582485,0.96265062419322504,152048953606.37525252,0.15328909246778374
2025-12-05,0.139417697607731,21200218087.03789037643788502923212,0.910352561482056263,152062603606.37525252,0.15314692736268973
2025-12-06,0.139476013116416,21211010464.10016820559758415736832,0.910970944908783453,152076403606.37525252,0.15310698315453064
2025-12-07,0.138196945886432,21018351886.73232697496533604180864,0.902758031018959968,152089843606.27525252,0.1530830423413088
2025-12-08,0.142533985995255,21679938607.6040945659203686467926,0.931171391264167531,152103643606.27525252,0.15306955017351798
2025-12-09,0.148290408617746,22557531173.53922742168356030321992,0.968566174592186643,152117263576.27525252,0.15310302228981254
2025-12-10,0.143827039051317,21880531656.49551974507260541356884,0.9405016421418076,152130863576.27525252,0.15292587764523113
2025-12-11,0.140579805970934,21388432140.11431167685459463025368,0.920052007831943722,152144413576.27525252,0.15279549935682793
2025-12-12,0.137035297821345,20850996780.6814836284339957210394,0.89751504077406027,152157853576.27525252,0.15268300986149397
2025-12-13,0.139062152934929,21161287168.31137898180806860327108,0.910765657013444001,152171433576.27525252,0.1526870846128932
2025-12-14,0.134042849516687,20399294107.50069942948016087880124,0.878221640163457183,152184873576.27525252,0.15262986401899475
2025-12-15,0.129522046713531,19713069461.25864103270031312584812,0.849279174446566052,152198563576.27525252,0.15250821003344892
2025-12-16,0.131602865813202,20031555622.23704697276465769976904,0.863169412053106371,152212153576.27525252,0.15246470041167903
2025-12-17,0.12610204949595,19195968162.849294981418124967294,0.827783177777386756,152225663576.27525252,0.15233705260178923
2025-12-18,0.122170469733805,18599175329.0689258094004935554386,0.802846848203272983,152239533576.27525252,0.15217157544706786
2025-12-19,0.132271730776702,20138800044.20071339918740078278904,0.868956579030692293,152253243576.27525252,0.15221903368779266
2025-12-20,0.131988203644865,20097421878.7780763017007622763098,0.867946407790432182,152266803576.27525252,0.1520695315519226
2025-12-21,0.130989273685176,19947116489.54735224914419038064352,0.86150242553520129,152280533576.27525252,0.1520474810083094
2025-12-22,0.13232053382296,20151642376.1232559656874749738592,0.870364743228909809,152294143576.27525252,0.15202883027186126
2025-12-23,0.129268612750148,19688631406.18840727514563036737296,0.851012984974356628,152307903576.27525252,0.1518996948725092
2025-12-24,0.12855904970966,19582321891.6079917167455491833432,0.847093011068207224,152321613576.27525252,0.1517649750734498
2025-12-25,0.123634689739017,18833916866.82968115520487457157284,0.815127474355872066,152335213576.27525252,0.15167528224553503
2025-12-26,0.121942376473358,18577760527.87864968258728850236216,0.80428152116137636,152348683576.27525252,0.15161653384411236
2025-12-27,0.124052710264755,18900966625.0351396447770836809326,0.818389347603975545,152362383576.27525252,0.15158153100104257
2025-12-28,0.123632396606327,18838604325.80933302859488295469404,0.815917584809508322,152375953576.27525252,0.1515255938933972
2025-12-29,0.122751090508853,18705976518.57963636162363787055956,0.811070865002828789,152389493576.27525252,0.15134447038536503
2025-12-30,0.123210844021678,18777718719.48140736896882180412856,0.814373556363729909,152403133576.27525252,0.1512952416724192
2025-12-31,0.117296605095423,17877979483.82326908492260802121596,0.776613707906717278,152416853576.27525252,0.15103597052334294
2026-01-01,0.12663305515341,19302720041.8311721788354350890932,0.838533095538185887,152430343076.27525252,0.15101736094522852
2026-01-02,0.142094549825003,21661444939.29872547626682563475756,0.939928728066952753,152443883076.27525252,0.15117587704467034
2026-01-03,0.143133368980481,21821767492.32740996675771841606212,0.946594036881883126,152457583076.26525252,0.15120882173731812
2026-01-04,0.149359452195102,22773000431.05390947541432233715704,0.990331884336770818,152471103076.26525252,0.1508175739440406
2026-01-05,0.152087139419205,23190962296.0560310139651154626466,1.0080077994680869,152484703076.26525252,0.1508789311942422
2026-01-06,0.150468622458414,22946214105.19002431198948690870328,1.001594355180367173,152498333076.26525252,0.15022910390835578
2026-01-07,0.146333833968655,22317689549.8026350506042273397606,0.974167056014247887,152512163076.26525252,0.1502143118731319
2026-01-08,0.142169526037177,21684539613.83080941501501881293604,0.947083782323856317,152525933076.26525252,0.15011293476944151
2026-01-09,0.140547807811885,21439098383.9956819224608381822002,0.936697653399935166,152539543076.26525252,0.15004607655601362
2026-01-10,0.139458951709289,21274913964.67878524962041121465828,0.929623887569066564,152553233076.26525252,0.15001653203422857
2026-01-11,0.137493644609936,20976993300.17102706787990594103872,0.916706706196415013,152567003076.26525252,0.14998651551314865
2026-01-12,0.136570820191263,20838060838.81949578559918739273276,0.912239422892072675,152580623076.26525252,0.14970940387370293
2026-01-13,0.148377462473669,22641564381.04196997167819013589588,0.990697820015313449,152594363076.26525252,0.14977065607288353
2026-01-14,0.147199975785476,22463914965.49270205528521248839952,0.982887938294603792,152608143076.26525252,0.14976272477295915
2026-01-15,0.139950791823489,21359570180.21029610725933985244228,0.935253569011286306,152622003076.26525252,0.1496394095255253
2026-01-16,0.138069989160625,21074393300.865620108143728466025,0.9239133120657292,152635583076.26525252,0.14944041541291525
2026-01-17,0.137779507348605,21031903063.3084421247875559947346,0.923441699918203944,152648993076.26525252,0.14920217200588748
2026-01-18,0.132967644136375,20299182689.748181349925136692415,0.891514104592887004,152662573076.26525252,0.1491481104464355
2026-01-19,0.129156660165723,19719160100.21351860701768964337196,0.866606814159802847,152676293076.26525252,0.14903720817259397
2026-01-20,0.123287274212653,18824734278.79434430828946522413556,0.831045137547096221,152690003076.26525252,0.14835207937868017
2026-01-21,0.126796879963971,19362349305.10867543468337681695692,0.855188570033802113,152703673076.26525252,0.14826774398885997
2026-01-22,0.124148351312951,18959597669.42805166544688156138652,0.838547780223350576,152717273076.26525252,0.14805161284892265
2026-01-23,0.124525663860458,19018909625.98706512681107505285416,0.841323950146819182,152730843075.84525252,0.14801155231433394
2026-01-24,0.12413017046165,18960194997.376170851464489225858,0.838730806488793057,152744453075.84525252,0.14799762868053018
2026-01-25,0.119143836823328,18200203186.44678108277098678678656,0.805483183978143051,152758243075.84525252,0.1479159828451006
2026-01-26,0.122391615334832,18698001219.14524314501703739177664,0.827578255767255328,152771913075.84525252,0.14789128941209512
2026-01-27,0.126094468864375,19265429557.529435575518799506975,0.852637349582491198,152785683075.84525252,0.14788757368665514
2026-01-28,0.124947449267992,19091881919.77921597111674239333984,0.845006299600243545,152799293075.84525252,0.1478657015067252
2026-01-29,0.116970748378499,17874650162.04000498572763719356748,0.791795030144899992,152812993075.84525252,0.14772857106351517
2026-01-30,0.115548945742585,17658948244.8765872536211382425642,0.782578111489492373,152826563075.84525252,0.1476516453068934
2026-01-31,0.103870373469766,15875583516.53417157116441319531032,0.704724065775923858,152840343075.83525252,0.1473915515506078
2026-02-01,0.104259649925104,15936502765.14435496894906092726208,0.71029139451139027,152853983075.83525252,0.14678433489515139
2026-02-02,0.107998575267705,16509485496.7507512424416352758666,0.736921219384010924,152867623075.83525252,0.14655375965151404
2026-02-03,0.105792311858013,16173660144.71945363458600624044276,0.722319259727402179,152881243075.83525252,0.14646198399574478
2026-02-04,0.103788636966091,15868756702.96264420993311766229932,0.70917222688954494,152894933075.83525252,0.14635180712210305
2026-02-05,0.089107172762221,13625240836.10414252408929545104692,0.613998756735232608,152908463075.83525252,0.14512598239778784
2026-02-06,0.0986299204207609,15082699788.441047647353607502042468,0.679737140430872744,152922153075.83525252,0.1451000902470052
2026-02-07,0.0981133181247895,15005024382.85186592561200460434454,0.676932342255607099,152935653075.83525252,0.14493814521827394
2026-02-08,0.0967655394270551,14800233428.990067251892039628453852,0.66806102733964148,152949423075.83525252,0.14484535913192792
2026-02-09,0.0962655655297572,14725085398.715755404953344836288144,0.664731987885543535,152963163075.83525252,0.14481861454564546
2026-02-10,0.0927152950527073,14183288506.243016534477264805147396,0.640766226715666228,152976793075.83525252,0.14469441613352824
2026-02-11,0.0908767671484398,13903268692.430270986152572557018296,0.628335131352966482,152990353075.83525252,0.1446310457808699
2026-02-12,0.0930118935148602,14231187390.842255274433373639497704,0.643714534760280125,153003953075.83525252,0.1444924551058924
2026-02-13,0.0966220414153416,14784878012.771726734995128438060832,0.66886891075832634,153017653075.83525252,0.14445587148877484
2026-02-14,0.111027559934413,16990691063.81801963031464449297076,0.768083441134010881,153031293075.83525252,0.14455143020723127
2026-02-15,0.102399768672995,15671752431.5696035102911611296974,0.709328585269583816,153044803075.83525252,0.14436154244943822
2026-02-16,0.100880173160618,15440552153.16753734187079254925736,0.698838786222097336,153058343075.83525252,0.1443539985895364
2026-02-17,0.10060751046904,15400177054.7673432025481920419808,0.697072518972370777,153071843075.83525252,0.14432861392578825
2026-02-18,0.0983588824850184,15057315072.840703018355575480846368,0.682481519631281809,153085463075.83525252,0.14411948112259199
2026-02-19,0.0982027193244035,15034755122.36452258642232322087182,0.682321742749423814,153099173075.83525252,0.14392435880570717
2026-02-20,0.100137765008827,15332343852.92129176021381557399404,0.696019999936450129,153112503075.83525252,0.14387196491188475
2026-02-21,0.0986421794014543,15104689571.386742031996329295739836,0.685723523666666657,153126073075.83525252,0.14385124032787988
2026-02-22,0.0953326171647723,14599217265.991050010216893818801196,0.662917843728552085,153139793075.83525252,0.1438075895326308
2026-02-23,0.0928070974701832,14213707958.013702556417196142661664,0.645851103908636135,153153243075.83525252,0.14369735827425625
2026-02-24,0.0915163575015874,14017278889.626275754413676779850248,0.638370171890125059,153166923075.83525252,0.14335938853568336
2026-02-25,0.100902522029142,15456299086.04452045641084636893784,0.703840404949648051,153180503075.83525252,0.1433599454074542
2026-02-26,0.0969980059249576,14859534157.579144113200415766293152,0.677382500381774376,153194223075.83525252,0.14319532298264168
2026-02-27,0.0932772561501724,14290807222.800101756654246995534448,0.652030798400469521,153207843075.83525252,0.14305651877027228
2026-02-28,0.0940236537646634,14406441793.556551140112850957801768,0.657387434918223339,153221463075.82525252,0.1430262411029496
2026-03-01,0.092067509299941,14107972436.16077317165847474610132,0.644017099546363411,153235083075.82525252,0.1429581751242196
2026-03-02,0.0936806649665128,14356444156.625583770737750403812256,0.655534860648859549,153248743075.82525252,0.14290722063779504
2026-03-03,0.0901201897355306,13812035943.314843024572719761187112,0.631190165058758891,153262393075.82525252,0.14277819066959177
2026-03-04,0.0992770026850288,15216782168.909186201907426783472576,0.695520074845624116,153276003075.82525252,0.14273779618376087
2026-03-05,0.0936353268730126,14353313663.059836601802722368141752,0.66190165518915946,153289513075.82525252,0.14146410745302235
2026-03-06,0.0912860484367377,13994445447.207788689875687347504004,0.64569074234991428,153303223075.82525252,0.14137735366084547
2026-03-07,0.0899258842372585,13787151782.79974670270491335501642,0.63648722542569186,153316833075.82525252,0.14128466471124346
2026-03-08,0.0892914460300284,13691100554.323233518820054932771568,0.632195041585716972,153330483075.82525252,0.14124034539413846
2026-03-09,0.0905073068178198,13878754545.202555615421703970855896,0.641592174179752707,153344023075.82525252,0.14106672503218948
2026-03-10,0.0945794819462048,14504485488.807714563020160015636096,0.670966664705763586,153357633075.82525252,0.14096003113311203
2026-03-11,0.0931088025464259,14280213718.934929419570262890968268,0.661227685987449688,153371253075.82525252,0.14081201455952513
2026-03-12,0.094850762336284,14548685421.20291471755523945843568,0.673698651505183448,153385013075.82525252,0.140791082369495
2026-03-13,0.095938456450972,14716810810.06153283308997489944944,0.682162372683379689,153398453075.82525252,0.14063873982609867
2026-03-14,0.0958624208042034,14706448871.143130804169424282442568,0.682013918905473476,153412033075.82525252,0.14055786567823678
2026-03-15,0.0972596933664044,14922138780.873639789906582514439088,0.691943330207270141,153425723075.82525252,0.14056020069919667
2026-03-16,0.103009257225806,15805662458.53065564590237461053112,0.732986910626986245,153439243075.82525252,0.14053355623730496
2026-03-17,0.100371529054866,15402301515.91343996374173138476232,0.714409636253014812,153452893075.82525252,0.1404957659604111
2026-03-18,0.0950955502266256,14593985355.173741496763029347496512,0.67750558361852537,153466543075.82525252,0.14036127897090492
2026-03-19,0.0934741503969337,14346427846.295600034133056036197924,0.66910583959966453,153480163075.82525252,0.1397000965540229
2026-03-20,0.0941127170984735,14445720747.49828551852557484402822,0.673734882964373968,153493823075.82525252,0.13968805754035749
2026-03-21,0.0929153354418413,14263207645.203269387023022346265076,0.665275882553773881,153507573075.82525252,0.13966436763823467
2026-03-22,0.0903163842384348,13865489900.545278202465066599555696,0.646912521346232578,153521313075.82525252,0.1396114331663968
2026-03-23,0.0939729192934012,14428132452.756631457667325959671024,0.673048102039522019,153535003075.82525252,0.1396228872923603
2026-03-24,0.0951007674613059,14602577632.022647238490019196465868,0.681158223897150485,153548473075.82525252,0.1396162655384241
2026-03-25,0.0960691465400206,14752573458.544946493657746281001912,0.688172136293152782,153562033075.82525252,0.13960045964298726
2026-03-26,0.0919205149010317,14116756783.812665996607251461024884,0.6588578806642184,153575693075.82525252,0.13951493576788263
2026-03-27,0.0899442229750988,13814458829.693067705094452181948976,0.645030356198149225,153589173075.82525252,0.13944184504003174
2026-03-28,0.090863541456168,13956899208.24093022307942711154336,0.651776349776216819,153602853075.82525252,0.13940908025792192
2026-03-29,0.0903375467518228,13877333511.586557115022669580293456,0.648405419495016978,153616453075.82525252,0.13932262753475805
2026-03-30,0.0907034882642118,13934772645.844525318124116213763736,0.651350750675950209,153629953075.82525252,0.1392544465022612
2026-03-31,0.0920899016501907,14149013245.645486809375774533655564,0.662327104604282492,153643483075.82525252,0.13903991095942123
2026-04-01,0.0923754917538174,14194155076.870953554754582028969848,0.665179018047499046,153657153075.82525252,0.138873129259199
2026-04-02,0.0903540497339173,13884757698.792190323718818081296596,0.650980213047476026,153670563075.82525252,0.13879692181569853
2026-04-03,0.0914557518066812,14055298845.765157371359648213136624,0.659736370347124413,153684143075.82525252,0.13862469300966565
2026-04-04,0.091946022019055,14131892391.2880060684693256267686,0.663393600499490145,153697703075.82525252,0.1385995010350204
2026-04-05,0.0921701999984067,14167587720.984520709623191625159884,0.665023409077835097,153711153075.82525252,0.13859692567246004
2026-04-06,0.0904660997113522,13906855318.674678144547379675657544,0.652919733558931533,153724493075.82525252,0.1385562344979835
2026-04-07,0.0953505573052746,14659005225.785531508964977272941992,0.68795294886983873,153738013075.82525252,0.13860040495780332
2026-04-08,0.0923972789695944,14206225141.555425790133580781977888,0.667522927158816308,153751553075.82525252,0.1384181354831747
2026-04-09,0.0926473241521593,14245923495.009686142861673825766436,0.669538975283537889,153765083075.82525252,0.1383748035174872
2026-04-10,0.0936943415426325,14408182147.7050416205877356580589,0.677177170800897007,153778573075.82525252,0.13836015976708174
2026-04-11,0.0931398403852945,14324183109.78196958156094955706714,0.673355472709497525,153792223075.82525252,0.13832194755989957
2026-04-12,0.0907222666806938,13953595660.897957568425789593798376,0.656059987766510848,153805633075.82525252,0.13828349293110906
2026-04-13,0.0941265887179419,14478483453.700997472622827622188588,0.68056914642849436,153819273075.82525252,0.13830569489066832
2026-04-14,0.0930633347934423,14316198308.025945560947964437549596,0.673017478545349294,153832853075.82525252,0.13827773833539675
2026-04-15,0.0948219009511232,14588014083.456534781286944817630464,0.685633387946081917,153846463075.82525252,0.1382982547497818
2026-04-16,0.0993199378410896,15281375873.714602855300122551945792,0.748949192662965779,153860103075.82525252,0.13261238387606422
2026-04-17,0.0994800354021639,15307353471.042320137877317471928028,0.750180676928510743,153873623075.82525252,0.1326081015702354
2026-04-18,0.0949721666560159,14615002046.467105053750629594635068,0.716641240774990411,153887213075.82525252,0.13252400399579445
2026-04-19,0.0930018416045273,14313062760.559528256275224497733796,0.701991654639025723,153900853075.82525252,0.13248283079996187
2026-04-20,0.0951914273152196,14651335520.814924170598551809253392,0.719316510708375843,153914443075.82525252,0.13233594099136695
2026-04-21,0.0949534925545319,14616007191.203889789313021187895388,0.717562556729420923,153928063075.82525252,0.13232782516874977
2026-04-22,0.0958817261851256,14760199099.239969786705444887916512,0.724800814766880714,153941733075.82525252,0.13228700110659264
2026-04-23,0.0971910169567701,14963081219.018738159571994756085652,0.734613660973774834,153955393075.82525252,0.13230221832240027
2026-04-24,0.0983190481102637,15138073039.425148272296873856289524,0.743311241225868126,153968873075.82525252,0.13227170888484885
2026-04-25,0.098043799433696,15097015921.73276775372823219691392,0.751569344393455662,153982363075.82525252,0.13045210021547773
2026-04-26,0.0992180826758106,15279199078.910707697641376040692712,0.760611624931859602,153996113075.82525252,0.13044513050231013
2026-04-27,0.0989226614629593,15235049719.380743079467261548982436,0.760143987716029538,154009703075.82525252,0.1301367412773832
2026-04-28,0.0992267619320347,15283248510.304830090057554204902444,0.762925610195597628,154023453075.82525252,0.1300608612504109
2026-04-29,0.103826551553952,15993147453.31668200803520880395904,0.798106468109252889,154037163075.82525252,0.13009110401012208
2026-04-30,0.106395866410042,16390360152.74587799799162051380584,0.817346823137026276,154050723075.82525252,0.13017223949276302
2026-05-01,0.108322472552441,16688613242.54532615558260776740132,0.831884868337767718,154064183075.82525252,0.13021329834846707
2026-05-02,0.108509738394186,16718934508.42701757495629274984872,0.833335334996335052,154077733075.82525252,0.13021137330587718
2026-05-03,0.108497862304797,16718574813.53038459169242173233844,0.83322652719013206,154091283075.82525252,0.130214123967802
2026-05-04,0.110139653642679,16973069460.58230241937847302430108,0.845382915561791723,154104983075.82525252,0.13028374670842108
2026-05-05,0.114920180630583,17711350345.22683211563696880981916,0.881245759639693823,154118713075.82525252,0.13040650621407732
2026-05-06,0.11234522767403,17316014076.0965848249902169960556,0.861420006069196946,154132173075.82525252,0.1304186423376443
2026-05-07,0.107740964843346,16607805698.43569147477315269173192,0.826692230243848586,154145693075.82525252,0.13032778209560011
2026-05-08,0.109392876599094,16863933993.23169784554130655321688,0.839245389120368026,154159343071.62525252,0.13034671148298013
2026-05-09,0.108717806749567,16761344230.87294872753929677565884,0.835136743168806865,154172943071.62525252,0.13017964739169882
2026-05-10,0.112333781110384,17320352886.22350138570965999416768,0.862610194155696175,154186503071.62525252,0.1302254272804344
2026-05-11,0.111236488420805,17152679092.1786641235432141466786,0.854235802909994559,154200113071.62525252,0.13021754419783466
2026-05-12,0.110064026792587,16973385549.22048963552808953906924,0.845267751468057833,154213743071.62525252,0.13021202642763574
2026-05-13,0.113096952727456,17442662886.10423076983453873718912,0.868171249086988786,154227523071.62525252,0.13027032724983034
2026-05-14,0.115525415553774,17818766372.56783909649899838901048,0.886444981696952115,154241093071.62525252,0.13032440584481594
2026-05-15,0.113396129075917,17491881684.23210463082406937556084,0.870251846847402171,154254663071.62525252,0.13030265834736104
2026-05-16,0.109352546699542,16869635096.47539997454578831834584,0.839586588553783001,154268333071.62525252,0.13024570448166112
2026-05-17,0.108606720224122,16756065601.41874156144772924528744,0.834037030773240543,154282033071.62525252,0.13021810329384545
2026-05-18,0.10474091762853,16161065146.5878135985099808063956,0.805005539872754487,154295623071.62525252,0.13011204574453758
2026-05-19,0.103007532108748,15895029761.50685436871508360104496,0.792084780945927973,154309393071.62525252,0.1300460942902271
2026-05-20,0.103439867658188,15963139635.95761393953709654563376,0.795508984509403519,154322893071.62525252,0.1300297918344444
2026-05-21,0.105428524809072,16271471951.60275604891686678686144,0.813432222222283534,154336523071.62525252,0.1296094768916862
2026-05-22,0.10270775279759,15852955311.5901918037639401974268,0.792953446259487516,154350133069.62525252,0.12952557717238264
2026-05-23,0.102976786801184,15895894616.48126577741120351498368,0.795091831817853035,154363863063.34525252,0.12951558886694095
2026-05-24,0.102120247870194,15765066836.00549333044443111138888,0.788582159075371243,154377483063.34525252,0.12949855217360243
2026-05-25,0.10202996443874,15752492227.4202043197986053706248,0.788034869011242395,154390843063.34525252,0.12947392108011455
2026-05-26,0.100995512926775,15594160975.131226269808486644223,0.780358645997894978,154404493063.34525252,0.12942191829966274
2026-05-27,0.100252881493966,15480867807.16309927787091112629432,0.775401567376855982,154418183063.34525252,0.1292915641544502
2026-05-28,0.099470273199243,15361377620.17357226888843610784236,0.769961455587536818,154431843063.34525252,0.12918863986943338
2026-05-29,0.0995518738777536,15375329286.760966076326293402339072,0.771100869127252583,154445403063.34525252,0.12910356849996601
2026-05-30,0.100368771696016,15502857403.79598473977436219796032,0.777503718007868826,154458973063.34525252,0.12909105046234676
2026-05-31,0.100162658351841,15472393576.73948262736485515188932,0.77600011343340549,154472673063.34525252,0.12907557179170015
2026-06-01,0.100763511369843,15566572278.85726384865359594775436,0.780636770767093866,154486203063.34525252,0.12907861267004833
2026-06-02,0.0922263410062305,14248942300.08143425957680191582586,0.715455922487412719,154499703063.34525252,0.1289056923109796
2026-06-03,0.0913705806799377,14117968396.261438768538786904368004,0.709249284939243624,154513283063.34525252,0.12882717349198985
2026-06-04,0.0881730362506883,13625114161.075383122411795557309516,0.684933842036811809,154526993063.24525252,0.1287321940298424
2026-06-05,0.0812681801907086,12559236014.488726160355318564735672,0.632230467980345958,154540633062.24525252,0.1285420179927725
2026-06-06,0.0816759192688545,12623355794.56965573938753157363834,0.635765144920172189,154554193054.34525252,0.12846869621817641
2026-06-07,0.0860266881540328,13296949309.789038566350572372362656,0.669596346862165461,154567723053.34525252,0.12847544428395927
2026-06-08,0.0864457094300794,13362894714.065754750065285016650088,0.672985369011971839,154581352876.44525252,0.12845109776605204
2026-06-09,0.0846850300185898,13091868062.860639527220317555296296,0.65989778591902328,154594832876.44525252,0.12833052606874726
2026-06-10,0.0828470950830243,12808867823.861748313917282978796236,0.64579565464709107,154608532876.44525252,0.12828685743990934
2026-06-11,0.08612714628513,13317171669.8830374848577427710276,0.671530124894776416,154622232876.44525252,0.12825507463068087
2026-06-12,0.0858713189000372,13278788929.081155596305858275393744,0.670266957264350341,154635902873.91525252,0.12811510095994472
2026-06-13,0.087864775847703,13588253570.01274303794686130696156,0.685907882807173284,154649612872.91525252,0.1280999650975058
2026-06-14,0.0886686035522667,13713774653.092496253731055448887084,0.692179797884346648,154663252872.91525252,0.12810053662831974
2026-06-15,0.0880260666813618,13615602007.139761031500894024481736,0.687501158952471027,154676932872.91525252,0.12803769933346004
2026-06-16,0.087165836867948,13483736726.68342780487795431422896,0.680930467648478896,154690612872.91525252,0.12800989382802325
2026-06-17,0.0858619533344999,13283205906.344788119565616703069749,0.671037912966036705,154704212872.91525251,0.12795395263880663
2026-06-18,0.0833550156801205,12896497382.514232204683395644727455,0.651763048727592003,154717712872.91525251,0.12789159471812767
2026-06-19,0.0832796965982973,12885979288.703493529035475665551223,0.651246534242419185,154731342872.91525251,0.12787737395819657
2026-06-20,0.0836687854439906,12947335647.470054096993267061066406,0.654356916315342341,154745112872.91525251,0.12786414166006863
2026-06-21,0.0822704629861073,12732088235.986008695963062401454323,0.643692773389634135,154758922872.91525251,0.12781013922663398
2026-06-22,0.082321752398147,12741140366.67552870960818656109897,0.644282753519492545,154772462872.91525251,0.12777270840861704
2026-06-23,0.0787977045416003,12196784873.463452940151999673991753,0.617248516997697426,154786042872.91525251,0.12765960933348705
2026-06-24,0.0759172950702273,11751978515.651373419733241762595523,0.595058557414519449,154799752872.91525251,0.1275795367099361
2026-06-25,0.0748489256204996,11587620619.137553848739816766353996,0.587017369610993081,154813452872.91525251,0.12750717354428673
2026-06-26,0.0756758761666059,11716667583.139947233282080028155809,0.594646820274270303,154826982872.91525251,0.12726188652905224
2026-06-27,0.0744329865356028,11525252974.783513357852748267063028,0.585165362850852351,154840662872.91525251,0.1271999186229592
2026-06-28,0.0730178183086395,11307119700.594642216769350257060145,0.574192611280201815,154854252872.91525251,0.1271660708866338
2026-06-29,0.0732672618781316,11346753057.687881225496742461010316,0.57697502542568858,154867982872.91525251,0.12698515299527127
2026-06-30,0.0718861330779356,11133851017.227651058220817783518356,0.568351800435394737,154881762872.91525251,0.1264817548266164
2026-07-01,0.0723224395387899,11202422811.030056768868793498337649,0.571974474118034556,154895532872.91525251,0.12644347398598277
2026-07-02,0.0740846069336001,11476387405.237241846667828094861251,0.586216804117057685,154909202872.91525251,0.1263774876688909
2026-07-03,0.077402760074685,11991458733.09078529773460323370935,0.612648400011750328,154922882872.91525251,0.12634124250255196
2026-07-04,0.0776260315122572,12027098091.808696365465610898065572,0.614474560423871826,154936402872.91525251,0.12632912167870686
2026-07-05,0.0780774727669904,12098109314.203490889144873408745904,0.618056118744807243,154950062872.91525251,0.12632748127395896
2026-07-06,0.0767061971964084,11886687089.723083759857492551085084,0.607986758564050578,154963842872.91525251,0.12616425623737904
2026-07-07,0.07428818506131,11512999642.4083823082230284813881,0.614585425585487348,154977532872.91525251,0.12087527944636672
2026-07-08,0.0722388862194553,11196399815.630522477650582474157803,0.597841956262200608,154991312872.91525251,0.12083274762297358
2026-07-09,0.0728553548893429,11292935022.733720888545220661475679,0.603646457778814015,155004872872.91525251,0.12069209377525793
2026-07-10,0.0740492066579837,11479003819.476340660969414692964087,0.613977870983622785,155018592872.91525251,0.12060566049286633
2026-07-11,0.0734973035639818,11394457696.419891319096895888044318,0.609518814131166545,155032322872.91525251,0.12058250190151702
2026-07-12,0.0726581648156401,11265356577.583188550035875488781651,0.602736370309001568,155045982872.91525251,0.12054717185623098
2026-07-13,0.0716831085889775,11115145031.698795004529044215208525,0.594857092957217993,155059472872.91525251,0.12050475557518978
2026-07-14,0.0743593698756012,11531144163.033850378463308786059012,0.617423915078207412,155073182872.91525251,0.12043487150345043
2026-07-15,0.074034952088673,11481830693.99037892965574370581923,0.614837156685599009,155086622872.91525251,0.12041391982191352
2026-07-16,0.072282032612975,11210971655.92529553649112722731725,0.600598549252680775,155100392872.91525251,0.1203499953553249
2026-07-17,0.0725036700771821,11246336663.759026202552344010752071,0.602644155756170276,155114032872.91525251,0.1203092561085369
2026-07-18,0.072469431413473,11242007727.34658073383391001106723,0.602556100676583848,155127582872.91525251,0.1202700152435603
2026-07-19,0.0722552174762471,11209762075.661237713928402223655221,0.600874007733169121,155141212872.91525251,0.12025019645771326
2026-07-20,0.0720770299198548,11183089440.406994951382477804535548,0.600149320475027575,155154692872.91525251,0.12009849459265357
2026-07-21,0.0731798216915786,11355191663.617669255222308959512286,0.609782610236324653,155168342872.91525251,0.12000968945837495
2026-07-22,0.0728204590965558,11300426877.342502685549732628305058,0.607028171321927165,155182032872.91525251,0.11996223987096753
2026-07-23,0.0692538998718633,10747904897.148325510954409163701883,0.577671534554976126,155195662872.91525251,0.11988456368239574
2026-07-24,0.0694807348089677,10784048075.109596151771786457933927,0.579732647548572497,155209182872.91525251,0.11984961534039933
2026-07-25,0.0716946878926189,11128642518.873636358241534558698439,0.598191484672949985,155222692865.91525251,0.11985240467242127
2026-07-26,0.0732584851733086,11372373461.522488923798807481154586,0.611218825919345599,155236262865.91525251,0.11985639523311337
2026-07-27,0.0703865961124408,10927519952.044414695313159684426408,0.587872394135092027,155250012865.91525251,0.11973107908221674
2026-07-28,0.0704599053688648,10939865811.151931134800867984050648,0.588812880494377914,155263702865.91525251,0.11966434108864159
2026-07-29,0.0700467809109878,10876678016.169100158478248670529378,0.585544109259360325,155277342865.91525251,0.11962682196493818
2026-07-30,0.0706397020694383,10969712295.703604722014435098365133,0.59071390320721445,155291032865.91525251,0.11958361177197291
2026-07-31,0.0695815462867568,10806333021.230139182590867340959568,0.582173708700917288,155304582865.91525251,0.11952024841867813
2026-08-01,0.069098356858123,10732227771.30637451306366778963873,0.578326735529367488,155318132865.91525251,0.11947978990608875
2026-08-02,0.0706623349766537,10976110006.508890084833693590325787,0.591420577900282997,155331832865.91525251,0.11947899281341506
2026-08-03,0.070135746009554,10895273434.08773523748817678248054,0.587167566899164477,155345512865.91525251,0.11944758185459954
2026-08-04,0.0701486076900773,10898227563.967760582854813050919023,0.587480950511339532,155359142865.91525251,0.11940575712118054
2026-08-05,0.0699711380390281,10871614635.687178478337283446485531,0.586697774294736478,155372842865.91525251,0.1192626614667828
2026-08-06,0.0689102878024906,10707729322.215628509817620905901406,0.57794431629826542,155386512865.91525251,0.11923343799600132
2026-08-07,0.0696546286130617,10824332968.825481383177993039709867,0.584218303839364415,155400052865.91525251,0.11922705631662955
