date,price_usd,market_cap_usd,mvrv,supply,realized_price_usd,sma_200d,mayer_multiple,ath_usd,drawdown_pct,halving_number,days_since_halving
2015-08-08,1.19999,86768712.5207460052,5.78278879,72307862.99948,0.20751060493080886,,,1.19999,0.0,1,983
2015-08-09,1.19999,86801326.1864631927,4.88081534,72335041.28073,0.24585851264760203,,,1.19999,0.0,1,984
2015-08-10,1.19999,86834706.7207897552,4.62344756,72362858.62448,0.25954441667767075,,,1.19999,0.0,1,985
2015-08-11,0.99,71666977.5726102,3.83427474,72390886.43698,0.25819746031031676,,,1.19999,-17.49931249427078,1,986
2015-08-12,1.288,93274715.49833024,4.70208081,72418257.37448,0.2739212812465467,,,1.288,0.0,1,987
2015-08-13,1.8848,136547211.261419904,6.08626751,72446525.49948,0.3096807685339483,,,1.8848,0.0,1,988
2015-08-14,1.79504416247808,130100550.6235669778841513984,5.43349984,72477632.21823,0.33036610202202205,,,1.8848,-4.762088153752126,1,989
2015-08-15,1.78222244301578,129222078.6518518209207592944,4.41871028,72506144.87448,0.40333543728415255,,,1.8848,-5.442357649841893,1,990
2015-08-16,1.53307377556984,111198807.1900535888737111832,3.78569826,72533239.40573,0.40496459841198224,,,1.8848,-18.66119611789898,1,991
2015-08-17,1.29638,94067093.6884846324,3.81169381,72561358.31198,0.34010601706751475,,,1.8848,-31.21922750424448,1,992
2015-08-18,1.08418656925774,78698415.4988737008037434752,3.15009403,72587521.12448,0.3441759385378538,,,1.8848,-42.477367929873736,1,993
2015-08-19,1.24,90042355.9131052,3.4798352,72614803.15573,0.35633871397128236,,,1.8848,-34.21052631578947,1,994
2015-08-20,1.5218,110537252.032546164,3.98691003,72635860.18698,0.38169910746644065,,,1.8848,-19.259337860780985,1,995
2015-08-21,1.43588,104334703.9086183424,3.77588797,72662551.12448,0.3802761129059664,,,1.8848,-23.817911714770798,1,996
2015-08-22,1.4,101766142.230522,3.64363585,72690101.59323,0.38423159109053123,,,1.8848,-25.721561969439733,1,997
2015-08-23,1.35,98167082.2446105,3.49516511,72716357.21823,0.386247847387101,,,1.8848,-28.37436332767402,1,998
2015-08-24,1.23804,90059598.5859762192,3.24203363,72743690.49948,0.38187142432572485,,,1.8848,-34.314516129032256,1,999
2015-08-25,1.27119,92505038.5810480437,3.28295633,72770426.59323,0.387208927631395,,,1.8848,-32.55570882852292,1,1000
2015-08-26,1.18,85899946.1831364,3.0647458,72796564.56198,0.3850237758707427,,,1.8848,-37.393887945670635,1,1001
2015-08-27,1.13646,82758264.3222015408,2.96609185,72821097.37448,0.38315064316029185,,,1.8848,-39.70394736842105,1,1002
2015-08-28,1.295,94334692.67729535,3.29829906,72845322.53073,0.3926266164596973,,,1.8848,-31.292444821731753,1,1003
2015-08-29,1.179,85911192.23873067,3.02115454,72867847.53073,0.39024815989717626,,,1.8848,-37.446943972835314,1,1004
2015-08-30,1.32,96213877.4843136,3.30712308,72889301.12448,0.3991384560141621,,,1.8848,-29.9660441426146,1,1005
2015-08-31,1.30651,95258420.9011724898,3.27217355,72910594.56198,0.3992789441134625,,,1.8848,-30.68176994906621,1,1006
2015-09-01,1.36,99186069.9417928,3.31858996,72930933.78073,0.40981260607441844,,,1.8848,-27.843803056027163,1,1007
2015-09-02,1.30828087083577,95438206.2736661924479441496,3.21459317,72949324.87448,0.40698178638753535,,,1.8848,-30.58781457789845,1,1008
2015-09-03,1.23357,90009539.2884841686,3.04856863,72966705.81198,0.40463907811056893,,,1.8848,-34.5516765704584,1,1009
2015-09-04,1.23357,90038012.3970279186,3.03745708,72989787.68698,0.40611931872960005,,,1.8848,-34.5516765704584,1,1010
2015-09-05,1.36287107188779,99510599.2896975031291008492,3.30058859,73015416.74948,0.41291758567455694,,,1.8848,-27.69147538795681,1,1011
2015-09-06,1.34,97875723.9411782,3.23900739,73041585.03073,0.41370699064690936,,,1.8848,-28.90492359932088,1,1012
2015-09-07,1.27561,93205053.9095916828,3.09867966,73067045.49948,0.4116624304430359,,,1.8848,-32.321201188455014,1,1013
2015-09-08,1.26349378725891,92352468.3167419795872928668,3.06021213,73092934.24948,0.4128778442750993,,,1.8848,-32.96403930077939,1,1014
2015-09-09,1.21,88474432.4434333,2.83894004,73119365.65573,0.4262154124255474,,,1.8848,-35.802207130730054,1,1015
2015-09-10,1.1857,86728986.768170936,2.78973383,73145809.87448,0.42502262662097773,,,1.8848,-37.09146859083192,1,1016
2015-09-11,0.927715708357686,67883786.49239528497124731578,2.25259009,73173048.46823,0.41184399792759724,,,1.8848,-50.77909017626878,1,1017
2015-09-12,1.14639,83915118.4163457522,2.68992164,73199450.81198,0.4261797009075699,,,1.8848,-39.17710101867572,1,1018
2015-09-13,0.88557,64846414.2677979411,2.15049852,73225622.21823,0.4117975398560144,,,1.8848,-53.015174023769106,1,1019
2015-09-14,0.955,69954905.87778465,2.29659908,73251210.34323,0.4158322662046874,,,1.8848,-49.33149405772496,1,1020
2015-09-15,0.95,69612984.3729435,2.5170821,73276825.65573,0.3774211417259692,,,1.8848,-49.59677419354839,1,1021
2015-09-16,0.93634,68636665.6476487282,2.48099049,73303143.78073,0.377405719116642,,,1.8848,-50.321519524618,1,1022
2015-09-17,0.875,64162506.98001375,2.33899071,73328579.40573,0.37409297790669727,,,1.8848,-53.57597623089983,1,1023
2015-09-18,0.85226,62517083.6911993248,2.28456208,73354473.62448,0.37305180168271024,,,1.8848,-54.782470288624786,1,1024
2015-09-19,0.883689479836353,64846601.67246629532350190894,2.34796246,73381660.81198,0.376364398873887,,,1.8848,-53.114946952655295,1,1025
2015-09-20,0.94116,69090220.0465593468,2.47372585,73409643.46823,0.38046253185250906,,,1.8848,-50.065789473684205,1,1026
2015-09-21,0.94116,69115303.7252343468,2.46892478,73436295.34323,0.3812023791182492,,,1.8848,-50.065789473684205,1,1027
2015-09-22,0.80588,59202092.9986396924,2.15548222,73462665.65573,0.3738745754998619,,,1.8848,-57.24320882852293,1,1028
2015-09-23,0.91,66875668.8310893,2.39300012,73489745.96823,0.380275785360178,,,1.8848,-51.71901528013583,1,1029
2015-09-24,0.8,58812905.399584,2.13476982,73516131.74948,0.3747476624903757,,,1.8848,-57.555178268251275,1,1030
2015-09-25,0.68233,50180687.4321320634,1.84051674,73543135.18698,0.37072740778222973,,,1.8848,-63.79828098471986,1,1031
2015-09-26,0.77032,56671707.1291594336,2.04735816,73569045.49948,0.3762507288905426,,,1.8848,-59.129881154499145,1,1032
2015-09-27,0.700769905318527,51572500.07084410480762177221,1.87468697,73594056.59323,0.373806356225182,,,1.8848,-62.81993286722586,1,1033
2015-09-28,0.604208065458796,44481055.09376091219215317608,1.63593024,73618770.81198,0.36933608211728886,,,1.8848,-67.9431204658958,1,1034
2015-09-29,0.68163,50197370.4505105524,1.81560795,73643135.49948,0.3754279661531555,,,1.8848,-63.83542020373515,1,1035
2015-09-30,0.713644313851549,52572915.59156994409971419452,1.88747036,73668232.99948,0.3780956400563287,,,1.8848,-62.136867898368585,1,1036
2015-10-01,0.654722555230859,48250207.57113145433988929707,1.7449154,73695655.03073,0.3752173631058899,,,1.8848,-65.26302232433898,1,1037
2015-10-02,0.66467,49001179.3760690591,1.76594782,73722568.15573,0.3763814493680793,,,1.8848,-64.73525042444822,1,1038
2015-10-03,0.6796,50119835.287134108,1.80112465,73749021.90573,0.37731980404576665,,,1.8848,-63.94312393887945,1,1039
2015-10-04,0.60954,44968509.9868592892,1.7681262,73774502.06198,0.3447378360209809,,,1.8848,-67.66022920203736,1,1040
2015-10-05,0.60777,44853814.3267283346,1.76307409,73800638.93698,0.34472175811964895,,,1.8848,-67.75413837011884,1,1041
2015-10-06,0.65114,48070850.3447314072,1.87289931,73825675.49948,0.34766417848698977,,,1.8848,-65.45309847198641,1,1042
2015-10-07,0.6,44311085.455938,1.73984036,73851809.09323,0.3448592260499118,,,1.8848,-68.16638370118847,1,1043
2015-10-08,0.633798841028638,46824163.15380946087363504574,1.82176106,73878587.53073,0.34790448371348875,,,1.8848,-66.37315147343813,1,1044
2015-10-09,0.635190847457627,46943169.12292178944867334646,1.82134949,73904038.93698,0.34874737163026687,,,1.8848,-66.29929714252827,1,1045
2015-10-10,0.635190847457627,46959366.29103481910666490896,1.81920274,73929538.62448,0.34915891092909584,,,1.8848,-66.29929714252827,1,1046
2015-10-11,0.59931,44322597.7219355463,1.72291151,73956045.65573,0.34784723215413427,,,1.8848,-68.2029923599321,1,1047
2015-10-12,0.63,46609195.1256099,1.79649186,73982849.40573,0.35068347039434955,,,1.8848,-66.57470288624788,1,1048
2015-10-13,0.601639343658679,44527037.64569004195468229942,1.71740921,74009517.68698,0.3503179907010508,,,1.8848,-68.07940663950131,1,1049
2015-10-14,0.483236302162478,35776589.69322587013250388644,1.39636066,74035393.31198,0.3460684019574699,,,1.8848,-74.36140162550521,1,1050
2015-10-15,0.559861985973115,41463940.65984187624313507395,1.68771447,74061003.78073,0.33172790535659447,,,1.8848,-70.2959472637354,1,1051
2015-10-16,0.525,38895383.7231645,1.58457216,74086445.18698,0.33131971724152975,,,1.8848,-72.14558573853989,1,1052
2015-10-17,0.52299,38760303.3807074202,1.57654959,74112895.81198,0.33173076401611956,,,1.8848,-72.25222835314092,1,1053
2015-10-18,0.505,37440065.76708115,1.52770711,74138744.09323,0.3305607447228546,,,1.8848,-73.20670628183362,1,1054
2015-10-19,0.499479725306838,37043769.38382884864162631924,1.4982944,74164710.81198,0.33336554238395205,,,1.8848,-73.49959012591056,1,1055
2015-10-20,0.440034716540035,32646573.1087362631677651193,1.32167465,74190903.31198,0.3329372448355841,,,1.8848,-76.65350612584704,1,1056
2015-10-21,0.42,31171118.8816566,1.25876092,74216949.71823,0.3336614549488873,,,1.8848,-77.71646859083192,1,1057
2015-10-22,0.546183513734658,40549909.63088006638042697784,1.5882966,74242280.49948,0.34388004969264435,,,1.8848,-71.02167265839039,1,1058
2015-10-23,0.56491,41955772.6837440593,1.62767608,74269835.34323,0.34706536941920285,,,1.8848,-70.02811969439729,1,1059
2015-10-24,0.55606,41313564.2930814738,1.60330784,74296954.09323,0.3468204833327579,,,1.8848,-70.49766553480475,1,1060
2015-10-25,0.624364857977791,46405149.04648363582839923618,1.78113684,74323768.31198,0.3505428914590251,,,1.8848,-66.87368113445507,1,1061
2015-10-26,0.700519544126242,52083404.28942747420273535416,1.96516266,74349680.49948,0.35646898772554636,,,1.8848,-62.833216037444714,1,1062
2015-10-27,0.83,61733084.1958184,2.2236057,74377209.87448,0.3732676166462427,,,1.8848,-55.96349745331071,1,1063
2015-10-28,0.99,73659519.0163602,2.58630067,74403554.56198,0.3827861205325365,,,1.8848,-47.474533106960955,1,1064
2015-10-29,1.17940672121566,87784498.7330474374007509818,2.68866354,74431065.34323,0.4386590972315042,,,1.8848,-37.42536496096881,1,1065
2015-10-30,1.12067336586791,83443977.7641389818730536868,2.52814732,74458785.49948,0.44327850556901494,,,1.8848,-40.54152345777218,1,1066
2015-10-31,0.889342571595558,66244048.41994913259013868484,2.05135907,74486537.06198,0.4335382257556489,,,1.8848,-52.81501636271445,1,1067
2015-11-01,0.99,73769570.0460477,2.25825307,74514717.21823,0.4383919646348583,,,1.8848,-47.474533106960955,1,1068
2015-11-02,0.9878,73632440.849448844,2.26082824,74541851.43698,0.4369195246782658,,,1.8848,-47.591256366723265,1,1069
2015-11-03,1.04736265341905,78101264.5761037038114892815,2.37680286,74569457.21823,0.44066029667224904,,,1.8848,-44.43109860892137,1,1070
2015-11-04,0.799,59603141.72595952,1.85455408,74597173.62448,0.4308313295452673,,,1.8848,-57.60823429541595,1,1071
2015-11-05,0.87638,65399388.6636311574,2.01179401,74624465.03073,0.4356211399595528,,,1.8848,-53.50275891341256,1,1072
2015-11-06,0.959652834599649,71639895.17718772548234440127,2.2780684,74651887.21823,0.4212572522403845,,,1.8848,-49.08463313881319,1,1073
2015-11-07,0.911850192869667,68095698.12088335262725236691,2.18745832,74678602.53073,0.41685374506686235,,,1.8848,-51.62085139698287,1,1074
2015-11-08,1,74705891.59323,2.37940703,74705891.59323,0.4202727769531723,,,1.8848,-46.94397283531409,1,1075
2015-11-09,0.998,74583485.22223104,2.32150138,74732951.12448,0.429894209237989,,,1.8848,-47.050084889643465,1,1076
2015-11-10,0.901914669783752,67427497.13796786905820594896,2.10777942,74760395.18698,0.42789803393362297,,,1.8848,-52.14799077972453,1,1077
2015-11-11,0.750047340736411,56094701.21624743402687381628,1.78114722,74788214.24948,0.42110350695009424,,,1.8848,-60.20546791508855,1,1078
2015-11-12,0.88,65838296.7270424,2.31068324,74816246.28073,0.38083973812005495,,,1.8848,-53.310696095076395,1,1079
2015-11-13,0.89998421975453,67358807.2297818618707645194,2.36111323,74844431.43698,0.3811694451242095,,,1.8848,-52.250412788915,1,1080
2015-11-14,0.88,65888054.4020424,2.31161449,74872789.09323,0.38068631417862414,,,1.8848,-53.310696095076395,1,1081
2015-11-15,0.91,68159827.4170268,2.37911147,74900909.24948,0.3824957390500077,,,1.8848,-51.71901528013583,1,1082
2015-11-16,0.914427235534775,68516482.26103978604512426075,2.41513021,74928304.40573,0.3786244036650824,,,1.8848,-51.48412375133834,1,1083
2015-11-17,0.999284628872005,74902476.5711040082294765574,2.58968209,74956097.99948,0.3858715449014844,,,1.8848,-46.98192758531383,1,1084
2015-11-18,0.996753607247224,74739924.62661137207110719352,2.58197813,74983350.03073,0.3860426219982057,,,1.8848,-47.11621353739262,1,1085
2015-11-19,0.94,70509318.6601362,2.45442605,75009913.46823,0.3829815935990412,,,1.8848,-50.12733446519525,1,1086
2015-11-20,0.92,69032240.4220216,2.40600396,75035043.93698,0.3823767605104025,,,1.8848,-51.188455008488965,1,1087
2015-11-21,0.96,72059353.0795008,2.49551433,75061826.12448,0.38469023738284847,,,1.8848,-49.06621392190153,1,1088
2015-11-22,0.97,72836150.2766831,2.51501082,75088814.71823,0.3856842254062351,,,1.8848,-48.53565365025467,1,1089
2015-11-23,0.92,69106800.0970216,2.36795249,75116087.06198,0.38852130855040934,,,1.8848,-51.188455008488965,1,1090
2015-11-24,0.910014781998831,68381181.78293189184712642038,2.3390317,75142935.18698,0.3890561987675631,,,1.8848,-51.7182310060043,1,1091
2015-11-25,0.87,65397384.1439226,2.24598819,75169407.06198,0.38735733512472303,,,1.8848,-53.841256366723265,1,1092
2015-11-26,0.858832719462303,64580738.36585753267836610244,2.17251787,75195945.49948,0.3953167572620717,,,1.8848,-54.43374790628699,1,1093
2015-11-27,0.88,66196972.4895424,2.245669,75223832.37448,0.39186540848183776,,,1.8848,-53.310696095076395,1,1094
2015-11-28,0.907557786090006,68294661.33541176465712150938,2.30586779,75251033.46823,0.3935862194813892,,,1.8848,-51.848589447686436,1,1095
2015-11-29,0.87,65492194.4329851,2.22369564,75278384.40573,0.3912405926199505,,,1.8848,-53.841256366723265,1,1096
2015-11-30,0.88,66269055.0770424,2.24870122,75305744.40573,0.39133700474445426,,,1.8848,-53.310696095076395,1,1097
2015-12-01,0.863293395675044,65034729.32998916612779285212,2.21070608,75333287.21823,0.3905057318497283,,,1.8848,-54.19708214797092,1,1098
2015-12-02,0.82,61794621.2845736,2.10810364,75359294.24948,0.3889751834022734,,,1.8848,-56.49405772495755,1,1099
2015-12-03,0.83,62571506.7505059,2.12661247,75387357.53073,0.39029207799200016,,,1.8848,-55.96349745331071,1,1100
2015-12-04,0.84,63347791.0008132,2.14817831,75414036.90573,0.39102899237447386,,,1.8848,-55.43293718166383,1,1101
2015-12-05,0.86993,65628057.4959204489,2.21371558,75440618.78073,0.3929727955386211,,,1.8848,-53.84497028862479,1,1102
2015-12-06,0.82499,62259416.8448878802,2.11061662,75466874.56198,0.39087629282479547,,,1.8848,-56.229308149405774,1,1103
2015-12-07,0.78994398012858,59635709.6985025760035450134,2.02679247,75493593.46823,0.3897507967989342,,,1.8848,-58.08871073171796,1,1104
2015-12-08,0.79461,60008872.4814152403,2.03735342,75519905.96823,0.3900206965564178,,,1.8848,-57.841150254668925,1,1105
2015-12-09,0.80511,60824635.4800410303,2.06036803,75548230.03073,0.39076028567575866,,,1.8848,-57.284061969439726,1,1106
2015-12-10,0.84374,63766247.3401437552,2.14868727,75575707.37448,0.39267696689988774,,,1.8848,-55.23450764006791,1,1107
2015-12-11,0.899800105201637,68027344.57577558133961208626,2.26766408,75602730.18698,0.39679603038984373,,,1.8848,-52.26018117563471,1,1108
2015-12-12,0.96,72604739.2795008,2.39707248,75629936.74948,0.40048851589168477,,,1.8848,-49.06621392190153,1,1109
2015-12-13,0.91994,69600677.0951260062,2.30625382,75657844.09323,0.3988893121920119,,,1.8848,-51.19163837011885,1,1110
2015-12-14,0.99,74927707.1601102,2.43363055,75684552.68698,0.40679962700172384,,,1.8848,-47.474533106960955,1,1111
2015-12-15,1,75711567.21823,2.43789551,75711567.21823,0.410189852640567,,,1.8848,-46.94397283531409,1,1112
2015-12-16,0.8671,65672441.097692858,2.08468404,75738024.56198,0.41593833087531096,,,1.8848,-53.995118845500855,1,1113
2015-12-17,0.94,71219013.2257612,2.22900749,75764907.68698,0.421712355932909,,,1.8848,-50.12733446519525,1,1114
2015-12-18,0.9,68212421.324532,2.14360332,75791579.24948,0.4198538001891134,,,1.8848,-52.24957555178268,1,1115
2015-12-19,0.893520944476914,67745215.59716711483098306722,2.12732627,75818273.78073,0.42002064143969514,,,1.8848,-52.593328497617044,1,1116
2015-12-20,0.96,72810921.4795008,2.26178739,75844709.87448,0.42444307729560743,,,1.8848,-49.06621392190153,1,1117
2015-12-21,0.91,69042762.5951518,2.15484683,75871167.68698,0.42230379780636196,,,1.8848,-51.71901528013583,1,1118
2015-12-22,0.88,66790717.0145424,2.09197779,75898542.06198,0.42065456153815095,,,1.8848,-53.310696095076395,1,1119
2015-12-23,0.87093,66126180.1757089914,2.0736047,75925941.43698,0.42000772857044544,,,1.8848,-53.79191426146011,1,1120
2015-12-24,0.87,66078786.3595476,2.07039047,75952627.99948,0.42021058955125506,,,1.8848,-53.841256366723265,1,1121
2015-12-25,0.865924904734074,65792482.06411678006728871902,2.06124569,75979431.59323,0.420097860694168,,,1.8848,-54.057464731850914,1,1122
2015-12-26,0.853,64833110.96230644,2.03280208,76005991.74948,0.4196178311663278,,,1.8848,-54.743208828522924,1,1123
2015-12-27,0.86893,66067220.4398631564,2.06489297,76032845.49948,0.4208111571032178,,,1.8848,-53.89802631578947,1,1124
2015-12-28,0.842445938047925,64076356.72512764642345492275,2.01273311,76059903.46823,0.4185581952531824,,,1.8848,-55.30316542614999,1,1125
2015-12-29,0.86,65434445.5233028,2.04714227,76086564.56198,0.4200978176274969,,,1.8848,-54.37181663837012,1,1126
2015-12-30,0.896515517241379,68236755.24640092193035492042,2.12437757,76113300.81198,0.42201326633352615,,,1.8848,-52.43444836367895,1,1127
2015-12-31,0.94884,72244875.9960203532,2.22548049,76140209.09323,0.4263528726778459,,,1.8848,-49.658319185059426,1,1128
2016-01-01,0.92037,70101158.5766517201,2.16605632,76166279.40573,0.42490584917016383,,,1.8848,-51.16882427843803,1,1129
2016-01-02,0.94999,72383218.2097478802,2.22649136,76193663.31198,0.4266758079851701,,,1.8848,-49.59730475382004,1,1130
2016-01-03,0.957062928112215,72948617.97720074634378680445,2.23809044,76221339.09323,0.42762477825168455,,,1.8848,-49.222043287764485,1,1131
2016-01-04,0.95,72436321.7323185,2.22238525,76248759.71823,0.4274686398319104,,,1.8848,-49.59677419354839,1,1132
2016-01-05,0.9426,71898322.157997348,2.20757338,76276598.93698,0.42698467400435863,,,1.8848,-49.98938879456706,1,1133
2016-01-06,0.95,72489013.1854435,2.22774819,76304224.40573,0.4264395788825667,,,1.8848,-49.59677419354839,1,1134
2016-01-07,0.939947483343074,71747363.13574612943381578902,2.20804468,76331246.59323,0.42569223886496455,,,1.8848,-50.13012079037171,1,1135
2016-01-08,0.985,75213854.6623003,2.29828206,76359243.31198,0.4285809897502311,,,1.8848,-47.73981324278438,1,1136
2016-01-09,0.969910045587376,74088362.58719026449457506448,2.26559203,76386839.09323,0.42810445691203114,,,1.8848,-48.54042627401443,1,1137
2016-01-10,1,76414127.06198,2.3247523,76414127.06198,0.4301533544025314,,,1.8848,-46.94397283531409,1,1138
2016-01-11,1.07090673290473,81861323.1633631856761592279,2.4620569,76441132.21823,0.43496424997518546,,,1.8848,-43.18194328816161,1,1139
2016-01-12,1.17745,90036108.005237726,2.63709005,76467032.99948,0.44649593971961643,,,1.8848,-37.529180814940574,1,1140
2016-01-13,1.13743,87006079.4050954114,2.56117759,76493568.31198,0.444104307503331,,,1.8848,-39.65248302207131,1,1141
2016-01-14,1.16592069608416,89216820.0865280072186662368,2.61281352,76520487.53073,0.4462318826657633,,,1.8848,-38.14087987668931,1,1142
2016-01-15,1.29089104734074,98814204.7427074726286903152,2.81991099,76547284.87448,0.45777723194757297,,,1.8848,-31.510449525639856,1,1143
2016-01-16,1.21179,92791374.7956898692,2.66310578,76573807.99948,0.4550288648316479,,,1.8848,-35.70723684210527,1,1144
2016-01-17,1.31093687901812,100418299.5895190568692893276,2.64132391,76600407.84323,0.49631810549813254,,,1.8848,-30.446897335626065,1,1145
2016-01-18,1.46624418176505,112353933.970185128796882174,2.7990783,76627027.99948,0.5238310703080546,,,1.8848,-22.206908862210845,1,1146
2016-01-19,1.35304659848042,103715244.3775582289445314316,2.61101411,76653120.81198,0.5182073100632995,,,1.8848,-28.212722915936965,1,1147
2016-01-20,1.45662153009936,111693248.5010000662760783328,2.7676534,76679663.31198,0.5263020037477815,,,1.8848,-22.717448530382008,1,1148
2016-01-21,1.49593,114746182.0751949289,2.8235497,76705582.53073,0.5298047347988951,,,1.8848,-20.631897283531412,1,1149
2016-01-22,1.52,116632393.0467096,2.83956376,76731837.53073,0.5352934917016973,,,1.8848,-19.35483870967742,1,1150
2016-01-23,2.01225053594389,154455536.2626539171302651147,3.58174779,76757607.21823,0.5618068758392087,,,2.01225053594389,0.0,1,1151
2016-01-24,2.1013847849211,161354508.015172908965422278,3.62872686,76784846.43698,0.579096985249835,,,2.1013847849211,0.0,1,1152
2016-01-25,2.53372158971362,194616541.8045467880733432926,4.16871915,76810547.21823,0.607793784744079,,,2.53372158971362,0.0,1,1153
2016-01-26,2.38058670368206,182918408.6583602567714215788,3.87587743,76837532.68698,0.6142058789723028,,,2.53372158971362,-6.043871854479034,1,1154
2016-01-27,2.40130981823495,184573406.7173850191465631385,3.88137912,76863637.21823,0.6186743793878476,,,2.53372158971362,-5.2259795242000635,1,1155
2016-01-28,2.54645331911163,195797300.3008095901879941399,4.03478121,76890198.15573,0.6311255026171866,,,2.54645331911163,0.0,1,1156
2016-01-29,2.48763545119813,191339869.8199584245677357224,3.91742164,76916362.37448,0.6350185606260474,,,2.54645331911163,-2.3097956468339897,1,1157
2016-01-30,2.44067,187791386.9309158516,3.77984548,76942555.49948,0.6457062895597522,,,2.54645331911163,-4.154143267332085,1,1158
2016-01-31,2.24267177966102,172614493.8899968950691987696,3.52024342,76968237.37448,0.6370786085187882,,,2.54645331911163,-11.929593885372663,1,1159
2016-02-01,2.16739736703682,166878042.0525704074429133536,2.97920958,76994668.62448,0.7275075179628081,,,2.54645331911163,-14.8856430718726,1,1160
2016-02-02,2.44653,188433045.3637584294,3.28311151,77020533.31198,0.745186385703969,,,2.54645331911163,-3.9240192766027144,1,1161
2016-02-03,2.53,194931022.6277469,3.34432539,77047835.03073,0.7565053351462312,,,2.54645331911163,-0.6461268694047877,1,1162
2016-02-04,2.55007,196545108.5127402136,3.34470424,77074397.37448,0.7624201773966119,,,2.55007,0.0,1,1163
2016-02-05,2.56451,197726172.5900855173,3.1728161,77100955.96823,0.8082756514000292,,,2.56451,0.0,1,1164
2016-02-06,2.54902,196599034.7054595096,3.15461147,77127301.74948,0.8080297761676496,,,2.56451,-0.6040140221718684,1,1165
2016-02-07,2.89807110052601,223597738.3833874776837158498,3.33669411,77153986.43698,0.8685456337878124,,,2.89807110052601,0.0,1,1166
2016-02-08,3.18377219345412,245725570.1307216542423763576,3.57093132,77180638.31198,0.8915803492558128,,,3.18377219345412,0.0,1,1167
2016-02-09,3.89347676504968,300604098.7349732528389766664,4.14490261,77207112.53073,0.9393409523437947,,,3.89347676504968,0.0,1,1168
2016-02-10,4.37768284453536,338102777.6572043442473716128,4.08873952,77233273.78073,1.0706680685140246,,,4.37768284453536,0.0,1,1169
2016-02-11,5.87194032261835,453664650.6957645466177337705,5.06499071,77259751.59323,1.1593190706204377,,,5.87194032261835,0.0,1,1170
2016-02-12,5.47040384395091,422787001.8169083299641005268,4.55004515,77286250.49948,1.2022746288464656,,,5.87194032261835,-6.838224787822628,1,1171
2016-02-13,5.21879062419638,403481065.0410384643635391324,4.34342257,77313135.18698,1.2015387727278812,,,5.87194032261835,-11.123234613030345,1,1172
2016-02-14,5.15584398305085,398750211.403057780635926058,3.55259197,77339464.24948,1.4512907833462365,,,5.87194032261835,-12.195225091255473,1,1173
2016-02-15,5.15268737580363,398641211.9263570151051939874,3.51569827,77365689.56198,1.4656227526043155,,,5.87194032261835,-12.248982573004058,1,1174
2016-02-16,4.26236679544126,329873667.9152795336894036698,2.94045155,77392135.34323,1.449561988341981,,,5.87194032261835,-27.41127189213952,1,1175
2016-02-17,3.81098028872005,295037737.900069006450234324,2.64807663,77417807.37448,1.4391503046194136,,,5.87194032261835,-35.098449927353826,1,1176
2016-02-18,4.366827735827,338184704.19656919298352621,2.97167403,77444022.21823,1.469484099447812,,,5.87194032261835,-25.632286843818044,1,1177
2016-02-19,4.58564058328463,355252683.6159785376993851174,3.07514061,77470677.68698,1.4911970426238916,,,5.87194032261835,-21.905872142109025,1,1178
2016-02-20,4.35048920105202,337150899.0673878029293473246,2.93386062,77497238.46823,1.482854765286028,,,5.87194032261835,-25.910534473686575,1,1179
2016-02-21,4.62442860549386,358503162.8579784575683263178,3.09085,77523775.03073,1.4961672696811104,,,5.87194032261835,-21.24530646742359,1,1180
2016-02-22,5.59370853594389,433795077.5321726404134463647,3.65668403,77550532.84323,1.529721597505347,,,5.87194032261835,-4.738327901643158,1,1181
2016-02-23,5.60993619696084,435200353.3211108897129691132,3.64876153,77576702.84323,1.5374905021432959,1.382470449082408,4.057906771666868,5.87194032261835,-4.461968468042611,1,1182
2016-02-24,6.23428100935126,483799717.8685836854388954698,3.99644109,77603129.71823,1.5599581900383426,1.4076419041291643,4.4288827940285636,6.23428100935126,0.0,1,1183
2016-02-25,6.07227434482759,471390374.8352926212818924657,3.86721974,77629953.46823,1.5701911846435679,1.4320033258533023,4.24040519683098,6.23428100935126,-2.598642317865762,1,1184
2016-02-26,5.87555043717125,456275314.3264168364686475125,3.33886106,77656607.53073,1.7597469111731325,1.4553811280391582,4.037121496200385,6.23428100935126,-5.7541610915825565,1,1185
2016-02-27,6.31073388778492,490235501.3311471449746868416,3.4736779,77682803.62448,1.8167297226334427,1.4819847974780829,4.258298667114532,6.31073388778492,0.0,1,1186
2016-02-28,6.49883606838106,505019542.9080562088269874738,3.54504607,77709229.40573,1.833216251652566,1.508038977819988,4.309461601434028,6.49883606838106,0.0,1,1187
2016-02-29,6.33325343074226,492312028.7495219183319627748,3.34140044,77734458.93698,1.8953889378018578,1.5302812449736996,4.138620565039407,6.49883606838106,-2.5478814344065888,1,1188
2016-03-01,7.52637569959088,585258049.4246299694756277424,3.54725879,77760940.03073,2.1217441819605387,1.5589379026592636,4.827886785453261,7.52637569959088,0.0,1,1189
2016-03-02,8.51878790765634,662655932.0702689980846637032,3.42307194,77787584.24948,2.4886382924386745,1.5926207299824666,5.348911857847113,8.51878790765634,0.0,1,1190
2016-03-03,9.28491024430157,722493178.4900848248248981836,3.57186608,77813695.49948,2.599456428753222,1.631379912326125,5.6914457350786885,9.28491024430157,0.0,1,1191
2016-03-04,9.97869814319112,776737643.0951619218712256176,3.47951158,77839577.06198,2.8678444987934544,1.6747915030420808,5.958173375650567,9.97869814319112,0.0,1,1192
2016-03-05,10.7510062758621,837139607.084710720858851708,3.54122008,77866162.99948,3.0359610622850925,1.7231256015751026,6.239247020666773,10.7510062758621,0.0,1,1193
2016-03-06,10.9844067209234,855592604.682089437490757332,3.54561837,77891562.68698,3.0980228481057313,1.7718476351797197,6.199408178688708,10.9844067209234,0.0,1,1194
2016-03-07,9.47688401578024,738415566.6658247554289767752,3.085328,77917548.15573,3.0715969309519897,1.8116230552586208,5.231156662679673,10.9844067209234,-13.724206900237867,1,1195
2016-03-08,9.7728496277031,761728847.002806677135191263,2.98989714,77943371.28073,3.2686240262108486,1.8533079033971365,5.273192657188449,10.9844067209234,-11.029790902702958,1,1196
2016-03-09,11.8170986516657,921368689.019195724288640086,3.49687097,77969112.06198,3.3793350549807966,1.905393396655465,6.201920649251877,11.8170986516657,0.0,1,1197
2016-03-10,11.1656511233197,870873244.968500561340755006,3.29736543,77995742.06198,3.386234058783015,1.9544716522720633,5.712874428411221,11.8170986516657,-5.512753574704015,1,1198
2016-03-11,11.122905396844,867831820.53125040405439112,3.24988767,78022044.56198,3.4225507236820896,2.003895979256283,5.550640109060005,11.8170986516657,-5.8744813366168245,1,1199
2016-03-12,13.283658818235,1036768512.42107830231092405,3.73441292,78048414.71823,3.5570942750045442,2.063958323347458,6.436011167459391,13.283658818235,0.0,1,1200
2016-03-13,14.3400544862653,1119609292.832700051766385794,3.83057849,78075665.18698,3.7435741164685807,2.1297585957787843,6.7331830540266475,14.3400544862653,0.0,1,1201
2016-03-14,12.311385849211,961544758.24349663270062903,2.99608053,78102073.15573,4.109163864567753,2.1856332250248394,5.632869096355855,14.3400544862653,-14.146868402747915,1,1202
2016-03-15,13.0422990222092,1019037819.797724268688551216,3.01175522,78133296.74948,4.3304644864894435,2.2443697201358854,5.811118776553247,14.3400544862653,-9.049864247720064,1,1203
2016-03-16,12.7028209514904,992913292.774889517447799992,2.95057147,78164786.90573,4.305207001642431,2.3019888248933373,5.518194012987437,14.3400544862653,-11.417205815661433,1,1204
2016-03-17,11.0503306107539,864100619.085410756100139222,2.72713865,78196811.43698,4.051987093048569,2.350640477947107,4.700987120073982,14.3400544862653,-22.940804574084787,1,1205
2016-03-18,10.8461398468732,848472850.184237264678725936,2.69895933,78228094.24948,4.018637749118361,2.3983386271814733,4.522355485563596,14.3400544862653,-24.364723598076438,1,1206
2016-03-19,10.5016330590298,821859623.258490841911517004,2.60814953,78260173.31198,4.026468934482373,2.4440467924766223,4.2968216039710905,14.3400544862653,-26.76713279515002,1,1207
2016-03-20,10.2405717878434,801752398.591835212527615182,2.47439658,78291760.96823,4.138613781887543,2.4887082470616604,4.114814100822835,14.3400544862653,-28.587636834632157,1,1208
2016-03-21,11.8347655233781,926936176.689063507466737138,2.81484513,78323155.18698,4.204410891826969,2.541714224678551,4.6562140654797,14.3400544862653,-17.470567948585757,1,1209
2016-03-22,11.2960089403857,885097278.854859086327005686,2.66823898,78354867.06198,4.233507202711543,2.59202641938048,4.357983721124864,14.3400544862653,-21.22757308066816,1,1210
2016-03-23,12.4052275651666,972398166.708989826734538368,2.79046909,78386161.12448,4.445570678285708,2.6472382018468736,4.686101748045175,14.3400544862653,-13.492465617559892,1,1211
2016-03-24,11.167820943308,875760776.10393915591410484,2.5067942,78418232.21823,4.455021055700544,2.696377306563414,4.141787173524913,14.3400544862653,-22.121488771159278,1,1212
2016-03-25,10.6561121274109,835973297.101530478786727582,2.39004105,78450122.06198,4.458547742270327,2.743279817200468,3.884442287147186,14.3400544862653,-25.689876997209655,1,1213
2016-03-26,11.0021322945646,863469902.343978703919126408,2.45980523,78482050.49948,4.472765632165357,2.7919730097369966,3.940629890115234,14.3400544862653,-23.276914288559468,1,1214
2016-03-27,10.3864397071888,815477616.811740068971911824,2.30401407,78513681.28073,4.5079758159587975,2.83785520827294,3.6599611132062555,14.3400544862653,-27.57043066233268,1,1215
2016-03-28,11.6568222752776,915585044.043024903107030648,2.55981129,78544994.71823,4.55378188260026,2.890210819649328,4.0332083030164325,14.3400544862653,-18.71145059844551,1,1216
2016-03-29,11.6889505213326,918476031.994532303470050798,2.53185153,78576432.53073,4.616759862428664,2.9440169937142024,3.970408644477863,14.3400544862653,-18.48740510345961,1,1217
2016-03-30,11.8662580976037,932784394.742588176681346076,2.51034468,78608132.99948,4.726943750849266,2.997616334202221,3.9585646642674037,14.3400544862653,-17.250955294702454,1,1218
2016-03-31,11.3805020005845,894957236.373168877013899185,2.47382104,78639521.90573,4.60037400303803,3.0500909942051435,3.7312008140761286,14.3400544862653,-20.63836290521363,1,1219
2016-04-01,11.634682565751,915316842.71336135438646573,2.5213166,78671406.59323,4.614526619049349,3.1034894070338983,3.7489035855516675,14.3400544862653,-18.86584129164549,1,1220
2016-04-02,11.6253264757452,914942115.630916462455024996,2.51623501,78702487.84323,4.620127464065926,3.156866039412624,3.6825529910379866,14.3400544862653,-18.931085743922573,1,1221
2016-04-03,11.6097399362946,914083789.619422488717833058,2.50948861,78734217.53073,4.626336971616938,3.2102330390940965,3.616478864590709,14.3400544862653,-19.039778074663218,1,1222
2016-04-04,11.1254464348334,876308812.507270496791305382,2.40634853,78766170.65573,4.623372839026524,3.261485271268264,3.4111594900770927,14.3400544862653,-22.41698631278428,1,1223
2016-04-05,10.4364448877849,822368328.187023657601301852,2.25124264,78797745.49948,4.6358596369625005,3.3094061957071883,3.153570239072672,14.3400544862653,-27.22172082553258,1,1224
2016-04-06,10.7240740794857,845368123.074430937583908061,2.28863445,78829008.15573,4.68579596863348,3.358608118705435,3.1930114203437525,14.3400544862653,-25.215946077770727,1,1225
2016-04-07,10.0923154412624,795881766.894064801521743552,2.15283663,78860175.49948,4.687915144430816,3.404363895911747,2.964523109113606,14.3400544862653,-29.621498642639914,1,1226
2016-04-08,9.71449246171829,766396612.3748377955312202392,2.07022028,78892089.87448,4.692492173691917,3.4482305582203385,2.8172398271222394,14.3400544862653,-32.25623744301186,1,1227
2016-04-09,9.10883037872589,718896251.5717022008784934747,1.94261626,78923003.46823,4.688949931226197,3.489745310113968,2.6101705337425942,14.3400544862653,-36.479806353245046,1,1228
2016-04-10,8.87182292402104,700472806.6443340688520540592,1.89057967,78954777.68698,4.6926469509856945,3.529554424734073,2.5135815619812885,14.3400544862653,-38.13257172405904,1,1229
2016-04-11,8.69525671537113,686801361.1456257142702032624,1.85514642,78985748.62448,4.6870999623690786,3.5690307083109287,2.4363076213166646,14.3400544862653,-39.363851624836414,1,1230
2016-04-12,7.4949641735827,592230592.641203432251805746,1.60922608,79017134.56198,4.657496088792384,3.6030938791788425,2.080146791870665,14.3400544862653,-47.734060698574964,1,1231
2016-04-13,8.04542446054939,635979706.1962999028578515047,1.71940722,79048620.65573,4.679184992924126,3.6394694014815894,2.210603682304399,14.3400544862653,-43.89544008877245,1,1232
2016-04-14,8.45583827527761,668687874.7190388501848731428,1.96824968,79080021.74948,4.296120741794105,3.6782447433313847,2.2988786405820187,14.3400544862653,-41.03342994005712,1,1233
2016-04-15,8.21057201344243,649552763.0725269838381155614,1.92996852,79111755.18698,4.254251780978494,3.7162765630713026,2.2093544100110876,14.3400544862653,-42.74378788932498,1,1234
2016-04-16,8.57401139099942,678575439.4317964205330465516,1.98745536,79143286.43698,4.314064890996808,3.7557384700262997,2.2829095953902723,14.3400544862653,-40.20935276632676,1,1235
2016-04-17,9.33850245178258,739373931.4245358590437193084,2.17329886,79174785.81198,4.296925114009667,3.798862760715955,2.4582363301859824,14.3400544862653,-34.87819407710854,1,1236
2016-04-18,8.98708852425482,711837167.1104457774144568686,2.0908682,79206649.09323,4.298256831422861,3.8405245905610745,2.340067954868079,14.3400544862653,-37.32877003457325,1,1237
2016-04-19,8.74754864932788,693138046.9227563980667707524,2.0371651,79237975.65573,4.293981204237143,3.880938983807714,2.2539773714106115,14.3400544862653,-38.999195172471914,1,1238
2016-04-20,8.50508721332554,674196622.4456286894526969692,1.98005412,79269807.06198,4.29538118550292,3.9200664198743413,2.169628343592753,14.3400544862653,-40.68999374115634,1,1239
2016-04-21,8.15181716540035,646448728.2533368614685808805,1.89829574,79301180.96823,4.294281967571792,3.9577778057013426,2.0596955073266923,14.3400544862653,-43.15351330632638,1,1240
2016-04-22,7.90673911747516,627263418.5008229607392054168,1.83973835,79332757.68698,4.297751969716324,3.9942726512887186,1.9795191284511129,14.3400544862653,-44.86255875074867,1,1241
2016-04-23,8.41247736469901,667651649.9608984794854630773,1.94137752,79364451.28073,4.33325166178859,4.033079338112214,2.0858695451889337,14.3400544862653,-41.33580613130612,1,1242
2016-04-24,8.00785114552893,635790909.3646831878909540189,1.85059553,79395945.03073,4.327175233979371,4.070118593839858,1.967473664686048,14.3400544862653,-44.1574566317113,1,1243
2016-04-25,7.51964895265927,597271303.4886636485300490546,1.73941026,79428083.31198,4.3231025627382875,4.10454784439801,1.8320285784760129,14.3400544862653,-47.56192202852868,1,1244
2016-04-26,7.43243647223846,590576728.0067166856729035008,1.72123326,79459371.12448,4.318087876269868,4.1385340725219155,1.7959104219019575,14.3400544862653,-48.1700960107429,1,1245
2016-04-27,7.79292508533022,619469325.9876188238760257856,1.80550592,79491246.12448,4.316200240058045,4.174322743711278,1.8668717211841026,14.3400544862653,-45.65623796761601,1,1246
2016-04-28,7.25401684395091,576860663.7222838901749442768,1.76032084,79522928.62448,4.120849267427243,4.207596277931033,1.7240287244283494,14.3400544862653,-49.41430068554688,1,1247
2016-04-29,7.4498408755114,592669201.938828502839652822,1.81167894,79554612.21823,4.1121198193711965,4.24169548230859,1.7563356225319458,14.3400544862653,-48.04872685353636,1,1248
2016-04-30,8.81711589421391,701723428.8276642814172793918,2.09867251,79586503.93698,4.201282406950625,4.282772865061366,2.0587400200798585,14.3400544862653,-38.51406978502894,1,1249
2016-05-01,8.77974883343074,699021766.8778413071562360152,2.06660645,79617512.99948,4.248389350294896,4.324255427717707,2.030349265946251,14.3400544862653,-38.774648019365216,1,1250
2016-05-02,10.0712527831677,802169495.092079828969196546,2.30774334,79649425.18698,4.364113031377094,4.3718123817036805,2.3036790932100724,14.3400544862653,-29.768378545466454,1,1251
2016-05-03,9.36254626475746,746019104.5813349020121373708,2.14762375,79681219.56198,4.3594909325981615,4.416000113027468,2.1201417629355084,14.3400544862653,-34.71052516763605,1,1252
2016-05-04,9.37736405669199,747494804.4654123824559870402,2.14705359,79712678.31198,4.36755006971763,4.460271983310928,2.1024197833180183,14.3400544862653,-34.60719367786576,1,1253
2016-05-05,9.76751992986558,778905549.2303998206791786484,2.22057924,79744454.56198,4.398636064824951,4.506584582960255,2.167388573332747,14.3400544862653,-31.886451761945732,1,1254
2016-05-06,9.37613761835184,747992592.0667296926656020432,2.00688454,79776195.96823,4.671986569965724,4.550967872425481,2.0602513314062882,14.3400544862653,-34.61574621398983,1,1255
2016-05-07,9.38955362945646,749359327.9481608401119657658,2.00205784,79807769.09323,4.689951230108547,4.595715466990063,2.0431103050002557,14.3400544862653,-34.52219000667229,1,1256
2016-05-08,9.50255639976622,758680475.9453978397030253156,2.01227257,79839618.31198,4.722300816219058,4.6411282489888945,2.0474668851989652,14.3400544862653,-33.734168103282784,1,1257
2016-05-09,9.35556831794272,747242523.8249780401156797856,1.98161811,79871419.71823,4.721176230036937,4.685175173009935,1.9968449358815212,14.3400544862653,-34.759185699724156,1,1258
2016-05-10,9.39206859146698,750455589.8708782164602427954,1.98127575,79903120.65573,4.740414650240877,4.72931096596727,1.9859274763392627,14.3400544862653,-34.504651983975585,1,1259
2016-05-11,9.93194304792519,793903647.9617749093625035887,2.0183421,79934373.78073,4.920842233794356,4.776190381206896,2.0794696725249646,14.3400544862653,-30.739851390119455,1,1260
2016-05-12,10.0866100637054,806592223.108731790329510692,2.02538327,79966630.81198,4.980099427653217,4.823501607235534,2.091138530683787,14.3400544862653,-29.661284945840254,1,1261
2016-05-13,10.6019870642899,848146534.639158182577878627,2.03763251,79998827.53073,5.2030908479615405,4.873008944836353,2.1756551617916107,14.3400544862653,-26.067316728508022,1,1262
2016-05-14,10.2316977346581,818847837.906892012226199663,1.93082624,80030495.34323,5.299129213542334,4.920017433509643,2.079605991834754,14.3400544862653,-28.64951981557759,1,1263
2016-05-15,9.98070815254237,799078458.4254283953523535926,1.83405325,80062300.81198,5.44188569908882,4.9649709742723545,2.01022487427635,14.3400544862653,-30.39978919116556,1,1264
2016-05-16,11.114176936879,890176837.01096239981732292,1.93485742,80093815.49948,5.744183949677802,5.014644825350671,2.2163437938202915,14.3400544862653,-22.4955738660268,1,1265
2016-05-17,12.1861296873174,976425921.000529176215107452,2.05208367,80126007.68698,5.938417553567589,5.069972106957919,2.403589098763171,14.3400544862653,-15.020339016221298,1,1266
2016-05-18,13.3669491794272,1071473420.336070931747297856,2.0954554,80158412.06198,6.379018698955464,5.132360139997076,2.6044448976323813,14.3400544862653,-6.785924752030242,1,1267
2016-05-19,14.4955469053185,1162402481.939930662552000005,2.15973435,80190315.65573,6.711726794232124,5.199887874523669,2.787665283387741,14.4955469053185,0.0,1,1268
2016-05-20,13.6553194693162,1095462573.558784570914399326,2.06867675,80222405.34323,6.600992382843865,5.26322547187025,2.5944773869746225,14.4955469053185,-5.7964521207131225,1,1269
2016-05-21,14.0069761648159,1124119242.555979352228183232,2.09943358,80254241.12448,6.671788190039287,5.3280235394272335,2.628925353119153,14.4955469053185,-3.370488493423738,1,1270
2016-05-22,14.2251007592051,1142083568.099761562860950848,2.11403848,80286501.12448,6.728875038833305,5.395154043223259,2.6366440411600394,14.4955469053185,-1.865718816129469,1,1271
2016-05-23,13.3380535230859,1071293542.272914583590320332,2.0153438,80318581.74948,6.618252192546949,5.457462410838689,2.444002820174467,14.4955469053185,-7.985165304855858,1,1272
2016-05-24,12.7534579099942,1024747804.232825078181121766,1.96785407,80350585.03073,6.480896172343816,5.516431436215662,2.3119036386942255,14.4955469053185,-12.018097742039092,1,1273
2016-05-25,12.5230016165985,1006635713.38911910298377503,1.929779,80382942.06198,6.489344954317827,5.574487193334306,2.246484955884889,14.4955469053185,-13.607939745938546,1,1274
2016-05-26,12.5269520222092,1007354676.962652001736176216,1.92579418,80414986.43698,6.5048239070954095,5.632121953445352,2.2241975805488474,14.4955469053185,-13.580687199784174,1,1275
2016-05-27,11.2072346171829,901591856.822077495567093017,1.81033973,80447308.15573,6.190680363172994,5.683168126531266,1.9720047634809743,14.4955469053185,-22.68498256474269,1,1276
2016-05-28,11.8741358088837,955626017.871594959538355476,1.85338454,80479626.74948,6.406730795803282,5.738029232226766,2.069375272993457,14.4955469053185,-18.084251070740827,1,1277
2016-05-29,12.382008962595,996895302.87145132687835685,1.91794295,80511595.96823,6.455879703092838,5.796189040336057,2.136232768881034,14.4955469053185,-14.580601591155078,1,1278
2016-05-30,12.6808595523086,1021362119.454691869966818278,1.95734539,80543603.15573,6.478600872944862,5.8551933380976005,2.1657456586102612,14.4955469053185,-12.518929881452632,1,1279
2016-05-31,14.0467417369959,1131818074.888577771629024632,2.14696458,80575132.37448,6.542605252013939,5.920927125683807,2.3723888909329625,14.4955469053185,-3.096158918694756,1,1280
2016-06-01,13.9132192115722,1121506761.464013795603926206,2.12289032,80607280.34323,6.55390393017205,5.986093221741668,2.324257023101307,14.4955469053185,-4.017286809183041,1,1281
2016-06-02,13.8279425201636,1115077852.731820789709627428,2.10494895,80639462.53073,6.569253149898767,6.050682934342485,2.2853523594301923,14.4955469053185,-4.605582593851308,1,1282
2016-06-03,13.8905734938632,1120576659.981009303286166136,2.11306519,80671734.71823,6.573660651644733,6.115563665634128,2.2713480315674017,14.4955469053185,-4.1735121510546875,1,1283
2016-06-04,13.7240073641146,1107580592.389332115517491658,2.00058453,80703876.28073,6.8599987445242325,6.179187279310342,2.221005246121353,14.4955469053185,-5.3225969757706615,1,1284
2016-06-05,13.932690873758,1124862198.45087385313183334,2.01412991,80735459.40573,6.917473795798008,6.243866965642895,2.2314202000816383,14.4955469053185,-3.88295823011676,1,1285
2016-06-06,13.9915409222677,1130066416.567147013466911421,2.01704982,80767831.28073,6.9366362613035015,6.309124670254233,2.2176675297341832,14.4955469053185,-3.476971143916469,1,1286
2016-06-07,14.5364203635301,1174539526.923774028720873723,2.05148378,80799777.21823,7.085808089367444,6.377206772071884,2.279433752593752,14.5364203635301,0.0,1,1287
2016-06-08,14.5036702378726,1172361835.673233294085418748,2.02682037,80832080.18698,7.15587353104834,6.444925123261247,2.2504016665027575,14.5364203635301,-0.22529704589216523,1,1288
2016-06-09,14.4792054728229,1170850903.793597166664394592,2.0190475,80864306.12448,7.171305020225081,6.512471150625362,2.2233043552803347,14.5364203635301,-0.39359683661009776,1,1289
2016-06-10,13.9494789590883,1128449661.438438463128877209,1.91422529,80895470.34323,7.287271269458728,6.577618545420803,2.12074915301977,14.5364203635301,-4.037729989663457,1,1290
2016-06-11,14.2295804792519,1151569241.633131439503832762,1.93154547,80927842.06198,7.366940463095545,6.644216373907068,2.1416491695143773,14.5364203635301,-2.1108352441982117,1,1291
2016-06-12,15.7741600157802,1277076983.712018418013081796,2.05182102,80960062.68698,7.687883037566405,6.718737173985969,2.347786437733506,15.7741600157802,0.0,1,1292
2016-06-13,17.6730242136178,1431378647.601246173290849994,2.19355442,80992286.90573,8.056797703527138,6.802808131456747,2.5979013184123594,17.6730242136178,0.0,1,1293
2016-06-14,18.7374935756867,1518194781.090480471677555416,2.25782327,81024432.37448,8.298919505638148,6.89209559933518,2.7186932197362643,18.7374935756867,0.0,1,1294
2016-06-15,18.4093292127411,1492192100.526594352674346503,2.22990544,81056299.40573,8.25565464907835,6.979604456468436,2.6375891825331195,18.7374935756867,-1.7513781211987594,1,1295
2016-06-16,20.728866373758,1680865986.80941199701152084,2.21327176,81088177.06198,9.365712222234292,7.078898788337226,2.928261442007004,20.728866373758,0.0,1,1296
2016-06-17,15.4545176265342,1253695038.192861061749458466,1.89446565,81121589.71823,8.157718577021548,7.151771376469896,2.160935635803633,20.728866373758,-25.444463059981587,1,1297
2016-06-18,11.2595861858562,913782758.690870499727486026,1.45994489,81155980.65573,7.712336447066986,7.203752840420802,1.5630167268757211,20.728866373758,-45.68161141648135,1,1298
2016-06-19,12.3184533749269,1000125080.638135147345300512,1.56813499,81189176.12448,7.855480206411887,7.261245107295438,1.696465715301421,20.728866373758,-40.573434394262776,1,1299
2016-06-20,11.6931481367621,949727909.891316300726168083,1.4985522,81220890.96823,7.802963511556087,7.315560847979249,1.598393941319216,20.728866373758,-43.59002597669689,1,1300
2016-06-21,13.0507380344828,1060410043.671604718711906444,1.63878909,81252879.40573,7.963647130749938,7.376614538151663,1.769204282938293,20.728866373758,-37.04075370467646,1,1301
2016-06-22,13.2261549602572,1075095280.736174385388703756,1.66046578,81285550.03073,7.9653282347421825,7.438395662952948,1.7780924220165217,20.728866373758,-36.19450903981398,1,1302
2016-06-23,13.7982121712449,1122034712.966361270198168277,1.75574723,81317398.15573,7.85888306441748,7.5032617738091725,1.8389618524851197,20.728866373758,-33.434796083624995,1,1303
2016-06-24,14.3846063056692,1170181538.027516934017214516,1.80489235,81349570.03073,7.969786289841164,7.571235085436875,1.8999022145459086,20.728866373758,-30.60591907775721,1,1304
2016-06-25,14.348954899474,1167735971.55068156218771102,1.79332239,81381255.96823,8.001324792177495,7.639006809934245,1.8783796449577341,20.728866373758,-30.777908252429746,1,1305
2016-06-26,13.8508364576271,1127646052.583984930106818283,1.73318988,81413570.65573,7.991528578292357,7.704235442222381,1.7978210247468316,20.728866373758,-33.180926501789976,1,1306
2016-06-27,14.0692094097019,1145876123.424717413221405012,1.75563804,81445665.49948,8.013730102192307,7.77036278927089,1.810624521821335,20.728866373758,-32.12745378342052,1,1307
2016-06-28,12.1880433097604,993055283.112198439839687092,1.57175854,81477826.90573,7.754399291993287,7.826804005293684,1.5572184127157112,20.728866373758,-41.20255739025832,1,1308
2016-06-29,12.7123285505552,1036178047.121812321313561296,1.62520194,81509696.90573,7.821999369847664,7.88556564804646,1.6121010359864933,20.728866373758,-38.6733055182962,1,1309
2016-06-30,12.4567760923437,1015746448.389965900305018776,1.59845681,81541679.87448,7.793001358819135,7.943249828508178,1.568221617257531,20.728866373758,-39.906139256541636,1,1310
2016-07-01,12.2765263693746,1001449060.736190049829131458,1.5762053,81574301.28073,7.78865949085097,7.999682460355051,1.5346267092743742,20.728866373758,-40.775698255664174,1,1311
2016-07-02,12.1115057475161,988374176.441331059071701003,1.55565722,81606217.84323,7.785459156301862,8.055239989092632,1.5035561651690006,20.728866373758,-41.57178917005886,1,1312
2016-07-03,11.808243704851,964004440.56224726618257123,1.51727898,81638257.53073,7.782513209832381,8.109945707616887,1.4560200685142268,20.728866373758,-43.03478303184099,1,1313
2016-07-04,11.4185644190532,932558663.219611473657379836,1.45830154,81670394.71823,7.83004344838942,8.162338529712152,1.3989329623474807,20.728866373758,-44.91467013599599,1,1314
2016-07-05,10.5196850140269,859479055.496776621142171637,1.33796587,81701976.28073,7.862446456894227,8.210436954782287,1.2812576324454399,20.728866373758,-49.25103561213341,1,1315
2016-07-06,10.5590482302747,863036744.412626874430294656,1.34206433,81734331.12448,7.867766093056583,8.258764591211277,1.2785263599244994,20.728866373758,-49.06113995870958,1,1316
2016-07-07,10.1132561992987,826922802.727834364237433426,1.32983519,81766227.06198,7.604894407478192,8.30453087220777,1.2177998197518987,20.728866373758,-51.211725634443184,1,1317
2016-07-08,11.3497097738165,928385564.360550587825162295,1.52118921,81798176.59323,7.46107696478895,8.356729421076853,1.358152119319662,20.728866373758,-45.246838060643654,1,1318
2016-07-09,10.9529740350672,896292541.353013672659115056,1.46976975,81830974.71823,7.45216999810154,8.407094291252188,1.3028251683181513,20.728866373758,-47.16076683801063,2,0
2016-07-10,10.9615454120397,897344336.422670999861183106,1.45715749,81862940.18698,7.522553661677092,8.457547368312385,1.2960666886843533,20.728866373758,-47.11941688274558,2,1
2016-07-11,10.5665038094681,865343042.266361662145626588,1.41755146,81894925.49948,7.454053068005094,8.506029887359727,1.2422368542544524,20.728866373758,-49.02517282447768,2,2
2016-07-12,10.5533483343074,864600821.918931965984828902,1.41423473,81926682.84323,7.462232478414245,8.554467004507593,1.233665210088079,20.728866373758,-49.08863734262111,2,3
2016-07-13,10.4472725622443,856246348.848346999703126714,1.39680883,81958840.81198,7.479386110584868,8.602438367318815,1.2144547994594328,20.728866373758,-49.60036707328012,2,4
2016-07-14,11.5363697253068,945874521.269933867087802964,1.53342748,81990655.96823,7.523257458061727,8.655775565945348,1.332794460463445,20.728866373758,-44.3463548980593,2,5
2016-07-15,11.9935055680888,983737798.063287727714868824,1.55367209,82022540.65573,7.719457435892281,8.711530864095552,1.3767391466774064,20.728866373758,-42.14104451330659,2,6
2016-07-16,11.7186658790181,961571692.197967467185085588,1.5241321,82054706.74948,7.688746847480019,8.765824193490642,1.3368584197388067,20.728866373758,-43.46692352721463,2,7
2016-07-17,11.256689301578,924022096.54443050974186694,1.47360367,82086488.46823,7.6388852245312355,8.817625062412326,1.2766123782653098,20.728866373758,-45.69558653806286,2,8
2016-07-18,11.082677006429,910098204.50804144151787567,1.45245902,82118986.59323,7.630285504667114,8.86829424744447,1.2496965816873562,20.728866373758,-46.535054997222275,2,9
2016-07-19,11.6756251139684,959161482.419331907908936432,1.48504629,82150760.49948,7.862128738066744,8.922070523014312,1.3086228229031978,20.728866373758,-43.67456037659,2,10
2016-07-20,12.5035100672122,1027571861.616345396958493406,1.58086761,82182671.59323,7.909270825791794,8.979838123350373,1.3923981585702736,20.728866373758,-39.68068565948597,2,11
2016-07-21,12.7455916423144,1047884668.287713727122571512,1.59622328,82215459.09323,7.984842598157321,9.038780766921384,1.4101007614830732,20.728866373758,-38.512838027409636,2,12
2016-07-22,14.824882893045,1219304362.85949881897671035,1.80928548,82247149.71823,8.193777630407446,9.108155181386609,1.6276493535530745,20.728866373758,-28.481940952580164,2,13
2016-07-23,14.4444565990649,1188483258.506580615058608127,1.72251768,82279540.96823,8.385665219450695,9.175664464381933,1.5742136882985802,20.728866373758,-30.317189861617017,2,14
2016-07-24,12.7206305338983,1047048086.604809751102351009,1.53565124,82311020.96823,8.283541342302632,9.234517617051424,1.3775089356492007,20.728866373758,-38.63325516921581,2,15
2016-07-25,13.8402949456458,1139651580.138311193652195434,1.62387863,82343012.53073,8.522986071715101,9.299019354362938,1.488360698932428,20.728866373758,-33.23178076362576,2,16
2016-07-26,11.9632849389246,985461031.912132530472652958,1.41274779,82373782.53073,8.4680967286628,9.35391077905756,1.2789607706873962,20.728866373758,-42.2868345850804,2,17
2016-07-27,13.0615638901227,1076360740.700301854471064321,1.50275066,82406727.84323,8.69177052307713,9.414369048280237,1.3874072519505396,20.728866373758,-36.98852771486736,2,18
2016-07-28,12.8882031560491,1062491637.613001382538123218,1.49895319,82439082.06198,8.598135847090129,9.473810064060483,1.3604033719170008,20.728866373758,-37.82485291928408,2,19
2016-07-29,12.8780128211572,1062062871.439358728090473256,1.47844414,82471021.43698,8.710517004150864,9.532845594501746,1.3509096201647117,20.728866373758,-37.87401303594537,2,20
2016-07-30,12.5187606575102,1032831093.653769046856663446,1.4460724,82502663.15573,8.657077375593504,9.589552147789298,1.305458322200811,20.728866373758,-39.60711390682463,2,21
2016-07-31,11.9461159415546,985971277.801270537086379108,1.39696176,82534882.68698,8.551498175264726,9.64359557749707,1.2387616056225301,20.728866373758,-42.36966109889176,2,22
2016-08-01,11.0070294517826,908811644.751146337321685548,1.31202406,82566477.06198,8.389350307937647,9.692801121275561,1.135588083781305,20.728866373758,-46.89999321083422,2,23
2016-08-02,8.35610662244301,690196292.7981883177700580723,1.03821217,82597832.21823,8.048553912099694,9.728127199151075,0.8589635447172407,20.728866373758,-59.688549910179646,2,24
2016-08-03,10.5420244903565,871082593.45106527814357712,1.28194042,82629536.12448,8.223490207412683,9.774778371602856,1.0784924311923638,20.728866373758,-49.143265722903564,2,25
2016-08-04,11.2604717407949,930817536.878229291892080402,1.37067625,82662392.68698,8.215267274671827,9.82452604591174,1.1461592842415738,20.728866373758,-45.67733933076894,2,26
2016-08-05,11.1665537159556,923413968.936905018105190588,1.35538289,82694624.71823,8.238671004586461,9.873027593582693,1.1310161558966652,20.728866373758,-46.13041777290795,2,27
2016-08-06,10.9901114880187,909170279.804998186168424026,1.33732917,82726210.81198,8.217955410348747,9.921212918030385,1.1077386987679445,20.728866373758,-46.981608690710715,2,28
2016-08-07,11.0233006756283,912271891.308796995721245159,1.33727286,82758505.65573,8.243120013389266,9.96904631375803,1.1057527800242357,20.728866373758,-46.821497727519706,2,29
2016-08-08,11.3098848924605,936353078.987779575354842415,1.36170784,82790681.59323,8.305661875649113,10.018116088220332,1.1289432856302273,20.728866373758,-45.438960874491386,2,30
2016-08-09,12.3070738457043,1019313059.978065865596633764,1.44237233,82823347.99948,8.53252214405992,10.072051457448854,1.221903392541002,20.728866373758,-40.62833141090333,2,31
2016-08-10,12.094597383986,1002104046.20517788795676478,1.40555632,82855510.96823,8.604847213796456,10.122463191689064,1.1948274994880825,20.728866373758,-41.653358336578755,2,32
2016-08-11,11.7053606078317,970230501.116794105385308766,1.36139959,82887707.06198,8.598034474089786,10.170483070803618,1.1509149099745568,20.728866373758,-43.531110689920474,2,33
2016-08-12,11.7980366867329,978291067.719182729649208267,1.37023345,82919819.09323,8.610238413558582,10.216804646288715,1.1547677669474254,20.728866373758,-43.08402363156342,2,34
2016-08-13,11.5771173313852,960342929.831690697281279696,1.34810231,82951817.99948,8.587714185717255,10.26278729942723,1.1280675506186633,20.728866373758,-44.149780684382165,2,35
2016-08-14,11.2605888357686,934446262.153255640008044078,1.31342481,82983783.15573,8.57345525227942,10.307083694514898,1.0925096923158901,20.728866373758,-45.67677444231055,2,36
2016-08-15,11.1594932787843,926417786.434569861501775914,1.30295006,83016115.81198,8.564789719403597,10.35014889431326,1.078196400142197,20.728866373758,-46.16447866675518,2,37
2016-08-16,11.1599375049679,926812197.377209251786116692,1.30228173,83048152.99948,8.569526276751116,10.39351040458211,1.0737409278050947,20.728866373758,-46.162335635025464,2,38
2016-08-17,10.8013383448276,897376783.217607997407552148,1.27532003,83080147.53073,8.46951203677684,10.435313746306246,1.0350755719875615,20.728866373758,-47.892286292598676,2,39
2016-08-18,10.7569965517241,894045572.337038877336887843,1.27147291,83112936.59323,8.460264050552286,10.477885370166561,1.0266381213095006,20.728866373758,-48.1061995491366,2,40
2016-08-19,10.7463138515488,893499879.499761848963594624,1.26922712,83144777.99948,8.466817074905238,10.520779952589121,1.021436994212979,20.728866373758,-48.15773492971498,2,41
2016-08-20,11.2954566779661,939522269.281984814769820128,1.32847972,83177006.12448,8.502543552539967,10.565024585978952,1.0691368094832945,20.728866373758,-45.50856532962293,2,42
2016-08-21,11.1615502969024,928749318.354858961761810752,1.31014572,83209705.96823,8.519319741702017,10.608182337463463,1.0521642579129398,20.728866373758,-46.15455521951494,2,43
2016-08-22,11.0871430450029,922915913.186588485685251617,1.30046418,83241995.65573,8.525527435136969,10.65086770268848,1.040961483561034,20.728866373758,-46.51350997641229,2,44
2016-08-23,10.9988015020456,915916205.619175322574486288,1.29050651,83274182.68698,8.522856271407418,10.693039160198706,1.0285945218441725,20.728866373758,-46.939686407696236,2,45
2016-08-24,11.0160879602572,917711248.324578809776016256,1.29220364,83306456.12448,8.525040186589475,10.735374499999994,1.0261484553014157,20.728866373758,-46.85629324041003,2,46
2016-08-25,11.3389093699591,944968738.867374916225046268,1.32563714,83338591.74948,8.553554383637064,10.77757869134716,1.0520831899898453,20.728866373758,-45.298941266205695,2,47
2016-08-26,11.2794702279369,940374657.054366786381313437,1.32003879,83370463.15573,8.544802102320721,10.818057181519576,1.0426521175359984,20.728866373758,-45.58568700980048,2,48
2016-08-27,11.1837917556984,932759206.629685379736986832,1.30782477,83402769.56198,8.55144512647394,10.85450875647282,1.0303360572655322,20.728866373758,-46.04725818553842,2,49
2016-08-28,11.0071141431911,918376298.658106012955887503,1.28920071,83434793.78073,8.537936767961522,10.8876559129661,1.0109718961712169,20.728866373758,-46.89958464334687,2,50
2016-08-29,10.9581454997078,914640505.285370693855614444,1.2816991,83466723.93698,8.549702110041117,10.913086938851547,1.004128855667395,20.728866373758,-47.135818707479245,2,51
2016-08-30,11.2509861542957,939441536.593886969063006861,1.31421311,83498595.03073,8.561005873922305,10.941989850403273,1.0282394983103589,20.728866373758,-45.72309960693728,2,52
2016-08-31,11.6065258129749,969501612.362218230733609302,1.35351779,83530733.31198,8.575081833963115,10.973928526347162,1.0576454717295583,20.728866373758,-44.0079085672126,2,53
2016-09-01,12.1157511525424,1012422189.131498753467877952,1.4069544,83562477.99948,8.611331790527396,11.00872806219462,1.1005586734537878,20.728866373758,-41.55130852751067,2,54
2016-09-02,12.1418857457627,1014999264.089354069769772146,1.40823201,83594862.06198,8.622077654492955,11.043674054044418,1.0994426027374553,20.728866373758,-41.425230271473545,2,55
2016-09-03,11.8944626241964,994690589.622482488146617872,1.3792781,83626357.99948,8.623687002785298,11.081834533188193,1.073329744147914,20.728866373758,-42.61884654119647,2,56
2016-09-04,11.7517066943308,983126836.827866201054972984,1.36379393,83658217.68698,8.616922568595683,11.121538165216247,1.0566619940293394,20.728866373758,-43.30752834024712,2,57
2016-09-05,11.7740570724722,985375684.357075498750664456,1.35789725,83690411.74948,8.670801176209908,11.158574311899475,1.0551578314011294,20.728866373758,-43.19970585860048,2,58
2016-09-06,11.7258868883694,981715794.401615890279966662,1.35132229,83722093.15573,8.677342907123512,11.194275543424899,1.0474895711546737,20.728866373758,-43.43208800258391,2,59
2016-09-07,11.586400940678,970411606.70818483887265994,1.33630618,83754360.96823,8.670468724972896,11.230455102123027,1.0316946940545344,20.728866373758,-44.10499478473184,2,60
2016-09-08,11.4100041174752,956001680.690078821967512896,1.31033871,83786269.56198,8.707675374617606,11.264382979682935,1.0129275734014829,20.728866373758,-44.95596666144823,2,61
2016-09-09,11.6603326066628,977351430.442241550980310344,1.33684985,83818486.43698,8.72224551370732,11.294716100036531,1.032370579604483,20.728866373758,-43.74833434488071,2,62
2016-09-10,12.1512841496201,1018889028.655857406165153798,1.38921683,83850317.06198,8.746859300300947,11.327422839799826,1.0727315755288633,20.728866373758,-41.379890580976536,2,63
2016-09-11,11.6625664564582,978287213.778543226600960486,1.33253298,83882670.03073,8.752178468752195,11.354564267035359,1.027125848441145,20.728866373758,-43.737557827944755,2,64
2016-09-12,11.9029244231444,998832796.733934229317289912,1.35600695,83914907.06198,8.777922873584387,11.383717517426941,1.0456096090686213,20.728866373758,-42.578025211194976,2,65
2016-09-13,11.9358937463472,1001980227.251387381658249456,1.35850955,83946811.90573,8.786021229182527,11.414019233972821,1.0457222387378728,20.728866373758,-42.41897491578405,2,66
2016-09-14,11.9219326843951,1001196046.177497716372398923,1.3558153,83979340.65573,8.793183470045737,11.442075227955872,1.0419379742642152,20.728866373758,-42.48632573806429,2,67
2016-09-15,11.9770412472238,1006209481.821100983034999874,1.36144815,84011523.46823,8.797280489325871,11.469466253850086,1.0442544563225278,20.728866373758,-42.22047153342498,2,68
2016-09-16,12.6065540923437,1059502238.467736398428971901,1.41376052,84043762.53073,8.917036452781762,11.500832757158094,1.0961427192737332,20.728866373758,-39.183581653538255,2,69
2016-09-17,12.8097695207481,1076993125.814076011254339113,1.43385201,84075917.53073,8.9338156458337,11.527249726263879,1.1112598256253707,20.728866373758,-38.20323171669045,2,70
2016-09-18,12.4434286271186,1046560679.844795209710885828,1.39464272,84105491.43698,8.922305654826493,11.54687292986119,1.077644891625926,20.728866373758,-39.97052997132764,2,71
2016-09-19,13.0277880993571,1096155072.297476674390228058,1.45507705,84139768.31198,8.953332127227972,11.565587319136469,1.1264268506106272,20.728866373758,-37.15146856342413,2,72
2016-09-20,14.7165246510812,1238723151.176739733696912776,1.58188417,84172260.81198,9.30316196986863,11.58927645167592,1.2698398137662037,20.728866373758,-29.00468175282469,2,73
2016-09-21,13.7703979170076,1159527330.959279622414331048,1.47419981,84204344.56198,9.340930465190874,11.604373409881648,1.1866558779711005,20.728866373758,-33.568977344364434,2,74
2016-09-22,13.1966770894214,1111634633.938161261510013372,1.40669176,84235950.18698,9.381356644487207,11.615434761724138,1.1361328577134162,20.728866373758,-36.33671590392459,2,75
2016-09-23,13.3695272238457,1126653094.864800249307856486,1.4416445,84270227.06198,9.273803093512791,11.634897977764465,1.149088479279861,20.728866373758,-35.50285392947951,2,76
2016-09-24,12.9613744593805,1092689896.405128062137387765,1.39926668,84303551.28073,9.26297656096585,11.65084060192285,1.112484060355384,20.728866373758,-37.471860613713375,2,77
2016-09-25,13.085549912332,1103608395.33698150795158736,1.40945375,84337945.49948,9.284128629500614,11.657182858226184,1.1225310670234407,20.728866373758,-36.87281457466561,2,78
2016-09-26,12.862145917592,1085180192.00691100796260216,1.38573874,84370073.15573,9.281797171660223,11.665665332197545,1.1025642817038595,20.728866373758,-37.95055800120832,2,79
2016-09-27,13.0980911209819,1105549104.968092113745461287,1.4020752,84405360.65573,9.341931959842027,11.675541260818234,1.121840163842132,20.728866373758,-36.812313395181064,2,80
2016-09-28,13.3183411092928,1124570944.699632594918567744,1.40005345,84437764.09323,9.512737609619693,11.675714672273523,1.1406874425357485,20.728866373758,-35.74978549645463,2,81
2016-09-29,13.133496025716,1109387427.54176484586025268,1.37875637,84470077.53073,9.525610406221368,11.669681879970776,1.1254373650285734,20.728866373758,-36.64151339051259,2,82
2016-09-30,13.2596977603741,1120467013.004413473438561718,1.38414255,84501700.81198,9.579719776965241,11.67442343952659,1.1357903736367982,20.728866373758,-36.032692182528606,2,83
2016-10-01,13.2374148895383,1119040479.970091299288074459,1.37912542,84536179.40573,9.598412658899653,11.675399018863237,1.1337869368020235,20.728866373758,-36.14018899607365,2,84
2016-10-02,13.2839713617767,1123451082.009056511035132366,1.38227991,84571928.93698,9.610189127162169,11.678304770914668,1.1374914101283788,20.728866373758,-35.91559170551781,2,85
2016-10-03,13.5005305698422,1142215245.482369317651688306,1.40210881,84605211.59323,9.628732430432558,11.690555770710109,1.154823674308698,20.728866373758,-34.870868833746805,2,86
2016-10-04,13.3260360841613,1127879262.439583306762198624,1.3833614,84637266.12448,9.633083649841105,11.702955251896551,1.1386898264010465,20.728866373758,-35.71266347188391,2,87
2016-10-05,13.0834668217417,1107781684.747936920570013066,1.35803587,84670347.68698,9.63410990148714,11.715864420710112,1.1167308148952355,20.728866373758,-36.882863800478255,2,88
2016-10-06,12.8729818819404,1090382375.159907783353215992,1.33754572,84703170.18698,9.624330360789761,11.729026471180596,1.0975320000829238,20.728866373758,-37.898283245063844,2,89
2016-10-07,12.6904481753361,1075385297.097375745608468978,1.32677321,84739741.43698,9.5648963060809,11.733304884440388,1.0815749100805336,20.728866373758,-38.77886061631546,2,90
2016-10-08,12.2435036364699,1037953257.874847194004173152,1.28211003,84775836.12448,9.549495246106062,11.738042357920811,1.0430618039308748,20.728866373758,-40.93500620965102,2,91
2016-10-09,12.0857872589129,1024986695.089674547176940292,1.2667223,84809261.74948,9.5409919434693,11.736445156389543,1.0297655804520305,20.728866373758,-41.695860058159894,2,92
2016-10-10,11.7732482127411,998870548.066665857900080878,1.2366807,84842392.68698,9.520038772126954,11.739472292736709,1.002877124214969,20.728866373758,-43.20360795202187,2,93
2016-10-11,11.7647782507306,998534050.706571139140138838,1.23497556,84874872.21823,9.526324756362465,11.745015623353309,1.0016826395137353,20.728866373758,-43.244468662191835,2,94
2016-10-12,11.8266073921683,1004173165.038491530644534984,1.2411892,84907964.87448,9.528448517090142,11.749137998841327,1.0065936235777138,20.728866373758,-42.94619310614901,2,95
2016-10-13,11.9585693606078,1015794259.345714702378258944,1.25416414,84942791.12448,9.535091125000433,11.756998647108421,1.0171447424253088,20.728866373758,-42.30958343314461,2,96
2016-10-14,11.9049818819404,1011634226.935798932160840992,1.2447116,84975704.87448,9.564450015521988,11.758239445141735,1.0124799667061803,20.728866373758,-42.56809963804061,2,97
2016-10-15,11.957119257744,1016449742.37690952212297312,1.24960496,85007912.06198,9.568719427733384,11.759580288823793,1.0167981308914527,20.728866373758,-42.31657900558766,2,98
2016-10-16,11.96180171128,1017241693.8437476026001344,1.25002324,85040842.37448,9.569263457277803,11.760058006892173,1.0171549922857177,20.728866373758,-42.29398995777593,2,99
2016-10-17,11.9689210987727,1018234615.153026383744894446,1.25012532,85073216.43698,9.574177010327814,11.763000102383113,1.0175058228850877,20.728866373758,-42.2596446763489,2,100
2016-10-18,12.5500731595558,1068093309.625172616666930984,1.30730549,85106540.49948,9.59995445254024,11.767577055352138,1.0664959405426426,20.728866373758,-39.45605643228159,2,101
2016-10-19,11.9925057539451,1021038134.512667662303404798,1.25238111,85139682.68698,9.575763845515924,11.769412951743137,1.0189553041529502,20.728866373758,-42.145867807189,2,102
2016-10-20,12.0624716101695,1027411601.61520503742558686,1.25938079,85174219.24948,9.57809719343861,11.771676610112511,1.024702938220982,20.728866373758,-41.80833918906364,2,103
2016-10-21,12.0819085330216,1029455280.308946849264128768,1.26124104,85206346.12448,9.579381061863955,11.776458920603453,1.0259373054733583,20.728866373758,-41.71457177071264,2,104
2016-10-22,12.043858585038,1026595005.57968283892071774,1.25695605,85238048.78073,9.581765874023995,11.784495989089717,1.0220087983557724,20.728866373758,-41.898131967867315,2,105
2016-10-23,11.9570144576271,1019567217.293472178497818283,1.24785332,85269380.65573,9.58206727183857,11.790660690980424,1.0141089435958353,20.728866373758,-42.31708458131482,2,106
2016-10-24,11.9264431618936,1017342805.970284709882990328,1.2447803,85301442.53073,9.58116316742288,11.799831329583577,1.010729969672752,20.728866373758,-42.46456633541693,2,107
2016-10-25,11.3266441046172,966537734.032244123244574056,1.19909151,85333107.06198,9.44602143385804,11.807892087798074,0.9592435313938733,20.728866373758,-45.358111242608395,2,108
2016-10-26,11.4940479836353,981190141.017743433230503394,1.21459513,85365063.93698,9.46327520976912,11.81981817582262,0.9724386460653276,20.728866373758,-44.55052304169247,2,109
2016-10-27,11.4758968591467,980001528.691981878806874966,1.21287765,85396508.93698,9.461710222087694,11.832838545498248,0.9698346525240686,20.728866373758,-44.638087523808,2,110
2016-10-28,11.1283608649912,950669027.084005109575804576,1.17555376,85427587.99948,9.466484004092846,11.845004066246346,0.939498273090737,20.728866373758,-46.314667361263396,2,111
2016-10-29,10.4133396382233,889894991.634998145412977009,1.10381714,85457213.78073,9.43393544171936,11.85959594356955,0.878051806130003,20.728866373758,-49.76406596259304,2,112
2016-10-30,11.2365086464056,960599887.765264414100669088,1.21118769,85489177.99948,9.277264571938971,11.87555136449883,0.9461883748822302,20.728866373758,-45.792941862799516,2,113
2016-10-31,10.976982628872,938764718.56184308377898656,1.18520079,85521199.24948,9.261707148264728,11.888157086266803,0.9233544399873894,20.728866373758,-47.04494480813256,2,114
2016-11-01,10.8072025587376,924574526.147075871508756448,1.16660267,85551697.68698,9.26382463940152,11.90114023899328,0.9080812713498269,20.728866373758,-47.86399620763086,2,115
2016-11-02,10.8340809251899,927211411.314860199025241877,1.1690831,85582839.71823,9.26716067077687,11.912440586664234,0.909476177141942,20.728866373758,-47.73432984784225,2,116
2016-11-03,10.8688609450614,930527265.864876865482111822,1.17235566,85614055.65573,9.270958733684452,11.92009237913063,0.9118101269156523,20.728866373758,-47.5665444067844,2,117
2016-11-04,11.1541980824079,955301063.312414202533222892,1.20191474,85644979.24948,9.28035717609046,11.930927926921392,0.9348977842066375,20.728866373758,-46.19002370274954,2,118
2016-11-05,11.1425230835769,954651306.844639212931693137,1.201394,85676403.78073,9.274661837479544,11.94290279909264,0.9329828159049786,20.728866373758,-46.246346121064605,2,119
2016-11-06,10.9939136177674,942268590.417149907557898452,1.1861356,85708203.93698,9.268681943082562,11.955346931114848,0.9195813121202504,20.728866373758,-46.96326649254056,2,120
2016-11-07,10.9156866861485,935926946.11431806817870278,1.17931621,85741462.99948,9.255945601009334,11.969166278718589,0.9119838785727962,20.728866373758,-47.34064811200979,2,121
2016-11-08,10.8588094389246,931401242.494716655124121708,1.17352113,85773790.18698,9.25318612620516,11.983926630325836,0.906114479326494,20.728866373758,-47.61503478708578,2,122
2016-11-09,10.6574666475745,914461714.598304550871214385,1.15304062,85804792.53073,9.242923850830598,11.995151576740213,0.8884811983735482,20.728866373758,-48.586350766067596,2,123
2016-11-10,10.5204114956166,903030075.981138942852266868,1.13933413,85836003.31198,9.233824581044193,12.007714378490652,0.8761377198030085,20.728866373758,-49.24753092655823,2,124
2016-11-11,10.290054452367,883579631.92908150620108166,1.12280897,85867342.68698,9.164563810322074,12.02156640598919,0.855966194824699,20.728866373758,-50.35881718358781,2,125
2016-11-12,9.88841032670953,849407452.8629774428956729194,1.08179005,85899292.68698,9.140785059642146,12.033846275261546,0.8217165235887652,20.728866373758,-52.296424954391604,2,126
2016-11-13,10.1176767387493,869429333.257894395386203489,1.10718267,85931716.90573,9.138218121449915,12.045470033528641,0.8399569888586068,20.728866373758,-51.19040011007107,2,127
2016-11-14,10.0172283571011,861117022.862669062953044928,1.09702172,85963601.12448,9.131294462520852,12.05928609109439,0.8306651224153874,20.728866373758,-51.67498223741481,2,128
2016-11-15,10.2417277703098,880737770.388390788442745154,1.12240225,85995038.15573,9.124828260376171,12.073245525568383,0.8482994691543508,20.728866373758,-50.59195430351434,2,129
2016-11-16,10.0225825832846,862208898.920751012921679508,1.1004251,86026619.56198,9.107918915412418,12.079272859013736,0.8297339335128602,20.728866373758,-51.6491524303865,2,130
2016-11-17,9.93872796025716,855301367.3991755134353275268,1.09275226,86057428.15573,9.095133749947276,12.085067754647866,0.8223973718670106,20.728866373758,-52.05368310522165,2,131
2016-11-18,9.51819493395675,819426436.389620025882795615,1.04848239,86090528.93698,9.078068477580011,12.08230246540181,0.7877798922194266,20.728866373758,-54.082414530847466,2,132
2016-11-19,9.7004858679135,835433586.632388783330981855,1.06837705,86122860.03073,9.079646429987896,12.08399216341759,0.8027550611361876,20.728866373758,-53.20300834109304,2,133
2016-11-20,9.58891222559906,826135767.0829131679452372388,1.0586793,86155316.43698,9.057428652472057,12.085049904262126,0.7934524310253172,20.728866373758,-53.741260845126206,2,134
2016-11-21,9.53756317708942,822015214.1127948902189985016,1.05517831,86187131.74948,9.03881655517485,12.083900120498244,0.7892785509630781,20.728866373758,-53.98897843654571,2,135
2016-11-22,9.85380703156049,849578581.9317828572451210452,1.09004016,86218309.24948,9.039856872393115,12.086288467564286,0.8152880893092154,20.728866373758,-52.463357841724246,2,136
2016-11-23,9.79015008942139,844409561.0610060219452646272,1.08363233,86250931.12448,9.034568108005223,12.088291449864112,0.8098869993353315,20.728866373758,-52.77045105652584,2,137
2016-11-24,9.22138124488603,795651504.3451382967503227019,1.02428709,86283332.53073,9.002731104309857,12.086885574089711,0.76292450924278,20.728866373758,-55.514300306552364,2,138
2016-11-25,9.41386307305669,812574199.5539196288173430212,1.04486502,86316764.24948,9.00964516264186,12.08717704786528,0.778830576881413,20.728866373758,-54.585731301860754,2,139
2016-11-26,9.31205627118644,804089175.6565118671123655512,1.0348159,86349260.81198,8.99875646594379,12.086776986263878,0.7704333654678337,20.728866373758,-55.07686670711925,2,140
2016-11-27,8.91463851198129,770072929.1286749761512600417,0.99242615,86382967.53073,8.982671921715577,12.081690463584158,0.7378635083270185,20.728866373758,-56.99408568108238,2,141
2016-11-28,8.68169444944477,750245185.0912058281544674696,0.96813845,86416907.37448,8.967410032567935,12.074665885512854,0.7190008014930699,20.728866373758,-58.117852211949796,2,142
2016-11-29,8.16833660783168,706151763.1919570092628675264,0.91354977,86449885.34323,8.941315378834457,12.062497633230564,0.6771679345518798,20.728866373758,-60.59438822871422,2,143
2016-11-30,8.60721732904734,744367005.0201617737104185082,0.9601684,86481725.34323,8.964278900500517,12.05437523120251,0.7140326366121182,20.728866373758,-58.47714402779031,2,144
2016-12-01,8.45638715955582,731591427.4866237789622784736,0.94496302,86513473.62448,8.94890803193105,12.046753626237578,0.7019639831545974,20.728866373758,-59.204777496847086,2,145
2016-12-02,7.67124288720047,663909787.1440815142005704431,0.86097289,86545270.03073,8.909970309518654,12.029538955989185,0.6377004900409058,20.728866373758,-62.992463027732235,2,146
2016-12-03,7.89398178550555,683440311.570195368122515239,0.91748554,86577386.43698,8.603930461406017,12.008078216480126,0.6573892710551879,20.728866373758,-61.91792815308489,2,147
2016-12-04,7.47449172238457,647354956.8621131831899543986,0.87109415,86608558.93698,8.580578485557009,11.978615929194914,0.6239862573911686,20.728866373758,-63.94162812566051,2,148
2016-12-05,6.73351910169491,583390684.2950937673834736468,0.7892518,86639790.49948,8.531522008179026,11.939805790176797,0.5639554964315047,20.728866373758,-67.51622119471375,2,149
2016-12-06,7.7770034289889,674046646.649740659828250772,0.90980056,86671769.24948,8.54803104208784,11.91041420997516,0.6529582676037864,20.728866373758,-62.48225402796601,2,150
2016-12-07,8.35538933781414,724441331.2946130615247691472,0.96911038,86703479.87448,8.62171070524922,11.882156275840153,0.7031879689045206,20.728866373758,-59.69201022786387,2,151
2016-12-08,8.26426946493279,716806155.2108041503913955742,0.96135161,86735573.93698,8.596510765642542,11.85235211936879,0.6972683043585539,20.728866373758,-60.13158985194165,2,152
2016-12-09,8.49242592811222,736864312.5047536940799853956,0.98756528,86767234.56198,8.599356518601201,11.828123981393924,0.7179858734547525,20.728866373758,-59.030919612356,2,153
2016-12-10,8.12186280713033,704968846.6922840976880994159,0.94650017,86798910.96823,8.580941730977534,11.804966005879603,0.6880039131908674,20.728866373758,-60.818586696027346,2,154
2016-12-11,8.2296987445938,714590419.452221637300586224,0.95822121,86830689.87448,8.588516574991907,11.783499491519581,0.6984087155531851,20.728866373758,-60.298365592185476,2,155
2016-12-12,8.52116493980129,740165704.8693035722780670792,0.9899655,86862032.37448,8.607537272562823,11.76347055610754,0.7243750812448067,20.728866373758,-58.892277145513475,2,156
2016-12-13,8.41006104558737,730782518.8550233863270983176,0.98115873,86893842.37448,8.571560124208823,11.749484688249563,0.7157812677519476,20.728866373758,-59.42826349522806,2,157
2016-12-14,8.239893685564,716258467.57220666276613172,0.96213726,86925692.84323,8.564156101348782,11.731313477632964,0.7023845796358832,20.728866373758,-60.24918325492508,2,158
2016-12-15,7.81254800701344,679356210.9216702275253230112,0.91351739,86957060.65573,8.552161231450055,11.708466172855056,0.6672563162138244,20.728866373758,-62.31078021273828,2,159
2016-12-16,7.8575081987142,683515343.260957537257706116,0.92013666,86988817.06198,8.539501293986264,11.684349416087084,0.6724814466688179,20.728866373758,-62.09388368356928,2,160
2016-12-17,7.79680409760374,678483969.4472668146342254302,0.91921881,87020779.40573,8.481989285667185,11.653099727890124,0.6690755489668676,20.728866373758,-62.38673183076613,2,161
2016-12-18,7.90739229719462,688359602.5669789744349156726,0.93210238,87052668.78073,8.483394600059514,11.623070593318237,0.6803187018188075,20.728866373758,-61.853233290147045,2,162
2016-12-19,7.60991483635301,662702907.0666331928848951848,0.90094953,87084142.37448,8.446549537966916,11.591980454899183,0.6564809926967043,20.728866373758,-63.28832122731569,2,163
2016-12-20,7.62558996580947,664309456.3656861216318625131,0.90275535,87115811.28073,8.447017196640786,11.560655537258915,0.6596157061537647,20.728866373758,-63.212701416884066,2,164
2016-12-21,7.88992567153711,687586541.9957944826975182028,0.93367416,87147404.24948,8.450405944121995,11.531485128796028,0.6842072450698183,20.728866373758,-61.93749561951215,2,165
2016-12-22,7.58389207481006,661152170.7642258193879225188,0.89926144,87178478.31198,8.433467440581085,11.499741134801289,0.6594837210603964,20.728866373758,-63.413859986038624,2,166
2016-12-23,7.16697962127411,625029394.8441720641435221503,0.85815166,87209595.65573,8.351646865396859,11.46561832829632,0.625084440809138,20.728866373758,-65.42512507897081,2,167
2016-12-24,7.24266080187025,631856409.9323173017470977825,0.86712761,87240922.53073,8.352473982312995,11.429149530488024,0.6337007650962975,20.728866373758,-65.06002464737193,2,168
2016-12-25,7.20134819403857,628482763.8165158988240646311,0.86172008,87272930.96823,8.356946021309577,11.392637920268854,0.6321054214517358,20.728866373758,-65.25932453713331,2,169
2016-12-26,7.24033197545295,632114110.7235331185100129035,0.86689544,87304575.65573,8.352024524956494,11.356443552782004,0.6375527639266323,20.728866373758,-65.07125934962392,2,170
2016-12-27,7.15374168614845,624777742.1952368969183887435,0.85789039,87335798.46823,8.33875955429277,11.322464866417306,0.6318184044329971,20.728866373758,-65.48898739969287,2,171
2016-12-28,7.62361589012274,666055297.8418760924258686752,0.91186237,87367373.62448,8.360489631919718,11.289435043471661,0.6752876349229935,20.728866373758,-63.222224734035805,2,172
2016-12-29,8.30259408708358,725640017.8242379621984190384,0.98861146,87399192.37448,8.39823775367077,11.252077213828176,0.7378721216808,20.728866373758,-59.94670457428214,2,173
2016-12-30,8.21893582700175,718588742.186718466211849715,0.97695096,87430873.93698,8.412843800267876,11.204806771895097,0.7335187472948863,20.728866373758,-60.35028795686276,2,174
2016-12-31,8.12632962185856,710745870.7762847142559135488,0.96602604,87462102.06198,8.41212274345996,11.151750952125957,0.7287043673002189,20.728866373758,-60.797037930901034,2,175
2017-01-01,8.17785176797195,715511738.7160566598285123985,0.97391776,87493850.34323,8.396860704102933,11.10059356490211,0.7367040077774494,20.728866373758,-60.548485283667915,2,176
2017-01-02,8.3784564868498,733327565.827188672570113104,0.99632089,87525377.37448,8.40939557821557,11.038841515467569,0.7589978056220799,20.728866373758,-59.58072990688663,2,177
2017-01-03,9.69747177030976,849080608.7702769279508189248,1.14563138,87556904.40573,8.464740002416624,11.010056286186446,0.8807831239224911,20.728866373758,-53.21754892208476,2,178
2017-01-04,11.0686323909994,969490486.072230797316817812,1.29313453,87589003.93698,8.559536640785087,11.009101517212162,1.0054074234572337,20.728866373758,-46.60280889739396,2,179
2017-01-05,10.2247939114553,895904836.752672988234365119,1.19730663,87620820.96823,8.539829025631724,10.998633219894804,0.9296422298145419,20.728866373758,-50.67364646433573,2,180
2017-01-06,10.1258320169492,887551255.657044905081786416,1.183551,87652180.49948,8.555467417077253,10.990796639295741,0.9213010074943971,20.728866373758,-51.15105749454712,2,181
2017-01-07,9.92474459380479,870242054.2762351714328665092,1.14188793,87684075.49948,8.691522462983555,10.97516667209235,0.9042910135516601,20.728866373758,-52.121141528659955,2,182
2017-01-08,10.4385973290473,915629496.741101258705982904,1.19809376,87715759.87448,8.712671476602383,10.9612288839363,0.9523199852477382,20.728866373758,-49.642218050755595,2,183
2017-01-09,10.3648285651666,909487900.108257530280850868,1.18148158,87747510.18698,8.772738179436196,10.94406196590591,0.9470732710995426,20.728866373758,-49.99809261982555,2,184
2017-01-10,10.6283672121566,932945952.889047083207166068,1.20980089,87778859.56198,8.785220196156907,10.925280770438347,0.9728232560315396,20.728866373758,-48.72673198563462,2,185
2017-01-11,9.97243464874343,875683301.2688666494178606039,1.13812353,87810382.53073,8.762172458330099,10.903398169184692,0.9146171215619401,20.728866373758,-51.89107561922356,2,186
2017-01-12,9.77226410344828,858414629.7049779499431968944,1.12206561,87841939.24948,8.709173524575164,10.8830053074138,0.8979380076927047,20.728866373758,-52.85673645993678,2,187
2017-01-13,9.81302504967855,862306520.618885276518301529,1.12634919,87873669.56198,8.712240517240085,10.861724385613682,0.9034500141318141,20.728866373758,-52.66009789082587,2,188
2017-01-14,9.77886792986558,859612829.5863061905993161484,1.12183707,87905147.68698,8.716834370489808,10.849678508714208,0.9013048563615431,20.728866373758,-52.82487834334599,2,189
2017-01-15,9.87137750146113,868057839.8579041310537973999,1.13156195,87936849.71823,8.72367394596569,10.835473753468737,0.9110240794317855,20.728866373758,-52.37859454794914,2,190
2017-01-16,9.61363526943308,845696016.9946712721708785484,1.10169099,87968390.03073,8.726253873995176,10.821258049354183,0.8884027370557739,20.728866373758,-53.62199217221257,2,191
2017-01-17,10.2436392735243,901437040.842534730138104864,1.16593611,87999686.12448,8.785763804437194,10.811093613874933,0.9475118465700488,20.728866373758,-50.582732847888,2,192
2017-01-18,10.2417576405611,901595153.283425482490161353,1.16545675,88031291.59323,8.787762944065578,10.801744873340155,0.9481577060608827,20.728866373758,-50.59181020373214,2,193
2017-01-19,10.4345745926359,918904274.650807962929560582,1.18519114,88063415.18698,8.804128077295534,10.79487652777908,0.9666228757488803,20.728866373758,-49.661624497489655,2,194
2017-01-20,10.6508334517826,938280233.938074994792529298,1.21473823,88094536.28073,8.76800712181636,10.791037872942725,0.9870073274868516,20.728866373758,-48.61835056611599,2,195
2017-01-21,10.9621638223261,966052307.073006522426081053,1.24823964,88126060.03073,8.782098782190655,10.793250266984222,1.0156499248292772,20.728866373758,-47.116433553723866,2,196
2017-01-22,10.7040929427236,943647549.084901212226021228,1.21851884,88157637.84323,8.784511647537268,10.793975490546465,0.9916728968023333,20.728866373758,-48.36141663649008,2,197
2017-01-23,10.7988108357686,952337800.465420895854919078,1.22825002,88189136.28073,8.792029847285164,10.797403263728816,1.0001303620884952,20.728866373758,-47.90447947776099,2,198
2017-01-24,10.545993207481,930373392.24020816857885988,1.20010777,88220556.74948,8.787538478715959,10.79338468089714,0.9770793425111598,20.728866373758,-49.12411987549956,2,199
2017-01-25,10.5133496668615,927823928.141364766926872645,1.1967031,88251980.34323,8.78526149624038,10.79118655905611,0.9742533510403037,20.728866373758,-49.28159853367079,2,200
2017-01-26,10.6258650140269,938091370.146605375159546637,1.20868548,88283765.03073,8.791257270689561,10.789508157066045,0.9848331230064481,20.728866373758,-48.73880306605255,2,201
2017-01-27,10.5341234798364,930319849.704690906442935072,1.19871227,88314879.87448,8.787866566041242,10.789346255417888,0.9763449267880037,20.728866373758,-49.18138170270507,2,202
2017-01-28,10.5638735827002,933280283.941555149321689646,1.20177483,88346407.84323,8.79022702006515,10.789398881659851,0.9790975103030989,20.728866373758,-49.03786153943428,2,203
2017-01-29,10.4949952659264,927521736.328977454099918272,1.1919209,88377527.84323,8.805110528665452,10.78963749517826,0.9726921104269229,20.728866373758,-49.37014366008607,2,204
2017-01-30,10.5793407966102,935313767.636852767883581446,1.20124104,88409456.28073,8.807009121674865,10.784852350534777,0.9809444258256919,20.728866373758,-48.96324475320432,2,205
2017-01-31,10.7060901987142,946855933.474581474709581116,1.21447012,88440870.18698,8.815441419599685,10.778415273687903,0.993289822934336,20.728866373758,-48.351781493136905,2,206
2017-02-01,10.7228105669199,948670666.499750011719964152,1.21591765,88472202.37448,8.818698015379496,10.773435997127413,0.9953009021243537,20.728866373758,-48.27111925187287,2,207
2017-02-02,10.8279625645821,958313854.069098213924451683,1.21648824,88503617.21823,8.901000608589607,10.771292363442434,1.0052612257867963,20.728866373758,-47.76384598489229,2,208
2017-02-03,10.9571067597896,970086247.169084343523709408,1.2307662,88534890.49948,8.902671165156795,10.770664512209237,1.017310189855883,20.728866373758,-47.14082978671277,2,209
2017-02-04,11.3959769257744,1009303514.388306791907047312,1.2760707,88566651.28073,8.93052158142523,10.769266271268268,1.0581943689309787,20.728866373758,-45.023636506233174,2,210
2017-02-05,11.2444300976037,996236825.726673944923205451,1.25885716,88598249.71823,8.932252565973172,10.762970871420226,1.0447329303344983,20.728866373758,-45.75472727327363,2,211
2017-02-06,11.3366601163063,1004766785.316266684642326974,1.26823287,88629876.43698,8.938942038543994,10.755926213790183,1.0539919938992848,20.728866373758,-45.30979209428401,2,212
2017-02-07,11.4869003085915,1018444293.638543181794110545,1.28330989,88661367.84323,8.950994921882431,10.739236300867915,1.0696198488213877,20.728866373758,-44.585004787654455,2,213
2017-02-08,11.4007932261835,1011171375.17362661487085333,1.27126823,88693072.06198,8.968046992084039,10.724017984003508,1.0631083650912843,20.728866373758,-45.00040175560929,2,214
2017-02-09,10.9898948129749,975072955.297761208671953052,1.22692943,88724502.99948,8.95723465772184,10.715364305398891,1.0256202682196898,20.728866373758,-46.982653972396136,2,215
2017-02-10,11.3733687919345,1009454713.738086610017084685,1.26200152,88755999.40573,9.012167268970089,10.703029674630335,1.0626307819077703,20.728866373758,-45.1327024504689,2,216
2017-02-11,11.4835259848042,1019594588.274525617762751816,1.2723906,88787589.24948,9.025157828739225,10.700630879859732,1.073163453046306,20.728866373758,-44.60128316837465,2,217
2017-02-12,11.4637379637639,1018199564.215437306083699022,1.26910897,88819158.93698,9.0329027961751,10.692641750227939,1.0721146589914998,20.728866373758,-44.69674435126572,2,218
2017-02-13,11.3888621858562,1011910575.461333131249954776,1.26103663,88850892.99948,9.031349220883616,10.685145045376974,1.0658593905361813,20.728866373758,-45.05795936687551,2,219
2017-02-14,13.0940965563998,1163834165.529969762894259604,1.43600208,88882357.06198,9.11843843318096,10.686225464053187,1.2253247510495,20.728866373758,-36.83158393564418,2,220
2017-02-15,13.0142665108124,1157151603.221913847160140052,1.41715642,88914085.34323,9.1833663010978,10.688702993319698,1.2175720963475316,20.728866373758,-37.2166992822724,2,221
2017-02-16,12.8854819877265,1146107251.23390329362760097,1.37417255,88945625.18698,9.376902476858895,10.693399823550557,1.2049939402198562,20.728866373758,-37.83798035362388,2,222
2017-02-17,12.774232597896,1136612293.46741768993709408,1.36097742,88976952.99948,9.386072399273164,10.702235839281125,1.1936041019587598,20.728866373758,-38.374668601908105,2,223
2017-02-18,12.8982752191701,1148051805.288956415360940923,1.37186589,89008164.71823,9.401994257011596,10.724946682264761,1.2026423628286422,20.728866373758,-37.776263368175044,2,224
2017-02-19,12.8614133553478,1145172938.664936837440962894,1.36734337,89039431.90573,9.406132824813273,10.736543626589716,1.1979100353577208,20.728866373758,-37.954092021019115,2,225
2017-02-20,12.7023435815313,1131408155.149590395697925599,1.34847794,89070819.71823,9.419763723781275,10.7437529857934,1.1823004120001428,20.728866373758,-38.72147491089039,2,226
2017-02-21,12.8127439205143,1141644060.134484972727123189,1.35758958,89102230.34323,9.43786259799836,10.751983936816192,1.1916632312518436,20.728866373758,-38.18888264562902,2,227
2017-02-22,12.7348605955582,1135099181.270111530904722236,1.3491682,89133223.93698,9.439045921448638,10.760707682353889,1.1834593942591392,20.728866373758,-38.56460664110375,2,228
2017-02-23,13.2532427001753,1181718142.042939458113980719,1.40085224,89164453.46823,9.460842708275427,10.771857392476623,1.2303581654758768,20.728866373758,-36.06383262254308,2,229
2017-02-24,13.1775699006429,1175382796.422208008901146942,1.39114835,89195717.06198,9.472440448671705,10.781195817517535,1.2222734957871446,20.728866373758,-36.428892622293944,2,230
2017-02-25,13.6454301665693,1217544494.950538754988393339,1.43737813,89227270.96823,9.493277991205629,10.78788759912186,1.2648843474861609,20.728866373758,-34.17184557741216,2,231
2017-02-26,14.6590073091759,1308449669.204150022953116032,1.53464353,89259091.12448,9.552060151177843,10.800709648747809,1.3572263106688927,20.728866373758,-29.2821563665745,2,232
2017-02-27,15.6568423302162,1398004736.330425710775043826,1.59037004,89290337.53073,9.844779476741275,10.82046705735973,1.4469654819166908,20.728866373758,-24.468410148867566,2,233
2017-02-28,15.6533547393337,1398191982.899436410423208976,1.58064141,89322193.62448,9.903166297113335,10.839743647622736,1.4440705655217811,20.728866373758,-24.485234951631092,2,234
2017-03-01,17.2656843547633,1542746538.036788440326219959,1.71998987,89353338.46823,10.03824769896075,10.868186482739628,1.5886444700027826,20.728866373758,-16.70704975636758,2,235
2017-03-02,19.204561207481,1716599067.96975535309776613,1.77821423,89384966.90573,10.799914253009325,10.90790634459819,1.7606092865833483,20.728866373758,-7.353538484896188,2,236
2017-03-03,19.6547031858562,1757450213.658846088585017276,1.78849247,89416268.31198,10.989536447898045,10.95038239413355,1.7948873818676703,20.728866373758,-5.181967834293396,2,237
2017-03-04,18.6842248883694,1671256102.739555668001904162,1.70236634,89447440.96823,10.975443093153146,10.988003831050559,1.7004203107001472,20.728866373758,-9.863740006433936,2,238
2017-03-05,19.3011112244302,1727044186.128288332436677546,1.75244901,89479002.84323,11.013793333952808,11.030502695448574,1.7497943436788481,20.728866373758,-6.887762811454487,2,239
2017-03-06,19.7310337568673,1766127908.991603151843125879,1.78081222,89510155.96823,11.079794677547362,11.07537288147429,1.7815232017940708,20.728866373758,-4.813734619631287,2,240
2017-03-07,18.8391078433665,1686876788.893849116937121295,1.70608514,89541224.71823,11.0423022870749,11.11583685143338,1.6947988797566067,20.728866373758,-9.116555128088754,2,241
2017-03-08,16.6778201776739,1493874892.691851316551106447,1.53991894,89572550.65573,10.830323430968322,11.142748668931917,1.4967420223858057,20.728866373758,-19.5430185280782,2,242
2017-03-09,17.798087509059,1594768445.71360324068385182,1.62290661,89603360.18698,10.966797103044026,11.175931354992699,1.5925372967782179,20.728866373758,-14.13863552330706,2,243
2017-03-10,19.1809420046756,1719271982.857505513537556188,1.73271439,89634387.21823,11.069880942511018,11.216400349791064,1.7100800084255996,20.728866373758,-7.467482018418601,2,244
2017-03-11,21.4462162478083,1922988334.139358994181945934,1.91264436,89665622.68698,11.212861468824398,11.268637423519877,1.9031774154917616,21.4462162478083,0.0,2,245
2017-03-12,23.2196188281707,2082717895.138903420642091861,2.04783657,89696472.21823,11.33860932475227,11.329655077859442,2.0494550512439496,23.2196188281707,0.0,2,246
2017-03-13,28.5448137270602,2561271464.367752261843247446,2.35728953,89728084.71823,12.109167484004479,11.415684599644946,2.5004907483120205,28.5448137270602,0.0,2,247
2017-03-14,28.5762455482174,2564983820.239449932061564452,2.16039483,89759300.81198,13.227325464492713,11.502168476246347,2.484422446709202,28.5762455482174,0.0,2,248
2017-03-15,34.6731720058445,3113327509.026021923950695235,2.51336325,89790674.71823,13.795527568824165,11.619615377497077,2.9840206305790193,34.6731720058445,0.0,2,249
2017-03-16,44.7765893758036,4021927576.798378819820257128,2.89800111,89822106.43698,15.450853079833225,11.78846275366014,3.7983399796467228,44.7765893758036,0.0,2,250
2017-03-17,44.127845295149,3965061130.26936807343258502,2.68608473,89853948.31198,16.42831471483366,11.954311252637346,3.6913749661163933,44.7765893758036,-1.44884657294861,2,251
2017-03-18,32.2416653909994,2898055978.727926445582036562,2.04941514,89885430.65573,15.73212999246185,12.059264648820864,2.6736012791751724,44.7765893758036,-27.994369735489123,2,252
2017-03-19,43.3432976668615,3897274382.01935684788726327,2.64483203,89916425.18698,16.38792073569281,12.217948508090299,3.5475102582206075,44.7765893758036,-3.200984552246007,2,253
2017-03-20,41.8270432928112,3762262884.562666218557338176,2.50860178,89948095.49948,16.67344878181949,12.366504968791642,3.382284921921493,44.7765893758036,-6.587250445176342,2,254
2017-03-21,42.3989190461718,3815016949.040857445672109414,2.49841214,89979108.78073,16.97034623205593,12.517790135293685,3.3870929763096767,44.7765893758036,-5.310074667984095,2,255
2017-03-22,41.1990631186441,3708347621.934047131583730068,2.42604888,90010484.24948,16.981959208770807,12.664313137765923,3.253162068125545,44.7765893758036,-7.989724780361969,2,256
2017-03-23,43.140975748685,3884476666.0075688690141213,2.50083212,90041465.18698,17.25064845563684,12.821259483037693,3.3648001435241035,44.7765893758036,-3.6528320935547978,2,257
2017-03-24,52.9880817066043,4772758716.426221141353903264,2.94763375,90072306.12448,17.976480865916365,13.027329606208353,4.0674553656301216,52.9880817066043,0.0,2,258
2017-03-25,50.1573111630625,4519342712.61232585806630125,2.77425635,90103368.93698,18.079551719531075,13.219486727581817,3.794195054367104,52.9880817066043,-5.342277833751011,2,259
2017-03-26,50.380642766803,4541036125.21411628634760619,2.74740042,90134541.28073,18.337568270009584,13.41345793671244,3.755977243490056,52.9880817066043,-4.920802670756647,2,260
2017-03-27,48.8407655622443,4403754322.951561649377986089,2.48838542,90165546.59323,19.627492256502734,13.600611743936286,3.5910712313377764,52.9880817066043,-7.826884859360906,2,261
2017-03-28,50.2165826206897,4529340011.259579282379747606,2.52115135,90196102.06198,19.91811503926161,13.79339299400642,3.640625815744544,52.9880817066043,-5.230419740915373,2,262
2017-03-29,52.9549353074226,4777984559.484605122128658998,2.46167164,90227370.34323,21.51177860074896,13.997411249795432,3.783194932434133,52.9880817066043,-0.06255444264849609,2,263
2017-03-30,51.8379855821157,4678802761.580525996726993586,2.16940543,90258190.18698,23.895019743781003,14.198288345423721,3.6510024533220373,52.9880817066043,-2.170480771235871,2,264
2017-03-31,50.0319167153711,4517351664.443438329236010153,2.07544007,90289398.46823,24.10665450598682,14.388933306884855,3.4771108912869657,52.9880817066043,-5.578924346802209,2,265
2017-04-01,50.6856101426067,4577936949.361835256228116391,2.08338307,90320249.40573,24.328512059285718,14.582681888866153,3.475739958457508,52.9880817066043,-4.345263104156921,2,266
2017-04-02,48.7942622232613,4408595269.036143655802397874,2.00517202,90350690.18698,24.334202620312496,14.767043536560484,3.3042675131589934,52.9880817066043,-7.9146467437040515,2,267
2017-04-03,44.1242026744594,3988028234.003251942519668612,1.86644721,90381876.43698,23.640745067983683,14.927779343696661,2.9558450495914577,52.9880817066043,-16.728061757782278,2,268
2017-04-04,44.2334705575687,3999277754.564091914346289276,1.86606516,90412931.74948,23.704140405026745,15.085913926022785,2.932104132005366,52.9880817066043,-16.521849568946454,2,269
2017-04-05,45.345952899474,4101276939.62470282886739852,1.89363704,90444167.06198,23.946486016915895,15.248594842916416,2.9737791164763627,52.9880817066043,-14.42235416153554,2,270
2017-04-06,43.2308226411455,3911303985.18897610536826059,1.76458071,90474891.43698,24.499203916348776,15.40253181298655,2.8067348385345126,52.9880817066043,-18.41406359921627,2,271
2017-04-07,42.4313812974869,3840293151.695340273024241187,1.73256843,90505965.96823,24.49045045654382,15.5495497789772,2.7287851996109627,52.9880817066043,-19.922782763810897,2,272
2017-04-08,44.6247199088253,4040182926.735469741370107719,1.81232706,90536880.34323,24.622884518882206,15.699090755265921,2.842503467524506,52.9880817066043,-15.783477205472437,2,273
2017-04-09,43.9210733267095,3977805277.69995034283204856,1.78109503,90567123.62448,24.659590076285543,15.849844132314429,2.771072886272986,52.9880817066043,-17.111410883109425,2,274
2017-04-10,43.9867391759205,3985073682.71549016184392759,1.77963484,90597160.81198,24.716721760695865,16.003794442746923,2.7485193797809444,52.9880817066043,-16.987485186809277,2,275
2017-04-11,43.9088074582116,3979350334.123219158231342468,1.76871893,90627611.28073,24.825203548995542,16.156490843918753,2.717719329178385,52.9880817066043,-17.13455923666903,2,276
2017-04-12,46.356845351841,4202610782.12706774971223018,1.85309355,90657825.18698,25.01592288842676,16.323468198381057,2.839889463958316,52.9880817066043,-12.514580904212647,2,277
2017-04-13,49.9132952574518,4526545313.514389560745368814,1.97512687,90688168.15573,25.270931207295966,16.507606925106654,3.023654214926693,52.9880817066043,-5.802788759513187,2,278
2017-04-14,47.1097739795441,4273759021.609150709094671443,1.86248554,90719157.84323,25.294034755053243,16.678845065416414,2.82452254905984,52.9880817066043,-11.09364132034155,2,279
2017-04-15,49.1234506072472,4457911680.854718857570956456,1.93487998,90749155.96823,25.388370914482874,16.858971862847742,2.9137868552649384,52.9880817066043,-7.293396882634119,2,280
2017-04-16,48.1771319462303,4373503629.223700714011719619,1.89630007,90779659.40573,25.40585886611833,17.033265817032433,2.8284142608785876,52.9880817066043,-9.079305393639823,2,281
2017-04-17,47.8490843132671,4345190061.551614041579947983,1.88252772,90810307.53073,25.41746599793341,17.20684375847019,2.780817039133807,52.9880817066043,-9.69840241017196,2,282
2017-04-18,49.8912425108124,4532161748.423027353303827552,1.95413453,90840827.37448,25.531119656747688,17.39000148222238,2.868961371959381,52.9880817066043,-5.844407074291046,2,283
2017-04-19,48.0668974666862,4367860101.178397907570110676,1.87550613,90870439.56198,25.628760523798558,17.56414889510812,2.7366482574099313,52.9880817066043,-9.287341759542759,2,284
2017-04-20,49.3441459731151,4485425391.248295966031405148,1.89339076,90900861.74948,26.061258465798737,17.744449768164813,2.7808214184044786,52.9880817066043,-6.876896872141401,2,285
2017-04-21,48.5441502594974,4414184588.239067177711542602,1.86259904,90931339.09323,26.062587393740632,17.919667866613086,2.7089871654341384,52.9880817066043,-8.386662253057215,2,286
2017-04-22,48.6126565376973,4421871864.613098144751625529,1.86314801,90961329.40573,26.09167724559752,18.096100968880766,2.6863608144812403,52.9880817066043,-8.257376051342614,2,287
2017-04-23,48.8707930379895,4446842435.416038864690854835,1.86922549,90991820.65573,26.144942544085197,18.275037599962005,2.6741828995247103,52.9880817066043,-7.7702165015376075,2,288
2017-04-24,50.1052582127411,4560660952.542341594675862128,1.88801393,91021603.62448,26.538606212900714,18.46119898161601,2.7140847277924256,52.9880817066043,-5.440513038055295,2,289
2017-04-25,50.2949234336645,4579471672.66456383308846321,1.88818676,91052363.93698,26.63662541181282,18.64922135790765,2.6968913322667185,52.9880817066043,-5.082573639581538,2,290
2017-04-26,53.5068268007014,4873492539.246667301725710272,1.97627098,91081696.12448,27.074640746230763,18.855537973728804,2.8377247509592047,53.5068268007014,0.0,2,291
2017-04-27,63.3839737416715,5774978887.45078637132226832,2.29803694,91111026.12448,27.581790631125152,19.112028906142598,3.3164440077473887,63.3839737416715,0.0,2,292
2017-04-28,73.2896960841613,6679674801.628692839386839249,2.5515924,91140708.15573,28.723120543924374,19.419611145499697,3.7740043060102915,73.2896960841613,0.0,2,293
2017-04-29,70.4783451390999,6425505497.682859136553836802,2.40883975,91169925.81198,29.25821243986858,19.713178979941546,3.575189228019117,73.2896960841613,-3.8359429705275705,2,294
2017-04-30,80.5040275862069,7341910512.681492530480325537,2.56007159,91199294.40573,31.446006393206723,20.05656608091174,4.0138489939623465,80.5040275862069,0.0,2,295
2017-05-01,78.3656599269433,7149193510.837924978118655109,2.3561582,91228651.90573,33.25993132674339,20.38860153374342,3.8436015239812815,80.5040275862069,-2.6562244441419516,2,296
2017-05-02,77.6578077147867,7086903074.550766420688754666,2.27180685,91258088.31198,34.18327914399356,20.71736566290765,3.748440268823616,80.5040275862069,-3.53549997032429,2,297
2017-05-03,81.155050748685,7408453135.50444153979927755,2.33560581,91287640.96823,34.746895388432435,21.06335532036236,3.8529023279700754,81.155050748685,0.0,2,298
2017-05-04,95.4461979970777,8715866609.781202057227135221,2.60551357,91317064.40573,36.6323933584724,21.480777301791345,4.443330735015728,95.4461979970777,0.0,2,299
2017-05-05,91.2619477144945,8336483822.45980981206680661,2.35578304,91346766.43698,38.73953847400757,21.877242434869956,4.171547121909333,95.4461979970777,-4.383883664712676,2,300
2017-05-06,95.5202134447691,8728299906.239843131489582568,2.41495519,91376469.87448,39.553617326029595,22.29209313629602,4.284936944267604,95.5202134447691,0.0,2,301
2017-05-07,76.6355311633548,7004974186.308525895629893004,1.94535437,91406350.03073,39.394123942238245,22.61530826334307,3.3886573762769605,95.5202134447691,-19.77035184530198,2,302
2017-05-08,89.3967222244301,8174058665.607078486187455723,2.23124645,91435775.96823,40.065821605869715,23.001979516414377,3.886479516279717,95.5202134447691,-6.410675813533086,2,303
2017-05-09,86.2167880181181,7885864294.452502281875487963,2.03213949,91465530.96823,42.42660921771571,23.37265391383986,3.6887889726149488,95.5202134447691,-9.739745223695875,2,304
2017-05-10,88.0493733267096,8056090251.180757378713661008,2.06378226,91495145.81198,42.66408091263931,23.752681487548216,3.7069235055784087,95.5202134447691,-7.821213802436933,2,305
2017-05-11,88.2398370724722,8076140529.564128686720633206,2.0574029,91524880.34323,42.8889436641079,24.13409560062244,3.656231355534881,95.5202134447691,-7.621817529235838,2,306
2017-05-12,85.485073163647,7826566214.55782974450887231,1.98227911,91554770.03073,43.12464008342751,24.501888750631206,3.48891769257767,95.5202134447691,-10.505776651058817,2,307
2017-05-13,88.2832749123319,8085337507.628943820383006162,2.0384694,91584023.31198,43.30860934794111,24.88667190466978,3.547411853642281,95.5202134447691,-7.57634250537105,2,308
2017-05-14,89.4800016691993,8197463460.775058634788447614,2.05473122,91612240.81198,43.548275705471255,25.276601673097602,3.540032905785538,95.5202134447691,-6.32349065997672,2,309
2017-05-15,90.8514018176505,8325686345.253258433364212365,2.06074936,91640703.15573,44.086584997241246,25.67347919789012,3.5387257456370302,95.5202134447691,-4.8877734447465,2,310
2017-05-16,88.2582728825248,8090584784.587439242557487104,1.99102441,91669421.12448,44.328071739976714,26.05912875797779,3.386846647952697,95.5202134447691,-7.6025171012031185,2,311
2017-05-17,86.8320563541789,7962266860.435525022311917597,1.94071806,91697320.03073,44.742231313176376,26.44122234155757,3.2839652884619213,95.5202134447691,-9.095621520584006,2,312
2017-05-18,95.83543393045,8790581923.434126252846791,2.10554891,91725800.81198,45.51565317494809,26.864216967977786,3.567400979700472,95.83543393045,0.0,2,313
2017-05-19,124.608196428989,11433323141.56042279666673822,2.5968212,91754182.06198,47.984896468416466,27.43237303697837,4.5423775865478095,124.608196428989,0.0,2,314
2017-05-20,124.620777756867,11438048169.42781133135071041,2.54396639,91782834.09323,48.98680196669854,28.001440912969016,4.450513034104192,124.620777756867,0.0,2,315
2017-05-21,147.731762711864,13563472982.44541650075058072,2.66277701,91811488.15573,55.48033581372403,28.685929321902385,5.149973042674525,147.731762711864,0.0,2,316
2017-05-22,153.63485777557,14109864879.7999786612854536,2.63355833,91840257.37448,58.337366606028425,29.39975930605493,5.225718216813042,153.63485777557,0.0,2,317
2017-05-23,169.076412100526,15532852746.66905074398728898,2.78103576,91868833.46823,60.796202095770965,30.189370376145522,5.6005279339685625,169.076412100526,0.0,2,318
2017-05-24,191.874668920514,17632797416.27001876509552022,2.9782333,91897474.09323,64.42566770055053,31.093031105330205,6.1709862982004795,191.874668920514,0.0,2,319
2017-05-25,180.691296002338,16610284632.59261224587278424,2.72686103,91926312.99948,66.26347804836172,31.94151801725306,5.6569414110105365,191.874668920514,-5.828478027398626,2,320
2017-05-26,164.60314556692,15136127804.4410706094152016,2.44872441,91955276.74948,67.21995537542749,32.70995531165692,5.032203315431007,191.874668920514,-14.213196305183725,2,321
2017-05-27,155.72604947107,14324313066.2855711517116061,2.20084862,91984052.21823,70.7572742877109,33.43429151181765,4.65767457390348,191.874668920514,-18.839703882130955,2,322
2017-05-28,173.216734450029,15938169821.37700664647548492,2.40222101,92012875.49948,72.10691011732888,34.24708785082992,5.057852953936093,191.874668920514,-9.724021714515239,2,323
2017-05-29,193.881140413501,17845287968.45570343528844823,2.59217897,92042412.84323,74.79465833854097,35.16389149541934,5.513642892418693,193.881140413501,0.0,2,324
2017-05-30,228.073706624196,20999255279.17543592207029308,2.85497762,92072232.21823,79.8863378215189,36.25280975627849,6.2912008243636,228.073706624196,0.0,2,325
2017-05-31,229.102651646406,21100578887.46208784197780638,2.70237309,92100980.65573,84.77832039335695,37.348880962876976,6.134123586570725,229.102651646406,0.0,2,326
2017-06-01,220.986285654588,20359256567.17672913956548924,2.58211219,92129050.03073,85.58353370950469,38.40322400745617,5.754368060652472,229.102651646406,-3.542676583396645,2,327
2017-06-02,221.467074215663,20409491045.92159596724669899,2.55890678,92155870.65573,86.54753504372013,39.460473236748975,5.61237755277131,229.102651646406,-3.332819317398238,2,328
2017-06-03,224.307389632379,20677417162.41784942087785042,2.488726,92183397.06198,90.12940341057191,40.53080154605932,5.534245094498697,229.102651646406,-2.0930626422552048,2,329
2017-06-04,245.468700092928,22634823373.32974940993567744,2.66229595,92210629.56198,92.20188315011636,41.70803213360754,5.885405940673332,245.468700092928,0.0,2,330
2017-06-05,248.05642671128,22880332723.2817706758876344,2.61094785,92238419.40573,95.00627395192133,42.898620627362654,5.7823870111352385,248.05642671128,0.0,2,331
2017-06-06,264.404235562244,24395495592.35082697044025812,2.71681563,92265903.15573,97.32137604134881,44.17305083050409,5.985645786087687,264.404235562244,0.0,2,332
2017-06-07,256.981876225599,23717801492.07878672098875102,2.59532406,92293673.93698,99.01725961173382,45.40945778229251,5.659214815064572,264.404235562244,-2.8072013751450235,2,333
2017-06-08,258.372808144944,23853314872.76640689886162912,2.5744985,92321305.18698,100.35850016806926,46.65337726188923,5.538137286279736,264.404235562244,-2.281138728536056,2,334
2017-06-09,278.428987158387,25712626057.84611095446020126,2.70400914,92348955.18698,102.96895193127453,47.99783438179573,5.800865617053496,278.428987158387,0.0,2,335
2017-06-10,344.951987142022,31865669019.00622625481777356,3.14319546,92377113.93698,109.74563673556021,49.67332528234803,6.9444110129789225,344.951987142022,0.0,2,336
2017-06-11,344.026909994155,31789820604.67505823166725815,3.0453661,92405040.65573,112.96734077198633,51.34450908187169,6.700364189782881,344.951987142022,-0.2681756251156576,2,337
2017-06-12,389.19372150789,35974398245.7118824213999597,2.87986851,92433141.28073,135.14287897397443,53.24437078318672,7.309574998880219,389.19372150789,0.0,2,338
2017-06-13,387.25153943834,35805826216.9182570166495632,2.74276157,92461417.37448,141.19037676262178,55.13355916501314,7.023880650971714,389.19372150789,-0.49902708143010355,2,339
2017-06-14,341.446636869375,31580292272.3077941237498,2.40212873,92489686.12448,142.1433550188524,56.794232068004085,6.01199495858197,389.19372150789,-12.268205266396372,2,340
2017-06-15,342.119337795441,31652157507.49194468220124568,2.38115654,92517884.87448,143.6778019623359,58.460255564421374,5.852169726121642,389.19372150789,-12.095360513541754,2,341
2017-06-16,352.629732300117,32634561412.35665444488400166,2.42925179,92546255.81198,145.15981165547151,60.17999575367474,5.859583868092655,389.19372150789,-9.394804486082077,2,342
2017-06-17,368.03726914436,34070886368.2583197367999328,2.4689192,92574554.87448,149.0681708596863,61.97934041635738,5.93806366237529,389.19372150789,-5.4359695941552175,2,343
2017-06-18,350.534463086499,32460592792.36097091649014552,2.33834468,92603142.37448,149.9070971378347,63.68897664514464,5.503848256811677,389.19372150789,-9.933166000625553,2,344
2017-06-19,357.681361649328,33132659536.76115395609884944,2.35658689,92631775.34323,151.77940739937156,65.4351015175935,5.466200148755916,389.19372150789,-8.096831505007513,2,345
2017-06-20,349.288913500877,32364580144.03474620591413771,2.26420573,92658480.96823,154.2655373020706,67.14318987066189,5.20214952810126,389.19372150789,-10.253199319970022,2,346
2017-06-21,320.277859038574,29684836623.54406714307694152,2.08023256,92684635.49948,153.9625257276879,68.70510925692722,4.6616308816404635,389.19372150789,-17.707341784011522,2,347
2017-06-22,320.145963176505,29681106426.52632653863274865,2.01706748,92711168.78073,158.71851901380364,70.26846661419782,4.556040263895828,389.19372150789,-17.741231298353622,2,348
2017-06-23,325.991536277031,30231565534.94495890145191263,2.0408777,92737271.28073,159.7310491839031,71.8647567000745,4.536180893752237,389.19372150789,-16.23926125683344,2,349
2017-06-24,304.768927811221,28271513589.10877812273007133,1.9071929,92763766.28073,159.79973908838537,73.34971632198565,4.155011676846395,389.19372150789,-21.692229095981837,2,350
2017-06-25,276.242345104617,25632568474.44663869722925541,1.7465263,92790149.40573,158.16672506140733,74.68915110081966,3.698560514253662,389.19372150789,-29.021890683553377,2,351
2017-06-26,255.033414298656,23671397769.29367613334769888,1.64846512,92816848.46823,154.70962121337212,75.92299682498827,3.3591062650824886,389.19372150789,-34.47134416491717,2,352
2017-06-27,281.08192129398,26096609912.1560400036858804,1.80907247,92843430.81198,155.37349993169704,77.28594430181762,3.636908675092289,389.19372150789,-27.77840294931847,2,353
2017-06-28,317.776258400351,29511903471.04903056532247373,2.01409612,92870070.34323,157.77611368436132,78.83421627978372,4.030943331415368,389.19372150789,-18.35010668487651,2,354
2017-06-29,293.999290413793,27311676299.60879652618320264,1.81499129,92897082.37448,161.9838574618135,80.26306423812972,3.6629462531051225,389.19372150789,-24.4593953687835,2,355
2017-06-30,276.846878461718,25725702342.55555746725765664,1.73695905,92923938.62448,159.38595585297074,81.60469280573929,3.3925362493644147,389.19372150789,-28.866561004863083,2,356
2017-07-01,261.219362042665,24280501298.5577213253734392,1.63686371,92950618.62448,159.5852852298039,82.86873931072469,3.152206298966329,389.19372150789,-32.88191776820085,2,357
2017-07-02,286.533256667446,26641098333.99034918806999058,1.80154229,92977334.09323,159.04886510737754,84.26020612563408,3.400576260639782,389.19372150789,-26.377728921909867,2,358
2017-07-03,276.381727718293,25704734817.07801158299470639,1.74024881,93004465.34323,158.81736343109063,85.60305202419049,3.2286433857544066,389.19372150789,-28.98607751238094,2,359
2017-07-04,269.404834744594,25063225090.07751100062106112,1.70159539,93031831.12448,158.32484991898926,86.91078865691989,3.0997858713268482,389.19372150789,-30.778730525042036,2,360
2017-07-05,266.262281550555,24777992873.8912353599665239,1.67840347,93058591.43698,158.64021155208587,88.20311604418464,3.018740079626813,389.19372150789,-31.58618270640393,2,361
2017-07-06,266.656013065459,24821813103.87435779596796132,1.68062161,93085517.99948,158.665110265635,89.49685914802596,2.9795013546164277,389.19372150789,-31.48501675917885,2,362
2017-07-07,240.161421859147,22362103874.62498556401689981,1.52443863,93112805.96823,157.54089219003,90.65961668313992,2.649045193942565,389.19372150789,-38.2925754997622,2,363
2017-07-08,244.196069263004,22744389962.39315446621023792,1.54858633,93139869.24948,157.689671239061,91.8424690796259,2.6588578433283416,389.19372150789,-37.25590733661065,2,364
2017-07-09,237.960754773232,22170045178.35419149045141936,1.51441627,93166813.15573,157.13034750559834,92.99282322513436,2.5589152637847357,389.19372150789,-38.858018096674805,2,365
2017-07-10,203.667605391584,18980038068.92282776254837632,1.32375822,93191246.74948,153.85559259574154,93.97324179171822,2.1672935987777433,389.19372150789,-47.669349700068295,2,366
2017-07-11,192.891972717709,17980466684.44357832690816632,1.26821857,93215214.87448,152.09678937102223,94.90186675720041,2.0325413957473484,389.19372150789,-50.43805640790674,2,367
2017-07-12,220.375114831385,20547588188.20118784709502355,1.48464662,93239149.09323,148.4360735158546,95.967529027348,2.2963508289203154,389.19372150789,-43.376497961589706,2,368
2017-07-13,205.861691116014,19199263336.58855280143636022,1.41173838,93262924.40573,145.82141707871824,96.96083074195786,2.1231428148947518,389.19372150789,-47.10559812773326,2,369
2017-07-14,197.24683492519,18400505458.7222144125448387,1.36293394,93286695.65573,144.72222690792336,97.91086325670656,2.0145551613413977,389.19372150789,-49.31911178808899,2,370
2017-07-15,170.574619883109,15916461788.82703830243403332,1.18853634,93310844.24948,143.51653722519666,98.72796764769134,1.7277233994302497,389.19372150789,-56.1723094549841,2,371
2017-07-16,155.12095854062,14478192007.9530979622501276,1.10966101,93334853.93698,139.79130305805737,99.46545436094384,1.5595460709173605,389.19372150789,-60.142995642473316,2,372
2017-07-17,189.221658703682,17665426045.00922450460852286,1.34578709,93358372.21823,140.60296766829737,100.37004968402684,1.8852402614063393,389.19372150789,-51.38111222078232,2,373
2017-07-18,228.78765892519,21364723814.7564616820085887,1.59119958,93382326.28073,143.78313179619494,101.47289329951778,2.2546677391949093,389.19372150789,-41.21496666524415,2,374
2017-07-19,191.651705937463,17901574458.62035619375964424,1.35933414,93406809.87448,140.98940083816552,102.3905201810958,1.871771972624936,389.19372150789,-50.7567323555661,2,375
2017-07-20,224.107144172414,20938622421.48747840659296972,1.5693159,93431302.68698,142.80562898293073,103.470166643118,2.1659107300502236,389.19372150789,-42.417584922969844,2,376
2017-07-21,216.214063375804,20206316616.68576307664908192,1.51524605,93455144.87448,142.69237882243877,104.50934467756277,2.0688490971106743,389.19372150789,-44.44564456535799,2,377
2017-07-22,231.983774798363,21685716191.66820291132275749,1.61070866,93479452.21823,144.02590645931153,105.62077619270303,2.1963839233212332,389.19372150789,-40.39375201132066,2,378
2017-07-23,228.563602995324,21371596392.00352902404443152,1.57749101,93503935.49948,144.890589896499,106.70825104572467,2.1419487317563113,389.19372150789,-41.27253592124291,2,379
2017-07-24,225.714163052016,21110592979.22298151099845168,1.55800793,93527994.40573,144.87356495805255,107.78569789142746,2.094101234835237,389.19372150789,-42.004675158296415,2,380
2017-07-25,204.267246499123,19109749788.74478373151664354,1.41636046,93552687.06198,144.2198171072377,108.75640496383832,1.8782088886354986,389.19372150789,-47.5152770430851,2,381
2017-07-26,202.456667746347,18945327873.81797554067821206,1.40808482,93577198.93698,143.78158536383268,109.71906457960104,1.8452277963002952,389.19372150789,-47.98048977718602,2,382
2017-07-27,202.88998441204,18990817977.7243938144194892,1.41483676,93601554.71823,143.4016913810184,110.681321515016,1.8331004873709804,389.19372150789,-47.86915276383078,2,383
2017-07-28,191.488124044418,17928313034.89686099826465264,1.34294051,93626239.87448,142.5886870032821,111.58693799241226,1.7160442565189744,389.19372150789,-50.79876332472234,2,384
2017-07-29,205.994907945646,19291573994.52333724035751408,1.43470658,93650732.37448,143.57981681916175,112.5637706960797,1.8300284955967654,389.19372150789,-47.071369202067174,2,385
2017-07-30,196.771915156049,18432697705.65151124979538577,1.37354925,93675450.03073,143.25799759713678,113.49776809861623,1.7337073534792096,389.19372150789,-49.44113836326111,2,386
2017-07-31,200.760819609001,18811190148.41126270093694448,1.40504214,93699508.62448,142.88597750456154,114.452710876144,1.7540940539735759,389.19372150789,-48.41622346034402,2,387
2017-08-01,225.735534699591,21156143194.89447321661561893,1.57613932,93720925.34323,143.22054645498662,115.53232342439354,1.9538734096983383,389.19372150789,-41.999183896132116,2,388
2017-08-02,217.584664142607,20396835599.75539630342793811,1.51938572,93742064.40573,143.20567929426574,116.57135240545726,1.8665363286324954,389.19372150789,-44.09348041391876,2,389
2017-08-03,224.028898297195,21005627793.7235213614720211,1.56661272,93763027.68698,143.00209326603388,117.64214000943592,1.904325255212341,389.19372150789,-42.43768953177901,2,390
2017-08-04,221.471094210403,20770518641.55849122495677794,1.54906072,93784332.06198,142.97121562181437,118.70142730414076,1.865782907925297,389.19372150789,-43.09489542833923,2,391
2017-08-05,248.939666132671,23351915732.47843324846338608,1.72046076,93805523.62448,144.69360296986432,119.89490743843649,2.0763155954767827,389.19372150789,-36.03708066816173,2,392
2017-08-06,266.031145936879,24960848263.61720353986357292,1.81974392,93826789.24948,146.19152893604888,121.17385437991808,2.1954500605616443,389.19372150789,-31.64557102664211,2,393
2017-08-07,269.646053845704,25305853635.14090853227473392,1.80786722,93848410.81198,149.15147023115117,122.46991177618342,2.2017330619008555,389.19372150789,-30.716751338899094,2,394
2017-08-08,294.522035516072,27646797058.56941536035264256,1.95035408,93870046.12448,151.00952105890025,123.88926778650486,2.3773006393387854,389.19372150789,-24.3250804830619,2,395
2017-08-09,296.828835021625,27869785040.99644793136688,1.91001956,93891771.12448,155.40617553760814,125.31860114250135,2.368593587189002,389.19372150789,-23.732368068119648,2,396
2017-08-10,301.437411189947,28308963715.82537235200097756,1.90794071,93913239.24948,157.9909740433952,126.77226773373748,2.377786692457553,389.19372150789,-22.548233814754372,2,397
2017-08-11,309.864902527177,29107203396.83000191341139921,1.93073117,93935141.28073,160.49096183969363,128.26759819219453,2.4157691178007354,389.19372150789,-20.382861951976487,2,398
2017-08-12,309.254121247516,29056607551.59395035965241668,1.92028659,93957058.46823,161.0458162120041,129.7611388323947,2.3832568366016154,389.19372150789,-20.539796980962706,2,399
2017-08-13,297.04311033986,27915843251.8091518946813978,1.84689637,93979096.90573,160.8336640673889,131.1937876357597,2.26415530561978,389.19372150789,-23.67731185667698,2,400
2017-08-14,299.899655571596,28190908019.05501417717514508,1.85976357,94001135.03073,161.25687179236232,132.64015658854754,2.2610019716871324,389.19372150789,-22.943346976496333,2,401
2017-08-15,286.238491115137,26913103452.47803780356378501,1.77368696,94023355.65573,161.3805015035669,134.01867842672405,2.1358104293771296,389.19372150789,-26.453466410985214,2,402
2017-08-16,300.581495599649,28268464847.75514792754737002,1.84084632,94045925.18698,163.2844047512065,135.4687665368088,2.218825071519173,389.19372150789,-22.76815400950517,2,403
2017-08-17,301.525778841613,28364065109.83617068175839249,1.8362768,94068458.15573,164.2049710814911,136.92392045468722,2.2021409980106297,389.19372150789,-22.52552850200585,2,404
2017-08-18,292.570930255406,27528223704.91028121770393888,1.78199872,94090768.62448,164.18133580668677,138.33387840198122,2.1149622466683895,389.19372150789,-24.826400302175795,2,405
2017-08-19,294.006381612507,27669920496.67006493739249636,1.78757038,94113332.99948,164.47261875781754,139.75037985905018,2.1037966544995212,389.19372150789,-24.457573345887926,2,406
2017-08-20,297.946730439509,28047354163.97126700661095532,1.80235748,94135465.49948,165.30945372696488,141.18649945841312,2.1103060957132804,389.19372150789,-23.445134396015995,2,407
2017-08-21,320.268020935126,30155863981.67085273670392198,1.91016113,94158211.28073,167.665447644789,142.73369975026586,2.2438150310367013,389.19372150789,-17.709869600598555,2,408
2017-08-22,314.667140353594,29635581241.01736566793125612,1.87107757,94180730.81198,168.17428918972826,144.2522499182349,2.1813672960522537,389.19372150789,-19.148967990940513,2,409
2017-08-23,317.911476100818,29948324124.63835551151844964,1.87980528,94203343.93698,169.11936543811495,145.78482741411008,2.180689731159556,389.19372150789,-18.31536365255238,2,410
2017-08-24,324.404678510228,30567313885.67718924454930644,1.89643904,94225872.53073,171.05990314891852,147.35062865617323,2.201583267535229,389.19372150789,-16.646990795905882,2,411
2017-08-25,330.229825942724,31122409700.40876613235553352,1.9114808,94244696.43698,172.7612571063879,148.9450944853053,2.2171245523987633,389.19372150789,-15.150268955191933,2,412
2017-08-26,332.432620397428,31336182227.56413169750421244,1.91749734,94263259.09323,173.3679695208485,150.5498230857495,2.208123620365084,389.19372150789,-14.584279749053271,2,413
2017-08-27,345.159394547049,32542282722.38483633788472202,1.96444536,94281897.68698,175.70322981497893,152.2186160923538,2.267524192557594,389.19372150789,-11.314243916945701,2,414
2017-08-28,347.312148939801,32751647880.93426281011820973,1.96144277,94300323.15573,177.06973369393847,153.90022736298795,2.256735775449071,389.19372150789,-10.76111207699428,2,415
2017-08-29,373.270473714202,35206648354.70364765076273996,2.07507806,94319403.31198,179.88261786845842,155.70971288759927,2.3972202298237577,389.19372150789,-4.091342412204149,2,416
2017-08-30,385.096362653419,36329354372.47566158024862837,2.08904609,94338347.21823,184.34076897433079,157.57777707094235,2.443849442552084,389.19372150789,-1.0527813343432706,2,417
2017-08-31,388.628983109293,36669907538.20443444169748014,2.05577343,94357109.56198,189.04271134066224,159.46360329667,2.43710147691996,389.19372150789,-0.14510470426115343,2,418
2017-09-01,391.600977030976,36957711364.44076238013189248,2.05874705,94375942.68698,190.21325472256342,161.36466387089558,2.426807503185999,391.600977030976,0.0,2,419
2017-09-02,349.100817241379,32953298615.79123159906492042,1.83462921,94394790.81198,190.2841268080426,163.0446974743205,2.1411356680051634,391.600977030976,-10.85292486035734,2,420
2017-09-03,352.873988895383,33316044652.69693164070980709,1.85056566,94413432.84323,190.68439262802653,164.74399608624333,2.1419535599382558,391.600977030976,-9.8894002842413,2,421
2017-09-04,313.259609643483,29581842332.01357984924970134,1.6601133,94432353.93698,188.6977290305927,166.24586672452213,1.8843151761635681,391.600977030976,-20.005406519018,2,422
2017-09-05,321.673799707773,30382558477.92430172907439554,1.7067802,94451455.18698,188.46820446345288,167.7903645600715,1.9171172346586618,391.600977030976,-17.856742302681155,2,423
2017-09-06,338.424651081239,31971093025.76054357074553697,1.77776395,94470343.46823,190.36534691866098,169.41799643938182,1.9975720300902517,391.600977030976,-13.579211766249175,2,424
2017-09-07,336.414099064874,31787590719.97598982434201552,1.76351133,94489472.37448,190.76378662385687,171.03575986792944,1.9669225858068895,391.600977030976,-14.092630305602299,2,425
2017-09-08,310.01521244886,29299146973.5812096795503428,1.6373551,94508739.56198,189.3390214797389,172.5223242122661,1.7969570828841077,391.600977030976,-20.833902203380493,2,426
2017-09-09,305.233473699591,28853042373.73416719140186893,1.62216165,94527779.09323,188.164646661195,173.9844278611615,1.754372373734306,391.600977030976,-22.054976467679566,2,427
2017-09-10,301.328705435418,28489655157.30350347791352014,1.60308202,94546767.84323,187.9683644854416,175.42739708536078,1.7176832720649398,391.600977030976,-23.052105814439123,2,428
2017-09-11,298.009521917008,28181453399.14775849170215584,1.58897965,94565613.93698,187.54772719525263,176.85117848144495,1.6850864352497084,391.600977030976,-23.899699082355678,2,429
2017-09-12,293.927871127995,27801146068.4195447288812551,1.57371741,94584926.43698,186.77296778968406,178.25492998758173,1.6489186085819434,391.600977030976,-24.941997500495255,2,430
2017-09-13,276.957384570427,26201227864.32009383286578421,1.49081616,94603824.71823,185.77567912225143,179.57148975960104,1.5423238117654425,391.600977030976,-29.275614511932286,2,431
2017-09-14,225.336907948568,21322080020.65079966272449464,1.27579729,94623114.40573,176.62438203530593,180.62487926279798,1.2475408087095068,391.600977030976,-42.45752151666781,2,432
2017-09-15,258.900247808299,24503005748.45593256773262202,1.45446712,94642650.81198,178.00350674706146,181.8410962901884,1.4237719255450205,391.600977030976,-33.88672066877408,2,433
2017-09-16,255.184495616599,24156271861.07473840155933727,1.43783212,94661988.78073,177.4786444585749,183.03875199457474,1.3941555699864183,391.600977030976,-34.83558249743241,2,434
2017-09-17,259.595284921099,24578795248.42237499727646602,1.46051587,94681208.31198,177.7421870267654,184.25039999740642,1.4089265745135595,391.600977030976,-33.70923461701048,2,435
2017-09-18,296.59002980713,28087157625.8185803635434174,1.65248977,94700275.81198,179.4807055338866,185.63732734040465,1.5976853042237056,391.600977030976,-24.262183394994583,2,436
2017-09-19,284.68624050263,26965380713.1155452218583199,1.58850028,94719648.78073,179.2169910745184,186.96248502698853,1.5226917874007442,391.600977030976,-27.301958575013703,2,437
2017-09-20,284.783950029223,26980097391.84611196423224154,1.5862306,94738827.06198,179.53502474937946,188.2929836526928,1.5124512050566268,391.600977030976,-27.277007277053784,2,438
2017-09-21,258.71685534775,24515535041.2167169167894825,1.45295452,94758167.21823,178.0625971332881,189.49006237330946,1.3653320501740016,391.600977030976,-33.93355213021206,2,439
2017-09-22,263.592519286967,24981693913.60812844160146466,1.48147829,94773910.81198,177.92533381435308,190.70936980095993,1.3821686871603316,391.600977030976,-32.688492943643354,2,440
2017-09-23,285.098802746932,27024206634.40866935927447036,1.59268902,94788916.59323,179.00468903021132,192.04066827547777,1.4845751439375567,391.600977030976,-27.196605864346353,2,441
2017-09-24,284.710706604325,26991821449.415474167415751,1.58676283,94804377.99948,179.42864631151272,193.380832707611,1.472279866716695,391.600977030976,-27.295710862896,2,442
2017-09-25,294.606179135009,27934337650.48368235574617032,1.63706975,94819252.37448,179.95945446735487,194.76487316574077,1.5126248093222918,391.600977030976,-24.768783426271856,2,443
2017-09-26,288.873323495032,27395145425.25146565322858336,1.60203476,94834459.24948,180.316514165418,196.11333507319253,1.4729917442239204,391.600977030976,-26.232736780893717,2,444
2017-09-27,310.386890707189,29440156339.81517721285848047,1.70878973,94849870.34323,181.64136011467545,197.55803844548944,1.5711174961520562,391.600977030976,-20.738989708231216,2,445
2017-09-28,302.473999707773,28694156150.07576264779502054,1.65683076,94864868.31198,182.56179629823689,198.9543103498874,1.520318907269878,391.600977030976,-22.75964120389644,2,446
2017-09-29,291.483834891876,27655904875.74646941022547448,1.59895372,94879720.81198,182.29660511492227,200.26900545571152,1.4554615389865515,391.600977030976,-25.566111427546485,2,447
2017-09-30,301.653574810053,28625311071.98580516735386619,1.65072162,94894652.21823,182.74042767432405,201.63439210202068,1.49604227565219,391.600977030976,-22.969146528408206,2,448
2017-10-01,302.921215371128,28750187384.78978273409601344,1.64883986,94909784.87448,183.71779013829035,202.9756323188471,1.4924018805138148,391.600977030976,-22.64543932760243,2,449
2017-10-02,296.383131209819,28134131413.44933546049742537,1.6174612,94924874.09323,183.2397161736053,204.23366502801716,1.4511962617385366,391.600977030976,-24.31501743000636,2,450
2017-10-03,291.627101987142,27687092382.04381664901987366,1.59789726,94940052.53073,182.5067914486204,205.47116131147712,1.4193091630268233,391.600977030976,-25.529526458746805,2,451
2017-10-04,292.153131209819,27741508953.55833700931305037,1.59978836,94955370.96823,182.61986304852164,206.7707186405712,1.4129328036900026,391.600977030976,-25.3951985960675,2,452
2017-10-05,295.104265926359,28026302383.29036556415029332,1.61459442,94970847.99948,182.7729999998136,208.02952348186872,1.418569157815138,391.600977030976,-24.641590998120527,2,453
2017-10-06,307.36563383986,29195392772.1623324433145228,1.67535089,94985872.06198,183.4634378233804,209.35721643460394,1.4681396661379023,391.600977030976,-21.510503837290717,2,454
2017-10-07,311.539527761543,29596531540.89498063204252889,1.69435018,95000887.21823,183.86962237141736,210.7029194781808,1.4785724304774253,391.600977030976,-20.44465003035477,2,455
2017-10-08,308.811207773232,29342032506.99310421183391936,1.678259,95016086.74948,184.00688318860915,212.04098020145375,1.4563751189974683,391.600977030976,-21.141359218619943,2,456
2017-10-09,296.16992226768,28145411401.0779198198608064,1.61205026,95031295.49948,183.72251139842254,213.30612493404874,1.388473595679691,391.600977030976,-24.369462887153958,2,457
2017-10-10,297.805755406195,28305478079.4458483835144036,1.62193259,95046779.87448,183.61167242233847,214.53021330254668,1.3881762891188052,391.600977030976,-23.95173330156471,2,458
2017-10-11,302.037225599065,28712347225.21645571115145495,1.64255276,95062279.71823,183.88281518522732,215.78961287472669,1.3996838011587147,391.600977030976,-22.871176704144553,2,459
2017-10-12,302.722357977791,28782136841.13988555986626743,1.64405125,95077671.28073,184.13194721137253,217.05132145078164,1.3947040541120872,391.600977030976,-22.696219944863586,2,460
2017-10-13,336.118935417884,31962593123.47282965712282532,1.80771345,95093104.71823,185.9359598269759,218.48771230005985,1.5383882776724553,391.600977030976,-14.16800387827003,2,461
2017-10-14,339.239905902981,32264573582.05545040204985613,1.79912966,95108426.28073,188.55778627037978,219.9328289164713,1.5424705241790964,391.600977030976,-13.37102668256449,2,462
2017-10-15,335.292906779661,31894403574.99187436010163878,1.7710949,95124003.31198,189.31391354560446,221.34451877383245,1.5148010379342614,391.600977030976,-14.378940185039681,2,463
2017-10-16,334.387035067212,31813641368.23884025107704976,1.75759431,95140175.99948,190.25268411753794,222.75726402125795,1.501127411204427,391.600977030976,-14.610265377156686,2,464
2017-10-17,315.673910286382,30039630634.01316261527308136,1.63779113,95160320.99948,192.74369271152545,224.08547398911298,1.408720987875005,391.600977030976,-19.388885931862244,2,465
2017-10-18,313.292919637639,29819439601.58979256128902147,1.62658205,95180700.65573,192.6081255093397,225.39851053658813,1.3899511531456339,391.600977030976,-19.996900413030072,2,466
2017-10-19,308.361189362946,29356331882.98667833838764308,1.60203704,95201124.18698,192.4806865657401,226.6963451722866,1.360238909580104,391.600977030976,-21.256276809913498,2,467
2017-10-20,304.104843950906,28957350359.78748591176265388,1.57973933,95221601.81198,192.50317959160137,227.99624837866884,1.3338151224568915,391.600977030976,-22.343185592498916,2,468
2017-10-21,299.96448918761,28569141397.4795175321852553,1.56047294,95241745.03073,192.22665225300867,229.27490347181902,1.308318026287948,391.600977030976,-23.400474773615663,2,469
2017-10-22,294.862483343074,28089227344.82442407153066402,1.53613736,95262127.03073,191.95059701111236,230.52248612403702,1.279105081247552,391.600977030976,-24.703333076783895,2,470
2017-10-23,285.272274400935,27181483923.5386018980193263,1.49257282,95282599.68698,191.1278770311086,231.73269338283598,1.2310402569293426,391.600977030976,-27.15230779968926,2,471
2017-10-24,297.201345119813,28324218179.21022427038547849,1.55197648,95303129.15573,191.49861415413525,233.0065432019476,1.2755064344361675,391.600977030976,-24.106076707693173,2,472
2017-10-25,297.963974576271,28402923453.61460769835896408,1.55676744,95323347.37448,191.39915630318617,234.27323947528484,1.2718651743734708,391.600977030976,-23.91133014136944,2,473
2017-10-26,296.136726183518,28234724769.89193746577300814,1.54556,95343543.28073,191.60480743776884,235.53431773956888,1.2572975735576564,391.600977030976,-24.377939904860526,2,474
2017-10-27,297.075979836353,28330358726.26577461128387769,1.55141274,95364016.78073,191.48739221798127,236.79976394287104,1.254545084377803,391.600977030976,-24.138090234424013,2,475
2017-10-28,295.060524254822,28144188634.90004664905968006,1.54143478,95384459.53073,191.41940228883513,238.05552252685408,1.2394609506340581,391.600977030976,-24.652760957876158,2,476
2017-10-29,304.336856808884,29035182034.30545066706575532,1.58486545,95404750.96823,192.02693629852556,239.3454225841393,1.2715382375942355,391.600977030976,-22.283938330212422,2,477
2017-10-30,306.156846873174,29214971055.24277590651232452,1.59139506,95424849.56198,192.3826801832438,240.6266403422179,1.272331469357505,391.600977030976,-21.819182067833122,2,478
2017-10-31,304.758790181181,29087850155.74909612041453588,1.58262116,95445483.74948,192.5658508073916,241.91488542322608,1.2597769238052903,391.600977030976,-22.17619258976612,2,479
2017-11-01,290.520131209819,27734711857.03427928091217537,1.51069495,95465714.34323,192.30893120402567,243.12186882623894,1.1949568034023956,391.600977030976,-25.81220470580221,2,480
2017-11-02,284.507127410871,27166450732.94827704568622208,1.48432266,95486011.12448,191.6747180905202,244.30351880356216,1.164564181491121,391.600977030976,-27.347697248373766,2,481
2017-11-03,305.85942402104,29211508197.4560120841440592,1.58976988,95506320.56198,192.39226247074203,245.593570502101,1.2453885636978574,391.600977030976,-21.895132555594664,2,482
2017-11-04,300.036860023378,28661473771.69433205726759344,1.55999076,95526508.87448,192.3324597277602,246.84429858966382,1.2154903383939917,391.600977030976,-23.38199401385948,2,483
2017-11-05,296.308627410871,28311429785.40545844674450333,1.53976049,95547099.09323,192.4381287448615,248.08550723938475,1.1943810451005281,391.600977030976,-24.33404286745876,2,484
2017-11-06,297.987309468147,28477854659.15422143125046981,1.54656164,95567340.46823,192.6772924926206,249.3287230568599,1.1951583668929728,391.600977030976,-23.905371297228434,2,485
2017-11-07,292.059068381064,27917270345.21906962706484672,1.51792884,95587753.87448,192.4062977689152,250.54629764746772,1.165689020845189,391.600977030976,-25.41921866605511,2,486
2017-11-08,309.827165692577,29621958339.31619471620951621,1.59804852,95608008.65573,193.87844725301395,251.85237019324214,1.2301935671872049,391.600977030976,-20.881922194982323,2,487
2017-11-09,319.44557685564,30548043566.4547442761500672,1.63597976,95628319.12448,195.26254826993704,253.2052441123304,1.2616072703214756,391.600977030976,-18.425745697163684,2,488
2017-11-10,299.664234365868,28662538195.04848326252437364,1.54156784,95648845.96823,194.38926175695778,254.45303899309604,1.177679919059637,391.600977030976,-23.47714843873735,2,489
2017-11-11,316.147826125073,30245630393.68000470556471204,1.61904806,95669265.74948,195.2677217778656,255.78230350655312,1.2360035146722859,391.600977030976,-19.267865845987057,2,490
2017-11-12,307.17681823495,29393589265.6529325026693885,1.57453306,95689477.59323,195.09073898705563,257.05065346372436,1.1950050081405437,391.600977030976,-21.55872016359856,2,491
2017-11-13,315.537040327294,30200018191.29642885074024462,1.60950976,95709898.78073,196.0454345597097,258.31141879665245,1.2215373280717823,391.600977030976,-19.423837315315303,2,492
2017-11-14,334.214478959673,31994334336.37991496329240754,1.68518178,95729946.93698,198.32547617484505,259.61604271103005,1.2873413964316371,391.600977030976,-14.654329646057985,2,493
2017-11-15,330.784093804793,31672723312.25041891652488264,1.66669538,95750442.37448,198.4670370927608,260.9175714543585,1.2677723924877786,391.600977030976,-15.530319583797253,2,494
2017-11-16,329.662060490941,31571954356.54058555097536693,1.65611584,95770663.78073,199.05736816751963,262.16336161888216,1.2574680857586213,391.600977030976,-15.816844229971272,2,495
2017-11-17,332.276588836937,31829116325.97639440851494901,1.66491802,95791028.90573,199.57534535960937,263.43291626343216,1.2613328415825658,391.600977030976,-15.149193100543881,2,496
2017-11-18,347.42983635301,33287725418.5225891015486223,1.73328736,95811360.84323,200.4456066379034,264.7817764066233,1.3121365113113552,391.600977030976,-11.279629844864267,2,497
2017-11-19,355.932445353594,34109641088.05767195251438112,1.76816175,95831783.62448,201.30083989973994,266.1556633796479,1.337309305516777,391.600977030976,-9.10838679408111,2,498
2017-11-20,369.559533606078,35423091358.89933444031090194,1.80501036,95852191.96823,204.74094874783881,267.5262300576928,1.3813955122321329,391.600977030976,-5.628546586377524,2,499
2017-11-21,361.197126534191,34628902565.12687587793475193,1.75923112,95872585.96823,205.31533488004183,268.8759059517913,1.3433599610035443,391.600977030976,-7.763987395358324,2,500
2017-11-22,380.819107247224,36517920365.45161357703119352,1.82212804,95893088.53073,208.99689752166046,270.3024004208036,1.4088632089628847,391.600977030976,-2.7532795922772104,2,501
2017-11-23,414.980221215664,39802178707.06479476461885472,1.95583038,95913435.56198,212.17597674071513,271.99412387106514,1.5256955382329487,414.980221215664,0.0,2,502
2017-11-24,473.450565458796,45419935972.75302746818267608,2.17756169,95933850.93698,217.42234336368952,273.914393087237,1.7284618019616451,473.450565458796,0.0,2,503
2017-11-25,466.802904734074,44791681309.27971363848928152,2.12974302,95954161.49948,219.18273723656768,275.8173236708168,1.6924350454911787,473.450565458796,-1.404087609079127,2,504
2017-11-26,472.277975452952,45326655217.81697400903996496,2.13696078,95974526.81198,221.00451251751662,277.738466681448,1.7004413580011262,473.450565458796,-0.24766894189000146,2,505
2017-11-27,477.648246639392,45851747219.63137552922151616,2.09625186,95994798.56198,227.85823390486675,279.6855087292827,1.7078047726159613,477.648246639392,0.0,2,506
2017-11-28,467.924269725307,44927799380.98896189139390286,2.04264696,96015108.18698,229.07740734860369,281.59770471209094,1.6616764337753345,477.648246639392,-2.0358029119755767,2,507
2017-11-29,429.046690531853,41203727700.74341560741528019,1.87395745,96035533.21823,228.95220514844294,283.3015217901886,1.5144524738896477,477.648246639392,-10.175177329653533,2,508
2017-11-30,438.558600233781,42126162688.09392417140965263,1.90778133,96055949.34323,229.87886155368815,285.04691478301146,1.538548840522019,477.648246639392,-8.183772615232133,2,509
2017-12-01,461.586232320281,44347555506.32283071490823513,1.99298331,96076426.03073,231.6056687500715,286.90058893552464,1.6088716793258782,477.648246639392,-3.362728625535455,2,510
2017-12-02,459.85709585038,44190717753.0202120972084274,1.97723084,96096631.21823,232.57633178045108,288.7585830503639,1.5925313491726545,477.648246639392,-3.7247390551909065,2,511
2017-12-03,464.386072764465,44635381179.2097549931662282,1.98359943,96116967.74948,234.1128282964192,290.6463531324153,1.5977701690029318,477.648246639392,-2.776556591222982,2,512
2017-12-04,466.900428404442,44886590487.81575884429412766,1.94802245,96137394.09323,239.6791825496888,292.5016781047853,1.596231623112878,477.648246639392,-2.2501533943794163,2,513
2017-12-05,458.076665400351,44047749976.98194209645828623,1.90565422,96158030.53073,240.37764070354328,294.16902044964206,1.5571886689501615,477.648246639392,-4.097488345606117,2,514
2017-12-06,434.233698714202,41764020208.35819268003636496,1.80518033,96178671.37448,240.54865405840204,295.71708505442876,1.4684092352468519,477.648246639392,-9.089230041279004,2,515
2017-12-07,431.749817066043,41534151174.54311322357640764,1.77801614,96199580.24948,242.826714197343,297.13717532619967,1.4530319761977426,477.648246639392,-9.609253231070843,2,516
2017-12-08,462.933985680888,44543513237.64822133479718824,1.89159646,96220011.09323,244.7318947091327,298.68367096572626,1.5499139413416723,477.648246639392,-3.080564214781427,2,517
2017-12-09,483.060178842782,46489990442.97075479407431586,1.95723313,96240577.21823,246.80768552225663,300.2535897994375,1.6088406442216232,483.060178842782,0.0,2,518
2017-12-10,444.877736995909,42824362285.86331073165978357,1.81033419,96260969.53073,245.74343204328974,301.5186051398145,1.47545700136686,483.060178842782,-7.904282637898823,2,519
2017-12-11,506.33839333723,48750918259.6412282890230779,2.02125099,96281299.03073,250.50743121082158,303.14684062648894,1.6702743538109175,506.33839333723,0.0,2,520
2017-12-12,683.905956165985,65861421413.9636982853921253,2.5615938,96301868.43698,266.98454538966524,305.74335467948424,2.236862864551659,683.905956165985,0.0,2,521
2017-12-13,701.59801899474,67579658806.3272567716608602,2.51660691,96322476.65573,278.78728942802593,308.4727145271026,2.2744248873690807,701.59801899474,0.0,2,522
2017-12-14,698.089197545295,67256192072.4443759930611341,2.38217166,96343264.31198,293.0473942189771,311.09707684257893,2.243959360307784,701.59801899474,-0.5001184944154347,2,523
2017-12-15,689.464290181181,66439601776.03287682492931713,2.33338023,96364094.15573,295.4787570910297,313.57499259141736,2.1987221764190257,701.59801899474,-1.7294417152067123,2,524
2017-12-16,697.827856516657,67259772658.91934850581736961,2.30404731,96384476.53073,302.8704547376056,315.92376334087965,2.208848898028938,701.59801899474,-0.5373678910161278,2,525
2017-12-17,729.331224722384,70311047969.22941300979386032,2.37258056,96404823.46823,307.3999833844985,318.4249062062596,2.290433978333215,729.331224722384,0.0,2,526
2017-12-18,787.728504091175,75957024429.7551001723429015,2.45215768,96425385.18698,321.23892786991377,321.2586172984425,2.4520073911648312,787.728504091175,0.0,2,527
2017-12-19,823.847225599065,79456783164.6686964172025487,2.48520871,96446016.56198,331.5002165749954,324.27051805535956,2.540617107406655,823.847225599065,0.0,2,528
2017-12-20,797.287250730567,76911628520.86830708837566766,2.37841653,96466647.93698,335.2176713683398,327.13541736085045,2.437178026037793,823.847225599065,-3.2238956499713596,2,529
2017-12-21,793.748969023963,76586506581.55017477078578924,2.33506681,96487062.74948,339.9255925460921,329.8768187055056,2.4061980836930976,823.847225599065,-3.653378398308729,2,530
2017-12-22,682.334545879603,65850492640.27307498418220019,2.02876516,96507634.03073,336.3299800946912,332.0482093013473,2.0549261425480436,823.847225599065,-17.17705362381482,2,531
2017-12-23,725.150860023378,69997702538.32254785837546844,2.12888138,96528469.31198,340.6253006089883,334.35194242365304,2.1688250254115427,823.847225599065,-11.97993541872032,2,532
2017-12-24,688.890793687902,66511698962.28115695313235346,2.02579537,96548973.46823,340.0594175945333,336.51148701096446,2.0471538722404925,823.847225599065,-16.38124493446327,2,533
2017-12-25,737.894633255406,71258057007.85484425677300138,2.14286317,96569420.34323,344.34986031114903,338.90909613651684,2.1772641739842027,823.847225599065,-10.433074200275193,2,534
2017-12-26,750.003065166569,72442649086.88572125504466537,2.15946117,96589804.03073,347.3102807245981,341.2669665265577,2.197701912963214,823.847225599065,-8.963331809341216,2,535
2017-12-27,740.721733489188,71561376410.96723409262724724,2.12614565,96610337.15573,348.3871076702521,343.2458152582936,2.157992029507461,823.847225599065,-10.08991588815899,2,536
2017-12-28,716.352512273524,69221695769.87922777755039252,2.05381522,96630771.28073,348.7911206897785,345.10744326969046,2.075737647054217,823.847225599065,-13.047894073731412,2,537
2017-12-29,747.100341320865,72208168789.4437880386256502,2.11193683,96651232.49948,353.7512726272523,346.89697636875536,2.153666339618622,823.847225599065,-9.31566944616377,2,538
2017-12-30,713.782832554062,69002656933.76623918011745026,2.0196486,96671779.96823,353.4193188627279,348.529632834334,2.0479831994467546,823.847225599065,-13.359806238950325,2,539
2017-12-31,742.255464932788,71770339636.17007414706832524,2.08315971,96692234.71823,356.3123179512665,350.5336769746511,2.117501152354227,823.847225599065,-9.903748914969906,2,540
2018-01-01,756.071765634132,73121861826.98926962459200136,2.10992367,96712858.68698,358.34081411776003,352.6034391138445,2.1442552220542024,823.847225599065,-8.226702458778048,2,541
2018-01-02,863.918307714787,83569772289.43491663283156076,2.33353986,96733419.74948,370.2179347880465,355.1598819909179,2.4324771786495836,863.918307714787,0.0,2,542
2018-01-03,943.648126241964,91301748705.74968248260880372,2.47650782,96754018.96823,381.0398330347142,358.0379362764059,2.6356093325078995,943.648126241964,0.0,2,543
2018-01-04,952.354543541789,92164094016.70717875992261347,2.42999826,96774982.21823,391.9157306482142,361.04703667868233,2.6377575406867195,952.354543541789,0.0,2,544
2018-01-05,958.55284628872,92783985183.9868767492273656,2.37822836,96795899.71823,403.0533242353228,364.0513941018793,2.633015178127488,958.55284628872,0.0,2,545
2018-01-06,1006.15747457627,97412995908.4398167203490896,2.41483049,96816848.62448,416.6575992571098,367.3357369072562,2.7390677614095074,1006.15747457627,0.0,2,546
2018-01-07,1102.88953652835,106801648714.763625964089633,2.55957535,96838028.81198,430.8877003868435,371.24879529470513,2.9707558664341334,1102.88953652835,0.0,2,547
2018-01-08,1134.69905990649,109905398957.3133907871511252,2.50487897,96858632.24948,452.9955632572898,375.32156077835504,3.0232717181323427,1134.69905990649,0.0,2,548
2018-01-09,1288.40687521917,124820043877.9435092106441566,2.70068497,96879368.06198,477.06670327386246,380.13363747306573,3.3893524492697904,1288.40687521917,0.0,2,549
2018-01-10,1231.76729456458,119358805137.9498370678264184,2.5234669,96900449.99948,488.12500554874737,384.7686293068325,3.201319444320683,1288.40687521917,-4.396094257487958,2,550
2018-01-11,1128.56387580362,109382082703.8791368910227426,2.31265001,96921481.40573,487.9959660664867,389.03023696032756,2.9009669906936013,1288.40687521917,-12.406251665519802,2,551
2018-01-12,1257.23113442431,121879001678.6032408683940463,2.47329286,96942398.53073,508.3227929685246,394.0412255609558,3.1906081213571498,1288.40687521917,-2.4197123901218367,2,552
2018-01-13,1380.14454091175,133823062253.42832836331964,2.60892949,96963077.62448,529.0079882196242,399.5365386590446,3.4543637624330876,1380.14454091175,0.0,2,553
2018-01-14,1361.91507568673,132084112657.9039600571979004,2.5208012,96984103.49948,540.2707185662756,404.75723274547653,3.3647702017548453,1380.14454091175,-1.3208373967104405,2,554
2018-01-15,1281.72139830508,124332765651.1279332836463584,2.35466429,97004517.37448,544.3329665924819,409.69584328493295,3.1284705942541757,1380.14454091175,-7.131364845427704,2,555
2018-01-16,1061.18708854471,102962107013.1074345544845633,2.00257414,97025404.96823,529.91151106381,413.61754433534793,2.565623975767172,1380.14454091175,-23.110438284698116,2,556
2018-01-17,1012.62289070719,98271252403.0315495621500737,1.93504998,97046248.21823,523.3058066578674,417.37456197867056,2.426172994124493,1380.14454091175,-26.62921449964713,2,557
2018-01-18,1018.76687463472,98888437696.4912401080449456,1.94857816,97066797.28073,522.825768833784,421.0357300685069,2.419668455380155,1380.14454091175,-26.184044899985402,2,558
2018-01-19,1029.93438457043,99993688613.4599947196774389,1.96457989,97087435.96823,524.2517190636773,424.80349335276753,2.424496033310975,1380.14454091175,-25.37488980030776,2,559
2018-01-20,1151.94553243717,111863353588.5846891396379841,2.16293499,97108196.90573,532.5844455626334,429.2161968412304,2.6838351882216633,1380.14454091175,-16.53442822183156,2,560
2018-01-21,1039.42323290473,100957589918.0483819956301654,1.96895811,97128471.56198,527.9052040902639,433.0820015980012,2.400061025555044,1380.14454091175,-24.687364106221295,2,561
2018-01-22,992.037435710111,96375480740.64041883207255478,1.88740313,97149036.18698,525.6097226616929,436.7089087112245,2.2716217048049727,1380.14454091175,-28.120757913171033,2,562
2018-01-23,985.212768264173,95732656223.04607015624113004,1.90039739,97169524.49948,518.4246060578798,440.43416544324964,2.236912677454671,1380.14454091175,-28.615247239733133,2,563
2018-01-24,1047.12019959088,101769716811.5455650725677424,1.98678561,97190099.90573,527.0423715173174,444.448786094889,2.35599743401554,1380.14454091175,-24.129671309707003,2,564
2018-01-25,1043.62177206312,101450929013.6253091165546776,1.9653537,97210437.46823,531.0096457767984,448.4770911813385,2.327034741761512,1380.14454091175,-24.383154001124883,2,565
2018-01-26,1040.46817066043,101165592665.3336642218115764,1.95103595,97230838.49948,533.2901070635987,452.6610940076827,2.2985588654163656,1380.14454091175,-24.611651909076375,2,566
2018-01-27,1092.768235827,106273089529.03502101705746,2.0339235,97251261.56198,537.271060503013,457.1604753232291,2.3903383927807256,1380.14454091175,-20.82218902194866,2,567
2018-01-28,1214.83129924021,118168857391.7307154026188408,2.20203835,97271824.87448,551.6848965142729,462.1327562452732,2.62874960240959,1380.14454091175,-11.977965841340858,2,568
2018-01-29,1162.00829953244,113054554928.9232172316581312,2.09811434,97292381.62448,553.8345920329776,466.9134892873553,2.4887014965149112,1380.14454091175,-15.805318567228104,2,569
2018-01-30,1051.93348831093,102366473832.0517832189564414,1.92371119,97312686.56198,546.8250607363417,471.18692255428397,2.2325184294344247,1380.14454091175,-23.780918800287214,2,570
2018-01-31,1096.25005698422,106701548450.4969716893644556,1.9863663,97333220.43698,551.8871604820421,475.81529973978957,2.303940326390785,1380.14454091175,-20.569909564688338,2,571
2018-02-01,1019.17100789012,99220136898.4581231510696376,1.86223247,97353767.06198,547.2845223722901,480.13554998653706,2.1226734990123046,1380.14454091175,-26.154762948463645,2,572
2018-02-02,912.820928696668,88885395744.25738781805660764,1.69097862,97374406.03073,539.8181372019169,483.75354633650204,1.886954494927266,1380.14454091175,-33.86048333070673,2,573
2018-02-03,960.893826125073,93585992591.60765749429071204,1.77416014,97394727.74948,541.6049005165187,487.4140771725015,1.9714117238862627,1380.14454091175,-30.37730486617814,2,574
2018-02-04,836.672457334892,81504483564.63518565283410616,1.56471305,97415043.18698,534.7130308236977,490.63918092948865,1.7052703694594111,1380.14454091175,-39.37791060766939,2,575
2018-02-05,692.76282729398,67499815077.4627826542671304,1.32925577,97435676.99948,521.1659358032955,492.98245934509646,1.4052484305715098,1380.14454091175,-49.80505253193789,2,576
2018-02-06,789.043020748101,76897022887.26372004263211248,1.51013498,97456058.62448,522.4983403457757,495.84660413195786,1.5913046780453814,1380.14454091175,-42.828957594047075,2,577
2018-02-07,754.536574810053,73549578680.73838930894464744,1.46476678,97476492.37448,515.1240355205579,498.4593681320163,1.5137373736954522,1380.14454091175,-45.32916282003393,2,578
2018-02-08,808.450633547633,78821409932.75458774525019959,1.56439845,97496874.46823,516.7805130129303,501.3588032847778,1.612519074664424,1380.14454091175,-41.42275612570587,2,579
2018-02-09,873.56737434249,85187797375.2318594363015927,1.67578142,97517146.21823,521.2895691029263,504.59806934123014,1.7312142622403643,1380.14454091175,-36.704645894161594,2,580
2018-02-10,850.714849503214,82976885951.69389972872020372,1.63324016,97537836.56198,520.8755395184588,507.8303073562506,1.675195113761544,1380.14454091175,-38.36045252613792,2,581
2018-02-11,814.783270894214,79488590465.54814555027482122,1.57282516,97557955.96823,518.0380449243411,510.89194037198996,1.5948250628126077,1380.14454091175,-40.963917420131054,2,582
2018-02-12,867.572440385739,84656371229.71952232600635322,1.68196689,97578446.81198,515.8082751472825,514.2153526518584,1.6871772418143174,1380.14454091175,-37.13901590245005,2,583
2018-02-13,840.090783752192,81991929043.12060674956886016,1.63403271,97598891.24948,514.1211547424849,517.4583659503974,1.6234944471507908,1380.14454091175,-39.13023173665478,2,584
2018-02-14,920.463681472823,89854692402.66376456839181954,1.77351687,97618943.81198,519.0047509797993,521.0307098180333,1.7666207847792488,1380.14454091175,-33.30671866696317,2,585
2018-02-15,929.869215663355,90792009305.77429759231833665,1.78728914,97639547.34323,520.2679269138036,524.6961963205698,1.7722049867791296,1380.14454091175,-32.6252295973967,2,586
2018-02-16,939.339457334892,91735820453.35370937612448116,1.80307119,97659924.46823,520.9663725672929,528.3890895091993,1.777741963232831,1380.14454091175,-31.939052070999296,2,587
2018-02-17,975.231806253653,95261104088.51806853319044419,1.8610655,97680472.96823,524.017991980214,532.1365708669696,1.8326720237716083,1380.14454091175,-29.338429610467028,2,588
2018-02-18,915.310905610754,89426625174.53333093728053292,1.7479162,97700819.06198,523.6583456408001,535.6252020743103,1.708864523301067,1380.14454091175,-33.68006911753735,2,589
2018-02-19,937.840183226184,91646911663.54840357144188432,1.80155775,97721246.43698,520.5718124918194,539.1942584989553,1.7393363680040022,1380.14454091175,-32.04768374429618,2,590
2018-02-20,885.553141145529,86555428498.61068624518807492,1.70907954,97741653.74948,518.1462421260563,542.5146687336309,1.6323118842346482,1380.14454091175,-35.83620302837878,2,591
2018-02-21,840.667042957335,82185564091.9882065083693733,1.62879796,97762324.31198,516.1272690673894,545.4733056177541,1.5411699056570163,1380.14454091175,-39.08847819649569,2,592
2018-02-22,807.076898889538,78918180399.57760759657825274,1.57724792,97782727.40573,511.6994536214307,548.1785343825175,1.472288402898976,1380.14454091175,-41.52229169008867,2,593
2018-02-23,855.767194038574,83696931263.43636352598262902,1.66793511,97803388.40573,513.0698364150235,551.1091400834819,1.552808929840907,1380.14454091175,-37.9943789457561,2,594
2018-02-24,834.00284628872,81585386457.6080583572123656,1.6221155,97823870.53073,514.145168015915,553.8065441373451,1.5059461740161122,1380.14454091175,-39.57134042368043,2,595
2018-02-25,842.311720046756,82415223480.64918366300443688,1.6407222,97844089.68698,513.3786329256446,556.5339585624706,1.5134956404501363,1380.14454091175,-38.96931117879083,2,596
2018-02-26,865.863039158387,84737188455.53777890211263876,1.68393239,97864424.99948,514.191094785217,559.3560867023128,1.5479639173376798,1380.14454091175,-37.262872583883045,2,597
2018-02-27,875.052981881941,85654419153.71245688949414068,1.69821627,97884837.74948,515.2777048131455,562.1820270990867,1.5565296286636885,1380.14454091175,-36.597004448254076,2,598
2018-02-28,851.323646405611,83349187983.20728794184470728,1.65428102,97905406.87448,514.6185177205329,564.8923747248771,1.5070545903903134,1380.14454091175,-38.31634142876004,2,599
2018-03-01,869.302266803039,85127114729.40109434682338847,1.68500825,97925794.03073,515.9038638552892,567.753670507193,1.531125753932093,1380.14454091175,-37.01367928979662,2,600
2018-03-02,855.352857685564,83778792158.91572258751950672,1.65884301,97946468.99948,515.6321921539544,570.5309365177627,1.4992225713582032,1380.14454091175,-38.02440017474536,2,601
2018-03-03,854.387569549971,83701705698.64095088296945258,1.65748506,97966904.81198,515.4722598525087,573.3716819099369,1.4901112079758676,1380.14454091175,-38.094341264752885,2,602
2018-03-04,861.13072238457,84379723815.9203759091634611,1.66925161,97987125.09323,515.8783236905609,576.1744280438616,1.4945660211060532,1380.14454091175,-37.60575817546686,2,603
2018-03-05,851.608753068381,83463995978.24153347415766063,1.65108944,98007442.59323,515.7859607341326,578.9248429149953,1.4710178073899385,1380.14454091175,-38.29568368934808,2,604
2018-03-06,812.346192869667,79632582119.14806579654564816,1.58017196,98027888.62448,514.0872091349268,581.5237192280667,1.3969270143408792,1380.14454091175,-41.14049878188733,2,605
2018-03-07,751.754232028054,73708379000.24465607439578692,1.47476601,98048505.56198,509.7447506455984,583.8124584801444,1.287663908346727,1380.14454091175,-45.53076074688302,2,606
2018-03-08,699.337428988895,68583186061.62110873691561835,1.38262832,98068805.15573,505.80291092901604,585.8194119728913,1.1937764688160533,1380.14454091175,-49.3286820142114,2,607
2018-03-09,725.310906779661,71145152249.35798735450542003,1.44035658,98089180.21823,503.5634348125525,587.844626402114,1.2338479832994398,1380.14454091175,-47.44674305631013,2,608
2018-03-10,684.880582115722,67193388210.10851350203232456,1.37004051,98109641.24948,499.8980520041134,589.6956936109246,1.1614135723494012,1380.14454091175,-50.376169900054336,2,609
2018-03-11,718.054689655172,70462831502.36938561096256056,1.43619107,98130173.81198,499.9715599507049,591.6964096786963,1.2135525548398896,1380.14454091175,-47.97250082365929,2,610
2018-03-12,696.739231151374,68385327770.07929632136078552,1.39843978,98150534.24948,498.2261239389043,593.5580824419021,1.1738349653752231,1380.14454091175,-49.5169375019884,2,611
2018-03-13,689.902102571596,67728321273.18302298714927008,1.38992827,98170915.87448,496.3580621117923,595.3564438250464,1.1588051321643762,1380.14454091175,-50.01232971469543,2,612
2018-03-14,612.332631502046,60125752982.53067128129812358,1.24845781,98191325.90573,490.47122505649276,596.7559438805696,1.0261022747761583,1380.14454091175,-55.632717200944235,2,613
2018-03-15,611.166275862069,60023753325.16009563006281787,1.25508563,98211821.71823,486.951855119295,598.0859782871446,1.021870262888264,1380.14454091175,-55.71722687405474,2,614
2018-03-16,604.484301870251,59379916608.49186606791384448,1.24651026,98232355.12448,484.94129672887817,599.3718390517969,1.0085297014062957,1380.14454091175,-56.20137717815288,2,615
2018-03-17,550.865004091175,54124011996.867822411447589,1.15055511,98252768.99948,478.7819369131958,600.2598117036817,0.9177109534081378,1380.14454091175,-60.086426619688474,2,616
2018-03-18,538.26132817066,52896610439.3321807073375068,1.12510162,98273102.06198,478.41129956835374,601.0256365312679,0.8955713291651868,1380.14454091175,-60.999640819136644,2,617
2018-03-19,550.138212741087,54074961984.42542280005966601,1.15480117,98293411.96823,476.39215046958,601.833182679427,0.9141041547290758,1380.14454091175,-60.139087143897605,2,618
2018-03-20,555.636667153711,54626764547.20707146350328903,1.16932635,98313822.28073,475.1767264576832,602.6533611300406,0.9219838517316684,1380.14454091175,-59.74069014636346,2,619
2018-03-21,557.397838983051,54811222955.15941865350900098,1.17931911,98334114.56198,472.64377746159903,603.6948462387488,0.9233105805952361,1380.14454091175,-59.61308236492221,2,620
2018-03-22,539.114045295149,53024347273.09744354477749127,1.14537471,98354601.84323,470.687924736132,604.6260465207476,0.8916487279987687,1380.14454091175,-60.93785619446786,2,621
2018-03-23,537.592859731151,52885609158.54678243019877023,1.14464095,98374835.53073,469.6606911810651,605.747712771186,0.8874864046481679,1380.14454091175,-61.048075488092955,2,622
2018-03-24,525.082402980713,51665672185.54106149416099799,1.12052195,98395360.21823,468.6051915187498,606.7647557875507,0.8653805251084202,1380.14454091175,-61.95453538266119,2,623
2018-03-25,522.222801870251,51394917526.39764980722556323,1.1166913,98415690.28073,467.6518943688834,607.6837465414958,0.8593660844845238,1380.14454091175,-62.16173115279211,2,624
2018-03-26,489.817600526008,48215745480.84748293608397584,1.05456042,98436122.81198,464.4756158457075,608.4507640488014,0.805024218010057,1380.14454091175,-64.50968822421854,2,625
2018-03-27,450.549594389246,44359486903.12765116012815458,0.98763844,98456390.71823,456.1887996069148,609.1534359585033,0.7396323615581449,1380.14454091175,-67.35489790862019,2,626
2018-03-28,445.458083576856,43867261672.81757954518078488,0.98245777,98476744.03073,453.41194011510134,609.8545590078896,0.7304333090524509,1380.14454091175,-67.72380932778404,2,627
2018-03-29,385.35647019287,37956512542.5585482651012701,0.8611093,98497146.09323,447.5116807969325,610.2746978316769,0.6314475621585695,1380.14454091175,-72.07854258958297,2,628
2018-03-30,392.467127703098,38664934990.18559115004357654,0.88138377,98517639.46823,445.2851766298102,610.7469858606074,0.6426018249604132,1380.14454091175,-71.56333151571019,2,629
2018-03-31,394.512378141438,38874500291.61880352036582724,0.88914572,98538100.31198,443.6982254623438,611.2499083956747,0.6454191202693187,1380.14454091175,-71.41514048370503,2,630
2018-04-01,378.066090298071,37261553155.70388138084719058,0.85535842,98558305.31198,441.9972744268666,611.7554519243129,0.6180019959100354,1380.14454091175,-72.60677566073527,2,631
2018-04-02,383.397693746347,37794873285.81341518476208706,0.87189648,98578770.56198,439.72845692225644,612.5457558533018,0.6259086608350718,1380.14454091175,-72.22046804655207,2,632
2018-04-03,415.214929865576,40939843368.86612754412615048,0.94609593,98599160.15573,438.8719121385249,613.3273292635881,0.676987491107102,1380.14454091175,-69.91511268875672,2,633
2018-04-04,378.529877264757,37330412030.37448351242404511,0.86884248,98619459.84323,435.6714663223614,613.9440561718288,0.6165543480053094,1380.14454091175,-72.57317142922632,2,634
2018-04-05,382.700794272355,37749629021.8481534240121254,0.88227321,98640059.24948,433.76676287422913,614.5595837185851,0.6227236616451476,1380.14454091175,-72.27096271963403,2,635
2018-04-06,369.936752776154,36498142130.06954059036289992,0.85728562,98660492.24948,431.52100553856724,614.9263173334302,0.6015952519000157,1380.14454091175,-73.19579639595092,2,636
2018-04-07,384.50724956166,37943461940.5724008573429368,0.89080189,98680745.24948,431.6417083058277,615.4254223787253,0.6247828503337954,1380.14454091175,-72.1400738717086,2,637
2018-04-08,399.415550847458,39422755561.08808886354700934,0.92412917,98701103.34323,432.20749199752885,615.9985803828166,0.6484033625519696,1380.14454091175,-71.05987532410218,2,638
2018-04-09,396.165397136178,39110002723.29465742622812494,0.91921794,98721400.21823,430.9809239973906,616.6858230917587,0.642410417593192,1380.14454091175,-71.29536904341458,2,639
2018-04-10,413.452699298656,40825118603.39807380758269888,0.96085422,98741932.68698,430.2970114432718,617.4351239918171,0.6696293800482518,1380.14454091175,-70.04279718227765,2,640
2018-04-11,429.797426651081,42447727254.96742480045690663,0.99965056,98762171.71823,429.9476675640346,618.158617111338,0.6952866380145748,1380.14454091175,-68.85852069036562,2,641
2018-04-12,493.565206604325,48755541073.5929997322079385,1.139628,98782370.43698,433.0932607871385,619.2028896113379,0.7970977120506118,1380.14454091175,-64.23815100712088,2,642
2018-04-13,496.317744301578,49037683873.61261949075911694,1.1449447,98803003.59323,433.48621492512086,620.2114474371708,0.8002395737009617,1380.14454091175,-64.03871264282937,2,643
2018-04-14,503.221350964348,49730039822.41496339721853904,1.16039066,98823389.99948,433.6654613924142,621.2831875745173,0.8099709778545893,1380.14454091175,-63.538503682236765,2,644
2018-04-15,531.263950029223,52512140617.57891410300649154,1.22107196,98843786.81198,435.07996861153293,622.3875728711275,0.853590227675107,1380.14454091175,-61.506644102779276,2,645
2018-04-16,510.983758328463,50518088448.91876490472754299,1.17579392,98864372.15573,434.586154628579,623.430121664231,0.8196327712950486,1380.14454091175,-62.976069304241335,2,646
2018-04-17,502.126641437756,49652671564.88728617386924188,1.15609887,98884758.28073,434.3284596738306,624.4833356969605,0.8040673189098839,1380.14454091175,-63.61782215172611,2,647
2018-04-18,524.994593804793,51924595435.09342512935303889,1.20593937,98905009.78073,435.3407864980749,625.6000407919341,0.839185677066474,1380.14454091175,-61.96089770003572,2,648
2018-04-19,566.582526300409,56049555138.98076134096472482,1.29384483,98925668.43698,437.9060866985178,626.9183473465805,0.9037580869956323,1380.14454091175,-58.94759501594567,2,649
2018-04-20,616.317340736412,60982148654.40819358754631576,1.39707226,98946021.18698,441.14922211426057,628.5180183942135,0.9805881815624431,1380.14454091175,-55.344000395113625,2,650
2018-04-21,605.396331092928,59913992797.53920206186167744,1.37040878,98966560.78073,441.76331903895715,630.0868645397424,0.9608140800318858,1380.14454091175,-56.135295025476715,2,651
2018-04-22,621.139101402688,61484703315.09276009768060224,1.40354047,98987011.40573,442.5516147765144,631.7317943907067,0.9832322940176929,1380.14454091175,-54.99463404084101,2,652
2018-04-23,642.581729398013,63620404247.62573083652256449,1.43334673,99007490.15573,448.3086443417728,633.469181708065,1.0143851476174062,1380.14454091175,-53.44098314706146,2,653
2018-04-24,705.007020455874,69815337159.26743528713875802,1.55790945,99027860.90573,452.53401631004556,635.457388641145,1.1094481440580195,1380.14454091175,-48.91788507962124,2,654
2018-04-25,614.546471654004,60869873799.18024851921654292,1.36282871,99048447.28073,450.93449172640635,636.9724233606073,0.9647929001568293,1380.14454091175,-55.47231080245967,2,655
2018-04-26,661.796761835184,65563708805.73387056114670432,1.45887021,99069249.93698,453.6364902777637,638.737351130917,1.036101553578226,1380.14454091175,-52.04873531594101,2,656
2018-04-27,648.91000087668,64300245299.3402672241628764,1.43096882,99089619.84323,453.47598899931313,640.501051523962,1.013128704992303,1380.14454091175,-52.98246077559401,2,657
2018-04-28,682.535550555231,67646021864.54618396358443613,1.49954035,99109887.84323,455.1631775398581,642.4247004997072,1.0624366560381686,1380.14454091175,-50.546081926728135,2,658
2018-04-29,688.306110169492,68232210482.60166044190373916,1.5097924,99130618.59323,455.8945389905871,644.3560449225592,1.0682077332761186,1380.14454091175,-50.127969225978056,2,659
2018-04-30,667.063407656341,66140114956.55290532127389018,1.46345418,99151166.43698,455.81434442747025,646.1777501709521,1.0323218456219878,1380.14454091175,-51.66713428322035,2,660
2018-05-01,671.531682349503,66596881902.61067702438460219,1.47164055,99171615.65573,456.3150168358048,647.8548139056102,1.03654656558181,1380.14454091175,-51.34338017191473,2,661
2018-05-02,686.611843366452,68106732699.19037020329719496,1.49815735,99192481.68698,458.3042250978857,649.5916735929276,1.056989908089129,1380.14454091175,-50.25072932485296,2,662
2018-05-03,778.377544126242,77225247395.72132781715491666,1.67700609,99213097.78073,464.14711834841466,651.8070967796605,1.1941839049803533,1380.14454091175,-43.60173727803677,2,663
2018-05-04,783.391213617767,77738801109.75263522025616741,1.67844175,99233690.34323,466.7372064700888,654.0521176724133,1.1977504428938095,1380.14454091175,-43.23846594355663,2,664
2018-05-05,811.356392168323,80530696454.28939899408934704,1.72826208,99254405.62448,469.4637471698292,656.5305300818228,1.2358243143197079,1380.14454091175,-41.212215958748395,2,665
2018-05-06,784.875179719462,77918506987.96949717417269226,1.6723889,99275029.96823,469.3137940101504,658.888441382232,1.1912110312224207,1380.14454091175,-43.1309434299571,2,666
2018-05-07,747.835312098188,74256868775.13111431541831724,1.59606162,99295750.78073,468.5504010165899,661.0858119959081,1.1312227528229222,1380.14454091175,-45.814710711085844,2,667
2018-05-08,751.6712314436,74653075460.418375914236828,1.60177919,99316126.96823,469.2726913524205,663.3236439333715,1.1331892633682492,1380.14454091175,-45.53677465209321,2,668
2018-05-09,748.334789596727,74337075823.85339855819660821,1.5942497,99336656.34323,469.39622419043076,665.5654954354171,1.1243593526541842,1380.14454091175,-45.778520480009824,2,669
2018-05-10,725.943168907072,72127622001.44535442450432256,1.54828574,99357119.24948,468.86898855444605,667.720898863237,1.0871955185811253,1380.14454091175,-47.4009317583867,2,670
2018-05-11,679.532485680888,67530432009.26948890638868824,1.45987902,99377783.15573,465.4717797649342,669.6921999196369,1.0146937440251387,1380.14454091175,-50.763672533024994,2,671
2018-05-12,685.777640268849,68165196147.76836823077079227,1.47253925,99398394.09323,465.7109413340589,671.6350813953821,1.0210569091240507,1380.14454091175,-50.311172493874366,2,672
2018-05-13,731.426734365868,72717595029.55424721537862364,1.56509105,99418836.65573,467.33813624828286,673.8023951943302,1.085521125455362,1380.14454091175,-47.00361355755728,2,673
2018-05-14,726.421808883694,72234826147.44848656915622912,1.5542795,99439231.12448,467.36884124360773,675.953820607831,1.0746618877462386,1380.14454091175,-47.3662513345301,2,674
2018-05-15,706.471170660433,70265478866.63607177314107484,1.51381273,99459796.49948,466.6833331890617,678.0007965619515,1.041991652875411,1380.14454091175,-48.811798350213046,2,675
2018-05-16,705.390606954997,70172420855.39835205884524531,1.51221319,99480231.46823,466.4624086204386,680.0524469754522,1.037259126251566,1380.14454091175,-48.89009186755161,2,676
2018-05-17,668.044736995909,66471039961.66444775707975232,1.43971798,99500881.12448,464.0108314795853,681.8709863763873,0.9797230712895498,1380.14454091175,-51.59603090886511,2,677
2018-05-18,693.651683810637,69033309266.08972866722581251,1.49222575,99521576.71823,464.8436631056909,683.8084605610746,1.0143947081928262,1380.14454091175,-49.74064938499866,2,678
2018-05-19,693.809580654588,69063391771.74293311259523924,1.49231142,99542286.09323,464.9227844511087,685.7537145134415,1.0117474626395022,1380.14454091175,-49.729208782998626,2,679
2018-05-20,713.591691408533,71047289543.30276345206959409,1.53178592,99562943.90573,465.85601949424705,687.8690723144351,1.037394644023681,1380.14454091175,-48.29587262381079,2,680
2018-05-21,697.845526008182,69494006578.39235564878762036,1.49812325,99583652.81198,465.8131605715231,689.9357643074217,1.0114644900437948,1380.14454091175,-49.43677960373833,2,681
2018-05-22,643.667876680304,64112011370.58203311499824192,1.3897053,99604180.49948,463.1686132882303,691.624806570718,0.930660483205918,1380.14454091175,-53.36228506507843,2,682
2018-05-23,578.229988603156,57606202909.69106768836010888,1.26280432,99625069.68698,457.8935781619404,693.0157722136167,0.8343677182933162,1380.14454091175,-58.103664401616506,2,683
2018-05-24,600.610572764465,59848092835.55059969913107195,1.31637511,99645420.09323,456.26096102991875,694.5372819403847,0.8647636179968495,1380.14454091175,-56.48205278791379,2,684
2018-05-25,578.594272939801,57666215319.19862999957536598,1.27263401,99666066.56198,454.64310115348957,695.940316757743,0.8313849032850469,1380.14454091175,-58.07726975048784,2,685
2018-05-26,584.287411455289,58245730404.84228402175209347,1.28586339,99686779.59323,454.39306850107073,697.4014584731142,0.837806408857423,1380.14454091175,-57.66476668673432,2,686
2018-05-27,570.388842781999,56871875725.93627609098857927,1.26009992,99707202.28073,452.6536616096278,698.7042668585614,0.8163523107516141,1380.14454091175,-58.671803867355145,2,687
2018-05-28,513.597075102279,51219944809.59917026639450242,1.1416378,99727874.81198,449.87742618742914,699.6750243497944,0.734050891096996,1380.14454091175,-62.786718356108786,2,688
2018-05-29,563.903260958504,56248518064.83623098211707792,1.25264302,99748524.18698,450.1707605080528,700.9962194827576,0.8044312441151108,1380.14454091175,-59.141724345337146,2,689
2018-05-30,556.762384570427,55547739838.44974470100215921,1.23976503,99769203.84323,449.08702140955455,702.1992922749845,0.7928837164825798,1380.14454091175,-59.65912496363467,2,690
2018-05-31,575.469864699006,57426107819.63130024651270438,1.28068553,99789947.90573,449.34517585984287,703.5407575073046,0.8179623690003932,1380.14454091175,-58.30365243347341,2,691
2018-06-01,578.827563997662,57773072953.47110545004009076,1.28793241,99810507.56198,449.42386689194507,704.8572101256564,0.8211983302185036,1380.14454091175,-58.060366371823825,2,692
2018-06-02,591.811959088253,59081309627.14491033882342094,1.31497844,99831219.56198,450.05449601763286,706.1451975262993,0.8380882022018027,1380.14454091175,-57.11956671601289,2,693
2018-06-03,618.232842781999,61731602955.46365395661164177,1.37031158,99851704.21823,451.16224062121626,707.5824412711852,0.8737255289593281,1380.14454091175,-55.20521043588793,2,694
2018-06-04,589.882670660433,58913062573.81122670345448109,1.3105608,99872509.40573,450.0994312209193,708.8835443220327,0.8321291633657392,1380.14454091175,-57.259355583818405,2,695
2018-06-05,607.180310344827,60652973637.24952664625843996,1.34684862,99892853.24948,450.8155566472103,710.258062929572,0.854872816002138,1380.14454091175,-56.00603470534238,2,696
2018-06-06,605.429444769141,60490562172.36741628736601543,1.34285375,99913479.09323,450.8528533126866,711.5480609716527,0.8508623352052963,1380.14454091175,-56.132895735023325,2,697
2018-06-07,602.159334015196,60176361051.62577106710672308,1.33702395,99934282.59323,450.3728852539971,712.7791954149607,0.8448048678870814,1380.14454091175,-56.36983546539278,2,698
2018-06-08,600.128180596143,59985796781.61273962951934939,1.3313574,99954974.15573,450.76414537234183,713.932038649911,0.8405956703260187,1380.14454091175,-56.51700508124411,2,699
2018-06-09,595.953623319696,59580934257.19203281823275808,1.31920168,99975789.93698,451.75323254568326,715.1058211338385,0.8333782297769297,1380.14454091175,-56.819477550808,2,700
2018-06-10,521.276917299825,52125734660.685048472519716,1.1617924,99996245.62448,448.6833596947485,715.8081101841016,0.7282355562662676,1380.14454091175,-62.230266334607286,2,701
2018-06-11,529.37152893045,52946184119.9390227936452285,1.18501233,100017060.28073,446.72238045864896,716.3800667226755,0.7389534599311792,1380.14454091175,-61.643761704789476,2,702
2018-06-12,489.836085330216,49002051611.44107352992153768,1.10629446,100037651.53073,442.77188672735105,716.4619943220325,0.6836874659258568,1380.14454091175,-64.50834888593474,2,703
2018-06-13,474.450975160725,47472702348.6476322178648605,1.07849175,100058182.68698,439.9208201274836,716.5002346741659,0.662178394646982,1380.14454091175,-65.62309518340061,2,704
2018-06-14,517.722229105786,51812954965.54539670730799128,1.17313082,100078675.49948,441.31670592865856,716.7274559424301,0.7223418397234823,1380.14454091175,-62.48782545893572,2,705
2018-06-15,486.499246347165,48698186727.9802895113010367,1.108696,100099202.81198,438.80310413960643,716.7717109409691,0.6787366729477853,1380.14454091175,-64.75012348882137,2,706
2018-06-16,497.322004675628,49791769790.27211515608892344,1.13335781,100119780.18698,438.8040566602952,716.9186996157207,0.6936937269765737,1380.14454091175,-63.9659477733334,2,707
2018-06-17,495.830741087084,49652590864.41196188605884132,1.13084684,100140202.59323,438.45967778190374,717.2526198684968,0.6912916416784801,1380.14454091175,-64.07399903494682,2,708
2018-06-18,516.850604032729,51768180559.41840180402469967,1.1780153,100160820.46823,438.746936506452,717.6440798874916,0.7202046509096238,1380.14454091175,-62.5509800813118,2,709
2018-06-19,537.07477936879,53804847663.9867943851391667,1.22191667,100181296.40573,439.5347019603146,718.0215226227341,0.7479925913738691,1380.14454091175,-61.08561361160129,2,710
2018-06-20,535.268937755699,53634957063.33215289581544277,1.21750926,100201885.96823,439.6426009570548,718.3985818322607,0.7450862951183821,1380.14454091175,-61.21645799489306,2,711
2018-06-21,525.611178258329,52677984169.55010820532663767,1.19710454,100222343.71823,439.06873685261354,718.7047073597299,0.7313312030322452,1380.14454091175,-61.91622234645799,2,712
2018-06-22,462.967082700175,46409205552.66851670621544025,1.0638575,100242991.96823,435.17772135852323,718.6850406312085,0.6441863354962267,1380.14454091175,-66.45517415195295,2,713
2018-06-23,475.24524050263,47649818254.7242951793045699,1.09176427,100263641.15573,435.30023244177977,718.77088350672,0.661191558266824,1380.14454091175,-65.56554575155775,2,714
2018-06-24,454.388768264173,45567922299.19120842764581754,1.04817453,100283997.93698,433.5048746740421,718.8716588544698,0.632086079159452,1380.14454091175,-67.07672603885423,2,715
2018-06-25,459.194290181181,46059269148.34713906214072338,1.0628783,100304533.68698,432.0290386784461,719.0088812200456,0.6386489821961588,1380.14454091175,-66.72853628230646,2,716
2018-06-26,432.493081531268,43389943766.31902252105274064,1.00675517,100325174.24948,429.5911204819222,718.8566766992974,0.6016402094463439,1380.14454091175,-68.6632038376535,2,717
2018-06-27,441.675166861485,44320230443.43869457546749655,1.03004605,100345760.34323,428.7916708786807,718.6497516393908,0.6145903005656529,1380.14454091175,-67.99790501872319,2,718
2018-06-28,419.791454120397,42132849861.96094061458554981,0.98368254,100366144.78073,426.75501195781817,718.5243202250134,0.5842411207305203,1380.14454091175,-69.58351522782718,2,719
2018-06-29,436.736421098773,43842449566.66938691634523179,1.02454718,100386520.21823,426.27263011818843,718.1763103638211,0.6081186677927689,1380.14454091175,-68.3557476660918,2,720
2018-06-30,451.723416715371,45356265518.81560200322144458,1.05897491,100407160.31198,426.566684866378,717.015397666568,0.6300051828530395,1380.14454091175,-67.26984722796108,2,721
2018-07-01,451.798441554646,45373027563.71401590266464658,1.05943096,100427587.59323,426.4538781787593,715.7663997793676,0.6312093466442561,1380.14454091175,-67.26441121477181,2,722
2018-07-02,475.989448568089,47812309224.21053913413674997,1.11439496,100448254.40573,427.12814186461236,714.6559010344816,0.6660400451169336,1380.14454091175,-65.51162327870085,2,723
2018-07-03,461.751690239626,46391613627.82932052979089448,1.08587639,100468746.74948,425.23411917964813,713.5173380347738,0.6471485213119266,1380.14454091175,-66.5432368457159,2,724
2018-07-04,465.729150204559,46800758496.57746527185228557,1.09527063,100489218.84323,425.2183318423859,712.3568445032133,0.6537863063972542,1380.14454091175,-66.25504529424944,2,725
2018-07-05,467.058666277031,46943896931.98774013549685013,1.10437233,100509636.84323,422.9177548092237,711.0454817109867,0.6568618721170256,1380.14454091175,-66.15871363962479,2,726
2018-07-06,468.512964640561,47099635611.31113075604762703,1.10842193,100530058.21823,422.6846762591219,709.4494040137336,0.6603895386900508,1380.14454091175,-66.05334073697439,2,727
2018-07-07,480.533474868498,48317919426.99296714622163104,1.13642762,100550579.62448,422.84564930628665,707.7328352600806,0.678975809695066,1380.14454091175,-65.18238049537564,2,728
2018-07-08,486.132053769725,48890784166.462435294767868,1.14993373,100570994.62448,422.74788632361015,706.1770592752764,0.6883996688714648,1380.14454091175,-64.77672885996587,2,729
2018-07-09,471.721562536528,47451247795.12014177410950544,1.11767572,100591644.65573,422.0558379281318,704.5669222428392,0.6695198818515388,1380.14454091175,-65.82085799325775,2,730
2018-07-10,433.128439216832,43577920082.81400283109724736,1.03375057,100612003.59323,418.9873764392043,703.3208917095254,0.6158333192179878,1380.14454091175,-68.61716824741421,2,731
2018-07-11,446.347075394506,44917101639.72005974256766938,1.06592173,100632678.28073,418.7428240106392,701.9268727863812,0.6358882850896973,1380.14454091175,-67.65939637745186,2,732
2018-07-12,423.881741963764,42665048968.09081061026621772,1.01629152,100653188.71823,417.0867645966032,700.6018275277605,0.6050251730851618,1380.14454091175,-69.28714859939673,2,733
2018-07-13,431.35368264173,43425877299.2002317667647379,1.03581228,100673482.21823,416.4400161791189,699.0691227746921,0.617040101742205,1380.14454091175,-68.74576032762702,2,734
2018-07-14,433.919185856225,43693029766.79499375645554425,1.04277989,100693933.78073,416.1177157494138,697.4887033781404,0.6221164353696746,1380.14454091175,-68.55987376731066,2,735
2018-07-15,448.72806779661,45193443807.6552354361785753,1.07783434,100714546.40573,416.32378107066995,696.0287350496775,0.6446976183599418,1380.14454091175,-67.48687876559859,2,736
2018-07-16,477.365285797779,48087356366.61825905122431117,1.1447682,100734925.21823,416.99733255848565,694.8337989172987,0.6870208192831398,1380.14454091175,-65.41193537001404,2,737
2018-07-17,499.438759789597,50321283885.28509911574231581,1.19509655,100755664.03073,417.9066200045487,693.5954910096424,0.7200720971564877,1380.14454091175,-63.81257578574645,2,738
2018-07-18,479.001641145529,48271866199.47807577567691867,1.14760033,100775993.34323,417.39412984094304,692.4215850525997,0.691777453917965,1380.14454091175,-65.29337131391388,2,739
2018-07-19,468.405446814728,47213593976.89019146144759144,1.12358728,100796423.90573,416.8838995887601,691.0523349620094,0.6778147227307736,1380.14454091175,-66.06113106781625,2,740
2018-07-20,447.55797194623,45121276908.4552559321413979,1.07805741,100816608.65573,415.15226164646464,689.5097659935698,0.6490959142562802,1380.14454091175,-67.57165944006381,2,741
2018-07-21,461.986799532437,46585445339.98165820247032026,1.11213988,100837178.43698,415.4035008010297,687.500108452658,0.6719806933154104,1380.14454091175,-66.52620172469474,2,742
2018-07-22,457.135277907656,46105726387.93323343227526888,1.10153969,100857948.65573,414.99664701837116,685.0675442109865,0.6672849732418032,1380.14454091175,-66.87772444430612,2,743
2018-07-23,448.955673290473,45289922851.03101625650279779,1.08408943,100878384.09323,414.13158441225005,682.5505498597299,0.6577617927093272,1380.14454091175,-67.47038734117774,2,744
2018-07-24,478.036987726476,48233429465.21487824267773248,1.15058252,100898948.62448,415.4738833738549,680.1479705669188,0.7028426289767817,1380.14454091175,-65.36326641478612,2,745
2018-07-25,472.696508474576,47704398423.22361324414422048,1.13801665,100919718.18698,415.36871053211394,677.4806657364104,0.6977269350716638,1380.14454091175,-65.75021713578612,2,746
2018-07-26,463.433338690824,46779027058.19175882315352152,1.11816576,100940142.09323,414.458531345857,674.2833847472227,0.6872975801777426,1380.14454091175,-66.42139102440161,2,747
2018-07-27,469.311792811221,47382026382.51695303661022758,1.13261639,100960655.81198,414.36076411645524,670.9564484117464,0.6994668490364043,1380.14454091175,-65.99546069999417,2,748
2018-07-28,467.32178842782,47190666788.7849380350800336,1.12820618,100981096.87448,414.21665357995107,666.8510229777897,0.700788890359676,1380.14454091175,-66.13964881394972,2,749
2018-07-29,466.918763588545,47159537595.99040984019411285,1.12755782,101001590.15573,414.09740175323776,663.0267803229094,0.7042230833589327,1380.14454091175,-66.16885045387423,2,750
2018-07-30,455.8956735827,46055495044.406301162155746,1.10268067,101022005.06198,413.4430628793919,659.663439311805,0.6911034421709258,1380.14454091175,-66.96754143725218,2,751
2018-07-31,431.798523670368,43630045372.65395179750140864,1.05001895,101042599.68698,411.22926750071326,655.5362762580354,0.6586950857017123,1380.14454091175,-68.71352884639795,2,752
2018-08-01,419.019926651081,42347422383.06266435371521913,1.0212763,101063027.53073,410.2904636591303,650.7306531867321,0.6439222197372652,1380.14454091175,-69.63941716030203,2,753
2018-08-02,410.974208357686,41542743561.88519419276119078,1.00619777,101083578.28073,408.4427739863566,645.9759488500869,0.6362066716094746,1380.14454091175,-70.22237916572213,2,754
2018-08-03,417.253495616598,42186037098.80315116514543154,1.02234641,101104095.09323,408.133184148999,641.6536093366444,0.6502784205452593,1380.14454091175,-69.7674060036529,2,755
2018-08-04,406.419219462303,41099020587.99836370963119619,0.99749273,101124697.40573,407.4407835155882,638.3797699912324,0.6366417586633186,1380.14454091175,-70.55241625679187,2,756
2018-08-05,408.949922852133,41363332727.18008540279126584,1.00389694,101145226.87448,407.3624558036137,635.3614051519571,0.6436492987079155,1380.14454091175,-70.36905115880306,2,757
2018-08-06,405.378087375804,41010332511.01246482467583192,0.99738708,101165637.18698,406.44008279694583,632.2944612156625,0.6411223128483771,1380.14454091175,-70.62785270968769,2,758
2018-08-07,378.559632086499,38304948370.97457587602952052,0.94355719,101186035.49948,401.20475589455157,629.0375874532428,0.6018076497132022,1380.14454091175,-72.57101550853396,2,759
2018-08-08,354.369194330801,35864499353.74480368614248348,0.88861832,101206594.49948,398.78673031499176,625.0497057627111,0.5669456221859752,1380.14454091175,-74.32376219836381,2,760
2018-08-09,365.001145821157,36948015244.23738985845924836,0.91739158,101227121.24948,397.86842802847286,621.6775953272933,0.5871228890418605,1380.14454091175,-73.55341161730567,2,761
2018-08-10,330.642003798948,33476698060.50405404372404704,0.83710084,101247565.87448,394.98467568011046,618.3706181677375,0.5346987616886723,1380.14454091175,-76.04294376438865,2,762
2018-08-11,322.902082700175,32699713498.385159602433409,0.82126865,101268202.49948,393.1747336272668,615.0590647399174,0.5249936164044939,1380.14454091175,-76.60374887351583,2,763
2018-08-12,317.954640561075,32205166058.066009513398866,0.81116825,101288554.87448,391.97125942870053,611.4132369447684,0.5200323142329959,1380.14454091175,-76.96222162708929,2,764
2018-08-13,284.391617767387,28811417224.47429003441967751,0.73508766,101308953.65573,386.8812296038094,607.6170861732897,0.46804414200801414,1380.14454091175,-79.39407001678879,2,765
2018-08-14,276.242141729982,27991419338.40147903069184686,0.72328652,101329287.28073,381.9262962760345,603.7959560286374,0.4575090955343863,1380.14454091175,-79.98454991188886,2,766
2018-08-15,281.149638515488,28494413129.56341218793494624,0.73960735,101349634.59323,380.1336459345463,599.7378630420799,0.4687875417593261,1380.14454091175,-79.62897144600845,2,767
2018-08-16,285.766308007013,28968148431.47498276639560324,0.75279712,101370062.24948,379.6060059409008,595.0925380859139,0.48020482482634774,1380.14454091175,-79.29446521461946,2,768
2018-08-17,314.950714786674,31933030889.68432744787024202,0.82847546,101390564.90573,380.1569629916063,590.8572501621852,0.5330402812188947,1380.14454091175,-77.17987461091494,2,769
2018-08-18,295.433896551724,29960257592.53200693778810352,0.78100832,101411036.24948,378.27240630640654,587.0747522033892,0.503230458204703,1380.14454091175,-78.59398868784028,2,770
2018-08-19,300.065017241379,30436042376.88869872091629542,0.79351541,101431491.93698,378.1464272273918,583.093827004675,0.5146084615280505,1380.14454091175,-78.25843537785178,2,771
2018-08-20,271.61710578609,27556081818.2487758264877957,0.72334286,101451938.15573,375.50257396069406,579.3560574941547,0.46882586670603754,1380.14454091175,-80.31966234444876,2,772
2018-08-21,280.940823787259,28507748479.60131873518543782,0.74808903,101472431.43698,375.54463776491815,576.1966569696076,0.48757801765947706,1380.14454091175,-79.64410136334966,2,773
2018-08-22,270.081112799532,27411270218.92513297238799336,0.72282001,101492732.81198,373.64919214056073,572.7425934029799,0.4715575826041346,1380.14454091175,-80.4309545273344,2,774
2018-08-23,275.208127703098,27937223763.80451828820045154,0.73818071,101513076.65573,372.81945189694545,569.935271754821,0.4828761112744205,1380.14454091175,-80.05947061738257,2,775
2018-08-24,281.684925482174,28600543897.28312341068389452,0.75632795,101533810.68698,372.4375457527043,567.8798822457619,0.496029062287276,1380.14454091175,-79.59018659769595,2,776
2018-08-25,278.42391320865,28275127215.640657913690877,0.74597103,101554233.93698,373.2368979645899,565.3267867080647,0.4925008327129356,1380.14454091175,-79.82646708693875,2,777
2018-08-26,273.289948860316,27759332150.74777749118438568,0.73292732,101574654.56198,372.87455577493824,562.920553578316,0.48548582410625135,1380.14454091175,-80.19845452710516,2,778
2018-08-27,284.203754821742,28873736743.31054724240869416,0.76432546,101595197.99948,371.8360432763054,560.2993191846865,0.507235588355342,1380.14454091175,-79.40768184801922,2,779
2018-08-28,296.625988895383,30141823712.08827718415455709,0.79682005,101615586.09323,372.2622051181857,557.414612257451,0.5321460585579005,1380.14454091175,-78.50761423151911,2,780
2018-08-29,288.599854763296,29332093379.39939449178208608,0.77666889,101635856.34323,371.5867321057446,554.6040372837514,0.520370995091837,1380.14454091175,-79.0891572434405,2,781
2018-08-30,283.884303331385,28858640608.4212272172464298,0.7669537,101656344.74948,370.1452947308098,551.9495424459373,0.5143301724164235,1380.14454091175,-79.430828082409,2,782
2018-08-31,282.215765341905,28694789067.9982592309568969,0.76351171,101676775.68698,369.62860116697493,549.022759070718,0.5140329078881657,1380.14454091175,-79.55172396976134,2,783
2018-09-01,294.940272063121,29994588517.57131959745880208,0.79759438,101697161.62448,369.7872997338835,546.2970065122727,0.5398899656179885,1380.14454091175,-78.62975483218028,2,784
2018-09-02,293.788012565751,29883429633.12978773011174698,0.79527788,101717661.56198,369.41554638204076,543.1636281677372,0.540883073406058,1380.14454091175,-78.71324315265784,2,785
2018-09-03,288.642138223261,29365870710.40471370868362303,0.7826428,101737989.09323,368.8044382740901,539.9574927805369,0.5345645575485665,1380.14454091175,-79.08609354549354,2,786
2018-09-04,285.306009643483,29032321104.24607758173051384,0.77300272,101758533.37448,369.08797635729275,536.6873255420797,0.5316056408735018,1380.14454091175,-79.32781667527344,2,787
2018-09-05,234.201679135009,23836780585.65504474974067032,0.64355896,101778862.87448,363.9164298714899,532.9821749064865,0.4394174705300425,1380.14454091175,-83.03064119789288,2,788
2018-09-06,229.094761250731,23321715796.18607688772449488,0.63319051,101799428.62448,361.8101623960394,529.5510941846865,0.4326206928218183,1380.14454091175,-83.4006689546164,2,789
2018-09-07,215.279640853302,21919697024.40306545781890796,0.59887984,101819646.93698,359.4705088975811,525.938291472822,0.40932490435415775,1380.14454091175,-84.4016597920183,2,790
2018-09-08,196.648755990649,20026696859.66107314892005002,0.55236631,101839936.68698,356.0114953257178,522.4937695470476,0.37636574338699724,1380.14454091175,-85.75158252187563,2,791
2018-09-09,195.588831677382,19922718209.10797265460113636,0.55092899,101860203.56198,355.0164090609609,519.2683784906479,0.37666231909961095,1380.14454091175,-85.8283805877193,2,792
2018-09-10,196.122111922852,19981046342.03796886297136696,0.55463952,101880640.31198,353.602844461664,516.2136045558144,0.3799243378942113,1380.14454091175,-85.78974113875854,2,793
2018-09-11,184.303709818819,18780711219.85788087144252662,0.52407329,101900885.43698,351.6754494754331,512.8562871347157,0.3593671647246602,1380.14454091175,-86.64605739794004,2,794
2018-09-12,182.668748392753,18617834227.61029562217039344,0.5242721,101921288.62448,348.42355409100156,509.59961664523587,0.35845542741041764,1380.14454091175,-86.76452045580106,2,795
2018-09-13,212.601965517241,21673008213.04954300866119093,0.60931851,101941711.40573,348.9176219465924,506.45106787258834,0.4197877722132217,1380.14454091175,-84.5956739156616,2,796
2018-09-14,211.697804208065,21585161864.7253190031311812,0.60719773,101962143.37448,348.64722601658116,503.18024169783666,0.4207196282066875,1380.14454091175,-84.66118598938823,2,797
2018-09-15,222.813010520164,22723045760.81538950146613972,0.6386023,101982580.40573,348.9073097922823,499.9190418410279,0.4456981868496571,1380.14454091175,-83.855820610429,2,798
2018-09-16,220.022490356517,22442973782.60998158792726741,0.63074915,102003089.53073,348.8272482912058,496.7625360607824,0.4429128092090981,1380.14454091175,-84.05801103910711,2,799
2018-09-17,196.811666861485,20079428052.75856274163499655,0.56673872,102023565.84323,347.27054975436477,493.40008306107455,0.3988885969383249,1380.14454091175,-85.73977862264574,2,800
2018-09-18,209.519992986558,21380205260.41314504975198984,0.60340767,102043747.49948,347.22792467413944,490.17091873757954,0.4274427245218269,1380.14454091175,-84.81898186923631,2,801
2018-09-19,209.085130625365,21340126739.6441181846266852,0.60272018,102064296.37448,346.90248902129844,486.9444065429565,0.4293819331651369,1380.14454091175,-84.8504903343501,2,802
2018-09-20,223.652088544711,22831460983.15741393734334403,0.64465676,102084720.65573,346.93204573657306,483.7570133737572,0.46232319607098776,1380.14454091175,-83.79502422282799,2,803
2018-09-21,246.733348918761,25192817169.31614912582480678,0.70828037,102105440.06198,348.35548092171615,480.73263635300907,0.5132444320621933,1380.14454091175,-82.12264428798419,2,804
2018-09-22,240.176264465225,24528183925.12812652993042675,0.6898456,102125761.59323,348.1594496873287,477.87178671098684,0.5025956148578441,1380.14454091175,-82.59774557333249,2,805
2018-09-23,244.650700467563,24990110969.90997355060349224,0.70247727,102146083.87448,348.2684933956126,475.3362690531844,0.5146897394446236,1380.14454091175,-82.2735450371059,2,806
2018-09-24,227.800091466978,23273521216.01079466643742144,0.65557688,102166426.12448,347.4803618257221,472.97858236557494,0.4816287670525144,1380.14454091175,-83.49447578030566,2,807
2018-09-25,217.622940093513,22238201457.24686192581249824,0.62799011,102186844.12448,346.53880153226135,470.44014253214414,0.46259432480008505,1380.14454091175,-84.2318732826529,2,808
2018-09-26,215.031261835184,21977796357.72841755023920432,0.62211485,102207447.28073,345.64560199002483,468.0908959307415,0.45937928659693467,1380.14454091175,-84.4196563866325,2,809
2018-09-27,228.436735242548,23352621811.13534288522400004,0.66009596,102227961.65573,346.0659496273057,465.6428061586784,0.49058362380176657,1380.14454091175,-83.44834700489862,2,810
2018-09-28,221.042023962595,22601188122.87230986871241935,0.64047475,102248376.65573,345.1221519077763,463.26432012273455,0.47714018619874166,1380.14454091175,-83.98413952957634,2,811
2018-09-29,231.326054646406,23657395532.82635273038193138,0.67174583,102268616.34323,344.36544942363986,460.9714398831086,0.5018229647916252,1380.14454091175,-83.2389979607797,2,812
2018-09-30,232.215880479252,23753159791.23272414482753896,0.67431396,102289127.43698,344.37353258896195,459.0708561279946,0.50583886426131,1380.14454091175,-83.17452458089312,2,813
2018-10-01,229.918147282291,23522794559.06297335468523993,0.66878158,102309429.84323,343.78660261888643,457.1646154850958,0.5029220099161122,1380.14454091175,-83.34100954886922,2,814
2018-10-02,225.34053798948,23059084640.3180757215367204,0.65593297,102329944.03073,343.54202074867504,455.26889666569195,0.49496141651633535,1380.14454091175,-83.67268562750567,2,815
2018-10-03,218.985656049094,22413233850.85779600640597112,0.63844225,102350237.24948,342.999944081229,453.6094999254815,0.4827624996501809,1380.14454091175,-84.13313609135258,2,816
2018-10-04,220.934906487434,22617240953.97864658686178432,0.64521449,102370609.12448,342.42086920185875,452.0228678170654,0.48876931283230307,1380.14454091175,-83.99190085253822,2,817
2018-10-05,226.533247516073,23194917310.66044872393332954,0.66324024,102390786.18698,341.55534277605506,450.4048429909403,0.5029547329281928,1380.14454091175,-83.5862664524673,2,818
2018-10-06,223.670021040327,22906332739.85890998451612371,0.65477061,102411278.15573,341.6005813705154,448.74500976037336,0.4984345589932358,1380.14454091175,-83.79372490271444,2,819
2018-10-07,224.381154003507,22983765371.33726205815508261,0.65682124,102431799.46823,341.6167753702773,447.0799263354757,0.5018815222653006,1380.14454091175,-83.74219892539108,2,820
2018-10-08,227.629361484512,23321134424.14425678979905376,0.66621976,102452224.40573,341.67308619683087,445.52250291642247,0.510926743305745,1380.14454091175,-83.506846222488,2,821
2018-10-09,226.366257451783,23196333824.62534779996647909,0.66307287,102472577.34323,341.3897140019965,443.96636990502554,0.5098725326880229,1380.14454091175,-83.59836591446856,2,822
2018-10-10,223.637414962011,22921255950.66879693723728553,0.65601199,102492939.09323,340.90446267912114,442.4591449649321,0.5054419543746481,1380.14454091175,-83.7960874145637,2,823
2018-10-11,190.503173290473,19529132654.16458630869561029,0.56458744,102513424.40573,337.4201404311668,440.8005468220332,0.43217544684078146,1380.14454091175,-86.1968679624945,2,824
2018-10-12,194.233684102864,19915519363.88174753359601072,0.57682199,102533808.46823,336.73072017047065,439.3226272399175,0.44212082888412546,1380.14454091175,-85.92656940304603,2,825
2018-10-13,196.640900350672,20166359188.23668351766915056,0.58410063,102554245.59323,336.65586073870867,438.0530837697246,0.4488974227928094,1380.14454091175,-85.75215171153253,2,826
2018-10-14,192.082561659848,19702812463.96071917686212904,0.57135835,102574706.90573,336.1857959367322,436.78620616013956,0.4397633417695991,1380.14454091175,-86.08243151598059,2,827
2018-10-15,204.845595265926,21016138768.89686949474590598,0.60935975,102595024.03073,336.16528703434386,435.88365178550487,0.46995475610709303,1380.14454091175,-85.15767086753094,2,828
2018-10-16,205.678965517241,21105830346.42576663553603468,0.6130596,102615404.99948,335.4958726969466,434.94971097457557,0.47287987628818934,1380.14454091175,-85.09728804336932,2,829
2018-10-17,203.589184395091,20895539276.06964138321589643,0.60822994,102635802.28073,334.7240426788116,433.99509500584384,0.4691048049571842,1380.14454091175,-85.24870559857476,2,830
2018-10-18,199.104167738165,20439285576.6580827741649042,0.59685784,102656241.74948,333.58725377246446,433.10028539304426,0.4597183942224266,1380.14454091175,-85.57367276860488,2,831
2018-10-19,200.18542226768,20554345584.6668673737358064,0.61041166,102676535.34323,327.9515045103824,432.1842240356509,0.463194654349916,1380.14454091175,-85.49532919679314,2,832
2018-10-20,202.620590298071,20808523785.74571477712719058,0.61804319,102696985.31198,327.84212103052386,431.1212523378134,0.46998515892996084,1380.14454091175,-85.31888622591545,2,833
2018-10-21,202.197792518995,20769219407.63660403740871635,0.61718038,102717340.03073,327.6153926328556,430.23959191408466,0.46996556411612683,1380.14454091175,-85.34952053750695,2,834
2018-10-22,200.986967855056,20648916836.90994993210637088,0.61430234,102737590.68698,327.1792320619453,429.3310227819982,0.4681398668856766,1380.14454091175,-85.43725226618074,2,835
2018-10-23,201.106208649912,20665305285.09596031846954576,0.61529447,102758166.56198,326.84546742295925,428.48687006136703,0.4693404225457596,1380.14454091175,-85.42861253379611,2,836
2018-10-24,200.548608123904,20612095065.91591613263956992,0.61546587,102778549.59323,325.84846357752383,427.56707685417825,0.4690459555479317,1380.14454091175,-85.46901413735857,2,837
2018-10-25,199.862744593805,20545649553.11470981148606515,0.61565502,102798796.21823,324.63431321294996,426.5693128229099,0.46853521476069687,1380.14454091175,-85.51870918811359,2,838
2018-10-26,200.622661601403,20627880839.93708163834295794,0.61823665,102819296.06198,324.50787510155374,425.59159914523605,0.4713971375476778,1380.14454091175,-85.46364850533207,2,839
2018-10-27,201.418418468732,20713777723.04856088585188436,0.62087605,102839541.09323,324.41003074403017,424.5314277410864,0.4744487811902897,1380.14454091175,-85.405991003256,2,840
2018-10-28,202.451103156049,20824090134.49343702714151077,0.62430644,102859850.15573,324.28161906522865,423.3946961236113,0.47816164210272205,1380.14454091175,-85.33116661662801,2,841
2018-10-29,194.321351256575,19991828462.73559360217236225,0.60093096,102880246.21823,323.3671822409932,421.8984768468725,0.46058794217240967,1380.14454091175,-85.92021737605812,2,842
2018-10-30,195.65895295149,20133387940.1050933118061627,0.60557184,102900417.46823,323.0978391457074,420.3951828901221,0.4654167338606946,1380.14454091175,-85.82329986812584,2,843
2018-10-31,196.897931911163,20264916802.84281782772138274,0.60981471,102920922.56198,322.88157153697233,418.8635657948562,0.4700765308568191,1380.14454091175,-85.73352818675873,2,844
2018-11-01,197.8192106955,20363739371.541779841797715,0.61321759,102941161.78073,322.59219879113385,417.19634209818753,0.47416333925800114,1380.14454091175,-85.6667758461866,2,845
2018-11-02,199.850372589129,20576854454.44207611082659042,0.61887095,102961301.43698,322.9273770066748,415.64067516949086,0.48082486755569237,1380.14454091175,-85.51960561629987,2,846
2018-11-03,198.354677381648,20426858594.90076053286204304,0.61450669,102981481.78073,322.78684774228907,414.1218153492103,0.4789766441412521,1380.14454091175,-85.62797797608857,2,847
2018-11-04,209.989572764465,21629296599.9779331073293532,0.64957989,103001764.87448,323.2698179194941,412.54679024400866,0.5090078937234311,1380.14454091175,-84.78495791276022,2,848
2018-11-05,208.075581531268,21436395637.92119414236361564,0.64401502,103022158.96823,323.09119363593106,410.754255520163,0.5065695089823702,1380.14454091175,-84.92363840429284,2,849
2018-11-06,218.089755698422,22472494186.93054617787332056,0.67428949,103042410.74948,323.43638590365987,408.7631175949731,0.5335357969221635,1380.14454091175,-84.19804960759053,2,850
2018-11-07,216.783056399766,22342288776.46755848139293418,0.67010524,103062892.21823,323.5059860146236,406.8200512215073,0.5328721034001614,1380.14454091175,-84.29272804596576,2,851
2018-11-08,210.643103448276,21713749494.68897118387939648,0.65227399,103083125.62448,322.93653691185204,404.76757123173525,0.5204050878069968,1380.14454091175,-84.7376055765057,2,852
2018-11-09,208.102855932203,21456106357.92533239199022319,0.64534031,103103372.90573,322.4699475726272,402.59517686440626,0.5169034998208433,1380.14454091175,-84.92166220541463,2,853
2018-11-10,210.56486528346,21714246744.7756125401007258,0.65284203,103123789.03073,322.53570635374075,400.1229660885442,0.526250385829799,1380.14454091175,-84.74327441498578,2,854
2018-11-11,209.064253652835,21563744102.1534431653699008,0.64873215,103144099.12448,322.26590535529186,398.0955549985384,0.5251609846625959,1380.14454091175,-84.85200300001019,2,855
2018-11-12,208.28941233197,21488054208.6942601211801881,0.64697636,103164409.40573,321.94284862582924,395.8280182510223,0.5262118969048802,1380.14454091175,-84.90814504150632,2,856
2018-11-13,203.619797194623,21010443965.05771610935707729,0.63460253,103184681.71823,320.8619373052657,393.601567232612,0.5173246606365444,1380.14454091175,-85.24648751209001,2,857
2018-11-14,176.673708649912,18233574915.44900932246529576,0.55537959,103204800.84323,318.11343418275777,391.0722580230854,0.45176742922910873,1380.14454091175,-87.1988981289454,2,858
2018-11-15,177.585899766219,18331270412.33241586076790987,0.56297432,103224808.03073,315.4422741098013,388.518656971069,0.45708461248861704,1380.14454091175,-87.1328042460754,2,859
2018-11-16,172.027222969024,17760965585.58827487579810752,0.54729564,103245086.90573,314.32229748628004,386.04347604763245,0.4456161899956527,1380.14454091175,-87.5355647274901,2,860
2018-11-17,172.325834307423,17795245772.38252077649082754,0.5487503,103265107.31198,314.0332393575421,383.54744680742203,0.4492946980662532,1380.14454091175,-87.51392849088246,2,861
2018-11-18,174.887517533606,18063312605.73208851010671238,0.55823932,103285316.53073,313.2841261228357,380.98882517825774,0.459035819362364,1380.14454091175,-87.32831871232327,2,862
2018-11-19,146.837374634717,15169068768.33658614976975966,0.48110099,103305230.06198,305.2111254951211,377.83112433080015,0.3886322888163056,1380.14454091175,-89.36072488916898,2,863
2018-11-20,126.699694038574,13091277015.00085381124956652,0.42061386,103325245.68698,301.22567534644253,374.5476667329042,0.33827388418608284,1380.14454091175,-90.81982428051529,2,864
2018-11-21,134.894838690824,13940770859.10619721457377152,0.44961473,103345472.62448,300.0231747096542,371.1653589655167,0.3634359603676174,1380.14454091175,-90.22603541208012,2,865
2018-11-22,124.98310666277,12918929895.2599119921381721,0.42276008,103365408.65573,295.6360180998405,367.86589860023327,0.33975181482802097,1380.14454091175,-90.94420164280737,2,866
2018-11-23,121.464526884863,12557674491.92341514356183999,0.41347151,103385530.03073,293.76758482068817,364.7340446741666,0.333022180568235,1380.14454091175,-91.19914448927058,2,867
2018-11-24,111.207919345412,11499514538.57649619866951076,0.38086606,103405536.28073,291.98695033475025,361.5317281136757,0.30760210155177614,1380.14454091175,-91.94229908180878,2,868
2018-11-25,114.328124196376,11824449697.05966616409788448,0.39318103,103425554.99948,290.77731495941197,358.3616947866739,0.3190299796534711,1380.14454091175,-91.71622096038952,2,869
2018-11-26,105.976193161894,10962771102.55705670605300262,0.36693085,103445602.03073,288.81788806227115,355.261859907948,0.298304448412654,1380.14454091175,-92.32136997101156,2,870
2018-11-27,108.939132963179,11271425673.87085972797961567,0.37900944,103465351.40573,287.4311863134043,352.40889314435947,0.3091270824387328,1380.14454091175,-92.10668667419344,2,871
2018-11-28,120.843035651666,12505471113.13010364848550868,0.42144303,103485244.68698,286.73634880535576,349.5842201212735,0.34567645990927337,1380.14454091175,-91.24417536935408,2,872
2018-11-29,116.45006779661,12053204406.1103076587551378,0.40763014,103505344.68698,285.67580355223487,346.5093367884272,0.3360661760976226,1380.14454091175,-91.56247303491264,2,873
2018-11-30,111.631448568089,11556675459.24592599971031247,0.38680613,103525266.46823,288.5979303587795,343.4353849868492,0.3250435262294349,1380.14454091175,-91.91161177260877,2,874
2018-12-01,116.974022793688,12112078644.50070809424603224,0.39897866,103545029.53073,293.18365747603644,340.48789924751554,0.3435482525288056,1380.14454091175,-91.52450925781929,2,875
2018-12-02,114.873848918761,11896871077.38465395513199428,0.39215367,103564659.74948,292.9306996381316,337.5353154573344,0.3403313480342517,1380.14454091175,-91.67667983218098,2,876
2018-12-03,107.436093804792,11128688059.13190939555750816,0.36794301,103584257.99948,291.9911260300665,334.7322722413787,0.32096126580624046,1380.14454091175,-92.21559114860406,2,877
2018-12-04,108.393074225599,11229947227.97704501108418852,0.37206288,103603918.49948,291.3299876235947,331.8059791934536,0.3266760728335228,1380.14454091175,-92.14625200386675,2,878
2018-12-05,101.132688778492,10479736000.47457248635193416,0.34822197,103623626.81198,290.4259279748834,328.84259473407315,0.30754132949314394,1380.14454091175,-92.67231179194596,2,879
2018-12-06,90.8128144360023,9412146042.147691502492122554,0.31503695,103643369.06198,288.2608355496151,325.7287003492105,0.27879893401669176,1380.14454091175,-93.42005045529437,2,880
2018-12-07,92.1289161309176,9550346923.267031287583222848,0.32164176,103662859.87448,286.4333167773911,322.70011729982417,0.28549390344757647,1380.14454091175,-93.3246907552121,2,881
2018-12-08,90.5991420222092,9393536448.781713345900001216,0.31749678,103682399.62448,285.3545224055791,319.93477362653374,0.283180040091445,1380.14454091175,-93.43553234197067,2,882
2018-12-09,92.9939959088252,9643661213.202478620944660896,0.32637723,103701976.87448,284.92795256833693,317.5085936630621,0.29288654784414997,1380.14454091175,-93.26201037991343,2,883
2018-12-10,89.3385888369375,9266377555.199488592337995625,0.31444501,103722004.96823,284.1151425393505,314.9522337434244,0.2836575812626784,1380.14454091175,-93.52686720929107,2,884
2018-12-11,87.1420371127995,9040233838.069335345394078635,0.30728913,103741364.53073,283.58320749191324,312.4949725642894,0.27885900498726207,1380.14454091175,-93.68602095435368,2,885
2018-12-12,88.8542311513735,9219601287.795284526067676405,0.31507885,103760970.84323,282.0063331809593,310.01780666276983,0.2866100889747506,1380.14454091175,-93.56196191649066,2,886
2018-12-13,85.0300748100526,8824483679.448357442458778898,0.30236014,103780735.21823,281.22117819515694,307.5910128229101,0.27643874907036736,1380.14454091175,-93.83904567315246,2,887
2018-12-14,83.0865353594389,8624394661.880877558605360522,0.29645094,103800147.93698,280.27077721338617,305.4384601241959,0.2720238156178978,1380.14454091175,-93.97986711561745,2,888
2018-12-15,82.8301902396259,8599427179.791669128396410157,0.29579961,103819961.71823,280.0212963080848,303.0330947706015,0.2733371096062264,1380.14454091175,-93.99844090352256,2,889
2018-12-16,83.7853918760959,8700232191.631295794995633257,0.29946449,103839487.96823,279.78406346640935,300.66820980712987,0.27866395296610125,1380.14454091175,-93.92923064270168,2,890
2018-12-17,93.8437010520164,9746471049.232668495605863972,0.33649934,103858553.53073,278.88227374239847,298.2600789888949,0.31463714946414423,1380.14454091175,-93.20044399190091,2,891
2018-12-18,100.277705143191,10416589506.83339066982641568,0.36012113,103877422.12448,278.455488416331,295.8673296946225,0.33892794194848064,1380.14454091175,-92.734260639328,2,892
2018-12-19,99.9495049678551,10384375582.067758961392290348,0.3610743,103896218.24948,276.81146226096706,293.4080174240205,0.34065021755493624,1380.14454091175,-92.75804077000322,2,893
2018-12-20,114.083974868498,11855039064.84877556911275604,0.41000337,103915024.68698,278.25131015020196,290.887273084453,0.39219307760974514,1380.14454091175,-91.73391108781027,2,894
2018-12-21,107.811862068966,11205302362.01007421358482518,0.38848702,103933854.28073,277.51728247951763,288.47691904149565,0.3737278615813902,1380.14454091175,-92.18836441596592,2,895
2018-12-22,115.230315897136,11978524669.94367887589748928,0.41466708,103952892.74948,277.886336907034,286.0171690692572,0.4028790169209518,1380.14454091175,-91.65085159696298,2,896
2018-12-23,129.693795441262,13484492456.74572351525116876,0.46495142,103971762.18698,278.9405298326909,283.6384908226178,0.4572503367406861,1380.14454091175,-90.60288313312577,2,897
2018-12-24,140.372449444769,14597444328.96170988091493887,0.50207255,103990807.21823,279.58598701476313,281.3295563997657,0.4989609027972217,1380.14454091175,-89.82914866641168,2,898
2018-12-25,127.919814436002,13304925400.51058223589159146,0.45816263,104009886.65573,279.2017638714925,278.968514568965,0.45854570589677923,1380.14454091175,-90.73141901851122,2,899
2018-12-26,130.30945119813,13555978981.3771228602316599,0.4667826,104029131.09323,279.1651856734377,276.64029370835715,0.47104291804832416,1380.14454091175,-90.55827506936012,2,900
2018-12-27,114.117396551724,11873694511.52150074457697852,0.41302625,104048066.90573,276.2957476715439,274.60449610461666,0.4155700222338984,1380.14454091175,-91.7314894803456,2,901
2018-12-28,135.222091759205,14072163786.9245646648705259,0.48612785,104067047.06198,278.1615818949789,272.63374891876043,0.495984419740707,1380.14454091175,-90.202323905156,2,902
2018-12-29,140.09879836353,14582351887.6440259219553394,0.50287937,104086202.43698,278.59325063092166,270.885062483927,0.5171890877956504,1380.14454091175,-89.84897637815688,2,903
2018-12-30,138.401716247808,14408317568.36662717423113984,0.49833465,104105049.84323,277.7284626862852,269.2048161893624,0.5141130764557136,1380.14454091175,-89.97194046383163,2,904
2018-12-31,130.790460549386,13618432547.70492781368550678,0.47254964,104124050.71823,276.7761299096239,267.2701573465804,0.48935676862637734,1380.14454091175,-90.52342296967075,2,905
2019-01-01,139.154644360023,14491949908.86476289235756929,0.501839,104142768.46823,277.28941823976015,265.5334343366447,0.5240569599367363,1380.14454091175,-89.91738616970547,2,906
2019-01-02,154.426368790181,16085342149.39252320872973088,0.55484275,104161888.12448,278.3245681595028,263.8189561572175,0.5853497831981177,1380.14454091175,-88.81085536967281,2,907
2019-01-03,147.06208679135,15320901932.881117609974748,0.52864019,104179821.37448,278.18938017434886,262.07511288573886,0.5611447999469795,1380.14454091175,-89.34444310490858,2,908
2019-01-04,153.442376972531,15988335594.35485415724162763,0.54952594,104197653.28073,279.2268131555919,260.25807175043786,0.5895777830847349,1380.14454091175,-88.88215165701673,2,909
2019-01-05,154.301756867329,16080661808.21942899585639517,0.55361162,104215675.40573,278.7184215304748,258.3442066379306,0.5972719840533638,1380.14454091175,-88.81988427346934,2,910
2019-01-06,155.940283167738,16254198815.51344523227227624,0.55912841,104233482.74948,278.89887256442216,256.4475633649908,0.6080786306625767,1380.14454091175,-88.70116291843455,2,911
2019-01-07,150.346131794272,15673813423.35932990484697856,0.5410863,104251524.37448,277.8598012817401,254.5712381326705,0.5905856957647301,1380.14454091175,-89.10649375210002,2,912
2019-01-08,149.052762711864,15541627570.98126847502958072,0.53747466,104269302.28073,277.32053956155625,253.00166653272893,0.5891374738932091,1380.14454091175,-89.20020633393972,2,913
2019-01-09,149.62985622443,15604497412.9710657754192339,0.53987829,104287324.78073,277.15479395259626,251.37358961133793,0.5952489139999977,1380.14454091175,-89.15839234305258,2,914
2019-01-10,126.929803915839,13239434977.73662408046216997,0.46188903,104305171.59323,274.8058422514148,249.73629478959626,0.5082553339825028,1380.14454091175,-90.8031513980422,2,915
2019-01-11,124.970574225599,13037301364.21636145213350102,0.45627489,104322969.18698,273.8931660815238,248.06517620981833,0.5037812083704021,1380.14454091175,-90.94510969531923,2,916
2019-01-12,124.329310637054,12972603284.93215909646135692,0.45438856,104340667.68698,273.61892789962405,246.52435735534726,0.5043287080060903,1380.14454091175,-90.99157320472247,2,917
2019-01-13,115.339895382817,12036712893.33902573173896641,0.42384764,104358625.03073,272.1258407450776,244.89268099795393,0.470981390349435,1380.14454091175,-91.64291188612597,2,918
2019-01-14,128.323583869082,13393983738.98452357455845236,0.47036371,104376633.93698,272.81778151865075,243.43534164669737,0.5271362120267673,1380.14454091175,-90.70216342816462,2,919
2019-01-15,120.32987609585,12561783789.2023453732785955,0.44292432,104394554.34323,271.6714135178895,241.85330892168275,0.4975324779815825,1380.14454091175,-91.28135695002221,2,920
2019-01-16,122.420913793103,12782231812.53445865127393019,0.45083728,104412158.15573,271.54123943144856,240.2067964070714,0.5096480017394673,1380.14454091175,-91.1298483481861,2,921
2019-01-17,122.647751607247,12808087809.38598571861645031,0.45235215,104429862.28073,271.1333451322095,238.56104295733442,0.5141147527141806,1380.14454091175,-91.11341254690443,2,922
2019-01-18,119.485191408533,12479948049.78528654058256284,0.44174902,104447654.99948,270.4820746597989,236.77852167153662,0.5046285050055552,1380.14454091175,-91.34255957498489,2,923
2019-01-19,123.487991233197,12900255069.59988476104005006,0.45636238,104465664.56198,270.59196078606874,235.0872031765045,0.5252858920631324,1380.14454091175,-91.05253199410416,2,924
2019-01-20,117.515231735827,12278394345.72126224806821371,0.43521185,104483428.78073,270.0184559217011,233.34613358416084,0.5036090803426269,1380.14454091175,-91.48529532579289,2,925
2019-01-21,115.918843074226,12113469245.22642574621271498,0.42995283,104499569.90573,269.60828022512607,231.59043446814684,0.5005338123763035,1380.14454091175,-91.60096354852458,2,926
2019-01-22,117.97571975453,12330309587.3123823695870194,0.44056514,104515654.68698,267.7826932801129,229.8377482437167,0.5133000155806879,1380.14454091175,-91.45193012344976,2,927
2019-01-23,116.313436586791,12158407880.87747227199508743,0.43471843,104531413.03073,267.56039900767723,228.01664805230814,0.5101094046435948,1380.14454091175,-91.57237281031797,2,928
2019-01-24,116.326357977791,12161629154.50128801071004868,0.43535499,104547493.49948,267.1988621924168,226.1676195733485,0.5143369249640316,1380.14454091175,-91.57143657569782,2,929
2019-01-25,114.967366452367,12021398682.86191862782867541,0.43089808,104563573.59323,266.80872296383177,224.38384859292768,0.5123691708351893,1380.14454091175,-91.66990390901975,2,930
2019-01-26,115.040040035067,12030838854.29059624529114016,0.43148997,104579578.12448,266.61115676702053,222.79340659701887,0.5163529827574633,1380.14454091175,-91.66463825889791,2,931
2019-01-27,111.82207685564,11696077576.1625041287825672,0.41985527,104595424.31198,266.33481784244367,221.12078160432455,0.5057058682785203,1380.14454091175,-91.89779957526997,2,932
2019-01-28,105.667155756867,11053930033.05100009155552291,0.39847231,104610841.03073,265.1806740520239,219.5297086732901,0.48133419570161073,1380.14454091175,-92.34376164056981,2,933
2019-01-29,104.227875803624,10904977503.73515952072261552,0.39406571,104626304.81198,264.4936444828554,217.89407963909954,0.4783419355691436,1380.14454091175,-92.44804636659512,2,934
2019-01-30,107.66988603156,11266777160.4625723917810888,0.40710112,104641860.18698,264.4794640495217,216.2628331399762,0.4978658813827276,1380.14454091175,-92.19865145715598,2,935
2019-01-31,105.739236119229,11066405544.79031678921312592,0.40062661,104657513.62448,263.93463010165254,214.54788898158932,0.49284677943534855,1380.14454091175,-92.33853897292703,2,936
2019-02-01,106.634947691409,11161780075.53821252033524857,0.40437959,104672814.28073,263.7001231724109,212.69423729105748,0.501353252676453,1380.14454091175,-92.27363913485729,2,937
2019-02-02,108.571131794272,11366140886.34589090162597856,0.41160897,104688425.90573,263.77251155209757,210.73989915108083,0.5151902047577457,1380.14454091175,-92.13335063278605,2,938
2019-02-03,106.021722676797,11100861558.84990910050197181,0.40236043,104703652.03073,263.4993771052412,208.8749995587372,0.5075845500934778,1380.14454091175,-92.31807107632676,2,939
2019-02-04,106.026675628288,11103012398.49730920975329024,0.40508712,104719046.71823,261.7379580676078,207.06310570280496,0.5120500596589463,1380.14454091175,-92.3177122043866,2,940
2019-02-05,106.135586499123,11116053922.45947311877695604,0.40564886,104734465.49948,261.6439905664298,205.3559937755694,0.5168370523195784,1380.14454091175,-92.3098209388266,2,941
2019-02-06,103.394712156634,10830572094.62500213611648782,0.39610329,104749767.84323,261.02967273166047,203.56303333869036,0.5079247958768858,1380.14454091175,-92.50841422099678,2,942
2019-02-07,103.299053769725,10822142564.19588134594833675,0.40495776,104765166.46823,255.08599654868945,201.79385221800072,0.5119038693910734,1380.14454091175,-92.51534526220829,2,943
2019-02-08,117.501485096435,12311880544.9154787791711038,0.4583933,104780637.74948,256.33333885210584,200.13658127703053,0.5871064867136337,1380.14454091175,-91.4862913547583,2,944
2019-02-09,118.103963471654,12376821162.21009329724961492,0.46088424,104795984.81198,256.2551574157841,198.3369161557564,0.5954714117814836,1380.14454091175,-91.4426380737171,2,945
2019-02-10,123.577868205728,12952116678.16214040111802144,0.48156962,104809355.15573,256.6147511666704,196.59132295441216,0.6286028617569487,1380.14454091175,-91.0460198520881,2,946
2019-02-11,119.726615429573,12550041499.56319579584787204,0.4669473,104822486.24948,256.4028433820541,194.87278933810592,0.6143834438673033,1380.14454091175,-91.3250669128844,2,947
2019-02-12,120.828701928697,12667179674.80465539771885881,0.47153349,104835850.03073,256.24627834747645,193.1303738836933,0.6256328277056115,1380.14454091175,-91.24521393615228,2,948
2019-02-13,120.690225891292,12654238017.52714764048790316,0.47131967,104848904.90573,256.0687227233525,191.39721607101063,0.6305746152886283,1380.14454091175,-91.25524738071553,2,949
2019-02-14,119.68091320865,12549978529.532606174575252,0.46762715,104861988.37448,255.9323452640635,189.66102681911113,0.6310253361793483,1380.14454091175,-91.32837832118754,2,950
2019-02-15,120.360025423729,12622763966.34607243509450467,0.47102055,104875052.34323,255.53030631833158,187.98334857831628,0.6402696107606864,1380.14454091175,-91.27917244492255,2,951
2019-02-16,121.804881063705,12775911024.9384115798721859,0.47659499,104888333.81198,255.57314621310857,186.43338036528297,0.6533426622692248,1380.14454091175,-91.17448372594089,2,952
2019-02-17,132.80649006429,13931576531.4123307533818817,0.51870126,104901323.15573,256.0365672994316,185.002313182349,0.7178639433193909,1380.14454091175,-90.37734917412668,2,953
2019-02-18,144.415395967271,15151286525.37010711543358158,0.56094026,104914620.93698,257.4523639420551,183.66951912039696,0.7862785107669686,1380.14454091175,-89.53621220920328,2,954
2019-02-19,143.137295733489,15019131838.53028454678749197,0.55679578,104928151.40573,257.0732409888039,182.2989381209814,0.7851789879242025,1380.14454091175,-89.62881846861272,2,955
2019-02-20,147.192143483343,15446574757.52386890182378664,0.57175624,104941570.87448,257.4386306362708,181.0028027410866,0.8132036700773762,1380.14454091175,-89.33501969394415,2,956
2019-02-21,143.601283459965,15071659862.1261644569811307,0.5706152,104954910.56198,251.66045955306663,179.6760595441258,0.7992232455693333,1380.14454091175,-89.5951996908165,2,957
2019-02-22,147.063304208065,15436970714.7377091609824312,0.58383715,104968202.62448,251.89096686989686,178.3844856282871,0.8244175702281175,1380.14454091175,-89.34435489554507,2,958
2019-02-23,157.5305,16537844044.998818515,0.62413569,104981854.59323,252.3978399632939,177.2793399678546,0.888600442829742,1380.14454091175,-88.58594188287464,2,959
2019-02-24,135.383128872005,14214580418.6064332670503074,0.54004988,104995212.74948,250.68634192087038,176.18440964056063,0.7684171893994729,1380.14454091175,-90.1906557712739,2,960
2019-02-25,137.924874926943,14483295870.41564738282058339,0.55023218,105008584.40573,250.66668206672867,175.04902828608957,0.7879213970929728,1380.14454091175,-90.00649056396462,2,961
2019-02-26,135.725916130918,14254221126.63431468780117264,0.54200005,105022102.87448,250.4167963285576,174.07444784774944,0.7797003972095193,1380.14454091175,-90.1658187162589,2,962
2019-02-27,133.996758912916,14074432189.72512099013653368,0.53611014,105035616.56198,249.94259372321517,173.12992122881315,0.7739664984645969,1380.14454091175,-90.29110684128815,2,963
2019-02-28,134.754724137931,14155791260.86289267108374463,0.53963599,105048571.40573,249.71411587639108,172.21392164669743,0.7824844986364388,1380.14454091175,-90.23618757721496,2,964
2019-03-01,134.864564582116,14169065498.97905785876442468,0.54024349,105061441.03073,249.63663066465824,171.46628638077107,0.7865369188822665,1380.14454091175,-90.22822895832188,2,965
2019-03-02,132.19729748685,13890641067.9631335165146505,0.53006025,105075075.90573,249.40051152081296,170.74606215955538,0.7742333604350823,1380.14454091175,-90.42148894060634,2,966
2019-03-03,129.645783752192,13624303451.47258641652886016,0.52029964,105088673.59323,249.17523247218085,169.98854288573887,0.7626736575966531,1380.14454091175,-90.60636187666653,2,967
2019-03-04,125.120439509059,13150448327.08619110598582057,0.50375655,105102318.84323,248.37481420154046,169.1853135432491,0.7395466952104816,1380.14454091175,-90.93425102950434,2,968
2019-03-05,135.707658971362,14265056013.14678686170332926,0.54495536,105116071.71823,249.02527607281817,168.28909826417254,0.8063960195349928,1380.14454091175,-90.16714156028101,2,969
2019-03-06,137.182303915839,14421925886.30259677769623247,0.55108693,105129637.53073,248.93042539738516,167.49784030099312,0.8190093894304714,1380.14454091175,-90.06029442211802,2,970
2019-03-07,136.142440677966,14314466780.47242617051089518,0.54726327,105143309.53073,248.76955597251393,166.67822741817602,0.8167979872764105,1380.14454091175,-90.13563893909055,2,971
2019-03-08,132.441421098773,13927133317.87483086664179429,0.53404658,105156930.53073,247.99601019591398,165.98234899473945,0.7979247305565637,1380.14454091175,-90.40380067646541,2,972
2019-03-09,136.296960841613,14334414208.79979280025576749,0.54918683,105170461.03073,248.1795873393632,165.2591296800112,0.8247469359515736,1380.14454091175,-90.1244429984433,2,973
2019-03-10,135.225663062537,14223617476.06864992178238701,0.54646845,105184305.65573,247.45374241191234,164.58485243132623,0.8216166984076527,1380.14454091175,-90.20206514216225,2,974
2019-03-11,132.080107539451,13894539374.31962418029164173,0.53467567,105197819.96823,247.02846033643345,163.869212330508,0.8060092903422181,1380.14454091175,-90.42998007642036,2,975
2019-03-12,132.696165108124,13961159817.61220506694190052,0.53943745,105211479.21823,245.98990134653056,163.1242685286377,0.8134667288014731,1380.14454091175,-90.38534289890664,2,976
2019-03-13,131.13371244886,13798553682.4197665571734678,0.53388935,105225067.03073,245.619644686413,162.38781752483877,0.807534176193986,1380.14454091175,-90.49855224857603,2,977
2019-03-14,131.309282583285,13818816928.97401435771091055,0.5347493,105238690.34323,245.55297703668805,161.6779141934536,0.8121658622226448,1380.14454091175,-90.48583110747664,2,978
2019-03-15,135.602942723553,14272514476.48443502481815869,0.55202024,105252247.40573,245.64849782238596,160.93491013296267,0.842594951036536,1380.14454091175,-90.17472889948388,2,979
2019-03-16,140.628877556984,14803448033.96444866928461832,0.57169949,105266061.21823,245.9839129067336,160.15492457627067,0.8780802584063673,1380.14454091175,-89.81056886519423,2,980
2019-03-17,138.143052308591,14543649947.76674768670231393,0.5621976,105279633.71823,245.71974748485414,159.40264056399715,0.8666296356184211,1380.14454091175,-89.9906822645307,2,981
2019-03-18,137.063216247808,14431812874.93195466038313984,0.55775345,105293114.15573,245.7415839342778,158.66853512857926,0.8638336273586751,1380.14454091175,-90.068923059518,2,982
2019-03-19,137.928077147867,14524755456.26750615151557791,0.56135157,105306734.90573,245.70711924412538,157.94709668760908,0.8732549064872265,1380.14454091175,-90.00625854327193,2,983
2019-03-20,138.685892460549,14606466275.64429972730304577,0.56420597,105320490.90573,245.80720487688038,157.1658247895962,0.8824176162102227,1380.14454091175,-89.95135014127358,2,984
2019-03-21,134.586574225599,14176552088.90497429527928227,0.54845008,105334073.40573,245.39439255000022,156.36981759789543,0.8606940667519868,1380.14454091175,-90.24837107737365,2,985
2019-03-22,135.893367913501,14316051499.88989093172776073,0.5557606,105347683.40573,244.51781560891683,155.60607374634662,0.8733166041771654,1380.14454091175,-90.15368579991431,2,986
2019-03-23,136.475040619521,14379201263.62657750043725533,0.55830098,105361399.40573,244.44707336806218,154.86191890122683,0.8812692080004946,1380.14454091175,-90.1115400181663,2,987
2019-03-24,135.419440385739,14269826903.36726612331138447,0.55434114,105375024.90573,244.28899573598127,154.36800770748047,0.8772506842373191,1380.14454091175,-90.18802477773245,2,988
2019-03-25,133.093157802455,14026509293.87291429465944215,0.54572861,105388658.03073,243.8815839295195,153.8879996902391,0.8648702827404217,1380.14454091175,-90.35657832515636,2,989
2019-03-26,133.164339859731,14035815959.85924356516197113,0.54637917,105402211.84323,243.72147982825007,153.47742318527122,0.8676477432057277,1380.14454091175,-90.35142074526775,2,990
2019-03-27,139.21530742256,14675513594.9367719561552688,0.5699238,105415947.90573,244.27003649007113,153.19025594243078,0.9087739071007062,1380.14454091175,-89.9129907559833,2,991
2019-03-28,137.336611922852,14479336682.75898045029424196,0.56267481,105429546.28073,244.07812377961616,152.89899484365813,0.8982178860186822,1380.14454091175,-90.0491138535298,2,992
2019-03-29,142.368977498539,15011824226.81071711232116597,0.58210009,105443085.21823,244.5781746890625,152.63022917153657,0.932770515194174,1380.14454091175,-89.6844878722277,2,993
2019-03-30,142.107745178258,14986210515.77495974886486834,0.5820787,105456676.53073,244.13837025518717,152.41924934833378,0.9323477565060683,1380.14454091175,-89.70341576800507,2,994
2019-03-31,141.27678515488,14900509959.4774458865894624,0.57880133,105470335.71823,244.08510801949956,152.2122895321444,0.9281562322538022,1380.14454091175,-89.76362395625969,2,995
2019-04-01,141.295688778492,14904438854.94274097203805916,0.58149892,105484031.28073,242.9852987147285,151.8557581484507,0.930459868636424,1380.14454091175,-89.76225427192219,2,996
2019-04-02,165.466880479252,17456367141.55187726450666396,0.67640248,105497650.59323,244.62784417829454,151.62460352980662,1.091293079270768,1380.14454091175,-88.01090207769532,2,997
2019-04-03,160.239572764465,16907070015.38911349021450945,0.65641648,105511202.53073,244.11265964021047,151.3117363410281,1.0590029342027723,1380.14454091175,-88.38965282153653,2,998
2019-04-04,157.865736879018,16658771420.53791175441109814,0.6472127,105524933.71823,243.9163151140545,151.00095257364063,1.0454618609245496,1380.14454091175,-88.56165189953737,2,999
2019-04-05,165.938985388662,17512964184.41875269914008326,0.67902169,105538575.78073,244.37950632867415,150.8465891662765,1.1000512925469552,1380.14454091175,-87.97669515983888,2,1000
2019-04-06,165.408794856809,17459259648.06961659376080307,0.67518209,105552184.59323,244.98397885051872,150.62603317562775,1.098142142958414,1380.14454091175,-88.0151107399565,2,1001
2019-04-07,174.463659555815,18417406483.19767117881894495,0.70988977,105565861.28073,245.761619519908,150.45292582028,1.1595896763364806,1380.14454091175,-87.35902984186274,2,1002
2019-04-08,180.779501168907,19086623811.57806418998051211,0.73425763,105579580.03073,246.20718094397876,150.238562883401,1.2032829501251858,1380.14454091175,-86.90140809096121,2,1003
2019-04-09,175.957886616014,18579958561.89232971468861022,0.71573766,105593212.78073,245.84131372382166,149.88468557188725,1.1739550704906514,1380.14454091175,-87.25076385841638,2,1004
2019-04-10,177.474878959673,18742579575.87822799480406379,0.72085201,105606943.84323,246.20154552898174,149.5711786443595,1.1865580024722615,1380.14454091175,-87.14084838951509,2,1005
2019-04-11,165.550361192285,17485513471.08483904509298055,0.67461794,105620509.34323,245.39869365508576,149.1756769479831,1.1097677890881077,1380.14454091175,-88.00485338420285,2,1006
2019-04-12,164.89181735827,17418197956.1419606875290121,0.67261069,105634095.34323,245.15194273565592,148.86113557743957,1.107688831733324,1380.14454091175,-88.05256895416626,2,1007
2019-04-13,164.128659263589,17339830952.54817533542508997,0.67073972,105647795.03073,244.69798696816255,148.59366417328997,1.1045468201940434,1380.14454091175,-88.10786447373385,2,1008
2019-04-14,168.013099064874,17752504741.62285849782320302,0.68585336,105661432.59323,244.96941892196025,148.3585733594384,1.1324798780439689,1380.14454091175,-87.82641280790189,2,1009
2019-04-15,160.557473115137,16966933735.39784769449791001,0.65677127,105675141.78073,244.4648242837069,148.01917704880134,1.084707240753013,1380.14454091175,-88.36661897680155,2,1010
2019-04-16,166.662340151958,17614342918.05252879472504434,0.68095983,105688801.09323,244.7462138140483,147.74727862974814,1.128023078987537,1380.14454091175,-87.92428363757773,2,1011
2019-04-17,166.364139684395,17585084684.58467195062645835,0.67991356,105702375.03073,244.68425028086656,147.4224690549381,1.1284856423236147,1380.14454091175,-87.94589010405448,2,1012
2019-04-18,173.54595207481,18346579178.2863530427132863,0.70711094,105715972.96823,245.42959563715706,147.12911941291588,1.1795486356970277,1380.14454091175,-87.4255234194411,2,1013
2019-04-19,173.652783459965,18360252059.51145394216097445,0.70738754,105729673.28073,245.4846511149532,146.8477925938043,1.1825358787673848,1380.14454091175,-87.41778282546792,2,1014
2019-04-20,173.215369374635,18316362316.22269649374847105,0.70463904,105743285.84323,245.8214199636668,146.58716675073006,1.1816543918144344,1380.14454091175,-87.44947617876274,2,1015
2019-04-21,169.945601110462,17972938248.31836659280112226,0.69251483,105757007.71823,245.40355491081974,146.3419664760369,1.1612909488836898,1380.14454091175,-87.68639109363193,2,1016
2019-04-22,171.565414669784,18146587276.74300193258046232,0.70092298,105770660.78073,244.77070885845973,146.09511901694867,1.1743404969599325,1380.14454091175,-87.56902559231627,2,1017
2019-04-23,170.937409643483,18082477241.29692199412110759,0.69904922,105784200.65573,244.52843198005857,145.81713982758572,1.1722724080694458,1380.14454091175,-87.61452843695933,2,1018
2019-04-24,165.142114202221,17471672684.66001821239862633,0.67726718,105797801.90573,243.83599128813685,145.5245002933952,1.134806261964647,1380.14454091175,-88.03443340122007,2,1019
2019-04-25,152.045494447691,16088159635.76454479935804443,0.62705068,105811485.53073,242.47720207829298,145.16282199561613,1.0474134654965768,1380.14454091175,-88.98336442737752,2,1020
2019-04-26,152.960927527762,16187127320.27123422860900126,0.63158927,105825242.96823,242.18417695373768,144.78947982583236,1.0564367501821204,1380.14454091175,-88.91703564420048,2,1021
2019-04-27,155.726733489188,16481950898.34091122433399724,0.64254001,105838930.34323,242.36114648983184,144.4362822060194,1.078169079892712,1380.14454091175,-88.71663591218409,2,1022
2019-04-28,153.2518471654,16222096003.374599369167742,0.63345114,105852531.65573,241.93159896341808,144.08435436703633,1.0636258727648573,1380.14454091175,-88.89595671884055,2,1023
2019-04-29,152.545208766803,16149383529.98724580074210619,0.63081826,105866212.78073,241.8211685356144,143.894564544418,1.0601179360024728,1380.14454091175,-88.94715703718767,2,1024
2019-04-30,159.938501461134,16934266388.13732570284164782,0.65957257,105879861.53073,242.4881032592577,143.72308863120935,1.1128239935862572,1380.14454091175,-88.4114672978038,2,1025
2019-05-01,158.222859731151,16754780411.83510078755764523,0.65290233,105893550.65573,242.33771647154487,143.53099842811173,1.1023601971973864,1380.14454091175,-88.53577614221291,2,1026
2019-05-02,159.191619520748,16859537925.69005210987283604,0.65726722,105907195.21823,242.20228040696747,143.36654371741625,1.1103819300723596,1380.14454091175,-88.4655835094212,2,1027
2019-05-03,164.69545207481,17444653890.5806786353851613,0.67889207,105920677.65573,242.59445551457097,143.16579300146068,1.1503827040103751,1380.14454091175,-88.06679683230794,2,1028
2019-05-04,162.037265751023,17165337847.68735320831206179,0.66851191,105934506.90573,242.38500964182225,142.9475845026296,1.133543223656516,1380.14454091175,-88.25939885658802,2,1029
2019-05-05,161.485596434833,17109098947.36623191743666809,0.66646976,105948142.28073,242.29996036854396,142.7370665628283,1.1313501133481136,1380.14454091175,-88.2993707073498,2,1030
2019-05-06,172.068616014027,18232684806.22164197715773721,0.70788094,105961710.09323,243.07564491569303,142.60188880420762,1.2066363037468402,1380.14454091175,-87.53256554560907,2,1031
2019-05-07,170.05011484512,18021117318.8065675421105376,0.69959339,105975331.65573,243.06992786927276,142.4512122670948,1.193742841066719,1380.14454091175,-87.67881842775819,2,1032
2019-05-08,169.558764172998,17971347710.67013836697672854,0.69764768,105988904.78073,243.04354337277812,142.28590313646941,1.1916764797871129,1380.14454091175,-87.71441982004404,2,1033
2019-05-09,170.250314728229,18046961865.18494778296285217,0.70028354,106002516.90573,243.11625934864756,142.12616574751559,1.1978815711575266,1380.14454091175,-87.66431270917766,2,1034
2019-05-10,172.221821975453,18258310738.25815546823510819,0.70816385,106016244.21823,243.1948792295074,141.98234001811758,1.2129805858494564,1380.14454091175,-87.52146482703327,2,1035
2019-05-11,199.606514552893,21164246570.10208848776996439,0.81456448,106029838.84323,245.04691703828405,141.97484154763248,1.405928771443109,1380.14454091175,-85.53727463784125,2,1036
2019-05-12,187.184103740503,19849662681.71906321984103219,0.76685375,106043527.65573,244.09361464360447,141.90801902571548,1.3190523342206824,1380.14454091175,-86.43735506015584,2,1037
2019-05-13,195.825203097604,20768649640.84602511631762092,0.79694959,106057082.09323,245.71843132211663,141.88783131823448,1.3801409273667422,1380.14454091175,-85.81125401776845,2,1038
2019-05-14,218.214805669199,23146219315.92757206256311027,0.87954207,106070801.40573,248.10047536350254,141.97579203857345,1.5369860068110213,1380.14454091175,-84.1889889645151,2,1039
2019-05-15,249.061431034483,26421567926.64307023575160009,0.99298413,106084542.34323,250.82115968407575,142.21400710140222,1.7513143473757535,1380.14454091175,-81.95396035331572,2,1040
2019-05-16,263.38047019287,27944173299.9567254132756451,1.02946837,106098122.15573,255.84124570322643,142.5186539365863,1.848042083740569,1380.14454091175,-80.91645748793269,2,1041
2019-05-17,242.263793687902,25707072531.92163910389435346,0.95022391,106111904.46823,254.9544282546016,142.75836614874297,1.6970199381203497,1380.14454091175,-82.4464911821585,2,1042
2019-05-18,234.841279661017,24922642492.94816044138011491,0.92433601,106125475.59323,254.06483910652472,142.9542777822906,1.6427719639048781,1380.14454091175,-82.98429818764662,2,1043
2019-05-19,261.974045295149,27805680786.64007255979655377,1.02263998,106139067.15573,256.1742650577274,143.2796583492105,1.8284105944519269,1380.14454091175,-81.01836166217171,2,1044
2019-05-20,252.417419637639,26794758162.13458788944827147,0.98843196,106152571.40573,255.3715681528944,143.55264939392123,1.7583612751373412,1380.14454091175,-81.71079824212563,2,1045
2019-05-21,256.818162185856,27265379245.33777443313135488,1.00264522,106166086.59323,256.1406139111261,143.83748834190487,1.7854744625086445,1380.14454091175,-81.39193725200717,2,1046
2019-05-22,244.550514319112,25966311654.93178386002331176,0.95865177,106179746.65573,255.09838084282893,144.06846752659217,1.697460370875208,1380.14454091175,-82.28080414261849,2,1047
2019-05-23,245.840384862654,26106597308.89799846334148242,0.96308499,106193281.96823,255.26343719950825,144.24772158708313,1.704293018688956,1380.14454091175,-82.18734505153735,2,1048
2019-05-24,248.839252016365,26428440990.20245033225602145,0.97369143,106206881.65573,255.56274231186876,144.4515399395086,1.7226486621089014,1380.14454091175,-81.97005859603829,2,1049
2019-05-25,251.888460958504,26755756058.25245031285482792,0.98459699,106220650.03073,255.82899756630783,144.620533465809,1.741719899118303,1380.14454091175,-81.74912456690213,2,1050
2019-05-26,268.294339567504,28502062053.66502038383839792,1.04375501,106234302.59323,257.0472352199814,144.8780898816477,1.8518627612130738,1380.14454091175,-80.56041728859329,2,1051
2019-05-27,272.616331092928,28964909148.69350049762167744,1.05780938,106247887.03073,257.7178235013647,145.18795601987094,1.8776786902049698,1380.14454091175,-80.24726229668434,2,1052
2019-05-28,271.223498538866,28820587743.64177745514747718,1.05220031,106261396.59323,257.7679325516128,145.50355923290425,1.8640334296202659,1380.14454091175,-80.34818162163721,2,1053
2019-05-29,269.327810929281,28622877517.79857036917593013,1.04101912,106275239.15573,258.71552765455544,145.79737396113336,1.8472747732828052,1380.14454091175,-80.48553590253975,2,1054
2019-05-30,254.294201753361,27028582996.64507900788340853,0.98643067,106288632.65573,257.792270138317,146.02352370163598,1.7414605216139707,1380.14454091175,-81.57481378107184,2,1055
2019-05-31,266.573922559906,28337443738.45425965608178638,1.0234614,106302384.96823,260.4630937326078,146.31494625277566,1.821918603581136,1380.14454091175,-80.68507213137241,2,1056
2019-06-01,265.140144360023,28188644583.87692767711619429,1.01735924,106316018.84323,260.6160478377559,146.62254798860266,1.808317670080546,1380.14454091175,-80.78895822137106,2,1057
2019-06-02,269.967041496201,28705474602.22548931064281923,1.03450786,106329552.09323,260.96180796171143,147.0890146528341,1.8353990754060658,1380.14454091175,-80.43921969811542,2,1058
2019-06-03,251.05775862069,26698247973.8962915924313037,0.96335715,106343050.78073,260.6071472253982,147.45637394710647,1.702590073934315,1380.14454091175,-81.80931408424537,2,1059
2019-06-04,239.457040911748,25467841364.27309986913551604,0.92328027,106356619.40573,259.3546604345265,147.7935230368201,1.6202133624765924,1380.14454091175,-82.64985776391521,2,1060
2019-06-05,246.337600233782,26203000843.03001251072237086,0.94849003,106370285.40573,259.7155399027041,148.16358186645186,1.6626055953197723,1380.14454091175,-82.15131872557009,2,1061
2019-06-06,247.488754237288,26328840003.39389814954436024,0.94969741,106383985.34323,260.5974825574053,148.5265880499703,1.666292597753763,1380.14454091175,-82.06791050495391,2,1062
2019-06-07,250.225909585038,26623410894.34201647618584274,0.95909631,106397498.71823,260.8975834606621,149.0435307247219,1.678878032265596,1380.14454091175,-81.86958668693252,2,1063
2019-06-08,244.62647019287,26030942434.6814571416268951,0.94028122,106410980.03073,260.16309268930206,149.6331646054934,1.6348412521904865,1380.14454091175,-82.27530067022799,2,1064
2019-06-09,231.039578024547,24588265817.02377144705351681,0.8950244,106424475.09323,258.1377424174659,150.113888302162,1.539095287169505,1380.14454091175,-83.25975496219274,2,1065
2019-06-10,246.746325248393,26263242434.45868239976436689,0.94802675,106438231.28073,260.2735895884721,150.72270439509012,1.6370879638783267,1380.14454091175,-82.12170407272069,2,1066
2019-06-11,245.800910870836,26165946769.03372983437379028,0.94482609,106451789.28073,260.1546607067508,151.34438631502,1.6241164727392454,1380.14454091175,-82.19020518615714,2,1067
2019-06-12,259.656640093513,27644437996.49634387664490449,0.99337062,106465361.28073,261.3894903530699,152.08662991876048,1.7072943245057948,1380.14454091175,-81.18627198844123,2,1068
2019-06-13,255.336300409117,27187936879.45228247044260291,0.97619187,106478933.21823,261.56364159139844,152.79167079982417,1.671140181087743,1380.14454091175,-81.49930729426086,2,1069
2019-06-14,264.76342314436,28195333889.2089146821786828,1.00823837,106492556.84323,262.6000269602515,153.5856069497365,1.7238817386775593,1380.14454091175,-80.81625400123293,2,1070
2019-06-15,269.057187405026,28656246026.22572213237682398,1.0232598,106506153.21823,262.941227052041,154.38619722194574,1.7427541596754867,1380.14454091175,-80.50514424907395,2,1071
2019-06-16,269.848518702513,28744223456.49227324135816199,1.02567349,106519848.96823,263.0939780870353,155.13122463719998,1.7394855183642002,1380.14454091175,-80.44780740687885,2,1072
2019-06-17,273.7140949737,29159717277.829894339998051,1.03738108,106533488.09323,263.8510574857409,155.91754477308544,1.7555054203300198,1380.14454091175,-80.16772252036158,2,1073
2019-06-18,263.702251899474,28096673837.03264504257596102,1.0021107,106546962.09323,263.1468278898469,156.67789878974236,1.6830851954005046,1380.14454091175,-80.89314241497726,2,1074
2019-06-19,268.93683810637,28658051559.5724983066093751,1.01775567,106560528.34323,264.24499124271154,157.43771286630576,1.7082110328593756,1380.14454091175,-80.51386429940844,2,1075
2019-06-20,272.137500292227,29002824434.96522503765632321,1.02637189,106574156.09323,265.1451222930774,158.2240311231731,1.7199504927312552,1380.14454091175,-80.28195654692458,2,1076
2019-06-21,294.852892752776,31427669737.81368756472930648,1.10180804,106587625.59323,267.6082239813534,159.16111511791303,1.852543521917002,1380.14454091175,-78.63608600313773,2,1077
2019-06-22,308.009769725307,32834250518.40767223918637161,1.14179934,106601328.09323,269.75823065838085,160.15919859541157,1.923147545857733,1380.14454091175,-77.68278896920246,2,1078
2019-06-23,306.55350742256,32683197662.4527949864252688,1.13597344,106614985.21823,269.85974902948436,161.1863026886319,1.9018582988080446,1380.14454091175,-77.78830417138448,2,1079
2019-06-24,309.798750263004,33033428214.30341314288061292,1.14596448,106628668.40573,270.3388767014873,162.28123236776693,1.90902389477132,1380.14454091175,-77.55316627500878,2,1080
2019-06-25,316.171920046756,33717303643.98690090848531188,1.16230869,106642309.15573,272.0206110192259,163.40144738734614,1.9349395314550955,1380.14454091175,-77.09139074390812,2,1081
2019-06-26,334.035053477499,35626835304.31266319004185677,1.2146512,106655977.96823,275.0049178541947,164.61862694462255,2.0291449374673003,1380.14454091175,-75.79709634928318,2,1082
2019-06-27,293.215036236119,31277121970.13330861566799937,1.08022015,106669570.46823,271.4400728741442,165.61973214625905,1.7704112453048788,1380.14454091175,-78.75475882820103,2,1083
2019-06-28,309.446182933957,33012712165.83180483027512361,1.13040959,106683210.15573,273.7469547953473,166.72027011674413,1.8560801438077719,1380.14454091175,-77.57871195653674,2,1084
2019-06-29,318.529788135593,33986122327.52036721891627289,1.15937299,106696841.53073,274.7431507228688,167.87720887185813,1.8973974506493554,1380.14454091175,-76.92054863143782,2,1085
2019-06-30,291.660696317943,31123251907.60101974756132589,1.06707775,106710476.59323,273.3265653022407,168.891241197691,1.7269142807503417,1380.14454091175,-78.86738035964942,2,1086
2019-07-01,293.862392752776,31362196295.49540897969630648,1.07693244,106724089.46823,272.86984943342964,169.9354027874046,1.7292594005288502,1380.14454091175,-78.70785384850743,2,1087
2019-07-02,290.571834307423,31014977550.82123453270867129,1.06568856,106737728.46823,272.6611180919715,170.97282928214452,1.6995205350898919,1380.14454091175,-78.94627514046712,2,1088
2019-07-03,302.057210403273,32244992776.98211495347251679,1.10331734,106751276.46823,273.7718328647613,172.06896438296278,1.7554427173223628,1380.14454091175,-78.11408867336979,2,1089
2019-07-04,283.489202805377,30266698381.73183770714823521,1.04650539,106764907.03073,270.8912973734201,173.06748343760918,1.6380269544254096,1380.14454091175,-79.45945555687244,2,1090
2019-07-05,287.858582992402,30737088966.10987383217626346,1.06066376,106778434.90573,271.39475661203136,174.03755784731115,1.6540026563975907,1380.14454091175,-79.14286696361259,2,1091
2019-07-06,287.274129982466,30678641882.76844174203168018,1.05877222,106792219.28073,271.32760432878183,174.9725399715075,1.6418240829632218,1380.14454091175,-79.18521419555901,2,1092
2019-07-07,306.198590590298,32703819520.00934789978598254,1.12431068,106805911.34323,272.34339763658386,176.00378539961974,1.7397273012910979,1380.14454091175,-77.81402008893814,2,1093
2019-07-08,313.326290473407,33469380606.83760681063467211,1.14350761,106819573.15573,274.00455207587737,176.9999969776443,1.7702050611502622,1380.14454091175,-77.29757418984408,2,1094
2019-07-09,308.343054061952,32941289279.38143579202778496,1.13499212,106833245.78073,271.6697751716127,178.00265293760924,1.7322385311303627,1380.14454091175,-77.658640459625,2,1095
2019-07-10,288.731157802455,30850017856.86928859771756715,1.06848964,106846860.90573,270.2236381088871,178.87015714713584,1.6141941305779097,1380.14454091175,-79.07964352692264,2,1096
2019-07-11,267.536604617183,28589106849.98988237025503359,0.98712344,106860543.03073,271.02649352261665,179.55937119301544,1.4899618039405884,1380.14454091175,-80.61531986784202,2,1097
2019-07-12,275.872600233781,29483619493.18706009653721513,1.01618274,106874040.65573,271.4793209671924,180.2368719469605,1.5306113408080222,1380.14454091175,-80.01132547671172,2,1098
2019-07-13,268.688629339568,28719507481.79974871038392464,0.9910879,106887692.09323,271.1047419099436,180.9407160214783,1.4849539409785122,1380.14454091175,-80.53184855826281,2,1099
2019-07-14,230.335976329632,24623254873.68904848850559136,0.85778384,106901471.78073,268.52449951683866,181.4408486471358,1.2694824679617043,1380.14454091175,-83.31073525259407,2,1100
2019-07-15,230.578357977791,24652279501.11142724977801743,0.86326673,106914975.53073,267.09978499668466,182.02315345426615,1.2667529025955728,1380.14454091175,-83.29317320449158,2,1101
2019-07-16,199.001611046172,21278947976.77495555983236556,0.75500075,106928521.15573,263.57803094390573,182.34205105070097,1.0913643336765952,1380.14454091175,-85.58110363464483,2,1102
2019-07-17,210.931314728229,22557452353.08999560184241467,0.80223374,106942169.21823,262.9299968463418,182.6962136325245,1.1545467228592743,1380.14454091175,-84.71672288839518,2,1103
2019-07-18,227.241794272355,24304844708.50845125923728165,0.86280075,106955873.96823,263.3769085995289,183.14041402264724,1.2408063806400162,1380.14454091175,-83.53492786181404,2,1104
2019-07-19,221.03139333723,23643586277.5501894827468279,0.84098188,106969358.15573,262.8253932620166,183.59161868658646,1.2039296505934614,1380.14454091175,-83.98490978407143,2,1105
2019-07-20,230.67205371128,24678003207.6298848281076344,0.87633059,106983064.53073,263.22492486685877,184.04920573334272,1.2533173006216944,1380.14454091175,-83.28638436964772,2,1106
2019-07-21,225.672067124489,24146132846.29571326017454697,0.85734074,106996551.03073,263.22330970121516,184.40543422501426,1.2237820868614997,1380.14454091175,-83.64866429313226,2,1107
2019-07-22,217.013625365284,23222675637.24523088599217732,0.82795359,107010219.28073,262.1084418092613,184.7551919178839,1.1746009576918286,1380.14454091175,-84.27602189971199,2,1108
2019-07-23,212.361456750438,22727747986.21871626164483474,0.81137244,107023884.34323,261.7311684267191,185.04978731677343,1.1475909258242578,1380.14454091175,-84.6131002619372,2,1109
2019-07-24,216.848442548217,23210925584.64377209142270841,0.82843959,107037548.03073,261.75528688605647,185.36252074517787,1.1698613164973277,1380.14454091175,-84.28799041548484,2,1110
2019-07-25,219.638668264173,23512562982.53007059408259879,0.83887751,107051108.84323,261.8244805063054,185.68101267066007,1.1828816802811344,1380.14454091175,-84.08582132136135,2,1111
2019-07-26,219.365355873758,23486303435.88335800814183334,0.83902495,107064779.40573,261.4527206536087,186.02610879105748,1.1792181070676848,1380.14454091175,-84.10562449286354,2,1112
2019-07-27,206.645765049679,22127310383.79919738355119817,0.7926561,107078460.46823,260.7004034280176,186.31407380274658,1.1091259013983983,1380.14454091175,-85.02723744332134,2,1113
2019-07-28,210.927540561075,22588657453.43696124831683475,0.80897672,107092025.03073,260.73375827313674,186.62056222442982,1.1302481251096737,1380.14454091175,-84.71699635012632,2,1114
2019-07-29,210.840748977206,22582206929.60322724070729038,0.80864285,107105514.65573,260.73407929991095,187.04011694973667,1.1272488085209296,1380.14454091175,-84.72328493666899,2,1115
2019-07-30,210.029560841613,22498210629.98571561961107999,0.80579195,107119257.59323,260.64986233929613,187.46541188281674,1.120364331383439,1380.14454091175,-84.7820605294817,2,1116
2019-07-31,218.08824050263,23364399796.9285315331620699,0.83480225,107132781.40573,261.24539135182016,187.9342065321446,1.16044994962281,1380.14454091175,-84.19815939288817,2,1117
2019-08-01,217.353194915254,23288593514.95737596706125542,0.83789184,107146313.28073,259.404835491958,188.4442730298068,1.1534083335123408,1380.14454091175,-84.25141798759236,2,1118
2019-08-02,217.667191992987,23325235985.93407559570630301,0.83930516,107160090.46823,259.3421348594914,188.8909910704263,1.1523428976654146,1380.14454091175,-84.2286669591004,2,1119
2019-08-03,221.83531648159,23774926195.0332110026242607,0.85475609,107173765.53073,259.5305480439338,189.39851827235503,1.1712621540290558,1380.14454091175,-83.92666058476445,2,1120
2019-08-04,222.788521917008,23880114247.41949674747865584,0.85837096,107187363.34323,259.5480652292897,189.90035631297454,1.1731864344152705,1380.14454091175,-83.85759496104447,2,1121
2019-08-05,232.299908825248,24902785291.67540434601987104,0.89257255,107201011.90573,260.2588538323837,190.44861709906453,1.2197510927811774,1380.14454091175,-83.16843620800861,2,1122
2019-08-06,225.729268264173,24201476457.03089423704491129,0.86862087,107214614.40573,259.87087814753176,190.97983748334275,1.181953400100998,1380.14454091175,-83.64451971711225,2,1123
2019-08-07,226.042916773817,24238198759.22035263082658391,0.86845131,107228304.71823,260.2827748326121,191.49261211104584,1.1804263061738152,1380.14454091175,-83.62179394453216,2,1124
2019-08-08,220.550041320865,23652189079.69625177395580645,0.84946423,107241825.65573,259.6342889221657,192.00778615897104,1.1486515507150459,1380.14454091175,-84.01978671196531,2,1125
2019-08-09,209.817827878434,22504087876.41968705793977682,0.81154859,107255365.78073,258.54006828899054,192.47728108299205,1.0900913951915452,1380.14454091175,-84.797401890977,2,1126
2019-08-10,206.324379310345,22132229773.77962313639596435,0.799584,107269096.59323,258.0396547584057,192.9190243807711,1.069486951702157,1380.14454091175,-85.05052382600135,2,1127
2019-08-11,215.789734658095,23150490321.70123460041700935,0.83418283,107282630.28073,258.68398017505945,193.41640587112764,1.1156744107936458,1380.14454091175,-84.36470034395526,2,1128
2019-08-12,210.972497662186,22636570385.26155814795272578,0.81748912,107296309.40573,258.0737682015707,193.88963656954962,1.0881061071384732,1380.14454091175,-84.71373893035772,2,1129
2019-08-13,208.597628345996,22384585077.50699479570420708,0.80814047,107309873.34323,258.12050762164654,194.3577878790178,1.0732661172077247,1380.14454091175,-84.88581288680153,2,1130
2019-08-14,186.381814143776,20003157815.29140326560623648,0.72795215,107323549.28073,256.0358041991854,194.7144967495613,0.9572056382812489,1380.14454091175,-86.495485898843,2,1131
2019-08-15,188.016636469901,20181152795.77802682051024523,0.73484601,107337058.96823,255.85855255565855,195.0954695476326,0.9637160560717002,1380.14454091175,-86.3770329196322,2,1132
2019-08-16,185.577936879018,19921927094.34828242294122314,0.72971667,107350730.53073,254.31505748528127,195.49502345324333,0.9492719231464365,1380.14454091175,-86.5537317738893,2,1133
2019-08-17,185.547666510812,19921209462.08476573904075276,0.73000362,107364376.15573,254.17362520861474,195.90162240677927,0.9471471661706414,1380.14454091175,-86.55592504910858,2,1134
2019-08-18,194.706162068966,20907145547.70940624972707518,0.76501723,107377934.65573,254.51212656866045,196.3368037869663,0.9916946711643039,1380.14454091175,-85.8923354549271,2,1135
2019-08-19,202.767035067212,21775438956.85588438130367476,0.79603354,107391415.71823,254.72172324197797,196.8219427817062,1.0302054344220117,1380.14454091175,-85.30827539749856,2,1136
2019-08-20,196.717822033898,21128485242.93723778905606054,0.77317201,107405038.46823,254.42956999167365,197.27235715341862,0.9971889872077243,1380.14454091175,-85.74657826027827,2,1137
2019-08-21,186.497284628872,20033290069.36649018940423656,0.73513461,107418668.90573,253.69134045922826,197.66198791759166,0.9435161843390222,1380.14454091175,-86.48711934869748,2,1138
2019-08-22,191.596093220339,20583575753.59051141808689247,0.75456809,107432126.65573,253.91491604202213,198.08985977030935,0.9672180768995442,1380.14454091175,-86.11767916034599,2,1139
2019-08-23,194.624304792519,20911572320.24166319180454637,0.76603268,107445842.09323,254.06788753779935,198.5328479161305,0.9803128642708907,1380.14454091175,-85.89826652040759,2,1140
2019-08-24,191.114351256575,20536982017.97607592215204975,0.75346819,107459130.53073,253.64621067357203,198.95774173991776,0.9605776060044156,1380.14454091175,-86.15258434233843,2,1141
2019-08-25,186.324488895383,20024841261.80034555765418209,0.73623491,107472943.46823,253.07749790808347,199.37239062361152,0.93455512226434,1380.14454091175,-86.49963946730583,2,1142
2019-08-26,188.569805376973,20268697018.33037168505031779,0.74525153,107486439.71823,253.02840421806718,199.79874438164777,0.943798750890918,1380.14454091175,-86.33695241424496,2,1143
2019-08-27,186.883293103448,20089950253.33730989017795704,0.74076913,107499979.90573,252.28277682609155,200.14565342168282,0.9337364559684311,1380.14454091175,-86.4591506495407,2,1144
2019-08-28,173.17579748685,18618753079.6522934430709005,0.6897001,107513598.03073,251.0885491923954,200.42101259175885,0.864060086551877,1380.14454091175,-87.45234340655024,2,1145
2019-08-29,168.735882349503,18143722526.69691594906078969,0.67474164,107527351.46823,250.07480248218118,200.6468026624777,0.8409597367636386,1380.14454091175,-87.77404269280137,2,1146
2019-08-30,168.372436002338,18106935778.14145700570997174,0.67453816,107540974.09323,249.61143192008294,200.89003176534155,0.8381323579012264,1380.14454091175,-87.80037662641422,2,1147
2019-08-31,172.177609877265,18518486184.32055779161616595,0.69037737,107554554.84323,249.3963698104198,201.14677630508442,0.8559799616978144,1380.14454091175,-87.52466826673667,2,1148
2019-09-01,171.211480479252,18416896815.31322719253616396,0.68696684,107568118.46823,249.22815849343183,201.39938257802424,0.8501092619433571,1380.14454091175,-87.59467031140474,2,1149
2019-09-02,178.580194623027,19211969612.82583673135349471,0.71602468,107581748.65573,249.40508282902624,201.69387898509612,0.8854021526167531,1380.14454091175,-87.06076143988126,2,1150
2019-09-03,179.233673874927,19284688784.30348343215519421,0.72074993,107595232.34323,248.67664416551105,201.9882472273521,0.8873470428860487,1380.14454091175,-87.01341283018648,2,1151
2019-09-04,174.729775277615,18802443384.57274368283048395,0.70383924,107608696.65573,248.25239251738083,202.25287169842167,0.863917401074798,1380.14454091175,-87.3397481134704,2,1152
2019-09-05,174.54153974284,18784566921.5545472853099732,0.70339597,107622328.46823,248.1412279670013,202.46154694681437,0.8620972346353315,1380.14454091175,-87.35338694108556,2,1153
2019-09-06,169.23070338983,18215297411.6215853994626009,0.68368867,107635890.21823,247.52597317406182,202.58562348392718,0.8353539628307164,1380.14454091175,-87.7381898508954,2,1154
2019-09-07,178.287494389246,19192558161.86208326830202958,0.71888623,107649491.78073,248.005159855748,202.76137447720598,0.8792971287008549,1380.14454091175,-87.08196938043419,2,1155
2019-09-08,181.604640268849,19552102093.38930300292110477,0.73185971,107663009.40573,248.14132789035344,202.9334369611335,0.894897573255168,1380.14454091175,-86.84162166457745,2,1156
2019-09-09,181.388241671537,19531256644.29157136918439451,0.73106757,107676531.09323,248.1141950689141,203.12237175219136,0.8929998212743896,1380.14454091175,-86.85730108009496,2,1157
2019-09-10,179.595805669199,19340677279.36915102983686027,0.72463439,107690027.65573,247.84333747836482,203.285034259497,0.8834679164819469,1380.14454091175,-86.98717414405344,2,1158
2019-09-11,178.058855639977,19177575307.17750597409293071,0.71976293,107703574.96823,247.38542125249074,203.38767603769688,0.8754653138716953,1380.14454091175,-87.09853567059375,2,1159
2019-09-12,180.84650818235,19480282265.9494011586779905,0.73162702,107717215.34323,247.1840203254795,203.61499293424862,0.8881787415367245,1380.14454091175,-86.89655301879618,2,1160
2019-09-13,181.51325949737,19554530056.2357911134723051,0.73478401,107730587.34323,247.02940867938867,203.83293485710072,0.8905001521202736,1380.14454091175,-86.84824276611936,2,1161
2019-09-14,188.595950496786,20320121901.65406607066135878,0.76216383,107744211.09323,247.44804604121137,204.09728502893006,0.9240492859572003,1380.14454091175,-86.33505803876196,2,1162
2019-09-15,189.443608416131,20414013910.32608006374076813,0.76523723,107757733.71823,247.56193372365198,204.3745192764461,0.9269433835823786,1380.14454091175,-86.27363998476703,2,1163
2019-09-16,197.430535651666,21277376292.10699400627169618,0.79536541,107771456.03073,248.22620291177358,204.6878983340148,0.9645442513142323,1380.14454091175,-85.69493775476302,2,1164
2019-09-17,209.287582700175,22558065691.81962353187325275,0.83952277,107785017.15573,249.29351552927503,205.0600134246051,1.0206162537735533,1380.14454091175,-84.83582143056441,2,1165
2019-09-18,210.7212235827,22715476815.836384057146371,0.84506907,107798713.53073,249.35384699702715,205.45263305508436,1.0256438209103071,1380.14454091175,-84.73194529005681,2,1166
2019-09-19,221.562201052016,23887092068.09462607610345168,0.88505503,107812126.59323,250.33720338498728,205.91221514158352,1.0760031933980783,1380.14454091175,-83.94644948523668,2,1167
2019-09-20,217.195570134424,23419282705.61928872565434952,0.8679429,107825784.34323,250.24177297195936,206.37259079471033,1.0524438797712234,1380.14454091175,-84.26283887693818,2,1168
2019-09-21,215.50002980713,23239383805.9726817658087299,0.86005749,107839353.09323,250.5646800507836,206.77155264888918,1.0422131431834936,1380.14454091175,-84.3856912505145,2,1169
2019-09-22,211.051801870251,22762531859.17535254349525073,0.84301017,107852819.34323,250.35498903916073,207.14090013866124,1.0188803936304796,1380.14454091175,-84.70799285045709,2,1170
2019-09-23,201.226725014611,21705620816.96840175359230853,0.80670152,107866491.46823,249.44384016359734,207.46632156034448,0.9699247738196456,1380.14454091175,-85.41988037849451,2,1171
2019-09-24,168.43832817066,18171096118.7594149899006318,0.68344877,107879817.59323,246.45348058883772,207.64630609570392,0.8111790252268055,1380.14454091175,-87.79560233166691,2,1172
2019-09-25,169.84662478083,18325332283.5080355747480309,0.68942916,107893414.46823,246.35834199532553,207.81405441540002,0.8173009532903063,1380.14454091175,-87.69356254029552,2,1173
2019-09-26,166.334617884278,17948652110.43171663332436294,0.67760665,107906894.78073,245.47370939213482,207.96959918950873,0.7998025602420306,1380.14454091175,-87.94802914089026,2,1174
2019-09-27,174.083654120397,18787159116.85668956278817481,0.70820563,107920293.90573,245.80947502549083,208.1796169224135,0.8362185342346762,1380.14454091175,-87.38656358373927,2,1175
2019-09-28,173.798880362361,18758777867.53083819582741603,0.7084324,107933824.59323,245.32881381817236,208.38513049868467,0.8340272645483119,1380.14454091175,-87.40719720214622,2,1176
2019-09-29,169.853334891876,18335225930.59022202659634948,0.693785,107947400.28073,244.82128453609693,208.5787286108998,0.8143368023339265,1380.14454091175,-87.693076351288,2,1177
2019-09-30,179.508727936879,19379914104.30770816096947917,0.73299245,107960845.84323,244.89846783125668,208.81972583766776,0.8596349181897953,1380.14454091175,-86.99348346381952,2,1178
2019-10-01,176.635159555815,19072078358.08970709352831995,0.72272104,107974416.90573,244.40295740638047,209.02488692182905,0.8450436795206728,1380.14454091175,-87.20169124901031,2,1179
2019-10-02,180.731424605494,19516786183.41281641754333062,0.73892398,107987784.78073,244.58730464464557,209.22539965707162,0.8638120653693083,1380.14454091175,-86.90489153504899,2,1180
2019-10-03,175.467113267095,18950671629.80694256101970435,0.71849608,108001273.15573,244.2144336641266,209.41201996186413,0.837903733028549,1380.14454091175,-87.28632342006888,2,1181
2019-10-04,176.204069316189,19032647256.72527098597742547,0.72297309,108014799.71823,243.72147698635504,209.60772422720606,0.8406372902803482,1380.14454091175,-87.23292640060836,2,1182
2019-10-05,176.184813267095,19032954336.35846574995126685,0.72316904,108028348.09323,243.62881086155875,209.79900790780218,0.8397790581761034,1380.14454091175,-87.2343216203497,2,1183
2019-10-06,169.854954237288,18351456741.36800775497586024,0.69866463,108041928.03073,243.11371571405869,209.95485321668588,0.8090070395371505,1380.14454091175,-87.69295901970683,2,1184
2019-10-07,181.001570426651,19558183240.70938693414379773,0.74336173,108055323.46823,243.4905687526462,210.18692819769112,0.8611457048195221,1380.14454091175,-86.88531780105599,2,1185
2019-10-08,180.668669783752,19524626055.32831127240819896,0.74175409,108068687.71823,243.5694959009286,210.41080470704236,0.8586473020494327,1380.14454091175,-86.90943850965068,2,1186
2019-10-09,194.229131502046,20992694653.52095946118687358,0.79399486,108082111.53073,244.62265599810812,210.699575161455,0.9218297253481028,1380.14454091175,-85.92689926710615,2,1187
2019-10-10,191.574099707773,20708294401.07384779915380179,0.78276434,108095480.71823,244.74045369487965,210.98034845806515,0.9080186904035312,1380.14454091175,-86.11927272623086,2,1188
2019-10-11,180.902172472238,19557135399.23680033595612374,0.74252558,108108902.90573,243.63089615342008,211.21939353141408,0.8564657318994381,1380.14454091175,-86.89251979704021,2,1189
2019-10-12,180.319804997078,19496576966.86311355399508194,0.74049038,108122216.34323,243.51404132634107,211.45517085710085,0.8527566588519899,1380.14454091175,-86.93471591910547,2,1190
2019-10-13,181.47459760374,19623873247.0228735585841802,0.74517961,108135648.21823,243.53135159420157,211.66646730800676,0.8573611111469394,1380.14454091175,-86.85104405920742,2,1191
2019-10-14,186.520615137347,20172029261.74531967741161081,0.76542412,108149060.34323,243.68269860289612,211.91238732407925,0.8801779711541807,1380.14454091175,-86.4854289091976,2,1192
2019-10-15,180.282949853887,19499881803.10425998931488501,0.74103979,108162651.09323,243.2837646327831,212.10195718585598,0.8499824907127692,1380.14454091175,-86.93738630196019,2,1193
2019-10-16,174.995676329632,18930329980.25640676858759136,0.72054134,108175986.84323,242.8669482442631,212.26639684161285,0.8244153522811658,1380.14454091175,-87.32048193923033,2,1194
2019-10-17,177.070229865576,19157102786.74151204276415048,0.72885355,108189291.90573,242.94349648921383,212.44536406516633,0.8334859677675094,1380.14454091175,-87.17016771673784,2,1195
2019-10-18,173.130578725891,18733179055.12424780078769293,0.7168197,108202601.71823,241.52597748902693,212.6045385149033,0.814331528081442,1380.14454091175,-87.45561978519166,2,1196
2019-10-19,171.613132729398,18571275922.18756040235090054,0.71086389,108215936.78073,241.41489692126297,212.63526977615405,0.8070774566705656,1380.14454091175,-87.56556812404396,2,1197
2019-10-20,175.187846580947,18960460615.26602756411912631,0.72515673,108229314.90573,241.58618314270768,212.7100111452365,0.8235994424415233,1380.14454091175,-87.30655801708895,2,1198
2019-10-21,174.198366861485,18855669092.92275648504374655,0.72137568,108242513.59323,241.48078690632462,212.79167429514885,0.8186333766981235,1380.14454091175,-87.37825193682929,2,1199
2019-10-22,171.261682057276,18540097818.29191498315984148,0.70996249,108255960.09323,241.226380927922,212.8182877784919,0.8047319797795321,1380.14454091175,-87.5910328968778,2,1200
2019-10-23,161.323558386908,17466401721.48085902054193284,0.67210036,108269380.46823,240.02897184418708,212.79786159614238,0.7581070466444597,1380.14454091175,-88.31111136516654,2,1201
2019-10-24,161.024464640561,17436144751.07578360673112703,0.67288679,108282581.71823,239.30394686535757,212.73066562156612,0.7569405387327324,1380.14454091175,-88.33278255521083,2,1202
2019-10-25,181.161944476914,19619024348.73481973399544222,0.75217744,108295505.46823,240.85001070613606,212.73257783810615,0.8515947407678289,1380.14454091175,-86.8736977101518,2,1203
2019-10-26,179.720602337814,19465304291.25167757042577422,0.74626659,108308697.15573,240.82627407695423,212.75139141671517,0.8447446624957488,1380.14454091175,-86.97813185428484,2,1204
2019-10-27,184.572484570427,19993191637.66469631949953421,0.76496565,108321625.96823,241.2820556980918,212.78687944476894,0.8674053825688756,1380.14454091175,-86.62658300640781,2,1205
2019-10-28,182.81422063121,19805137190.2790433809320833,0.7574837,108334773.53073,241.34409840265874,212.87319874196356,0.8587939755291136,1380.14454091175,-86.75398009324158,2,1206
2019-10-29,190.830495441262,20676078433.58402684158248126,0.7889711,108347873.78073,241.87260527193203,213.00289213237852,0.8959056542887847,1380.14454091175,-86.17315145012306,2,1207
2019-10-30,183.277003798948,19860089769.44062119530367204,0.75893571,108361056.53073,241.49213350225406,213.0986338550553,0.860057150453666,1380.14454091175,-86.72044859316897,2,1208
2019-10-31,182.430567212157,19770762290.41711888046345961,0.75611429,108374175.40573,241.2737989810469,213.1707211957917,0.85579560921314,1380.14454091175,-86.78177815407363,2,1209
2019-11-01,183.362267679719,19874161256.78574923364045237,0.75984838,108387409.84323,241.31428388347555,213.28474516861462,0.8597064339259703,1380.14454091175,-86.71427069815554,2,1210
2019-11-02,182.998768848627,19837147560.08220364328337021,0.75812905,108400442.71823,241.3820824418046,213.36642731209795,0.8576736797535106,1380.14454091175,-86.74060843455321,2,1211
2019-11-03,181.907013734658,19721195071.13365960365929034,0.75392083,108413604.65573,241.28132092418514,213.44414168234925,0.8522464580235456,1380.14454091175,-86.8197128385925,2,1212
2019-11-04,186.034432787843,20171089546.90647598718766539,0.77021801,108426645.78073,241.5347737556059,213.5065840859144,0.8713287863431102,1380.14454091175,-86.52065582457436,2,1213
2019-11-05,189.217251373466,20518676028.95880161475711018,0.79757672,108439774.28073,237.24018847173224,213.58440642548194,0.8859132299973526,1380.14454091175,-86.29004095118432,2,1214
2019-11-06,191.556660666277,20774867850.86127788420244221,0.80682327,108452860.78073,237.4208426912092,213.67611288194013,0.896481399266728,1380.14454091175,-86.12053629254433,2,1215
2019-11-07,186.770622443016,20258242191.76273864332288168,0.78755498,108465892.15573,237.1524873641406,213.76023798860288,0.8737388403028168,1380.14454091175,-86.46731433508901,2,1216
2019-11-08,184.038223085915,19964272573.24992172684735545,0.77736103,108478946.59323,236.74742620673305,213.82260203068356,0.8607051889655029,1380.14454091175,-86.66529355220028,2,1217
2019-11-09,184.962579777908,20066928432.06545672075686284,0.78184467,108491828.21823,236.57202878662332,213.89272788135568,0.8647445923477353,1380.14454091175,-86.59831819819986,2,1218
2019-11-10,189.045104675628,20512236271.73206674950354844,0.79820257,108504456.15573,236.8385066407742,214.0122428337227,0.8833378042886408,1380.14454091175,-86.30251404314933,2,1219
2019-11-11,184.418845295149,20012596599.62344134558530377,0.77956796,108517090.90573,236.5654500412626,214.17410958796,0.8610697420427902,1380.14454091175,-86.63771512124967,2,1220
2019-11-12,186.5779264173,20249264554.450768373391129,0.78818604,108529797.40573,236.71813118803777,214.34219458240773,0.8704675567066976,1380.14454091175,-86.48127635283454,2,1221
2019-11-13,188.033356107539,20409605331.40310019975623597,0.79414238,108542472.21823,236.7753703152563,214.50372769549946,0.8765971488125526,1380.14454091175,-86.3758214785735,2,1222
2019-11-14,184.766463763881,20057345709.28114697839687563,0.78279974,108555120.34323,236.03286296937324,214.6613007784919,0.8607348557648998,1380.14454091175,-86.61252801523088,2,1223
2019-11-15,179.989789070719,19541082963.11019931905244487,0.76581348,108567730.78073,235.03084467867947,214.7985236800115,0.8379470491093898,1380.14454091175,-86.95862761216195,2,1224
2019-11-16,182.287117182934,19792798442.95431930912956182,0.77486213,108580347.03073,235.25103386190005,214.91026675862048,0.8482010651807174,1380.14454091175,-86.79217199507875,2,1225
2019-11-17,183.829805961426,19962638063.56796851427999598,0.78108292,108593043.21823,235.35248467784447,215.03830148977187,0.8548700612303233,1380.14454091175,-86.6803946606937,2,1226
2019-11-18,178.062372004676,19338575929.40058286319994348,0.75838499,108605629.09323,234.7915298332526,215.13265525219154,0.8276863956145593,1380.14454091175,-87.09828088824344,2,1227
2019-11-19,175.435199883109,19055434734.61644760084831457,0.74828724,108618080.90573,234.44900635096892,215.18635399123303,0.815271027317357,1380.14454091175,-87.28863574193375,2,1228
2019-11-20,174.409720338983,18946251669.47991450445544759,0.74449806,108630709.53073,234.26484192448135,215.24821626417284,0.8102725465791131,1380.14454091175,-87.36293807141647,2,1229
2019-11-21,160.728296902396,17462081474.70662811629162908,0.689448,108643479.78073,233.12606157737207,215.24442976651065,0.7467245358067953,1380.14454091175,-88.35424173788233,2,1230
2019-11-22,149.776162478083,16274081420.15314268132567809,0.64890351,108656018.09323,230.81422764700872,215.13296749883094,0.6962027448391744,1380.14454091175,-89.14779155093872,2,1231
2019-11-23,152.327056282876,16553182890.63430607270052948,0.6613204,108668698.09323,230.33775501689652,215.0443522060197,0.7083518107787437,1380.14454091175,-88.96296353262784,2,1232
2019-11-24,141.576619520748,15386734417.06709402799083604,0.61653331,108681323.71823,229.63336647738953,214.90444148275847,0.6587887088043572,1380.14454091175,-89.74189910375476,2,1233
2019-11-25,146.562241846873,15930399706.72783018199309479,0.63986243,108693750.21823,229.05273848766683,214.7860011183517,0.6823640324962988,1380.14454091175,-89.38065995971327,2,1234
2019-11-26,147.942878550555,16082214168.12502735879480515,0.6462043,108705564.78073,228.94134030144184,214.66460640122722,0.6891815145065723,1380.14454091175,-89.28062429947946,2,1235
2019-11-27,153.24832226768,16660766598.1352446994958064,0.66836031,108717448.59323,229.2899802318902,214.43281543980117,0.7146682374774033,1380.14454091175,-88.89621211946096,2,1236
2019-11-28,151.010392460549,16419242981.57448331997492077,0.65888083,108729225.28073,229.1922690489402,214.2519468834014,0.7048262321869625,1380.14454091175,-89.05836396231452,2,1237
2019-11-29,154.256289012274,16773980284.12365413154530502,0.68005828,108740981.59323,226.82804334398224,214.04410231297473,0.720675259656166,1380.14454091175,-88.82317870051718,2,1238
2019-11-30,152.016210111046,16532206751.08224802297281858,0.67158553,108752920.09323,226.354207052445,213.71310933518396,0.711309711341228,1380.14454091175,-88.98548625851745,2,1239
2019-12-01,151.380223378141,16464810252.49350556938433543,0.6692581,108764605.34323,226.1910963470461,213.22470329690222,0.7099563091775225,1380.14454091175,-89.03156742712352,2,1240
2019-12-02,149.052715663355,16213430931.98694242061521165,0.66005568,108776487.96823,225.818397113642,212.65306452425466,0.700919669306503,1380.14454091175,-89.20020974289491,2,1241
2019-12-03,147.465369140853,16042513006.56638755812110019,0.65421314,108788341.96823,225.4087546160461,212.17907240151942,0.6950043068422661,1380.14454091175,-89.31522280677684,2,1242
2019-12-04,145.69724465225,15851869192.1287002323042675,0.64732033,108800061.59323,225.07750475294048,211.73335222647557,0.6881166482284207,1380.14454091175,-89.44333435134268,2,1243
2019-12-05,148.022399883109,16106591214.27520236083518957,0.65792383,108811850.28073,224.98409866550816,211.16359399941535,0.7009844693376398,1380.14454091175,-89.27486248756796,2,1244
2019-12-06,148.700186732905,16182094050.75954925861279565,0.66275053,108823629.65573,224.36826528513683,210.64500783489166,0.7059278938595097,1380.14454091175,-89.22575264220725,2,1245
2019-12-07,147.515199298656,16054885075.05784284917169888,0.65803297,108835463.40573,224.17600032815375,210.0984930204557,0.702124023727736,1380.14454091175,-89.31161230393995,2,1246
2019-12-08,150.838420806546,16418332794.99997744024178358,0.67253015,108847153.84323,224.28499422151705,209.62993255289285,0.7195461972897746,1380.14454091175,-89.07082437127207,2,1247
2019-12-09,147.375495149036,16043142656.96759369412287628,0.65788104,108858956.78073,224.01541644829285,209.13760810432476,0.7046819387717211,1380.14454091175,-89.32173473282177,2,1248
2019-12-10,145.696360140269,15862096882.87193432979221637,0.65092845,108870920.78073,223.82853313642846,208.6218936449443,0.6983752164968414,1380.14454091175,-89.44339843970116,2,1249
2019-12-11,143.130404734074,15584410423.03802683640596902,0.64099493,108882598.71823,223.29412922825148,208.07810336382212,0.6878686532614735,1380.14454091175,-89.6293177641003,2,1250
2019-12-12,144.734203682057,15760761090.18836016894729911,0.64767506,108894516.21823,223.46731041651813,207.4603026843949,0.6976477032439222,1380.14454091175,-89.51311262033158,2,1251
2019-12-13,144.599715078901,15747768043.44315189521562773,0.64745006,108905941.03073,223.33724871212613,206.82021960432476,0.6991565687123819,1380.14454091175,-89.52285715064484,2,1252
2019-12-14,141.842442840444,15448990461.81836303462834412,0.63613424,108916556.65573,222.97564558141693,206.17331432583268,0.6879767311509515,1380.14454091175,-89.72263856170166,2,1253
2019-12-15,142.304544126242,15500840692.96669679178179166,0.63836633,108927236.21823,222.91987756660353,205.5381979918175,0.6923508404598699,1380.14454091175,-89.68915646818898,2,1254
2019-12-16,132.379981122151,14421187891.22988051234813773,0.59585461,108937830.09323,222.16825866657476,204.92862688866146,0.645980911169007,1380.14454091175,-90.40825238241364,2,1255
2019-12-17,121.505916423144,13237868779.13204726043721512,0.55151711,108948347.28073,220.31214303241472,204.20328685797764,0.5950242931576843,1380.14454091175,-91.19614556147323,2,1256
2019-12-18,132.883688018703,14478842240.25839347252799319,0.60249482,108958762.78073,220.5557352654136,203.54200457627104,0.6528563393847728,1380.14454091175,-90.37175570531784,2,1257
2019-12-19,127.844947691409,13931158617.61492548225406107,0.58446816,108969176.09323,218.7372323094709,202.83139410724706,0.6303015775941027,1380.14454091175,-90.7368435767639,2,1258
2019-12-20,128.217562828755,13973088528.71006689450232865,0.58816933,108979520.59323,217.99430247196844,202.21719312828736,0.6340586616065494,1380.14454091175,-90.70984530764785,2,1259
2019-12-21,127.097141145529,13852322032.57183870442391867,0.5838911,108990036.34323,217.67268099398842,201.65539362945626,0.6302689893783413,1380.14454091175,-90.79102678176257,2,1260
2019-12-22,132.060468731736,14394640676.26967167526074728,0.6062308,109000375.46823,217.83859997172038,201.08400797194605,0.6567427716587001,1380.14454091175,-90.43140302938892,2,1261
2019-12-23,127.814310578609,13933130465.76721006652909207,0.58812061,109010723.46823,217.32669864878395,200.48563575365264,0.637523531788887,1380.14454091175,-90.73906342489518,2,1262
2019-12-24,127.656445938048,13917260084.71054251483621504,0.589136,109021209.09323,216.68417129159994,199.87278843541768,0.6386884724895704,1380.14454091175,-90.75050169356061,2,1263
2019-12-25,124.881023085915,13615970041.32360425530923045,0.57805793,109031538.21823,216.0354812292169,199.27406119988294,0.6266797712355168,1380.14454091175,-90.95159822873217,2,1264
2019-12-26,125.308429865576,13663869133.60611921879765048,0.5813102,109041898.84323,215.5620697272747,198.74540545908806,0.6304972413129363,1380.14454091175,-90.92062996656894,2,1265
2019-12-27,126.181629456458,13760400044.73373711496107934,0.58545472,109052324.84323,215.5275636969124,198.14258198012837,0.636822374047355,1380.14454091175,-90.85736126064738,2,1266
2019-12-28,128.037601694915,13964141742.76945283580880045,0.59409234,109062818.71823,215.51801474988721,197.5537654342488,0.6481152177153989,1380.14454091175,-90.72288460378716,2,1267
2019-12-29,134.639243717125,14685535888.38886778120850125,0.6231622,109073220.28073,216.05810448246865,196.92867845236685,0.6836954616018082,1380.14454091175,-90.24455484726406,2,1268
2019-12-30,131.287466744594,14321315329.09092803128299862,0.60866437,109083644.34323,215.6976376727851,196.30843428404424,0.6687815896622682,1380.14454091175,-90.48741179979142,2,1269
2019-12-31,128.511079777908,14019789564.49118518264486284,0.59737151,109094014.21823,215.12756739588735,195.62717256721197,0.6569183518396722,1380.14454091175,-90.68857819101969,2,1270
2020-01-01,129.963875336061,14179620092.76739481102471703,0.60401742,109104318.84323,215.1657734243178,194.93170600686713,0.6667149126139725,1380.14454091175,-90.58331417590477,2,1271
2020-01-02,126.730876972531,13828388490.16716415202537763,0.59007664,109116174.53073,214.7701982788727,194.2161177982172,0.6525250242320224,1380.14454091175,-90.81756488426856,2,1272
2020-01-03,133.800767095266,14601654728.57377959744789918,0.6217776,109129828.21823,215.19071625492137,193.51655115882502,0.6914176916343014,1380.14454091175,-90.30530765952422,2,1273
2020-01-04,134.050349210988,14630731356.00661006318391124,0.62295237,109143552.71823,215.18555136243884,192.86829164538258,0.6950357058041442,1380.14454091175,-90.28722389305457,2,1274
2020-01-05,134.982177089421,14734260130.10799012277284483,0.62722837,109157078.71823,215.20419602420247,192.19851834029785,0.7023060232463798,1380.14454091175,-90.2197072054316,2,1275
2020-01-06,143.988824079486,15719385892.40542821930897978,0.66720181,109170874.84323,215.81000219331838,191.5577749592341,0.7516730871932952,1380.14454091175,-89.56711997829125,2,1276
2020-01-07,143.248955698422,15640564381.28721409987413306,0.66257856,109184491.46823,216.19920164398619,190.79975527396238,0.7507816532192931,1380.14454091175,-89.6207280141985,2,1277
2020-01-08,140.872484044418,15383007551.43259112382821514,0.65340864,109198099.65573,215.5962982742591,189.96406884555793,0.7415743666711428,1380.14454091175,-89.79291806991789,2,1278
2020-01-09,137.473664114553,15013734414.70625510764615119,0.63867031,109211713.46823,215.24981193278424,189.11866962901786,0.7269174660768627,1380.14454091175,-90.03918357538586,2,1279
2020-01-10,143.789400935126,15705453489.29252592433017198,0.66686883,109225390.65573,215.61871610512375,188.2886228823785,0.7636648392980675,1380.14454091175,-89.58156941734987,2,1280
2020-01-11,142.846074284044,15604367250.22178482101942212,0.66279614,109239034.59323,215.5203774784265,187.42199365356493,0.7621628150433823,1380.14454091175,-89.64991926210301,2,1281
2020-01-12,145.447126008182,15890489273.65794003868580786,0.67477319,109252686.59323,215.5496515920883,186.47905401621836,0.7799649498196847,1380.14454091175,-89.46145699260623,2,1282
2020-01-13,143.910222209234,15724539631.08457484081413582,0.66859452,109266314.71823,215.24289820567782,185.73252994608393,0.7748250791124718,1380.14454091175,-89.57281516947752,2,1283
2020-01-14,166.047976914085,18145716456.78076203838514455,0.76360036,109279961.09323,217.45403173210266,185.0155389159846,0.8974812488019575,1380.14454091175,-87.96879805035562,2,1284
2020-01-15,165.85377936879,18126744829.5674157788141667,0.76241979,109293528.90573,217.5360366351325,184.25215887215055,0.900145650308896,1380.14454091175,-87.98286886247264,2,1285
2020-01-16,164.052933255406,17932157511.73262410323675138,0.75477525,109307143.46823,217.3533555259079,183.61412005683786,0.8934657814149768,1380.14454091175,-88.11335129094309,2,1286
2020-01-17,171.034402337814,18697635815.30458157721164922,0.7839624,109320905.96823,218.16658852237558,182.99998010476304,0.9346143220338109,1380.14454091175,-87.6075007169303,2,1287
2020-01-18,175.074978375219,19141735600.57976488831085487,0.80102117,109334502.15573,218.5647332831653,182.422495825102,0.9597225253571388,1380.14454091175,-87.31473601601459,2,1288
2020-01-19,166.791822443016,18238394007.82492605255888168,0.76505223,109348250.65573,218.01364129481198,181.74616888530073,0.9177185052427578,1380.14454091175,-87.91490184551033,2,1289
2020-01-20,166.927411046172,18255488041.10313493899761556,0.76355683,109361835.34323,218.61818857172952,181.16335992650468,0.9214192710595124,1380.14454091175,-87.90507761340007,2,1290
2020-01-21,169.171668731736,18503243947.08704748425374728,0.77332135,109375547.84323,218.7598580224586,180.56992535520135,0.9368762178915249,1380.14454091175,-87.74246727665366,2,1291
2020-01-22,167.545226271186,18327614940.09992613186304578,0.76618535,109389060.78073,218.6745364828315,179.97128083664495,0.9309553473882439,1380.14454091175,-87.86031308282374,2,1292
2020-01-23,162.156525599065,17740382342.28821528829739245,0.74349304,109402827.15573,218.10093286019867,179.25107051168877,0.9046335128497375,1380.14454091175,-88.25075774368233,2,1293
2020-01-24,162.247590707189,17752547988.53267788678448047,0.74345936,109416404.34323,218.23330155825735,178.49567701285767,0.908972101859373,1380.14454091175,-88.24415951390098,2,1294
2020-01-25,160.521455172414,17565862413.04867756158565722,0.73622929,109429997.34323,218.0318785909944,177.75656901840998,0.9030409174683667,1380.14454091175,-88.36922869930926,2,1295
2020-01-26,167.159112974868,18294489564.76744569401519364,0.76527927,109443566.90573,218.4289050125035,177.14870879427207,0.9436089831678917,1380.14454091175,-87.8882893769634,2,1296
2020-01-27,169.934313676213,18600541811.18617847245502549,0.77648692,109457245.03073,218.85019476723835,176.6606973395672,0.9619248436995291,1380.14454091175,-87.68720893798913,2,1297
2020-01-28,175.276188486265,19187626398.41891137918229845,0.79924832,109470810.40573,219.3012911009497,176.15771528082962,0.9949958093339296,1380.14454091175,-87.30015710017777,2,1298
2020-01-29,174.676776680304,19124399288.89009707241074192,0.79607101,109484498.46823,219.4236123236092,175.6876560175333,0.994246156160633,1380.14454091175,-87.34358818932768,2,1299
2020-01-30,184.256748977206,20175746449.48415099225029038,0.83732058,109498005.15573,220.05520153010693,175.45725988077118,1.0501517526400126,1380.14454091175,-86.64946000108928,2,1300
2020-01-31,180.163670368206,19730021909.85702779756384538,0.81877224,109511656.09323,220.04125392454193,175.20518644272323,1.028301011095375,1380.14454091175,-86.94602883773416,2,1301
2020-02-01,183.562507656341,20104716996.24207696821348393,0.83183978,109525181.65573,220.67050899674572,175.12799092577407,1.0481620138847012,1380.14454091175,-86.69976207455227,2,1302
2020-02-02,188.398108533022,20636907529.14334993756689106,0.85183419,109538825.46823,221.1675825468123,175.01532489479803,1.0764663531394658,1380.14454091175,-86.34939291151616,2,1303
2020-02-03,189.341644067797,20742848491.30238960707221431,0.8543368,109552489.59323,221.6241230247802,174.82582414377524,1.0830301815828083,1380.14454091175,-86.28102793184877,2,1304
2020-02-04,188.276665984804,20628773379.01512967257177692,0.84956064,109566277.21823,221.61651225367973,174.6620505070131,1.0779483318687149,1380.14454091175,-86.35819217453668,2,1305
2020-02-05,205.125087901812,22477575741.62528594012343276,0.92026678,109579846.96823,222.89741666195104,174.5343156779658,1.1752708176900262,1380.14454091175,-85.13741989905618,2,1306
2020-02-06,212.849642723553,23326944443.52450379519822119,0.94443546,109593533.46823,225.37235389653097,174.4702035559611,1.2199770412675752,1380.14454091175,-84.5777281716493,2,1307
2020-02-07,222.863079719462,24427403242.33960386640594226,0.98169653,109607222.84323,227.01830240701983,174.499450827732,1.2771563386722355,1380.14454091175,-83.85219278755875,2,1308
2020-02-08,223.973379602572,24552143773.29755433397253756,0.98610361,109620812.15573,227.12966196581718,174.55751044199263,1.2830921971529883,1380.14454091175,-83.77174470040572,2,1309
2020-02-09,228.467053126826,25047843469.98198765278811298,1.00224522,109634378.90573,227.9552434551157,174.6156034948857,1.3083999857636865,1380.14454091175,-83.44615028684632,2,1310
2020-02-10,224.139831618936,24576508891.60491068424290328,0.98416009,109648109.90573,227.74732881002723,174.6381093116595,1.2834531506461493,1380.14454091175,-83.75968422330135,2,1311
2020-02-11,237.649539333723,26061071165.19783575843849529,1.04033691,109661778.59323,228.43517042351505,174.72953022895933,1.3600994578438774,1380.14454091175,-82.78082242192349,2,1312
2020-02-12,266.649455289304,29244885010.20703145938031192,1.14850047,109675397.53073,232.17182948937236,175.02954868015746,1.5234539384922337,1380.14454091175,-80.67959931840542,2,1313
2020-02-13,267.940001870251,29390078107.75980869324981323,1.14480701,109689027.03073,234.04818413039854,175.31461098670334,1.5283381137615097,1380.14454091175,-80.58609124423701,2,1314
2020-02-14,284.830649094097,31246702917.38253809815753831,1.20363637,109702740.96823,236.64177669714073,175.68456048728777,1.621261699400767,1380.14454091175,-79.36225948436297,2,1315
2020-02-15,265.033846464056,29078546533.67496708149644088,1.12840133,109716351.03073,234.87551761752712,175.9595819154,1.5062200283669815,1380.14454091175,-80.79666016075609,2,1316
2020-02-16,261.128690531853,28653671392.27605793568809269,1.11365892,109730077.28073,234.47815650042386,176.17478416554616,1.482213767246499,1380.14454091175,-81.07961283827952,2,1317
2020-02-17,266.608233372297,29258562974.67958009741087431,1.1333764,109743658.71823,235.23361998034989,176.42105935783135,1.5112041291597778,1380.14454091175,-80.68258610100573,2,1318
2020-02-18,283.564988310929,31123321279.54614855148991067,1.1971991,109757278.09323,236.85700090396747,176.75054833942107,1.6043231038038304,1380.14454091175,-79.45396442871117,2,1319
2020-02-19,261.077341028638,28658741206.74479645015379574,1.11024438,109771078.15573,235.15303993580048,176.94675846215628,1.4754570431109353,1380.14454091175,-81.08333342707967,2,1320
2020-02-20,258.631871011105,28393811401.65059045590281915,1.09840864,109784657.59323,235.4605213330305,177.1259752076268,1.460157781533381,1380.14454091175,-81.2605228405825,2,1321
2020-02-21,265.90940414962,29196379780.2597562058065726,1.12502844,109798221.96823,236.3579396709474,177.29402268424866,1.4998215964854646,1380.14454091175,-80.73322059630398,2,1322
2020-02-22,261.763375803624,28744732199.39518895638686552,1.10851831,109811894.46823,236.13807137170699,177.47419322194594,1.4749376855950407,1380.14454091175,-81.03362596857441,2,1323
2020-02-23,274.979647574518,30199786831.50187642005806314,1.15814833,109825534.71823,237.43042272876912,177.71887687594943,1.5472731563932747,1380.14454091175,-80.0760254144931,2,1324
2020-02-24,264.367167504383,29037843709.67901691805212709,1.1164964,109839069.59323,236.78282124723646,177.937962506867,1.485726619434459,1380.14454091175,-80.84496517084095,2,1325
2020-02-25,248.53713220339,27302449384.5115574883045497,1.04981425,109852596.84323,236.74391179524378,178.13155902849178,1.395244804227178,1380.14454091175,-81.99194904330805,2,1326
2020-02-26,225.706557159556,24797542423.39581383055940588,0.96596272,109866291.59323,233.65969771541077,178.22846991773787,1.2663889066866358,1380.14454091175,-83.64616527697527,2,1327
2020-02-27,226.398922033898,24876694797.23128755480493554,0.97349437,109879917.15573,232.5631549711972,178.28151585461688,1.2698956532236318,1380.14454091175,-83.59599916365755,2,1328
2020-02-28,228.673918468732,25129789100.14603031342513436,0.98256402,109893551.78073,232.7318259310289,178.3700229586496,1.2820198970414667,1380.14454091175,-83.43116161458963,2,1329
2020-02-29,220.10229421391,24190816862.7364059202884543,0.94817948,109907154.53073,232.1314675718462,178.42754628798917,1.233566782668502,1380.14454091175,-84.05222875652531,2,1330
2020-03-01,218.6236685564,24031269874.712956167313172,0.94316225,109920714.59323,231.79857819415483,178.5887555600523,1.2241737609447956,1380.14454091175,-84.15936432194465,2,1331
2020-03-02,231.194931618936,25416268973.97954753858440328,0.99287888,109934369.21823,232.8531065329298,178.80464703579747,1.293002924989135,1380.14454091175,-83.2484986343384,2,1332
2020-03-03,224.283570017534,24659542481.00681394225519482,0.96460055,109948055.84323,232.51445379907156,178.99817520149006,1.252993611611226,1380.14454091175,-83.74926948815317,2,1333
2020-03-04,224.156026826417,24648595462.27334886691666941,0.96491949,109961778.90573,232.30541941526855,179.19121700306806,1.250931996419105,1380.14454091175,-83.75851078044802,2,1334
2020-03-05,227.813605844535,25053847968.82759576642724805,0.9792524,109975204.84323,232.64033444751834,179.35675422194592,1.2701702081574575,1380.14454091175,-83.49349658014536,2,1335
2020-03-06,244.330236002338,26873626775.29513157373522174,1.0453275,109988952.71823,233.73558621803983,179.56457022662156,1.3606817630781962,1380.14454091175,-82.29676466778409,2,1336
2020-03-07,238.059852600818,26187209697.39426918359851214,1.01973768,110002629.21823,233.45205072820102,179.77128037945616,1.3242373982002462,1380.14454091175,-82.7510926903677,2,1337
2020-03-08,202.765954997078,22307571242.41206625848070694,0.87928638,110016354.78073,230.60286114869425,179.85262373129717,1.1274005949449686,1380.14454091175,-85.3083536552536,2,1338
2020-03-09,200.151101052016,22022599885.44970336826845168,0.87528188,110029871.28073,228.67044962934227,179.89539877045559,1.112597111543728,1380.14454091175,-85.49781598094121,2,1339
2020-03-10,200.851090531853,22102362849.45532451600328019,0.8786926,110043529.21823,228.57947196989372,179.92653269915226,1.1162950095175115,1380.14454091175,-85.44709741784241,2,1340
2020-03-11,194.236009351257,21377073264.56237739588056511,0.85365652,110057209.96823,227.53414845499807,179.94214098962567,1.079435913583219,1380.14454091175,-85.92640092443209,2,1341
2020-03-12,110.32820163647,12143917957.3252400121174731,0.5139851,110070841.15573,214.65252910341175,179.56215955333107,0.6144290195156727,1380.14454091175,-92.0060400656597,2,1342
2020-03-13,134.759985680888,14834953541.26230092440768824,0.62365503,110084261.78073,216.08097297136848,179.29311045485065,0.7516183156118711,1380.14454091175,-90.23580634591629,2,1343
2020-03-14,122.078151256575,13440544621.38530392176298725,0.56817437,110097871.59323,214.86036277309552,178.96908474561627,0.6821186543480114,1380.14454091175,-91.15468361191155,2,1344
2020-03-15,123.754734073641,13626823852.18845972105642543,0.57669557,110111535.96823,214.59282940848843,178.7219794285502,0.6924427228779428,1380.14454091175,-91.03320482709107,2,1345
2020-03-16,110.34905873758,12152205580.2193281916995834,0.51946253,110125140.34323,212.42929444320077,178.4300453104906,0.6184443799560708,1380.14454091175,-92.00452883980678,2,1346
2020-03-17,117.783463763881,12972529568.53788411105581313,0.557511,110138801.78073,211.26661853108013,178.1771004492983,0.6610471461645387,1380.14454091175,-91.46586025793567,2,1347
2020-03-18,117.683343658679,12963115619.26039449824683067,0.55842448,110152509.40573,210.74173477974858,177.90462911820538,0.6614968044506954,1380.14454091175,-91.47311457820678,2,1348
2020-03-19,137.357502980713,15132153196.17714363850087299,0.65004493,110166193.09323,211.3046293287958,177.73535923071267,0.7728203525468084,1380.14454091175,-90.04760016730044,2,1349
2020-03-20,131.532323261251,14492205427.99508998823030573,0.62210744,110179802.71823,211.43023665052297,177.5001198739038,0.7410266728534699,1380.14454091175,-90.46967043217386,2,1350
2020-03-21,132.511633430742,14601932583.72362857084257666,0.62653152,110193589.84323,211.5003462726696,177.26650967168283,0.7475277404410353,1380.14454091175,-90.39871335916727,2,1351
2020-03-22,122.442055523086,13493983692.64310913258118278,0.58158763,110207098.65573,210.530708026039,177.00507107291017,0.6917432070217405,1380.14454091175,-91.12831649921257,2,1352
2020-03-23,135.589770601987,14944830431.96840606077693551,0.642512,110220928.65573,211.0307209857357,176.81031222720594,0.7668657381688831,1380.14454091175,-90.17568330108281,2,1353
2020-03-24,139.414792226768,15368322349.05131311539558064,0.66344446,110234517.46823,210.13784971053644,176.66123267139062,0.7891646068500772,1380.14454091175,-89.8985368492877,2,1354
2020-03-25,136.095511981297,15004282174.55559291823381931,0.64902157,110248177.59323,209.69335731214142,176.45027275935084,0.7712966936974299,1380.14454091175,-90.13903921313997,2,1355
2020-03-26,138.608215488019,15283190455.12891010002569887,0.65899386,110261793.65573,210.33309094567133,176.2352906354467,0.7864952302586117,1380.14454091175,-89.9569783179049,2,1356
2020-03-27,133.681614728229,14741811153.46212073136922717,0.63710894,110275531.78073,209.82536319177848,175.99675750073015,0.7595686228916712,1380.14454091175,-90.31394098476697,2,1357
2020-03-28,131.027766510812,14450937018.93399678876275276,0.62601709,110289119.65573,209.30381710635407,175.75391730493826,0.745518327671041,1380.14454091175,-90.50622868643508,2,1358
2020-03-29,125.178745470485,13807576535.21177294037362905,0.59966949,110302883.15573,208.74623031177558,175.4895167540908,0.713311813638959,1380.14454091175,-90.93002640232235,2,1359
2020-03-30,132.902320514319,14661311186.60574063527264787,0.6353069,110316442.40573,209.1938880473658,175.24979581575062,0.7583593458450945,1380.14454091175,-90.37040566587893,2,1360
2020-03-31,133.508133372297,14729956063.91893402977243681,0.63926836,110330027.78073,208.8452076250059,175.00977018512526,0.7628610290218206,1380.14454091175,-90.32651078095785,2,1361
2020-04-01,135.85480654588,14990731879.1958371465723924,0.65060128,110343772.59323,208.81423188389672,174.74606446537075,0.7774412943806366,1380.14454091175,-90.15647980927189,2,1362
2020-04-02,141.151746639392,15577136434.20961751939251616,0.67529373,110357376.40573,209.02274131790324,174.5046051564871,0.8088711843037845,1380.14454091175,-89.77268376932864,2,1363
2020-04-03,141.727211279953,15642576937.08485029967239319,0.67789141,110371020.46823,209.07067000591294,174.22608853462853,0.813467216488556,1380.14454091175,-89.7309878002832,2,1364
2020-04-04,144.336282700175,15932500517.37965040081544025,0.69025586,110384583.96823,209.10547966977782,173.90133203462855,0.829989517684854,1380.14454091175,-89.54194445425088,2,1365
2020-04-05,142.972632963179,15783917713.79440500829005317,0.68413033,110398174.71823,208.9844970960124,173.56258908153094,0.8237525939188293,1380.14454091175,-89.64074930378463,2,1366
2020-04-06,169.609724313267,18726897716.95483907340863241,0.79925329,110411698.34323,212.2102297674208,173.3028266978372,0.9786898895134047,1380.14454091175,-87.71072744299525,2,1367
2020-04-07,164.21725949737,18133769083.2497355382310551,0.77387957,110425476.21823,212.20001905124596,173.0379351446519,0.949024613360601,1380.14454091175,-88.1014448393293,2,1368
2020-04-08,173.294784336645,19138519729.72357097407666335,0.81442094,110439098.34323,212.78282006924456,172.82690891729945,1.0027071908088654,1380.14454091175,-87.44372207405442,2,1369
2020-04-09,170.28360490941,18808287211.1697995920086693,0.80063997,110452719.28073,212.68436661913097,172.62306793249525,0.9864475643313204,1380.14454091175,-87.66190062984872,2,1370
2020-04-10,157.550598188194,17404051136.51763814676857662,0.7438983,110466423.71823,211.7905071004921,172.40468729836317,0.9138417328267721,1380.14454091175,-88.58448564495185,2,1371
2020-04-11,158.431649327878,17503514314.25423609986381594,0.74838693,110479909.71823,211.69750963966993,172.35465390414925,0.9192188649340785,1380.14454091175,-88.52064804580432,2,1372
2020-04-12,160.649303331385,17750727980.30329296231596105,0.75898713,110493650.53073,211.66275023844608,172.30866729690197,0.9323344312945853,1380.14454091175,-88.35996531020895,2,1373
2020-04-13,157.198628579778,17371602605.40230130009645294,0.74416808,110507341.96823,211.24075703405342,172.2629873503795,0.9125502291449242,1380.14454091175,-88.60998801792677,2,1374
2020-04-14,159.006158445354,17573510966.65170850839810342,0.75251463,110520945.46823,211.2997569832682,172.18759987200426,0.9234472085304128,1380.14454091175,-88.47902131031063,2,1375
2020-04-15,152.951140736411,16906396014.25808009108478503,0.72544132,110534618.65573,210.83874948894697,172.08336117387452,0.8888200445008035,1380.14454091175,-88.91774475770715,2,1376
2020-04-16,172.970440327294,19121580177.10892187593374462,0.81636589,110548254.03073,211.8785736225383,172.09894670105157,1.0050639102850307,1380.14454091175,-87.46722280167653,2,1377
2020-04-17,172.23222063121,19042305466.5503578103127083,0.80957163,110561806.59323,212.74488167428746,172.06256416452322,1.0009860161477342,1380.14454091175,-87.52071138016963,2,1378
2020-04-18,188.109414903565,20800266031.23806041745748995,0.87925515,110575358.71823,213.94178345564995,172.11993544126196,1.0928973126867088,1380.14454091175,-86.37031054882873,2,1379
2020-04-19,181.230814377557,20042136926.75023860285526411,0.84905653,110589013.21823,213.44964436885846,172.12243239012227,1.0529180413090504,1380.14454091175,-86.86870766029821,2,1380
2020-04-20,171.013763296318,18914582017.70736630907860214,0.80241005,110602688.65573,213.125151281839,172.1001656402684,0.9936873835076879,1380.14454091175,-87.6089961430168,2,1381
2020-04-21,171.489232904734,18969498940.65626168332860082,0.80427693,110616267.96823,213.2216236821986,172.0765914582111,0.9965866446534085,1380.14454091175,-87.57454543192664,2,1382
2020-04-22,182.581804178843,20199023449.97080441225034539,0.85297669,110629991.53073,214.05251318045165,172.10857641276988,1.0608524454990265,1380.14454091175,-86.7708201013333,2,1383
2020-04-23,185.6463264173,20540584547.352046111441129,0.86634584,110643635.90573,214.28662532424698,172.18753327366994,1.0781635748404563,1380.14454091175,-86.54877652925697,2,1384
2020-04-24,187.621841320865,20761718894.21368599624424395,0.87169447,110657260.09323,215.23807684688538,172.22063462814103,1.089427185807196,1380.14454091175,-86.40563826764706,2,1385
2020-04-25,193.785201928697,21446374558.99559594675129631,0.89866138,110670857.96823,215.63762084523654,172.28621728886574,1.1247864453590315,1380.14454091175,-85.95906470776758,2,1386
2020-04-26,197.062440268849,21811751086.71779944032329227,0.91210923,110684466.59323,216.05136072227776,172.30038383269974,1.1437144589311694,1380.14454091175,-85.72160853973557,2,1387
2020-04-27,196.565708679135,21759449585.14317252265638105,0.90904594,110698095.46823,216.23297572742584,172.32534187755653,1.1406662916636032,1380.14454091175,-85.75759981275006,2,1388
2020-04-28,197.466412565751,21861836532.28113500878540323,0.91270639,110711671.15573,216.35261320538254,172.40816307802407,1.1453425930672825,1380.14454091175,-85.69233825065157,2,1389
2020-04-29,215.38395207481,23848478278.6705204192707863,0.98368906,110725418.71823,218.95531914811576,172.58348381341273,1.247998634143176,1380.14454091175,-84.39410179947362,2,1390
2020-04-30,206.88486528346,22910234921.2805781678132258,0.94843872,110739057.15573,218.1320320657723,172.7105351518113,1.1978705589766698,1380.14454091175,-85.00991315396664,2,1391
2020-05-01,212.713617767387,23558639806.92347009079242751,0.97394619,110752851.90573,218.40387071834738,172.8415001649615,1.2306860190658562,1380.14454091175,-84.58758402023136,2,1392
2020-05-02,214.133870601987,23718858206.87903856817056051,0.97882936,110766494.53073,218.7652714074566,173.01075476870201,1.2376910954943956,1380.14454091175,-84.48467792652167,2,1393
2020-05-03,210.090575306838,23273846688.81938595291025674,0.96098116,110780060.71823,218.62090959914138,173.18622926358807,1.213090533815375,1380.14454091175,-84.77763965446343,2,1394
2020-05-04,206.961926592636,22930096291.00035018279070428,0.9479483,110793790.28073,218.32617516444307,173.33568774722337,1.1939948967373066,1380.14454091175,-85.00432958594952,2,1395
2020-05-05,204.885417007598,22702822334.84598218797423654,0.94014076,110807409.65573,217.93057563805445,173.49446193863193,1.1809334702572212,1380.14454091175,-85.15478553628544,2,1396
2020-05-06,202.736075569842,22467386684.71912069229549466,0.93154985,110820862.15573,217.6330934623005,173.65007665283414,1.1674977603099903,1380.14454091175,-85.31051860438397,2,1397
2020-05-07,212.990972822911,23606747651.08774678854961753,0.97523188,110834498.46823,218.40033861783826,173.83909228404394,1.2252190806133234,1380.14454091175,-84.5674879326621,2,1398
2020-05-08,212.413128872005,23545623499.53129870098390115,0.97087573,110848249.46823,218.785084752304,174.03016609409653,1.2205535031044856,1380.14454091175,-84.60935629744397,2,1399
2020-05-09,210.774871127995,23366876239.73545411689078635,0.96374647,110861774.53073,218.70365048184823,174.22773203945013,1.2097664858558197,1380.14454091175,-84.72805819390821,2,1400
2020-05-10,187.542486849795,20793867006.47762614339420035,0.86514904,110875500.03073,216.7747731070649,174.35882668176455,1.0756122326522244,1380.14454091175,-86.41138798941299,2,1401
2020-05-11,185.715372296902,20593814372.68382565671304846,0.86183502,110889120.90573,215.48831039251806,174.48228122004625,1.06437955188521,1380.14454091175,-86.54377372864043,3,0
2020-05-12,189.818459438925,21051379335.26808483793941525,0.87989052,110902698.28073,215.72963354455166,174.52556379485628,1.0876255335410034,1380.14454091175,-86.24647971193457,3,1
2020-05-13,199.938022559907,22176401180.50613020016425461,0.92014952,110916377.46823,217.28862344014158,174.62665089596675,1.1449456399356788,1380.14454091175,-85.51325483432161,3,2
2020-05-14,203.532877030976,22577916785.99270810804989248,0.93510549,110930072.40573,217.65766451758935,174.72145285826952,1.1648991792443355,1380.14454091175,-85.25278541503208,3,3
2020-05-15,195.121980303916,21647546818.09218459322583868,0.89850788,110943660.90573,217.16223602169856,174.78299165663302,1.1163670930134872,1380.14454091175,-85.86220685443463,3,4
2020-05-16,200.819766218586,22282398179.71225244941477278,0.91490782,110957196.09323,219.49726718762335,174.83293801051965,1.1486380570147643,1380.14454091175,-85.44936705789377,3,5
2020-05-17,207.07257685564,22979026769.8292548842813172,0.94138765,110970883.34323,219.96525751707068,174.9519158758031,1.1835970804837546,1380.14454091175,-84.99631229067907,3,6
2020-05-18,214.748162478083,23833700453.19965766813411559,0.97183213,110984420.90573,220.97248675867817,175.11350385213274,1.2263369629073158,1380.14454091175,-84.44016868434547,3,7
2020-05-19,213.820466744594,23733631010.96466379099324862,0.96693951,110997938.46823,221.13117163305697,175.26579484745716,1.2199783017028105,1380.14454091175,-84.50738597253445,3,8
2020-05-20,209.804793103448,23290759062.77664997853295704,0.95009562,111011568.03073,220.82492402548704,175.39982496873122,1.1961516674309691,1380.14454091175,-84.79834634096753,3,9
2020-05-21,198.91755698422,22084862175.4145244458125806,0.90539641,111025203.15573,219.7021711011865,175.48487768497904,1.1335310461412296,1380.14454091175,-85.58719387080926,3,10
2020-05-22,207.063677673875,22992079534.79387389328536625,0.93984958,111038690.09323,220.31576337340599,175.5900239094092,1.1792451134963324,1380.14454091175,-84.99695709138663,3,11
2020-05-23,206.906197253068,22977451317.36098785217552964,0.93839766,111052504.09323,220.48882480489988,175.6784686388072,1.1777550137829618,1380.14454091175,-85.00836752095677,3,12
2020-05-24,202.376306370544,22477139536.03456940224381712,0.91902122,111066062.71823,220.20852398875405,175.73256686732853,1.1516152639102488,1380.14454091175,-85.33658610591249,3,13
2020-05-25,204.292245002922,22692687074.57793758290479306,0.92680231,111079532.53073,220.426991601825,175.82017498012806,1.1619385831347964,1380.14454091175,-85.19776451327607,3,14
2020-05-26,200.86048918761,22314236110.4733515856152553,0.9122871,111093208.03073,220.17245359230662,175.90428631063654,1.1418737621487078,1380.14454091175,-85.44641642715786,3,15
2020-05-27,207.498003798948,23054442573.73930579861242204,0.94026382,111106816.21823,220.6806211037111,176.0169634307417,1.1788523092013987,1380.14454091175,-84.96548747989317,3,16
2020-05-28,219.378571011105,24377420748.07392182955625665,0.98521117,111120337.03073,222.67162380132677,176.1686307624191,1.2452760179930036,1380.14454091175,-84.10466697450548,3,17
2020-05-29,220.784826300409,24536687659.56384513744713107,0.99332451,111133940.09323,222.2685779699617,176.35046066744542,1.2519662577845834,1380.14454091175,-84.00277508944431,3,18
2020-05-30,243.572401285798,27072481305.85333220085369754,1.08464571,111147573.21823,224.5640203433783,176.63543304178788,1.378955496591527,1380.14454091175,-82.35167447571185,3,19
2020-05-31,231.444047457627,25727611146.41297637280006521,1.03112157,111161256.59323,224.45854513316695,176.8524864985383,1.308684158418886,1380.14454091175,-83.2304486525208,3,20
2020-06-01,249.07495295149,27690866057.4438782038792877,1.09956615,111174832.03073,226.5211173984303,177.17402894447633,1.4058209007006683,1380.14454091175,-81.95298060687568,3,21
2020-06-02,237.179632554062,26371655363.98254597554570026,1.04622416,111188532.84323,226.70058828890174,177.45997816189305,1.3365246350796232,1380.14454091175,-82.81487007169723,3,22
2020-06-03,243.934139450614,27125980068.89410585455411822,1.07947462,111202065.15573,225.97487234170822,177.76821327323145,1.3722033594143452,1380.14454091175,-82.32546431046515,3,23
2020-06-04,243.647765984804,27097433830.20957650753502692,1.07718602,111215605.53073,226.18912746825657,178.06730307334834,1.3682903137160571,1380.14454091175,-82.34621383758504,3,24
2020-06-05,240.312976037405,26729853920.71548424672101815,1.0626328,111229340.84323,226.1486527024246,178.37855609351197,1.3472077658898918,1380.14454091175,-82.58783997517756,3,25
2020-06-06,242.019700292227,26922981130.21077875260088571,1.06956994,111242932.28073,226.2775824573258,178.71147859555757,1.3542482116660364,1380.14454091175,-82.46417725694555,3,26
2020-06-07,244.384643483343,27189398546.25507356613963039,1.07901461,111256575.53073,226.48872519283407,179.06135321127934,1.3648095420958142,1380.14454091175,-82.29282250959758,3,27
2020-06-08,245.968303565167,27368926535.45194702997783191,1.06938337,111270135.78073,230.00947131351688,179.48755324459322,1.3703919804955969,1380.14454091175,-82.17807655112156,3,28
2020-06-09,244.326140970193,27189553095.85052122276684339,1.06236211,111283847.84323,229.98386206581952,179.96030313705378,1.3576668671430254,1380.14454091175,-82.29706137816649,3,29
2020-06-10,247.704879544126,27568884901.47906949699811698,1.0756452,111297302.46823,230.2849299602936,180.43719225336,1.372803890654164,1380.14454091175,-82.05225089101991,3,30
2020-06-11,230.904400935126,25702177728.21521312220342198,1.01150062,111310904.53073,228.27905032339575,180.8838311604319,1.2765342233951757,1380.14454091175,-83.26954937759011,3,31
2020-06-12,237.162442723554,26402014078.51056149329481442,1.03579288,111324600.03073,228.9670524898318,181.33683216481532,1.3078558828467859,1380.14454091175,-82.81611558113472,3,32
2020-06-13,238.090407890123,26508567845.76265503967935479,1.03949931,111338243.65573,229.04335346804893,181.78756981151318,1.3097177553833166,1380.14454091175,-82.74887877085425,3,33
2020-06-14,232.137277089421,25848929526.93718348511059483,1.01491656,111351911.46823,228.72547974724247,182.18201458562189,1.2742052370944725,1380.14454091175,-83.1802198821823,3,34
2020-06-15,231.19783974284,25747471930.1027877346374732,1.01100274,111365538.53073,228.6817142976685,182.58295182203332,1.2662619233376862,1380.14454091175,-83.24828792279204,3,35
2020-06-16,235.136621215663,26189299288.67543586580869899,1.02746121,111379074.65573,228.85206655700705,182.98735348305027,1.2849883707260852,1380.14454091175,-82.96289886707609,3,36
2020-06-17,233.687851022794,26031090456.44228679175670962,1.02129397,111392570.65573,228.81546145111776,183.395711687609,1.274227455333586,1380.14454091175,-83.06787121960319,3,37
2020-06-18,231.331098889538,25771716738.81849980459475274,1.01232995,111406191.65573,228.5135383869044,183.795466065166,1.2586333267193757,1380.14454091175,-83.23863247419607,3,38
2020-06-19,228.77822402104,25490449737.9573077857965592,1.00231012,111419912.65573,228.25093696653488,184.19409360695445,1.2420497288540755,1380.14454091175,-83.4236040328135,3,39
2020-06-20,228.919830800701,25509347515.66006778822847923,1.00314857,111433541.71823,228.20132296126488,184.6013659152537,1.240076581588204,1380.14454091175,-83.41334374662873,3,40
2020-06-21,227.579033606078,25363050533.11164470321565194,0.99769724,111447219.59323,228.10430307101782,185.01077486002282,1.2300852951848988,1380.14454091175,-83.51049278826007,3,41
2020-06-22,243.220758153127,27109581716.75018596926671771,1.05773488,111460805.90573,229.94491602009668,185.48676665137293,1.311256660213753,1380.14454091175,-82.3771531935017,3,42
2020-06-23,242.92121899474,27079509865.1710585652158602,1.05592669,111474452.40573,230.05500409762348,185.95787181268213,1.3063239357752912,1380.14454091175,-82.39885665640053,3,43
2020-06-24,234.823753360608,26180061369.11880429938148384,1.01978094,111488130.96823,230.26881965513888,186.39441458299189,1.2598218347151868,1380.14454091175,-82.9855680764075,3,44
2020-06-25,232.421420689655,25915394279.94472206783684815,1.00937647,111501746.28073,230.26237246213495,186.80232958240742,1.2442105042759803,1380.14454091175,-83.15963192260189,3,45
2020-06-26,229.694167387493,25614425361.38628558762115989,1.00077293,111515349.53073,229.51676699278127,187.21392294359973,1.22690750653567,1380.14454091175,-83.357238276235,3,46
2020-06-27,220.699442022209,24614343963.77606722531860757,0.96408708,111528800.15573,228.92065104970496,187.58893835300944,1.1765056295957677,1380.14454091175,-84.0089617079954,3,47
2020-06-28,224.443460666277,25034993920.44723713613169221,0.98148784,111542541.03073,228.67676146275744,187.99550363267045,1.1938767488015203,1380.14454091175,-83.73768442267611,3,48
2020-06-29,228.02034137931,25437055978.8417212350405713,0.99641958,111556082.34323,228.83968355911873,188.41193432115674,1.2102223895787776,1380.14454091175,-83.47851731321741,3,49
2020-06-30,225.722754821742,25183841813.70993679481625666,0.98722658,111569796.46823,228.64331187450608,188.8175495198709,1.1954543176506336,1380.14454091175,-83.64499165626339,3,50
2020-07-01,231.145918468732,25792038110.11070643540238436,1.00789435,111583359.46823,229.33546404812373,189.26406689801235,1.2212879193454522,1380.14454091175,-83.2520499399264,3,51
2020-07-02,226.701505376973,25299190857.40115761007694279,0.99083263,111596924.84323,228.79899037738898,189.686051704266,1.1951406196720078,1380.14454091175,-83.57407513076784,3,52
2020-07-03,225.098854763296,25123416136.05984893857608608,0.98434431,111610590.65573,228.6789820152422,190.14964607247168,1.1837984419781888,1380.14454091175,-83.69019707062048,3,53
2020-07-04,228.866272063121,25546997596.95715899774570833,0.9991269,111624126.03073,229.0662698233037,190.68644785067158,1.2002230606463884,1380.14454091175,-83.41722440810963,3,54
2020-07-05,227.667268264173,25416258980.71051371302934879,0.9944873,111637738.59323,228.92928674320228,191.16036575189892,1.1909752702589784,1380.14454091175,-83.50409964207289,3,55
2020-07-06,241.179081239042,26927972853.36434973191926066,1.04856386,111651361.78073,230.00895838527376,191.72703641963707,1.2579294279142155,1380.14454091175,-82.52508530159352,3,56
2020-07-07,239.013429573349,26689447482.56307769163207727,1.0365502,111665053.84323,230.5854840154862,192.28101575336007,1.2430422662210858,1380.14454091175,-82.68200014648814,3,57
2020-07-08,246.8441157218,27567241571.146901493343414,1.06453383,111678747.09323,231.88001054113985,192.8797506262414,1.2797824287948698,1380.14454091175,-82.1146185486681,3,58
2020-07-09,241.651818585622,26990662346.43662615789466406,1.04236573,111692361.78073,231.83016443338175,193.4277073755108,1.249313357762605,1380.14454091175,-82.49083255975623,3,59
2020-07-10,241.033700116891,26924876120.16830622170749793,1.03966003,111705857.34323,231.83896000781235,193.9938043232022,1.2424814336612435,1380.14454091175,-82.53561906221363,3,60
2020-07-11,239.307040619521,26735288582.56989812264506783,1.0323651,111719607.21823,231.80465963012603,194.55205729660958,1.230041172243576,1380.14454091175,-82.66072621194948,3,61
2020-07-12,241.309591174752,26962311536.63740939490212896,1.04017844,111733277.59323,231.98864915403553,195.13420013705374,1.2366340242011225,1380.14454091175,-82.51562905032118,3,62
2020-07-13,239.326373816482,26743992425.65361287846124186,1.03269853,111746950.40573,231.74853731657973,195.7042898568083,1.222897944606073,1380.14454091175,-82.6593254023685,3,63
2020-07-14,240.638817942724,26893914229.04455732045340852,1.0357618,111760498.40573,232.33026931744732,196.27657579923962,1.2260190344305784,1380.14454091175,-82.56423071573697,3,64
2020-07-15,238.38143962595,26644882052.3503420011116935,1.02670604,111774146.90573,232.18080963656354,196.82829498889478,1.2111136746848297,1380.14454091175,-82.72779172328787,3,65
2020-07-16,233.549674108708,26107970752.12817504816259684,1.00854188,111787656.53073,231.57161714366094,197.32284714085267,1.1835916493846044,1380.14454091175,-83.07788299083366,3,66
2020-07-17,232.845427235535,26032399059.77118775420424055,1.00719893,111801203.78073,231.18117017413337,197.8306369433074,1.1769937701927422,1380.14454091175,-83.12891002838639,3,67
2020-07-18,235.909914962011,26378254394.84699401806291053,1.01893534,111814945.96823,231.5258934507179,198.36763111922792,1.189256098038588,1380.14454091175,-82.90686895691633,3,68
2020-07-19,239.358145821157,26767061818.92136684269165461,1.03185264,111828497.53073,231.96931087093694,198.91460247165338,1.203321138051024,1380.14454091175,-82.65702332430831,3,69
2020-07-20,236.361256282876,26435139785.61867540396402948,1.02033838,111842102.21823,231.64987313608256,199.46275436820514,1.184989433398462,1380.14454091175,-82.87416648934965,3,70
2020-07-21,245.250595441262,27432666168.36871020038760626,1.05265102,111855655.71823,232.98376269208572,200.02000350993512,1.2261303426538548,1380.14454091175,-82.23007893946783,3,71
2020-07-22,264.199169491525,29555758887.69639265252768825,1.11957716,111869234.65573,235.98120695095727,200.67074761133782,1.3165803817267379,1380.14454091175,-80.85713766494413,3,72
2020-07-23,275.223812536528,30792866273.72068535510550544,1.15280912,111883001.65573,238.74187648387795,201.37195578857336,1.3667435043710554,1380.14454091175,-80.05833415428287,3,73
2020-07-24,279.907534424313,31320722610.56665230884932599,1.16520206,111896675.71823,240.22231339370705,202.0515493402975,1.3853273352182496,1380.14454091175,-79.71896956246333,3,74
2020-07-25,305.402152542373,34177582482.03387206068868479,1.259956,111910090.34323,242.39112519990618,202.86231532451725,1.5054651824012932,1380.14454091175,-77.87172694675745,3,75
2020-07-26,311.039973524255,34812771346.53264908950066865,1.27009295,111923785.71823,244.89544133305753,203.71315277191644,1.526852681292037,1380.14454091175,-77.46323198012463,3,76
2020-07-27,323.233886908241,36181952861.89257661559537093,1.29599835,111937375.15573,249.409180889961,204.64195388588487,1.5795093858832432,1380.14454091175,-76.57970760839974,3,77
2020-07-28,318.015537200468,35602169877.13607456951013164,1.27564913,111951039.21823,249.29702825138764,205.51308456721156,1.5474223350312437,1380.14454091175,-76.95780928928062,3,78
2020-07-29,318.025945938048,35607672741.75499769286021504,1.27654189,111964678.34323,249.13083419303067,206.38898392548154,1.5409056233973897,1380.14454091175,-76.95705511192662,3,79
2020-07-30,335.964082875511,37620638891.91242401914976553,1.33266236,111978157.21823,252.09992640259682,207.3415687098182,1.6203411837097872,1380.14454091175,-75.65732624978783,3,80
2020-07-31,346.179992285213,38769324646.44138535670640799,1.36147041,111991812.09323,254.2692002283127,208.3529175601981,1.6615077741121307,1380.14454091175,-74.91712048822656,3,81
2020-08-01,387.185885447107,43366955915.68128180065747311,1.47302432,112005518.65573,262.850979573173,209.4586071028632,1.848507878489632,1380.14454091175,-71.94599015032696,3,82
2020-08-02,372.180671654004,41691372173.24519722063154292,1.41986318,112019176.03073,262.1243207771639,210.49024156428928,1.7681611693163943,1380.14454091175,-73.03321060791687,3,83
2020-08-03,385.487812390415,43187296587.70036639944182795,1.46008704,112032845.65573,264.01700845890326,211.5974159599643,1.821798298630225,1380.14454091175,-72.06902603579807,3,84
2020-08-04,390.662864699006,43772364123.66642246323432938,1.47112169,112046391.09323,265.5544183425139,212.69555827177027,1.836723191933511,1380.14454091175,-71.69406151902564,3,85
2020-08-05,400.601196084161,44891355573.78334787535014253,1.49225376,112059963.90573,268.4538024445393,213.823189360315,1.8735161386499808,1380.14454091175,-70.97396800051709,3,86
2020-08-06,393.995932495617,44156591358.49441431134618541,1.46794205,112073723.90573,268.4001950183368,214.95920991057798,1.8328869586909882,1380.14454091175,-71.452560161899,3,87
2020-08-07,380.330053886616,42630189303.43323253834570968,1.42370351,112087353.78073,267.1413333009315,216.02622312478022,1.7605735469759671,1380.14454091175,-72.4427375095537,3,88
2020-08-08,392.360176504968,43983933679.79013561793466664,1.46050907,112100912.15573,268.64617588781425,217.14216566364638,1.8069276195427408,1380.14454091175,-71.57108079087374,3,89
2020-08-09,389.183157393337,43633107486.70878517141893351,1.44887328,112114583.21823,268.6109011502628,218.25035531925715,1.783195985289641,1380.14454091175,-71.80127545653767,3,90
2020-08-10,395.407852425482,44336365679.60971411935431186,1.45477743,112128187.15573,271.79955110073575,219.4166119533892,1.8020871296175092,1380.14454091175,-71.35025783862696,3,91
2020-08-11,379.111338983051,42514230903.73247719739440723,1.40236134,112141807.78073,270.33784244440955,220.50093069476853,1.719318543411688,1380.14454091175,-72.53104093484276,3,92
2020-08-12,387.208174751607,43427532505.38049659247625811,1.42629263,112155515.65573,271.4787741359969,221.63436429266451,1.7470583859473388,1380.14454091175,-71.94437515248875,3,93
2020-08-13,424.799460081823,47649376741.71351037310992079,1.53239028,112169108.53073,277.2136221601608,222.92256602819924,1.9055920073523949,1380.14454091175,-69.22065425109805,3,94
2020-08-14,438.076865575687,49144669695.50733075682586151,1.55353796,112182755.03073,281.98658600893606,224.2632787876966,1.9534043555583676,1380.14454091175,-68.25862418103796,3,95
2020-08-15,432.609198421976,48537169375.48736106831132248,1.51621458,112196341.53073,285.32188262031883,225.54994383737517,1.918019535105243,1380.14454091175,-68.6547904514272,3,96
2020-08-16,432.939172822911,48580086006.43733100710699253,1.51523133,112209957.09323,285.72480270910916,226.8412558180882,1.9085557045676904,1380.14454091175,-68.63088176714426,3,97
2020-08-17,432.841464172998,48574926932.84638841130022854,1.50565854,112223368.03073,287.4765112234531,228.08417939406718,1.8977268187688112,1380.14454091175,-68.63796136257912,3,98
2020-08-18,423.346332086499,47515172268.72815301030630177,1.47701108,112237118.09323,286.6236670929367,229.30009270265862,1.8462545178098417,1380.14454091175,-69.32594235334017,3,99
2020-08-19,406.879427819988,45672533761.56989913753023124,1.42582514,112250781.53073,285.3641841523345,230.41667730347686,1.7658419198715196,1380.14454091175,-70.51907131761753,3,100
2020-08-20,416.25978755114,46731165712.8425534659465322,1.44944988,112264425.03073,287.18467143626935,231.55598569856747,1.7976636893896334,1380.14454091175,-69.8394062931879,3,101
2020-08-21,387.2406050263,43478608746.690445116470699,1.3643469,112278020.90573,283.82855198065835,232.54548050335998,1.6652252462102992,1380.14454091175,-71.94202537869828,3,102
2020-08-22,395.912521332554,44457618324.74065425693688442,1.39290826,112291518.78073,284.2344558517831,233.5836597800987,1.6949495598505289,1380.14454091175,-71.31369145792465,3,103
2020-08-23,391.947607364115,44017778355.39700708331425395,1.37977844,112305261.03073,284.06561227621086,234.5177723774102,1.6712917037833384,1380.14454091175,-71.6009739744225,3,104
2020-08-24,408.792199473992,45915066246.16836264297927416,1.42761421,112318841.46823,286.34640690077754,235.49748516116244,1.7358665176158272,1380.14454091175,-70.38047919213331,3,105
2020-08-25,383.604969725307,43091225867.22749615860968411,1.35310591,112332293.03073,283.49958927110663,236.30119461119165,1.6233729599060553,1380.14454091175,-72.20544962110344,3,106
2020-08-26,386.34381735827,43404201326.9191545581902621,1.36269047,112346048.71823,283.5154614079528,237.11304679997014,1.629365497058421,1380.14454091175,-72.00700318656162,3,107
2020-08-27,382.349150496785,42960602783.62168498736370305,1.34988164,112359613.53073,283.24642632874463,237.8824572868199,1.6073028455216374,1380.14454091175,-72.29644148400588,3,108
2020-08-28,395.03972980713,44391895465.6506010677806049,1.3878392,112373242.78073,284.6437323626037,238.7369567777609,1.6547070681430802,1380.14454091175,-71.37693059698232,3,109
2020-08-29,400.368165575687,44996121010.33787834944129901,1.40103885,112386860.09323,285.7652131314467,239.5505499089707,1.6713306052848846,1380.14454091175,-70.99085250076807,3,110
2020-08-30,428.196437931035,48129499622.52679760685195555,1.47375312,112400513.78073,290.548282558367,240.35828482217937,1.7814923178030708,1380.14454091175,-68.97452221575574,3,111
2020-08-31,436.09076943308,49022839168.0512892695960484,1.48380189,112414301.34323,293.9009394529616,241.19903865999353,1.8080120545082927,1380.14454091175,-68.40252911879867,3,112
2020-09-01,480.749175862069,54049626232.94758079244525537,1.57920264,112427912.40573,304.4252610051798,242.17863129383338,1.985101547951107,1380.14454091175,-65.16675162555968,3,113
2020-09-02,441.214134132087,49610772982.30134305292734601,1.43608203,112441486.21823,307.2346320858058,243.05953273217355,1.8152513056061015,1380.14454091175,-68.03130968872199,3,114
2020-09-03,383.542584979544,43131280398.86159858511838712,1.2871747,112454997.40573,297.9724391565061,243.67160220441198,1.574014294278726,1380.14454091175,-72.20996978141373,3,115
2020-09-04,386.66907597896,43488229604.4857419219934408,1.29600047,112468858.53073,298.35566030231456,244.2719064174453,1.5829453400923104,1380.14454091175,-71.98343618969656,3,116
2020-09-05,331.420088544711,37278944501.74332170897309403,1.1474203,112482452.90573,288.83931070830016,244.51118191861423,1.355439395221706,1380.14454091175,-75.98656671671733,3,117
2020-09-06,353.227129573349,39736730665.16469829318001477,1.21545587,112496259.03073,290.61287891377657,244.97193086133782,1.4419085824705653,1380.14454091175,-74.40651184694029,3,118
2020-09-07,352.806469023963,39694172820.95557772181294549,1.21032339,112509764.71823,291.49768726188375,245.4428038514021,1.4374284496748249,1380.14454091175,-74.43699130303466,3,119
2020-09-08,336.716558094682,37888484829.27636575797470286,1.16688451,112523378.84323,288.56031184669854,245.7968396211274,1.3698978335673426,1380.14454091175,-75.60280477056116,3,120
2020-09-09,352.053948568089,39619068728.76601988380012497,1.21679278,112536924.78073,289.32941940047425,246.2482924849497,1.4296706182829917,1380.14454091175,-74.49151605993997,3,121
2020-09-10,367.380867621274,41348916471.33338028239850002,1.25785562,112550543.90573,292.06918646296947,246.7102985851835,1.4891184913159419,1380.14454091175,-73.38098606841751,3,122
2020-09-11,373.966615780245,42095259300.93511659609192885,1.27301466,112564217.03073,293.7645790978126,247.2582958265628,1.5124532607899257,1380.14454091175,-72.90380792049538,3,123
2020-09-12,386.216055055523,43479345004.14432060713778429,1.31075203,112577777.21823,294.6522654292765,247.94669044082343,1.5576576334568975,1380.14454091175,-72.01626035484796,3,124
2020-09-13,365.641607831677,41168100878.04465172866462171,1.25157651,112591400.96823,292.1448308674929,248.64636569418403,1.4705286635131765,1380.14454091175,-73.50700618718334,3,125
2020-09-14,375.801003682057,42317036024.73272804106329911,1.28207244,112604904.21823,293.11994545492064,249.3933761024248,1.5068604048558094,1380.14454091175,-72.77089518219624,3,126
2020-09-15,363.936595733489,40986000227.87668636959355447,1.24716977,112618518.46823,291.80998809287127,250.0696894887486,1.4553406951379593,1380.14454091175,-73.63054484908766,3,127
2020-09-16,365.322076212741,41146947103.16366497527040593,1.25187519,112631975.40573,291.8198867833949,250.79578839874273,1.4566515592036648,1380.14454091175,-73.53015822738377,3,128
2020-09-17,389.446111046172,43869451052.19489020960861556,1.31934691,112645754.59323,295.18097787197763,251.64990061119158,1.547571090234129,1380.14454091175,-71.78222283958053,3,129
2020-09-18,382.261676271186,43065296801.33962814843479578,1.2946466,112659205.65573,295.26333771021837,252.40523433445284,1.514476026137656,1380.14454091175,-72.30277953215997,3,130
2020-09-19,385.246569666861,43406819674.85391329669101353,1.30273497,112672825.90573,295.72136968646896,253.21004933269944,1.5214505533335891,1380.14454091175,-72.08650556177545,3,131
2020-09-20,371.207025715956,41830036917.45871651805707788,1.26193404,112686544.21823,294.15723322270946,253.94530432714717,1.46175975452472,1380.14454091175,-73.10375727235574,3,132
2020-09-21,342.456390473407,38594926759.75053220185648461,1.17776214,112700267.34323,290.7687204764512,254.51851825029152,1.3455067742325848,1380.14454091175,-75.18691844789143,3,133
2020-09-22,343.503662536528,38717574918.72729142378550544,1.18791372,112713717.90573,289.1654980940266,255.01438538296247,1.3469971979058304,1380.14454091175,-75.11103711575001,3,134
2020-09-23,320.588590882525,36139108531.71362723564968075,1.12902221,112727369.46823,283.95242187709044,255.42702907437098,1.2551083260228555,1380.14454091175,-76.77137565093449,3,135
2020-09-24,349.144016014027,39362832187.22950208345498721,1.21671076,112740961.84323,286.95728474861767,256.1589193794557,1.3629976924474363,1380.14454091175,-74.70235865416129,3,136
2020-09-25,351.713962361192,39657310393.41875350920043016,1.22074551,112754438.65573,288.1140741293343,256.91673368600163,1.3689803591814678,1380.14454091175,-74.51615016142853,3,137
2020-09-26,354.601045762712,39987598879.06345415565813976,1.22888345,112767853.78073,288.55547347692897,257.6854834621559,1.3761002016816724,1380.14454091175,-74.30696312949543,3,138
2020-09-27,356.121992752776,40163831868.40369793477280648,1.23316314,112781105.03073,288.78741279339243,258.4949133791635,1.3776750501485184,1380.14454091175,-74.19676112202605,3,139
2020-09-28,355.45993395675,40093894095.6200123454128025,1.23043724,112794411.59323,288.88912201385415,259.7205720407649,1.3686244842436206,1380.14454091175,-74.24473137270635,3,140
2020-09-29,359.701439801286,40577084095.88678038109964378,1.23890977,112807677.71823,290.3370757995443,260.8452793113669,1.3789838970860429,1380.14454091175,-73.93740806570446,3,141
2020-09-30,359.976752483928,40612933220.80850213837760744,1.23697417,112820988.96823,291.0139606908105,262.03477231750367,1.3737747448561883,1380.14454091175,-73.91745996067046,3,142
2020-10-01,352.360856049094,39758391695.70111839014415862,1.21616561,112834303.28073,289.7309816621883,263.1778029273809,1.3388699659686782,1380.14454091175,-74.46927871653807,3,143
2020-10-02,345.801279485681,39022839809.19753547750147713,1.19822479,112847586.53073,288.59466301450914,264.35506403112146,1.308094024047034,1380.14454091175,-74.94456057064589,3,144
2020-10-03,346.652968907072,39123566090.84261857600632256,1.20094121,112860900.09323,288.65107302552474,265.49941155683746,1.3056637936572655,1380.14454091175,-74.88285040941679,3,145
2020-10-04,352.339400233781,39770015476.68894984938121513,1.21772435,112874164.65573,289.3424938359663,266.6726918397129,1.3212428981875624,1380.14454091175,-74.47083332293451,3,146
2020-10-05,353.191780187025,39870969678.65809034570352825,1.2199971,112887592.28073,289.5021473305346,267.7518632257445,1.319101110752104,1380.14454091175,-74.40907312840584,3,147
2020-10-06,340.10351987142,38398034415.8073179738674866,1.18155643,112901020.34323,287.84365370634055,268.79471920879536,1.2652909286035234,1380.14454091175,-75.3573984615596,3,148
2020-10-07,341.159963997662,38521806016.49598353308877826,1.18838844,112914204.71823,287.07782111854107,269.83796086163,1.2643141940010625,1380.14454091175,-75.28085255677023,3,149
2020-10-08,350.527496376388,39584167809.24169136331315324,1.21539816,112927425.71823,288.40548547184574,270.9783880658965,1.2935625563288344,1380.14454091175,-74.602116953285,3,150
2020-10-09,366.247890999416,41364317572.62778497023955368,1.25868643,112940766.59323,290.9762767518007,272.13167866788365,1.3458480570591493,1380.14454091175,-73.46307722541397,3,151
2020-10-10,371.282805143191,41937985052.23244998375488443,1.2728201,112954288.40573,291.7009286254916,273.2910187324658,1.3585620444653281,1380.14454091175,-73.0982665846061,3,152
2020-10-11,374.145406195207,42266442521.06648462248427361,1.27995698,112967957.96823,292.3109229774324,274.48126820353536,1.3630999617714092,1380.14454091175,-72.89085345017274,3,153
2020-10-12,387.670968731736,43799633633.75232095636374728,1.31405657,112981464.09323,295.0184775772142,275.7265819697539,1.4059978039196162,1380.14454091175,-71.9108428689916,3,154
2020-10-13,381.544274576271,43112673009.42350779591118283,1.29078087,112995203.65573,295.5918261914363,276.96589526899413,1.3775857645061624,1380.14454091175,-72.3547597178325,3,155
2020-10-14,378.828993045003,42811014987.70333195958806719,1.2788118,113008813.40573,296.23514034277997,278.2049014016651,1.3616905781902795,1380.14454091175,-72.5514986426899,3,156
2020-10-15,377.502910286382,42666305749.00017492670826886,1.2725033,113022455.15573,296.66163560155957,279.4665222257446,1.3507983256092713,1380.14454091175,-72.64758153251134,3,157
2020-10-16,366.299949853887,41405061866.40550733020657251,1.24186032,113035947.40573,294.9606682447886,280.63351037244246,1.3052609054697437,1380.14454091175,-73.4593052397322,3,158
2020-10-17,368.318269374635,41638209280.28478264992503355,1.2476802,113049535.53073,295.2024640405731,281.8075610524541,1.306985050362358,1380.14454091175,-73.31306551911462,3,159
2020-10-18,377.921652425482,42728924786.60020157891843686,1.27470738,113062917.96823,296.4771824145884,283.01789528185213,1.3353277609852798,1380.14454091175,-72.61724107709618,3,160
2020-10-19,379.463028462887,42908426781.36940122932970501,1.2782239,113076699.34323,296.86741772148605,284.20945169096956,1.3351527410688995,1380.14454091175,-72.50555885891441,3,161
2020-10-20,368.843862653419,41712644603.66990713241219087,1.2482645,113090249.90573,295.48534197152844,285.3450349478369,1.2926240777970652,1380.14454091175,-73.2749830383886,3,162
2020-10-21,392.473164231444,44390199440.91029493822752412,1.30863402,113103782.59323,299.9105618784418,286.5857193554932,1.3694791391353436,1380.14454091175,-71.56289413193137,3,163
2020-10-22,414.43640578609,46879969296.3554210333109207,1.3581291,113117401.46823,305.1524378544647,287.9430382196078,1.4392999683152907,1380.14454091175,-69.97152156887094,3,164
2020-10-23,409.339998597312,46308986137.45921822987939776,1.34033323,113130860.15573,305.40166388123646,289.141689591028,1.4157072927681118,1380.14454091175,-70.34078776075917,3,165
2020-10-24,412.26885710111,46645974148.0207924474814853,1.34642589,113144549.59323,306.19498641778944,290.3819475790467,1.4197468559538593,1380.14454091175,-70.12857386453472,3,166
2020-10-25,406.742800642899,46026201771.38409618521272377,1.33055168,113157999.84323,305.6948533129499,291.549187660578,1.395108674137105,1380.14454091175,-70.52897080082663,3,167
2020-10-26,394.010756575102,44590776701.90411529110000946,1.29390318,113171470.46823,304.5133226854748,292.66782341890644,1.346272890447337,1380.14454091175,-71.45148606574128,3,168
2020-10-27,404.045446814728,45731920476.25424199350059144,1.32118764,113185090.53073,305.81988097824467,293.9002976620391,1.3747704579712492,1380.14454091175,-70.72441075281813,3,169
2020-10-28,388.90336364699,44023369567.5355219885651277,1.27926827,113198736.96823,304.0045413203206,295.0526562336347,1.318081215100265,1380.14454091175,-71.82154824232592,3,170
2020-10-29,386.788421098773,43789226262.31333953895516929,1.27386525,113212350.40573,303.6337015228047,296.18335182247165,1.3059087174170707,1380.14454091175,-71.97478889832415,3,171
2020-10-30,383.596369959088,43433013309.68129047657277424,1.26471066,113225819.40573,303.30761184466337,297.3153405293682,1.290200395566865,1380.14454091175,-72.20607272730457,3,172
2020-10-31,386.585236119229,43776670002.69398208387903217,1.2754658,113239373.65573,303.09337664657806,298.45323591773763,1.295295844022221,1380.14454091175,-71.98951090558651,3,173
2020-11-01,395.57778264173,44800351864.4588888835134879,1.29889542,113252952.59323,304.54937060424004,299.6663691272642,1.3200606520971778,1380.14454091175,-71.33794534444895,3,174
2020-11-02,383.848317066043,43477115712.44632172411668889,1.26683433,113266396.59323,302.99803847756715,300.720758510958,1.276427736371435,1380.14454091175,-72.18781760260666,3,175
2020-11-03,388.54819970777316,44014721133.1118939878783192068,1.279466262773,113279951.28073,303.67991014133406,301.80233840634077,1.2874260741632806,1380.14454091175,-71.84728206430533,3,176
2020-11-04,401.79561385154875,45520820968.6638832472373899625,1.312792743239,113293474.09323,306.0617267431071,302.87076940108074,1.3266239414456846,1380.14454091175,-70.8874250528778,3,177
2020-11-05,416.99735464640565,47248734782.8237396060441549995,1.351224122781,113307037.21823,308.60709753180646,304.04960210242496,1.3714780475388753,1380.14454091175,-69.78596499965654,3,178
2020-11-06,456.4478808883693,51724971109.451088450683132339,1.448713896922,113320651.21823,315.07109986185554,305.47677269038525,1.4942146889544372,1380.14454091175,-66.92753060582834,3,179
2020-11-07,436.77211285797785,49501206896.1000194507840999555,1.395749220032,113334174.59323,312.93022169696366,306.8031870901514,1.4236231279098028,1380.14454091175,-68.3531615775955,3,180
2020-11-08,455.37572986557575,51615811182.7734177202029084225,1.444749159284,113347742.96823,315.1936285543536,308.1671567185851,1.4776906621539165,1380.14454091175,-67.0052145723269,3,181
2020-11-09,444.5479997077731,50394519196.058001883996186113,1.413017403172,113361255.09323,314.60900531715555,309.46166508503745,1.436520415495131,1380.14454091175,-67.78975052757184,3,182
2020-11-10,451.5016406195208,51188864451.344404657280324184,1.420761198063,113374703.09323,317.7885497119975,310.78106408153076,1.4527964950305763,1380.14454091175,-67.28591627647565,3,183
2020-11-11,464.2159424897722,52636636662.819858808987624706,1.44876813814,113388257.15573,320.421142810164,312.1332177843361,1.4872365901488749,1380.14454091175,-66.36468654340348,3,184
2020-11-12,462.86649982466395,52489887339.9721227338041700585,1.436681644887,113401785.09323,322.1774994286017,313.46223808211516,1.47662602888521,1380.14454091175,-66.46246200279245,3,185
2020-11-13,476.57134097019286,54050512182.3189912963891740878,1.464276392574,113415364.15573,325.4654267371236,314.8622662435705,1.5135867077877403,1380.14454091175,-65.46946157861403,3,186
2020-11-14,462.5514587960258,52466731076.477595829727935334,1.427895055642,113428960.34323,323.93939384295766,316.1876914747219,1.4629015337018747,1380.14454091175,-66.48528867197813,3,187
2020-11-15,449.3456436002338,50974919025.302421497778684674,1.395113567726,113442557.53073,322.08535132566726,317.35749993234896,1.4158973513971491,1380.14454091175,-67.44213158258138,3,188
2020-11-16,462.2547316189363,52445588185.842030358898368749,1.426362154347,113456033.21823,324.079498471102,318.6343492640264,1.4507372876987075,1380.14454091175,-66.50678838945652,3,189
2020-11-17,482.69500502630035,54771213441.0836773072338160055,1.473172755249,113469608.90573,327.65675533058163,319.98425620032094,1.5084961077713679,1380.14454091175,-65.02576427919479,3,190
2020-11-18,479.4918066627703,54414177251.193751354242900069,1.459102475557,113483017.84323,328.62106308176084,321.3110458806248,1.4922979238034462,1380.14454091175,-65.25785579342228,3,191
2020-11-19,471.1500233781415,53474003939.275019097665444545,1.432729354966,113496765.96823,328.8478886435061,322.61634312098136,1.460403458858437,1380.14454091175,-65.86226953686382,3,192
2020-11-20,509.56297720631215,57840602350.0429959836939973695,1.517803829928,113510213.53073,335.72387100280565,324.12934837404975,1.5720976201706653,1380.14454091175,-63.07901367564842,3,193
2020-11-21,547.3534804208066,62137690708.855800309737736818,1.590027187326,113523879.78073,344.2415857940823,325.84168869111573,1.6798141533684314,1380.14454091175,-60.34085820756032,3,194
2020-11-22,565.1310609000584,64163519384.318385911450994632,1.614061024185,113537414.28073,350.1299222471556,327.6536636177668,1.7247817547962083,1380.14454091175,-59.05276265290866,3,195
2020-11-23,607.2141186440678,68949701372.157119276274190994,1.682304713194,113550886.34323,360.94181623685733,329.62477934687263,1.8421373534089824,1380.14454091175,-56.00358508515851,3,196
2020-11-24,604.573530742256,68658132503.91694299876452688,1.65654924299,113564569.09323,364.9595889169144,331.5855813562238,1.8232805186205008,1380.14454091175,-56.19491199502459,3,197
2020-11-25,568.2473562828757,64540440796.879499193490807761,1.572114885437,113578074.90573,361.45409063086396,333.37294378199823,1.704539516123625,1380.14454091175,-58.826967796613495,3,198
2020-11-26,518.3973562244302,58885598655.964432862308827546,1.459834741382,113591626.09323,355.1068771891759,335.0272181288715,1.5473290770812047,1380.14454091175,-62.43890832753163,3,199
2020-11-27,517.041817182934,58738522860.17093683441506182,1.469453160098,113604975.28073,351.8600192390288,336.6838503533016,1.535689391220792,1380.14454091175,-62.53712550705984,3,200
2020-11-28,540.829210052601,61448304280.81784938377755373,1.526532726989,113618686.15573,354.28602380464923,338.43890410636993,1.5980113500267705,1380.14454091175,-60.81358190966587,3,201
2020-11-29,574.8735552308593,65324166330.141195148991800039,1.590180583957,113632233.96823,361.51463615556537,340.31358176972475,1.689246583228791,1380.14454091175,-58.34685873907911,3,202
2020-11-30,613.469492402104,69718300657.21927625273165592,1.652043226248,113645913.15573,371.3398551897284,342.3632648465804,1.791867163893917,1380.14454091175,-55.55034460399095,3,203
2020-12-01,588.2515552308593,66860458402.5968476726795166969296,1.573820094266,113659637.289624272,373.77306172037964,344.32891272121515,1.7084001183111084,1380.14454091175,-57.37753997546887,3,204
2020-12-02,598.9264098188193,68081982009.9918113618646639916977,1.591639159646,113673367.702364689,376.29534696295605,346.31944593921634,1.7294045045450286,1380.14454091175,-56.60408079988804,3,205
2020-12-03,617.5542700175337,70208101091.7175171614915984602409,1.618896135394,113687338.101838657,381.46626983406566,348.3718544050257,1.772687036018558,1380.14454091175,-55.254377225622655,3,206
2020-12-04,572.1771762711863,65057203221.154561759546017042598,1.530124255213,113701150.48126346,373.9416418776635,350.1589994739913,1.63404960926525,1380.14454091175,-58.54222805582413,3,207
2020-12-05,594.9156954997078,67650868919.8570061562577710301364,1.571732592599,113715051.446125838,378.50948583814863,352.0644756177668,1.689791889556055,1380.14454091175,-56.894681834795726,3,208
2020-12-06,602.2467767387493,68492966173.3344138271503950338353,1.579975962468,113729070.571757021,381.1746450863786,354.0266855359433,1.7011338448316067,1380.14454091175,-56.36349969975656,3,209
2020-12-07,591.8200952659263,67315325127.3764269010644541441976,1.549935891486,113742885.153518152,381.8352091314688,355.9911982273518,1.662457100661134,1380.14454091175,-57.11897719966645,3,210
2020-12-08,554.318545295149,63057485830.729156719387892291384,1.472676760986,113756767.414581016,376.40204556770254,357.72747256545813,1.549555423629696,1380.14454091175,-59.83619621978467,3,211
2020-12-09,574.2140723553478,65328842805.0962927684712414316388,1.515707360784,113770884.327383846,378.8423063792046,359.5640119409696,1.596973148830083,1380.14454091175,-58.39464234840136,3,212
2020-12-10,560.4503168907073,63770626337.2435912190355141579356,1.486640230068,113784620.001703772,376.99122192130636,361.3543819935704,1.5509714142630195,1380.14454091175,-59.39191147903515,3,213
2020-12-11,545.483657510228,62075253269.82548219246780903438,1.455947798787,113798557.326461335,374.65880161685004,363.0603390561069,1.50246005644238,1380.14454091175,-60.47633843120004,3,214
2020-12-12,568.545423261251,64707582848.026432941958978426591,1.504145050419,113812512.071340341,377.98576879462195,364.89876372647507,1.5580908454034328,1380.14454091175,-58.80537100225322,3,215
2020-12-13,590.522730625365,67217061002.463057718498101164205,1.545305011441,113826373.679604217,382.1399181736305,366.81388736060717,1.6098701575189664,1380.14454091175,-57.21297928438318,3,216
2020-12-14,586.470181297487,66764001253.854203401154977577615,1.534015164934,113840402.091966145,382.3105499238786,368.64934541203905,1.5908618544866526,1380.14454091175,-57.5066115241775,3,217
2020-12-15,589.000816832262,67060289919.868369630854617539038,1.535419460291,113854324.142586149,383.6090606280526,370.4904253646983,1.5897868784394884,1380.14454091175,-57.323251342706705,3,218
2020-12-16,636.205011104617,72443632867.371821077971168155685,1.616102425389,113868378.278867805,393.66626836877674,372.4535884137924,1.7081457419005972,1380.14454091175,-53.90301578961232,3,219
2020-12-17,642.788150204559,73202278217.363370648621174922197,1.615120753837,113882432.639848283,397.98148137066784,374.5103089275271,1.7163430081411921,1380.14454091175,-53.42602668413841,3,220
2020-12-18,652.01013056692,74261608941.26488947641889073088,1.626020315505,113896403.537004464,400.9852302272266,376.5249848156043,1.731651701377079,1380.14454091175,-52.757837223615034,3,221
2020-12-19,659.714045002922,75148279638.895664176556174222538,1.631079714531,113910383.154814929,404.4646249509736,378.63765687784854,1.742336064623786,1380.14454091175,-52.199641019693324,3,222
2020-12-20,638.561923436587,72748159623.0637187861903006996,1.589011078792,113924988.2478908,401.86121541835655,380.6107957977784,1.6777294035975272,1380.14454091175,-53.73224292763273,3,223
2020-12-21,612.546497369959,69792927337.558631849053808049569,1.537257728624,113938986.896868791,398.4670143231282,382.4552894547042,1.601615964687829,1380.14454091175,-55.617221297321585,3,224
2020-12-22,634.17585622443,72266212960.41544725083813818839,1.579146996478,113952955.242813573,401.5939349780887,384.42460385563936,1.6496755146883841,1380.14454091175,-54.050040598973695,3,225
2020-12-23,588.508848042081,67070683523.019314315515452392184,1.485681829825,113967162.509379064,396.1203780162016,386.15704959438864,1.5240142544600404,1380.14454091175,-57.358897521465344,3,226
2020-12-24,611.893571595558,69744266303.687780088881482343976,1.531594686862,113981041.052326172,399.5140338657304,387.9945942349498,1.5770672599243134,1380.14454091175,-55.66452980415158,3,227
2020-12-25,625.840292518995,71342636142.165561116971885886715,1.557184575951,113994955.254499257,401.9050163894562,389.89395417971895,1.6051551602939662,1380.14454091175,-54.65400369547142,3,228
2020-12-26,635.806854120397,72487828164.105764098908110293611,1.570747164044,114009195.865603863,404.77988353228477,391.85135774546995,1.6225715224735555,1380.14454091175,-53.93186472335928,3,229
2020-12-27,688.480685447107,78502781448.869944866417302505935,1.654294591744,114023215.332307205,416.1778010295572,394.0552367749849,1.7471679632575121,1380.14454091175,-50.11532016840182,3,230
2020-12-28,730.518296902396,83306403100.187013360282974146628,1.711975649758,114037394.345124143,426.71068189881083,396.5533062548213,1.8421692251204482,1380.14454091175,-47.069435465085306,3,231
2020-12-29,731.936295733489,83478230313.894837084381645730803,1.694064257169,114051223.857179427,432.0593464126614,399.02717551987104,1.83430187375055,1380.14454091175,-46.96669268785733,3,232
2020-12-30,751.208063705435,85686789710.82679551390079393931,1.721690841927,114065322.046950826,436.31995095277756,401.59276379894754,1.870571711998073,1380.14454091175,-45.57033401666955,3,233
2020-12-31,739.025849853887,84307592980.451223759674636826792,1.693255921598,114079355.948265816,436.4525411825731,404.1272066627699,1.828696107734658,1380.14454091175,-46.45301068497707,3,234
2021-01-01,730.91432063121,83392527577.60789870355780292555,1.672616430722,114093437.799372955,436.98860492223207,406.6257890672117,1.7975109800780398,1380.14454091175,-47.04074109887404,3,235
2021-01-02,775.296622443016,88467283101.456922095491324178152,1.74242746175,114107659.624119197,444.95202208552774,409.3265890733485,1.8940783304553133,1380.14454091175,-43.82496909121996,3,236
2021-01-03,990.365324956166,113022171397.96151562180434157206,2.02839789176,114121696.86268441,488.2500267720382,413.10997644301534,2.397340614921648,1380.14454091175,-28.241912669385222,3,237
2021-01-04,1030.31844886032,117596170885.0998721952899662528,1.994201260979,114135751.92716204,516.6572045764892,417.1049131928692,2.470166177073778,1380.14454091175,-25.347061969344768,3,238
2021-01-05,1101.55981414378,125742960421.83228882780809608526,2.052205065021,114149916.152823467,536.7688799328189,421.46882114348296,2.6136211242272887,1380.14454091175,-20.185184849112375,3,239
2021-01-06,1199.35239976622,136922869199.13203865740321740196,2.117121237223,114164001.527675518,566.5015204039022,426.32098398831056,2.813261473892417,1380.14454091175,-13.099507753448433,3,240
2021-01-07,1220.21421332554,139321539857.91890442476629347696,2.088183917551,114177935.592321624,584.3423096355394,431.2841598869079,2.829258124493853,1380.14454091175,-11.587940454451026,3,241
2021-01-08,1219.88072121566,139300816746.4319347371839509968,2.057813704556,114192161.84317848,592.8042555625146,436.1674597022205,2.796817355537011,1380.14454091175,-11.612104018483208,3,242
2021-01-09,1286.97022314436,146979958226.2945068161399563358,2.118496135364,114206184.092736155,607.4923629366134,441.38770472296864,2.9157364588397643,1380.14454091175,-6.751055052961137,3,243
2021-01-10,1265.43626750438,144538541298.19491061830397287096,2.071606985803,114220324.649968692,610.8476541045595,446.54076729368745,2.8338650358257422,1380.14454091175,-8.311323198915922,3,244
2021-01-11,1082.905685564,123705180159.740779691808947124,1.864197778955,114234491.340132291,580.896350048779,450.79318861805916,2.402222821697306,1380.14454091175,-21.53679172990015,3,245
2021-01-12,1038.8394176505,118686042564.3113704171268964555,1.814492545934,114248689.978224611,572.5233867608771,454.83891486937415,2.283972157371024,1380.14454091175,-24.72966512882609,3,246
2021-01-13,1127.92676271186,128880200418.33360206539214724384,1.926038626996,114262915.535817744,585.6200114070726,459.3750514728224,2.4553505008501544,1380.14454091175,-18.27473650211087,3,247
2021-01-14,1212.61922150789,138574331450.75236240490679315722,2.027927432063,114276871.909085698,597.9598689457534,464.3159302770304,2.6116252801931443,1380.14454091175,-12.138244541632547,3,248
2021-01-15,1167.64685096435,133451671351.6473235697234767644,1.95826951954,114291124.273945224,596.2646302326309,469.0140628249556,2.4895774850148507,1380.14454091175,-15.396770674977267,3,249
2021-01-16,1231.50994839275,140768055176.680706179726477559,2.032677940092,114305252.150336116,605.855912588401,474.04299879281064,2.59788658735366,1380.14454091175,-10.769494651684033,3,250
2021-01-17,1242.04924137931,141990281349.43543191793571553384,2.037016039705,114319365.624951864,609.7395490116921,479.0975154073635,2.5924768996625445,1380.14454091175,-10.005857751769367,3,251
2021-01-18,1252.15644476914,143163465450.51593070478991693862,2.030049374005,114333529.207615083,616.8108326837454,484.22479010432437,2.5858990914103503,1380.14454091175,-9.273528413050023,3,252
2021-01-19,1386.08540385739,158495706458.95571714666896536709,2.098613639381,114347720.579029231,660.476696542497,490.0297228497948,2.828574144026477,1386.08540385739,0.0,3,253
2021-01-20,1367.82303974284,156426920284.4940367527794857148,2.047366055518,114361957.46044997,668.0891460793365,495.72450668819334,2.7592403064373605,1386.08540385739,-1.3175497024733887,3,254
2021-01-21,1132.69443191116,129553109550.88302486935131454096,1.803680899463,114376045.207790156,627.9904789413644,500.2496425064283,2.264258353561152,1386.08540385739,-18.281050449060245,3,255
2021-01-22,1235.37204792519,141314431408.77156481656453006606,1.910604321315,114390180.388255874,646.5870688887211,505.22060733985904,2.445213100925953,1386.08540385739,-10.873309502630512,3,256
2021-01-23,1232.76174810053,141033354246.51134487381102542827,1.902623421253,114404388.734334959,647.9273482761382,510.18934893249497,2.416282799082192,1386.08540385739,-11.061631219127607,3,257
2021-01-24,1387.23029631794,158724870354.96937924756193293634,2.07720900285,114418543.753164361,667.8337588632697,515.8912798354756,2.6889973731681325,1387.23029631794,0.0,3,258
2021-01-25,1325.60759380479,151692919224.50618771457566655018,1.977749983237,114432747.619613142,670.2604500267304,521.3110587115715,2.542834209351035,1387.23029631794,-4.442139324430286,3,259
2021-01-26,1361.84900292227,155859496260.04378069280836892509,2.000675962607,114446973.141367967,680.6944394671987,526.9151352255983,2.584569908661279,1387.23029631794,-1.8296380538284287,3,260
2021-01-27,1245.93815055523,142611355859.2652927364320086199,1.862320295301,114461023.44302813,669.0246321746997,531.9482907752769,2.3422166630883683,1387.23029631794,-10.185197521834331,3,261
2021-01-28,1341.7747030976,153599979312.1924097875228884352,1.92813268788,114475238.620607402,695.8933436126193,537.4506163348912,2.496554403914807,1387.23029631794,-3.276715722039134,3,262
2021-01-29,1383.40889538282,158385543266.2682145872179860372,1.955598721206,114489319.67611746,707.4093884299966,543.1710289427228,2.5469121541250312,1387.23029631794,-0.27546982972206896,3,263
2021-01-30,1379.86854237288,157999493481.53280824962587485304,1.94822491678,114503294.067295883,708.2696307228779,548.8671775648736,2.514029985350665,1387.23029631794,-0.5306800150342665,3,264
2021-01-31,1317.346364173,150859483437.808319836429548424,1.880859383919,114517705.852184488,700.3959867686377,554.2620021876088,2.376757488288182,1387.23029631794,-5.037659019589582,3,265
2021-02-01,1369.95499357101,156903551687.74547237122040976774,1.929326106185,114531902.452321374,710.0691734690326,559.9440287849203,2.4465927363201194,1387.23029631794,-1.245308929078543,3,266
2021-02-02,1524.16825189947,174587545206.45606683189042302806,2.053380275417,114546110.633704098,742.2727636701107,566.40064290824,2.6909719665455847,1524.16825189947,0.0,3,267
2021-02-03,1659.52005435418,190115116680.58093765747056906936,2.134676473319,114560300.842261452,777.4105702181438,573.5186936052008,2.8935762214170504,1659.52005435418,0.0,3,268
2021-02-04,1608.39752355348,184281491645.17480557833355000672,2.049668028662,114574593.001135864,784.7112318005095,580.3638904938624,2.7713604342007034,1659.52005435418,-3.0805611939769544,3,269
2021-02-05,1720.47846616014,197147391264.52363524663546317244,2.13062276479,114588700.261112946,807.500273906871,587.7844765432487,2.9270566590636196,1720.47846616014,0.0,3,270
2021-02-06,1683.70779380479,192957815798.47929963761699104308,2.068896618061,114602911.804808652,813.8192015523646,594.9767625350664,2.829871517386457,1720.47846616014,-2.1372352562724464,3,271
2021-02-07,1616.04266183518,185226378182.62645109431018524592,2.00505642587,114617257.673311144,805.9836326720704,601.7359799967846,2.6856340912900296,1720.47846616014,-6.070160503551409,3,272
2021-02-08,1743.54479135009,199865012211.00155801194953867186,2.093427383765,114631418.247786354,832.866143278564,609.0775848908524,2.862598845535476,1743.54479135009,0.0,3,273
2021-02-09,1770.83282057276,203018236061.66702559315037778264,2.094461699545,114645625.325603914,845.483505837063,616.5322113215947,2.872247042497283,1770.83282057276,0.0,3,274
2021-02-10,1748.21180596143,200449828250.74096368089431812489,2.067545539362,114659921.393508423,845.5493592179307,623.7462595886899,2.8027611854766614,1770.83282057276,-1.2774223714700266,3,275
2021-02-11,1785.58308942139,204760269802.63743617275784152174,2.091262721598,114674176.192489066,853.8301146863888,631.1189751681756,2.829233725615019,1785.58308942139,0.0,3,276
2021-02-12,1846.45420058445,211767007287.84375553989743597295,2.121022853019,114688470.052933931,870.5489419674393,638.7350767365566,2.890798185091707,1846.45420058445,0.0,3,277
2021-02-13,1819.41280268849,208691337249.82140918590973382909,2.088127998406,114702577.085004941,871.3128716617769,646.2420630639967,2.8153735367552444,1846.45420058445,-1.4645041229509361,3,278
2021-02-14,1811.5666792519,207817376822.7339844667354733805,2.073822504382,114716934.906615595,873.5398885025348,653.709766730566,2.771209444081257,1846.45420058445,-1.8894333431886492,3,279
2021-02-15,1787.53062191701,205085473631.30056335914674705135,2.04849315597,114731166.625475635,872.6075636169654,660.9675994257735,2.704414896388199,1846.45420058445,-3.1911746659510576,3,280
2021-02-16,1780.61989596727,204317874330.46679424447564544134,2.027981494876,114745361.878300842,878.0257120029318,668.1397989441839,2.665040907278781,1846.45420058445,-3.5654447641507643,3,281
2021-02-17,1845.23994155465,211759190997.1492211277902886535,2.061527032919,114759704.81038799,895.0840382344636,675.4300692247215,2.7319481699603196,1846.45420058445,-0.06576166521843804,3,282
2021-02-18,1932.41152659264,221790387317.98111960253282962944,2.107655032162,114773889.653337496,916.853800600567,683.2312234994148,2.8283419435884363,1932.41152659264,0.0,3,283
2021-02-19,1961.02429018118,225102701693.47660355676861249122,2.111572487423,114788329.150517179,928.7032777048768,691.1089058883686,2.837504007650474,1961.02429018118,0.0,3,284
2021-02-20,1912.80253489188,219594687146.41842031230775860996,2.059379144581,114802591.036314617,928.8248547748879,698.719604239333,2.7375824626736627,1961.02429018118,-2.4590085666325345,3,285
2021-02-21,1933.88384745763,222042492338.96162119978538097011,2.070798091237,114816871.049866097,933.8833446105873,706.3860174962002,2.7377153561339185,1961.02429018118,-1.3839931947524462,3,286
2021-02-22,1771.20859848042,203389892374.4104141549854361926,1.940122245086,114831134.25990903,912.9365961173788,713.2720808261241,2.483215936938083,1961.02429018118,-9.679415632491876,3,287
2021-02-23,1563.04562419638,179508700934.97288989899626536526,1.782669024878,114845464.621203877,876.800798344129,719.185658677673,2.1733548289467643,1961.02429018118,-20.294428170904023,3,288
2021-02-24,1616.56383693746,185678047442.9876945818097647161,1.829665663001,114859706.248749285,883.5296358384885,725.3066769798355,2.2288004346917143,1961.02429018118,-17.565333329547645,3,289
2021-02-25,1491.46385715956,171330441592.11059944976703958312,1.727431704315,114874015.062224402,863.3996084672931,730.8180804786666,2.040814119134396,1961.02429018118,-23.944651546271118,3,290
2021-02-26,1442.30312273524,165703892104.92741902162904418952,1.686366993704,114888395.853071498,855.2723862125118,736.0525568302155,1.9595110557681747,1961.02429018118,-26.45154218859854,3,291
2021-02-27,1454.03216890707,167072208668.00746423423666641597,1.698561917542,114902690.766180271,856.0371888068759,741.4271609798357,1.9611261165365033,1961.02429018118,-25.853434035091365,3,292
2021-02-28,1425.38586674459,163800981512.82030427093777696419,1.67265649529,114916939.570140441,852.1689125999903,746.6180494398005,1.9091232361902848,1961.02429018118,-27.314216663124665,3,293
2021-03-01,1563.23598036236,179664587381.82205316594649839076,1.789685810259,114931200.176300691,873.4695058771971,752.3102320412032,2.0779140224118913,1961.02429018118,-20.284721194456406,3,294
2021-03-02,1489.87889421391,171255085933.43989604148939074746,1.72396518086,114945641.956890406,864.2163488886034,757.5692421843944,1.96665705423567,1961.02429018118,-24.025474764707823,3,295
2021-03-03,1584.06700526008,182104024499.24202435094819352832,1.802159023687,114959798.982331104,878.9829223945344,763.326531218585,2.0752154425069613,1961.02429018118,-19.222468931594562,3,296
2021-03-04,1538.02277644652,176832941731.48396105590454864596,1.745600748949,114974202.228683823,881.0850805217287,768.8519492367029,2.0004147456131585,1961.02429018118,-21.570437237958874,3,297
2021-03-05,1530.84029181765,176029141469.0193289401714225492,1.738213958082,114988573.536962728,880.6972724501805,774.3419433749262,1.9769564401297544,1961.02429018118,-21.936699127973835,3,298
2021-03-06,1659.83834599649,190886424481.50558521966238313847,1.840394577975,115003021.192950103,901.892651641488,780.5244034444761,2.126568161958264,1961.02429018118,-15.358603444777488,3,299
2021-03-07,1719.16063705435,197733228967.94926612242815721625,1.884890500196,115017308.275944475,912.0745406035967,787.085809490648,2.1842099251756064,1961.02429018118,-12.33353683265617,3,300
2021-03-08,1826.12504734074,210062199817.2792928159576993518,1.959373777647,115031662.32957507,931.9942259989426,794.135135789596,2.299514232580898,1961.02429018118,-6.879019475479151,3,301
2021-03-09,1862.02863687902,214218817196.64240503504232902748,1.978425457274,115045930.526449074,941.1669416368312,801.5090759488595,2.3231535272070047,1961.02429018118,-5.048160484183179,3,302
2021-03-10,1803.4244905903,207502588302.7632996239681106136,1.923528991543,115060314.077715112,937.5603375458586,808.5466357951482,2.2304520367174123,1961.02429018118,-8.036606195036953,3,303
2021-03-11,1827.71346113384,210323158993.04174936851748793264,1.927074747618,115074470.624386446,948.4393189174538,815.7254650639967,2.240598754619545,1961.02429018118,-6.798020285359314,3,304
2021-03-12,1768.50364453536,203534962497.01137771297212851584,1.878323315984,115088800.142386044,941.5331372857347,822.5240222893034,2.1500936101697596,1961.02429018118,-9.817351402008024,3,305
2021-03-13,1927.20756627703,221827734371.9821300971980543182,1.998190976611,115103187.76949794,964.4761631071118,830.242035272062,2.3212599271072842,1961.02429018118,-1.7244418681333937,3,306
2021-03-14,1874.14906195208,215747658136.0233081482913139972,1.947398907952,115117661.938428965,962.3858030828651,837.681061495031,2.237306235152598,1961.02429018118,-4.430094449318298,3,307
2021-03-15,1796.90510976037,206881134242.69309737057240219057,1.858746007838,115131919.386818461,966.7297749036942,844.753841291349,2.127134582795737,1961.02429018118,-8.369053929752553,3,308
2021-03-16,1796.95172822911,206912348624.15817655658375219664,1.853187946915,115146303.249931824,969.6543360431916,851.763401283459,2.10968412768313,1961.02429018118,-8.366676678793784,3,309
2021-03-17,1818.86739976622,209461979346.26629469772727549384,1.86580269737,115160665.023293372,974.8444475560362,858.8558974544117,2.1177794844946805,1961.02429018118,-7.249114206628525,3,310
2021-03-18,1781.64520666277,205201027897.62503064654264786157,1.828030901269,115175023.136054441,974.6253224855063,865.6231412980702,2.0582227087772313,1961.02429018118,-9.147213750311938,3,311
2021-03-19,1810.37383459965,208535831644.5681901894844616528,1.846972928703,115189375.619032992,980.1842823278135,872.4945566239032,2.0749399762502225,1961.02429018118,-7.682233021581355,3,312
2021-03-20,1812.74496884863,208835099586.78946937285724611267,1.845869106049,115203794.894232509,982.0549912819815,879.154535588836,2.0619184630998895,1961.02429018118,-7.561319973188629,3,313
2021-03-21,1784.72563880771,205632497854.89958165170692070863,1.823971782753,115217988.347090053,978.4831408487833,885.8720931122142,2.014653867848659,1961.02429018118,-8.990130935970285,3,314
2021-03-22,1689.11376779661,194640513772.76540273265310080357,1.75268061511,115232329.215258937,963.7316423965809,892.3999490262994,1.8927766296262207,1961.02429018118,-13.86573964157517,3,315
2021-03-23,1671.75213500877,192663932774.563944919612356486,1.738501478937,115246709.5689118,961.6052417918886,898.8253643214485,1.8599298610924582,1961.02429018118,-14.751074559391819,3,316
2021-03-24,1586.88241320865,182905748148.49722723721951990755,1.676438932152,115261059.437078787,946.579313313615,905.1026759447683,1.7532623152972378,1961.02429018118,-19.078900697245466,3,317
2021-03-25,1588.93212396259,183164846643.80430176659211406579,1.66873643579,115275438.064034481,952.1768026898568,911.2812009167144,1.7436243854961393,1961.02429018118,-18.974378241088097,3,318
2021-03-26,1695.66907773232,195493459310.30397463704396968784,1.744551023405,115289865.149716887,971.9802143835997,917.9955139602562,1.8471430981368961,1961.02429018118,-13.5314597466992,3,319
2021-03-27,1718.1190917592,198106342507.3110967765009301208,1.759264296633,115304197.163927649,976.6122663021431,924.9025266285788,1.8576217950469067,1961.02429018118,-12.386649142399856,3,320
2021-03-28,1685.16250900058,194330488098.80046235312430440974,1.732416536942,115318544.686857603,972.7236337602556,931.5680694307412,1.8089526297636438,1961.02429018118,-14.067229180272573,3,321
2021-03-29,1811.1432226768,208884494339.3977391952351684448,1.82040888661,115332951.985251886,994.9101193685915,938.7868812060187,1.9292378908726364,1961.02429018118,-7.642999031416001,3,322
2021-03-30,1840.87399678551,212339971941.29131145350951578411,1.833822182393,115347368.865046861,1003.8454188526108,946.121418111045,1.9457058698246792,1961.02429018118,-6.126915102340185,3,323
2021-03-31,1916.88001928697,221134428982.11952728763982869341,1.878852114233,115361643.272997253,1020.2399671405187,953.7747379322022,2.0097827537797808,1961.02429018118,-2.2510823101600366,3,324
2021-04-01,1971.24078258329,227433887911.43071135603178110273,1.895303304518,115376005.773064937,1040.0661350002772,961.8027338059603,2.0495271153814163,1971.24078258329,0.0,3,325
2021-04-02,2134.06883985973,246250783766.11476745469206713841,1.97718567096,115390271.938135117,1079.3467053721654,970.5940729868488,2.198724368151634,2134.06883985973,0.0,3,326
2021-04-03,2025.14887843366,233711682648.32488507479790813186,1.894121151001,115404692.038783771,1069.1760014207193,978.9001344003497,2.068800286429848,2134.06883985973,-5.10386353952992,3,327
2021-04-04,2077.39558153127,239771287366.75481056790064393429,1.892528467348,115419176.539317027,1097.68260682616,987.4605019269424,2.103775875062765,2134.06883985973,-2.6556434014651935,3,328
2021-04-05,2099.52728872005,242355891780.99509643202085778735,1.886918923767,115433551.677598947,1112.6748808733146,996.0109078153116,2.1079360399026488,2134.06883985973,-1.6185771749495381,3,329
2021-04-06,2116.90126201052,244391805183.8708575977005411972,1.895284244664,115447899.98932711,1116.9307548302913,1004.6841057440083,2.107031702709053,2134.06883985973,-0.8044528615271064,3,330
2021-04-07,1985.39789129164,229238587439.5982157627122981378,1.807995619641,115462290.176233895,1098.1209631945155,1012.6848623521322,1.960528852658286,2134.06883985973,-6.966548866242847,3,331
2021-04-08,2078.55003594389,240023894711.6765010495223615389,1.863475753077,115476601.74689001,1115.415659426615,1021.2215774032718,2.035356559179995,2134.06883985973,-2.601547001618229,3,332
2021-04-09,2066.05360420807,238610252683.2421922734138787713,1.849721689383,115490833.44074359,1116.9537644861755,1029.8395634719452,2.0061897770199164,2134.06883985973,-3.1871153536045562,3,333
2021-04-10,2130.18779029807,246047990498.58259219009028594676,1.889747123672,115505305.034235468,1127.2343074976432,1038.772984110753,2.0506769264139346,2134.06883985973,-0.18186149805340815,3,334
2021-04-11,2144.37211630625,247717304501.33265486236202731875,1.886739423465,115519737.744041219,1136.549164997097,1047.8919017378714,2.0463676766181,2144.37211630625,0.0,3,335
2021-04-12,2142.82890011689,247569923868.10350688259585805034,1.881348524185,115534153.872294106,1138.985611953619,1056.8603261583858,2.0275421898993264,2144.37211630625,-0.07196587652045434,3,336
2021-04-13,2297.89169135009,265517905596.9076116407006201045,1.962929139927,115548485.85614005,1170.6442400847682,1066.5912148033303,2.154425856370662,2297.89169135009,0.0,3,337
2021-04-14,2430.29892869667,280852111298.93622079897246059882,2.015361964316,115562784.471765646,1205.8870672998419,1076.969704218,2.256608444209986,2430.29892869667,0.0,3,338
2021-04-15,2519.58225540619,291206073188.74312834451691394744,2.04038495652,115577124.963438376,1234.8563183407753,1087.7870055312671,2.3162459586246342,2519.58225540619,0.0,3,339
2021-04-16,2428.35284687317,280696668526.21635780242605901496,1.966458268162,115591384.871292888,1234.8865400245138,1098.1514700958494,2.2113095624788603,2519.58225540619,-3.6208148528301405,3,340
2021-04-17,2342.16061426067,270767114997.47928861049807974374,1.908887490854,115605699.006662722,1226.9767733732865,1108.0637659681463,2.113741723351326,2519.58225540619,-7.041708631057066,3,341
2021-04-18,2243.48254529515,259391685368.7708115949194841328,1.843047288427,115620104.071121952,1217.268031798529,1117.4812949322024,2.007624248807907,2519.58225540619,-10.95815425428646,3,342
2021-04-19,2168.6250818235,250767422737.0140463966579141965,1.799791047254,115634290.518375319,1204.931586437349,1126.5626160610746,1.924992939501138,2519.58225540619,-13.929181031087683,3,343
2021-04-20,2328.50510870836,269288971632.49824741318330412776,1.889135971683,115648864.426101666,1232.5767671629974,1136.476135207188,2.0488816584642633,2519.58225540619,-7.583683616116997,3,344
2021-04-21,2363.99523424898,273427535736.55578191647614974994,1.905617002461,115663319.356657353,1240.540586695023,1146.5628465338975,2.061810428791955,2519.58225540619,-6.175111799718853,3,345
2021-04-22,2419.70522676797,279905680451.03575138888478595349,1.922964605444,115677594.673343417,1258.3202103240355,1156.8996756665686,2.0915428344068068,2519.58225540619,-3.9640312763719856,3,346
2021-04-23,2357.12506639392,272700345641.16996241600344410016,1.882020145325,115691928.921855773,1252.4441208820724,1166.919342097603,2.0199554342435144,2519.58225540619,-6.447782709363459,3,347
2021-04-24,2236.58652717709,258787233934.05953254738498692539,1.807632526767,115706336.772352871,1237.3015499877545,1176.4017571341315,1.901209781108885,2519.58225540619,-11.23185113809581,3,348
2021-04-25,2300.55654880187,266223290830.8872795024290686355,1.843605325928,115721254.91526665,1247.857400088524,1186.1987400581525,1.9394360077376975,2519.58225540619,-8.692937336511372,3,349
2021-04-26,2526.05887901812,292354997614.45360059983408455884,1.966022649638,115735622.808638607,1284.8574656468168,1197.0763969713612,2.11019019789307,2526.05887901812,0.0,3,350
2021-04-27,2646.34933898305,306314914674.97178423403229955765,2.014334892441,115749991.946521973,1313.7583769778055,1208.4769042112791,2.1898220228794596,2646.34933898305,0.0,3,351
2021-04-28,2740.23064289889,317221220058.33404895631490914623,2.038001404778,115764423.290568607,1344.5675927771915,1220.3216434000576,2.2454986828423897,2740.23064289889,0.0,3,352
2021-04-29,2760.50726008182,319608177770.08391948784089530362,2.030660689759,115778785.439821991,1359.4133544828894,1232.2534526694908,2.2402106109758493,2760.50726008182,0.0,3,353
2021-04-30,2770.29005821157,320780430149.6341841759065591319,2.025950275448,115793084.26523467,1367.4027895867155,1244.16654811689,2.226623165849095,2770.29005821157,0.0,3,354
2021-05-01,2949.31864056107,341553299412.55617721060413514669,2.084916409059,115807527.445586567,1414.5980278855432,1257.0054199468138,2.3463054285683675,2949.31864056107,0.0,3,355
2021-05-02,2952.47679661017,341961340071.94615409966131431627,2.078005553212,115821855.218155331,1420.822380405331,1269.8736589646398,2.3250161744573856,2952.47679661017,0.0,3,356
2021-05-03,3430.64827410871,397393607999.96434854784097329949,2.260814951058,115836301.552425419,1517.4387768902805,1285.1393857837513,2.6694756320276536,3430.64827410871,0.0,3,357
2021-05-04,3274.89152846289,379398576174.06098051776059292878,2.155283907213,115850730.589582702,1519.4710624910924,1299.6823436767963,2.5197630362494845,3430.64827410871,-4.54015489787527,3,358
2021-05-05,3525.92409964933,408531934419.14016109456505211546,2.244676359743,115865209.480762962,1570.7939740823144,1315.4703728281697,2.6803523458067997,3525.92409964933,0.0,3,359
2021-05-06,3500.54310403273,405641461471.48842787198587533079,2.1969879559,115879579.087078623,1593.3374120836845,1331.083480086206,2.6298449018434376,3525.92409964933,-0.7198395342408069,3,360
2021-05-07,3482.63239333723,403615942703.01302840976860470003,2.163128013868,115893926.523852361,1609.9982853579509,1346.5993269105777,2.5862424878283767,3525.92409964933,-1.2278116343005079,3,361
2021-05-08,3886.76699649328,450508612743.5663228005088045016,2.302177567456,115908314.841106845,1688.3002646873656,1364.188942579777,2.8491412554210647,3886.76699649328,0.0,3,362
2021-05-09,3916.08141320865,453962679013.81713842555526645855,2.292554351788,115922686.766070527,1708.1738586282306,1381.8069838246627,2.8340292523123916,3916.08141320865,0.0,3,363
2021-05-10,3954.28315780245,458448519293.4827515773877686126,2.26421643912,115937200.498373148,1746.4245420545146,1399.5062175847447,2.825484523124675,3954.28315780245,0.0,3,364
2021-05-11,4155.77199766219,481868354039.06875701707542133251,2.269929669446,115951585.965289129,1830.7932856247699,1418.238377580069,2.9302351870869248,4155.77199766219,0.0,3,365
2021-05-12,3975.50227118644,461022908425.01299887894513789952,2.170673682126,115965952.721598208,1831.4601148583308,1436.0545446504957,2.7683504682992317,4155.77199766219,-4.337815611086464,3,366
2021-05-13,3687.15909000585,427638705839.86920836779903485825,2.044984190709,115980540.953330745,1803.0257186132596,1452.4566260973106,2.5385674337918718,4155.77199766219,-11.276193879740184,3,367
2021-05-14,4086.70976446523,474037688752.90720827357326734341,2.187403736275,115994948.521855167,1868.2923946288122,1470.920121136761,2.7783356184609986,4155.77199766219,-1.6618388409135754,3,368
2021-05-15,3672.60174400935,426056388086.03363578554771758565,2.024650208407,116009417.242423699,1813.9438253380877,1487.2629026227341,2.469369563063027,4155.77199766219,-11.626486099926685,3,369
2021-05-16,3565.84300116891,413722726911.75296005087865645733,1.982506070166,116023820.111017663,1798.6542663500309,1503.1476008103439,2.372250735221592,4155.77199766219,-14.195412953962386,3,370
2021-05-17,3280.03027819988,380608795495.61983647695422509036,1.870889189294,116038195.752419247,1753.1932393268219,1517.6138100958494,2.1613076109215954,4155.77199766219,-21.072901014659966,3,371
2021-05-18,3368.23962887201,390893107166.11835101572993412213,1.925527811984,116052641.805958613,1749.2552472672348,1532.5370263904142,2.197819413737251,4155.77199766219,-18.950326659720567,3,372
2021-05-19,2535.73623553478,294315407960.50341536116939967824,1.585281525274,116067043.502430008,1599.549477558255,1543.282781387492,1.6430794577096366,4155.77199766219,-38.98278738676601,3,373
2021-05-20,2777.92518293396,322465830669.54010330600226050804,1.69717414371,116081539.074771449,1636.794428685705,1555.194518388953,1.7862236203170587,4155.77199766219,-33.155014651990804,3,374
2021-05-21,2413.98438398597,280253633151.00725122705772909006,1.53598708976,116095876.597284598,1571.6176262673916,1565.3451987235528,1.5421418776857863,4155.77199766219,-41.912492183306846,3,375
2021-05-22,2320.84220163647,269473781561.84691864912462506268,1.493601464771,116110341.914601444,1553.8564043871656,1575.0066687331962,1.4735443650553945,4155.77199766219,-44.15376486144936,3,376
2021-05-23,2105.59847983635,244512106465.5417284921943373362,1.387752879305,116124754.461518012,1517.2719230032178,1583.5256830631201,1.3296901353461785,4155.77199766219,-49.33315684737169,3,377
2021-05-24,2626.16846405611,305001169847.08671015119592903593,1.643923739577,116139224.890399163,1597.5001764570006,1594.5715386101688,1.6469430191542758,4155.77199766219,-36.80672410484866,3,378
2021-05-25,2696.5863798948,313217954899.5231883500939758916,1.675783174725,116153503.271696617,1609.1499309493404,1605.7722311052012,1.6793081407559443,4155.77199766219,-35.1122635839562,3,379
2021-05-26,2868.71953185272,333253006663.98311078690561173704,1.747535278929,116167859.201194407,1641.580325411715,1617.9319682001747,1.7730779712845102,4155.77199766219,-30.970237696714243,3,380
2021-05-27,2743.10334950321,318699807057.73646479029840012826,1.701837994273,116182209.144782906,1611.8475194079933,1629.3706062983629,1.6835355559377911,4155.77199766219,-33.992929567687305,3,381
2021-05-28,2415.30300233781,280650177206.97726745522855060752,1.545701575955,116196674.676150992,1562.5933491369665,1639.224381311513,1.473442580450988,4155.77199766219,-41.880762378289106,3,382
2021-05-29,2288.85813150205,265990903596.22771741130391109635,1.484223850636,116211179.686210047,1542.1246131580886,1648.4111637659257,1.388523799045969,4155.77199766219,-44.92339491219354,3,383
2021-05-30,2391.71209117475,277978165597.68939004714509929075,1.545386328719,116225596.978586737,1547.6467254355005,1658.0486445093504,1.4424860809089866,4155.77199766219,-42.4484285345732,3,384
2021-05-31,2699.21445762712,313756612486.78132899113536412664,1.695542442011,116239971.818543397,1591.9474445155815,1669.2303842983624,1.617041292213056,4155.77199766219,-35.04902436549575,3,385
2021-06-01,2626.20154821742,305307516839.51114141856432210978,1.659087663063,116254412.022087159,1582.9190986622968,1679.9785353345987,1.5632351800818476,4155.77199766219,-36.80592800339438,3,386
2021-06-02,2713.1598679135,315456282852.275362479284721165,1.698710445955,116268962.46805779,1597.187957708817,1691.2315773801863,1.6042509519106416,4155.77199766219,-34.713457104004384,3,387
2021-06-03,2858.60099824664,332407619081.87248973737750738368,1.764975203017,116283321.556859112,1619.626719605027,1703.2778541534185,1.6782939972336177,4155.77199766219,-31.21371913919406,3,388
2021-06-04,2689.27742548217,312757374481.50546287399483854692,1.67952100622,116297921.336780676,1601.2169038211496,1714.4129676227346,1.5686287238081364,4155.77199766219,-35.28813835323472,3,389
2021-06-05,2604.97053763881,302990056642.41162916321596887127,1.637343733222,116312277.726199167,1590.9735291273832,1725.0243452857974,1.510106535457171,4155.77199766219,-37.31680806588466,3,390
2021-06-06,2706.09854120397,314791964111.4247006494626445372,1.686998614567,116326866.63781676,1604.0905533870525,1736.1573789585032,1.5586712207088744,4155.77199766219,-34.88337322821673,3,391
2021-06-07,2600.15911221508,302505824025.38550107603436960032,1.637598099808,116341274.118290504,1587.788305641009,1746.802424402688,1.4885250191384372,4155.77199766219,-37.43258500038532,3,392
2021-06-08,2519.05763530099,293106829361.7027166654097320631,1.602625490386,116355745.59876269,1571.831753839297,1756.8498976931614,1.433849094682846,4155.77199766219,-39.384123173309945,3,393
2021-06-09,2605.63110461718,303217707297.0372753293281734987,1.645994847205,116370159.520944965,1583.0129171070623,1767.1412858141432,1.4744894058749436,4155.77199766219,-37.30091289697882,3,394
2021-06-10,2481.38075686733,288794342352.67857607440337660023,1.585934435692,116384533.713106131,1564.6174904983477,1776.7225342939796,1.396605665190914,4155.77199766219,-40.290738802243744,3,395
2021-06-11,2345.03141963764,272959286750.81235314028182209404,1.518711096827,116398989.141472011,1544.0931619825835,1785.4116207989473,1.313440213068777,4155.77199766219,-43.57170169689709,3,396
2021-06-12,2380.84033372297,277161699942.19833001893806804925,1.53683551067,116413392.370917525,1549.1835770277175,1794.292954813851,1.3268961054188446,4155.77199766219,-42.71003474054157,3,397
2021-06-13,2504.64639216832,291610564458.41091899558355462656,1.600595654701,116427838.025454008,1564.82143682703,1803.9749499932782,1.3884041971744965,4155.77199766219,-39.7308997322929,3,398
2021-06-14,2577.04473863238,300077164363.53028629926137992054,1.632897108888,116442357.350295433,1578.203993751537,1814.268186905318,1.4204320823307635,4155.77199766219,-37.98878427204177,3,399
2021-06-15,2552.74103641146,297284436547.30736331075619203798,1.620631091977,116456950.511994663,1575.1524508254274,1824.4466830014605,1.399186427422399,4155.77199766219,-38.57360226096397,3,400
2021-06-16,2360.99938690824,274988669633.80220089441939562136,1.525072974835,116471300.737567539,1548.1222379956473,1833.5475338857389,1.287667400639841,4155.77199766219,-43.18746581293659,3,401
2021-06-17,2368.38859555815,275883697418.4274419297171757953,1.530180702025,116485824.132002662,1547.7835999525337,1842.515109087375,1.2854106779787808,4155.77199766219,-43.009659892542814,3,402
2021-06-18,2224.57531969608,259163370250.25247605289145693968,1.45998070567,116500155.313086546,1523.7018619881007,1850.5706382238452,1.2021023535914306,4155.77199766219,-46.47022692901574,3,403
2021-06-19,2174.75470251315,253390754860.92689676727074488865,1.433648012028,116514637.061415771,1516.937689214803,1858.5031539602567,1.1701646552920815,4155.77199766219,-47.66905634533011,3,404
2021-06-20,2242.66345575687,261335606239.54117088980663090671,1.470586240853,116529123.247939033,1525.0132181680374,1866.7218391899469,1.2013913421241489,4155.77199766219,-46.034973597722164,3,405
2021-06-21,1900.39307790766,221478198093.15666548466108739882,1.288114097952,116543361.827546227,1475.3297715855572,1873.1360332293975,1.0145515564244791,4155.77199766219,-54.27099756731801,3,406
2021-06-22,1867.62379953244,217686296797.16077869892268200184,1.279282680403,116557893.967542386,1459.899229577704,1879.6132663457038,0.993621311879452,4155.77199766219,-55.05952201942112,3,407
2021-06-23,1962.11004383402,228727785443.85548763424249632354,1.339838924603,116572353.402215277,1464.4372601843925,1886.4492380873753,1.0401075227570689,4155.77199766219,-52.7859072889996,3,408
2021-06-24,1986.66540841613,231618827240.60463761387736522666,1.354816654092,116586731.846940882,1466.3721488924243,1893.3713312457623,1.0492740518622852,4155.77199766219,-52.19503356936522,3,409
2021-06-25,1817.84698246639,211962715229.16257883121180394387,1.262001561793,116600966.568472733,1440.4474903213807,1899.5014656817648,0.957012676909903,4155.77199766219,-56.25729747712312,3,410
2021-06-26,1801.97627527762,210138253215.55351081180552452232,1.253542311861,116615438.337654436,1437.5073407792822,1905.7397543316772,0.9455521254577355,4155.77199766219,-56.63919299972873,3,411
2021-06-27,1964.52191887785,229122056912.1148601088207156837,1.347391656045,116629931.542322082,1458.0184685455995,1912.6912935642895,1.0270982701118352,4155.77199766219,-52.727870538061694,3,412
2021-06-28,2079.27833594389,242536413262.36011251837550268589,1.410017723126,116644515.103967801,1474.6469507731745,1920.2854336595553,1.082796494467667,4155.77199766219,-49.96649630649665,3,413
2021-06-29,2169.99023261251,253148736651.34541300541928480897,1.458973050026,116658929.080327147,1487.3408611446516,1928.4079665350666,1.1252754968190237,4155.77199766219,-47.783703392938115,3,414
2021-06-30,2272.2690578609,265113480439.280566249848903666,1.513650358778,116673454.45827474,1501.1848969502762,1936.9265847080649,1.1731312254167745,4155.77199766219,-45.32257642769733,3,415
2021-07-01,2114.55608357686,246742819216.417130026081258135,1.442449341406,116687763.04057225,1465.9482471084473,1944.5467514728225,1.0874287707278165,4155.77199766219,-49.11761076482556,3,416
2021-07-02,2149.99972472238,250909823734.99932999567094444674,1.461168389985,116702258.539776423,1471.4250181284383,1952.3643991899467,1.1012287079268779,4155.77199766219,-48.26473334119744,3,417
2021-07-03,2215.90323232028,258632841276.46381820184798972632,1.496818600995,116716667.724541594,1480.4086686571598,1960.4989112673868,1.1302751659718007,4155.77199766219,-46.6789026547456,3,418
2021-07-04,2325.91749795441,271507121938.91279650242236855463,1.555195943554,116731191.960891543,1495.5784237959908,1968.9474737016355,1.1812999224309768,4155.77199766219,-44.03163842330994,3,419
2021-07-05,2218.63208416131,259015725479.84264857595448116883,1.496844075833,116745686.375375793,1482.2065437421275,1976.8266933714194,1.1223199745332753,4155.77199766219,-46.61323851719028,3,420
2021-07-06,2318.10661835184,270662641523.638480037392804344,1.548270131103,116760221.19986785,1497.2236251179258,1985.1571758103441,1.1677194363240209,4155.77199766219,-44.21959097717873,3,421
2021-07-07,2317.0795447107,270576226190.3131220574097110798,1.542587831328,116774681.649565914,1502.073008520978,1993.4440033088829,1.1623499535801456,4155.77199766219,-44.24430536578614,3,422
2021-07-08,2118.9243308007,247467522266.4051996751081232616,1.438269698962,116789221.148304088,1473.2454784592408,2000.8458153457034,1.0590143001271666,4155.77199766219,-49.01249799092225,3,423
2021-07-09,2153.77373816482,251568607064.88016436389135738104,1.457453614738,116803637.544227772,1477.7648608405245,2008.5519515496778,1.072301732849428,4155.77199766219,-48.173919565933474,3,424
2021-07-10,2117.0639672706,247311563995.448793702916832922,1.437055671478,116818182.07613837,1473.195513082118,2015.9663921049087,1.0501484427327847,4155.77199766219,-49.057263765636215,3,425
2021-07-11,2140.19288661601,250044331347.50507516519564619864,1.449766812912,116832614.906437464,1476.2324999819944,2023.7248122977783,1.0575513397920895,4155.77199766219,-48.50071448048725,3,426
2021-07-12,2033.03133489188,237553540113.6802589702744216542,1.399736659009,116846964.449917715,1452.4384439079038,2030.8305011142597,1.001083711208992,4155.77199766219,-51.079334091582695,3,427
2021-07-13,1939.6402729398,226668781430.4322534510675900656,1.349006595507,116861247.207908072,1437.8286061758065,2037.3995010163637,0.9520176440468371,4155.77199766219,-53.32659553914566,3,428
2021-07-14,1992.4420251315,232868067134.8004267292847586055,1.382654542002,116875705.389435997,1441.0266372441554,2044.1826768714193,0.9746888317148312,4155.77199766219,-52.05603131614682,3,429
2021-07-15,1912.8743012858,223596325948.1674832176622496378,1.339473621172,116890234.657797441,1428.079113355059,2050.304644950613,0.9329707690009534,4155.77199766219,-53.97066291505217,3,430
2021-07-16,1878.1075873758,219559408476.2654812609974639192,1.321996118504,116904595.856005524,1420.6604399876062,2056.0425914029793,0.9134575301255009,4155.77199766219,-54.807251494251354,3,431
2021-07-17,1896.9661233197,221791231542.4353071520862820607,1.332886123371,116918920.594269531,1423.2019450559558,2061.8677405409103,0.9200231838449784,4155.77199766219,-54.35346009389279,3,432
2021-07-18,1892.68808708358,221318343722.37848204199107328714,1.333156487952,116933342.177582583,1419.704366432732,2067.575140657801,0.9154144146274749,4155.77199766219,-54.45640212821341,3,433
2021-07-19,1822.20903623612,213103316946.52087621161637063628,1.294071251298,116947788.485726269,1408.12110183916,2072.9910565897126,0.8790240702889692,4155.77199766219,-56.15233373579698,3,434
2021-07-20,1785.33395441262,208816452231.74880016934158722774,1.274248137249,116962124.489728877,1401.0881414879002,2078.2631547586193,0.8590509581641399,4155.77199766219,-57.03965579880341,3,435
2021-07-21,1985.49203565167,232256221737.06392676728556312976,1.392592780217,116976657.456514928,1425.7520675514934,2084.314131824663,0.9525877147479292,4155.77199766219,-52.223268341752174,3,436
2021-07-22,2020.92230333139,236429941777.51172233056291127332,1.410851164411,116991109.152374988,1432.4135346871133,2089.466916716539,0.9671951669410194,4155.77199766219,-51.37071272273237,3,437
2021-07-23,2112.71626434833,247199327175.88946702328909860446,1.46127437644,117005454.706497662,1445.8039492182104,2094.878905793979,1.0085147444585063,4155.77199766219,-49.16188218369948,3,438
2021-07-24,2179.33793220339,255026165930.39587505576770521243,1.497448708587,117020018.860753337,1455.3673322539532,2100.267796384277,1.0376476447218952,4155.77199766219,-47.558770466008085,3,439
2021-07-25,2187.44493687902,256006429055.66943991108108163842,1.500931141993,117034456.383131471,1457.3919320338957,2105.208259069841,1.0390634406144286,4155.77199766219,-47.36369227884598,3,440
2021-07-26,2241.15922676797,262324968301.82964726761116856111,1.524779117408,117048786.703180763,1469.8254987763457,2110.3129841370533,1.0620032400949388,4155.77199766219,-46.07116973624339,3,441
2021-07-27,2286.22890005845,267632857072.8035314449391036245,1.546224640527,117063018.95928321,1478.5878068009797,2115.6447250312667,1.0806298775068022,4155.77199766219,-44.9866618923137,3,442
2021-07-28,2297.03134436002,268930143892.36818508194870278216,1.547507993645,117077263.465595108,1484.3421512476925,2120.6950306373456,1.083150246110436,4155.77199766219,-44.726723562981704,3,443
2021-07-29,2384.45420572764,279199513887.51982274302379304132,1.589712458187,117091581.468355063,1499.9279860000654,2126.290120328462,1.1214152682792402,4155.77199766219,-42.62307443553199,3,444
2021-07-30,2451.30431092928,287061940958.28513020988115141824,1.611533847752,117105795.342668433,1521.1001086627584,2133.132113455288,1.1491572863523254,4155.77199766219,-41.01446584874605,3,445
2021-07-31,2544.37537592051,297997364391.88498888835037036003,1.653106752538,117120047.305942353,1539.147651544072,2140.659793246638,1.1885939951539781,4155.77199766219,-38.774904461750154,3,446
2021-08-01,2563.73753068381,300301563867.27372974112883082175,1.658843745715,117134285.500425675,1545.4966975076848,2147.838847086498,1.1936358885404603,4155.77199766219,-38.30899452313486,3,447
2021-08-02,2619.04099941555,306817250236.9337213715192922917,1.68194792644,117148700.728778694,1557.1474944286742,2154.8709559760364,1.215405030241948,4155.77199766219,-36.97823170065925,3,448
2021-08-03,2512.91529164231,294420747945.81232212372226578111,1.626181729028,117163021.342193481,1545.285650912046,2161.597298179426,1.1625270320974106,4155.77199766219,-39.53192588390464,3,449
2021-08-04,2727.93425365284,319652053694.41010116061195757108,1.712401370041,117177330.526342437,1593.046058814777,2169.0794197057267,1.2576460911804381,4155.77199766219,-34.35794227432528,3,450
2021-08-05,2825.53530894214,331120625715.17320938342139305126873950438,1.748718180357,117188634.899467024780579217,1615.7751092662104,2176.9968500435407,1.2979050975134063,4155.77199766219,-32.009376103125206,3,451
2021-08-06,2888.0342554062,338474970296.6237453673878093873328494166,1.770745272463,117199084.347085584449067293,1630.9710381940586,2185.176239096726,1.3216482056385577,4155.77199766219,-30.505469091402276,3,452
2021-08-07,3143.38030099357,368434278847.32659765205176850562055972977,1.877745075079,117209578.087280968564914661,1674.0186635085822,2193.9627135824066,1.4327409857667586,4155.77199766219,-24.361098184359882,3,453
2021-08-08,3027.3480818235,354865825056.681253283537566917218905749,1.819420968777,117220027.385463561674792534,1663.9074374626225,2202.26033879281,1.3746549526850986,4155.77199766219,-27.15317193709087,3,454
2021-08-09,3158.26921624781,370245331176.77274987976196484477073846433,1.866936902772,117230453.082351125098457893,1691.685033146251,2212.3882127144934,1.4275384392745278,4155.77199766219,-24.002827440377395,3,455
2021-08-10,3141.72382559907,368335120580.3573052463466026442259865236,1.852989991443,117239815.15470171830957148,1695.4888262253805,2221.919971602863,1.4139680392416083,4155.77199766219,-24.400957815625304,3,456
2021-08-11,3168.56298947984,371510944633.94129101698477844649960007536,1.853398316245,117249032.405989677899155279,1709.5963461860558,2231.5989778097596,1.41986217998257,4155.77199766219,-23.75512922118201,3,457
2021-08-12,3038.06152659264,356239367015.87379606575935661938523004096,1.792006631052,117258773.035915651437585239,1695.3405606591652,2239.853133961133,1.3563663976574625,4155.77199766219,-26.8953751961925,3,458
2021-08-13,3316.4789421391,388919007596.4650628272701036188632447828,1.906451250942,117268649.788445722518233708,1739.6085740458293,2249.8074907028044,1.474116765920752,4155.77199766219,-20.195839810153934,3,459
2021-08-14,3268.96369590883,383381125747.95918507966290021336347296436,1.878771728362,117279101.700568876792354492,1739.9472466827374,2259.343064167738,1.4468646872417317,4155.77199766219,-21.339195274722247,3,460
2021-08-15,3310.72739333723,388309546924.6942686753396723526340109911,1.894771984685,117288287.67543928659019957,1747.2959385599256,2269.6670103816477,1.4586841938459185,4155.77199766219,-20.33423885623023,3,461
2021-08-16,3157.77383635301,370401146304.34343931736672485178348746222,1.822161344315,117298187.108969385445889622,1732.9825628257431,2278.747006047925,1.3857500757969612,4155.77199766219,-24.014747726068684,3,462
2021-08-17,3020.57140093513,354338959205.58426204288708890707052396053,1.758699397822,117308585.751651321418505581,1717.5029483013707,2286.9328185756863,1.320795860901746,4155.77199766219,-27.316238652304843,3,463
2021-08-18,3041.32005961426,356805254344.38531015710818819783342721222,1.766353667939,117319205.920615938280736747,1721.8069715126214,2295.2400761618933,1.325055313908584,4155.77199766219,-26.81696538392529,3,464
2021-08-19,3173.97182279369,372403736729.01820504776291040827516892695,1.82144628704,117330511.271279380487474655,1742.555816977538,2304.5232034549967,1.3772791777644915,4155.77199766219,-23.62497690972477,3,465
2021-08-20,3278.21872413793,384671481681.8196780373421062316556942304,1.85912728254,117341615.69191096749557728,1763.3105354998188,2314.064522107831,1.4166496624527443,4155.77199766219,-21.116492291153687,3,466
2021-08-21,3234.70727819988,379602959059.76940024074148539220913451172,1.837695140593,117353110.007227324948844069,1760.1979821071316,2322.617217239333,1.3926992593487526,4155.77199766219,-22.163504638378882,3,467
2021-08-22,3245.89347866745,380953369343.33888049792387318109062365595,1.84069092853,117364716.940659813043895731,1763.4103739836778,2330.5490843608995,1.3927591143430318,4155.77199766219,-21.894332015966903,3,468
2021-08-23,3322.63785096435,389990873411.18902159882378613659513743045,1.865182797531,117373873.080389885733032807,1781.400651647993,2339.120285997954,1.420464723791146,4155.77199766219,-20.047638493317628,3,469
2021-08-24,3183.60909175921,373696458363.92506067932886956786857918973,1.795292945187,117381389.358147154525992013,1773.3089746128317,2346.435939125949,1.3567850025963673,4155.77199766219,-23.39307609873366,3,470
2021-08-25,3228.70326125073,379009871177.87857009900321700534562880578,1.806154303459,117387644.670405022380529186,1787.6120855606744,2354.160916463179,1.3714879210982047,4155.77199766219,-22.30797880473179,3,471
2021-08-26,3120.59653535944,366339411040.352953688458582208382798808,1.757282887823,117394032.4836503872656307,1775.8077296395763,2361.6836858308,1.3213439861069571,4155.77199766219,-24.909342064123898,3,472
2021-08-27,3270.01309877265,383891365383.66208813229090152586629538835,1.816005897489,117397500.801372909099616739,1800.6621582529617,2369.316027367913,1.3801506683788936,4155.77199766219,-21.313943579864812,3,473
2021-08-28,3242.67174956166,380703752659.55124281659428718868217933174,1.80116084114,117404344.954438963297448489,1800.3232557006356,2376.6752220128574,1.3643731038754936,4155.77199766219,-21.971856218632553,3,474
2021-08-29,3230.91460140269,379343810431.96534998764669020677859160912,1.795861730826,117410658.352676543546812048,1799.088730465147,2384.088735990064,1.3551989708390433,4155.77199766219,-22.254767508414183,3,475
2021-08-30,3238.36036382233,380232814778.8970995694502237637401471192,1.795898704284,117415226.24433846449347224,1803.197672617855,2391.3526223620684,1.354196086992652,4155.77199766219,-22.075600739307784,3,476
2021-08-31,3431.94775306838,402975688992.04581185916559558374107127974,1.866382916126,117418946.320426896169527673,1838.8229571839313,2399.280090124488,1.4304072989203653,4155.77199766219,-17.417323303612285,3,477
2021-09-01,3793.82968188194,445479541762.75418562495944592837663471814,1.972679383982,117422124.638387243673783731,1923.1861561932142,2409.1521745204554,1.5747571788972219,4155.77199766219,-8.70938819511415,3,478
2021-09-02,3791.89593600234,445272051510.75634786876159506530019602592,1.943311447005,117427286.778389471081123088,1951.2548757155466,2419.0538208042076,1.5675120178771942,4155.77199766219,-8.75591976327255,3,479
2021-09-03,3918.58263822326,460151781118.15739844834097333107792857596,1.980932257274,117428117.153807589807573146,1978.15075393628,2429.709080885739,1.6127785293516537,4155.77199766219,-5.707468060624117,3,480
2021-09-04,3886.23001350088,456367947251.0358088565228151891037840276,1.963094798551,117432047.425293878235030145,1979.6445980955098,2440.2371314734073,1.5925624454187315,4155.77199766219,-6.485966610125383,3,481
2021-09-05,3954.61792343659,464418124113.26619507612865703209542369463,1.985851656662,117436913.781466825382685157,1991.3964420101104,2450.7840213828167,1.6136133942987185,4155.77199766219,-4.84035395442191,3,482
2021-09-06,3928.83401098773,461406568140.746417723569426975698810189,1.969177789345,117441094.9534481160239193,1995.1646988129814,2460.7661338047924,1.5965897600000847,4155.77199766219,-5.460790120394553,3,483
2021-09-07,3432.84963062537,403159442272.45950757903898541881569262285,1.791426938566,117441625.952901128954160805,1916.2654958026337,2468.125260507013,1.3908733424332682,4155.77199766219,-17.3956214980874,3,484
2021-09-08,3507.77644915254,411960561237.0324407049093087584497319907,1.817090776948,117442079.678868904416518205,1930.4354486044053,2476.100130078317,1.416653715470542,4155.77199766219,-15.592663622407029,3,485
2021-09-09,3432.86342255991,403167458486.44155599472745969269908966763,1.787076381769,117443489.256498527812715693,1920.938275263741,2483.5950279538283,1.3822154513605063,4155.77199766219,-17.395289623900183,3,486
2021-09-10,3204.17646580947,376328908274.82465189783836127334204253265,1.70000960535,117449495.148124686403713995,1884.7990362676746,2490.7598672904733,1.2864252824561018,4155.77199766219,-22.8981650674781,3,487
2021-09-11,3259.20964196376,382821083929.144902720631007374974701406,1.721787856835,117458257.057218656189893725,1892.921726114887,2499.24068737931,1.304079938527789,4155.77199766219,-21.573906273077228,3,488
2021-09-12,3417.71937288136,401470193959.91337757397723385295574009184,1.784630584602,117467278.661163997069439244,1915.0850615078773,2508.2464650590296,1.362593118535872,4155.77199766219,-17.759699646564304,3,489
2021-09-13,3289.54985417884,386439694705.22834185939712052901260498004,1.731576292527,117474946.979240741533272931,1899.7429500366916,2517.236895044126,1.3068098042958234,4155.77199766219,-20.84383224033078,3,490
2021-09-14,3419.67508416131,401753721388.17351277376944140411700755891,1.782220002903,117483009.789131863752434961,1918.7726984273058,2527.1237548512563,1.3531886112014282,4155.77199766219,-17.7126395267827,3,491
2021-09-15,3591.05804003507,421918727315.48441557774844622554760769568,1.853858136141,117491480.953998724381712224,1937.0727295834156,2537.8088842068964,1.415023039119563,4155.77199766219,-13.588665546252232,3,492
2021-09-16,3567.72092518995,419201908930.6449030295820558819429460777,1.84061609129,117498514.519693285762413246,1938.3297484319528,2548.520559499123,1.3999184396970832,4155.77199766219,-14.150224622598294,3,493
2021-09-17,3396.52101694915,399112720700.79149035083189531625960259275,1.767558707254,117506330.362497117222980185,1921.5888009885866,2557.6869846820573,1.3279658681030382,4155.77199766219,-18.269793942982268,3,494
2021-09-18,3425.02434453536,402495415107.44912414732212625515842448192,1.778910677572,117516074.228678743268008922,1925.3492531789777,2567.3627119336643,1.3340632893884048,4155.77199766219,-17.583920714079333,3,495
2021-09-19,3319.99040093513,390184716258.94295459533559361095552385258,1.736312902124,117525856.746164386552531866,1912.0922253551455,2576.0423289120395,1.2887949719123164,4155.77199766219,-20.111343865766106,3,496
2021-09-20,2965.36816510812,348527562054.2668128899081137863915551664,1.601969846122,117532644.39647047447741172,1851.0761437155595,2583.1790558553475,1.1479530071237054,4155.77199766219,-28.644589578632466,3,497
2021-09-21,2745.84817299825,322742214113.24952990185088124642223823075,1.515222191345,117538259.138647292519237011,1812.1752629301675,2589.2540952612503,1.060478451312906,4155.77199766219,-33.92688110553433,3,498
2021-09-22,3063.72133167738,360130466630.7441370551988200251995487433,1.658815441819,117546743.859231341983900785,1846.933211760923,2596.2735101896546,1.1800456768723027,4155.77199766219,-26.277925415521786,3,499
2021-09-23,3147.4950742256,370002950823.0998326613196581109156160192,1.692412996065,117554735.463449206446880532,1859.7677290021916,2603.415182375511,1.208986985838209,4155.77199766219,-24.26208473428743,3,500
2021-09-24,2932.5593233197,344759967802.2557157009222671392293887868,1.607983993788,117562828.161983231442897644,1823.749076264956,2608.947353755406,1.1240392869938431,4155.77199766219,-29.43406604189553,3,501
2021-09-25,2932.4982798948,344783940231.321577753993027410545019774,1.608923974399,117573450.117655415881904755,1822.6456479960218,2614.299701970485,1.1217146517992862,4155.77199766219,-29.435534924811495,3,502
2021-09-26,3048.59561689071,358460273448.98596813950294039732599593632,1.641938082005,117582099.594626726711652192,1856.7055909733301,2620.525557601987,1.163352751148302,4155.77199766219,-26.64189424718962,3,503
2021-09-27,2952.49630537697,347181513945.88158851687477673893022136775,1.60190847478,117589144.248413888805713575,1843.111733198399,2626.1494718232025,1.1242681869616513,4155.77199766219,-28.9543240813528,3,504
2021-09-28,2815.59470835769,331101835637.4896471317773858982722106373,1.546767985208,117595701.77293671790940717,1820.3083689885561,2631.384927142314,1.0700048781595126,4155.77199766219,-32.24857595793058,3,505
2021-09-29,2843.27176943308,334377106685.74933371385376315495049421208,1.561678609534,117602935.561949742828359426,1820.6510302920158,2635.9652481580943,1.078645392392727,4155.77199766219,-31.582585112163297,3,506
2021-09-30,3001.52751344243,353001301547.05182630696252267385209237741,1.627290762679,117607218.313383777638080287,1844.4936714942273,2641.602140415546,1.1362526807198396,4155.77199766219,-27.774490151747372,3,507
2021-10-01,3299.44177030976,388060659780.01899622051160863026836131776,1.743411228115,117614034.977676503363727051,1892.5206612768927,2649.1148237182933,1.2454883951306681,4155.77199766219,-20.605803875529134,3,508
2021-10-02,3393.85702828755,399195912517.3000070404228814364647435505,1.776157845772,117623078.75376932075783851,1910.7857088075543,2657.099350218586,1.2772789350192548,4155.77199766219,-18.333897283182328,3,509
2021-10-03,3420.43901578025,402353509667.62598148975950579895909105675,1.781771801348,117632124.944009129191328787,1919.6841106097402,2665.107208298656,1.2834151681139239,4155.77199766219,-17.694257103026786,3,510
2021-10-04,3391.62332057276,398982093097.15449229380854132434597476464,1.766528630897,117637501.392630015586803364,1919.9367965242525,2673.1570988682056,1.2687706689624592,4155.77199766219,-18.38764680832583,3,511
2021-10-05,3520.41445382817,414144010641.52263909328086819510019099626,1.810087359864,117640697.160294308940004778,1944.8864910545944,2681.7073019643485,1.3127511907244571,4155.77199766219,-15.288556354666177,3,512
2021-10-06,3588.43408123904,422150905895.48372034198244043112299864064,1.830698881297,117642095.782826936584892916,1960.1443568353159,2690.5857475263,1.3336999515953778,4155.77199766219,-13.65180565108729,3,513
2021-10-07,3589.30707393337,422260065138.72633345312221423677721926654,1.832393641608,117643895.169991506329474542,1958.8078633494968,2699.6086547019286,1.3295657011922253,4155.77199766219,-13.630798899638444,3,514
2021-10-08,3561.09410490941,418952311061.67661442804295309615047252136,1.8186713366,117647076.634144231102909896,1958.0745752373618,2708.9685563874928,1.314557194291785,4155.77199766219,-14.309685254323709,3,515
2021-10-09,3579.87203652835,421187829031.23561334948687757386901424915,1.824364868832,117654437.011578391388741649,1962.2566174606648,2718.50915589509,1.3168511971958579,4155.77199766219,-13.857833429211471,3,516
2021-10-10,3432.00171537113,403815267127.67639522664155800079301231011,1.766602655161,117661732.311811678833545947,1942.712870573804,2727.734752405903,1.2581874804154083,4155.77199766219,-17.416024813156582,3,517
2021-10-11,3519.56701022794,414135490610.63529386251228240197354616036,1.788577535593,117666602.001652006791101194,1967.8023122777472,2737.3879268372298,1.285739217201282,4155.77199766219,-15.308948320363683,3,518
2021-10-12,3491.26025043834,410827628722.87695319953504407490227748174,1.776443786638,117673160.765169568756649011,1965.3085995170763,2746.36588270076,1.2712291076835893,4155.77199766219,-15.990091554533508,3,519
2021-10-13,3597.56289830509,423357216826.85397313968755902181630206419,1.814004953626,117678892.292976755034908991,1983.2155866575504,2755.7631017334893,1.3054688539962211,4155.77199766219,-13.432139676361407,3,520
2021-10-14,3786.54223734658,445606262000.33598590997160737895528337354,1.867103576106,117681577.034934815898424613,2028.03009206577,2766.270000375219,1.3688259775195373,4155.77199766219,-8.884745373983913,3,521
2021-10-15,3861.71246171829,454463309684.76052900047048405787515275628,1.881656117442,117684398.874830935304239932,2052.29447927396,2776.522846570426,1.390844835470486,4155.77199766219,-7.075930443472887,3,522
2021-10-16,3836.76805020456,451554383318.24345182304261491400312683224,1.869930868508,117691342.663825745412921279,2051.8234737019347,2786.5023168375214,1.3769118464466286,4155.77199766219,-7.676165767445478,3,523
2021-10-17,3836.39770426651,451540875443.96220855179300954036078620083,1.867878870812,117699182.997059316166050633,2053.8792767642153,2796.099905262419,1.372053157702338,4155.77199766219,-7.68507737131254,3,524
2021-10-18,3746.06606575102,440931286400.88233479038215597427621938724,1.833175430359,117705154.864235799158081262,2043.4847662219697,2804.9740316782577,1.3355082875792945,4155.77199766219,-9.85872016418727,3,525
2021-10-19,3875.04413851549,456143788747.09066796628104195367722303058,1.875380499758,117713185.306280683730562042,2066.270892235217,2813.678908171537,1.377216187412685,4155.77199766219,-6.755131400486417,3,526
2021-10-20,4153.38661163063,488939146850.01301086116659522336527859409,1.951113217241,117720595.882128650575557943,2128.726603320225,2824.320096837522,1.4705792789851633,4155.77199766219,-0.0573993480128888,3,527
2021-10-21,4065.16743161894,478578939504.99903462555505104684449670502,1.909771178107,117726747.435444865337912033,2128.6149242488873,2834.2589560879605,1.4342964050222018,4155.77199766219,-2.180210225542192,3,528
2021-10-22,3975.54315663355,468055052564.5768395371491947514647387089,1.88324178027,117733611.263554023439489118,2111.0104917402464,2843.6390354275277,1.398047750471904,4155.77199766219,-4.336831787933192,3,529
2021-10-23,4159.57953886616,489758679809.5402453198966764347106864676,1.942270706127,117742352.378010118335224735,2141.6064844846483,2853.852426811806,1.4575314055439976,4159.57953886616,0.0,3,530
2021-10-24,4076.59357364115,480020502230.80122669098519232780939143385,1.911652029393,117750394.676223358983430499,2132.497709290522,2864.3084052235536,1.4232383517804117,4159.57953886616,-1.995056578425965,3,531
2021-10-25,4214.41058854471,496273211182.52240053039931943297481750607,1.951297796569,117756255.769538558887602617,2159.798773900621,2874.9877079865573,1.4658882112216722,4214.41058854471,0.0,3,532
2021-10-26,4130.63251782583,486421987242.1182954910718044508677425803,1.919209741951,117759685.74860004042555341,2152.256956358911,2885.3106025546463,1.4316075760330895,4214.41058854471,-1.987895316763835,3,533
2021-10-27,3947.62192840444,464869510529.96005524765910449415985984368,1.854283442718,117759379.940888161877787172,2128.9204430462014,2894.3977732451785,1.363883694527029,4214.41058854471,-6.330390799259909,3,534
2021-10-28,4278.7702685564,503855939943.7047504196090913992840680148,1.959657310712,117757184.499110540459683307,2183.4278091212796,2905.0697640064295,1.4728631723650856,4278.7702685564,0.0,3,535
2021-10-29,4413.18682086499,519680026113.75060880812832894217628150606,1.987702988744,117756181.011138950558930394,2220.244596831651,2916.4215536101706,1.5132197934149845,4413.18682086499,0.0,3,536
2021-10-30,4311.34383021625,507688617243.75430801846848412234872872,1.951344334132,117756466.947867962560757312,2209.4223734910574,2926.488814304501,1.4732138421792906,4413.18682086499,-2.307697244250779,3,537
2021-10-31,4293.96550701344,505647872219.57500165807746501157241554432,1.943604236179,117757786.222010361624279728,2209.279763381818,2935.8071471960848,1.4626183845606133,4413.18682086499,-2.7014789695257533,3,538
2021-11-01,4325.78806049094,509397160059.51427849412110619842483787184,1.950876792321,117758233.398448571100241736,2217.3558461087937,2944.8381762215085,1.468939140839757,4413.18682086499,-1.9804001942732254,3,539
2021-11-02,4586.37950379895,540079413508.7343511228080773039232216479,2.026742186582,117757244.698433800860939002,2262.931878639015,2955.628309506137,1.5517443411432539,4586.37950379895,0.0,3,540
2021-11-03,4598.85212857978,541549139416.18438988593504118075940313414,2.016294263198,117757458.660325720849933663,2280.8437302626858,2966.9117670777323,1.5500468128546443,4598.85212857978,0.0,3,541
2021-11-04,4535.60184395091,534108570501.32308589153633970610285212264,1.967604829639,117759139.553587297212550904,2305.1386008150143,2978.372363571011,1.5228457997484273,4598.85212857978,-1.37534938850932,3,542
2021-11-05,4476.89731385155,527207543315.6946297364697469378088497989,1.942614216049,117761812.781479483995124838,2304.57353645693,2989.913724731151,1.4973332764824534,4598.85212857978,-2.651853360762255,3,543
2021-11-06,4511.6425622443,531318817815.2856550350722579438302576529,1.95270399737,117766159.549435375296724403,2310.4590190427257,3000.8294119988304,1.503465190058614,4598.85212857978,-1.8963333435643974,3,544
2021-11-07,4609.29109146698,542845482844.76885045895067339466665999942,1.97956808675,117772011.372794349860704679,2328.4327133371735,3012.055891284921,1.5302807311124265,4609.29109146698,0.0,3,545
2021-11-08,4811.1564628872,566636453619.993179367905810414313356364,2.028920798707,117775519.875724785384076495,2371.2884534247346,3024.0131474655172,1.5909839766799696,4811.1564628872,0.0,3,546
2021-11-09,4735.69674663939,557743978685.19684513369512266499168540235,1.995438571026,117774428.669021251806947865,2373.2611043017096,3035.906005866745,1.5598957074059208,4811.1564628872,-1.5684319732667051,3,547
2021-11-10,4619.95512857978,544110883749.74377094952640264756257273662,1.955752465715,117774062.432725152873450379,2362.2391941562905,3047.822848873758,1.5158214101213137,4811.1564628872,-3.974124221116673,3,548
2021-11-11,4727.74631618936,556807418899.13583563591483586006969024768,1.981310004078,117774385.861704107122219488,2386.1719299143247,3059.958797710696,1.5450359396101727,4811.1564628872,-1.7336818567689052,3,549
2021-11-12,4662.76119988311,549159537640.10350163655747016131002812908,1.954091360456,117775608.507223207681098228,2386.15312172253,3070.642309315021,1.5184970212057192,4811.1564628872,-3.084399024409145,3,550
2021-11-13,4644.9424868498,547073425617.2922201229702760264790864414,1.946677293696,117778299.121270157645115543,2386.0875666920733,3080.635275054355,1.5077872166375956,4811.1564628872,-3.4547613930155654,3,551
2021-11-14,4609.51656691993,542921206398.50559102165502282391412865257,1.934204595962,117782678.186854740957063249,2383.158729197069,3089.98170467446,1.4917617667272103,4811.1564628872,-4.191089970211974,3,552
2021-11-15,4569.40776972531,538201149416.29864686525630531537849145533,1.868738721491,117783567.704804033078905743,2445.182794778043,3099.026207222678,1.4744656754033636,4811.1564628872,-5.02475226126435,3,553
2021-11-16,4234.13146493279,498718135439.89675236523493634492119496251,1.768315703555,117785226.927953475215740069,2394.4431734788895,3106.345414256284,1.3630588039245848,4811.1564628872,-11.99347812538474,3,554
2021-11-17,4265.59900555231,502435550608.67683451718424434147153160215,1.778636224357,117787806.578790556302104265,2398.2413869336206,3112.9268160812408,1.3702856692667544,4811.1564628872,-11.339424555057985,3,555
2021-11-18,3985.67437317358,469470683314.24876074608713500871175207594,1.693203317446,117789523.016260429296471443,2353.9254454010315,3118.092803964058,1.278241099208644,4811.1564628872,-17.157664608941943,3,556
2021-11-19,4291.28635008767,505483705761.81803320954471945139580054657,1.789597965162,117793049.571602490836716671,2397.9052466676276,3122.395994343952,1.3743568585986845,4811.1564628872,-10.805512496002951,3,557
2021-11-20,4413.14425073057,519860205007.26753826454199690735359808438,1.831302221194,117798144.694954792763628534,2409.83940261549,3128.08725795529,1.4108123868690516,4811.1564628872,-8.27269317110882,3,558
2021-11-21,4310.08043366452,507741036264.74527648543810339824842738888,1.797289585475,117803146.386540468918588794,2398.1001550873743,3132.008039625366,1.376139645599399,4811.1564628872,-10.414877027756901,3,559
2021-11-22,4096.77240122735,482617786844.58561826208446417971409700855,1.73200976871,117804393.209639470392895993,2365.328692273268,3134.989186111339,1.306789962586446,4811.1564628872,-14.848489488349426,3,560
2021-11-23,4348.15622793688,512242820326.59070790310566500515709584936,1.808670408966,117806903.311208872148213247,2404.062236205147,3139.3168052843375,1.385064489387542,4811.1564628872,-9.623470750158711,3,561
2021-11-24,4261.96911367621,502102050396.527736450906748467504344507,1.777487940957,117809875.4365288898755967,2397.7485390880147,3141.192815870252,1.35679958649576,4811.1564628872,-11.414871942897065,3,562
2021-11-25,4526.04295119813,533228809424.64050792389167164520977073321,1.853777362103,117813466.459368146154010517,2441.5245561438965,3144.2426235601997,1.4394700069530033,4811.1564628872,-5.926091032133508,3,563
2021-11-26,4052.00856838106,477399630500.55014297072530604837958007488,1.711715987592,117818020.975037189975156448,2367.220145020277,3144.731250613093,1.2885071077508086,4811.1564628872,-15.778906804676474,3,564
2021-11-27,4086.92330187025,481532317986.06936608456565092072729811975,1.723162992298,117822695.073751805085963159,2371.7566592002727,3144.3870071341335,1.2997520001824348,4811.1564628872,-15.053203249647263,3,565
2021-11-28,4291.07917124489,505605120970.02834886369016282877458383953,1.787466846724,117827031.567759831272304777,2400.648257677849,3145.964891634426,1.3639946150243087,4811.1564628872,-10.809818713112671,3,566
2021-11-29,4448.40999064874,524158910322.37181109936892816474444374216,1.831472465733,117830620.699134428080675284,2428.870798703697,3149.7711461376402,1.4122962540004014,4811.1564628872,-7.539693939215067,3,567
2021-11-30,4645.05362711864,547338074200.47757617524059214613671121448,1.883418438785,117832455.368226889508493107,2466.288707524379,3152.5628654509073,1.4734214115201358,4811.1564628872,-3.4524513399192345,3,568
2021-12-01,4584.53445119813,540216421714.22537289730771089404239027536,1.860987055502,117834521.141627433529677072,2463.4961525626813,3157.1225289868516,1.4521243344550672,4811.1564628872,-4.710343831825268,3,569
2021-12-02,4527.54475686733,533520501887.48187871362828387774620629482,1.84003994661,117838813.427132633001822354,2460.568731243394,3161.9310377653437,1.4318923160535206,4811.1564628872,-5.894875966051486,3,570
2021-12-03,4232.93315078901,498824234177.66213259090259764474658504023,1.750475716548,117843636.175705332178919323,2418.161595030009,3166.695552128289,1.3367035387863917,4811.1564628872,-12.018385112987891,3,571
2021-12-04,4097.76126125073,482902175008.86221097056619330747526072932,1.707218025978,117845365.852638637258651684,2400.2565570986626,3170.3431602901824,1.2925292481195192,4811.1564628872,-14.827936009554715,3,572
2021-12-05,4190.58069286967,493863538704.08102348561852122174442701347,1.73639432611,117850860.035793260424417141,2413.380779847237,3178.6173825768574,1.3183658768871482,4811.1564628872,-12.898681944862778,3,573
2021-12-06,4341.94102104033,511723151723.60434547441110727715789874398,1.781685708149,117855850.469612175559989406,2436.9848179066266,3186.4374617673893,1.3626318021732111,4811.1564628872,-9.752653971375755,3,574
2021-12-07,4303.76265166569,507249757130.04733461372668976025548238959,1.76866413894,117861926.454918675019644311,2433.3408231169497,3195.886353105788,1.3466569759225822,4811.1564628872,-10.546192274882294,3,575
2021-12-08,4427.31263383986,521843913831.63978164298147701210049592548,1.799194053342,117869226.095072137503322818,2460.7199126832006,3206.418705266805,1.3807655957619125,4811.1564628872,-7.978202995647201,3,576
2021-12-09,4157.28748042081,490045796730.30351464665212393787467575666,1.71668440196,117876331.391135831586500786,2421.695843262912,3216.677150269727,1.292416766187496,4811.1564628872,-13.590682147011274,3,577
2021-12-10,3931.61310549386,463470599459.3464695704504419700311735437,1.64740121178,117883064.030820687675012045,2386.554700445918,3223.204373476916,1.2197839944144695,4811.1564628872,-18.281329326494642,3,578
2021-12-11,4079.58498480421,480946755166.46032970123158703844631829601,1.69604115508,117891098.471513329160605581,2405.3573066815,3230.1193665014625,1.2629827328092837,4811.1564628872,-15.205730342096805,3,579
2021-12-12,4140.98769053185,488223764661.86625541476509360322316119195,1.716962788676,117900317.786059627576494747,2411.8098061549063,3236.4807072948583,1.2794723852974867,4811.1564628872,-13.929473662412938,3,580
2021-12-13,3788.08233664524,446644413674.59215604486726803157593673056,1.605685631058,117907789.214039230992153544,2359.168110727403,3241.7056022305683,1.1685460684766433,4811.1564628872,-21.2646197257116,3,581
2021-12-14,3850.76330829924,454065472773.92661944483641367836011933864,1.625998727508,117915705.646025004580032186,2368.244970400996,3248.8829037603755,1.185257647741698,4811.1564628872,-19.961794258747158,3,582
2021-12-15,4015.64231209819,473534633238.74363237348524214374153133964,1.677562357963,117922513.121274438053113956,2393.7365386370684,3257.516824663356,1.232731104163424,4811.1564628872,-16.534780295039877,3,583
2021-12-16,3973.45109526593,468580265672.29211788147844043298722189836,1.662774495006,117927779.765698005503799052,2389.6512168065174,3265.4255196838117,1.2168249042319836,4811.1564628872,-17.411725727135448,3,584
2021-12-17,3885.43008158971,458227001743.94583930298186032507834127149,1.636133142247,117934692.459184307172937719,2374.7639976619603,3271.3565978036245,1.1877121816063623,4811.1564628872,-19.24124456226803,3,585
2021-12-18,3965.87124079486,467749283349.11261988548355014215164582808,1.662838338867,117943638.345496042758610228,2385.001084048294,3278.0549462665117,1.2098245166121226,4811.1564628872,-17.569273180217465,3,586
2021-12-19,3937.56586236119,464449835222.01644811183995017379064712016,1.653638954242,117953540.704333952990991664,2381.152096266445,3284.1769762387503,1.1989505714368482,4811.1564628872,-18.157601135294694,3,587
2021-12-20,3939.67427615429,464734021753.41928471879879470086669634969,1.653317621251,117962549.484438353339352261,2382.890151000323,3289.582342628288,1.1976214199297397,4811.1564628872,-18.113777705120178,3,588
2021-12-21,4028.99787901812,475305966952.46222423962861702461407469276,1.680788984903,117971262.637719692123132323,2397.0872698518056,3296.280944895968,1.2222859478215007,4811.1564628872,-16.257184523151068,3,589
2021-12-22,3984.71278784337,470112757261.52809538239078915555011807588,1.665799270318,117979082.130023560186495524,2392.0725977282314,3303.179656146991,1.2063263893104006,4811.1564628872,-17.17765118259898,3,590
2021-12-23,4101.84956078317,483963725505.16919787303037479938557384669,1.702065593197,117986707.784759796977351857,2409.9244924390027,3310.158411244887,1.2391701698773212,4811.1564628872,-14.742960607819668,3,591
2021-12-24,4045.16450350672,477310212229.89569827005515552902152014336,1.682991624945,117995253.794034675693766688,2403.5559319190997,3317.383438201345,1.2193840654428452,4811.1564628872,-15.92116085372132,3,592
2021-12-25,4099.92122180012,483805725306.05897478784094550347702045364,1.695293031797,118003663.761529110448965447,2418.4144834561307,3325.287756133841,1.2329523104391151,4811.1564628872,-14.783041178840895,3,593
2021-12-26,4070.35206282876,480356471354.034899866978167677274934575,1.685400949064,118013494.641100663603535625,2415.0645370701022,3332.6113609248987,1.2213701575148914,4811.1564628872,-15.397636842055215,3,594
2021-12-27,4044.38847749854,477323854844.06035018394716134291425403922,1.675074536921,118021267.615539699656526343,2414.4528427568607,3340.426399528055,1.210740185166164,4811.1564628872,-15.937290572514842,3,595
2021-12-28,3806.11023553477,449223038035.51241017320292036097724736588,1.603086957922,118026806.959361547397626844,2374.2381638912693,3347.73179360754,1.1369220923858054,4811.1564628872,-20.889909424174014,3,596
2021-12-29,3638.66337872589,429472726157.11553304240313867215420903186,1.55070799753,118030353.856887741892464474,2346.4529650466943,3354.0209088325546,1.0848660391900813,4811.1564628872,-24.370296272960758,3,597
2021-12-30,3708.0373351841,437679314133.7394154694470719437605368759,1.567299184349,118035304.008612177579776599,2365.8771549251373,3360.037863547633,1.103570104197885,4811.1564628872,-22.928356959755007,3,598
2021-12-31,3686.9517918761,435213696992.3496123007063333723234260457,1.56431522976,118041602.266486853707558337,2356.9110123934283,3365.587398813852,1.0954853804050693,4811.1564628872,-23.36662047229408,3,599
2022-01-01,3761.05964026885,443989998321.90191808448095205641641032445,1.589122424097,118049177.834937070187900057,2366.7526071227817,3371.628991833138,1.115502224408143,4811.1564628872,-21.82628710412343,3,600
2022-01-02,3832.36560987726,452429174354.97001124014412185753310835768,1.611689295707,118054804.893591574106830468,2377.856339981532,3378.9858229479833,1.1341762915518028,4811.1564628872,-20.344190852246005,3,601
2022-01-03,3765.44034950322,444548274117.21039015520685403957081022218,1.589667892724,118060102.632049472763725069,2368.696233180436,3385.971081717709,1.1120710303269945,4811.1564628872,-21.73523395987085,3,602
2022-01-04,3796.64046078317,448242980435.21654721485703757011211309634,1.60131135617,118063057.343795230637909002,2370.957057260829,3393.831407423144,1.1186885867338558,4811.1564628872,-21.08673891464369,3,603
2022-01-05,3545.75825844535,418628856566.1242341704042639289561021277,1.520192827414,118064691.965118205078643822,2332.439802703871,3400.686425202805,1.042659573716472,4811.1564628872,-26.301331378495185,3,604
2022-01-06,3413.23750263004,402991368628.69793006134856034557766888452,1.479652709139,118067192.311749912390729863,2306.782856239408,3406.5392954371705,1.001966279150762,4811.1564628872,-29.05577839840739,3,605
2022-01-07,3190.12681209819,376653407264.5525837483251787239966460509,1.412036013464,118068474.84436598008297511,2259.238986597931,3412.9879641081234,0.9347020398684086,4811.1564628872,-33.693139337568375,3,606
2022-01-08,3092.88001665693,365184816978.98346568817516325134021115723,1.378343882824,118072739.651151711806056711,2243.910286248833,3419.1142451937462,0.9045851629569254,4811.1564628872,-35.71441626321842,3,607
2022-01-09,3154.84015575687,372503346874.94156148331647357989452879245,1.401598790128,118073603.886145284882114635,2250.8867573071725,3425.0778957533607,0.9211002645132395,4811.1564628872,-34.42657331780821,3,608
2022-01-10,3079.86577586207,363636631911.73092466098372732320448809434,1.377075550056,118068986.889517025505157862,2236.5263661364293,3430.543897590591,0.8977776900115413,4811.1564628872,-35.98491756358664,3,609
2022-01-11,3241.95426534191,382767642994.30156525534939277500330532036,1.435530346022,118066947.176361013638876796,2258.3669333955177,3437.664434004968,0.943068856073584,4811.1564628872,-32.61590450549604,3,610
2022-01-12,3372.8478100526,398215028021.8860678348888285876838243508,1.481299097411,118064926.272400014607525558,2276.952585705095,3445.5187916788423,0.9789085516521495,4811.1564628872,-29.89527910658436,3,611
2022-01-13,3253.07153477499,384072341193.0709006305152402624033245245,1.440390613729,118064523.66244586721017255,2258.4648245889184,3451.961539758328,0.9423834817704075,4811.1564628872,-32.384831799404736,3,612
2022-01-14,3308.71572647575,390634066567.614732186781333978629230411,1.462013120562,118062142.190648465530816148,2263.123141606195,3458.108726710987,0.9567992182890893,4811.1564628872,-31.22826596892314,3,613
2022-01-15,3334.44671624781,393681658307.69349073526949973437246371961,1.470791997292,118065062.005457995664578781,2267.1096405114677,3463.9310091291636,0.9626192633340275,4811.1564628872,-30.69344674259895,3,614
2022-01-16,3356.33249970777,396274948183.30292987801980982685093004566,1.477549869623,118067845.845966064586743558,2271.5527703739335,3469.351326338398,0.9674236432117385,4811.1564628872,-30.238550219719585,3,615
2022-01-17,3211.12031502046,379137977560.94877453401208781564969029138,1.429403086454,118070312.030190328122250503,2246.476410643876,3474.834147495616,0.9241075051984222,4811.1564628872,-33.256788886606905,3,616
2022-01-18,3165.79673085915,373799460225.1106940396171501797100142212,1.413496866313,118074371.794447806354395128,2239.6913684831093,3479.9131325263,0.9097344129854437,4811.1564628872,-34.198840647154114,3,617
2022-01-19,3105.41949795441,366681698411.07030506533284963765398010537,1.409070858808,118077991.927534899736534457,2203.8774548083634,3484.3607138544703,0.8912451244231634,4811.1564628872,-35.45378285014594,3,618
2022-01-20,3011.87563880772,355642436480.8015366564726285909156639242,1.37672254684,118080053.471791425893606985,2187.7143261152346,3487.790504558737,0.8635483223178199,4811.1564628872,-37.39809415800463,3,619
2022-01-21,2565.0556484512,302877590300.8089886692038458482141330944,1.213208819024,118078370.145181360236788912,2114.273823458299,3489.522622380187,0.735073511774968,4811.1564628872,-46.68525814452734,3,620
2022-01-22,2400.82875043834,283486903274.0112247238843068202172477181,1.155968086506,118078768.934374256035208965,2076.8988162078285,3489.936233040619,0.6879291167869305,4811.1564628872,-50.09871807416568,3,621
2022-01-23,2533.49403682057,299160671633.61059475367474852725330300664,1.211801860401,118082248.186005141383204152,2090.6834026333363,3491.0183055011685,0.7257177749048964,4811.1564628872,-47.341266983027886,3,622
2022-01-24,2439.12303068381,288023313314.2560905686622008621260499465,1.179112079351,118084782.80552684348948765,2068.609993399727,3492.6192990005843,0.6983649868114075,4811.1564628872,-49.3027705604885,3,623
2022-01-25,2458.38200011689,290303674073.46464211070280633819607684702,1.190141405183,118087292.397870395448028718,2065.6217735226865,3494.1423403103445,0.70357236789001,4811.1564628872,-48.902472428809716,3,624
2022-01-26,2467.10777206312,291339250006.67034228154647857054052658312,1.197375929314,118089389.245868964022033501,2060.4287355906463,3495.8925593343074,0.70571613119967,4811.1564628872,-48.72110705411156,3,625
2022-01-27,2412.6244704851,284907333431.5477721959772112544594569913,1.178841515893,118090211.268669678505559363,2046.6062977579145,3497.2547172536533,0.689862382222963,4811.1564628872,-49.853543756145655,3,626
2022-01-28,2545.54989713618,300610130478.91784459747194059303695879618,1.233770215634,118092413.280569852352387001,2063.228520902568,3499.8173100648746,0.7273379355589833,4811.1564628872,-47.09068564341427,3,627
2022-01-29,2593.19728784337,306248581536.96251247583154452272677364063,1.253308852252,118096908.003345108841713199,2069.0808041320383,3503.0850951393923,0.7402610034913192,4811.1564628872,-46.10033350927068,3,628
2022-01-30,2610.55529894798,308311140628.4357559235494686545427667505,1.261024258313,118101746.686875836521477475,2070.186423249608,3506.175661508474,0.7445591866965479,4811.1564628872,-45.739546841065064,3,629
2022-01-31,2686.26782933957,317263513418.39035569016532515455056391744,1.291356549369,118105689.221759729007696192,2080.1906573766714,3510.042629148743,0.7653091751740477,4811.1564628872,-44.1658601198863,3,630
2022-02-01,2795.5781528346,330176676062.7515817487388659984948622124,1.332830973677,118106759.322026523127075694,2097.473879318837,3514.629981976037,0.7954117978766109,4811.1564628872,-41.89384248050501,3,631
2022-02-02,2686.64838047925,317315297598.96722608618181501587075735425,1.291181518663,118108234.745018570157897501,2080.767375962162,3518.578393261834,0.7635607567034031,4811.1564628872,-44.15795035551643,3,632
2022-02-03,2670.65337931034,315436571253.7527735444275799611347840752,1.286310378165,118112134.54260020379472728,2076.2122615540034,3522.468219722968,0.7581767138044979,4811.1564628872,-44.49040683021839,3,633
2022-02-04,2969.93218322618,350800802013.31181013509246600788017407528,1.401955939056,118117445.238174991139560996,2118.420487041818,3528.2068354579183,0.841768162052982,4811.1564628872,-38.26988986668897,3,634
2022-02-05,3017.60991642314,356456006867.45744250560295478844758521654,1.418887795014,118125276.871430426745133311,2126.743162515797,3534.3682152679708,0.8537904747409996,4811.1564628872,-37.27890706318338,3,635
2022-02-06,3049.37219111631,360233186220.1320945940926064032159522606,1.438813946666,118133557.87450085671674226,2119.3651883777425,3539.687616045294,0.8614805943026161,4811.1564628872,-36.618727438218336,3,636
2022-02-07,3145.37367592051,371588320600.71224923698510717054788471404,1.470835205318,118138052.545367281516543204,2138.494961602764,3545.3098729082394,0.8871928797976524,4811.1564628872,-34.6233343233873,3,637
2022-02-08,3126.63435172414,369395588835.68976623279490937908253132292,1.462785747692,118144799.577216821496806078,2137.4520203367983,3550.3794633451184,0.8806479374963115,4811.1564628872,-35.012831616624865,3,638
2022-02-09,3241.72396054939,383014056559.18540769712925839147312406026,1.502737686947,118151348.239494839186687934,2157.212126046668,3555.691393486848,0.9117000329352066,4811.1564628872,-32.62069139601387,3,639
2022-02-10,3080.56548188194,363993338559.66185855601687550504980976826,1.442298413983,118157961.809432359122706829,2135.8724741121778,3560.156996211863,0.8652892232448665,4811.1564628872,-35.9703741575414,3,640
2022-02-11,2924.08046814728,345527783403.0371736237479049423316472912,1.383227223722,118166304.64412843247231754,2113.9552620133795,3563.5716024187595,0.8205476960705862,4811.1564628872,-39.22291884075364,3,641
2022-02-12,2910.83617533606,343988805356.26708157199278706467330244528,1.378988008119,118175254.337889045095161288,2110.84952022648,3566.694638795148,0.8161158916366776,4811.1564628872,-39.49820177768129,3,642
2022-02-13,2880.69652571596,340455424967.89447801864673881686708443716,1.367889326927,118185106.250745614152244971,2105.9426877666497,3569.612964701928,0.8070052843828422,4811.1564628872,-40.124655102419204,3,643
2022-02-14,2936.29826037405,347054493303.650243932717358565055638543,1.390062322665,118194564.21958972491656206,2112.350081357962,3572.3721849751596,0.8219463449871385,4811.1564628872,-38.968971742565984,3,644
2022-02-15,3175.2582150789,375327152577.6458443648911260513786877975,1.478548849201,118203663.184072598435799275,2147.550428783461,3575.9919544959075,0.8879377402085075,4811.1564628872,-34.00218347558352,3,645
2022-02-16,3140.52647866745,371245915304.3328215844159427374075839068,1.464002052393,118211362.911945698108786264,2145.165352421514,3578.9727100096416,0.8774938322061109,4811.1564628872,-34.724083432056915,3,646
2022-02-17,2887.98329310345,341415846101.29361887482118890901927725645,1.36914742187,118219467.168179291470808741,2109.3296798959777,3580.5939388217394,0.8065654308887631,4811.1564628872,-39.97319947124821,3,647
2022-02-18,2784.71829456458,329224725190.6194443524498020824331636614,1.332168476152,118225504.47319023826435783,2090.3649533941116,3581.422325297485,0.7775453553451762,4811.1564628872,-42.119564889530615,3,648
2022-02-19,2757.59524547049,326042636607.5945008156461628512150714588,1.322373464762,118234406.27957943661350012,2085.3377044788176,3582.645725066626,0.7697091638663791,4811.1564628872,-42.683318101535136,3,649
2022-02-20,2636.38894248977,311735818583.97931058344084470339201452603,1.275111260418,118243485.837708083712902539,2067.5756103240146,3582.1879985108103,0.7359716864625117,4811.1564628872,-45.20259395372772,3,650
2022-02-21,2578.87216978375,304951719979.867276840580519000795164585,1.254100616413,118250033.310274098054238684,2056.3518875860887,3580.954682815019,0.7201633078909774,4811.1564628872,-46.39808142435353,3,651
2022-02-22,2636.22923874927,311752643766.78953502421726730402017222425,1.278285210072,118257031.362984636290902775,2062.316936766235,3579.695657731734,0.7364394883836886,4811.1564628872,-45.205913399722306,3,652
2022-02-23,2591.79215108124,306517062695.28538199135232340746632643324,1.262266339711,118264523.089713443667089801,2053.2846908320785,3576.937716982173,0.7245840873259346,4811.1564628872,-46.12953930985043,3,653
2022-02-24,2594.05176271187,306802531124.26911699993376083571671910374,1.265169507035,118271553.225881676298264002,2050.3590612068924,3574.771235386614,0.7256553194322998,4811.1564628872,-46.0825732290742,3,654
2022-02-25,2788.59007977791,329837514553.42122075539831065571031244654,1.341227340837,118281104.471149187781445394,2079.1330409635666,3572.9228397042643,0.7804786738715929,4811.1564628872,-42.039089742999906,3,655
2022-02-26,2777.68419199299,328577626564.48547554365186945210334596141,1.337026183721,118291930.922762979809412559,2077.5091960148293,3571.102641536234,0.7778225581323734,4811.1564628872,-42.265768876573034,3,656
2022-02-27,2614.48211922852,309300957603.47739518454108058217508912312,1.272402217382,118302953.892354696253732606,2054.760738006166,3568.332237184977,0.7326902164499849,4811.1564628872,-45.65792778937072,3,657
2022-02-28,2914.46506487434,344814046314.0025220414816687865021180991,1.390719067242,118311264.207543182715007615,2095.6533447507495,3567.7142548763863,0.8168998010114799,4811.1564628872,-39.42277522345731,3,658
2022-03-01,2969.53468030392,351357844750.88774766829841319764551842792,1.412022417142,118320842.346561743896633451,2103.0364987507764,3565.97953356721,0.8327402477639463,4811.1564628872,-38.278151974257625,3,659
2022-03-02,2954.65685739334,349626702102.9694938646937788824070791854,1.402737244511,118330729.75229261440558781,2106.3508999672604,3564.407999374633,0.8289334043442074,4811.1564628872,-38.58738787263977,3,660
2022-03-03,2836.95393191116,335728574596.01714902088919427463580347816,1.355368949599,118341214.786610282730009326,2093.1230073925644,3562.039132067503,0.7964409785314502,4811.1564628872,-41.033845941300164,3,661
2022-03-04,2617.82250379895,309824449515.4034434364913326918600174321,1.270828626008,118351969.648740595796471398,2059.933534879683,3559.339375404733,0.7354798819939099,4811.1564628872,-45.58849781767477,3,662
2022-03-05,2662.88603331385,315188765576.9581236926020823429336448381,1.28975951285,118363595.600341529604408306,2064.6376373139774,3557.550948566626,0.7485166261320176,4811.1564628872,-44.65185129905673,3,663
2022-03-06,2557.90416393922,302789734330.08543276283660050394213821536,1.246965003296,118374151.228474333753226288,2051.3038915912816,3555.133869088251,0.7194958778289887,4811.1564628872,-46.83390191795574,3,664
2022-03-07,2501.00067124489,296082482789.9247448484780942175186872107,1.232559429695,118385607.08684163864783763,2029.1116282026005,3551.769013330507,0.7041563406455006,4811.1564628872,-48.01664234914475,3,665
2022-03-08,2577.76486323787,305200035242.81613641861287476440542570008,1.266305806957,118397158.559862410659283784,2035.6574605247813,3548.266744026006,0.7264856475567658,4811.1564628872,-46.42109681689837,3,666
2022-03-09,2726.9712761543,322897535771.162213373740113155627991788,1.325527666652,118408851.09231041553889716,2057.272243167921,3545.7280640157783,0.7690864124153446,4811.1564628872,-43.31983802252338,3,667
2022-03-10,2611.41140765634,309245862617.83048823233119947071376384118,1.279679331463,118420966.421131234313968027,2040.6763971649293,3542.555653660723,0.7371546597885685,4811.1564628872,-45.721752601468744,3,668
2022-03-11,2562.6069748685,303498430789.250164444859957349542617441,1.260615966218,118433467.857404924712697586,2032.8212901797765,3538.7554992802434,0.7241548548323599,4811.1564628872,-46.73615388241467,3,669
2022-03-12,2578.18213267095,305376733564.2137987084070526646133929085,1.267424072737,118446532.42082980108895243,2034.1905981818463,3535.7283644848026,0.7291799218989555,4811.1564628872,-46.41242386193839,3,670
2022-03-13,2516.49195207481,298100690308.7324728825216403402174318361,1.242376864768,118458829.18995743637920481,2025.5463727946485,3532.167307938923,0.7124498169774477,4811.1564628872,-47.69465571351114,3,671
2022-03-14,2589.37761689071,306766217630.95057105188961447844247297648,1.27361050887,118471023.936366353960761488,2033.100071691551,3529.5112133465796,0.7336363196975192,4811.1564628872,-46.17972545967023,3,672
2022-03-15,2621.23701899474,310571002686.17242502178365376339322602004,1.282177866747,118482609.712752436733716346,2044.3630224604117,3526.26733294769,0.7433460856762627,4811.1564628872,-45.51752703919087,3,673
2022-03-16,2768.91552717709,328099370472.17827600520012922668297616526,1.340381738649,118493817.255117081044665414,2065.766376351815,3523.898551835767,0.7857534734462289,4811.1564628872,-42.448025780573985,3,674
2022-03-17,2816.07112390415,333713383471.50347320138332503785622711775,1.358742501927,118503180.064873248922459185,2072.5568824926963,3521.8243344482744,0.7996057884997587,4811.1564628872,-41.46789559584992,3,675
2022-03-18,2945.90649006429,349128735196.08573819117439200891731453427,1.409488592457,118513176.291779216008779663,2090.053446214154,3520.3620650794846,0.8368191781426255,4811.1564628872,-38.7692644629471,3,676
2022-03-19,2948.82827971946,349511144135.401054722253518585418488619,1.408793623983,118525431.45328631318679515,2093.1584509748204,3517.94646771274,0.8382243183014372,4811.1564628872,-38.70853499638935,3,677
2022-03-20,2861.81527405026,339234082068.72669405702742440106651129314,1.373900505141,118538077.962179808485657089,2082.985822729979,3513.2863956735814,0.8145693096852076,4811.1564628872,-40.517102361437864,3,678
2022-03-21,2898.31257539451,343594964687.75060630892998285283117540462,1.38827674523,118550003.062033930070819562,2087.70519664243,3508.818478870542,0.8260081257687207,4811.1564628872,-39.75850509639802,3,679
2022-03-22,2976.63482524839,352913580784.17957643769632723439382269931,1.417292341991,118561261.794929831414726429,2100.226422635459,3504.1087398056675,0.8494698784414634,4811.1564628872,-38.130575294944876,3,680
2022-03-23,3021.12716715371,358223561121.52723239483141307196826441696,1.428061321782,118572817.793373411008028576,2115.5444245095932,3499.7832255739318,0.8632326554048997,4811.1564628872,-37.20580092419784,3,681
2022-03-24,3110.07358153127,368802603334.44501399479382526915323431891,1.45360527501,118583240.449527260185158133,2139.55854109698,3495.5605038644053,0.8897209984187164,4811.1564628872,-35.35704761376855,3,682
2022-03-25,3104.45554324956,368169842378.86669274415554161706449764684,1.450721224439,118594013.426743528262333189,2139.9394252676398,3491.4386115257144,0.8891622877175412,4811.1564628872,-35.473818671310475,3,683
2022-03-26,3145.64074167154,373091951039.56712983880099707798675415244,1.465402448634,118606027.095552053190760086,2146.605353774182,3490.0025670809455,0.9013290624317704,4811.1564628872,-34.61778335548404,3,684
2022-03-27,3288.73951139684,390100025024.94910695649344677920554191256,1.513899807455,118616881.535643515333400534,2172.3627251961298,3488.907382392167,0.9426273474596846,4811.1564628872,-31.64347206818441,3,685
2022-03-28,3346.48037200468,396975439106.27515100247378879802343895804,1.525898716623,118624762.430167926624940803,2193.1209034704802,3488.475467139391,0.9592959456151343,4811.1564628872,-30.44332692525989,3,686
2022-03-29,3398.67210052601,403203633895.1165758896194683393695280654,1.546866664183,118635638.26375396549920254,2197.133197851327,3489.447945312974,0.9739856142835162,4811.1564628872,-29.358520622992813,3,687
2022-03-30,3389.04939859731,402096496205.3324939654820008991985670886,1.53954083795,118645805.62672110328637506,2201.337772312719,3490.097144096142,0.9710472971591164,4811.1564628872,-29.558528708427755,3,688
2022-03-31,3281.78751081239,389403908128.80929473192638033247836213294,1.499892640456,118656039.382761352180831746,2188.014943399319,3489.4174847857976,0.9404972391871438,4811.1564628872,-31.78796956349717,3,689
2022-04-01,3446.51983682057,408981510383.85396017604082454655033433629,1.555460562468,118665067.879354275512801397,2215.7552045884636,3490.2023346990063,0.9874842505707615,4811.1564628872,-28.364004301113592,3,690
2022-04-02,3451.96555774401,409662033840.15470094417875993447458933794,1.555509447029,118675006.163121838358700194,2219.1864950336453,3490.3637870669195,0.9889987887608767,4811.1564628872,-28.250814863907642,3,691
2022-04-03,3521.53255113968,417953425564.676415537392981272715327712,1.579593229687,118685095.0531220807279634,2229.392026349391,3490.016159622443,1.0090304428620889,4811.1564628872,-26.80486327342616,3,692
2022-04-04,3525.40589713618,418444843138.91839582389948229779844178446,1.573541064902,118694089.517135290227108847,2240.428277196402,3489.804584482174,1.010201520398108,4811.1564628872,-26.724355685980633,3,693
2022-04-05,3425.35487270602,406585274506.41141151704845609261673317624,1.537445932156,118698730.384455107018475212,2227.951436251522,3489.9487537609584,0.98149145285147,4811.1564628872,-28.80391857698083,3,694
2022-04-06,3183.70336908241,377932184918.24742173174303601621892550776,1.450429128906,118708353.481804751113830136,2195.007881208059,3488.7421488836935,0.9125648251479727,4811.1564628872,-33.826650751410966,3,695
2022-04-07,3238.18884687317,384429653074.08535715343091531707121586433,1.473331290978,118717490.317247793439258749,2197.868779888367,3488.3331411133836,0.9282911682682996,4811.1564628872,-32.69416881674399,3,696
2022-04-08,3185.76596639392,378237318251.11498058777956937704981575424,1.454450649541,118727276.969204062255987672,2190.3568659406174,3489.435130119812,0.9129746929224428,4811.1564628872,-33.78377961788162,3,697
2022-04-09,3257.96308474576,386847010329.3979538932311555104752681552,1.481068243398,118738917.62023636811986777,2199.7386678624935,3491.99570467855,0.9329802669518652,4811.1564628872,-32.28316081845654,3,698
2022-04-10,3218.1317761543,382155324406.5529739014939856044167261321,1.466266688902,118750676.165048918298001647,2194.7792993675444,3492.767756900934,0.9213700996282922,4811.1564628872,-33.11105550237952,3,699
2022-04-11,2985.2986779661,354538550563.2409743120711086896279616009,1.379653088654,118761500.542649216682655469,2163.8038594749787,3491.9567749196367,0.8549071109377645,4811.1564628872,-37.95049691286476,3,700
2022-04-12,3027.95501139684,359636917000.06694916887841850310197181208,1.396772483609,118772212.812422589932726262,2167.8226389262536,3492.433753360022,0.8670042798904021,4811.1564628872,-37.0638840213534,3,701
2022-04-13,3118.53925920514,370428780620.23659151932899203135392676924,1.431965676983,118782785.731115752118369566,2177.8030781963794,3493.3639582565734,0.8927037939560993,4811.1564628872,-35.18108830462587,3,702
2022-04-14,3019.78703097604,358730552672.0142925895275965059030273156,1.394282564751,118793328.46729501062606689,2165.835754759892,3493.2199153270003,0.8644709191443385,4811.1564628872,-37.233655686104,3,703
2022-04-15,3039.32726592636,361087716353.23743348010703798883164267844,1.40339211099,118805144.941566896190113679,2165.7006920056833,3493.654070129747,0.8699565569219294,4811.1564628872,-36.82751144404804,3,704
2022-04-16,3065.65542343659,364252922997.18849548034029503777350367821,1.413216098187,118817307.454880928807703719,2169.275758583197,3494.9043737051416,0.8771786279767417,4811.1564628872,-36.280280072270315,3,705
2022-04-17,2996.52688457043,356077322435.26629692280471997856299898625,1.386045877059,118830010.926570446811302875,2161.9247487887274,3495.6706492808285,0.85721087173556,4811.1564628872,-37.717118375065304,3,706
2022-04-18,3058.24911367621,363447371337.49329510943722235654387441145,1.40942286941,118841650.182187556426094245,2169.859153027953,3495.954257281998,0.8747966616857021,4811.1564628872,-36.434220394467516,3,707
2022-04-19,3104.38072004676,368964491507.1429214164733758459648987894,1.431254453635,118852848.532568312761293815,2168.9928804500632,3494.9789520306826,0.8882401761655893,4811.1564628872,-35.47537387333679,3,708
2022-04-20,3078.53693571011,365918718328.6637787792364832575417969631,1.416647317145,118861240.24828671528234421,2173.114577250146,3493.4023515677954,0.8812431623653373,4811.1564628872,-36.01253753733331,3,709
2022-04-21,2984.30083985973,354744896017.51751176990324764600363949674,1.382475150257,118870353.578090155369959938,2158.6650865333477,3491.221660688193,0.8548013073657035,4811.1564628872,-37.971237001325136,3,710
2022-04-22,2963.93688515488,352354534609.07483123742155806869807279808,1.37670509713,118880579.533886602001382766,2152.9206881951422,3489.0832285111037,0.8494887312905061,4811.1564628872,-38.39450227781189,3,711
2022-04-23,2941.41439567504,349711925196.07967842708913510315009372656,1.367742385053,118892436.818927898079060039,2150.561705054611,3486.1882282203383,0.8437336721708226,4811.1564628872,-38.8626327502581,3,712
2022-04-24,2924.17223728813,347696717281.13423397461963196540332967325,1.361333643483,118904321.998346888647119025,2148.0202529973294,3482.8669190005835,0.8395877032612052,4811.1564628872,-39.22101141700723,3,713
2022-04-25,3012.2152773232,358195536319.5659491587084157191358285136,1.394370726492,118914321.634367316969981923,2160.268585745071,3479.9814600175323,0.8655837141465761,4811.1564628872,-37.39103476348898,3,714
2022-04-26,2801.38247457627,333153917601.94503056764314970277063178486,1.3161138055,118924823.948695918867495618,2128.5260156601785,3476.1829018658664,0.8058789061624484,4811.1564628872,-41.77319951687571,3,715
2022-04-27,2886.84557685564,343347605118.89702143589512186724099264772,1.350173851942,118935216.996564173810506223,2138.128784454975,3472.7177695675027,0.8312928859793786,4811.1564628872,-39.99684693016138,3,716
2022-04-28,2934.09959088252,348998096029.48375512435112601946110082876,1.36759580833,118945552.193922608605855313,2145.443538954255,3470.2282589450597,0.8455062237820858,4811.1564628872,-39.01467113955069,3,717
2022-04-29,2815.62725832846,334935607139.4098442251908082045597539335,1.322752776082,118955947.080242953752230725,2128.6118685521583,3466.7085601855624,0.8121903556201298,4811.1564628872,-41.47712135225826,3,718
2022-04-30,2729.73245441262,324746931478.47094282115068855177373037234,1.290301969578,118966578.923702444659308207,2115.5764454931377,3462.9009212054334,0.788279109487892,4811.1564628872,-43.26244686761874,3,719
2022-05-01,2829.09136440678,336406685697.21941941057597100571194988654,1.330960822352,118909799.071745104427165293,2125.600781702475,3459.0585635359416,0.817879001595974,4811.1564628872,-41.19726959141487,3,720
2022-05-02,2861.52780946815,340288368000.28955186317345826591175373635,1.343938730086,118918420.738163755232826429,2129.210019332532,3454.4334913965495,0.8283638450689345,4811.1564628872,-40.52307731952388,3,721
2022-05-03,2780.92367007598,330728437975.54467484884463111601851348144,1.311013566487,118927549.696647574517172328,2121.201291248084,3449.029547438338,0.8062916341616809,4811.1564628872,-42.19843624858682,3,722
2022-05-04,2936.76534658095,349292320625.9672096132780570488994015436,1.371085550584,118937769.758357231811383688,2141.9271360055286,3444.52953392022,0.8525882323437699,4811.1564628872,-38.95926334479295,3,723
2022-05-05,2746.63528112215,326704972289.3030831199401933955247597902,1.298515135149,118947344.241433584432591828,2115.212373560038,3439.0807218044984,0.7986539146080236,4811.1564628872,-42.91112121774814,3,724
2022-05-06,2697.48142811221,320887324275.65338643538282323870159699884,1.280782216899,118958121.798903853505355004,2106.1203009542787,3433.8377986163046,0.7855587789263616,4811.1564628872,-43.93278520621137,3,725
2022-05-07,2636.53088603156,313667956321.81307338971052749245789007208,1.256016680483,118969953.275964915688198418,2099.120916943304,3427.645232353885,0.7691959661242307,4811.1564628872,-45.19964365388017,3,726
2022-05-08,2519.63678281707,299792674682.86916929788625408264428024348,1.217235523061,118982496.496057319775169364,2069.9665225682065,3419.476483209817,0.7368486945849443,4811.1564628872,-47.62929033272339,3,727
2022-05-09,2257.95058188194,268677456167.5958594071511386928857374185,1.112805911974,118991734.506279829459510525,2029.060555471506,3410.4403989611324,0.6620700900006178,4811.1564628872,-53.06844416099218,3,728
2022-05-10,2342.92739614261,278811607113.63095051850344220122048503997,1.152923773082,119001385.861408128278511977,2032.16157984104,3402.277320158678,0.6886350451977087,4811.1564628872,-51.30219908215982,3,729
2022-05-11,2068.27522092344,246132822826.81011248853312980017119678792,1.040108390432,119003902.544902679210394543,1988.518927401787,3391.820798568964,0.609783164781601,4811.1564628872,-57.01085099023662,3,730
2022-05-12,1958.4534585038,233056064229.882564255339190798369428027,1.000496031055,119000052.422961555946585665,1957.4824864009265,3381.2300979932775,0.5792133045503529,4811.1564628872,-59.29349889966951,3,731
2022-05-13,2016.05178404442,239926429792.72504354706600288159788188384,1.031216245577,119008068.984917852250344752,1955.0232967056988,3370.238303970776,0.5981926505520785,4811.1564628872,-58.09631635146248,3,732
2022-05-14,2053.09169362946,244358110681.88028181301990655187520851158,1.048530170782,119019579.807418867729762923,1958.0663969814545,3359.8505998497944,0.6110663651893468,4811.1564628872,-57.32644096140267,3,733
2022-05-15,2138.96401139684,254605611336.89404974750836157817404498124,1.087303710992,119032209.041528052110582411,1967.2185331229664,3350.807310264757,0.6383428867557992,4811.1564628872,-55.54158282116569,3,734
2022-05-16,2022.61946464056,240782478744.97415064181321722751083600864,1.035314317901,119044873.716650225182385444,1953.6284099124855,3339.526556245177,0.6056605421682013,4811.1564628872,-57.95980695612681,3,735
2022-05-17,2092.88074547048,249171264983.477241865028900667198825424,1.07250012727,119056599.6284052452648738,1951.403726914058,3327.9250258682046,0.6288845839982466,4811.1564628872,-56.49942458502937,3,736
2022-05-18,1921.00792752776,228732451401.75547774175059354816159719168,0.99746002707,119068978.385801129340607968,1925.8996605314055,3315.9733463547623,0.5793194718044152,4811.1564628872,-60.07180513986125,3,737
2022-05-19,2016.37226154296,240111883742.0399680975915541184410320224,1.042300323307,119081128.18329614917232244,1934.5405699822047,3304.5853801274097,0.6101740550172191,4811.1564628872,-58.089655219133654,3,738
2022-05-20,1962.03072969024,233664177857.45180817641881820191061256576,1.018530233783,119093026.587989304373593774,1926.3352864871902,3292.766593473406,0.5958608586406282,4811.1564628872,-59.21914523410001,3,739
2022-05-21,1973.77449105786,235087706728.65784605642013724231459402346,1.02451734349,119105656.595379716438847961,1926.5408278343368,3279.7035684097004,0.6018149048802377,4811.1564628872,-58.9750508784454,3,740
2022-05-22,2044.56454897721,243544487687.68711765431682351410406414516,1.057320760145,119118023.350996592774477396,1933.7221267620055,3266.932130511688,0.6258362485960115,4811.1564628872,-57.50367786313364,3,741
2022-05-23,1970.62047516072,234760623478.52894203254763652488419479976,1.025362904507,119130307.655705403642536833,1921.8761147870905,3254.107223667737,0.6055794538139446,4811.1564628872,-59.04060717289289,3,742
2022-05-24,1977.80444576271,235639767483.44358682161046043585322165492,1.036226034234,119142096.170469835632021452,1908.6612190985381,3241.6117593272925,0.6101299577507545,4811.1564628872,-58.891288175321165,3,743
2022-05-25,1944.32836265342,231673797114.30040579029480651463840497922,1.0216594964,119153637.607865659424332991,1903.1080017409015,3228.775188329338,0.602187594132087,4811.1564628872,-59.58708934843872,3,744
2022-05-26,1807.68160239626,215410440618.98198250348630183285248018436,0.961942889874,119163928.168231743903948186,1879.1984653403272,3214.767140883984,0.5623056113169026,4811.1564628872,-62.427295467513,3,745
2022-05-27,1721.27814289889,205133028068.08638805210160310510707124382,0.925896356953,119174828.841207306840377438,1859.0397618188977,3199.317749284043,0.5380141260692487,4811.1564628872,-64.22319340107384,3,746
2022-05-28,1793.65815663355,213781585780.345134814897492643282729142,0.961174475791,119187474.48598779173075604,1866.110890176787,3184.607556334013,0.5632273757141788,4811.1564628872,-62.71877311682425,3,747
2022-05-29,1811.05755844535,215878221063.95007113482617898702747593035,0.969040084869,119200088.399876417271737101,1868.919136291641,3170.5630684833413,0.5712100719421048,4811.1564628872,-62.35712614179825,3,748
2022-05-30,1996.49929953244,238005746884.47878879635334249597628572416,1.059317772892,119211535.381062910605139264,1884.7029197687102,3156.9068334000563,0.6324226228058075,4811.1564628872,-58.50271520094504,3,749
2022-05-31,1947.31703623612,232162439561.54109288763007480973172647232,1.036535358409,119221695.923883688575753136,1878.6788317815788,3143.329612581822,0.6195077437764032,4811.1564628872,-59.524969697877495,3,750
2022-06-01,1827.6371081239,217911356816.951420935016756430815363392,0.983359881868,119231195.21284018263003328,1858.5638298077633,3129.243085688192,0.5840508576923038,4811.1564628872,-62.01251981260395,3,751
2022-06-02,1835.3889748685,218852059958.1248928304744733546111459435,0.989302696058,119240151.790606115409916951,1855.2349874126858,3115.3724477279343,0.5891395027926962,4811.1564628872,-61.851397080379435,3,752
2022-06-03,1773.33450613676,211468640976.99108657280112048861996129016,0.961861492163,119249154.767579181232481466,1843.6485092556813,3101.3920814099915,0.571786623421875,4811.1564628872,-63.14120066940055,3,753
2022-06-04,1799.04830862069,214551456101.67187881528769522353547173636,0.974895503941,119258307.335930325688035444,1845.3755313754807,3089.2166656284307,0.5823639140101281,4811.1564628872,-62.60673868126351,3,754
2022-06-05,1805.68905447107,215360134664.82567148571986490484201503383,0.978660824837,119267563.887354827020679069,1845.0611372656253,3076.9171158730246,0.5868500796319746,4811.1564628872,-62.468710622903615,3,755
2022-06-06,1857.0548635301,221503743956.8269038343980949438189531034,1.004869798696,119276898.225703211270690834,1848.0552066944038,3066.274018324807,0.6056389130364357,4811.1564628872,-61.40107107604496,3,756
2022-06-07,1812.55737521917,216212872782.23094602058557951822817478581,0.984081760208,119286084.809363353153395993,1841.8768119795857,3053.880373450464,0.5935259910561689,4811.1564628872,-62.32595241495338,3,757
2022-06-08,1794.50157685564,214072989487.45959323472359695140881681212,0.976007186383,119293843.063967868789138433,1838.6151269089635,3040.78716008109,0.5901437629090045,4811.1564628872,-62.70124260771286,3,758
2022-06-09,1787.18229456458,213213980470.08481681486843277516576995686,0.974293659785,119301752.886955041179448567,1834.3363693436763,3028.1726693855903,0.5901850685836866,4811.1564628872,-62.85337406191769,3,759
2022-06-10,1662.50309760374,198354858171.6071592228268547288629819872,0.915856746236,119310970.58255546446258128,1815.2436005263016,3016.001322867472,0.5512275757303416,4811.1564628872,-65.44483409699666,3,760
2022-06-11,1529.50090531853,182502839943.48220510072451730676699475259,0.852277181597,119321825.380335178070604903,1794.6050162372596,3001.9080462543807,0.5095095791581488,4811.1564628872,-68.20928778523513,3,761
2022-06-12,1449.37609070719,172958147267.76874804266487181310887784031,0.813341002428,119332827.674408348794825249,1782.002980767583,2987.845081139535,0.4850907765788219,4811.1564628872,-69.8746839374787,3,762
2022-06-13,1192.1638591467,142272301481.3891719973972299303403398872,0.687683473973,119339552.520256411868526216,1733.5938760591866,2971.1756856792776,0.40124313916972043,4811.1564628872,-75.22084620729053,3,763
2022-06-14,1205.54458474576,143879882245.382380118767467098699952588,0.698427540801,119348453.857246209626858175,1726.083973382789,2956.943365761101,0.4076995855601919,4811.1564628872,-74.94272751166552,3,764
2022-06-15,1228.52421186441,146632659914.14586212783287009989956642947,0.714331921232,119356752.189373573499575467,1719.8226417567741,2942.6513703110722,0.4174888755967517,4811.1564628872,-74.46509542266753,3,765
2022-06-16,1062.05631794272,126774665475.14133903031592542388288903936,0.629506534828,119367177.929615867114614088,1687.1251673867143,2926.5062560445613,0.3629092935472434,4811.1564628872,-77.92513450486757,3,766
2022-06-17,1087.0124880187,129765222193.7333161640523175008546742898,0.644846295575,119377857.774437040527974454,1685.692382010859,2909.6992685314112,0.37358241787211877,4811.1564628872,-77.40641992411159,3,767
2022-06-18,992.790097311514,118526879127.751248716782974250480333122134,0.595201016106,119387652.484370342727911831,1667.9912675664973,2891.4379508823754,0.3433551451479517,4811.1564628872,-79.36483452638048,3,768
2022-06-19,1124.3688886616,134248636330.1983403562965674132797755728,0.668332926103,119399102.629033163052914558,1682.3484894238443,2874.1371230696927,0.3912022428006947,4811.1564628872,-76.62996625998606,3,769
2022-06-20,1122.38415809468,134024779381.54966497631199816834828921984,0.668872538155,119410790.338546324481406688,1678.0239792631257,2857.111320075829,0.39283879147729234,4811.1564628872,-76.67121893140155,3,770
2022-06-21,1124.80054354179,134324606737.52295020416405332759918723354,0.671204294825,119420823.103942920531359326,1675.7946160565823,2841.5706570395932,0.3958376121161211,4811.1564628872,-76.62099430317028,3,771
2022-06-22,1052.48545265926,125699394063.59759094865923592401108375056,0.633622724331,119431003.769220277454023256,1661.0601423276119,2826.3442779966363,0.37238402301268153,4811.1564628872,-78.12406516441459,3,772
2022-06-23,1144.74839117475,136728701297.64631907239824082238465906775,0.686647031612,119439959.341051553552740029,1667.1569794560867,2811.115116488161,0.4072221676232343,4811.1564628872,-76.20637782193887,3,773
2022-06-24,1233.92042811221,147391348537.05791028099881448831945245346,0.739468572021,119449638.063415274290201626,1668.658378191586,2795.5750135235207,0.4413834084734454,4811.1564628872,-74.35293494130664,3,774
2022-06-25,1242.46349766219,148424330810.97640282046788521868296231639,0.744397790499,119459711.363955971860934181,1669.085418468688,2780.2685177535036,0.44688615136573867,4811.1564628872,-74.17536704020262,3,775
2022-06-26,1204.22064611338,143867796717.28784105150003302779595393564,0.723405075238,119469631.401538330910823478,1664.6560652303856,2764.153057814871,0.43565628274772356,4811.1564628872,-74.97024560721269,3,776
2022-06-27,1194.90176943308,142765306254.53814356071332283546490923764,0.718894417578,119478696.832353848106619983,1662.1380556254398,2749.341129259932,0.43461386319664297,4811.1564628872,-75.16393867772878,3,777
2022-06-28,1142.80152688486,136551020228.45496428016012693451660602402,0.691572391881,119487957.458961994983390507,1652.4684043221666,2735.3970713668878,0.4177826827583017,4811.1564628872,-76.24684344189757,3,778
2022-06-29,1095.82495207481,130947450082.26038658658049370506668738557,0.667916157075,119496685.884298826876480997,1640.6624401388158,2720.4782712032406,0.40280599322344063,4811.1564628872,-77.2232526518749,3,779
2022-06-30,1041.53905172414,124470292276.90502783883059114659319026164,0.639748410862,119506121.321960750125293126,1628.0447657865466,2704.981028009202,0.3850448638786523,4811.1564628872,-78.35158636476545,3,780
2022-07-01,1066.1029628872,127418877795.2144546383186764456634854928,0.655150138251,119518360.074847785274152274,1627.2651116785025,2691.3711311404118,0.3961188966292662,4811.1564628872,-77.84102489472092,3,781
2022-07-02,1066.51756253653,127483081266.18633199102756735635091734164,0.656253479133,119532097.495881437460625988,1625.1610032537192,2677.449902411598,0.39833334008449983,4811.1564628872,-77.83240743127887,3,782
2022-07-03,1073.70227878434,128356565298.48178719733583569177189459884,0.660539682916,119545769.655820044954295926,1625.4924670754133,2662.7402022450287,0.40323208320476495,4811.1564628872,-77.68307293544127,3,783
2022-07-04,1150.1623100526,137512022703.2225654441801407598073845016,0.704046849675,119558797.485664238725084116,1633.6445658176503,2648.6237583189622,0.4342490345939467,4811.1564628872,-76.09384939099691,3,784
2022-07-05,1134.55701782583,135660485617.43981564003697138171975241542,0.695098141051,119571324.742592666480208874,1632.2256539347968,2634.8693930001423,0.4305932661557804,4811.1564628872,-76.41820575618993,3,785
2022-07-06,1190.01984395091,142307041503.48991770675527247484983957423,0.726222229072,119583755.033046561735593653,1638.644200510871,2620.9901360159224,0.4540344610986665,4811.1564628872,-75.26540961345553,3,786
2022-07-07,1238.44509789597,148112273535.59677742288308747632462998175,0.751316694316,119595348.867082585493447275,1648.3662711946693,2607.4945321935966,0.47495597118437993,4811.1564628872,-74.2588895736562,3,787
2022-07-08,1231.2732019287,147270320526.3529951414182579145250701455,0.747321162056,119608158.689448239007459465,1647.5824109426671,2593.9525268224684,0.47467067696762405,4811.1564628872,-74.40795759966188,3,788
2022-07-09,1216.82491992987,145558350241.27035535607208942751370958276,0.739401577373,119621440.896903563584292748,1645.6888342774364,2579.891662027027,0.47165737144706604,4811.1564628872,-74.70826548011189,3,789
2022-07-10,1167.00219023963,139614274575.63582806502442991036087394561,0.711525444175,119634972.190555786085544147,1640.141192129463,2565.803109039008,0.454829205767358,4811.1564628872,-75.74383208607384,3,790
2022-07-11,1096.53821274109,131198075351.26143647474886311857481218553,0.673286532217,119647517.821833880142214317,1628.635299046315,2550.776552298798,0.4298840726573535,4811.1564628872,-77.20842751218588,3,791
2022-07-12,1040.3091364699,124484017584.7081390429560159069488698696,0.642470943847,119660602.046735867694230104,1619.2314165068958,2535.752275463614,0.4102566116320252,4811.1564628872,-78.37715018219123,3,792
2022-07-13,1109.91739918177,132827254155.98425680981130288443443877306,0.682863956292,119673098.425075934600323578,1625.3858311818076,2520.8022563505215,0.44030323933010407,4811.1564628872,-76.93034080800393,3,793
2022-07-14,1190.77715517241,142518327590.74231152189175610508266469334,0.728488357937,119685137.535332878433853574,1634.5863900207846,2506.40438181224,0.47509378925974666,4811.1564628872,-75.2496688819424,3,794
2022-07-15,1235.44640999416,147879682097.77390902309110932571887653208,0.752949848741,119697366.799157999613433813,1640.8083646738723,2492.3596714747177,0.49569346837615613,4811.1564628872,-74.3212173720752,3,795
2022-07-16,1352.58443950906,161918623629.25999445868190894311839763136,0.818554075867,119710547.378491719591775456,1652.4069446192948,2480.0920424945894,0.5453767103532856,4811.1564628872,-71.88650067935295,3,796
2022-07-17,1345.29871186441,161064574677.45359339450227467152198602192,0.814018687643,119724023.562201235311448912,1652.6631787284111,2468.625219160282,0.5449586682590976,4811.1564628872,-72.0379346994446,3,797
2022-07-18,1568.5177969024,187808748087.1792088679711149952896458496,0.929733220083,119736447.019010448688601354,1687.0622271218554,2457.9276214688734,0.6381464544367029,4811.1564628872,-67.39832077792947,3,798
2022-07-19,1545.68401548802,185093931535.0372843615846854448395236264,0.915054017675,119748881.19458066295717332,1689.1724265801772,2447.221282586933,0.6316077857307996,4811.1564628872,-67.87292146054116,3,799
2022-07-20,1523.17327171245,182417245766.57110747725581419440304579815,0.901388336152,119761322.729544637012338787,1689.8080556653656,2436.0318507441507,0.6252682087252498,4811.1564628872,-68.34080779824845,3,800
2022-07-21,1578.50633021625,189065071843.0037740257651390332944409175,0.929859829539,119774668.130157262050775958,1697.5744946405866,2424.7625543458457,0.6509941880235365,4811.1564628872,-67.19070887856805,3,801
2022-07-22,1536.58702454705,184065340046.1846592756770841680010931752,0.906838339655,119788425.325563858986048144,1694.4442657019035,2413.618287721065,0.6366321602567461,4811.1564628872,-68.06200263075759,3,802
2022-07-23,1550.44882115722,185747592315.8922257910612726981103340903,0.914367862665,119802466.086726046194920615,1695.651044250735,2402.387329522935,0.6453783709661454,4811.1564628872,-67.77388486287583,3,803
2022-07-24,1603.32482787843,192105061194.78734037921458404209064707045,0.942697892264,119816682.093663339953805815,1700.783295513536,2392.6751623701,0.6700971586507516,4811.1564628872,-66.67485582216409,3,804
2022-07-25,1461.68290911748,175153444595.55107619621829654901427888796,0.868276420156,119829987.409036229810226727,1683.430385976467,2382.9173894025375,0.6134005801535419,4811.1564628872,-69.6188864279771,3,805
2022-07-26,1431.20655336061,171520131808.52103800616199590360162029545,0.85434962375,119843031.326104082252378845,1675.200074506511,2374.12278810885,0.6028359445134948,4811.1564628872,-70.25233819767035,3,806
2022-07-27,1632.34205330216,195646672740.56784362975431478819606448864,0.960876993337,119856418.784765589893033004,1698.8043887212343,2366.8200982920757,0.6896772823925555,4811.1564628872,-66.07173211069126,3,807
2022-07-28,1724.61137200468,206728334040.97652498237189774284245889012,1.007381153057,119869518.082022443974553609,1711.9750223350638,2359.668954373315,0.7308700522623545,4811.1564628872,-64.15391215587839,3,808
2022-07-29,1746.07636090006,209325264848.49824903477626192831943437662,1.014881722589,119883224.775230422192751277,1720.4727625262146,2353.000007298505,0.7420638994832567,4811.1564628872,-63.707761857899946,3,809
2022-07-30,1692.89731209819,202974325871.41379721342850237747263957399,0.985970949712,119897600.652366711186184821,1716.9849807366854,2345.2547225322865,0.7218394214639021,4811.1564628872,-64.81308963537067,3,810
2022-07-31,1682.69250409117,201774947426.47120623611023123219516526549,0.980898539395,119911954.760534687281516697,1715.4603014589288,2336.8039460024793,0.7200828751465077,4811.1564628872,-65.02519680930564,3,811
2022-08-01,1635.83942051432,196179491468.24493955152506646595943432464,0.957722630098,119925885.761185934733637802,1708.051338775331,2328.717785431176,0.702463574911648,4811.1564628872,-65.99903925110254,3,812
2022-08-02,1640.55228550555,196767524929.1699705722945633843820476863,0.960183285246,119939807.263463353141622466,1708.582424537039,2320.3769682263246,0.7070197247991017,4811.1564628872,-65.90108224164787,3,813
2022-08-03,1616.22450905903,193872172911.63892918302269360843053415585,0.946554741057,119953738.991689835814971695,1707.4812886724567,2311.7858571903807,0.6991237981805554,4811.1564628872,-66.40673564606699,3,814
2022-08-04,1606.95118293396,192782107419.84912337123805875490680494744,0.941898455995,119967619.095851392105623214,1706.0768840908797,2303.0389506065117,0.6977524989365746,4811.1564628872,-66.59948194722357,3,815
2022-08-05,1725.62800490941,207043670478.03630945065255450748333400357,1.001340898843,119981635.606861541297411977,1723.3172108552521,2295.6114890559566,0.7517073394762693,4811.1564628872,-64.13278141709297,3,816
2022-08-06,1695.53410169492,203457064442.0280835135893120519680313304,0.985118107007,119995855.13416964526374462,1721.1480426913643,2288.260175910136,0.7409708561748386,4811.1564628872,-64.75828390171661,3,817
2022-08-07,1697.48315371128,203715229635.36833365055416382774870950512,0.985892954795,120010162.804842579224540754,1721.7722729991954,2281.22049418892,0.7441118287492916,4811.1564628872,-64.71777280981189,3,818
2022-08-08,1776.06239567504,213169557187.7339243122909792164447803664,1.025855755,120023687.06574249301384041,1731.2983692088756,2275.0414279732568,0.7806725512059193,4811.1564628872,-63.084501421323225,3,819
2022-08-09,1703.99224897721,204542126071.34287137728128938101559083288,0.987980398618,120037004.977056391951175128,1724.7227286703023,2270.7361109758867,0.7504140356692046,4811.1564628872,-64.58248111193966,3,820
2022-08-10,1850.82996142607,222191305589.16588972838533924433451739366,1.061574439187,120049550.860937450316682938,1743.4763810284624,2267.9861170308254,0.8160675885658053,4811.1564628872,-61.53045581237703,3,821
2022-08-11,1878.11309555815,225490723876.63290419813797527857060660765,1.074249924201,120062377.718323766905344731,1748.3018180848776,2264.7092123245134,0.8292954721681207,4811.1564628872,-60.963375229100635,3,822
2022-08-12,1954.77856107539,234721455296.87536701680295505984768272441,1.111413297339,120075726.207958374482082819,1758.8223622621902,2262.2874899764715,0.8640716839643224,4811.1564628872,-59.36988172896965,3,823
2022-08-13,1981.2375414962,237926481879.2331355972314616369432875528,1.122696315815,120089831.176707226227220644,1764.713675093837,2259.901767683368,0.8766918853854311,4811.1564628872,-58.81993119992508,3,824
2022-08-14,1936.33989158387,232561677400.71896809417085848078876644239,1.099610125556,120103747.493674907224766197,1760.9331221870946,2257.247928280972,0.8578321713461523,4811.1564628872,-59.75312990711048,3,825
2022-08-15,1901.74608649912,228431918104.78310071956918869449822447416,1.081919272813,120116938.705154950045761393,1757.7522965780643,2254.693536361042,0.843461009591769,4811.1564628872,-60.472162957721146,3,826
2022-08-16,1876.61579427236,225439479445.8902009120227991672702778098,1.069247234838,120130865.430183712076046805,1755.0812694471763,2251.348865846723,0.8335517532359751,4811.1564628872,-60.99449667146777,3,827
2022-08-17,1833.20730216248,220249850127.20854106998561747678536818904,1.035847361608,120144541.136945272775296173,1769.7658652300822,2247.5489159183185,0.8156473432808272,4811.1564628872,-61.896743198778395,3,828
2022-08-18,1849.20067504383,222196921632.60595483824071414491847619417,1.04537017289,120158360.653496632479218599,1768.9434068427488,2243.7421427987974,0.8241591757674861,4811.1564628872,-61.564320568071594,3,829
2022-08-19,1615.85071274109,194179472810.34580961102526204196676637801,0.931561867136,120171666.404097725431216989,1734.5608163512234,2238.3900572158054,0.7218807586873159,4811.1564628872,-66.41450501130845,3,830
2022-08-20,1575.83517270602,189392798346.8258253183435842936029525445,0.911263321232,120185665.117247644496834725,1729.2862951792456,2232.291342315162,0.7059271981369977,4811.1564628872,-67.24622895011082,3,831
2022-08-21,1621.43778018703,194896881364.62031993242046175392184634937,0.935105544961,120200037.118994049213565879,1733.9623200017006,2226.9652893137013,0.7280929738634226,4811.1564628872,-66.2983776833149,3,832
2022-08-22,1607.93964377557,193296199404.77538319985772033737222157585,0.928384493756,120213591.444825972291171405,1731.9759804154723,2221.6517206360277,0.723758647154307,4811.1564628872,-66.5789367654313,3,833
2022-08-23,1663.88241525424,200044244003.22584755980291162663041201328,0.957036662408,120227392.374153575823804897,1738.5775076450525,2215.121471796168,0.7511472560035515,4811.1564628872,-65.41616494725811,3,834
2022-08-24,1658.74535037989,199449318439.71338602265952384750641465919,0.95562550873,120241071.599106520680148371,1735.7692267803911,2208.3271489659514,0.7511320735048685,4811.1564628872,-65.52293896123952,3,835
2022-08-25,1695.09793629456,203843028065.26250009035711984039521058512,0.973935807547,120254425.246282853470368477,1740.461664063787,2201.5557776918426,0.7699545718854038,4811.1564628872,-64.7673496098,3,836
2022-08-26,1508.81155990649,181461735526.59296613824096842556698226719,0.879331143963,120267991.277743939079193431,1715.862755760618,2193.3729671117726,0.6878955756864683,4811.1564628872,-68.63931631520784,3,837
2022-08-27,1492.86255990649,179564520630.93923060126096029592554625414,0.872788689996,120282017.550354268421330486,1710.4513120046638,2185.2041081526845,0.6831684758127778,4811.1564628872,-68.97081665453435,3,838
2022-08-28,1440.91843746347,173336690866.07442467471880591498522224203,0.845535955972,120295976.759939846842135649,1704.1480344937406,2176.2000805372545,0.6621259002562576,4811.1564628872,-70.05047645865238,3,839
2022-08-29,1550.2820458796,186513532979.2801714407692257173832808616,0.904775082885,120309419.485959412024874046,1713.4446728310777,2168.5486633572427,0.7148938237242636,4811.1564628872,-67.7773512909354,3,840
2022-08-30,1529.58784628872,184043556699.67158196326669335941881488248,0.895122326709,120322318.947696530034200959,1708.8031441606322,2161.57620024795,0.7076261508214533,4811.1564628872,-68.20748071512922,3,841
2022-08-31,1551.72922092344,186727617679.9765592114120345220104159368,0.906335382386,120335181.65550445654651847,1712.0916286401502,2154.780665475887,0.7201332580087625,4811.1564628872,-67.74727172368368,3,842
2022-09-01,1586.34916686148,190914035650.32588407570490272195976397988,0.924901842905,120348054.286207783254965081,1715.1540771926213,2148.308928681615,0.7384176203349855,4811.1564628872,-67.02769533482386,3,843
2022-09-02,1576.59604120397,189761729149.20083957529984585223339197925,0.920467728948,120361667.916081409321804025,1712.820549402484,2141.5104175857646,0.736207504879359,4811.1564628872,-67.23041428052319,3,844
2022-09-03,1555.05634833431,187190919958.48842944537049437770741123902,0.90925134337,120375650.798118632307625842,1710.2601603762644,2133.4094082520414,0.7289066703837257,4811.1564628872,-67.67811730236033,3,845
2022-09-04,1576.03008123904,189737797183.52690153554428975945850417152,0.920672720362,120389705.401028412449750988,1711.824458771147,2125.5869262648994,0.7414564239950677,4811.1564628872,-67.24217777167745,3,846
2022-09-05,1613.06100555231,194217865302.09523227651321412887700530585,0.940273132739,120403298.222186758916422535,1715.5238721471178,2119.2123148271435,0.7611606417471586,4811.1564628872,-66.47248914070228,3,847
2022-09-06,1565.69543600234,188535687884.32387798505355266077262271962,0.916451146021,120416578.824364729891570393,1708.433060289351,2113.1172005343324,0.7409411250859306,4811.1564628872,-67.45698361547863,3,848
2022-09-07,1633.8871465225,196768076174.15492804868352907277103876,0.954185129588,120429416.800877725841552656,1712.3376752140157,2107.498660039593,0.7752731603121421,4811.1564628872,-66.03961731184282,3,849
2022-09-08,1634.5638766803,196870497557.2403294768106121468294954812,0.953327001674,120442217.258020138135109204,1714.5888806360024,2102.4895347105453,0.7774420988522704,4811.1564628872,-66.02555145962995,3,850
2022-09-09,1717.52412244302,206883792767.05380753400991657266173524232,0.995486152707,120454664.981811522909002716,1725.311916969011,2098.1827944738416,0.8185769738302144,4811.1564628872,-64.30122080435677,3,851
2022-09-10,1779.75839479836,214404057985.833437536856046597924801459,1.027271117975,120468069.493289070323212525,1732.5108860323987,2093.9004402540872,0.8499727879050414,4811.1564628872,-63.00767999279911,3,852
2022-09-11,1758.45961922852,211861995969.49994685684542893448024116376,1.016305981967,120481581.523293140715074038,1730.2462549960846,2089.7337775948236,0.8414754252823615,4811.1564628872,-63.45037554290515,3,853
2022-09-12,1710.77241729982,206138661151.41727048409896614028775738352,0.991157147144,120494496.560082550433974536,1726.0354952081789,2085.317380867763,0.8203894682870367,4811.1564628872,-64.44155515422219,3,854
2022-09-13,1574.04311630625,189683892316.59411979701289477996908448125,0.922054273893,120507431.055458279477192413,1707.104625913713,2079.2446460504043,0.7570264130756322,4811.1564628872,-67.28347688443999,3,855
2022-09-14,1633.75933313852,196901330102.32985361377114138733005166344,0.954226890651,120520401.082621002940465822,1712.128791532928,2073.525021756132,0.7879139706521792,4811.1564628872,-66.04227391602865,3,856
2022-09-15,1472.5554792519,177478031051.312403691051303229127046806,0.870507398593,120523833.26261926875231674,1691.6059319334788,2067.815388556249,0.712131018756002,4811.1564628872,-69.3928998025516,3,857
2022-09-16,1430.06413968439,172357791977.32619201941941057569749145971,0.849853307904,120524518.582337807120449189,1682.7188014498274,2060.3933839302995,0.6940733506707705,4811.1564628872,-70.27608329274328,3,858
2022-09-17,1469.37018877849,177096645487.42634662886099830776764026257,0.871506900078,120525546.822648897843908793,1686.010964052013,2052.8925614726722,0.7157560100098059,4811.1564628872,-69.45910613980088,3,859
2022-09-18,1337.85839099942,161247314540.04193908007229534578427587908,0.80064223394,120526444.072743304577169174,1670.9815374287123,2044.8085691407025,0.6542707279252225,4811.1564628872,-72.19258194324938,3,860
2022-09-19,1379.44124693162,166260110891.84456612168777523183694422288,0.82558905646,120527141.885649452443717224,1670.8569913056426,2037.521005715805,0.677019399094247,4811.1564628872,-71.32828130673991,3,861
2022-09-20,1323.40883226184,159507376939.81209966863459981338733666632,0.797822264658,120527665.413262963441387873,1658.7765106168622,2031.0489373581195,0.6515888455072185,4811.1564628872,-72.49291636074426,3,862
2022-09-21,1249.1307238457,150555415228.4001230959511082190927772599,0.759384812828,120528149.980079760361316207,1644.9245530653336,2023.9801608107787,0.6171654979786538,4811.1564628872,-74.0367885874971,3,863
2022-09-22,1328.6692653419,160142960681.5516839708801572771646724574,0.805801357972,120528836.527533339730046746,1648.8794070610995,2017.8339863177919,0.6584631215209623,4811.1564628872,-72.38357813571172,3,864
2022-09-23,1330.95503302162,160419533319.2413731313680816813359639521,0.806623320837,120529641.752844644960046205,1650.0329195051568,2011.9837581266756,0.6615138057878012,4811.1564628872,-72.33606840084127,3,865
2022-09-24,1317.0079465225,158739975305.534413540853797444376600355,0.79942106223,120530765.000074713921517038,1647.452148494414,2005.6799735430989,0.6566391268273786,4811.1564628872,-72.62595892106664,3,866
2022-09-25,1294.54904383402,156034243695.67407878238402533884530765878,0.787373186636,120531736.081278923208686639,1644.1365616790881,1998.5178623814977,0.6477545526120012,4811.1564628872,-73.09276774056201,3,867
2022-09-26,1334.38671420222,160836639504.15051876876192070546765013766,0.81033730123,120532254.849606128642161053,1646.7052820804033,1992.1327389142273,0.6698282138214852,4811.1564628872,-72.26474082696018,3,868
2022-09-27,1330.5247402104,160370957246.7039845013769766221373712336,0.810737445956,120532112.181051235543717734,1641.1290077288595,1985.9723277409366,0.669961369363029,4811.1564628872,-72.34501204702154,3,869
2022-09-28,1339.13675394506,161409226528.00846956357505552643436557492,0.81632494251,120532295.191287471646368082,1640.445714947214,1979.7771008473073,0.6764078407472915,4811.1564628872,-72.16601113942079,3,870
2022-09-29,1333.64239392168,160747318026.76724653647272819229066346776,0.811486905771,120532549.624549019715001207,1643.455223291097,1973.8628530565416,0.6756509915856234,4811.1564628872,-72.28021154146057,3,871
2022-09-30,1327.0759956166,159956012382.007276108883367814695006695,0.810087612702,120532669.500729558516905825,1638.1882339741194,1967.5513449501711,0.6744809984362612,4811.1564628872,-72.41669428434645,3,872
2022-10-01,1311.22253331385,158046210965.68836232417697381423634999545,0.801123209031,120533476.927260012691191617,1636.7301789943665,1961.0012725217666,0.6686495066001013,4811.1564628872,-72.74620887039333,3,873
2022-10-02,1276.55304675628,153868849720.17061438819102196813737973368,0.782152613854,120534630.434004451142535706,1632.1022574688561,1953.5394601196626,0.6534564941309584,4811.1564628872,-73.4668149621928,3,874
2022-10-03,1324.40998334307,159637497866.25577054852609911220142490858,0.809274140904,120534804.081814215162238094,1636.5405940978633,1946.0811544168575,0.6805522885503349,4811.1564628872,-72.47210741202366,3,875
2022-10-04,1362.84395236704,164270420163.7060699260222662995009392672,0.830316108371,120535017.87816195772648643,1641.3555495638982,1938.165841728371,0.7031616815368676,4811.1564628872,-71.67325646380684,3,876
2022-10-05,1352.55720689655,163030726093.8574788979979718233264035767,0.824426504286,120535179.778408325205925514,1640.6037407396811,1930.1844863642566,0.7007398600764119,4811.1564628872,-71.88706670984311,3,877
2022-10-06,1351.3537402104,162886285103.133031869503634081121276116,0.824919713819,120535637.898757977060547415,1638.1639541068207,1922.6321786950573,0.7028664947902831,4811.1564628872,-71.91208079316037,3,878
2022-10-07,1332.54090561075,160619639646.92762153702168672396116563675,0.815218149681,120536367.004290975509791929,1634.5819902711705,1914.8033203461384,0.6959152887670297,4811.1564628872,-72.30310600185543,3,879
2022-10-08,1315.45911864407,158560294754.82012431440116060768679004065,0.8062057934,120536086.988593473543172295,1631.6666655251925,1906.497441813117,0.6899873505169996,4811.1564628872,-72.65815134487111,3,880
2022-10-09,1320.93465400351,159218549540.04051224950485966316572198048,0.809623349785,120534766.089661112956561248,1631.5421910130085,1897.996479247366,0.695962647163242,4811.1564628872,-72.54434221391315,3,881
2022-10-10,1292.04924693162,155734374063.36224817369202329654556945572,0.794279359841,120532846.896666535686999306,1626.6937204439812,1888.9063575743678,0.6840197460030789,4811.1564628872,-73.14472607784917,3,882
2022-10-11,1278.54329719462,154105075988.12043632581486647253023677484,0.787144303816,120531761.674600953986076882,1624.2806954155226,1879.776796344093,0.6801569737860423,4811.1564628872,-73.4254475601203,3,883
2022-10-12,1294.63398918761,156044142691.16357035607659808031242687741,0.796748559177,120531473.755823554671672181,1624.896555225528,1870.5217625816733,0.6921245264747792,4811.1564628872,-73.09100214939397,3,884
2022-10-13,1288.20101256575,155267995652.2940872423398733591274270515,0.79370995235,120530875.335241348592751362,1623.0122965595572,1860.519070087518,0.6923879648839899,4811.1564628872,-73.22471171946269,3,885
2022-10-14,1297.32227849211,156367235446.19817670977775800850088286024,0.802168543634,120530756.342167575269399384,1617.2689502569553,1850.273279619955,0.701151712442488,4811.1564628872,-73.0351259931052,3,886
2022-10-15,1274.99698947984,153676326468.0705046996968967186085258856,0.789692330409,120530736.728065352308139465,1614.5490343302301,1839.6549040647242,0.6930631319291078,4811.1564628872,-73.49915764920463,3,887
2022-10-16,1305.60972296902,157366417408.8644726780186365340651988128,0.807203777799,120530978.46958858959953264,1617.4474883269525,1829.2377056865826,0.7137452496798249,4811.1564628872,-72.8628712651445,3,888
2022-10-17,1332.3694792519,160591134989.6419533205274362563221971688,0.822139769098,120530481.589694479190395352,1620.611882957191,1819.49061552878,0.7322760930342512,4811.1564628872,-72.30666910274753,3,889
2022-10-18,1311.29945967271,158050545482.5252344595337060251708183478,0.810599047407,120529711.43751817278710618,1617.6918340422246,1808.8145136430408,0.7249496561323411,4811.1564628872,-72.74460995421893,3,890
2022-10-19,1284.66447399182,154838957780.5930151232345216737054651457,0.796553883741,120528714.629637170155687635,1612.7778675290842,1797.9780082242798,0.7145051096929607,4811.1564628872,-73.29821875672515,3,891
2022-10-20,1281.90813793103,154504742482.41707383926674111189215405689,0.795827875998,120527156.284212489965633463,1610.785669355281,1786.7798861582369,0.7174404345278736,4811.1564628872,-73.35550926644048,3,892
2022-10-21,1299.87529164231,156668406866.37733524990476205819118128441,0.806113832773,120525721.100857866317894911,1612.5207617028354,1775.6522331307674,0.7320551104482975,4811.1564628872,-72.98206155485852,3,893
2022-10-22,1314.30632261835,158407486649.74410642266440607085409523265,0.81375791887,120525545.623311043684145059,1615.1072599618092,1765.096990380329,0.7446085567995635,4811.1564628872,-72.68211223732209,3,894
2022-10-23,1363.86034102864,164380433878.02490259226269439246079121152,0.841773515527,120525855.128280353817685168,1620.2224421075814,1755.9977752400603,0.776686827431879,4811.1564628872,-71.6521308016206,3,895
2022-10-24,1344.55304383402,162053015544.212367246540543550196287493,0.830995411485,120525565.19608548858246965,1618.0029699938843,1746.5295962248645,0.7698426907510073,4811.1564628872,-72.05343342695724,3,896
2022-10-25,1461.29032407949,176122197681.00944113344651780253304779317,0.895116024292,120525124.117244821377033033,1632.5149862391422,1737.9072180132923,0.8408333361719851,4811.1564628872,-69.62704631720578,3,897
2022-10-26,1571.25949210988,189375934908.91039851096333106317378838084,0.947871296326,120524926.569969207593786243,1657.6717727397868,1729.473700050113,0.9085188702576694,4811.1564628872,-67.34133457869382,3,898
2022-10-27,1514.78292051432,182569258990.95450056303385671845629574968,0.916621542818,120525031.354965414078307699,1652.5718082703713,1720.956955771913,0.880198029029078,4811.1564628872,-68.51520144482495,3,899
2022-10-28,1555.96761455289,187533084412.49283103991384866040933315307,0.937944344099,120525056.343400044982048963,1658.9125190019354,1713.8103004548468,0.9078995581599286,4811.1564628872,-67.65917661261955,3,900
2022-10-29,1618.89496873174,195118077874.30877449492472888479143921558,0.971649701076,120525470.548077870531792417,1666.1302596388225,1706.7650002415214,0.9485166197470963,4811.1564628872,-66.35123007909345,3,901
2022-10-30,1589.51054997078,191577832787.47376627923427911414973163798,0.954830359047,120526304.648305445283806241,1664.704661838825,1699.1198566953494,0.9354905386499628,4811.1564628872,-66.96198591269871,3,902
2022-10-31,1571.20387054354,189370916640.20217948500504383645092512376,0.945059420376,120525999.324767114920625244,1662.5450597788054,1691.8769408931869,0.928675031006723,4811.1564628872,-67.34249067425564,3,903
2022-11-01,1580.25594681473,190462397276.42696241350737981715280987597,0.949662307244,120526296.806751944103200589,1664.0188146466148,1684.5815842976288,0.9380702968289918,4811.1564628872,-67.15434305650476,3,904
2022-11-02,1519.57743717124,183149199322.63938683887164713478284072556,0.917315409677,120526400.854950602926377819,1656.5484686519167,1676.851194366302,0.9062088766591497,4811.1564628872,-68.41554730358253,3,905
2022-11-03,1529.79641525424,184380445920.03819335383705466375758277184,0.922939299872,120526132.811858909571147116,1657.5265734879895,1669.517542019721,0.9163104769798036,4811.1564628872,-68.20314560428574,3,906
2022-11-04,1644.7656364699,198237008690.3109589328761153572071095673,0.983429253373,120525991.238350383221391227,1672.479876746218,1662.4501246336895,0.9893623947559412,4811.1564628872,-65.81350764296559,3,907
2022-11-05,1627.35012068965,196138698918.0601079690158606970081110434,0.974110789543,120526429.085179934205198276,1670.6006525737328,1655.064971636904,0.9832545238874562,4811.1564628872,-66.17548954720402,3,908
2022-11-06,1574.97463471654,189826866254.1601380373195657667018509217,0.945868392268,120526935.526377352217882855,1665.1096998178268,1647.547160131936,0.9559511696104747,4811.1564628872,-67.26411525241917,3,909
2022-11-07,1567.4638132671,188921442897.9903846358525184843593376268,0.942143438964,120526828.944278580691441908,1663.7209881657882,1640.462974998973,0.9555008782006075,4811.1564628872,-67.42022785252641,3,910
2022-11-08,1331.86717884278,160521827828.10618475899929827397911345258,0.817265124329,120523900.864933734096456911,1629.6635439280296,1632.3026264674127,0.8159437822661431,4811.1564628872,-72.31710942854019,3,911
2022-11-09,1092.99871040327,131728579554.48239101903836057822202278596,0.714886218033,120520343.071475493569982748,1528.9128295278115,1623.0605480410536,0.6734183217763875,4811.1564628872,-77.28199615135037,3,912
2022-11-10,1297.56088690824,156379964505.91692521010823772585762026224,0.835054741289,120518401.936830031600537726,1553.8632651858372,1614.9274912891542,0.8034793474674403,4811.1564628872,-73.03016651157574,3,913
2022-11-11,1280.90110344828,154371389527.91320256097732524118940324032,0.824395152713,120517805.092316702372449744,1553.7465246283482,1606.2709204197797,0.7974377716515791,4811.1564628872,-73.37644050179975,3,914
2022-11-12,1252.00409994156,150889054645.835227088065500362283475977,0.808432866897,120518019.591851416583231075,1548.680355793939,1598.5240285466061,0.7832250736198784,4811.1564628872,-73.97706539790589,3,915
2022-11-13,1220.14754500292,147050025301.25133778448826444763083687252,0.787975823257,120518232.326484273298353381,1548.4580985741313,1590.1905383873425,0.7672964437584356,4811.1564628872,-74.6392046399858,3,916
2022-11-14,1240.72447603741,149529703828.95661612064480098387206680219,0.80174366079,120518057.567881844209729559,1547.5326300863535,1581.723662813117,0.784412919403864,4811.1564628872,-74.21151264548888,3,917
2022-11-15,1249.54837960257,150592840389.78840242979799655380042119699,0.809989809595,120517814.954620482663674707,1542.6717284595866,1573.8932684194872,0.7939219289357364,4811.1564628872,-74.0281076027881,3,918
2022-11-16,1214.79349853887,146404244321.79035227196067142982917381181,0.790435652792,120517803.641427560080424963,1536.8657704747259,1566.3185736401183,0.7755724275909559,4811.1564628872,-74.75048862140173,3,919
2022-11-17,1199.72255055523,144588044483.70237355510512422402439456789,0.782651508159,120517901.757191459777479143,1532.894957779216,1558.1717295708606,0.7699552801446656,4811.1564628872,-75.06373862896011,3,920
2022-11-18,1209.4787565751,145764195685.7786151264185233737021397318,0.789572893501,120518194.216607308175363818,1531.8139294425619,1549.9114843063953,0.7803534387748323,4811.1564628872,-74.86095565785683,3,921
2022-11-19,1218.60619929866,146864792964.89893963231491542935875981994,0.795249533561,120518665.545459641126040209,1532.3570123228321,1542.0998969525085,0.7902251998763923,4811.1564628872,-74.67124154662457,3,922
2022-11-20,1139.64296113384,137348810056.5136195980956354376958550852,0.747962605363,120519157.964933313439794905,1523.66301866221,1533.114285025273,0.7433516028552648,4811.1564628872,-76.31249430516475,3,923
2022-11-21,1107.64197720631,133492534855.26810789310559020433631703489,0.728694828315,120519570.043708911726616519,1520.0354581458605,1524.9193185056938,0.7263610367869926,4811.1564628872,-76.97763550716851,3,924
2022-11-22,1134.7735163647,136762648084.0072005271432090770081128447,0.749178470875,120519774.308914730467398401,1514.6905049731952,1517.1057789469562,0.7479857582194182,4811.1564628872,-76.41370582897824,3,925
2022-11-23,1183.16671361777,142595414821.499547541794801052096603002,0.782660127084,120520137.3401432248518426,1511.7247866273187,1509.838958084887,0.7836376901537397,4811.1564628872,-75.40785208827431,3,926
2022-11-24,1202.6865,144948545776.628800901047052633196,0.795488498993,120520639.232774959144421304,1511.8842089137272,1503.2542066708018,0.8000553031303619,4811.1564628872,-75.00213287018603,3,927
2022-11-25,1199.06187580362,144512436238.4548512854212019334661119243,0.793500582717,120521250.116138972617313515,1511.1039637777587,1497.9597631404104,0.800463340410317,4811.1564628872,-75.07747076917852,3,928
2022-11-26,1204.81936440678,145207140248.84037644401938665212274795808,0.797158802359,120521917.673805308106476336,1511.391909418056,1492.2692229817312,0.8073739951557856,4811.1564628872,-74.9578012334323,3,929
2022-11-27,1196.86665049679,144249485277.48774244886314139546246728455,0.792360222507,120522603.932203573423475145,1510.5082467541665,1487.912180129598,0.804393341542874,4811.1564628872,-75.12309857870338,3,930
2022-11-28,1168.91699678551,140881278838.8176008220953414661664149421,0.776093556617,120522910.71670383106057371,1506.1547500546603,1483.9644978210065,0.7876987613260967,4811.1564628872,-75.7040327870768,3,931
2022-11-29,1217.08083810637,146686803345.39726169991383526600475505394,0.80552140879,120523467.918223177561400762,1510.923018091582,1479.9696430913164,0.8223687855949315,4811.1564628872,-74.70294621480689,3,932
2022-11-30,1298.03941963764,156444791465.81738008311710870762957287908,0.852677461533,120523914.065329715166762797,1522.3099919915073,1476.1943817213573,0.8793146998188851,4811.1564628872,-73.0202201975639,3,933
2022-12-01,1275.71093571011,153754220436.76710643980439994139739777087,0.8392191371,120524341.473314694379560917,1520.1165932874796,1471.8781163429237,0.8667232167835901,4811.1564628872,-73.48431826005199,3,934
2022-12-02,1292.87129018118,155823065222.87087334846258431659104376038,0.849436271739,120524808.932089588334927441,1522.034475328399,1468.2293754706268,0.8805649251955353,4811.1564628872,-73.12763988961353,3,935
2022-12-03,1240.93125043834,149563656576.97745600203947785985706737908,0.818085411382,120525336.535884949295055362,1516.8724844292508,1463.969627995466,0.8476482207745523,4811.1564628872,-74.20721483471252,3,936
2022-12-04,1280.03346960842,154277160079.77960095353676346682515811796,0.841748850499,120525879.785764605795851938,1520.6833592342882,1460.7647557058692,0.8762762550290882,4811.1564628872,-73.3944742915248,3,937
2022-12-05,1258.52961747516,151685785494.0320786305286622781278595416,0.829123423519,120526194.52718278940510026,1517.9038268315428,1456.9755424855302,0.8637959806299623,4811.1564628872,-73.8414323628147,3,938
2022-12-06,1270.18564289889,153090877542.49272434918251965600598782204,0.834852187791,120526380.059768276436915836,1521.44973861753,1453.5163170515737,0.8738709211572072,4811.1564628872,-73.59916160081302,3,939
2022-12-07,1232.55245441262,148555152907.6788497498923362779855591946,0.810150335327,120526434.69723458297955683,1521.3873285815853,1449.8102068683477,0.8501474528000366,4811.1564628872,-74.38136830675927,3,940
2022-12-08,1281.63305201636,154470856902.57566675422469302665576186312,0.840044072494,120526586.498023501190976642,1525.6735854481183,1445.9955493835434,0.8863326395179746,4811.1564628872,-73.36122693363322,3,941
2022-12-09,1263.20861864407,152248268252.30498753446746467551869460721,0.829916795629,120525039.178190934057552503,1522.0906786043233,1442.4584901009603,0.8757330816193232,4811.1564628872,-73.74417921370173,3,942
2022-12-10,1266.7714421391,152677859894.7250770467603040581353861857,0.83270760616,120525183.009264605832637327,1521.2680090443382,1438.9033250828422,0.8803728645676511,4811.1564628872,-73.67012584373728,3,943
2022-12-11,1263.06966656926,152231868108.20074835111175796655974844036,0.830551080132,120525313.953340170018803486,1520.7609703770652,1435.4970316024212,0.8798831615550724,4811.1564628872,-73.7470673358379,3,944
2022-12-12,1274.78023495032,153643299851.46864440170691574502621934592,0.836943534479,120525323.219697034649475456,1523.1376818555325,1432.8325247651915,0.8896924189791318,4811.1564628872,-73.50366289718797,3,945
2022-12-13,1320.40190677966,159141672924.37170288595886878491863108986,0.865837129863,120525176.544544493971094971,1525.00032770434,1430.8281435845956,0.9228235499140455,4811.1564628872,-72.55541537746457,3,946
2022-12-14,1308.14814056107,157664918842.08383600298581519479591932091,0.858163679211,120525278.409569666968856113,1524.3573833884325,1428.400593504233,0.9158132155012951,4811.1564628872,-72.81011019591652,3,947
2022-12-15,1264.12830508475,152359311421.025156595679755035972240977,0.831946780758,120525195.748077681288870572,1519.4821764115518,1425.6659472374301,0.8866932029444219,4811.1564628872,-73.72506350944695,3,948
2022-12-16,1164.54822443016,140357231411.20787767719956877337450840008,0.773711748906,120525048.655574457986136313,1505.1448114582574,1421.5061918619188,0.8192354216233206,4811.1564628872,-75.79483782301878,3,949
2022-12-17,1187.08355902981,143073670397.44869894598554476351594955775,0.788530923041,120525357.553078399628756275,1505.4369135604427,1417.7050244758873,0.8373276094360066,4811.1564628872,-75.32644036445585,3,950
2022-12-18,1187.40088690824,143112266650.28839166361936577728728752536,0.788911395205,120525652.480288087855547139,1505.1131142549814,1414.5038433698087,0.8394469145304437,4811.1564628872,-75.31984469705493,3,951
2022-12-19,1167.13473611923,140669961099.47218933314192479186478101368,0.777389651984,120525897.093257180396962216,1501.3510060759745,1411.1625721760624,0.8270731942099818,4811.1564628872,-75.74107711685546,3,952
2022-12-20,1217.78852659264,146775184341.36543568423090928936477396352,0.808551206596,120526003.601003631816228918,1506.1365522160668,1408.384842278342,0.8646702875775242,4811.1564628872,-74.68823689301016,3,953
2022-12-21,1212.37697340736,146123164773.72745242195508085019083273344,0.8057080071,120526179.545501733908550154,1504.734919752245,1405.4514856022752,0.862624562873348,4811.1564628872,-74.80071615297652,3,954
2022-12-22,1216.84605055523,146662095033.10407326605492784847695270295,0.808533062292,120526417.426579303534983165,1505.0046897349619,1402.5072705826958,0.8676219197421132,4811.1564628872,-74.70782627956784,3,955
2022-12-23,1219.86765049679,147026684681.7293341683661594009390391196,0.811961600651,120526751.09619707473289124,1502.3711090755357,1399.321334517529,0.8717566297360765,4811.1564628872,-74.64502225386491,3,956
2022-12-24,1220.58067533606,147113300786.8692501043440274586715742017,0.812103234474,120527306.190854482917194695,1502.9870877520038,1396.3614510181135,0.8741151329020946,4811.1564628872,-74.63020201584582,3,957
2022-12-25,1217.7824880187,146776808441.9767828681087665369272708147,0.810416390467,120527934.903037389124799081,1502.6627081381664,1393.4778555739288,0.8739159242090249,4811.1564628872,-74.68836240491122,3,958
2022-12-26,1224.37791788428,147572403933.08979363353446885297241805192,0.814582873304,120528475.544621304435807414,1503.0734846144323,1390.6638336905273,0.8804269502249441,4811.1564628872,-74.55127624035897,3,959
2022-12-27,1211.57558153127,146029584309.57288830906359575654786104574,0.806833491648,120528662.458689505235774162,1501.6426487905985,1388.4091961101649,0.8726358086115242,4811.1564628872,-74.8173731019299,3,960
2022-12-28,1188.10792518995,143201142187.14626920745606213208345810565,0.792903590025,120528732.408086442556588487,1498.4267193852525,1386.702231209522,0.8567866254557387,4811.1564628872,-75.30514888977524,3,961
2022-12-29,1200.92096843951,144745504353.90908927450769348159570113868,0.801456527302,120528750.981834383235185268,1498.4230928684997,1385.4599555981833,0.8668030884523132,4811.1564628872,-75.03882948510821,3,962
2022-12-30,1198.58331034483,144463686134.88349477628033363412581969993,0.800593267926,120528698.245699403039589971,1497.118897152176,1385.492052854174,0.8650957671505195,4811.1564628872,-75.08741776347149,3,963
2022-12-31,1195.33087931034,144071759610.44981378651228947647488831448,0.801256024125,120528769.150156720387420572,1491.8213945607256,1385.4409843269968,0.8627800771254025,4811.1564628872,-75.15501961885863,3,964
2023-01-01,1200.00591934541,144635534176.36087648894321173585332052972,0.804276161795,120529017.269563108408187292,1492.032185396633,1385.2983928644019,0.8662436378520154,4811.1564628872,-75.0578488020055,3,965
2023-01-02,1214.8377685564,146423295549.030340124783921020225470358,0.813642536858,120529093.957151282974456345,1493.0853704474132,1386.0623001174702,0.8764669296996545,4811.1564628872,-74.74956846804834,3,966
2023-01-03,1214.22573816482,146349341009.24181142537509399460576018498,0.813232066457,120528939.890892208671463889,1493.0863996236956,1386.6983663682006,0.8756235441056365,4811.1564628872,-74.76228953410181,3,967
2023-01-04,1255.92211689071,151374560808.80117740889130528844345197482,0.838466602499,120528620.981338885360151542,1497.8797165534186,1388.0140264660968,0.90483387987678,4811.1564628872,-73.89562932366111,3,968
2023-01-05,1250.14810315605,150678079502.5646934622993468782896739489,0.835082207446,120528183.118601485000726818,1497.0359708410983,1388.6429225385689,0.900266067586808,4811.1564628872,-74.01564233465338,3,969
2023-01-06,1269.2522521917,152980209341.5333187187910751722530913953,0.845719030776,120527821.855247837109325109,1500.796607387541,1389.377263009054,0.9135403939480107,4811.1564628872,-73.61856214856886,3,970
2023-01-07,1263.50416335476,152287577991.34701480423750826808534187736,0.841983275157,120527958.995405792003731886,1500.628576166387,1390.0707811081188,0.908949515755979,4811.1564628872,-73.73803630995354,3,971
2023-01-08,1284.640028346,154834843478.672358233973341159068532598,0.854887323291,120527805.503636180897295863,1502.700991518521,1391.2315539865524,0.9233833323179624,4811.1564628872,-73.29872686004727,3,972
2023-01-09,1320.62153097604,159170800152.48889428403427328484007568132,0.876079984169,120527188.463184859068916833,1507.4211885216246,1392.1109196855587,0.9486467725390257,4811.1564628872,-72.55085048338819,3,973
2023-01-10,1335.65639655172,160982298017.4821674952950683039659211296,0.885226984761,120526730.10296067190239368,1508.8292828221117,1392.6195995277562,0.9590963655865875,4811.1564628872,-72.23835044952611,3,974
2023-01-11,1380.51409789597,166388176463.87162502098559906428503369003,0.912329613617,120526242.156789600559773799,1513.1747093277143,1393.3098525289251,0.9908162892771266,4811.1564628872,-71.30598207426586,3,975
2023-01-12,1417.14464611338,170802435108.30177547240887719257898050188,0.933327786276,120525759.721662572498733326,1518.3782878337104,1394.374472528925,1.016330027573696,4811.1564628872,-70.54461526984005,3,976
2023-01-13,1449.88405055523,174747167488.54326555145401264214276079745,0.951605377873,120524925.715007493907330315,1523.6190171560058,1395.649383934536,1.0388598076601436,4811.1564628872,-69.86412598011526,3,977
2023-01-14,1551.58092372881,187003107980.06765423410371975227604007529,1.011178324706,120524237.647015968495883609,1534.4285827921915,1397.6932809187558,1.1101011537444738,4811.1564628872,-67.75035408435464,3,978
2023-01-15,1552.31962039743,187091767585.56709227071282396463826163385,1.010706549237,120523998.490508829328994695,1535.8756916825196,1399.975754260369,1.1088189318089632,4811.1564628872,-67.73500025675999,3,979
2023-01-16,1577.95188194039,190180220044.84910399473439135874946714399,1.023472567487,120523459.695733299570409241,1541.7627517021192,1402.6578184114505,1.1249727918156582,4811.1564628872,-67.20223309899481,3,980
2023-01-17,1570.19011279953,189243812500.60270336965498616715905394745,1.017808781308,120522865.962514134305442665,1542.7162170694355,1405.178254161012,1.1174312640762016,4811.1564628872,-67.36356165275801,3,981
2023-01-18,1519.97825832846,183190700145.29652600421843309168231241502,0.987585722367,120521921.377187156915679737,1539.0848853965265,1407.4455576399716,1.0799552778987664,4811.1564628872,-68.40721622642234,3,982
2023-01-19,1550.32473816482,186847518595.57728343103324995389426699838,1.004798791336,120521535.905281364273195759,1542.9205842330662,1409.8286699368741,1.0996547106920707,4811.1564628872,-67.77646393078513,3,983
2023-01-20,1658.07273027469,199832810113.94968156834167718465264707963,1.06577495116,120521136.657765145525202727,1555.7437604158615,1412.3682220379844,1.1739663243641696,4811.1564628872,-65.53691938591264,3,984
2023-01-21,1628.12569403857,196223567559.47620484475726933063607805009,1.047323247192,120521141.750882351966263937,1554.558918083573,1414.8360654190483,1.150752185240874,4811.1564628872,-66.15936923694385,3,985
2023-01-22,1628.26689450614,196240874022.45433213617105417408104837164,1.046949461025,120521319.130531724531545826,1555.248801515223,1417.0273006718242,1.1490723528997397,4811.1564628872,-66.1564343819114,3,986
2023-01-23,1627.93555610754,196200710929.03731399256418167616042300412,1.046550321063,120521177.999306789826340478,1555.5253515703064,1418.9747529628821,1.1472618189353534,4811.1564628872,-66.16332125830289,3,987
2023-01-24,1553.74205523086,187257990737.72495077308288741317877302366,1.002639933816,120520642.475563007948043481,1549.6510789445533,1420.5870972293926,1.0937323436635198,4811.1564628872,-67.70543491536229,3,988
2023-01-25,1607.73188661601,193764339634.66672853843041142404855020453,1.033054736032,120520306.431507208766995653,1556.2891592669769,1422.5416320628237,1.1301826606541154,4811.1564628872,-66.58325500286885,3,989
2023-01-26,1601.93506399766,193065121886.63696373027202717208148860832,1.029680747209,120519942.553001624287965552,1555.758975138443,1424.7162964316137,1.1243888120111447,4811.1564628872,-66.70374209704394,3,990
2023-01-27,1598.01924400935,192592581216.95369446755029480810983449765,1.027282334434,120519563.164801810454267219,1555.5794064051613,1427.223701587955,1.1196697772264885,4811.1564628872,-66.78513250740613,3,991
2023-01-28,1570.18742606663,189238580818.83747081079202576348956958875,1.011052641492,120519740.304433720840602125,1553.0224259634201,1429.8730930359386,1.0981306199229002,4811.1564628872,-67.36361749656439,3,992
2023-01-29,1646.29684132087,198410913779.3424373175052967075533081351,1.050660991346,120519525.27598352917097073,1566.915356029162,1432.5549902466341,1.1492032435260564,4811.1564628872,-65.78168151420046,3,993
2023-01-30,1565.98836440678,188731993435.50787726426000017497622102018,1.004587534856,120519409.802257631427009531,1558.8371446707752,1434.431046292806,1.091713936653822,4811.1564628872,-67.45089509171726,3,994
2023-01-31,1584.82108328463,191000455950.13431452336804687156467902609,1.014968784965,120518623.814793798163374943,1561.4481024057116,1436.1779196592584,1.1034991288966747,4811.1564628872,-67.05945658783314,3,995
2023-02-01,1641.90211075395,197878282904.4833618801019339333501416652,1.046974172249,120517710.287624293392708776,1568.235544174875,1437.6245080154827,1.1420938510713448,4811.1564628872,-65.87302609217917,3,996
2023-02-02,1646.33768264173,198411029308.84254186009825648539261210914,1.04863315802,120516605.676224460310624618,1569.9843840054602,1439.1297028693693,1.143981448898751,4811.1564628872,-65.78083262638785,3,997
2023-02-03,1665.60525014611,200731055289.71536875455089463826836833646,1.058472560857,120515383.385172967056956186,1573.5932245589252,1439.615140135588,1.156979531341437,4811.1564628872,-65.38035578359529,3,998
2023-02-04,1671.04695207481,201385893390.00644385625084692901698177173,1.061263587673,120514802.495502072213206333,1574.5823860204825,1440.241954818522,1.1602543214937595,4811.1564628872,-65.26724988128933,3,999
2023-02-05,1631.12114172998,196573733122.00422345838599294968830086282,1.037379845004,120514490.366740366944010359,1572.3470526108888,1440.7816941686096,1.1321084577432836,4811.1564628872,-66.09710878637408,3,1000
2023-02-06,1614.27482232613,194542326912.55455664754735609950757621828,1.028827578105,120513759.009276924980653556,1569.0431095358726,1440.9605366291592,1.1202769134138852,4811.1564628872,-66.44725993056989,3,1001
2023-02-07,1672.72231092928,201583543708.04700182988549821292761415872,1.061084571383,120512258.604392841603215849,1576.4269465807815,1441.6412130610704,1.16029029676361,4811.1564628872,-65.23242750817813,3,1002
2023-02-08,1650.23299795441,198870465994.68152346056656903020766306472,1.047727336256,120510537.749031000091869992,1575.059598856543,1442.1401339450563,1.1442944822845362,4811.1564628872,-65.69986840618988,3,1003
2023-02-09,1545.6244585038,186261072070.6518429322236327746743283838,0.988964496252,120508620.995139299015202601,1562.8715331656924,1441.851632098183,1.0719719172870836,4811.1564628872,-67.874159353856,3,1004
2023-02-10,1514.2499868498,182478878134.8979375422010738849467585486,0.965671773336,120507762.733762006962997007,1568.0793709219515,1442.1144674868444,1.050020661320086,4811.1564628872,-68.52627848355007,3,1005
2023-02-11,1540.18145032145,185603684832.60591557198213586346622621585,0.981026059154,120507674.465153910024795073,1569.969967617012,1442.6593419716487,1.0675988471516222,4811.1564628872,-67.98729240667474,3,1006
2023-02-12,1513.77351841029,182421319275.83232966439207104757377994635,0.965871970915,120507669.778372512017364815,1567.2610490769766,1442.0664992971892,1.0497251819857463,4811.1564628872,-68.5361818912481,3,1007
2023-02-13,1506.22274605494,181510258162.88252651036241045921548908944,0.962126546613,120506916.150542501857193176,1565.514174156546,1440.9745561674406,1.0452805981953213,4811.1564628872,-68.69312487187233,3,1008
2023-02-14,1557.42669579194,187674794282.76429439074155262884927726672,0.991449034797,120503131.729954740661820488,1570.8590569265364,1440.0313078419,1.0815228025326578,4811.1564628872,-67.62884957482093,3,1009
2023-02-15,1672.84323933372,201579180130.95255678078846354185059675068,1.055848690206,120500938.397096862474696769,1584.3588715418514,1439.9310374780775,1.1617523310446654,4811.1564628872,-65.22991400845363,3,1010
2023-02-16,1643.89578404442,198087170822.25899769792791459168896802148,1.038929310162,120498618.431219511581406394,1582.2980138928679,1439.7370538778437,1.1418027893473237,4811.1564628872,-65.83158754604482,3,1011
2023-02-17,1696.04581063705,204367936526.31569820106454701819997506075,1.067263324075,120496707.839249501445996115,1589.154028231053,1440.0380858284575,1.177778440256537,4811.1564628872,-64.74764801934452,3,1012
2023-02-18,1690.93641057861,203750564961.84804730829122503488917275057,1.064316147695,120495699.121014273292442237,1588.7538812980408,1440.2900064538228,1.1740249553920814,4811.1564628872,-64.85384701947793,3,1013
2023-02-19,1683.20734979544,202817955576.06287231858943296022629604936,1.059821200692,120494932.249856986223129419,1588.199357303294,1440.6249206575046,1.16838694490112,4811.1564628872,-65.01449572925885,3,1014
2023-02-20,1700.88487288136,204945561619.0208884483732676675819707248,1.069569114477,120493494.23152653119280318,1590.252420212285,1441.0945891072417,1.180272888218294,4811.1564628872,-64.64706799702269,3,1015
2023-02-21,1655.09468264173,199425540811.74325083399726263111076928091,1.043540090693,120491922.850864413074654567,1586.0384257423264,1440.7419224959033,1.1487794287088473,4811.1564628872,-65.59881817585914,3,1016
2023-02-22,1641.94119491525,197837484557.214024284712351075651634978,1.035299294168,120489993.898609475638145192,1585.9579970396553,1440.473957962005,1.1398617696902225,4811.1564628872,-65.87221372696924,3,1017
2023-02-23,1649.39288398597,198731777045.419934084258761813273930345,1.039405810967,120487834.6298906297476885,1586.8613265221936,1440.233506613378,1.1452260181506384,4811.1564628872,-65.71733019474156,3,1018
2023-02-24,1608.29904324956,193778190103.63510838574083844245756305716,1.016996201283,120486417.570769217958665211,1581.4208953982295,1439.3946898512506,1.1173440159180832,4811.1564628872,-66.57146663892924,3,1019
2023-02-25,1593.90391671537,192043075573.1748191693575385583846989037,1.010473992041,120485980.08901733797677501,1577.3824257425294,1438.8442481899415,1.1077668195987806,4811.1564628872,-66.87066968179913,3,1020
2023-02-26,1640.57851431911,197666090417.64837158216704155103872900787,1.034829913295,120485602.299677692251135317,1585.360544029257,1437.7929909544066,1.1410394435363704,4811.1564628872,-65.90053707514242,3,1021
2023-02-27,1633.62932583285,196828629198.0311978059836885525698981925,1.031598062192,120485489.63069382815288305,1583.5909214114058,1436.57057210578,1.13717304081916,4811.1564628872,-66.0449761209283,3,1022
2023-02-28,1606.66273436587,193578342136.61922429917807544563991612762,1.015403600275,120484740.198460016315264526,1582.2897751502362,1434.8299929722323,1.1197582586336157,4811.1564628872,-66.60547735748126,3,1023
2023-03-01,1661.70797282291,200208064313.60696864949636182441595807149,1.042701780437,120483302.474317102337615839,1593.6560232269692,1433.2323451288657,1.1594128324486714,4811.1564628872,-65.46136078422795,3,1024
2023-03-02,1647.85497837522,198537243456.10547575399224118033204374234,1.034281000671,120482230.573386132768199397,1593.2372124269496,1431.7899205628223,1.150905558636329,4811.1564628872,-65.74929559895598,3,1025
2023-03-03,1569.16893132671,189054958974.78200307339377310796173514014,0.99018783893,120480947.080018163355339234,1584.718443949341,1430.1270347869604,1.097223458586294,4811.1564628872,-67.38478693363791,3,1026
2023-03-04,1565.88301373466,188658092486.73751517717066261625888708774,0.988590635133,120480323.773858731114204639,1583.9549335038905,1428.5733708842718,1.0961166193132907,4811.1564628872,-67.45308480790987,3,1027
2023-03-05,1563.63009818819,188385300743.31203012510850189183720851374,0.987402151623,120479454.163486562437660346,1583.579796355558,1427.2254848644004,1.0955732747000024,4811.1564628872,-67.49991171041967,3,1028
2023-03-06,1567.53606341321,188853195198.2779714491603196100488513729,0.989863683307,120477735.47682351877909049,1583.587810976442,1425.8171618062472,1.0993948631025252,4811.1564628872,-67.41872613154378,3,1029
2023-03-07,1560.02789246055,187946252643.70692843827172302946846702795,0.985863992424,120476212.990826197705795069,1582.396663686662,1425.5380477048445,1.0943432165646072,4811.1564628872,-67.57478364101323,3,1030
2023-03-08,1534.22761718293,184835465408.17498161559723718524011048705,0.971574960145,120474604.509831713068826685,1579.1139954388682,1425.3300099272292,1.0764016799598997,4811.1564628872,-68.11104296819663,3,1031
2023-03-09,1436.66890824079,173079347246.83615747399876169854023706676,0.916332822572,120472675.544132776575496844,1567.8461721018455,1424.406165567498,1.008609021057141,4811.1564628872,-70.13880302328315,3,1032
2023-03-10,1434.1492194623,172773752590.0483077071381179400394634707,0.916628042033,120471252.395079014246489709,1564.592346838401,1423.5372134459315,1.0074546741146866,4811.1564628872,-70.19117481368171,3,1033
2023-03-11,1477.24561835184,177954530955.63648118015832529263632235568,0.944032449934,120463739.235307394337187177,1564.8250422484084,1422.6040294614195,1.0384095558277782,4811.1564628872,-69.29541515128076,3,1034
2023-03-12,1586.49992781999,191114704252.1841276381464364859680777444,1.007535120017,120463103.02377063254014556,1574.6348651282958,1422.24280234862,1.1154916201369585,4811.1564628872,-67.02456176476282,3,1035
2023-03-13,1677.88656078317,202121054849.75726675005896027507968551877,1.057541458189,120461692.449229275115354681,1586.591757505647,1422.1567454710632,1.179818304927704,4811.1564628872,-65.12508845375896,3,1036
2023-03-14,1706.89304383402,205612921102.02036629982585782903794134732,1.072194457327,120460342.752450969616745166,1591.9621969407815,1423.147152890701,1.1993791649492982,4811.1564628872,-64.52218802275857,3,1037
2023-03-15,1655.43240093513,199412254388.87671250174439096481362079932,1.042214831224,120459315.811525491772972764,1588.379239423175,1423.9600020958442,1.1625554078054126,4811.1564628872,-65.59179869320448,3,1038
2023-03-16,1677.25818614845,202040223238.11522124492028829716891334155,1.053502183777,120458629.987114659772084199,1592.0785091637586,1425.141700839269,1.1769062579255867,4811.1564628872,-65.13814923528972,3,1039
2023-03-17,1791.02045382817,215742537095.51641700195933047649687470966,1.114481686115,120457885.689905524384399798,1607.0434141197363,1426.345392879012,1.2556709355039724,4811.1564628872,-62.77359783154154,3,1040
2023-03-18,1764.36525336061,212531663643.5177757794847016072098127095,1.098631339233,120457860.54713211170203395,1605.966615327382,1427.519279914371,1.2359659713082436,4811.1564628872,-63.327626798863136,3,1041
2023-03-19,1801.75050058445,217034967814.95560714890497443159090447155,1.118952838426,120457836.833986739235694079,1610.2112964107787,1428.769386312676,1.2610506060984077,4811.1564628872,-62.55057355787572,3,1042
2023-03-20,1737.37734073641,209280166576.37725980786433790361139865376,1.081583557838,120457520.464536009870242336,1606.3274336467261,1429.5245271820504,1.2153532924413786,4811.1564628872,-63.888571196169316,3,1043
2023-03-21,1805.09059409702,217436527921.22289759936303658330465618774,1.117792413795,120457404.538188026373964937,1614.871036714755,1430.666999946516,1.2617126096879996,4811.1564628872,-62.48114963582424,3,1044
2023-03-22,1738.26925452952,209386995425.58528356898068302833150422312,1.07983282199,120457170.188089170914475431,1609.7577505804113,1431.583064477492,1.2142287078283958,4811.1564628872,-63.87003274704611,3,1045
2023-03-23,1819.24090590298,219139655128.33787340857736955605636270188,1.124169364759,120456644.536347390740505806,1618.2978854729683,1432.7991186008117,1.2697110727423848,4811.1564628872,-62.18703507282646,3,1046
2023-03-24,1751.13301110462,210934603026.43795989028814706430268656248,1.085743143537,120456071.405666537171931204,1612.8427994488598,1433.4894786285731,1.2215876274027055,4811.1564628872,-63.60265926471749,3,1047
2023-03-25,1742.46973699591,209891076598.91910768161003986787224807273,1.080988683074,120456081.470189558336543503,1611.9222747465412,1434.3733501335412,1.2147951137224382,4811.1564628872,-63.782725620395965,3,1048
2023-03-26,1778.52934570427,214234691791.55152693007553714628337447661,1.101010754016,120456090.482284348300205943,1615.3605577574804,1435.0965611294496,1.2393098791237658,4811.1564628872,-63.03322580706583,3,1049
2023-03-27,1714.87305932203,206565105599.98169525839240964017943110049,1.064175357484,120455041.542052447761152483,1611.4572163900284,1435.4981070426584,1.1946188231866959,4811.1564628872,-64.3563232135476,3,1050
2023-03-28,1774.92046697838,213796356482.1798280295355779874856314567,1.09719088853,120454048.764306713335014965,1617.6952301858726,1435.7850887653353,1.2362020478320157,4811.1564628872,-63.10823643608462,3,1051
2023-03-29,1794.74885768556,216182370570.13518499418936996138171127516,1.1072137744,120452713.840373055879752661,1620.9596549303553,1435.8600410797712,1.2499469351733636,4811.1564628872,-62.696102869859224,3,1052
2023-03-30,1791.79660169492,215823973061.25333356334890642363507970156,1.105082033271,120451156.597293609790008543,1621.4150151290319,1436.0267259921031,1.2477459989172746,4811.1564628872,-62.757465579914786,3,1053
2023-03-31,1824.00190356517,219701303525.28185377170842443019741029219,1.121004215258,120450150.351190199551960807,1627.1142237813751,1436.59287342343,1.269672109133144,4811.1564628872,-62.08807762467619,3,1054
2023-04-01,1822.41595762712,219509559004.97419456698648855503074143464,1.119787257568,120449756.866037879540558047,1627.4662399580418,1437.8347376300344,1.2674724778391333,4811.1564628872,-62.12104154822106,3,1055
2023-04-02,1794.75583547633,216177406933.90989391619424756323687973029,1.104527307785,120449479.901836448496378613,1624.9085222487638,1438.6397201417235,1.2475366906312895,4811.1564628872,-62.69595783631431,3,1056
2023-04-03,1811.18531180596,218154253837.05772518844434096612080341492,1.113221095039,120448334.256605057963056177,1626.9771745050411,1440.332869304494,1.2574769002394168,4811.1564628872,-62.35447078519957,3,1057
2023-04-04,1868.19117066043,225018121847.3342680960316456021044990547,1.142888851129,120447053.48210559231197129,1634.6219221711206,1442.5235044593742,1.2950854283380198,4811.1564628872,-61.16960267096949,3,1058
2023-04-05,1911.12547106955,230185945121.89302221298144530377812587505,1.164360115837,120445229.058179433647444211,1641.3525721771548,1444.7322808708295,1.3228232637797754,4811.1564628872,-60.277212229288544,3,1059
2023-04-06,1872.08796493279,225481749663.00018803194051380332629864196,1.142085574466,120443992.956866868592134524,1639.1836188002937,1447.403428740496,1.2934113100463267,4811.1564628872,-61.088607710559884,3,1060
2023-04-07,1866.34243366452,224788448707.74453231252336794604422296356,1.138695219648,120443303.786635572937342253,1639.0184146390413,1449.8379346741608,1.2872765907342363,4811.1564628872,-61.20802871281974,3,1061
2023-04-08,1851.750106955,223030222709.47661861834982390142987462,1.130420179034,120442937.668422962220694964,1638.1077950478661,1452.4796410476265,1.2748888553228828,4811.1564628872,-61.51133056596221,3,1062
2023-04-09,1861.1328395675,224159691911.4554136720558590070835864975,1.135399016894,120442607.397947392821067037,1639.1883486554527,1455.5396516262356,1.2786548531935258,4811.1564628872,-61.31631024839661,3,1063
2023-04-10,1912.11599473992,230298895987.47330372607907099853434907648,1.162323883641,120441906.568956782763868544,1645.0801894822837,1458.4568852732257,1.3110541792818966,4811.1564628872,-60.25662417155211,3,1064
2023-04-11,1891.72326592636,227840913673.740690743502577752751673386,1.150039563638,120440932.23232047566998135,1644.9201625221833,1461.2607264377493,1.2945829800941746,4811.1564628872,-60.680487518563744,3,1065
2023-04-12,1921.77945996493,231459758120.00285448118928157000924666491,1.166899613577,120440333.004821842023261287,1646.9107004619966,1464.2845840049617,1.3124357662147033,4811.1564628872,-60.05576882004664,3,1066
2023-04-13,2010.86303623612,242186229717.26890591952457523018942841664,1.236794111212,120438948.527586769660621872,1625.8672466232629,1467.8661539669722,1.369922612359223,4811.1564628872,-58.204164596439036,3,1067
2023-04-14,2102.23098217417,253187814740.45518655256309981103970934593,1.280443780192,120437676.395865502687513529,1641.798737824276,1471.705375306832,1.4284319521058226,4811.1564628872,-56.305079695691084,3,1068
2023-04-15,2094.48822501461,252253779311.78697602063227017600757704015,1.257199275099,120436952.711933910319076115,1665.9954125806162,1475.525192730853,1.4194865904920275,4811.1564628872,-56.46601308497673,3,1069
2023-04-16,2119.36738223261,255248199146.17811865193395950959038035079,1.280949256311,120436032.603885517904013939,1654.5287580994163,1479.4263458722905,1.4325602542808586,4811.1564628872,-55.94889921828137,3,1070
2023-04-17,2076.5863679135,250092417761.3434282458829683601936910005,1.266080249605,120434392.532697683200798763,1640.1696247622272,1483.1410657422498,1.4001273485568655,4811.1564628872,-56.83810360498379,3,1071
2023-04-18,2101.64348246639,253102962302.76994077903357291660465909223,1.272464387279,120430969.578979305147957257,1651.6324570469762,1487.0139031764986,1.413331427484938,4811.1564628872,-56.31729089090604,3,1072
2023-04-19,1936.27672559907,233176872098.81778791576349450533450550657,1.180209945461,120425386.008125750682602251,1640.6205803008581,1490.1391741379248,1.2993932105162223,4811.1564628872,-59.75444281358706,3,1073
2023-04-20,1943.00065926359,233976888241.1283267310926385341106379807,1.189001185487,120420385.41037196701268473,1634.145266615324,1493.4714122004611,1.300996218200654,4811.1564628872,-59.614685694557835,3,1074
2023-04-21,1849.59096668615,222724217796.26416607063756938631834633275,1.143956693397,120418093.409761653905877485,1616.8365265591972,1496.0973171171763,1.2362771763070328,4811.1564628872,-61.55620834712574,3,1075
2023-04-22,1875.55641846873,225847086616.82570421314235466184960877066,1.163183692355,120416045.282826086283970842,1612.4335569659243,1498.660879447685,1.2514882080327243,4811.1564628872,-61.016515822410014,3,1076
2023-04-23,1862.81730888369,224308503703.04316366270053316838258244724,1.160532359194,120413581.424934283407087796,1605.1403428142523,1501.2121799576207,1.2408754297052649,4811.1564628872,-61.281298514124735,3,1077
2023-04-24,1842.86772092344,221901259454.56242571027698220406040856904,1.154681167363,120410844.975552686454376991,1595.997036248616,1503.669749861186,1.2255800990168007,4811.1564628872,-61.695951168099704,3,1078
2023-04-25,1868.05564640561,224930155379.38491811402386368315709392281,1.163524163885,120408701.856489528018060521,1605.5151275657083,1506.34732356516,1.240122790529062,4811.1564628872,-61.17241954578672,3,1079
2023-04-26,1866.89703068381,224786252846.51305294533881046765129874925,1.161761477339,120406347.619599560014073425,1606.9538085906534,1509.1045131253588,1.2370892900038195,4811.1564628872,-61.196501400757285,3,1080
2023-04-27,1909.36528959673,229895931294.32551108504052692799735035947,1.182585349423,120404373.404567851313511939,1614.568699441724,1512.0466663033249,1.2627687571738615,4811.1564628872,-60.31379764251297,3,1081
2023-04-28,1893.93526767972,228034148797.65564147645928558259149704228,1.174488664706,120402292.881436583417868849,1612.5615551630829,1515.0560964070653,1.2500760019191115,4811.1564628872,-60.634511010203994,3,1082
2023-04-29,1905.84894038574,229465042811.34997984919453273600824870818,1.179783460328,120400435.705521716626789207,1615.422663965709,1518.1926246230207,1.25534066591779,4811.1564628872,-60.386885043392866,3,1083
2023-04-30,1885.55236995909,227016335265.85258945344102165899927246217,1.167872370965,120397788.405515389093706613,1614.5192033279106,1521.147216526878,1.2395594255921074,4811.1564628872,-60.80874973607572,3,1084
2023-05-01,1831.77346551724,220532041357.254842007635907106231112007,1.135502020403,120392638.887245237756294925,1613.183801176441,1523.8650787916358,1.202057512184585,4811.1564628872,-61.92654552710217,3,1085
2023-05-02,1872.31188398597,225399757046.16149702092017105245362270994,1.158875434642,120385796.284274671485655402,1615.6282444319522,1526.7400268191052,1.226346235178525,4811.1564628872,-61.083953547784105,3,1086
2023-05-03,1905.09636908241,229335064621.57639614461225982146273406951,1.176506935975,120379770.988716791374784311,1619.2818850690498,1529.8905237171182,1.2452501270833864,4811.1564628872,-60.402527255595594,3,1087
2023-05-04,1877.04549620105,225946703232.1901315848179206863562853626,1.160330920074,120373589.073617756093839012,1617.6811836414233,1532.7477025832784,1.2246278321197255,4811.1564628872,-60.98556530679476,3,1088
2023-05-05,1995.59514143776,240191570355.48449703415779281694659813952,1.220549404736,120360871.485402820958616402,1634.997431234174,1536.0638308942077,1.2991615981713727,4811.1564628872,-58.52150814816376,3,1089
2023-05-06,1900.32479427236,228701205587.22747043290862431859429933972,1.166227129193,120348482.678613810524518877,1629.4637182615854,1539.008957567206,1.2347717568040055,4811.1564628872,-60.50170455001238,3,1090
2023-05-07,1900.28729222677,228678322627.42424709345433607157596446035,1.168010131934,120338815.905808317014464455,1626.944185047659,1542.0870716583804,1.2322827466435968,4811.1564628872,-60.50248403091017,3,1091
2023-05-08,1850.24827673875,222639135290.2571503060788457230411162425,1.141602686815,120329329.900893720839112734,1620.7462527097118,1544.928772352419,1.1976269131951176,4811.1564628872,-61.54254614225524,3,1092
2023-05-09,1848.22007364115,222380813666.2702943407457397716789632015,1.143253247398,120321609.33527859943085461,1616.6322534815688,1547.6704962624133,1.1941948096216584,4811.1564628872,-61.58470239124122,3,1093
2023-05-10,1842.46204091175,221673226318.57186946156937025326464179425,1.141727968356,120313592.028672651475319991,1613.7487142097016,1550.3112748538804,1.18844652089975,4811.1564628872,-61.704383236664086,3,1094
2023-05-11,1795.59223991818,216019054240.37295095001272966385580908306,1.117492618158,120305183.681466746079739317,1606.8045647387935,1552.469934348328,1.1566035516635664,4811.1564628872,-62.678573150359874,3,1095
2023-05-12,1807.86421858562,217486264559.28375121074088736746621443588,1.125769971514,120300110.109725951071555074,1605.891313795038,1554.786490222086,1.1627733003567482,4811.1564628872,-62.42349978573112,3,1096
2023-05-13,1799.58322033898,216485437794.93301633681308265118520717312,1.122365518764,120297541.868696995070982144,1603.3842721048334,1556.4779547033834,1.1561893407490793,4811.1564628872,-62.59562052864436,3,1097
2023-05-14,1799.90850993571,216520217840.60396833656555074861754576708,1.123806580642,120295124.249586298069434348,1601.6176991128416,1557.6211997925127,1.155549571471852,4811.1564628872,-62.58885937674171,3,1098
2023-05-15,1819.31062916423,218846603659.68865607454374966338209462131,1.13464153511,120290949.852925458492551797,1603.4232600059484,1559.1438383357622,1.1668651630667837,4811.1564628872,-62.185585873204964,3,1099
2023-05-16,1824.28658240795,219437771917.45510779989857964747723446155,1.137530289087,120286896.825064773863536209,1603.7257204572122,1560.4854331750375,1.1690506964209015,4811.1564628872,-62.08216056824754,3,1100
2023-05-17,1822.18958416131,219178923373.99466471710392233151467709633,1.139583751853,120283270.895149497402136043,1598.9957571774526,1561.5019062521856,1.1669467561104743,4811.1564628872,-62.12574672602095,3,1101
2023-05-18,1803.8054377557,216961020863.5081481263638239293057496904,1.129941522772,120279613.489496785573970472,1596.3706098086923,1562.5733806911103,1.1543812662147714,4811.1564628872,-62.50786164054147,3,1102
2023-05-19,1813.16229193454,218081196173.26716981972270556048629378838,1.133419182912,120276710.553354306847974797,1599.7279023248332,1563.7831727980654,1.1594716732309265,4811.1564628872,-62.31337920682688,3,1103
2023-05-20,1819.32194330801,218819026995.88086028083275940240586277954,1.137012819933,120275044.117815570117654754,1600.0892086821113,1564.9785027805317,1.1625220027467347,4811.1564628872,-62.18535070846094,3,1104
2023-05-21,1806.48285184103,217271746152.64380025084848933799821310553,1.130371644797,120273351.020861865818937151,1598.1317827248317,1566.4130298538805,1.1532608688843349,4811.1564628872,-62.452211525938395,3,1105
2023-05-22,1818.20541291642,218676261430.21008103770042866948900617386,1.137026105869,120270383.025343176475824633,1599.0885376609817,1567.8550748421915,1.1596769638287052,4811.1564628872,-62.20855781885536,3,1106
2023-05-23,1854.56284511981,223042212294.42278410266215489431922657519,1.157415770914,120266731.796847589150359499,1602.3307196300598,1568.9040608854411,1.182075367994874,4811.1564628872,-61.452867737191056,3,1107
2023-05-24,1801.14089976622,216612530091.6701857604962211975566149568,1.126848295544,120264067.13643864251578144,1598.388094376712,1569.773014780824,1.1473893886612008,4811.1564628872,-62.563244125190096,3,1108
2023-05-25,1806.9382106955,217306180550.778582339564658143211715094,1.130372934504,120262098.208181835413051668,1598.532798813316,1570.932832660719,1.1502326344755645,4811.1564628872,-62.44274688146086,3,1109
2023-05-26,1829.23536440678,219985152657.1199618771367248287069638805,1.139387169421,120260714.907215356168447475,1605.4554707126802,1572.2416904164172,1.1634568498958302,4811.1564628872,-61.97930001825287,3,1110
2023-05-27,1830.77384950321,220168790721.71988842427180598452631118901,1.140078068606,120259960.443210303759174981,1605.8320038922773,1574.7362237697193,1.1625908021094282,4811.1564628872,-61.947322569414986,3,1111
2023-05-28,1911.28677440093,229849137198.93876825384421259954229995864,1.18310549631,120258843.558932820881729848,1615.482964420385,1578.8276640897075,1.2105734006775881,4811.1564628872,-60.273859535759996,3,1112
2023-05-29,1894.85833810637,227869845714.73952990171940323773073294144,1.17004900622,120256929.572086987488104512,1619.4692085829497,1581.814151345698,1.197902001631706,4811.1564628872,-60.61532496972141,3,1113
2023-05-30,1900.83276183519,228582717591.42257674750443313241805321399,1.170996804122,120253986.663578790046932521,1623.260418084926,1584.9138096376325,1.1993287901692191,4811.1564628872,-60.49114643229686,3,1114
2023-05-31,1872.94246113384,225224717650.35773579984601622375478541,1.154448925818,120251808.223735514845152125,1622.3692700885333,1588.0185014435938,1.1794210580237163,4811.1564628872,-61.07084698696584,3,1115
2023-06-01,1861.87719082408,223889913017.24159608737750077669714592376,1.151425435258,120249560.025033841604744947,1617.0193343061674,1591.2271496726994,1.170088878389896,4811.1564628872,-61.300838890058515,3,1116
2023-06-02,1906.95200964348,229308247736.6372746591235211052254475386,1.173499846915,120248567.649853073123559695,1625.0125764026673,1594.5582873407297,1.1959123882663043,4811.1564628872,-60.363957722981475,3,1117
2023-06-03,1891.8916364699,227496100926.480036943511992263772578713,1.163425598521,120247955.29566764401620187,1626.138911568526,1597.7700036250667,1.1840825852140933,4811.1564628872,-60.67698793286457,3,1118
2023-06-04,1892.3073100526,227545330604.3444169131018168959233298476,1.162760485389,120247556.723764595841164826,1627.4265713626578,1601.1575726826354,1.181837029869685,4811.1564628872,-60.6683481476922,3,1119
2023-06-05,1812.74285300994,217974645394.80422689736876985968090229534,1.117050579602,120245761.848058977852496911,1622.793887861203,1604.2226741949091,1.1299820668098202,4811.1564628872,-62.32209725471901,3,1120
2023-06-06,1883.15331735827,226439455252.7375134155043504715740202025,1.155542003609,120244832.51867771171445075,1629.6710214572793,1607.591046998825,1.1714131656019644,4811.1564628872,-60.85861410069005,3,1121
2023-06-07,1831.89239801286,220274555389.54219503002111309814713906088,1.128287989233,120244265.235493298760385308,1623.6035617627765,1610.6574779923963,1.1373569011682247,4811.1564628872,-61.92407351238932,3,1122
2023-06-08,1847.23547516072,222118399931.13509399096458632861332369008,1.137840449761,120243684.640048139501877014,1623.4573797659648,1614.1954405625304,1.1443691567589718,4811.1564628872,-61.6051672937657,3,1123
2023-06-09,1838.42196376388,221058122734.61086484866205570790505974364,1.133175232876,120243408.255430709380892903,1622.3633471920868,1617.849340495318,1.1363369367885836,4811.1564628872,-61.78835633500406,3,1124
2023-06-10,1752.90041496201,210773730172.63527757142134287132933011736,1.087641433307,120242843.445959993793448536,1611.6528492595892,1620.9399749883048,1.0814098251692863,4811.1564628872,-63.565923734060284,3,1125
2023-06-11,1751.8336811806,210645679899.2550415696944946868482769076,1.089851517006,120242967.218952083665271046,1607.4058290006085,1623.7833098261192,1.0788592730197435,4811.1564628872,-63.58809582074336,3,1126
2023-06-12,1742.45293424898,209517882772.38154405211424752096611932234,1.086535216597,120243065.769054181831309733,1603.6782863847686,1626.482141997364,1.0713016080884852,4811.1564628872,-63.78307486588526,3,1127
2023-06-13,1736.92458503799,208853423983.95659530198560187636231262139,1.086535920387,120243230.928410489945949661,1598.589197510687,1629.1714555435358,1.0661398339185268,4811.1564628872,-63.897981733987244,3,1128
2023-06-14,1650.15449649328,198419247550.60796561916976291366433378432,1.037512635711,120242830.578752416495723544,1590.490987478375,1631.398131203968,1.0114971109323694,4811.1564628872,-65.70150006090192,3,1129
2023-06-15,1663.84364611338,200065118017.43153378244116559021143405652,1.048858123891,120242739.445361569739784354,1586.3381407019456,1633.733016182051,1.0184305695196734,4811.1564628872,-65.41697076476082,3,1130
2023-06-16,1716.62002104033,206410853327.06428474509638664516590645529,1.079213598265,120242599.292283857567590713,1590.6211928760513,1636.471531303325,1.048976403318897,4811.1564628872,-64.32001257323115,3,1131
2023-06-17,1727.57647136178,207728512253.76316727869938093129485565924,1.085975905811,120242730.609788301636744258,1590.805525350617,1639.024009469602,1.0540275562655328,4811.1564628872,-64.09228249614954,3,1132
2023-06-18,1720.11903828171,206832440052.92361340310611933707762042225,1.081995341809,120243096.814704245253191475,1589.765659624582,1641.1344075628224,1.0481280694347175,4811.1564628872,-64.24728541774637,3,1133
2023-06-19,1734.98348451198,208619800559.38204419206207240462929186122,1.089410090037,120243104.572296885053885339,1592.5898799533372,1643.4307703068316,1.0557082877230388,4811.1564628872,-63.938327553978425,3,1134
2023-06-20,1789.79935710111,215211025530.48659316608478830356703713137,1.117183613256,120243101.371462171771478767,1602.063739446366,1645.9154106414312,1.0874187977884024,4811.1564628872,-62.79897835567289,3,1135
2023-06-21,1894.31125803624,227777401856.28409008066074615560900445184,1.170051346603,120242859.186938585392562816,1618.9983999727683,1649.1823106794209,1.1486366581605112,4811.1564628872,-60.62669604181915,3,1136
2023-06-22,1874.36079076563,225378886179.90636554129147605784458899276,1.155649508058,120243064.883919529587586052,1621.9111224435007,1652.1539472852069,1.134495241103621,4811.1564628872,-61.041366972280585,3,1137
2023-06-23,1891.57702922268,227449041504.42277375642382122871268288768,1.161274925393,120243076.539098236994237376,1628.8795941947428,1655.3191843439445,1.1427264585061714,4811.1564628872,-60.68352705188194,3,1138
2023-06-24,1876.10660052601,225589631241.08954204416815173328686951825,1.149083353952,120243503.848789965657956825,1632.6984409560766,1658.34878913208,1.1313100192317787,4811.1564628872,-61.005080275436555,3,1139
2023-06-25,1899.80092402104,228439884141.6777429422712008968284556716,1.15975933799,120244116.766809092638117665,1638.0992692101274,1661.6850314801222,1.143297850091855,4811.1564628872,-60.51259320548142,3,1140
2023-06-26,1857.5683351841,223362583222.2378491222545868361651944468,1.135570992705,120244611.727891461986592148,1635.8011494809832,1664.564707895961,1.1159484076363118,4811.1564628872,-61.39039855566527,3,1141
2023-06-27,1888.94404208065,227135520462.66519076048931167178137563925,1.151877631837,120244705.720598289297615445,1639.882562063633,1667.693385013144,1.132668666228332,4811.1564628872,-60.73825375142581,3,1142
2023-06-28,1829.66858649912,220007896539.77494312981943135232022725672,1.120475962425,120244670.626792093334095731,1632.9387223437116,1670.507870734944,1.0952768427808441,4811.1564628872,-61.97029548689576,3,1143
2023-06-29,1853.17543687902,222831902731.08568707999523617473690729988,1.134034577193,120243285.280298434979313694,1634.1436796980752,1673.458399586493,1.1073925932888051,4811.1564628872,-61.48170505003865,3,1144
2023-06-30,1934.61751548802,232622677095.3175401385736711689257900524,1.177182090708,120242205.62100976272377462,1643.430978740486,1676.7575859891815,1.153784859334164,4811.1564628872,-59.78892953468725,3,1145
2023-07-01,1923.13508825248,231242385064.51708008695283907218333234848,1.169316099667,120242403.394887399650945201,1644.6665609069728,1679.7712518965457,1.144879153087758,4811.1564628872,-60.027592054273015,3,1146
2023-07-02,1935.59753769725,232741811436.1607117854309997452976381195,1.174331730921,120242874.307977261945748102,1648.2544810223324,1682.9084988822265,1.1501501947270796,4811.1564628872,-59.76855975006708,3,1147
2023-07-03,1954.20382291058,234978806594.91256180119895914146566134982,1.178655712511,120242732.022157479372928379,1657.9937654120877,1686.3588764713554,1.1588303356873124,4811.1564628872,-59.38182767521445,3,1148
2023-07-04,1938.38063091759,233074157580.2032595146175803573683134268,1.167773860101,120241687.24275308597029252,1659.8938348816444,1690.2280385037925,1.1468160430195353,4811.1564628872,-59.710713092162514,3,1149
2023-07-05,1912.14585213325,229913487956.262978105031281582157451984,1.153280951802,120238468.053974160040611392,1658.0052320690154,1693.8533499693096,1.128873318441585,4811.1564628872,-60.256003584930994,3,1150
2023-07-06,1854.37547632963,222963240943.95590405649703009472920930634,1.123266579428,120236297.227823354476507118,1650.8774589144564,1697.1882229164166,1.0926162763156024,4811.1564628872,-61.45676220189252,3,1151
2023-07-07,1869.3275622443,224758619691.2924545293433659477119244441,1.133218379455,120235010.830016875011213387,1649.5739886810852,1700.699187047042,1.099152381844817,4811.1564628872,-61.1459827452274,3,1152
2023-07-08,1864.05657831677,224124904986.48045202645496511624740071133,1.131850123768,120235033.417742967504882529,1646.9111405944884,1703.9305273056627,1.0939745185880942,4811.1564628872,-61.255540269872256,3,1153
2023-07-09,1862.63280011689,223954124896.51401420237594865184315714449,1.132739257336,120235252.424664547701756841,1644.3614786490837,1707.1818064392105,1.0910570819647583,4811.1564628872,-61.285133533173145,3,1154
2023-07-10,1880.33877177089,226082572900.82048382385009285367421426198,1.143425772667,120235021.632776037673564182,1644.4782133824626,1710.4992700452888,1.099292355571192,4811.1564628872,-60.917114496781736,3,1155
2023-07-11,1878.36697545295,225845007119.8339035914138179916925082414,1.142324053566,120234762.467208287630744692,1644.3381101791915,1713.7917666700696,1.096029874797831,4811.1564628872,-60.95809832952861,3,1156
2023-07-12,1871.59052337814,225028701237.50807627038194037327046860714,1.138983394061,120233939.222635620544192351,1643.211422692528,1717.04681591028,1.0900055292819315,4811.1564628872,-61.09894704494834,3,1157
2023-07-13,2002.01825043834,240707817829.38803415080070567913215744174,1.206042871113,120232579.186870691808143011,1659.9892909202902,1720.9679947223783,1.163309402951041,4811.1564628872,-58.388003676834934,3,1158
2023-07-14,1935.13725511397,232665531317.13889521142269518114902175406,1.167241376815,120232056.254550299461880598,1657.8723934498394,1724.5217914085267,1.1221297780954222,4811.1564628872,-59.77812673436348,3,1159
2023-07-15,1930.71778521333,232135247799.63911861213335400724646122552,1.163129050199,120232614.822051734967648344,1659.934282342104,1728.1175024269369,1.117237561972415,4811.1564628872,-59.869985519974215,3,1160
2023-07-16,1924.54624693162,231393974002.21154173708560000455073846148,1.158803791116,120233002.647316001057421754,1660.8042376856245,1731.7996940356452,1.1112984102952541,4811.1564628872,-59.9982610880069,3,1161
2023-07-17,1912.2863798948,229919511362.2626306505295324394411100728,1.151318954589,120232781.961722239172619486,1660.9527466499949,1735.3565210929219,1.1019559131805654,4811.1564628872,-60.25308271210895,3,1162
2023-07-18,1897.39907071888,228127495082.68544797092029665947823644048,1.143547373549,120231689.054350222351236321,1659.22209661529,1738.8505998947921,1.0911800420540332,4811.1564628872,-60.562515782738835,3,1163
2023-07-19,1889.51615166569,227178590307.3577509813226608192173922471,1.141261389882,120231092.02167444999702159,1655.6383738356865,1742.321526256569,1.0844818956724784,4811.1564628872,-60.72636244027322,3,1164
2023-07-20,1891.97682437171,227473088233.31609364887783235597162342924,1.14339320592,120230377.720855876586709444,1654.7035740424772,1745.7813807817008,1.0837421255601591,4811.1564628872,-60.67521730032607,3,1165
2023-07-21,1892.11009234366,227487360984.04901335908411411258215244984,1.14428920758,120229452.770516145854354724,1653.5243711204696,1749.167742400637,1.0817202069750282,4811.1564628872,-60.67244732240127,3,1166
2023-07-22,1861.28420485096,223781389161.1521943787087191556904609872,1.128570116816,120229564.39318798638592082,1649.2410857928292,1752.403034734068,1.0621324934725505,4811.1564628872,-61.31316411742731,3,1167
2023-07-23,1887.97183430742,226990024193.74531101501573789496221228588,1.143740235073,120229560.668744775073922114,1650.6998498543849,1755.5632833211514,1.0754222603333217,4811.1564628872,-60.75846111281032,3,1168
2023-07-24,1849.92425336061,222413222989.67463545484103901027680374567,1.123805751491,120228286.420719255843317747,1646.1245645933366,1758.562164072174,1.051952720896073,4811.1564628872,-61.549280975774764,3,1169
2023-07-25,1857.55349269433,223328577435.86363203733376675422512775816,1.129276098219,120227265.763384129020734152,1644.9064100656235,1761.5036702746872,1.0545271770025122,4811.1564628872,-61.390707057163496,3,1170
2023-07-26,1871.16815838691,224964126031.26058850582715432999176027451,1.136872685278,120226568.105560786824860361,1645.890681179795,1764.541990249848,1.0604271072755624,4811.1564628872,-61.10772591120406,3,1171
2023-07-27,1859.04174693162,223504041413.11627075518281362201904734674,1.130420341604,120225402.028767503382972677,1644.557938769705,1767.413998842776,1.0518428326067564,4811.1564628872,-61.359773657911774,3,1172
2023-07-28,1875.01526972531,225421043603.68541520533971947615459091899,1.139723518603,120223577.505429931624133529,1645.1492305989996,1770.1859675365224,1.0592193724903791,4811.1564628872,-61.02776361174288,3,1173
2023-07-29,1881.00276534191,226140545788.49080094709829529863164722535,1.141998914166,120223398.899355269490749385,1647.1143203455701,1772.9126993804734,1.0609675061830215,4811.1564628872,-60.90331337482401,3,1174
2023-07-30,1861.50678521333,223796689527.53195355478408426611647860883,1.131256432966,120223407.889369951423381351,1645.5215024348754,1775.31766281706,1.0485485635621434,4811.1564628872,-61.308537779371456,3,1175
2023-07-31,1856.18514465225,223156114812.351201340233382907032695315,1.128153844015,120222982.85021494643326414,1645.3298054157674,1777.5128653097543,1.0442597524202932,4811.1564628872,-61.41914820333355,3,1176
2023-08-01,1866.98985067212,224454495736.92295653079484462312575331388,1.134506263653,120222665.193449712006186549,1645.6408487870258,1779.5983943103388,1.0491074034687746,4811.1564628872,-61.19457213512175,3,1177
2023-08-02,1838.2950862069,221003950761.2066456699058600390737578491,1.119063210448,120222238.757772898964776239,1642.7088917264703,1781.0319651227294,1.0321516526404537,4811.1564628872,-61.79099348800372,3,1178
2023-08-03,1835.91625482174,220717455957.02041428570551226694950962286,1.118456223061,120221962.944846403901061289,1641.4735033591116,1782.449948294851,1.0299959651478778,4811.1564628872,-61.84043755417596,3,1179
2023-08-04,1826.2735829924,219558297308.6775624791642882268982381592,1.114753465528,120222018.953439162692641558,1638.2757618316891,1783.691556800111,1.023872976260918,4811.1564628872,-62.04086071446441,3,1180
2023-08-05,1835.38041437756,220653875630.67235397265580092852710956884,1.120260050214,120222420.323420306998734939,1638.3521076440713,1785.017508308001,1.0282142364627547,4811.1564628872,-61.85157501038454,3,1181
2023-08-06,1826.94227440093,219640473195.12835564301846355593159460398,1.116120245859,120222995.697633821339866886,1636.8686807529953,1786.5523283883633,1.022607759857223,4811.1564628872,-62.02696194784379,3,1182
2023-08-07,1825.86593308007,219510411361.94902765705128095142643309877,1.116434827691,120222633.756934661736817411,1635.4433665029142,1787.9300343629395,1.0212177758570107,4811.1564628872,-62.04933372745981,3,1183
2023-08-08,1856.70175043834,223216765513.99805285799956918204710382614,1.133203462233,120222198.024696133655205671,1638.4540043494678,1788.9231794637576,1.0378879158997198,4811.1564628872,-61.408410539944825,3,1184
2023-08-09,1855.32526271186,223050876575.0365440439293669324929886962,1.132007068308,120221979.97186292037948817,1638.9696801849448,1790.059177307124,1.0364602948506536,4811.1564628872,-61.43702086964618,3,1185
2023-08-10,1850.89056019871,222517266863.1688841754087534952912744013,1.129323271924,120221730.90519172782816403,1638.9377658404167,1791.1722956355868,1.0333403239368062,4811.1564628872,-61.52919626546544,3,1186
2023-08-11,1846.58541788428,221999945950.41041175055237489825754979592,1.126680596493,120221866.695322558950552214,1638.9608764295006,1792.2655449444705,1.0303079379576494,4811.1564628872,-61.61867874951349,3,1187
2023-08-12,1848.60640794857,222244055147.18748180006459789636243845866,1.127002190268,120222484.457259613792110938,1640.286437694476,1793.7398667080593,1.0305877916072657,4811.1564628872,-61.57667242359415,3,1188
2023-08-13,1838.95695002922,221085140671.86797903004124676983353770958,1.121439125989,120223119.235257279669318539,1639.818789457198,1794.8959920251252,1.0245479170937266,4811.1564628872,-61.777236632922715,3,1189
2023-08-14,1843.84205055523,221672256501.92628071593039427702139395384,1.124408514879,120223018.254288567879554408,1639.8328776028966,1796.1055269579133,1.0265777945008434,4811.1564628872,-61.67569970383523,3,1190
2023-08-15,1827.12240327294,219661088203.6331589094104243423239318253,1.116007349337,120222426.155003283551038495,1637.19567291237,1797.2510427542313,1.0166205832174295,4811.1564628872,-62.02321796501139,3,1191
2023-08-16,1806.94174839275,217233014584.67577550558205178807853614675,1.106067742015,120221371.152612736016874297,1633.6628216829827,1798.4348143658622,1.0047301875825216,4811.1564628872,-62.44267335034049,3,1192
2023-08-17,1688.89880537697,203038445474.31020616410445040379205974886,1.044129442225,120219426.307777563398099238,1617.5186112729384,1798.6478241861425,0.9389824859912016,4811.1564628872,-64.89619869141706,3,1193
2023-08-18,1660.65438603156,199642075197.1153411615600678621077086712,1.032728458677,120218919.04564013964340902,1608.0261680393492,1799.1211542942663,0.9230364403574467,4811.1564628872,-65.48325961041407,3,1194
2023-08-19,1668.86229748685,200629823980.32279086824910430042020994005,1.041437479039,120219519.778505678389164073,1602.4603791163868,1799.5413603652776,0.9273820175759105,4811.1564628872,-65.3126579781744,3,1195
2023-08-20,1683.56179661017,202397927330.03745928770284964354360478932,1.053022480913,120220076.113370521889418996,1598.7899851392294,1799.7496587945589,0.9354422090780061,4811.1564628872,-65.00712854389576,3,1196
2023-08-21,1667.28708883694,200440934733.10081717256371907978058628002,1.048613296382,120219808.619116500077448183,1589.9923208961134,1799.8544058255347,0.9263455329722682,4811.1564628872,-65.34539872693327,3,1197
2023-08-22,1631.88740853302,196183260267.40453585642861332392940763174,1.033068125683,120218624.913444766530770537,1579.6513007833998,1799.6858166174693,0.9067623878928889,4811.1564628872,-66.08118191288845,3,1198
2023-08-23,1678.89443424898,201833969278.93898603079001150422796196512,1.061112019633,120218380.120621100199774544,1582.2028241934802,1799.72505402834,0.9328616226634707,4811.1564628872,-65.1041397801171,3,1199
2023-08-24,1656.64010169491,199158644817.69449003364117146464244064022,1.050951218512,120218413.531059098929039442,1576.3244501875934,1799.8526488281648,0.9204309601530456,4811.1564628872,-65.56669660456747,3,1200
2023-08-25,1652.96844623027,198716859248.17231925565180285583358504505,1.049488393641,120218180.632160523892713315,1575.0230838624248,1800.0461169476853,0.9182922763296681,4811.1564628872,-65.64301204957455,3,1201
2023-08-26,1645.92842226768,197871805108.23735064634516555451504091584,1.046068683736,120218961.183998036043764588,1573.4420194946479,1799.9121475043773,0.9144493105120716,4811.1564628872,-65.78933911286789,3,1202
2023-08-27,1656.75394593805,199174568417.6871364963512106439206162466,1.052668599882,120219764.018678698156731812,1573.8608961298605,1799.9447522442956,0.9204471103195221,4811.1564628872,-65.56433034930185,3,1203
2023-08-28,1652.81391934541,198699864913.79330832838984169482089090036,1.051806708,120219138.154697749625120196,1571.4046190941483,1800.4806995485037,0.9179848024807358,4811.1564628872,-65.64622389450317,3,1204
2023-08-29,1726.95467679719,207610901616.75679338521938520503861100763,1.09339365627,120217921.411690985580349677,1579.4445732276502,1801.5442229982407,0.9585968830246563,4811.1564628872,-64.1052065107682,3,1205
2023-08-30,1705.04314114553,204976313567.95957268785082351308461567322,1.079794100915,120217669.935463700494216874,1579.044689816979,1802.3685314523611,0.9460013928292424,4811.1564628872,-64.56063829355645,3,1206
2023-08-31,1645.67690531853,197839193427.64839757663964427139851962598,1.045395304101,120217518.267569970839975166,1574.214939423082,1803.0280483869024,0.9127295090006237,4811.1564628872,-65.79456689855914,3,1207
2023-09-01,1628.75344476914,195805173737.25819299775957314833619678648,1.036594905321,120217810.968321038202259132,1571.2535691700778,1803.6407018804734,0.9030365322045593,4811.1564628872,-66.1463214232755,3,1208
2023-09-02,1636.88336528346,196784032517.21047831784738150450135963148,1.041633826549,120218725.836421019705491038,1571.4575732496708,1804.0379852279311,0.9073441793835888,4811.1564628872,-65.97734083457436,3,1209
2023-09-03,1635.56472647575,196627029264.76708844972216332433449131725,1.041986727088,120219656.294771783288926523,1569.6598468644597,1803.8515926636412,0.9067069226358073,4811.1564628872,-66.00474877314136,3,1210
2023-09-04,1627.41772355348,195648441580.91220066471681714679876649876,1.036715021493,120220173.806213820412261537,1569.7831031808466,1803.7692023611867,0.9022316832015663,4811.1564628872,-66.17408442009267,3,1211
2023-09-05,1632.72254324956,196287511882.09198779505544738232382610932,1.041873340396,120220984.694329438712685547,1567.1027177151755,1803.452586024249,0.9053315600877164,4811.1564628872,-66.06382361820438,3,1212
2023-09-06,1632.395921391,196248521706.684592158831761176837745799,1.042642876305,120221154.154475567869562089,1565.6328341071235,1803.159883578311,0.9052973817005979,4811.1564628872,-66.07061246120041,3,1213
2023-09-07,1646.08132933957,197894159962.44261913907073987382944241157,1.050212262361,120221374.506349829934769601,1567.3796510802365,1802.974253476032,0.912981051263499,4811.1564628872,-65.7861609357899,3,1214
2023-09-08,1636.38499357101,196729323799.0320225646295428492445091255,1.044833771106,120221906.56351497822480755,1566.167785559638,1802.6517540794803,0.9077654571204886,4811.1564628872,-65.98769950231453,3,1215
2023-09-09,1634.67623524255,196525701533.39088007902035176044931451895,1.043747556324,120223012.543050023839554729,1566.1605388564992,1802.5496618424845,0.9068689034462764,4811.1564628872,-66.0232160842765,3,1216
2023-09-10,1617.41718790181,194452705420.86592450747280208906814567799,1.035128774352,120224211.091214606156713579,1562.5275115304644,1802.427041807417,0.8973551496874542,4811.1564628872,-66.38194578832739,3,1217
2023-09-11,1549.35964874342,186270491674.28466409191033994977236631178,1.002507474703,120224178.953773555985947559,1545.4843857422898,1801.9268756312044,0.8598349187730986,4811.1564628872,-67.79652333705978,3,1218
2023-09-12,1594.0094345412,191639415690.8371132879137373445613036216,1.05517345708,120224768.773715719694779918,1510.6610423582206,1801.8554275876627,0.8846489069743357,4811.1564628872,-66.86847649131272,3,1219
2023-09-13,1607.7192194623,193288058297.2728323618174575434582346282,1.065368320104,120225009.415461127549691734,1509.0736124999064,1801.9245041013974,0.8922234065872001,4811.1564628872,-66.58351828995602,3,1220
2023-09-14,1627.52328755114,195669470003.65355142157136485756097940924,1.077566461857,120225296.621142958455128166,1510.369285943054,1801.8592279675577,0.9032466367458332,4811.1564628872,-66.1718902699237,3,1221
2023-09-15,1643.92288106371,197641881164.86777668888069180132329811606,1.086986634072,120225762.072842754834324786,1512.3671529477328,1801.910695743712,0.9123220617685524,4811.1564628872,-65.8310243338629,3,1222
2023-09-16,1634.72032933957,196537335311.30226985744606677208857538367,1.081011934736,120226886.387779683656670131,1512.213026342576,1802.0509837185807,0.9071443283842506,4811.1564628872,-66.02229958743504,3,1223
2023-09-17,1620.58054354179,194839363621.79991853961040914767679406804,1.072570560649,120228127.135216087522174876,1510.9314044207922,1801.8453465721752,0.8994004655420494,4811.1564628872,-66.31619536710576,3,1224
2023-09-18,1637.64761016949,196892190195.89505673437357998339669346196,1.081797590539,120228667.616421764789841604,1513.8207225563708,1801.7943097311468,0.9088982029329697,4811.1564628872,-65.96145598668124,3,1225
2023-09-19,1643.48128784337,197595054599.76918656861795749418868899553,1.084524870019,120229573.686877744783421969,1515.392899947585,1802.16587151373,0.9119478477654929,4811.1564628872,-65.84020285931196,3,1226
2023-09-20,1622.66867942724,195093891420.64362777830194153636900954884,1.072350379772,120230268.750554004966601841,1513.1888886655188,1802.449799842193,0.9002573495080456,4811.1564628872,-66.27279341371766,3,1227
2023-09-21,1584.68828667446,190527878989.11094057019032942892115704842,1.050285716974,120230508.795481985160575327,1508.8163735484648,1802.5550907846243,0.8791344546283296,4811.1564628872,-67.06221676849229,3,1228
2023-09-22,1593.62554763296,191604397582.13835203712667842800479930048,1.057103647035,120231755.738813127802278838,1507.539541749586,1802.6855382057233,0.8840285861610405,4811.1564628872,-66.8764555897104,3,1229
2023-09-23,1592.93375365284,191523484156.3893005316412455463534833006,1.05765183862,120233175.872629195267578715,1506.104084054034,1802.850067511685,0.883564186705457,4811.1564628872,-66.89083454382376,3,1230
2023-09-24,1581.2407817066,190119910487.4617028472974591197219469538,1.051943706415,120234636.424105677521116493,1503.1610266441276,1803.085133334303,0.8769640171024738,4811.1564628872,-67.13387324016294,3,1231
2023-09-25,1587.55197077732,190880225813.88770183380287924186677488456,1.057275334454,120235576.111833481464265058,1501.5501819090166,1803.8395486469858,0.880095999651467,4811.1564628872,-67.00269502720305,3,1232
2023-09-26,1592.03694038574,191420619777.40473081715570463024547243672,1.061763541268,120236292.840682944967841428,1499.427017888057,1804.6289872516031,0.88219625841784,4811.1564628872,-66.90947482862882,3,1233
2023-09-27,1596.47206604325,191955491423.87301006376066972930670259,1.064779977129,120237300.42431744422417532,1499.3445597539014,1805.22511949006,0.8843617612047308,4811.1564628872,-66.81729063774412,3,1234
2023-09-28,1652.89402893045,198741273785.69463758623297673639034789765,1.098132199318,120238363.928445902684942417,1505.1867434148523,1805.5570899956124,0.9154482226504767,4811.1564628872,-65.64455881489792,3,1235
2023-09-29,1667.55800642899,200506542881.67886813496892409185872720671,1.105444564886,120239621.115822985693783429,1508.495368649226,1805.5054472238414,0.9235962201017114,4811.1564628872,-65.33976769842403,3,1236
2023-09-30,1671.13527235535,200939047048.9350560004998463628934503606,1.104693725871,120241042.345857087266900516,1512.7589061282458,1805.3266583664479,0.9256691937776396,4811.1564628872,-65.2654141421854,3,1237
2023-10-01,1731.54860958504,208205738286.41818552212073299316212158952,1.13786652983,120242502.655651125164837113,1521.7501914251206,1805.7072394096974,0.9589309782858817,4811.1564628872,-64.00972150995213,3,1238
2023-10-02,1663.19262887201,199987427210.07105956103879523138668527639,1.094820050682,120243093.757398424070966839,1519.1470304512159,1805.6369116233152,0.9211113364850056,4811.1564628872,-65.43050217340222,3,1239
2023-10-03,1656.90272647575,199232909522.88464875415644115798358698775,1.089829057162,120244179.902253646340889217,1520.3326756495685,1804.9663229865532,0.9179687761343864,4811.1564628872,-65.56123794233385,3,1240
2023-10-04,1648.97039859731,198281236469.43821961206513398720301294176,1.084271145048,120245479.626623589743960096,1520.8099986136872,1804.3893487127366,0.9138661784795484,4811.1564628872,-65.72611156346069,3,1241
2023-10-05,1613.01122939801,193959491197.46590437493894871976105454758,1.06382479416,120246832.546759947294206358,1516.2376720798743,1803.4456523568047,0.8944052332766843,4811.1564628872,-66.47352373923766,3,1242
2023-10-06,1645.72665341905,197895767703.93906649599312002873479401365,1.084174764512,120248260.725925687999897733,1517.9532924839948,1802.9873989202179,0.9127776790922949,4811.1564628872,-65.79353288312223,3,1243
2023-10-07,1635.14589070719,196626137809.67510325296776649688498374562,1.078253441922,120249904.872179676289563998,1516.4763933352465,1802.1376754032688,0.9073368328206608,4811.1564628872,-66.01345428442103,3,1244
2023-10-08,1632.99003798948,196369560847.40661445696926944977256835912,1.079033410266,120251536.310150877123080194,1513.3822757044384,1801.6112793205684,0.9064053143613313,4811.1564628872,-66.05826373375699,3,1245
2023-10-09,1579.55456808884,189946117818.44530789697511451557353112812,1.049885994139,120252963.497340874785068743,1504.5010381191107,1800.4128476314977,0.8773290915840752,4811.1564628872,-67.16892122978389,3,1246
2023-10-10,1568.32793717125,188598423655.27483365248061741788939219375,1.044621864061,120254456.472569523564862115,1501.33554650515,1799.498822261831,0.8715359619963423,4811.1564628872,-67.40226701689748,3,1247
2023-10-11,1565.31241496201,188238045386.17737950678502529951909793135,1.044940454864,120255894.981032205610606135,1497.99197425631,1798.6130356516614,0.870288596788067,4811.1564628872,-67.46494471679149,3,1248
2023-10-12,1538.10105201636,184967904211.98638514717204978990202390068,1.03106971382,120257315.973813517330485813,1491.752721858025,1797.410894183222,0.8557314618454578,4811.1564628872,-68.03053353427343,3,1249
2023-10-13,1550.26081034483,186432435719.51644715359155583776999154536,1.040885337731,120258755.478729814825068792,1489.3675164300087,1796.587832938336,0.8628917450750871,4811.1564628872,-67.777792672024,3,1250
2023-10-14,1555.66229076563,187084692502.79289745947535683948481673892,1.046083306346,120260479.162683738254110284,1487.1304047472133,1795.4915420572722,0.8664269668366991,4811.1564628872,-67.66552277470376,3,1251
2023-10-15,1556.29597632963,187163539843.90664198056956673609663247163,1.048015762438,120262175.505531616865583401,1484.992909561987,1794.2992776504927,0.867355850673634,4811.1564628872,-67.65235160538327,3,1252
2023-10-16,1600.99388457043,192540809584.78709780055273453753636530534,1.075690440317,120263301.090902420311350338,1488.3407201226278,1793.3452640648704,0.8927415800243347,4811.1564628872,-66.72330453352862,3,1253
2023-10-17,1565.29439362946,188249629388.6948468902089407784877110202,1.053861656128,120264680.02111666760702237,1485.2939990060158,1792.0517265151918,0.8734649622381815,4811.1564628872,-67.4653192906115,3,1254
2023-10-18,1563.40930859147,188024935495.88892756906467857585088498812,1.053214253841,120265969.034869795507198196,1484.417157183188,1790.7566932700136,0.873043956483337,4811.1564628872,-67.50450082736947,3,1255
2023-10-19,1566.42841876096,188390109296.98366255147243953885598432512,1.054657825184,120267295.358443287304757922,1485.2479935733415,1789.6150561864365,0.8752879080593601,4811.1564628872,-67.44174855163746,3,1256
2023-10-20,1605.57386294565,193099485845.70489217252635074071385663445,1.077340675588,120268204.597848183265063153,1490.3121169813317,1788.5869989421349,0.89767725243182,4811.1564628872,-66.62810957550658,3,1257
2023-10-21,1628.75319929866,195889538097.25387066888976599864435991154,1.089883795427,120269625.982379509771874469,1494.428310736136,1787.389809085326,0.9112467750569495,4811.1564628872,-66.14632652538519,3,1258
2023-10-22,1663.03004091175,200014370740.02507060291380089232203113975,1.108389718946,120271050.924833528516536497,1500.401900599704,1786.149331934537,0.9310699901617747,4811.1564628872,-65.43388156797218,3,1259
2023-10-23,1763.06074313267,212045300673.24196830273004698618118987103,1.163271545372,120271125.937766738661123109,1515.6054922403048,1785.6041958255364,0.9873748881495857,4811.1564628872,-63.35474107456801,3,1260
2023-10-24,1784.6231823495,214637684002.6964312916002802207266440875,1.169752403846,120270590.523272637788539325,1525.6418165774924,1785.1955995689611,0.9996793532206782,4811.1564628872,-62.90656526937105,3,1261
2023-10-25,1786.28815692577,214837299092.8946105448593517722229346612,1.164696874767,120270236.50127814747659956,1533.69361215391,1784.868289818815,1.0007955024553095,4811.1564628872,-62.87195873372596,3,1262
2023-10-26,1804.61282933957,217040660414.36270546994654625721561014042,1.169338863439,120269930.971172678618957906,1543.2761928670043,1784.5856897676754,1.011222290802131,4811.1564628872,-62.49107998752108,3,1263
2023-10-27,1780.84673845704,214182913255.1460899298558157410298162584,1.150824760616,120270267.30032832671696971,1547.4525743639797,1783.929343486261,0.9982720139446797,4811.1564628872,-62.9850587443098,3,1264
2023-10-28,1776.20995675044,213626773392.66627805584218998580928067764,1.144203287,120271127.059491616465929381,1552.3552299937064,1783.3517769403813,0.9959952824326144,4811.1564628872,-63.08143436090775,3,1265
2023-10-29,1797.71945149036,216215228566.22870205214501573468137908616,1.153259692296,120271952.549092237307150406,1558.8158187609238,1782.7314768980086,1.0084073091133336,4811.1564628872,-62.63435900790599,3,1266
2023-10-30,1809.38564757452,217618310857.98127455822079817404403356864,1.156145236002,120271933.818917180313289232,1565.0158745033223,1781.7240899547003,1.0155251633941387,4811.1564628872,-62.39187684848857,3,1267
2023-10-31,1813.54269783752,218117786556.80874983594431873842169707336,1.155212602531,120271657.687957280604971793,1569.8778682505358,1780.280648533017,1.018683598752765,4811.1564628872,-62.305472461205234,3,1268
2023-11-01,1846.08104295733,222030361844.86212091791513116402728398517,1.171735182741,120271188.901425760726117249,1575.510465290336,1779.0386126227306,1.0376846403776265,4811.1564628872,-61.62916219420793,3,1269
2023-11-02,1799.2211244886,216393666196.2942877286221584381066612558,1.144807563064,120270745.630446478358257653,1571.6363016270668,1777.4378813340109,1.0122554174091531,4811.1564628872,-62.60314669939297,3,1270
2023-11-03,1832.61355727645,220409740045.07369678375363144562263816465,1.163068663472,120270713.468166741301411717,1575.6709941833706,1776.2180172808253,1.0317503479003998,4811.1564628872,-61.90908420016985,3,1271
2023-11-04,1859.52932407949,223648007470.49443286804624426002909241984,1.176166848225,120271299.072524907009625216,1581.0081085738639,1775.0074464888908,1.0476177594397085,4811.1564628872,-61.34963935544976,3,1272
2023-11-05,1896.54958766803,228101025215.86718239887868911934822932413,1.194616778942,120271585.145494092147949871,1587.5799010187097,1774.8088107992357,1.068593741550095,4811.1564628872,-60.58017230788831,3,1273
2023-11-06,1898.86499298656,228377819924.65281627272889140221354375264,1.193177513788,120270698.953408560977490569,1591.4354494983756,1774.5881324678505,1.0700313826318013,4811.1564628872,-60.5320465539996,3,1274
2023-11-07,1886.19089158387,226852300965.66796566180313500442871310311,1.184161865554,120270064.911179704590203453,1592.8488718064161,1774.771132092339,1.0627797902933966,4811.1564628872,-60.795478049118415,3,1275
2023-11-08,1892.6552150789,227628332105.0418300822477837157058497156,1.185943141178,120269307.527072532182446004,1595.9072145726323,1774.85662607539,1.0663707632903223,4811.1564628872,-60.661116933555135,3,1276
2023-11-09,2115.80718468732,254460314800.61240049008708759123446677564,1.299757922809,120266306.231594193741516177,1627.847114880206,1776.121575454408,1.1912513275708652,4811.1564628872,-56.02289800781883,3,1277
2023-11-10,2080.74105844535,250239215675.342562489596980697160992002,1.271403282763,120264467.63265762492076172,1636.570462460586,1777.3109421420177,1.1707242717684718,4811.1564628872,-56.751748264767784,3,1278
2023-11-11,2046.32508503799,246098573286.51085813362496425502320900999,1.246900913777,120263674.176648252910242801,1641.1288679221882,1778.2022893351793,1.150783067433264,4811.1564628872,-57.46708507979016,3,1279
2023-11-12,2044.94616014027,245931430048.25092800989065048584661345562,1.241568582719,120263034.226476472221128206,1647.0666128341425,1779.0925349824618,1.1494321514650327,4811.1564628872,-57.49574606615294,3,1280
2023-11-13,2062.53573699591,248041374424.58660473424181040830281540322,1.245996918728,120260400.814125854718982542,1655.3297251340634,1779.8583872194577,1.1588201352457363,4811.1564628872,-57.13014629837726,3,1281
2023-11-14,1982.44437434249,238406304665.33743411422919142315003089454,1.200604380174,120258761.229761501989386046,1651.2053488053912,1780.3009327527716,1.1135445350113682,4811.1564628872,-58.79484715089032,3,1282
2023-11-15,2056.27591466978,247282473649.76607678531802096601064403762,1.236746466134,120257438.160713703644556329,1662.6495170813653,1781.0530676241917,1.1545281564309129,4811.1564628872,-57.26025685234527,3,1283
2023-11-16,1959.63886236119,235658458179.93798261607611473525855795214,1.185270904915,120256064.883297203431801506,1653.3257116454088,1781.4235000862025,1.100040985350403,4811.1564628872,-59.26886025267196,3,1284
2023-11-17,1958.85209994155,235562574722.24764902542774432366262989485,1.186417523283,120255416.286546890450471687,1651.0647065639291,1782.058893258324,1.0992072749963817,4811.1564628872,-59.28521312802967,3,1285
2023-11-18,1962.39401081239,235988486694.27430687952594080422799225035,1.190519558643,120255405.078707928968675565,1648.350920877942,1782.509303892456,1.100916559889545,4811.1564628872,-59.211594427449846,3,1286
2023-11-19,2009.78161805961,241687427766.12206090694279894392772172146,1.217117869056,120255566.870725367817439586,1651.262929545519,1783.032730137342,1.1271703452716777,4811.1564628872,-58.226641898618915,3,1287
2023-11-20,2024.27034190532,243425936075.7507387882319425133877400258,1.223907734524,120253669.204395405892136565,1653.9403133134015,1783.7688543658633,1.1348277199429833,4811.1564628872,-57.92549343343233,3,1288
2023-11-21,1945.5181244886,233951871053.2416835275292508827363144962,1.18210219359,120251704.730192840185721667,1645.8121260904984,1783.5184692811174,1.090831498522569,4811.1564628872,-59.56236012077054,3,1289
2023-11-22,2064.39985739334,248243755106.72444169939790088551969765782,1.245928564884,120249841.239659303631791673,1656.9167090133635,1784.3388445967223,1.1569550613352892,4811.1564628872,-57.09140051216537,3,1290
2023-11-23,2063.22440122735,248100001870.9367210360023471189606520699,1.243141007245,120248675.676455507672604434,1659.6865433630785,1785.1535301417255,1.1557686027506822,4811.1564628872,-57.11583239616368,3,1291
2023-11-24,2079.30062361192,250031678627.0235385527000127205143845972,1.248484148464,120247969.816263264238310285,1665.4601711764358,1786.2987918760912,1.1640273357785225,4811.1564628872,-56.78168773658796,3,1292
2023-11-25,2084.53667621274,250661184415.77811242921966845433214111998,1.248270848609,120247912.774165347170722427,1669.9394034040174,1787.4803748889492,1.1661871679806532,4811.1564628872,-56.67285626038861,3,1293
2023-11-26,2065.37363062537,248356345002.9222536629451522115359480525,1.236028075668,120247659.46475407205788325,1670.9763081305073,1788.594932837517,1.1547464396249616,4811.1564628872,-57.07116061268296,3,1294
2023-11-27,2027.24106779661,243768743788.73304857385268429584245006289,1.215186689238,120246549.688184392244628949,1668.254833393394,1789.7531769769091,1.1326930963859743,4811.1564628872,-57.86374682605828,3,1295
2023-11-28,2049.73816247808,246470053307.87243555369352709911070058496,1.224756321879,120244652.619384598270175612,1673.5885546060354,1790.9625466963716,1.1444896858725766,4811.1564628872,-57.39614418509221,3,1296
2023-11-29,2028.84542109877,243954373407.38260536656600417504970002353,1.212672156229,120242957.334454416510542989,1673.0370287446797,1792.1088577001706,1.132099432677547,4811.1564628872,-57.83040030501836,3,1297
2023-11-30,2051.0453308007,246618749073.3827008947883232366030156903,1.223874767351,120240516.077285390699632129,1675.862094322002,1793.3645418044953,1.1436856718137878,4811.1564628872,-57.368974660827035,3,1298
2023-12-01,2086.10865020456,250829909221.05935138487434893301970926704,1.241784484805,120238180.881165239933127734,1679.928100029488,1794.698531909697,1.1623727401084907,4811.1564628872,-56.64018274407406,3,1299
2023-12-02,2164.74958825248,260282765586.54865982546563823065419840864,1.281465457775,120236893.449031689556997443,1689.2765818371101,1796.4008469389196,1.205048189518074,4811.1564628872,-55.00562900102811,3,1300
2023-12-03,2193.55490765634,263743672937.4531076184419701262483278093,1.292827597774,120235728.778380467223946145,1696.7110784401716,1798.2576735563946,1.2198223535552448,4811.1564628872,-54.406909761151766,3,1301
2023-12-04,2238.0204748685,269084023727.3609202921690503231445230995,1.309614711825,120233048.244641982614720927,1708.915190598103,1800.4287487419583,1.2430486218531598,4811.1564628872,-53.48269190303048,3,1302
2023-12-05,2291.50846785506,275506595270.64544950429945997916841219028,1.328705368187,120229359.452697205945203338,1724.6174529886873,1802.820479621561,1.2710685804590385,4811.1564628872,-52.37094271342999,3,1303
2023-12-06,2231.62348100526,268298419851.95318505964224173238602193054,1.288651079075,120225666.262973327289120329,1731.7515324684555,1804.8819873100472,1.2364373386712215,4811.1564628872,-53.615653570616765,3,1304
2023-12-07,2354.39729836353,283052087495.11484219598728590218986670186,1.341530040191,120222737.127610427018077162,1755.009003024877,1807.6215595426597,1.302483523685792,4811.1564628872,-51.063796895296896,3,1305
2023-12-08,2359.29733576856,283636040794.539176322763085655183005026,1.335529496554,120220557.406827429287191475,1766.563255889246,1810.3270191569204,1.3032437293386354,4811.1564628872,-50.96194950282841,3,1306
2023-12-09,2341.9603766803,281548755375.9294422952180987199339305231,1.32104155362,120219265.099190677446473877,1772.8135578042304,1812.764006814723,1.2919278890557016,4811.1564628872,-51.32229860438009,3,1307
2023-12-10,2351.04702162478,282638879627.4620598589215417489589704653,1.321360208152,120218301.474946157388404135,1779.2627681083702,1815.5135374240158,1.294976310097152,4811.1564628872,-51.13343247594354,3,1308
2023-12-11,2221.86452425482,267105263406.49860101614400062467761924742,1.256471026939,120216719.107156947726331431,1768.3372530027216,1817.5881689918124,1.222424618601723,4811.1564628872,-53.8184937157195,3,1309
2023-12-12,2201.24024839275,264620982863.8592987606974310493897467925,1.248177804981,120214494.10489111509331327,1763.5630433488263,1819.448193411742,1.209839475706692,4811.1564628872,-54.24716977356887,3,1310
2023-12-13,2260.86859175921,271782996002.96619406089110941962886201151,1.276902564938,120211761.529885494609795631,1770.5881825595568,1821.5986671230223,1.241145282198717,4811.1564628872,-53.00779325720679,3,1311
2023-12-14,2319.55548042081,278832103880.70361818368412260032443884988,1.305006002712,120209284.164273729427897148,1777.428973966727,1823.6400106531219,1.271937151450236,4811.1564628872,-51.787984898981385,3,1312
2023-12-15,2221.4636277031,267032304913.8200358215791741685461401065,1.256558477297,120205571.490684370546517615,1767.895142040441,1825.2730371011055,1.217058260626708,4811.1564628872,-53.82682635995613,3,1313
2023-12-16,2224.69860870836,267414141169.1010998660883194046480035948,1.260524980355,120202413.09197354364877543,1764.8984695898853,1826.8923663354713,1.217750235155255,4811.1564628872,-53.75958720383609,3,1314
2023-12-17,2200.06795558153,264449372810.90555939833910752401497051728,1.250951842478,120200547.505817989611725776,1758.7151486370842,1828.5279938077097,1.2031907430632927,4811.1564628872,-54.271535907164036,3,1315
2023-12-18,2215.89467299825,266343025922.6492956964611353378626051,1.261900884323,120196609.1476134162638828,1755.997400847421,1830.2980812185806,1.2106742042383314,4811.1564628872,-53.942577214201016,3,1316
2023-12-19,2176.07665926359,261549539421.98158884165758422435226101393,1.240167654606,120193164.293436719715098327,1754.6632918393016,1831.643704466681,1.1880458267931522,4811.1564628872,-54.77019556421337,3,1317
2023-12-20,2195.89209263589,263923558093.55238803289606879568374605799,1.250240028782,120189675.521234572243132891,1756.3764093964874,1833.1637067475108,1.1978701545057042,4811.1564628872,-54.358331316497576,3,1318
2023-12-21,2237.71803623612,268946081401.91783587979056517733697344812,1.270989811663,120187654.139969190910280101,1760.6105223677796,1834.8907603784285,1.219537470325815,4811.1564628872,-53.4889780971028,3,1319
2023-12-22,2326.30142402104,279589971631.7469216202297880039461142948,1.309480585008,120186476.586715186635609995,1776.5069987706827,1837.4585532334836,1.2660429373643889,4811.1564628872,-51.647770302921835,3,1320
2023-12-23,2311.02396814728,277753859978.12035558339282073497845964056,1.297865171528,120186490.407017401074503827,1780.6348601114476,1839.5979064874286,1.2562658176535997,4811.1564628872,-51.965312581823156,3,1321
2023-12-24,2268.21977440094,272609588572.6540682725553707701398330431,1.275170801645,120186584.937367034393805365,1778.75761543072,1841.779543369369,1.231537065642198,4811.1564628872,-52.85499875346458,3,1322
2023-12-25,2274.25886966686,273335490769.71559756818914085741971623356,1.276789921027,120186621.855301181599025346,1781.2318473171647,1843.9146603418997,1.233386185695365,4811.1564628872,-52.72947601662356,3,1323
2023-12-26,2229.44579982466,267950445079.74305672548963419985725049986,1.253094477661,120187019.168986592392862721,1779.1522024628957,1845.8697795222035,1.2078023187538958,4811.1564628872,-53.66091672506619,3,1324
2023-12-27,2378.56683167738,285871524727.52885848807870143005096853164,1.323454776298,120186458.887905409863419278,1797.2407325702245,1848.9981116057804,1.2864084699425087,4811.1564628872,-50.561432578104316,3,1325
2023-12-28,2351.43687638808,282608964784.67859887806314497936630584296,1.303573527538,120185648.027592194905901087,1803.8390828855904,1851.9961275818177,1.2696769941189834,4811.1564628872,-51.12532933553838,3,1326
2023-12-29,2295.94371127995,275939133740.6993271552611202097343115798,1.27272742886,120185496.005417267631150804,1803.9555518469963,1854.763581466973,1.2378632695947362,4811.1564628872,-52.27875607474752,3,1327
2023-12-30,2293.75403945061,275676714946.21928831801587509777319664307,1.272471889989,120185822.108567567744204087,1802.5970219824965,1857.5477287390358,1.2348291265752214,4811.1564628872,-52.32426845511243,3,1328
2023-12-31,2279.07572355348,273914618990.41264715988203228548060878636,1.265030041944,120186712.604411216163699407,1801.5981028017118,1860.692334874337,1.2248536100447789,4811.1564628872,-52.62935759553754,3,1329
2024-01-01,2347.43826125073,282133427486.70919474195511400780750039168,1.296719030761,120187794.560520929079206016,1810.2905915347744,1864.1103079500238,1.2592807685464846,4811.1564628872,-51.20844064501656,3,1330
2024-01-02,2357.63096084161,283359366280.16011731544768530144119138889,1.298448337187,120188176.600382167532615049,1815.729508306243,1867.3153626490302,1.2625778205439295,4811.1564628872,-50.99658514479525,3,1331
2024-01-03,2207.34334979544,265293790915.38190263442740123230306474472,1.225446739322,120186916.521150793454037863,1801.256047257257,1869.7141970411985,1.1805779478427965,4811.1564628872,-54.12031666767283,3,1332
2024-01-04,2272.18009088253,273086305344.09161122947684418384189689684,1.254934297516,120186910.553389743441856228,1810.5968538592438,1872.4745023042024,1.2134638352012077,4811.1564628872,-52.772683482445245,3,1333
2024-01-05,2267.64338778492,272541767132.7625847149534489025633581062,1.252936437664,120187225.469780283269563985,1809.8630701592174,1875.1378018205673,1.2093209286182967,4811.1564628872,-52.86697896280648,3,1334
2024-01-06,2238.93393980129,269092350636.28601493987557369005121475531,1.239189017329,120187713.381203429104234539,1806.7735498714974,1877.3834747340684,1.1925821069232727,4811.1564628872,-53.46370551296322,3,1335
2024-01-07,2218.46866306254,266630923706.50438174107452548361139354684,1.230346254174,120186923.595498131018410546,1803.1254661330454,1879.0042617592,1.1806618580979267,4811.1564628872,-53.88907677030264,3,1336
2024-01-08,2332.30309205143,280311865330.14355624880721282935399122038,1.285380553093,120186722.851526517245878266,1814.4845014491852,1881.2939732656291,1.239733462815979,4811.1564628872,-51.523025492049726,3,1337
2024-01-09,2339.66153652835,281196631712.773864527099166498288662323,1.288006036536,120186884.86456065066879338,1816.4988906579215,1883.5343958021572,1.2421655488441123,4811.1564628872,-51.37008005089265,3,1338
2024-01-10,2590.84570981882,311381248197.29476221129423149325551584606,1.398758991106,120185176.221501014214816283,1852.2459739617013,1887.1080913486212,1.3729185528356636,4811.1564628872,-46.149211113703004,3,1339
2024-01-11,2618.69897837522,314726093675.14055305873887031230700883636,1.398165610252,120184143.452186072053604938,1872.953360584542,1890.7025816203923,1.3850401453045629,4811.1564628872,-45.57028027303595,3,1340
2024-01-12,2519.14196843951,302760352950.65449301928655389288373599946,1.345366677865,120183918.470541894847388246,1872.457531382602,1894.0104497866691,1.3300570589371628,4811.1564628872,-47.639575061174384,3,1341
2024-01-13,2580.01773290473,310078136113.07624936879546714205495813815,1.366660929593,120184498.020473964895498655,1887.8257781709433,1897.4658182407895,1.3597176339633668,4811.1564628872,-46.37427086799734,3,1342
2024-01-14,2479.10104091175,297947123167.0191598049454754469908995795,1.312651512519,120183533.567248966615336594,1888.6208694905733,1900.7129805128527,1.3043005789558166,4811.1564628872,-48.471826679608164,3,1343
2024-01-15,2512.73806808884,301989720118.87885989587344842003177315696,1.32378505921,120183525.674273246802647244,1898.146568891158,1904.0107936689017,1.3197078905456001,4811.1564628872,-47.772680280264,3,1344
2024-01-16,2590.58586411455,311342907184.1428791724571119754444286053,1.35335697909,120182431.123763740913869966,1914.192562746058,1907.2906354120344,1.35825438242919,4811.1564628872,-46.154612012764886,3,1345
2024-01-17,2524.52326651081,303399684626.24614951073995933272411860154,1.319144798873,120180981.752479718371411434,1913.7575106748059,1910.297576303326,1.3215340362814523,4811.1564628872,-47.52772465446217,3,1346
2024-01-18,2466.73101315021,296451109518.59963507287539013785784971336,1.294832471424,120179747.178841439104711016,1905.05804232528,1912.9532436805907,1.2894883977426082,4811.1564628872,-48.72893799695902,3,1347
2024-01-19,2490.05942811222,299252917420.53406974878401171536627947994,1.307751445785,120179026.268222695374547527,1904.0769835414098,1915.6325217065992,1.2998627867801467,4811.1564628872,-48.244056344450655,3,1348
2024-01-20,2469.73605902981,296812121980.39450172522526977415698652657,1.299074055667,120179693.249080081180233597,1901.151091622519,1918.2892988471604,1.2874679854149498,4811.1564628872,-48.66647804782245,3,1349
2024-01-21,2454.59006867329,294994205694.85641342385134496975748510833,1.293855724701,120180640.123872606753678577,1897.1126546899393,1921.0015199298607,1.277765812888535,4811.1564628872,-48.98128781286241,3,1350
2024-01-22,2312.20573436587,277883337589.31256131701363670890712825336,1.231293585299,120181060.646630987317770728,1877.8671163176634,1923.2906712200418,1.202213357016451,4811.1564628872,-51.94074954323346,3,1351
2024-01-23,2238.99027849211,269085896661.34578255543518695673230344492,1.202481538145,120181806.614438150634258372,1861.974764241348,1925.1389848012807,1.1630278624913029,4811.1564628872,-53.46253451195224,3,1352
2024-01-24,2233.65031472823,268446522806.0937385392402966937524713628,1.207390268893,120182877.79246942654804036,1849.9820416609452,1926.9869534833376,1.1591413790791625,4811.1564628872,-53.573525784114594,3,1353
2024-01-25,2218.09818790181,266576971912.11265429696910725464814414722,1.206067406852,120182674.223397991017593562,1839.116267714545,1928.7642804222623,1.1500099884762507,4811.1564628872,-53.896777105213545,3,1354
2024-01-26,2266.88314348334,272440807967.29378131423129815813913096556,1.234242952006,120182996.088918612592379834,1836.6587711106654,1930.6970022808246,1.174126826117906,4811.1564628872,-52.88278065845792,3,1355
2024-01-27,2266.63358649912,272413026523.31419489975989226452788237352,1.239397480737,120183971.571719210821260371,1828.8189396280525,1932.6383353360557,1.1728182894110852,4811.1564628872,-52.887967706232075,3,1356
2024-01-28,2255.09584307423,271028865337.02100786261749385443789143968,1.238185196053,120185076.022110191823672416,1821.2912335431456,1934.5558619345359,1.1656917680418684,4811.1564628872,-53.127779974111775,3,1357
2024-01-29,2314.929449737,278222075744.928813279336665476931502703,1.268526037083,120185984.837048803924232119,1824.8970711395289,1936.1204179310291,1.1956536526848742,4811.1564628872,-51.88413705531833,3,1358
2024-01-30,2348.3221987142,282234361424.0476536980313169890517119958,1.28308940624,120185535.689515780878625049,1830.2093270302862,1938.1863426490302,1.2116080621559915,4811.1564628872,-51.19006798409214,3,1359
2024-01-31,2284.19509848042,274526642060.58866784678573140364789886572,1.25048737781,120185286.380843661439159966,1826.6438662345956,1939.953729215366,1.1774482370794925,4811.1564628872,-52.52295126752826,3,1360
2024-02-01,2300.17150613676,276445467080.77441409479884917026006920372,1.257368037926,120184719.419064898140272647,1829.354203985367,1941.8318555113917,1.1845369101389047,4811.1564628872,-52.19088125942146,3,1361
2024-02-02,2306.20428988895,277170806876.52614740927598518544511615415,1.259516652591,120184845.762242803967367977,1831.023262094049,1943.8014450613625,1.1864402589823915,4811.1564628872,-52.065489707541445,3,1362
2024-02-03,2294.85958562244,275808350629.18238123750144869315790582628,1.25217286773,120185283.821787402812040937,1832.7018934555524,1945.78874763588,1.1793981172985395,4811.1564628872,-52.30128965198353,3,1363
2024-02-04,2287.55248538866,274931718349.5633795127871012289213571296,1.248067540167,120185971.73426248173647856,1832.875555022102,1947.7789293044948,1.1744415400393977,4811.1564628872,-52.45316790184188,3,1364
2024-02-05,2296.7951823495,276043369834.749810362993340787501152588,1.252297782244,120186323.950911479290167624,1834.0647207997597,1949.8030210943837,1.1779626749477272,4811.1564628872,-52.26105822858271,3,1365
2024-02-06,2374.23775832846,285347504304.1384990425443669757747975477,1.28758412469,120184890.204522882499776495,1843.9476790691901,1952.2136594243077,1.2161772083023965,4811.1564628872,-50.651412469265914,3,1366
2024-02-07,2424.69836703682,291407572330.2561810715513678344000617808,1.306559315001,120183019.99616558585131944,1855.7889712301076,1955.030730235237,1.2402354241997366,4811.1564628872,-49.60258753294118,3,1367
2024-02-08,2421.88923232028,291061290860.52174916121134860764847657168,1.301214159611,120179439.660694886076723756,1861.2533643534184,1957.7003172253014,1.2371092812371227,4811.1564628872,-49.66097546395547,3,1368
2024-02-09,2490.79084073641,299329979260.5578739923707818181794360102,1.328635060211,120174674.79206726235140022,1874.699016553762,1960.9046501621806,1.2702253730340247,4811.1564628872,-48.228853915890454,3,1369
2024-02-10,2500.52634102864,300496508640.79874174633317389842945815344,1.327217914799,120173302.600437184660658071,1884.0360073103232,1964.119514403852,1.273102946481135,4811.1564628872,-48.02650131382214,3,1370
2024-02-11,2504.4711899474,300969179572.9267480513924252730468112042,1.324527427294,120172745.760053176925693133,1890.8413207146768,1967.2860295616545,1.2730590022567485,4811.1564628872,-47.944507536459255,3,1371
2024-02-12,2654.8437238457,319034809846.9319114234218059934367258633,1.384206208787,120170843.572212566356924369,1917.9539197213817,1971.265039446225,1.3467715759781893,4811.1564628872,-44.81901089010699,3,1372
2024-02-13,2638.38654091175,317056189146.52499668140391937129440225125,1.366287116714,120170484.585992300188176915,1931.0630310686258,1975.0818958021573,1.3358365273457176,4811.1564628872,-45.161073823642795,3,1373
2024-02-14,2779.39197662186,333999821754.63172338284092760547352444858,1.412884877623,120170103.592435046578996553,1967.1751185403264,1979.5738418585572,1.4040355140338587,4811.1564628872,-42.23027253297989,3,1374
2024-02-15,2825.4183603156,339527152869.9586003358865948334803207192,1.421352188692,120168806.729221270060743982,1987.8383294401458,1984.3933997340687,1.4238196723967325,4811.1564628872,-41.27361306765627,3,1375
2024-02-16,2802.71410578609,336797511655.58653226952020632032354725193,1.400070738839,120168343.592477620565194777,2001.8374986611204,1989.126044539738,1.4090178515734066,4811.1564628872,-41.74552153092592,3,1376
2024-02-17,2786.64820397429,334867852776.84425709291880489111656188613,1.386165130135,120168685.914231674579822097,2010.3291760794007,1993.7243363062487,1.3977098805630686,4811.1564628872,-42.0794516771544,3,1377
2024-02-18,2877.23226680304,345753391043.19027822138094377927858539952,1.417111852234,120168745.162643733922999013,2030.3494479050753,1998.9190222092293,1.4393941099340224,4811.1564628872,-40.19665980523115,3,1378
2024-02-19,2948.52049386324,354316704848.2191605668251031012465999326,1.435039686899,120167624.944665989136671615,2054.661289706032,2004.4820434044368,1.4709637851658859,4811.1564628872,-38.71493233263469,3,1379
2024-02-20,3014.12615604909,362195802464.81571255403563800836431775305,1.451406690636,120166105.767643508821301645,2076.6930285599783,2010.4213062697204,1.4992510010957432,4811.1564628872,-37.35131710432263,3,1380
2024-02-21,2965.02309906487,356289925059.19503491484534889977590936035,1.421176896567,120164299.958258091390522805,2086.3152970099572,2016.069519693157,1.4706948694488187,4811.1564628872,-38.37192529619907,3,1381
2024-02-22,2972.48551987142,357178747700.2718416650623186310701760739,1.417723689474,120161644.291448802713783045,2096.660683559759,2021.7972359205096,1.4702194003732867,4811.1564628872,-38.216818704590295,3,1382
2024-02-23,2923.20721975453,351251792800.34740016459060433850719221472,1.393199636223,120159730.869111293896240224,2098.1969444662072,2027.2839423538817,1.4419328041243156,4811.1564628872,-39.241069329092284,3,1383
2024-02-24,2990.13751957919,359292541323.70955101907358834556116271513,1.417007813987,120159203.037014078619728327,2110.177156444828,2032.9511211995862,1.4708359135633304,4811.1564628872,-37.84992147636801,3,1384
2024-02-25,3111.73178638223,373901389054.79641991359831656198549241328,1.46250740699,120158617.362553172055141136,2127.6690781255693,2039.233153817938,1.5259323243918013,4811.1564628872,-35.32258178702292,3,1385
2024-02-26,3175.87239129164,381602696978.15136730068580230523436786168,1.476642594347,120156810.463959486934239562,2150.7387118926176,2045.8580629734029,1.5523424859082844,4811.1564628872,-33.98941780858687,3,1386
2024-02-27,3244.34883255406,389821991485.66352844188986717940939608008,1.490694954335,120154154.687115629339313468,2176.400224015896,2052.8468800467517,1.5804144303642234,4811.1564628872,-32.566133369790485,3,1387
2024-02-28,3376.60128696669,405699438502.21443124714691816183004291441,1.529719200326,120150235.110129730747409189,2207.334055980404,2060.4868544418423,1.638739543369407,4811.1564628872,-29.817263000830074,3,1388
2024-02-29,3350.23638281707,402515295030.96948614664851182004343479766,1.506115394024,120145341.712429153541940738,2224.4221100921063,2068.0432516057817,1.6200030537154864,4811.1564628872,-30.365258152369968,3,1389
2024-03-01,3438.18769988311,413070896780.66867536032011569156946502702,1.525583639569,120142043.668736316765009282,2253.6867928489646,2076.014979852421,1.656147828050606,4811.1564628872,-28.537187962915773,3,1390
2024-03-02,3420.33950701344,410917409695.515718635362904006568540776,1.50643142499,120139363.023151796607988525,2270.4913415067304,2083.9810653711233,1.641252679234076,4811.1564628872,-28.90816307061283,3,1391
2024-03-03,3482.48343074226,418373036856.63046180755117658218140292828,1.518525538509,120136404.142907297183733278,2293.332145181844,2092.358773782871,1.664381593815347,4811.1564628872,-27.61650015737789,3,1392
2024-03-04,3630.73033343074,436161092897.61089736129682344401475623668,1.558428332525,120130401.556282678676963482,2329.7384022453894,2102.06793142314,1.7272183639529983,4811.1564628872,-24.535184805610758,3,1393
2024-03-05,3552.95023524255,426791266257.23571077751567997588413579855,1.514204183112,120123063.369644934460279121,2346.4142252866513,2111.529410669195,1.682643025140973,4811.1564628872,-26.151845971968118,3,1394
2024-03-06,3820.764292519,458939871618.859414411940916056030090669,1.589004016746,120117294.991857230828403851,2404.502601789045,2122.288920644356,1.8003035568592438,4811.1564628872,-20.585324505822886,3,1395
2024-03-07,3868.68848305085,464677599356.7701000483199281373216612916,1.591954354158,120112436.396100074066774696,2430.1503827332012,2133.214554076559,1.8135487007895252,4811.1564628872,-19.589219080827192,3,1396
2024-03-08,3895.41697779077,467872395755.07972265572881547422040057033,1.587773606236,120108424.444057040894829429,2453.383128735402,2144.3552035213283,1.816591286459424,4811.1564628872,-19.033666690334368,3,1397
2024-03-09,3914.19767445938,470114946488.17610680972453309840025481236,1.58191716258,120105059.986043577714653722,2474.3379533701927,2155.76675485096,1.8156870012266193,4811.1564628872,-18.643309469290273,3,1398
2024-03-10,3872.30338077148,465068887749.3557296179778887275308762554,1.557037626044,120101356.226045474597268855,2486.9684046171233,2166.7337995835724,1.7871615708010387,4811.1564628872,-19.51408334686146,3,1399
2024-03-11,4072.90353009936,489142422840.44470564456796006753633463312,1.593187158502,120096736.695482668082370417,2556.4501373014596,2178.8151167255946,1.8693203929208426,4811.1564628872,-15.344604534952303,3,1400
2024-03-12,3971.09591408533,476900334294.71118141886024308273334220812,1.546056856813,120092877.284369630614815964,2568.5316142067636,2190.40575406487,1.8129499097214863,4811.1564628872,-17.460678223250824,3,1401
2024-03-13,4004.5978722969,480908185956.4936913864817906042362661498,1.542020815692,120089008.008352471328687242,2596.9804243529557,2202.1991013150164,1.8184540489121093,4811.1564628872,-16.764339235525096,3,1402
2024-03-14,3882.89582524839,466280907046.30739989700154112583412577023,1.495278945346,120085865.815490754683610857,2596.770212898241,2213.329810711568,1.754323195059696,4811.1564628872,-19.293919139801915,3,1403
2024-03-15,3736.92063383986,448743632254.69251045003871019002447450424,1.447308248492,120083800.600706771734514684,2581.979780557104,2223.7503442840402,1.6804587095153438,4811.1564628872,-22.32801691929773,3,1404
2024-03-16,3519.47903243717,422628470884.09949464831987221575942501983,1.377867069469,120082678.995657374858822099,2554.2950480654863,2232.7129660622395,1.5763239995172136,4811.1564628872,-26.84754570785436,3,1405
2024-03-17,3638.45260432496,436914677347.14227024603261849316177274656,1.421702433275,120082552.903888326658105086,2559.222323298348,2242.380013378137,1.6225851919022614,4811.1564628872,-24.374677223831018,3,1406
2024-03-18,3529.94917767387,423880484898.4878983183875961496584125026,1.394610544132,120081186.31832890813715398,2531.136160218046,2251.8013747399136,1.5676112543814325,4811.1564628872,-26.629923493372964,3,1407
2024-03-19,3165.8325338983,380151343242.5638134755268542651621863986,1.280941441222,120079422.765441796666674942,2471.4888846738704,2259.486770185559,1.4011290420781297,4811.1564628872,-34.19809648014508,3,1408
2024-03-20,3519.0726811806,422563427536.4576487148534010864854003884,1.415137146509,120078061.983844416858343114,2486.736137102892,2268.897716765045,1.5510054310416568,4811.1564628872,-26.855991728259326,3,1409
2024-03-21,3489.54293863238,419014699224.68832505126515185802875570964,1.411642495293,120077244.095729157475696878,2471.97356998529,2278.167607825828,1.531732312690825,4811.1564628872,-27.46976812019356,3,1410
2024-03-22,3316.85662302747,398278418620.51207039634384797488103039413,1.359857932654,120077068.105820730055559279,2439.119957592957,2286.614802323198,1.4505532893679982,4811.1564628872,-31.059057243027034,3,1411
2024-03-23,3354.71804412624,402826224098.83333305411782915070963253104,1.381717784149,120077520.316242334817630771,2427.9328836983964,2295.224779827581,1.4616076271092928,4811.1564628872,-30.272106716873303,3,1412
2024-03-24,3455.31273378142,414906995990.6685184975173376858512905133,1.422372225756,120077986.555099230794757615,2429.260548830598,2304.339363889533,1.499480843806417,4811.1564628872,-28.181243731411126,3,1413
2024-03-25,3595.95377440094,431793897935.09675674534343563311280980732,1.470552372141,120077710.956401409879326178,2445.3082001870735,2314.08872611484,1.5539394552248837,4811.1564628872,-25.25801640125856,3,1414
2024-03-26,3593.26549181765,431468093653.64763856963446720085764527465,1.465584771985,120076875.654236699759335381,2451.7623002802507,2323.8731286060734,1.5462399593100828,4811.1564628872,-25.313892417846823,3,1415
2024-03-27,3498.33240648743,420064182413.07712600078672634833698643595,1.42982601188,120075548.462488987792807165,2446.6839863177925,2333.1914094622975,1.499376515917161,4811.1564628872,-27.28707882453562,3,1416
2024-03-28,3566.1563798948,428203988053.254522115381953773384208696,1.447599462436,120074372.07952342966467102,2463.496617975888,2342.9351054222625,1.522089268132793,4811.1564628872,-25.877355945420017,3,1417
2024-03-29,3516.30310140269,422216663301.28880713429167327803706953782,1.429872423381,120074024.088782953405011278,2459.172611419575,2352.769822685559,1.4945376583371088,4811.1564628872,-26.913557508945818,3,1418
2024-03-30,3506.18175686733,421001603763.66518489646549076604243327169,1.424256497438,120074095.685164280310017093,2461.762865870274,2362.3306842971897,1.4842044681439017,4811.1564628872,-27.123929892663433,3,1419
2024-03-31,3644.72632057276,437637607654.55759096970146827875565856536,1.467171164405,120074202.878910230639423386,2484.186173363659,2372.515719802742,1.5362285232300983,4811.1564628872,-24.244277884375006,3,1420
2024-04-01,3510.49059088252,421518400640.97925278220237958626588639084,1.415932402349,120073929.762338889587606917,2479.2783787267635,2381.930556319399,1.4738005613005745,4811.1564628872,-27.03437067652844,3,1421
2024-04-02,3283.00576212741,394198014695.41155215905377982532086561446,1.33930753485,120072288.401945589364385006,2451.271031261017,2390.1259707247173,1.37357018096078,4811.1564628872,-31.762648181321858,3,1422
2024-04-03,3317.26652045587,398308647929.80919634974938754471387986335,1.357905003229,120071343.521434109243243205,2442.929742925793,2398.5387016802993,1.3830364788910658,4811.1564628872,-31.050537515357362,3,1423
2024-04-04,3327.80180274693,399572072652.47877448804790925062007545091,1.36540294484,120070874.510210460000867687,2437.2305738192817,2407.074807976325,1.3825086747281772,4811.1564628872,-30.831561425672305,3,1424
2024-04-05,3323.68147399182,399078541470.16972909069772016468662211054,1.367880951594,120071235.644270980402097297,2429.8031711887747,2415.5049772954367,1.3759779032677628,4811.1564628872,-30.91720255555228,3,1425
2024-04-06,3368.21936294565,404429950925.5345179900596945442935769276,1.387309316035,120072331.207027874683933304,2427.879149959283,2424.128667670948,1.3894556868475818,4811.1564628872,-29.991481488332973,3,1426
2024-04-07,3447.5169082408,413954386217.2839440737329754039848736696,1.416630774805,120073199.707239932580550987,2433.6030033763404,2433.252908815016,1.4168345985538044,4811.1564628872,-28.343280148242627,3,1427
2024-04-08,3700.18461426067,444293084869.3241883513150998702601831553,1.500833220103,120073220.98389350846520859,2465.4202510301125,2443.830390452947,1.5140922335346139,4811.1564628872,-23.091575948453567,3,1428
2024-04-09,3499.24437755699,420164384263.21751953344400722247653316082,1.431249165637,120072889.723854265319336518,2444.888326624523,2453.358484602567,1.426307814173293,4811.1564628872,-27.26812348445066,3,1429
2024-04-10,3541.31580829924,425217575814.1801621451924544669812161648,1.44369589165,120073328.34243780027539452,2452.951365160339,2463.100394875799,1.4377472455716973,4811.1564628872,-26.393667809047354,3,1430
2024-04-11,3504.10413237873,420750811051.75945681674996207550375084539,1.427860072139,120073717.890951060823072043,2454.09490800413,2472.7147116291594,1.417108134593511,4811.1564628872,-27.16711336642129,3,1431
2024-04-12,3234.93164260666,388428557773.26248240143393896298064294282,1.331628607213,120073188.767683667086165577,2429.304706345362,2480.9516099883062,1.3039075931923991,4811.1564628872,-32.761869883870695,3,1432
2024-04-13,3030.38006370544,363861021415.10229903012775747100953255616,1.260997344116,120071084.737201609887015764,2403.1613372110896,2488.1433256049045,1.2179282569940821,4811.1564628872,-37.013479252202636,3,1433
2024-04-14,3158.85037901812,379290245495.98032860357491042241322127592,1.31233022592,120072241.475988128650784066,2407.0545024623125,2495.955217169779,1.2655877626682792,4811.1564628872,-34.34322073320232,3,1434
2024-04-15,3103.08803565167,372597525247.19349733190979194837643477384,1.298207064861,120073140.357729307526716152,2390.28743537451,2503.206187203385,1.2396454001731598,4811.1564628872,-35.50224234882832,3,1435
2024-04-16,3088.46737171245,370845872685.8602180157391143618775466773,1.299806805103,120074401.977651073046340954,2376.0972473657052,2510.3107340298025,1.2303127775558418,4811.1564628872,-35.80613319195517,3,1436
2024-04-17,2984.85811309176,358407794282.97799067015633106172163534424,1.2714412954,120075320.401656853988657349,2347.6177184827966,2516.8793482334845,1.1859361137778552,4811.1564628872,-37.95965406411806,3,1437
2024-04-18,3067.80594067797,368371393128.89030075079554545707178068732,1.30931757466,120076497.748577290248089356,2343.057177304451,2523.560634888949,1.2156656346055938,4811.1564628872,-36.23558152093513,3,1438
2024-04-19,3055.9694956166,366954029574.2434324028528968821987430224,1.312965450968,120077778.950540039308196664,2327.5322997749477,2530.5245192226726,1.207642712964241,4811.1564628872,-36.48160230933964,3,1439
2024-04-20,3155.52894243133,378914210958.96923724183094897596143630367,1.355937770075,120079459.853414129713679499,2327.193040914253,2538.0176503024504,1.243304569633427,4811.1564628872,-34.41225687061358,4,0
2024-04-21,3147.65961542957,377974604229.94786101507541747547281983745,1.352893303647,120081155.655188148093413285,2326.6133455937816,2545.511096386612,1.2365530913998828,4811.1564628872,-34.575821017039985,4,1
2024-04-22,3205.79751431911,384960384027.4689909382092669849457500164,1.37234339379,120082563.63915486025151324,2336.0024384754465,2553.4750278112174,1.2554646038841621,4811.1564628872,-33.367423424111756,4,2
2024-04-23,3217.77177995324,386402185570.29228621543117269139782224896,1.37506136604,120083775.977396197930523904,2340.0932201447918,2561.335253443888,1.2562868432106764,4811.1564628872,-33.118538031867736,4,3
2024-04-24,3133.02161046172,376228123879.44408810877275606560355753652,1.342206758108,120084752.247846307163166091,2334.2317355621776,2568.8246320426606,1.2196323452295865,4811.1564628872,-34.880072293853914,4,4
2024-04-25,3158.31867445938,379269960296.05845104541713968070040013188,1.350175272041,120086032.914642269960212626,2339.1916144969014,2576.4512752250102,1.2258406377910458,4811.1564628872,-34.35427222493495,4,5
2024-04-26,3129.83962390415,375855424827.67074474287113847117893645225,1.337490815311,120087758.477167632788876615,2340.083078010808,2584.202700504087,1.211143237058621,4811.1564628872,-34.94620995913492,4,6
2024-04-27,3253.06380333138,390659207165.81356716007258217967485223156,1.379411804457,120089623.439217330267894762,2358.297785201233,2592.6263798348873,1.254736829276015,4811.1564628872,-32.38499249764163,4,7
2024-04-28,3262.86946580947,391842597626.88323546647131860678895099936,1.379598194274,120091410.867910047118977888,2365.086790742375,2601.114165089125,1.2544122474907482,4811.1564628872,-32.1811815728935,4,8
2024-04-29,3220.45092109877,386753524919.17433860271658167674910297921,1.36113590155,120092972.814881396442119773,2366.0024817738376,2609.525914434537,1.2341134086022731,4811.1564628872,-33.06285202027788,4,9
2024-04-30,3012.4375447107,361775569243.8784208018689897484043050586,1.285860743622,120093965.061314359927786398,2342.7401136963676,2616.836798106366,1.1511751695369785,4811.1564628872,-37.38641493062313,4,10
2024-05-01,2970.35463997662,356726195602.67685840498840053792669259138,1.274329954251,120095489.879109078691816399,2330.914870256248,2623.910259852421,1.1320336237961448,4811.1564628872,-38.26110909321592,4,11
2024-05-02,2988.55618001169,358917057221.03221934931671526468923783859,1.285903541135,120097142.433383428567259011,2324.090481447658,2631.0715608708315,1.1358703520106987,4811.1564628872,-37.88278965639289,4,12
2024-05-03,3107.4065829924,373196143883.5149436910495003159316157512,1.332534732186,120098910.109191750852347138,2331.951661698719,2638.6036243629414,1.1776708537428184,4811.1564628872,-35.41248124099399,4,13
2024-05-04,3116.85577060199,374336891693.35986050600700410937925585564,1.336508045027,120100806.467878485124901636,2332.0890451796895,2646.3614312478044,1.1777891461833843,4811.1564628872,-35.21607965475418,4,14
2024-05-05,3138.82202250146,376981046697.40790247520878823299052879322,1.345308060943,120102714.965971777239038557,2333.16227979879,2654.2384948173544,1.1825697007372546,4811.1564628872,-34.75951059347098,4,15
2024-05-06,3067.52578550555,368423882518.2765934009282769227909216417,1.321075342486,120104575.570033138359258494,2321.991552528018,2661.743981651077,1.1524495994550037,4811.1564628872,-36.241404552769175,4,16
2024-05-07,3014.6582182934,362079795679.003859533153367994599797573,1.305352821626,120106416.535662032690695595,2309.4585374536673,2668.789403427816,1.129597642444678,4811.1564628872,-37.340258178087026,4,17
2024-05-08,2970.40599883109,356770689460.95994385035496835607476788742,1.291192033974,120108392.455898569042743438,2300.5145018505464,2675.497667425478,1.110225598398443,4811.1564628872,-38.26004159822036,4,18
2024-05-09,3034.47790239626,364472369946.59748690921726220449848105062,1.315753688256,120110405.041599323469857687,2306.265929163678,2682.3549067329004,1.1312738276279197,4811.1564628872,-36.92830557883678,4,19
2024-05-10,2910.85627527762,349629483363.7655435983952254656275711841,1.269414827182,120112245.435553145618835805,2293.069383583213,2688.093884393625,1.0828700188551061,4811.1564628872,-39.49778399992421,4,20
2024-05-11,2911.31118176505,349690007700.89264562155942434257528816285,1.271771602779,120114266.688896155443721157,2289.1776915001287,2693.727324390703,1.0807742696909988,4811.1564628872,-39.488328757906224,4,21
2024-05-12,2930.52381063705,352003901545.84550047009959346626529998945,1.282599961366,120116376.556355419198888329,2284.830733595198,2699.4485026592592,1.0856009320978546,4811.1564628872,-39.088993815877124,4,22
2024-05-13,2948.49537142022,354167408644.94842649003402781996387137082,1.29179722101,120118014.115909709053515231,2282.4753943307915,2705.1679153696623,1.0899491135718675,4811.1564628872,-38.71545450320249,4,23
2024-05-14,2881.04924284044,346070984481.23697167163074999749158039228,1.270059502326,120119774.190337670268498437,2268.43642960354,2710.668927891579,1.062855449883873,4811.1564628872,-40.11732386870854,4,24
2024-05-15,3028.85788924606,363830966552.95958722124497972528081362638,1.328933770552,120121504.493406256943604473,2279.1639104693395,2716.9321675540577,1.1148080638217832,4811.1564628872,-37.04511768406662,4,25
2024-05-16,2941.34486236119,353324561848.8448414344520862485286783667,1.295266607654,120123473.57501306285583493,2270.84126540449,2722.650294608412,1.0803241489315953,4811.1564628872,-38.864078001818434,4,26
2024-05-17,3092.48875365283,371486331178.96436563240444239911948637271,1.351503116473,120125362.053513319769544637,2288.1847003973303,2729.065810138803,1.1331675264714642,4811.1564628872,-35.72254867394167,4,27
2024-05-18,3122.58925452952,375108822274.84826720844980121017166805328,1.360896553298,120127494.107887670495532014,2294.5089007406405,2735.611042922263,1.1414595150902282,4811.1564628872,-35.09690905675435,4,28
2024-05-19,3070.15583752192,368816741820.62265748758204700041304776704,1.337750849254,120129648.571296477581783087,2295.01318517869,2741.7314168950857,1.1197872332070964,4811.1564628872,-36.18673885988103,4,29
2024-05-20,3661.91130683811,439907646002.68809770063929500883526080092,1.54572926357,120130611.896913439487798772,2369.050902472143,2751.0448678068333,1.331098358187604,4811.1564628872,-23.88708754151434,4,30
2024-05-21,3796.88597720631,456126094381.74478986775761551549332671246,1.561184609847,120131628.160547322557101666,2432.054449715857,2760.8662299064827,1.3752517003820646,4811.1564628872,-21.081635850026398,4,31
2024-05-22,3740.96768877849,449413617718.12213036819214180546130814335,1.521325285394,120132985.662024195051043415,2459.018938746973,2770.2734217299776,1.350396556323431,4811.1564628872,-22.243898787413045,4,32
2024-05-23,3766.94141028638,452538666485.01241149708918126857526435954,1.511428821328,120134246.115234472440230583,2492.3048688304084,2779.6253808430693,1.3551975155529248,4811.1564628872,-21.70403437626266,4,33
2024-05-24,3728.02142022209,447869134955.31821842737485314989168986188,1.483050032331,120135880.262361057136819532,2513.752967836514,2788.771162979247,1.3367971778076768,4811.1564628872,-22.512987283209558,4,34
2024-05-25,3748.06725365284,450284938731.4551517848816944904045389802,1.475632917387,120137902.619706360812899905,2539.9726513893365,2798.080544789592,1.339513710794442,4811.1564628872,-22.096334164871344,4,35
2024-05-26,3824.52689099942,459478056408.91113146501691404501330558368,1.488841239735,120139841.999866543119928304,2568.794300512626,2807.739903169195,1.3621371718521869,4811.1564628872,-20.507118808098344,4,36
2024-05-27,3887.71309000584,467072767784.07124230253213666516753496016,1.494326128999,120140750.351351061330629274,2601.6496764398353,2816.5994326957866,1.3802861155463926,4811.1564628872,-19.193792178756063,4,37
2024-05-28,3844.94370251315,461937527003.6464873195581198232221972999,1.46986136136,120141558.041984523915485346,2615.854667378689,2825.420445916126,1.3608394842865412,4811.1564628872,-20.082754901598456,4,38
2024-05-29,3769.94606195208,452931893656.49888618111490389019737325024,1.440224849497,120142804.754604504838922428,2617.6093706956503,2834.038550800696,1.3302381016965925,4811.1564628872,-21.641582620871247,4,39
2024-05-30,3747.58575832846,450249699917.01993828633463314786655337126,1.424756340851,120143935.043089002309652181,2630.3345006276973,2842.5517487916372,1.318387874529127,4811.1564628872,-22.10634205648938,4,40
2024-05-31,3755.48389596727,451203485747.25962523661464488471498890349,1.425364904263,120145232.477703581316491387,2634.752605971509,2851.016489586494,1.317243835552827,4811.1564628872,-21.942179080295706,4,41
2024-06-01,3813.36246522501,458164117547.75683290333610339199149781244,1.444123256553,120147015.062393905700791244,2640.6073359189463,2860.1710800409073,1.3332637658760154,4811.1564628872,-20.73917165985096,4,42
2024-06-02,3781.31107510228,454319407953.39976068854659189696003295432,1.43123684489,120148646.575212264734615594,2641.988353362227,2868.79625584307,1.3180828256452963,4811.1564628872,-21.405360555805007,4,43
2024-06-03,3767.48563822326,452663028946.53350018247386629034401407606,1.42602534035,120149901.662268482186409281,2641.9485906881414,2877.8354897223803,1.3091386396748839,4811.1564628872,-21.69272258582145,4,44
2024-06-04,3812.18925131502,458039955478.51725931807575193873322479032,1.440697296918,120151420.950708503713312516,2646.0723286357343,2887.1021754792473,1.320420622343306,4811.1564628872,-20.763556938505687,4,45
2024-06-05,3863.33180479252,464187491775.93959202398844194643110170904,1.456458922365,120152116.160488253243618702,2652.551160536156,2896.606864449148,1.3337439236950837,4811.1564628872,-19.70055776414899,4,46
2024-06-06,3811.85764231444,458004828021.46911544926250433519113687216,1.438394080543,120152658.099630131370056764,2650.078788474607,2905.617244570422,1.311892558951962,4811.1564628872,-20.77044943936568,4,47
2024-06-07,3679.91953915839,442155533054.29384136397630856454397045936,1.395003105774,120153587.150282177594982224,2637.9292805349223,2913.895490556687,1.2628865898191006,4811.1564628872,-23.512786010080188,4,48
2024-06-08,3680.01974547049,442174089685.62150685250716348290094648255,1.395896742578,120155357.924333531667691495,2636.3122953307256,2922.567998661596,1.259173352734914,4811.1564628872,-23.510703219531322,4,49
2024-06-09,3705.6370295149,445259002298.561322167485779452411816353,1.405732864333,120157208.80165362125528197,2636.0890632468577,2930.774184522204,1.2643884503571945,4811.1564628872,-22.978247369425027,4,50
2024-06-10,3666.16929456458,440522177604.3931222807410927176287104263,1.395495661703,120158711.235050215630237735,2627.144888498293,2938.7889089888904,1.2475102527271853,4811.1564628872,-23.798585166683758,4,51
2024-06-11,3497.70045324372,420283177735.69641016555309579432479296124,1.340189823057,120159854.554134699199645667,2609.854509464484,2945.8809081370496,1.187319026910574,4811.1564628872,-27.300213987538214,4,52
2024-06-12,3560.79752922268,427867901336.15453504828258960619772301168,1.365299273486,120160693.727946347316436676,2608.0710642516815,2953.2622124020986,1.205716686540485,4811.1564628872,-25.98873978241342,4,53
2024-06-13,3470.07002191701,416969718407.84168717196257907340306557168,1.340901355424,120161759.207812870920971568,2587.8637588667034,2960.285694358557,1.1722078137694458,4811.1564628872,-27.874513151156123,4,54
2024-06-14,3479.90397691409,418156652882.03421359572606036120847402429,1.350058186293,120163273.370792047119468781,2577.5955527289066,2967.549008904145,1.1726525716922016,4811.1564628872,-27.67011416573675,4,55
2024-06-15,3567.76231297487,428721299337.08952217207795013253385911887,1.383460960521,120165319.807869520667491201,2578.867358592671,2975.139129656629,1.199191754567336,4811.1564628872,-25.843976588659164,4,56
2024-06-16,3619.69397223846,434969448760.20267696720208425999897836256,1.40359223054,120167465.011196129720944336,2578.878604112724,2983.0933724123274,1.2134028407268174,4811.1564628872,-24.764575832018096,4,57
2024-06-17,3509.52888807715,421737502289.85927910022479614378001718045,1.368730605123,120169263.664595947445724863,2564.0757026557235,2990.3857901987094,1.1736040545604465,4811.1564628872,-27.05435969190943,4,58
2024-06-18,3477.65919520748,417913151349.36119366279265471446027404916,1.361972555409,120170818.326672792983780167,2553.3988782638426,2997.3435429237243,1.1602471139545243,4811.1564628872,-27.71677200619415,4,59
2024-06-19,3557.56530420807,427521731914.37713968959743608457679866764,1.391319559631,120172560.545461412285266452,2556.9721057839456,3004.307621503502,1.184154804502906,4811.1564628872,-26.055921655203118,4,60
2024-06-20,3512.66682817066,422130592195.40874220353468425076422753982,1.374954257975,120173820.303717081713080227,2554.7517728655444,3010.903181106073,1.1666488813766045,4811.1564628872,-26.989137533417683,4,61
2024-06-21,3518.29662799532,422814275905.84455653418355433770205819788,1.376712831273,120175846.613239848603332009,2555.577712413757,3017.3045618717074,1.166039607818985,4811.1564628872,-26.872122011929505,4,62
2024-06-22,3496.20113588545,420166839186.09008730961376146658792691575,1.367989058006,120178108.425583581650596535,2555.7230267481536,3023.3280252118593,1.1564081392195127,4811.1564628872,-27.33137733401916,4,63
2024-06-23,3419.96013325541,411012084269.77993465728089815597441059032,1.341485220926,120180372.944448199391784952,2549.3833848536033,3029.2697084731103,1.1289718190788713,4811.1564628872,-28.916048363077472,4,64
2024-06-24,3347.67256312098,402331050309.69460107013663875255468597636,1.321167969316,120182318.528371242075557282,2533.873542857801,3034.2360847968976,1.1032999639990317,4811.1564628872,-30.418547204926604,4,65
2024-06-25,3392.701764173,407749479274.099542283050394985692956828,1.341220871063,120184297.830107668361044236,2529.5623095128803,3039.4031069389193,1.1162394867688015,4811.1564628872,-29.482614204215217,4,66
2024-06-26,3368.95722998247,404902380073.45197018299756688471502666701,1.335394171623,120186263.117255078769712683,2522.81858163866,3044.5380912054306,1.1065577532809225,4811.1564628872,-29.976144904654774,4,67
2024-06-27,3443.80289129164,413903975260.29508374285653932512000308036,1.360523680113,120188056.147735964905992299,2531.2333343625523,3050.0018705537655,1.1291150095807565,4811.1564628872,-28.420476077699703,4,68
2024-06-28,3372.74825394506,405371148774.94343830577096542879563222902,1.337408737292,120190158.960362976927673567,2521.853013144088,3055.7562892022165,1.103736009924274,4811.1564628872,-29.897348382616183,4,69
2024-06-29,3373.51496990064,405471140680.09860786766993632859400306064,1.339436873695,120192483.002985142520012751,2518.6069132130037,3061.6176628097555,1.1018733693888627,4811.1564628872,-29.881412173484456,4,70
2024-06-30,3437.88873202805,413216154556.00811216350312333522067895335,1.361331704827,120194743.566423443400280747,2525.386516627806,3067.5027635110996,1.1207451132311295,4811.1564628872,-28.54340201680003,4,71
2024-07-01,3437.63577878434,413192586128.40476752661281993837626529404,1.361598346419,120196731.916294845711658206,2524.706193882589,3073.093165002917,1.1186240033113597,4811.1564628872,-28.548659655907414,4,72
2024-07-02,3418.16105698422,410837991835.37080526690143359448149172974,1.35678267542,120192695.717458536947260917,2519.313607778864,3079.0766521493224,1.1101253535205766,4811.1564628872,-28.95344220559887,4,73
2024-07-03,3294.66166656926,395999802973.4864919110080825273801459502,1.316053679528,120194375.94812038628878777,2503.44018471259,3084.4264674386272,1.0681602240643515,4811.1564628872,-31.520379933931387,4,74
2024-07-04,3080.69562215079,370287628113.09968911435273829115757676487,1.246512677259,120196109.427578924177718753,2471.451496927443,3088.8296057714733,0.9973666454098067,4811.1564628872,-35.96766918899893,4,75
2024-07-05,2986.23631122151,358938533149.40093878214899716408698604271,1.220914691587,120197631.982640492821224121,2445.9008739913397,3092.6813139625897,0.9655816452020095,4811.1564628872,-37.93100818364461,4,76
2024-07-06,3067.92395236704,368764270834.07088110565554558667568737408,1.256464386207,120199938.642401099395422252,2441.7118272874036,3097.140550428107,0.990566589541108,4811.1564628872,-36.23312864520805,4,77
2024-07-07,2932.87202893045,352537910982.17973187921739989941568896005,1.213418410901,120202282.099141598993787089,2417.0327420305944,3100.82545010958,0.9458358995430735,4811.1564628872,-39.040186043535606,4,78
2024-07-08,3020.46501139684,363073291737.08497355845097367524200791052,1.252647359441,120204435.531328538657983003,2411.265220520432,3104.739184985383,0.9728562792017779,4811.1564628872,-37.219563847145324,4,79
2024-07-09,3064.17542840444,368334006224.79833134788535751622409613368,1.274239451761,120206566.115764174761871922,2404.709275144281,3108.4285550073005,0.9857635053147437,4811.1564628872,-36.311041803749355,4,80
2024-07-10,3101.14742080655,372784136927.5168709978925124989013535551,1.293526185163,120208453.950429335753465642,2397.4369103442364,3112.3791722705973,0.9963912650604672,4811.1564628872,-35.542578073930784,4,81
2024-07-11,3096.83160753945,372271460544.9564980341806807073426569954,1.298312425957,120210430.440788568628457972,2385.2745653703055,3116.5222314362895,0.9936818599597267,4811.1564628872,-35.632282353980536,4,82
2024-07-12,3130.37477936879,376310638133.16291386553437953906381633281,1.312266147124,120212646.937132025686305039,2385.472479214227,3120.802810984799,1.0030671493726866,4811.1564628872,-34.93508674024216,4,83
2024-07-13,3181.85794126242,382506762321.85460306302638411746358036024,1.332185934559,120214908.830936964412897372,2388.4488333948116,3125.564871691988,1.0180105266987973,4811.1564628872,-33.86500801196205,4,84
2024-07-14,3256.67111513735,391507735299.6584703855589489431320478342,1.35563246782,120217154.713562976464588772,2402.325993544858,3129.9553931092883,1.0404848332046621,4811.1564628872,-32.310014437090146,4,85
2024-07-15,3487.98836323787,419321807455.40346927235237375326880597565,1.429249377737,120218809.178064629091529495,2440.4337112677786,3135.6381505435374,1.1123695387598391,4811.1564628872,-27.50208000625467,4,86
2024-07-16,3446.72606838106,414366986650.6480324283901902040352508721,1.40202288654,120220458.031722184627879785,2458.395010146451,3141.392062329043,1.097197038763013,4811.1564628872,-28.359717773288512,4,87
2024-07-17,3394.09970572764,408045422254.249719515823362842692459858,1.375965390489,120221990.40460167931861595,2466.704271189133,3146.893790660428,1.078555531743997,4811.1564628872,-29.453557956192032,4,88
2024-07-18,3431.12034132087,412501147202.15647466127890931794697145107,1.382115547868,120223456.529466092009819461,2482.5133807470647,3152.654013749265,1.0883275888686694,4811.1564628872,-28.684083176504373,4,89
2024-07-19,3507.49268585623,421689382751.87668291934938953699495425342,1.401326176363,120225306.371219465236067954,2502.9809226568304,3158.454285872292,1.1105092454702226,4811.1564628872,-27.096682202861366,4,90
2024-07-20,3520.56696551724,423268912049.97537745198249556653455737772,1.396387537149,120227485.003339203095901153,2521.1962094027067,3164.26896589567,1.112600415281296,4811.1564628872,-26.82493299325108,4,91
2024-07-21,3530.48212887201,424467907087.1177528673506055192866970807,1.391067590184,120229445.04260537485880407,2537.965914657694,3170.884659791053,1.1134060389016651,4811.1564628872,-26.61884609021114,4,92
2024-07-22,3441.93899883109,413829175436.46151750702996956813991153698,1.353848979336,120231408.975290152955161722,2542.3360000752828,3176.733454330795,1.0834837257556953,4811.1564628872,-28.4592171262382,4,93
2024-07-23,3482.72823085915,418740518223.12996938846517258186329214955,1.364162320053,120233475.156869009904755377,2553.016000855265,3182.8088785461664,1.094231027924611,4811.1564628872,-27.61141198120282,4,94
2024-07-24,3331.71999532437,400591335012.15840271567160276603616782853,1.31241797906,120235594.700135532506773169,2538.6119730778646,3188.272808823782,1.0449921305678695,4811.1564628872,-30.750121700989386,4,95
2024-07-25,3173.71819579193,381600624988.46368235016967036918972784311,1.261305281482,120237715.337937818528527727,2516.217320570398,3193.0490564874285,0.993945955619998,4811.1564628872,-34.03419281260778,4,96
2024-07-26,3278.93203009936,394258867942.0464992253701116309430913368,1.300269266377,120240024.594257737749350255,2521.7330862826584,3197.782201177668,1.0253769093129002,4811.1564628872,-31.847320797136252,4,97
2024-07-27,3254.27405669199,391301038823.53713687629420561890746948513,1.29420638634,120242189.811542640386831887,2514.4938945132526,3202.3552637784865,1.0162126899225554,4811.1564628872,-32.35983735313644,4,98
2024-07-28,3270.68860987726,393282639767.97588080990300962196519882196,1.303869014459,120244598.822489158596291846,2508.4487579715446,3205.754478278779,1.0202554911919972,4811.1564628872,-32.01866047992746,4,99
2024-07-29,3323.15159877265,399598754284.1209188152841458875489797253,1.325161560284,120246922.960633508176701202,2507.7331688224144,3209.276741380766,1.0354830282859588,4811.1564628872,-30.92821602441902,4,100
2024-07-30,3276.18640619521,393957363297.65662085194585564793899407711,1.312365258323,120248763.181695119881175391,2496.398304829914,3213.061963569544,1.0196461952310245,4811.1564628872,-31.904388654424398,4,101
2024-07-31,3231.75860724722,388620837000.78542700744259472090563906386,1.299885681819,120250576.924063276542942513,2486.186787383369,3216.3206679412565,1.0047998756653345,4811.1564628872,-32.827821498288486,4,102
2024-08-01,3203.2800251315,385201842134.862328589899907355587895606,1.294333602805,120252316.098730440846462324,2474.848847460615,3219.9415628623556,0.9948255154928823,4811.1564628872,-33.41974949596224,4,103
2024-08-02,2985.00033752192,358959439474.14129876319818779036109261184,1.222196076687,120254404.986815289499406027,2442.325249164065,3222.3028742095207,0.9263562284641493,4811.1564628872,-37.95669792599916,4,104
2024-08-03,2904.77563267095,349318922552.1244236365472144567729872979,1.197022941584,120256765.659702472578842482,2426.6666341641794,3223.8738230523027,0.901020260749772,4811.1564628872,-39.62417029921785,4,105
2024-08-04,2698.46006575102,324513685553.46668324108204113989672405478,1.12820082057,120258843.060977404876075789,2391.826008766488,3224.7435070485035,0.8367983561647132,4811.1564628872,-43.91244419991986,4,106
2024-08-05,2434.27117241379,292736211216.75660295955643965951685598299,1.046894790133,120256204.211827139946405481,2325.229999572865,3224.5812078448216,0.754910797870945,4811.1564628872,-49.403616548505035,4,107
2024-08-06,2458.63231122151,295671092390.33470496906908497997424418016,1.070994088413,120258361.138773904038723616,2295.6544184708932,3224.424072260368,0.7625027775884247,4811.1564628872,-48.89726970662534,4,108
2024-08-07,2346.30540765634,282167773982.83138368206334341361537408164,1.04334034342,120260462.709618446353958546,2248.8399135082877,3223.8069190035008,0.7278058105234162,4811.1564628872,-51.23198703356429,4,109
2024-08-08,2686.68575102279,323107370461.51833483410676250296388686945,1.188286179574,120262434.986494091820850455,2260.9753418035757,3224.9673974152483,0.833089275003561,4811.1564628872,-44.157173607891856,4,110
2024-08-09,2592.96081472823,311841508207.48573580122679899785734272635,1.161165048715,120264643.582810972015297245,2233.068259846197,3226.3711728170606,0.8036771579707064,4811.1564628872,-46.10524860851894,4,111
2024-08-10,2606.88256078317,313522194925.66436239464851228266634287185,1.176313250236,120267095.895365068115026805,2216.146558121452,3228.210634228516,0.8075317431714514,4811.1564628872,-45.815884790020604,4,112
2024-08-11,2559.00334541204,307770132274.193804878039602600584849042,1.164092891634,120269531.03675522835616105,2198.2810511110056,3229.837399381935,0.7923009826753921,4811.1564628872,-46.811055405245156,4,113
2024-08-12,2728.85513383986,328203972885.00903116208636339905617147128,1.235507247223,120271673.206478587994320348,2208.6921302755595,3232.391184111626,0.8442218093073549,4811.1564628872,-43.280681996314456,4,114
2024-08-13,2702.50437317358,325041062370.70464530008943142429611279124,1.225075803544,120274019.016296881706929478,2205.989511306609,3234.569290260077,0.8355067184095734,4811.1564628872,-43.828383175221184,4,115
2024-08-14,2666.7787238457,320750225027.4541140442059925539873843774,1.208075291241,120276280.202546247732647982,2207.460696515232,3236.57001594681,0.8239521192825404,4811.1564628872,-44.570941634989936,4,116
2024-08-15,2573.75496990064,309567186768.51148506142516506932673818208,1.169434674384,120278422.145392631951203722,2200.853990631299,3238.163311580942,0.7948193844009914,4811.1564628872,-46.504442544025764,4,117
2024-08-16,2594.49798275862,312068346098.84955411737622828398346113952,1.174637752156,120280820.479590613181347696,2208.7643428763668,3239.5611542460497,0.8008794584285115,4811.1564628872,-46.07329853492963,4,118
2024-08-17,2612.18551811806,314202244706.5861834045446699105151301535,1.182159792005,120283281.002549964848776725,2209.6721067527324,3240.880470843069,0.8060110644680879,4811.1564628872,-45.705662697353354,4,119
2024-08-18,2624.79728404442,315725181970.07937147755991661464766706288,1.187311957234,120285548.864784747086391064,2210.705676846068,3242.5834817708887,0.8094771649829432,4811.1564628872,-45.44352684657307,4,120
2024-08-19,2631.95879164231,316593478589.29415676297213619025457773326,1.189848342029,120288159.371881240490447746,2212.0119839425397,3244.2424181984165,0.8112706920045396,4811.1564628872,-45.29467474306878,4,121
2024-08-20,2578.04840677966,310114926714.1483476501664840753877721765,1.168464899842,120290575.575935325357359775,2206.3550279758206,3245.60163878287,0.7943206510539143,4811.1564628872,-46.41520335772743,4,122
2024-08-21,2628.34121654003,316170790110.05043820934929619660369948145,1.190075793659,120292901.134906778713112715,2208.5494306702494,3247.2690469374584,0.8094005081035256,4811.1564628872,-45.36986612647495,4,123
2024-08-22,2623.24894301578,315564643953.79588208780546675861259816876,1.188829295781,120295347.795322687946507742,2206.5816785684437,3248.947529225594,0.8074149919069474,4811.1564628872,-45.475709151193264,4,124
2024-08-23,2766.0674465225,332751686029.2791338824516446508406718325,1.241550265704,120297748.504872704498997837,2227.914183526068,3251.293890546459,0.8507589715482765,4811.1564628872,-42.50722320382471,4,125
2024-08-24,2762.00674167154,332270007563.22396925722878586592883891412,1.236549839342,120300215.980695740893397178,2233.6396429773304,3253.232735463175,0.8490037345201812,4811.1564628872,-42.59162504945754,4,126
2024-08-25,2758.14644067797,331812475171.85162155311716450985062574121,1.232327033286,120302704.119760224638777093,2238.1611099801753,3254.8999758313807,0.8473828569719634,4811.1564628872,-42.671861496210994,4,127
2024-08-26,2686.35025511397,323181574471.26648736257841786826287960167,1.202019879745,120305077.067307188402808411,2234.863416471831,3256.2222809453497,0.8249898266570629,4811.1564628872,-44.16414689823085,4,128
2024-08-27,2461.3474126242,296118474824.255390823737614570741071726,1.115553509223,120307467.89562085165866503,2206.3911701900934,3256.0750638047884,0.7559246529617983,4811.1564628872,-48.84083626024641,4,129
2024-08-28,2529.46513705435,304319633711.4737550529776882095399649347,1.145344891524,120309874.705711317879579962,2208.4746313301616,3256.219757784917,0.7768103276834882,4811.1564628872,-47.42500775922792,4,130
2024-08-29,2527.16763500877,304049253762.82010313360752957927174403636,1.145887200398,120312261.660380501271672068,2205.4244380520277,3256.333240010224,0.7760777072683247,4811.1564628872,-47.47276139316817,4,131
2024-08-30,2526.79224634717,304010215004.28726555334360634716411519066,1.147529148705,120314685.722095419201790498,2201.9416667530277,3255.6929826227315,0.776115026765094,4811.1564628872,-47.48056385530998,4,132
2024-08-31,2513.39798889538,302404962628.99308179699623909447060205278,1.144168919039,120317181.745616756499769231,2196.7018567559153,3255.0680398626496,0.7721491403913742,4811.1564628872,-47.75896381081158,4,133
2024-09-01,2425.94320368206,291888730978.41624723822428668470587757768,1.112580999502,120319688.661874661535308028,2180.4643480051623,3253.300795997951,0.7456867212113724,4811.1564628872,-49.57671357405328,4,134
2024-09-02,2538.60750350672,305449971682.2064241435064469151875335632,1.16401176706,120321858.05023870688224681,2180.912234176637,3251.8667417139063,0.780661603054724,4811.1564628872,-47.23498345794208,4,135
2024-09-03,2439.80527352425,293567769986.86058316316128943521698616225,1.128672126055,120324262.420667613906385017,2161.659898567708,3250.0521975525976,0.7506972581429641,4811.1564628872,-49.288590127037565,4,136
2024-09-04,2452.92774605494,295152108259.72693311404117475092444416716,1.138558646498,120326458.345306758779901714,2154.4149294370573,3248.383595263001,0.7551225629977798,4811.1564628872,-49.01583922749988,4,137
2024-09-05,2367.16648305085,284837870532.25966718475345076401073737205,1.106758623594,120328617.599027130606699673,2138.828135229615,3245.8332663442397,0.7292939251057013,4811.1564628872,-50.79838909187541,4,138
2024-09-06,2220.58200146113,267203613611.20119699263430309814535152968,1.0525684669,120330441.945121944766443336,2109.6793902644035,3242.1935738822294,0.6849011173636331,4811.1564628872,-53.84515098208743,4,139
2024-09-07,2269.68727060199,273117974171.01453297887834043132545200526,1.078273407525,120332865.989319907928094274,2104.927428203655,3238.471379454994,0.7008514217544075,4811.1564628872,-52.8244968104833,4,140
2024-09-08,2300.06839947399,276779516155.09099952492159289638057698362,1.095228013983,120335341.426536964061022838,2100.0817821572737,3235.14660595704,0.7109626485670718,4811.1564628872,-52.19302433382707,4,141
2024-09-09,2362.04203156049,284242156425.723953098662448050717384483,1.125496449016,120337467.5927923849410867,2098.666800437778,3232.0943885154848,0.7308084936979166,4811.1564628872,-50.90490093637453,4,142
2024-09-10,2389.51632524839,287553193101.97217001365466328512341091078,1.142796808729,120339497.187608058006142602,2090.937170104606,3229.425934042954,0.7399198414985564,4811.1564628872,-50.333847097243876,4,143
2024-09-11,2342.307735827,281877527115.523081240406081410627635915,1.125666373577,120341799.159878713944983145,2080.81878504011,3226.186785124193,0.7260297967331834,4811.1564628872,-51.315078736363326,4,144
2024-09-12,2362.33115809468,284292384180.27655568796406643213721620832,1.136793078119,120344001.392916642737725224,2078.066099772108,3222.4397819827554,0.7330877589405709,4811.1564628872,-50.898891434575525,4,145
2024-09-13,2442.77219959088,293978531237.75938483772514195197197004208,1.171384484891,120346273.503110708502953241,2085.3718237681674,3218.7742810242516,0.7589137933628454,4811.1564628872,-49.226922499108255,4,146
2024-09-14,2417.18522063121,290905084608.58157858219741891947890392286,1.159707704065,120348694.061854423966490366,2084.3055643749785,3214.6384629646373,0.751930659848451,4811.1564628872,-49.75874845731696,4,147
2024-09-15,2319.29052425482,279129181412.01272752552520080397215356228,1.115370289006,120351106.725491393638676154,2079.39062669648,3209.351909151078,0.722666317034802,4811.1564628872,-51.79349201911007,4,148
2024-09-16,2295.19158971362,276233121779.6777997039744252033842278526,1.106154882221,120352968.79688570264760623,2074.927866435128,3204.0766851855606,0.716334786968651,4811.1564628872,-52.29438893915614,4,149
2024-09-17,2337.065764173,281276774462.637579782063715524036306784,1.124357049509,120354668.137535654813635808,2078.5797226900318,3198.57107550701,0.7306593191156612,4811.1564628872,-51.424033240221945,4,150
2024-09-18,2358.79472209234,283896012352.46959708673424621741310837734,1.133902068883,120356387.816843643181480251,2080.2455404424604,3193.2633515824045,0.7386784184033716,4811.1564628872,-50.97239633988509,4,151
2024-09-19,2468.43390606955,297094101910.9817770492592501832535872148,1.178747113755,120357325.015049815595290456,2094.1166067470926,3188.1931039590413,0.7742422825657245,4811.1564628872,-48.693543327663264,4,152
2024-09-20,2554.7331440678,307483300282.5794920370057103882962482642,1.211736999552,120358285.168284175320737939,2108.3231303594166,3182.813118012227,0.8026651422322012,4811.1564628872,-46.899811640407734,4,153
2024-09-21,2604.74345555231,313505708721.1023669701304096735219347968,1.228687989267,120359534.08495140750806528,2119.9388927910213,3178.072084113775,0.8195986077762798,4811.1564628872,-45.8603461424493,4,154
2024-09-22,2581.10804656926,310664830437.21918483506152312652752368696,1.216032429959,120361032.871191345417551396,2122.5651413394335,3171.8738028840266,0.8137486567789636,4811.1564628872,-46.35160867289019,4,155
2024-09-23,2647.93771518995,318710888119.03355010374475623713471025455,1.239138650531,120361927.809231268839109109,2136.918022898605,3165.7700490447223,0.836427685576522,4811.1564628872,-44.96255244210228,4,156
2024-09-24,2655.48809611338,319618885344.86028541613419759760341078506,1.235850134244,120361633.634381648304955537,2148.713685043864,3159.5704046363353,0.840458592793733,4811.1564628872,-44.8056175973997,4,157
2024-09-25,2574.79220370544,309907024636.35715635834093810122965286464,1.197919169184,120361955.496976863601506556,2149.3872624639107,3152.8733772825653,0.816649416452186,4811.1564628872,-46.48288361504889,4,158
2024-09-26,2629.70874305085,316518278860.16185699664978975283277738005,1.215335033427,120362484.893651747135636153,2163.7726805550897,3146.6604040939624,0.8357141875333822,4811.1564628872,-45.34144205585141,4,159
2024-09-27,2698.19885336645,324764834411.34660605752338977772027826515,1.236513276919,120363565.497090283390286007,2182.10261364076,3139.7868807102977,0.8593573245188063,4811.1564628872,-43.91787350546387,4,160
2024-09-28,2674.69768520748,321941093577.73007566142409223229812980864,1.222292400726,120365413.765539883664777568,2188.2633677660115,3133.304889565909,0.8536346699340948,4811.1564628872,-44.406345837225594,4,161
2024-09-29,2656.30026287259,319731539277.40315653732795898668978602382,1.212589038221,120367243.020801201859689098,2190.602239625777,3126.563401518787,0.8495910435023457,4811.1564628872,-44.78873669224779,4,162
2024-09-30,2596.25469104617,312507752368.3626353421360868559232701403,1.187956830369,120368680.87176629519137059,2185.478987683187,3120.130195847776,0.8320981908066619,4811.1564628872,-46.036785311942566,4,163
2024-10-01,2449.82723258913,294884112787.54393919881212395021789783562,1.131680451655,120369350.485132799661648074,2164.769417909832,3113.694728841522,0.78679107810309,4811.1564628872,-49.080283472656475,4,164
2024-10-02,2368.07953022209,285047578229.97682902953056848991887404873,1.102536273859,120370779.187151574541863497,2147.8472739346225,3107.9377313304467,0.7619456163326548,4811.1564628872,-50.77941138499177,4,165
2024-10-03,2349.50757675044,282816296178.15622325407222353968905572512,1.100385701649,120372583.164560020105276648,2135.1673083624673,3101.4930061925743,0.757540826969241,4811.1564628872,-51.1654298737878,4,166
2024-10-04,2415.12854195208,290720008630.0187825993525363877992447952,1.130987485668,120374548.84079918715142394,2135.4157959808213,3095.9189030139655,0.7801007124575787,4811.1564628872,-49.80149657193338,4,167
2024-10-05,2414.33166548802,290627796115.93072848226230716636995118478,1.129998034852,120376085.966293612360417639,2136.5804107829567,3092.1613986719144,0.7807909595291427,4811.1564628872,-49.818059667941725,4,168
2024-10-06,2438.50270520748,293543027384.2798593584211024829752132804,1.144561607221,120378389.06531118701184723,2130.5124073907855,3086.7585487920487,0.7899881596381251,4811.1564628872,-49.31566404007319,4,169
2024-10-07,2426.58129005845,292108827728.6863698216328977392588328303,1.143005244567,120378752.166860328737422974,2122.9835134988393,3081.443740549179,0.7874819384584908,4811.1564628872,-49.56345093374399,4,170
2024-10-08,2439.58985277615,293676090545.92382097256396257091572227175,1.152191148955,120379288.433149063720230345,2117.3481978131654,3077.0574066979225,0.792832089341532,4811.1564628872,-49.29306765234279,4,171
2024-10-09,2367.17415046172,284959407727.05044738676141485354202025764,1.126534025793,120379570.582700386474445487,2101.289527225241,3072.119687229599,0.770534481550883,4811.1564628872,-50.798229724560514,4,172
2024-10-10,2382.12349206897,286761992454.95812326177630703865965583055,1.135256678728,120380825.515428592115146815,2098.3126870815013,3066.753741021037,0.776757344486314,4811.1564628872,-50.487507308389524,4,173
2024-10-11,2437.69309236119,293453002360.95199972498947116578864286814,1.158520987352,120381439.025496252980877906,2104.1423668404655,3060.962437610838,0.7963812500305864,4811.1564628872,-49.33249186208512,4,174
2024-10-12,2478.24114976622,298337352024.39524094372385918360225364744,1.174683810254,120382696.434742965879748252,2109.7091218362443,3055.387315900581,0.8111053995901512,4811.1564628872,-48.489699537249834,4,175
2024-10-13,2465.13859485681,296763578519.60723446093752903761608015044,1.16811464862,120384135.455412412143422724,2110.3567169276594,3050.2213468424284,0.8081835101602405,4811.1564628872,-48.76203644856174,4,176
2024-10-14,2630.9286433197,316723416119.0816765886113574230994219003,1.232592985826,120384647.042133671783222599,2134.4666678892627,3045.545208159553,0.863861300193797,4811.1564628872,-45.31608640013204,4,177
2024-10-15,2600.52300350088,313065171034.6307957974444455604732547808,1.215839233138,120385465.00576066009340316,2138.8707755293467,3040.966307670044,0.8551633725575122,4811.1564628872,-45.9480683373932,4,178
2024-10-16,2611.98719444185,314448361978.721657500293354692771466358,1.215894052308,120386639.96816242454761468,2148.2029536075106,3036.4953348579165,0.8601979935411526,4811.1564628872,-45.70978485961808,4,179
2024-10-17,2603.24426974869,313397275781.61636997074929656184726673417,1.208897100385,120387195.094784891611427493,2153.4043459278955,3031.287924603796,0.8587914887989225,4811.1564628872,-45.89150675456376,4,180
2024-10-18,2641.44743767972,317996852908.53025902306510774476703343076,1.219983721247,120387348.380425323065750033,2165.1497406701283,3026.9427088377824,0.8726453361563371,4811.1564628872,-45.09745301248063,4,181
2024-10-19,2649.70135015196,318994159518.04824186925818441247921150576,1.218799801378,120388722.110042315394305156,2174.025091861808,3023.7761867779045,0.8762888476132377,4811.1564628872,-44.925895248024,4,182
2024-10-20,2746.1167819813,330606073081.3672199224220731641380171611,1.249686209742,120390390.987974567584830847,2197.4450550656557,3020.9204380855317,0.9090331368414373,4811.1564628872,-42.92189823456,4,183
2024-10-21,2667.32642119229,321125083058.70913198313323037599819006895,1.214588840843,120392120.179714191491441755,2196.0735448063233,3017.6180611777586,0.8839178342375271,4811.1564628872,-44.55955773278648,4,184
2024-10-22,2623.28308167154,315826703067.413159544931258839652181633,1.194594929028417031,120393679.68864813026513645,2195.9603359484354,3014.116069216157,0.8703324694306627,4811.1564628872,-45.47499957843204,4,185
2024-10-23,2521.68281196376,303598048935.06508488864037041407549746032,1.155067454036448025,120395018.554549357955118282,2183.147662200677,3009.8833864612475,0.8378008341806656,4811.1564628872,-47.5867635688887,4,186
2024-10-24,2532.13962009936,304861088396.83187659356457231045138314864,1.15989022828075548,120396634.520836282711604299,2183.0855699617523,3005.30650002054,0.8425561985381703,4811.1564628872,-47.36941856636669,4,187
2024-10-25,2415.20924174167,290787456359.99663545502592915271655860868,1.112705155258197717,120398452.992959840543992604,2170.5743253982073,2998.881623157945,0.8053699829599663,4811.1564628872,-49.7998192249127,4,188
2024-10-26,2480.57950252484,298662865481.73715462510117188864686115104,1.143533634825309342,120400440.775127467488314056,2169.223035493646,2993.7882987827843,0.8285754552295481,4811.1564628872,-48.44109682028027,4,189
2024-10-27,2508.49473361192,302029158631.40214700000069471292656889152,1.15638088150722908,120402548.422542539804997256,2169.2634094247073,2988.6241934093478,0.8393476634311428,4811.1564628872,-47.86087808695876,4,190
2024-10-28,2566.18526073057,308979261142.26674701989834172179222843123,1.180874726964986732,120404113.401502085586822739,2173.1223491640176,2983.934599051107,0.8600005045508097,4811.1564628872,-46.66177912678839,4,191
2024-10-29,2635.21967112799,317294896754.42109868489136590203893676793,1.209823722544053204,120405482.787932027751952807,2178.1848231464433,2980.936039193714,0.8840242247669179,4811.1564628872,-45.22689728642538,4,192
2024-10-30,2660.86723967855,320386378855.9679219144466432043012664503,1.220077764431443193,120406750.881217460509308986,2180.8997075842253,2979.088475073579,0.8931816768593389,4811.1564628872,-44.69381197214797,4,193
2024-10-31,2517.78620227937,303162417730.17479415516634895593627569829,1.163333608161365005,120408324.366747133590347717,2164.285622469638,2975.8831541898853,0.8460635286484488,4811.1564628872,-47.66775469263302,4,194
2024-11-01,2512.4960977031,302529813604.335101131962287593703767691,1.162028678916767584,120410063.07667700459824861,2162.1635879462333,2972.930194500142,0.845124484372746,4811.1564628872,-47.7777096404107,4,195
2024-11-02,2488.87335008767,299690521991.27601028118603191171795232007,1.152449427429104733,120412122.208114558953833721,2159.6378034911886,2969.9322243920183,0.8380236187366777,4811.1564628872,-48.26870900402844,4,196
2024-11-03,2454.59679184687,295568420811.89247550024518303524870109713,1.13915376680743242,120414245.546822791138411199,2154.754576044698,2967.280917785794,0.8272209001628695,4811.1564628872,-48.98114807154175,4,197
2024-11-04,2396.6696369024,288598001643.8693526778835302862438546176,1.117185254829655685,120416263.134568170756951674,2145.275035220399,2963.925236266916,0.8086133913151675,4811.1564628872,-50.1851653466255,4,198
2024-11-05,2428.97334286967,292492486815.86835955338910479009119960675,1.132521082843376478,120418154.309716711289809525,2144.7488966574833,2960.7902555031815,0.820380078715461,4811.1564628872,-49.51373205992078,4,199
2024-11-06,2722.98460712741,327897815326.43449816178662977719819095429,1.247600875768067014,120418534.305394981876934369,2182.576703828494,2958.6275338266614,0.9203539735890739,4811.1564628872,-43.402701031815276,4,200
2024-11-07,2891.87561452952,348237840807.78308798340207228642953717464,1.305134373140521824,120419370.410728399663289657,2215.7684864056187,2957.348613822161,0.9778609126476903,4811.1564628872,-39.89229747905371,4,201
2024-11-08,2960.26662137931,356476942981.42304864815142821509883352568,1.322985026777892293,120420552.799844014038775528,2237.566232014726,2956.120959357462,1.001402399319529,4811.1564628872,-38.47078879652901,4,202
2024-11-09,3139.9864959322,378124013838.3369820495668016330730314566,1.381989767028260086,120422178.352738242394620303,2272.0765166620736,2955.732032937357,1.0623380133725229,4811.1564628872,-34.73530698588261,4,203
2024-11-10,3187.53665137931,383852713613.04749263528410790462675528141,1.385776652666059605,120422996.060907048688683911,2300.180656996127,2956.0046081419446,1.0783260088971578,4811.1564628872,-33.74697588890193,4,204
2024-11-11,3370.23970491526,405854148949.82911940998909152687017991364,1.433868600437143776,120422932.635301606453985014,2350.452268700057,2957.064213294224,1.139724896660513,4811.1564628872,-29.949488633076765,4,205
2024-11-12,3255.13258195208,391991047220.58787221138866128179690177056,1.375058259390541528,120422452.035890228483771332,2367.268848226716,2957.690678084463,1.100565588576103,4811.1564628872,-32.3419928854557,4,206
2024-11-13,3190.90423042081,384249676096.53013023505950179194824661701,1.336994641633272103,120420309.839839994085738021,2386.6245466195755,2957.3798802199103,1.0789632579036599,4811.1564628872,-33.67698067948653,4,207
2024-11-14,3056.41021270018,368052105425.66515636012650970038459010152,1.276572377500971447,120419734.202010206759040564,2394.231824664289,2956.347583954364,1.0338467064187271,4811.1564628872,-36.4724419944137,4,208
2024-11-15,3097.45939781999,372997067016.54563482121405021583341616506,1.282628319795974134,120420324.889186004272691494,2414.931395178222,2955.7326263379696,1.047949794314655,4811.1564628872,-35.61923371826514,4,209
2024-11-16,3134.3861396201,377447692617.3690999387787894354071314917,1.290095933649113332,120421567.670381943909679517,2429.576016687613,2956.3423693125164,1.0602243407785639,4811.1564628872,-34.85171052327119,4,210
2024-11-17,3070.19103244594,369721912999.7385247511625105528185781361,1.263356369259551875,120423097.159915438383597565,2430.1860560891196,2956.8415512748634,1.0383346483757998,4811.1564628872,-36.18600733255924,4,211
2024-11-18,3188.88800258329,384019481513.0884622019772660821712797459,1.302270992850871388,120424261.12237170847240971,2448.713071311159,2957.8432103877212,1.0781125893976249,4811.1564628872,-33.718888022410695,4,212
2024-11-19,3111.79278153127,374738660843.92519762663359326219531261356,1.272082461445773788,120425326.219672477145549428,2446.21938894951,2957.8651413804155,1.052040114336997,4811.1564628872,-35.32131400141855,4,213
2024-11-20,3073.4292378609,370122608291.9470326272762938585931734386,1.260244651706651242,120426591.812327377731665554,2438.756025426328,2957.64800871671,1.0391463855073226,4811.1564628872,-36.11870115700792,4,214
2024-11-21,3365.32873022794,405278021400.75915455892406393669231372974,1.360806821927182847,120427469.019737907526960971,2473.039285224879,2958.780542255342,1.137403968346603,4811.1564628872,-30.051563357214356,4,215
2024-11-22,3325.37564151958,400470836802.4577705056116309869649515362,1.341622303417715345,120428751.50774143768295539,2478.6228084076665,2960.069791535412,1.1234112286908886,4811.1564628872,-30.88198924372531,4,216
2024-11-23,3397.37147417884,409145330054.09736367275360097388013605504,1.36277488189334086,120429965.684865130709481056,2492.980696458668,2961.983357814839,1.1469920873171962,4811.1564628872,-29.38555417214473,4,217
2024-11-24,3363.87790965517,405117163298.96952437771517026315489788947,1.345087654393256149,120431589.427244685393445791,2500.861485620097,2963.95071736896,1.1349304460234808,4811.1564628872,-30.081718696870457,4,218
2024-11-25,3429.90259469608,413072700314.5180919648055340444323946832,1.357596942410610245,120432778.74808570827123554,2526.451325535391,2965.927840830459,1.1564349433854426,4811.1564628872,-28.70939406868141,4,219
2024-11-26,3324.46444980713,400379210555.13184731067965335709643996901,1.316416324244018652,120434198.229540397438514077,2525.3898698926255,2967.9958817031065,1.1201041316470675,4811.1564628872,-30.900928384854442,4,220
2024-11-27,3669.22970552893,441904667909.99717134321627658035023461268,1.422387380471717274,120435269.354796457019139876,2579.627572561896,2971.785474321926,1.2346886197652407,4811.1564628872,-23.73497445296123,4,221
2024-11-28,3584.20799540035,431672033883.09470520332099397172847649035,1.385225688780352556,120437216.377248124972917401,2587.454177633778,2975.0538952457423,1.2047539713912614,4811.1564628872,-25.502152693461817,4,222
2024-11-29,3595.61403426067,433049458432.70845208183697907003167775043,1.379016512477065019,120438249.018502360676397329,2607.375620036653,2978.2894885599444,1.207274862995005,4811.1564628872,-25.265077908047846,4,223
2024-11-30,3713.2009461017,447217174034.1942655989489072984539765052,1.40166837572674551,120439798.579633761108979356,2649.129430616181,2982.4502470762504,1.2450168949982712,4811.1564628872,-22.821031185641615,4,224
2024-12-01,3716.08112306254,447568370464.1770211501332651231574765494,1.394823494844502582,120440957.99914124846646061,2664.194528410073,2985.8863632453326,1.244548743986213,4811.1564628872,-22.76116663991218,4,225
2024-12-02,3637.08652127411,438053517371.38569856343967020287939625763,1.363532400768222552,120440774.452055351002849233,2667.4001433518943,2989.3650715398967,1.216675258535939,4811.1564628872,-24.403071292105196,4,226
2024-12-03,3623.91165189363,436466212365.05261161339845474812298859731,1.353473838315131316,120440632.744725610578559137,2677.4892497403926,2992.0221860311012,1.2111914372870096,4811.1564628872,-24.676911261395528,4,227
2024-12-04,3844.66120870544,463052919644.99743800571046686961924677056,1.416133334957481323,120440500.347991622423398524,2714.900577367507,2995.63254580198,1.2834221654098636,4811.1564628872,-20.0886265420219,4,228
2024-12-05,3794.68684265926,457034528335.86558521444326795843257523536,1.390168139050363237,120440644.323520145180327736,2729.660345439542,2999.255200827667,1.2652097232713266,4811.1564628872,-21.127344913201,4,229
2024-12-06,4013.46741083577,483385937275.64091893593320506289036503781,1.445526295241119532,120440977.288259570880064653,2776.474854901417,3001.012981347655,1.3373708930220805,4811.1564628872,-16.579985668824683,4,230
2024-12-07,4006.19300609585,482514557816.4179775120158591282889616859,1.436312974396054667,120442164.689075291153500654,2789.2200916589127,3002.059516492103,1.3344815397854184,4811.1564628872,-16.73118434207578,4,231
2024-12-08,4001.64654687317,481973081589.45370930753782055764357005787,1.428114086218068383,120443691.351516454329580911,2802.049629991628,3003.362910782576,1.3323886142785437,4811.1564628872,-16.825682603725575,4,232
2024-12-09,3714.17625189363,447348069106.66313232626216038352709379563,1.33568342382067318,120443414.304474072736015401,2780.7309618841914,3003.0990849906125,1.2367811206952701,4811.1564628872,-22.800759431865718,4,233
2024-12-10,3632.35232690824,437492479767.71989818972154548620926055304,1.311095019807207649,120443294.150405739223039521,2770.4722175226984,3002.620739524043,1.209727315573001,4811.1564628872,-24.50147163311238,4,234
2024-12-11,3836.84683938632,462124687406.10282833596408612451165252104,1.372167664547677832,120443871.426469768429161497,2796.1938897977893,3003.0646374527105,1.2776437748076075,4811.1564628872,-20.251048391724762,4,235
2024-12-12,3877.04927477499,466967569634.08946679346386812586134969025,1.379433959527071024,120444063.652296651699343475,2810.608835601096,3003.327249371588,1.2909180228648804,4811.1564628872,-19.415439828611344,4,236
2024-12-13,3905.45213670953,470393467949.47282387219856252575845181061,1.384625374005130811,120445329.115157090611728637,2820.583971686668,3003.415944605107,1.3003367527979957,4811.1564628872,-18.82508567668058,4,237
2024-12-14,3868.60262611338,465961343138.5414805529987863162212437627,1.371400316285693166,120446938.642202432979929915,2820.914200013546,3003.534239223108,1.288016822180136,4811.1564628872,-19.591003619287587,4,238
2024-12-15,3947.67114785506,475491607016.49900169474107287537650057736,1.396209788936520622,120448636.476433479019269956,2827.419761081866,3004.4228646526235,1.313953236842876,4811.1564628872,-17.94756253913135,4,239
2024-12-16,3995.17742504968,481217094886.38591850475130589353476633288,1.40735665261610561,120449492.898404127245377241,2838.781070614282,3005.66082298623,1.3292176530684958,4811.1564628872,-16.960143452658507,4,240
2024-12-17,3877.73844905319,467074887893.4082305375655248127643006232,1.372388447920832325,120450333.10780715765586728,2825.539995566096,3006.2720957516594,1.289882727026955,4811.1564628872,-19.401115325063888,4,241
2024-12-18,3636.53763153127,438024679134.8482070893963014259663893686,1.300011736467606574,120451023.34068386048256218,2797.311385366777,3005.3879715831904,1.2100060511041442,4811.1564628872,-24.414479978292686,4,242
2024-12-19,3429.8707307481,413132323994.2394208739810493373308114484,1.238870647922007614,120451281.236517569098279764,2768.546285684562,3003.630769861419,1.141908241573363,4811.1564628872,-28.710056361588027,4,243
2024-12-20,3471.52409931619,418150864664.78758683037116474155687181758,1.256233304847696952,120451666.962978491555431082,2763.4389933142793,3002.150962166884,1.156345614549151,4811.1564628872,-27.844290118286647,4,244
2024-12-21,3328.83602427236,400969520706.12773508185227652071713543044,1.218060362707841012,120453371.022916163607958729,2732.899063287885,2999.734196031671,1.1097103298939137,4811.1564628872,-30.810065106992834,4,245
2024-12-22,3278.34651976037,394894186314.84262281591980501904373755015,1.209048424372634475,120455291.694944842000649595,2711.5096911535848,2996.80926960651,1.0939456684845434,4811.1564628872,-31.859490643274214,4,246
2024-12-23,3422.51642397428,412263743127.97896052289354580999702746084,1.262261058520389551,120456322.792237124161455853,2711.4172625955216,2994.8625635148096,1.1427958216411673,4811.1564628872,-28.86291580048906,4,247
2024-12-24,3494.74814554646,420971791008.40105337096341310796338914962,1.291257795542257767,120458406.006987193872417147,2706.468187538691,2993.93670654675,1.167275225927322,4811.1564628872,-27.36157777231707,4,248
2024-12-25,3490.75329557276,420498466993.79015083302791114764217828832,1.297581266660637372,120460666.047955445601721032,2690.200132556101,2992.990374297261,1.166309563021021,4811.1564628872,-27.44461082278042,4,249
2024-12-26,3325.23435792519,400566123859.3727816680287666562313599338,1.251264281354462251,120462524.06381053731829702,2657.4996245602943,2991.088360939312,1.1117138501655444,4811.1564628872,-30.884925826550656,4,250
2024-12-27,3322.09507143191,400194315735.01538072312202997544100354609,1.257706041994818162,120464437.991692136407895799,2641.3923130740573,2989.3679898236487,1.111303487138728,4811.1564628872,-30.95017596999322,4,251
2024-12-28,3397.09541658095,409236197679.301590753664611086717955005,1.284350489549026504,120466500.7882476790344979,2644.990946181498,2988.864964640335,1.1365837723584609,4811.1564628872,-29.391292035796003,4,252
2024-12-29,3346.92836869959,403199812594.48221578820879555175992074571,1.268722736466652355,120468611.269126384849608669,2638.029785783351,2987.7956188377198,1.1201999051064866,4811.1564628872,-30.4340153034416,4,253
2024-12-30,3355.46704853302,404234637885.77177198181590638579746262952,1.272093759222148779,120470453.751736146008806076,2637.7513640070038,2987.2226039708,1.1232731849553919,4811.1564628872,-30.256538642699088,4,254
2024-12-31,3332.45484545295,401467403901.52093039460319258048414411765,1.263220580354201871,120471971.120422833839060667,2638.062502527107,2986.4853583134936,1.1158450304055165,4811.1564628872,-30.734847823819756,4,255
2025-01-01,3350.89031195207,403691138301.57467828608949091420489589902,1.267686101301580154,120472799.978464033826320386,2643.312337740066,2985.4009983083797,1.1224255347441727,4811.1564628872,-30.351666219951134,4,256
2025-01-02,3447.58794734074,415341539699.67133140678967328443845770022,1.299631813098092273,120473080.322734210445834703,2652.742040164668,2984.540468183891,1.155148668310273,4811.1564628872,-28.341803598883075,4,257
2025-01-03,3606.25034468732,434461028079.4470760000883717011639523882,1.348124728284549549,120474450.344105832490030135,2675.012385001031,2985.024075466942,1.2081143245463442,4811.1564628872,-25.0440019461934,4,258
2025-01-04,3657.79189278784,440676515363.04300951248378639841308363712,1.360242343746289157,120476103.693032932114926543,2689.0736857329352,2985.9247389548436,1.2250114160841739,4811.1564628872,-23.972709659232745,4,259
2025-01-05,3638.22340260082,438325592659.35673369905511073753266091808,1.348551146437060783,120477921.269489758793520144,2697.875725524528,2986.3280294468072,1.2182932908662318,4811.1564628872,-24.379441187046677,4,260
2025-01-06,3683.0759798422,443733403143.6240077256301864708105330098,1.356813632641828911,120479025.024793433089735659,2714.503960776798,2987.1800752051654,1.2329608149214906,4811.1564628872,-23.44717931638484,4,261
2025-01-07,3382.56745979544,407533453442.94050522417315040145393887936,1.258030693736014868,120480510.229819924536489544,2688.7797544510768,2986.5014293641657,1.1326187312475513,4811.1564628872,-29.693255958557135,4,262
2025-01-08,3325.54302042957,400668567586.94802514469106490621324623819,1.24313459434485154,120482148.366612472410850167,2675.1270824235853,2985.648138786886,1.1138429131105811,4811.1564628872,-30.87851026915275,4,263
2025-01-09,3217.33715208065,387637416928.69026732288928101948329396055,1.20878338150591479,120483927.734463695569541847,2661.632515225729,2984.635023881012,1.077966694868121,4811.1564628872,-33.12757178240033,4,264
2025-01-10,3269.77400255991,393961524359.55283341999939827003678161935,1.225988232562062565,120485857.447982607385199785,2667.0517022229137,2984.245531078207,1.0956786124024258,4811.1564628872,-32.03767061448462,4,265
2025-01-11,3286.37892827002,395969556180.51498069632143354819999879182,1.235029642241620062,120488100.983825680027811091,2660.971701298709,2983.7139168986923,1.1014390185523957,4811.1564628872,-31.692536843878766,4,266
2025-01-12,3258.17217992402,392578579709.55092301287166667237080970868,1.229931658614023843,120490433.909083891994094634,2649.067659251543,2983.1599916483997,1.0921882128499776,4811.1564628872,-32.2788147702689,4,267
2025-01-13,3133.13948922852,377518896911.62389754891121705203648949748,1.197186768150898665,120492208.600830991613552549,2617.084963332643,2981.606674638084,1.05082253668111,4811.1564628872,-34.87762218091934,4,268
2025-01-14,3226.57956712449,388783965974.76034841246559891667774586973,1.235198524787675031,120494151.124015976122691677,2612.195126835279,2980.875831203981,1.0824266926345836,4811.1564628872,-32.93546796879262,4,269
2025-01-15,3441.04207023963,414631307191.75925485106006387483681976543,1.308818832464438654,120495855.246223372403699661,2629.120230307448,2981.213466705676,1.1542420925805348,4811.1564628872,-28.477859808062806,4,270
2025-01-16,3303.13442745763,398019117204.53649605995258133520271828483,1.264281247859050753,120497402.072396271249169441,2612.6579295953316,2980.539695182824,1.1082336641233757,4811.1564628872,-31.344273400009076,4,271
2025-01-17,3478.9034330976,419205659818.7029145038354039329789014976,1.320042330775134044,120499366.504532170017549626,2635.448388276135,2980.7460334543907,1.1671250734051617,4811.1564628872,-27.690910492445468,4,272
2025-01-18,3303.37311349503,398057734252.41461365998049234578490500924,1.260197373594525795,120500385.689481546534618308,2621.314075645666,2980.172093736945,1.1084504550718115,4811.1564628872,-31.339312305119705,4,273
2025-01-19,3204.0508971128,386083988735.3412020958724567789787637112,1.226912388010656767,120498706.522809942741087329,2611.4748929285165,2979.7190398896623,1.0752862448506033,4811.1564628872,-33.40372690373839,4,274
2025-01-20,3285.42927070719,395886086566.63077007282697081142283427751,1.256300084738111079,120497522.225281729267095129,2615.162818676457,2980.7427081324445,1.1022183369746945,4811.1564628872,-31.712275498610854,4,275
2025-01-21,3322.64100092051,400373649144.64526357816812797162441423758,1.26840244232483545,120498618.127485058002244858,2619.547936876006,2982.42473158094,1.1140737151677342,4811.1564628872,-30.938828812759585,4,276
2025-01-22,3239.67506596143,390381491143.79043059965032891699711623562,1.239301019913071226,120500199.308703795569782934,2614.1147420250422,2983.2834871489117,1.0859427472839829,4811.1564628872,-32.663277718112624,4,277
2025-01-23,3335.84164436002,401974417097.83275199628671036764674285938,1.271088118710873473,120501648.445291052467900969,2624.39841522805,2985.2983352260594,1.1174232085944655,4811.1564628872,-30.6644531290474,4,278
2025-01-24,3310.42760140269,398916921924.68815590594277934655367188417,1.263914752248692356,120503140.366416594021078693,2619.1858236585554,2986.748148176089,1.1083718603539643,4811.1564628872,-31.19268460838862,4,279
2025-01-25,3323.46523758036,400494578912.94833145420632606855350912644,1.266169050322032427,120505120.494212643309253629,2624.8195189537155,2988.0445972219686,1.11225422829038,4811.1564628872,-30.921697034439592,4,280
2025-01-26,3241.02101870251,390565988392.6153183797707569230650331244,1.240877482994683339,120507082.84174351121490244,2611.8783386098366,2988.7439652114485,1.084409054916557,4811.1564628872,-32.63530205879947,4,281
2025-01-27,3170.49577498539,382072529629.22997417478403595890150231685,1.221340368907667824,120508764.794361098692342415,2595.9149928213637,2989.112286048678,1.060681390185072,4811.1564628872,-34.10117090470263,4,282
2025-01-28,3070.75965838691,370059573640.8847141516811309039194698905,1.190704566379453327,120510757.86089993527839955,2578.943379485051,2988.8142104437693,1.0274173776532511,4811.1564628872,-36.17418842903041,4,283
2025-01-29,3123.69937434249,376446334509.35008248560030294512462206819,1.212058267248382352,120512984.572527429907329931,2577.185815855141,2988.5234176091694,1.0452316873064564,4811.1564628872,-35.073835190387015,4,284
2025-01-30,3255.85057013442,392379608742.77208212672344144226332935318,1.257966032750426509,120515238.734243391193492779,2588.1863940442045,2988.5193148841545,1.0894527446815676,4811.1564628872,-32.327069484234414,4,285
2025-01-31,3292.62381677382,396818341582.07738688487640461141254236262,1.26845239854001501,120517363.556851172523169841,2595.7803545199017,2987.5424921518347,1.1021178193861418,4811.1564628872,-31.56273668975838,4,286
2025-02-01,3119.95137697253,376015537831.24322268268056134984459965205,1.211635909891801758,120519678.802210351965807985,2574.990846261019,2985.9086186947916,1.0448917818309964,4811.1564628872,-35.15173740368795,4,287
2025-02-02,2844.25948714202,342794289617.61721372418669425078508270764,1.120481510713055832,120521454.236956811385843182,2538.4260783848013,2983.1594176018634,0.953438649761633,4811.1564628872,-40.88199980436377,4,288
2025-02-03,2877.57988457043,346807752144.37348419863693502379654482777,1.141669022947636268,120520634.024429710300296739,2520.502726036049,2980.3917153181114,0.9655039200990706,4811.1564628872,-40.18943456177729,4,289
2025-02-04,2723.61294798364,328257641598.0365845122171360787437356656,1.095818020059092678,120522867.18678367019548804,2485.460996376723,2976.4723166287486,0.9150472970192092,4811.1564628872,-43.38964095237124,4,290
2025-02-05,2780.85938369375,335163720818.17507753416025608486443295625,1.123907708160626962,120525231.438701874924526103,2474.277348132854,2972.7737787196315,0.9354426507662016,4811.1564628872,-42.1997724425503,4,291
2025-02-06,2685.1318766803,323632444232.1868476285444793118200907675,1.09807825788005954,120527578.940481035679059225,2445.3010133031794,2968.5470274586733,0.9045273165097875,4811.1564628872,-44.18947092257028,4,292
2025-02-07,2612.95292606663,314939139743.60396772372212280866338752108,1.079814386209730502,120529970.747575976718078516,2419.816738354809,2964.4020970948504,0.8814434885966904,4811.1564628872,-45.6897121051311,4,293
2025-02-08,2637.15946142607,317863202550.45170701688477137465974276075,1.097022439345414095,120532416.488217987332298725,2403.9248121484607,2960.174253247685,0.8908798049752553,4811.1564628872,-45.186578699552484,4,294
2025-02-09,2623.44384395091,316216455634.73627632962985993340791222494,1.09940866106039721,120534867.313383717683283434,2386.231741544183,2956.6328724908176,0.8873079469419508,4811.1564628872,-45.471658130682215,4,295
2025-02-10,2658.91628872005,320507650890.220969941356708769431422251,1.120054149700038826,120540707.59952621473215702,2373.9176266005825,2954.0588629554586,0.9000891356849517,4811.1564628872,-44.734362533609634,4,296
2025-02-11,2603.96649620105,313881271560.98027392146514979449877096235,1.104639281910063728,120539673.616732191834169107,2357.3002869302786,2950.6840352859667,0.8824958772478958,4811.1564628872,-45.87649526080064,4,297
2025-02-12,2738.64540035067,330121807511.74896019262852293395235907517,1.157530569889338317,120542004.988845396086397351,2365.937860813895,2948.10589200426,0.9289508249273947,4811.1564628872,-43.07719107710759,4,298
2025-02-13,2674.91159789597,322445541799.03011963112665919709069120105,1.135305136238278841,120544373.149624494906347965,2356.1168821617634,2945.127006944354,0.9082499979079884,4811.1564628872,-44.401899656974756,4,299
2025-02-14,2725.08277761543,328499961069.78187618861446325293319300461,1.155252110144116079,120546782.566815866596891627,2358.86414202306,2942.1366628385676,0.9262257637571042,4811.1564628872,-43.35909050897726,4,300
2025-02-15,2694.22497194623,324786760761.21564850491763689716136848181,1.144429620230280315,120549235.547541937377718347,2354.2076544681727,2939.226855667323,0.9166441054902965,4811.1564628872,-44.000470724051,4,301
2025-02-16,2662.06831794272,320916873534.66342652199243010672760519904,1.131361553244986401,120551704.616909320117023757,2352.97753428808,2936.3784042208003,0.9065821741898856,4811.1564628872,-44.66884753223762,4,302
2025-02-17,2743.38311601403,330723718540.91184791345284856500690648298,1.160501208649480529,120553238.302870887093431966,2363.9640317191993,2934.078919675213,0.93500658677501,4811.1564628872,-42.978717545849435,4,303
2025-02-18,2667.12430099357,321536880792.82429875048322538996450140483,1.13120269278704419,120555641.397382128057281119,2357.7775388974187,2932.489539492571,0.9095085472854171,4811.1564628872,-44.56375880586068,4,304
2025-02-19,2718.18351461134,327699057250.80476225476012239915063372002,1.149426496771918234,120558106.356428578322552903,2364.8171694711777,2931.5565789022726,0.9272150959573734,4811.1564628872,-43.50249185244448,4,305
2025-02-20,2740.71687375804,330422334011.6877056304906608576921262924,1.156673127990812828,120560550.11571346144690781,2369.4826199678155,2931.767862942308,0.9348342030761841,4811.1564628872,-43.03413545371747,4,306
2025-02-21,2655.73961426067,320183486526.45947313180879987247195847724,1.125817748130695229,120562831.087487916634372772,2358.9427495438345,2932.8752051515416,0.9055071997594415,4811.1564628872,-44.80038978680509,4,307
2025-02-22,2766.35815897136,333526767533.71991467451727454194425284784,1.16653545280856316,120565287.778115539563610969,2371.430848767645,2934.413834390291,0.9427293882514531,4811.1564628872,-42.501180738752076,4,308
2025-02-23,2821.85990298071,340225314004.08705299290333101859197678974,1.185390160292397425,120567755.204540643345609394,2380.5325853933596,2936.791606866913,0.9608648759355396,4811.1564628872,-41.347575686879715,4,309
2025-02-24,2519.49570543542,303775975262.47538864309811776751423098114,1.074970811708664088,120570150.053094348857792467,2343.7805733819755,2935.955656638976,0.8581518251946928,4811.1564628872,-47.63222262941211,4,310
2025-02-25,2499.3732150789,301355244097.8287004379608461929708445697,1.072109722046840879,120572326.805668974032352973,2331.266253520366,2935.4877186407293,0.8514337154972765,4811.1564628872,-48.050469063751606,4,311
2025-02-26,2330.42813296318,280990640200.2535463895452846108769012348,1.014758525481246753,120574685.92389890545715586,2296.5346675535247,2934.105446501629,0.7942550721010313,4811.1564628872,-51.561996560704706,4,312
2025-02-27,2298.49650789012,277146095106.22259723920503259016751708336,1.008294051670439524,120577122.547219293606468028,2279.589474997104,2932.8029123140195,0.7837200714167923,4811.1564628872,-52.22569613729044,4,313
2025-02-28,2229.92881355932,268883693070.1547595588788196601804336292,0.988287744060328935,120579496.27592539462013231,2256.3558305375445,2930.308280712617,0.7609877869290351,4811.1564628872,-53.650877273254835,4,314
2025-03-01,2208.95361747516,266359986058.08916479137186440173870164088,0.989264308548424791,120581973.270466110639106818,2232.9256179437216,2927.8405269341247,0.7544651415110564,4811.1564628872,-54.08684721615652,4,315
2025-03-02,2519.34991642314,303793416355.32653818269452842255757648544,1.116336790457118068,120584050.026142777085607696,2256.8009385335367,2927.1033828970117,0.8606972787991143,4811.1564628872,-47.635252857454056,4,316
2025-03-03,2153.5997773232,259694900722.5667216571986059215179762448,0.978121915202635079,120586426.251098738246592739,2201.7702945312744,2925.0026069341243,0.7362727719345594,4811.1564628872,-55.23737808288168,4,317
2025-03-04,2170.0642106955,261685394082.7408017308870909594230456635,0.993894023950796522,120588779.259610620349260497,2183.395974220015,2922.880438073809,0.7424402936322575,4811.1564628872,-54.89516444881459,4,318
2025-03-05,2241.06894506137,270253298998.35315487273729254127119483223,1.027316135143920451,120591247.134055695031783279,2181.4793600486096,2921.0248552085254,0.767220087520065,4811.1564628872,-53.419329378523415,4,319
2025-03-06,2206.33553331385,266070170286.7920470368792330739601812495,1.01761742982250873,120593702.21317272036033287,2168.1385053503614,2918.9325464548724,0.7558706815590885,4811.1564628872,-54.141264156896355,4,320
2025-03-07,2134.73876709527,257441262698.58096962993827641630461167335,0.993529834716057256,120596143.503254126755821105,2148.640828390786,2916.446446332137,0.7319657008548948,4811.1564628872,-55.629404623141234,4,321
2025-03-08,2199.74715371128,265286477212.45749298817717197504108032512,1.022640089565556288,120598622.784842447105453504,2151.0472512825004,2914.554940066795,0.7547454753626524,4811.1564628872,-54.27820378156647,4,322
2025-03-09,2015.69220105202,243094656904.62451631389730438451951607582,0.948323370216071689,120601080.253101027957557191,2125.5325602623843,2911.4916949893545,0.6923228407352163,4811.1564628872,-58.10379029239899,4,323
2025-03-10,1879.69313354763,226696882004.85567699060221047032346548222,0.896590985142574638,120603133.542867384071313594,2096.488995200776,2907.773915942014,0.6464371673609559,4811.1564628872,-60.93053410240547,4,324
2025-03-11,1923.01249590883,231925855926.55226619783979263154266234374,0.924790337491061585,120605485.622152643735088578,2079.4037501796633,2903.558641188946,0.6622950432719338,4811.1564628872,-60.030140139013064,4,325
2025-03-12,1906.5185295149,229941295347.6988691389383017798466846104,0.922433881193936455,120607952.027723426673218296,2066.8348901573636,2899.2812001281623,0.6575831724879334,4811.1564628872,-60.37296761762788,4,326
2025-03-13,1863.52630742256,224760702915.82736024030079014204861159184,0.908940427259088261,120610426.598534848790210239,2050.218310832567,2894.8080994618854,0.6437477868633054,4811.1564628872,-61.266561962853984,4,327
2025-03-14,1914.70355201636,230937974987.02933707643260530522734434756,0.936335200024497373,120612914.069037100633248921,2044.8911372404516,2890.949865946397,0.662309497155376,4811.1564628872,-60.20284173283077,4,328
2025-03-15,1939.64274050263,233950825948.31775733704314732633350936897,0.951597917521588205,120615421.109813670235281319,2038.3007410886084,2888.3413425857893,0.6715420756904596,4811.1564628872,-59.68448011481547,4,329
2025-03-16,1884.69832144945,227328411775.8269261536442915499050490199,0.932203990174094314,120617930.832026881792499782,2021.7659882548585,2885.117508507765,0.6532483740754983,4811.1564628872,-60.826501154393284,4,330
2025-03-17,1927.87450613676,232541048085.54224908263301333613458211472,0.955683090905775047,120620428.012987168651099372,2017.273847871017,2882.121042863405,0.6689082371854184,4811.1564628872,-59.9290831423131,4,331
2025-03-18,1930.50927673875,232863687031.2703274138486814760415082075,0.959458531996324996,120622930.869646925868434426,2012.0820362313943,2879.1396280153626,0.6705160312316917,4811.1564628872,-59.874319373512094,4,332
2025-03-19,2056.96594564582,248122387915.3648593531743544601929118236,1.013699554774309248,120625423.30396361932720698,2029.167257653363,2876.8574677991146,0.7150044688239152,4811.1564628872,-57.2459145423131,4,333
2025-03-20,1978.2045458796,238626717826.2278568869564675576003721396,0.977049676360920586,120627929.160947070009379351,2024.6714100019358,2874.6187745101024,0.6881623968439882,4811.1564628872,-58.88297208500117,4,334
2025-03-21,1966.1050710111,237172166228.5624044675718427203149803829,0.971596772209160088,120630463.613316933620514539,2023.58131196822,2871.756262347624,0.6846350774225645,4811.1564628872,-59.13445995412025,4,335
2025-03-22,1978.73242548217,238700423188.6992003235814031386070494589,0.976564509509597589,120632997.22322667656919717,2026.2178342686568,2869.4508981074136,0.6895857415742052,4811.1564628872,-58.872000095072316,4,336
2025-03-23,1997.88425306838,241015835532.71929035125866632092551922256,0.984166205091570579,120635534.897761783637697912,2030.02728881804,2867.1756806424805,0.6968126391964553,4811.1564628872,-58.47392890919537,4,337
2025-03-24,2073.91071683226,250192522606.4239935619232071359226766181,1.016021250235822699,120638039.321467963790702685,2041.2080124809363,2865.709401811388,0.723698891283729,4811.1564628872,-56.89371707550548,4,338
2025-03-25,2065.10749736996,249135726710.16967722027510925057173016124,1.009522945502816517,120640560.855771032691221719,2045.6271019589208,2864.932029290932,0.7208225103619901,4811.1564628872,-57.07669219864285,4,339
2025-03-26,2005.4321364699,241941513301.148861670885619337809355124,0.982560765833412426,120643081.80830841015762076,2041.0260680100366,2863.6107536202717,0.7003158980090315,4811.1564628872,-58.31704597554431,4,340
2025-03-27,2003.37026212741,241697811513.93154626945753175424760969021,0.981928118031966272,120645602.105158976401557081,2040.2412613895547,2862.127262933538,0.6999584847509733,4811.1564628872,-58.359902082145624,4,341
2025-03-28,1896.0268603156,228752072541.9165600343233448038686155344,0.936180994051125016,120648118.088284895903669124,2025.2780951159298,2859.797187077314,0.6629934699157187,4811.1564628872,-60.59103720817709,4,342
2025-03-29,1823.59882349503,220018393101.96563285553932052143318697631,0.905852303165668539,120650655.323569453165145377,2013.1304155458088,2856.967599568547,0.6382987415644567,4811.1564628872,-62.09645565339442,4,343
2025-03-30,1802.80018965517,217513615604.06321473165987796195900267502,0.899234555743133797,120653202.086509686027463206,2004.8164053986147,2854.2700618376875,0.6316151417341562,4811.1564628872,-62.528755745904384,4,344
2025-03-31,1823.44348568089,220008878869.03506953365625016956881962627,0.912239617411870376,120655715.736033244400853243,1998.8646084613279,2851.575623475618,0.6394512109969581,4811.1564628872,-62.099684353507136,4,345
2025-04-01,1908.28501987142,230250220602.36879866502138146323396722372,0.952445442993754478,120658192.148824303516000566,2003.563599268471,2848.9031875770206,0.6698314734571265,4811.1564628872,-60.33625107410769,4,346
2025-04-02,1795.48936616014,216644974251.25656981650574944625382282756,0.90519596904749658,120660683.563153984143787054,1983.5366346686956,2845.7947083046656,0.630927227786495,4811.1564628872,-62.680711383835195,4,347
2025-04-03,1813.54323436587,218828797687.00153159276203635658151966371,0.918543674521232249,120663678.450168291691357033,1974.3679965039591,2843.265971855221,0.6378380539554446,4811.1564628872,-62.305461309450884,4,348
2025-04-04,1812.99751081239,218766622588.13689371539101662587576790039,0.923012137894125034,120665704.880151369721299201,1964.2184933220797,2840.855001460715,0.6381872745635312,4811.1564628872,-62.31680418631822,4,349
2025-04-05,1802.97516072472,217561846864.70877724866469724951080443288,0.921290968726514327,120668244.135575382723925329,1957.0094811815463,2838.184548443473,0.6352564922931152,4811.1564628872,-62.52511896811718,4,350
2025-04-06,1569.10020689655,189344069995.8194411359344962032577273121,0.817061304561192659,120670476.725201784358158982,1920.4191878102022,2834.236075867494,0.5536236802067678,4811.1564628872,-67.38621537253177,4,351
2025-04-07,1560.23826212741,188277532767.91992059659299054247872866177,0.819389575540265889,120672295.596187003017288397,1904.147073263245,2829.6950976477833,0.5513803460395348,4811.1564628872,-67.57041110255011,4,352
2025-04-08,1471.09076125073,177523540140.32572625451275888342836197291,0.786479549744697181,120674770.596339120793983867,1870.4755409447935,2824.276885733698,0.5208734202661459,4811.1564628872,-69.42334400058317,4,353
2025-04-09,1662.90904646406,200674799594.62518433739376645974861233506,0.884428531244713165,120676954.654454286227057851,1880.2073742733523,2819.5677136882564,0.5897744673380518,4811.1564628872,-65.43639644040718,4,354
2025-04-10,1522.26864669784,183706170452.66026853902472548259625618024,0.820627345566105609,120679205.244857609680383111,1855.005996232932,2814.2735166888992,0.5409099853552428,4811.1564628872,-68.35961045040887,4,355
2025-04-11,1565.57072150789,188935722361.92104226240204089695327084374,0.847036096460612609,120681691.198176168574220766,1848.2928036357766,2808.861681720489,0.5573683929316676,4811.1564628872,-67.45957580917286,4,356
2025-04-12,1646.45040736411,198700550078.4658262048603848393888028034,0.891171169227287484,120684199.89435096430531494,1847.5130976148012,2803.8164932767418,0.5872176054717296,4811.1564628872,-65.77848964038748,4,357
2025-04-13,1593.3115698422,192291583195.8614722880207861972534135698,0.8674527673967012,120686742.527643755363480459,1836.7704037925457,2798.9090901074255,0.5692616367832964,4811.1564628872,-66.88298162546047,4,358
2025-04-14,1623.4533766803,195933108303.6142662516760846921895094288,0.886413649731472004,120689088.530688718296920496,1831.4850828076767,2793.877813275573,0.5810752957649732,4811.1564628872,-66.2564834628958,4,359
2025-04-15,1590.80377936879,191996735545.15849215169002304151916581824,0.870740755829313315,120691651.626161128165435456,1826.9545426912655,2788.3408379055845,0.5705198438235749,4811.1564628872,-66.93510610930869,4,360
2025-04-16,1577.76214319112,190426695584.88000514379449760226324527664,0.866461183096726121,120694172.063052811490295622,1820.926515775593,2782.8561601955025,0.5669578491905519,4811.1564628872,-67.2061768233516,4,361
2025-04-17,1584.56991437756,191252264734.07987808864751338887444259192,0.869999964027084473,120696640.141123905396177282,1821.3448044788997,2777.497508453027,0.5705027311654052,4811.1564628872,-67.06467713946157,4,362
2025-04-18,1589.17527673875,191812122974.9732729854821580804685260275,0.872732175261421238,120699161.245827718008826442,1820.9197756032347,2772.4621113814896,0.5731999980143571,4811.1564628872,-66.96895457469539,4,363
2025-04-19,1614.76228082992,194904571012.97581583573655661524450903408,0.885205238698758598,120701711.531683196985107949,1824.167108639802,2768.286786622694,0.583307440772756,4811.1564628872,-66.43712809412786,4,364
2025-04-20,1585.28322150789,191350438562.0887862090548164945354971469,0.869997602476059577,120704260.26466112421134121,1822.1696439117638,2764.372805079123,0.5734694027502978,4811.1564628872,-67.0498510340162,4,365
2025-04-21,1576.97164465225,190351179684.2232469981924742177231098215,0.866954415023412359,120706786.535910753180381654,1818.978734435147,2760.5101254186316,0.5712609528693912,4811.1564628872,-67.22260735403519,4,366
2025-04-22,1758.00477177089,212207109424.76277934897069776082631589414,0.954695417008505641,120709063.383827056449445926,1841.4299895557447,2757.2245065677253,0.637599429275096,4811.1564628872,-63.45982955798735,4,367
2025-04-23,1797.82488836937,217017943850.08209771206173773115413735798,0.97124737621684417,120711391.445313516570867654,1851.0473566190424,2754.141972682132,0.6527713190538799,4811.1564628872,-62.632167499901136,4,368
2025-04-24,1769.47740765634,213600137073.14144712502034494980506709122,0.955099751569449729,120713684.248759796459604833,1852.6624101290777,2750.7968461943765,0.6432599376083861,4811.1564628872,-63.221370551843016,4,369
2025-04-25,1789.56658474576,216029488661.90773986227646267131333639296,0.961400006245847565,120716094.334427125932205096,1861.4172801327559,2747.6117726678135,0.6513171193061847,4811.1564628872,-62.803816534542044,4,370
2025-04-26,1820.05065546464,219714001358.06700325960089114966919143072,0.972575813391399975,120718618.846339913654127123,1871.3714966014536,2744.514076681256,0.663159526463605,4811.1564628872,-62.17020440918236,4,371
2025-04-27,1793.40027907656,216501368630.8668092740074361906507559136,0.95632910198989209,120721163.67816423038640956,1875.2961457984738,2741.64520732433,0.6541328813390861,4811.1564628872,-62.72413310789874,4,372
2025-04-28,1799.8924050263,217289158774.1704869621263783421447442913,0.956884878932098306,120723415.559384762853596551,1880.9915849386337,2738.7340518891165,0.657198680457774,4811.1564628872,-62.58919411766178,4,373
2025-04-29,1792.9466081239,216455613837.3755662745183409905645244551,0.950348689526924546,120726190.538306086171430609,1886.6197511319908,2735.5103194679305,0.6554340502260055,4811.1564628872,-62.73356266929754,4,374
2025-04-30,1795.28281034483,216742122366.39662004682993583444689894005,0.948643336845753943,120728679.134829876536703735,1892.4739579304464,2732.095527770823,0.657108359534427,4811.1564628872,-62.68500465130432,4,375
2025-05-01,1838.20588340152,221928666236.77953980851063554196875965224,0.966544493350596934,120731126.061956781405923587,1901.8326585558887,2728.9608642135468,0.6735918816231424,4811.1564628872,-61.79284757040716,4,376
2025-05-02,1841.31197457627,222308298975.20472467360106312313204939434,0.966823155941571741,120733641.036773896172653342,1904.4971805449252,2725.0127808698294,0.6757076471357024,4811.1564628872,-61.72828739243935,4,377
2025-05-03,1835.43869257744,221603876059.12677406926411883614438033456,0.963299173985916045,120736190.729387145389047299,1905.3672443035593,2721.1873593152122,0.674499198408495,4811.1564628872,-61.850363696632236,4,378
2025-05-04,1809.26886206897,218448831118.08948510570520245378566995615,0.950292019662999689,120738733.583401566687913295,1903.9082983255903,2717.173767653348,0.6658642460071744,4811.1564628872,-62.394304237962395,4,379
2025-05-05,1822.42831151373,220042314791.40881331130146060133224453657,0.95681054659157007,120741273.278749234152898109,1904.6908690604798,2713.269687862173,0.6716723809897605,4811.1564628872,-62.12078477239792,4,380
2025-05-06,1814.22681735827,219057496323.70817929974212068722534772846,0.952546635683284585,120744272.010421467034553498,1904.6068186014656,2709.133584760566,0.6696704908032846,4811.1564628872,-62.291253020910005,4,381
2025-05-07,1814.5519094097,219099979149.1818547074651951473426306742,0.952861731493042974,120746051.966327184976035286,1904.318170660995,2704.957837556855,0.670824470613051,4811.1564628872,-62.28449597499106,4,382
2025-05-08,2193.0712805377,264808195185.224080056967860194761051794,1.121051817766791218,120747646.25083142334885522,1956.2621867974326,2702.192610049637,0.8115895485693801,4811.1564628872,-54.416961962163526,4,383
2025-05-09,2342.20799707773,282820618221.35049996692859440349047279868,1.173906333774855032,120749574.151490114465753516,1995.2256237906504,2700.5670179290646,0.867302304119028,4811.1564628872,-51.31715180860781,4,384
2025-05-10,2584.61239742841,312096306238.86445402315192818824716276764,1.260409666716370799,120751686.616294297670609404,2050.612959960758,2700.3736645078484,0.9571313894069782,4811.1564628872,-46.27877065803487,4,385
2025-05-11,2507.64435710111,302807565286.04442879620513664606395724302,1.213948941505048834,120753792.071255426783743282,2065.691786008844,2700.303472233535,0.9286527913941952,4811.1564628872,-47.87855318269447,4,386
2025-05-12,2493.58635534775,301114777011.088340100016275012071498146,1.194279856209154223,120755704.475731117749311224,2087.9414003203683,2700.110705909777,0.9235126359411843,4811.1564628872,-48.17074907908241,4,387
2025-05-13,2676.5017402104,323208337086.3536030968719058091399038704,1.25389799853953177,120757753.387803204560621026,2134.5450294424545,2701.417168402121,0.9907769046250422,4811.1564628872,-44.36884851164834,4,388
2025-05-14,2603.05951344243,314345526726.08937747363643015354862395089,1.209149875136361827,120760023.004768512373092523,2152.801374725255,2702.0295684567095,0.9633719570763961,4811.1564628872,-45.895346918725636,4,389
2025-05-15,2540.68613383986,306818948979.08416822820824426654798788276,1.166049392290050708,120762240.125809665776668266,2178.8838025549717,2702.190525457849,0.9402320487410396,4811.1564628872,-47.19177907768186,4,390
2025-05-16,2546.7049465225,307551749437.1956790842615595303154924375,1.157582170013622937,120764578.502568387761975775,2200.020881880488,2702.093123886809,0.9424934040982305,4811.1564628872,-47.06667791481034,4,391
2025-05-17,2474.61027878434,298851418896.14375200912160736755206563706,1.121496931265710827,120767064.397289839721481709,2206.5243424175205,2701.2900769250905,0.9160846145043473,4811.1564628872,-48.56516727582554,4,392
2025-05-18,2465.93426212741,297809759488.30656468858606787559526623661,1.115661643431485899,120769545.264106199813402121,2210.2886449899233,2700.3154120373347,0.9132023063435064,4811.1564628872,-48.74549848566783,4,393
2025-05-19,2526.45705727645,305125203119.39618710195214085327609928595,1.136918199189284634,120771972.846561933551408111,2222.1977439344532,2700.3587663123203,0.9356005167886062,4811.1564628872,-47.48753076801185,4,394
2025-05-20,2525.32290794857,304994275855.11481177235846819172995633276,1.136271686721834929,120774367.070100738764919068,2222.463991190499,2700.4229003635473,0.9351583070964906,4811.1564628872,-47.511104088410576,4,395
2025-05-21,2557.99176563413,308945644743.06672754443086914830321950901,1.149308397033820244,120776637.709964886565383777,2225.679175611954,2700.7684924412797,0.9471347776728205,4811.1564628872,-46.83208111467101,4,396
2025-05-22,2657.42359701929,320960346147.52858961095574770077657132077,1.187624744288493189,120778767.264479426232183013,2237.5953429728797,2701.7826264671417,0.9835815698075401,4811.1564628872,-44.765388165643735,4,397
2025-05-23,2521.84042402104,304590573337.25580704782143660559046658696,1.134644781431878229,120781065.461545069368160199,2222.5814327886596,2702.4084804027348,0.9331825452402424,4811.1564628872,-47.58348759857894,4,398
2025-05-24,2529.64885359439,305540031955.64414422163677976963772675678,1.137380929479307166,120783574.969901798894171202,2224.0999369951305,2702.9118579563587,0.9358976491031524,4811.1564628872,-47.42118920663132,4,399
2025-05-25,2546.99536732905,307641621671.94456522557322981920242519305,1.143872150607882253,120786093.927826096834286881,2226.6433936480694,2702.031911757367,0.9426222378226898,4811.1564628872,-47.06064151152995,4,400
2025-05-26,2561.92804529515,309451575891.2797172825134907090568237809,1.148496579538895132,120788550.818033992249993406,2230.6797346525204,2700.382173911196,0.948727950453209,4811.1564628872,-46.75026544953137,4,401
2025-05-27,2661.42436703682,321475210150.01925414607794313701599886666,1.183947097628722827,120790661.621522510838713413,2247.925073989601,2698.8879626394832,0.9861188770629722,4811.1564628872,-44.682232066930425,4,402
2025-05-28,2677.11812273524,323376584923.40842732888603912713853006568,1.186358447232442603,120792796.618556053218132482,2256.584533098295,2696.5736207734985,0.9927851040711887,4811.1564628872,-44.356036986402906,4,403
2025-05-29,2633.37122910579,318098055645.84186290774035770445251477165,1.166512606877775142,120794991.655566143781431135,2257.4734414179457,2693.8027936621306,0.9775664481830216,4811.1564628872,-45.26531719724014,4,404
2025-05-30,2525.27963413209,305046636254.44755037827709104034152175236,1.125901203096813768,120797171.185078924228333604,2242.896292486639,2689.577993308215,0.9389129597338667,4811.1564628872,-47.51200353570176,4,405
2025-05-31,2532.55873436587,305932121458.9311907459856425125595161948,1.130574100209778195,120799615.54594857242358804,2240.0643477468248,2685.965124070284,0.9428859338754392,4811.1564628872,-47.360707266500576,4,406
2025-06-01,2539.24056341321,306745510765.34646173541832891867708750235,1.133546546109962577,120802067.824965601453124035,2240.0849547177613,2682.7068057352462,0.9465218330921121,4811.1564628872,-47.221825292927626,4,407
2025-06-02,2608.39263530099,315105107947.62254761750157526108627771922,1.159091356559725842,120804323.583462983617155878,2250.377091106006,2680.4667178482505,0.9731113682302618,4811.1564628872,-45.78449785572594,4,408
2025-06-03,2595.07908591467,313502507325.1863706487352142472260079668,1.153088186426550964,120806533.03661774880981404,2250.5469368798967,2677.954816288724,0.9690526031768869,4811.1564628872,-46.06122029219251,4,409
2025-06-04,2609.93374517826,315302894134.03956218684596401958299705564,1.158595957062256661,120808773.294168120830756014,2252.6694740037115,2675.3325543165147,0.9755548860523013,4811.1564628872,-45.7524658507567,4,410
2025-06-05,2421.2568220339,292514047367.4027429543308604864768340676,1.087698321030232837,120810830.435445338232099884,2226.037105344213,2672.0878832644544,0.9061291872915057,4811.1564628872,-49.674120126600684,4,411
2025-06-06,2479.93381531268,299608721674.49580062286949260998316379416,1.113970829463360466,120813192.603980816947510662,2226.2107316646275,2668.5431123281014,0.9293212479333437,4811.1564628872,-48.454517444139434,4,412
2025-06-07,2527.09892109877,305313222213.93655653364475956222759959066,1.134857882742090944,120815698.849330318699580658,2226.7976982216387,2665.619643025939,0.9480343257937867,4811.1564628872,-47.474189613400256,4,413
2025-06-08,2509.56872501461,303201651192.35428874341317321879404019278,1.127968305216147154,120818229.909439572890930198,2224.8574835032387,2662.800340461707,0.9424547108851099,4811.1564628872,-47.83855515044703,4,414
2025-06-09,2676.70837200468,323401341233.98804343933829362933512141776,1.191380172399275967,120820536.378336027160260132,2246.7289904734243,2659.357238670591,1.0065245590482468,4811.1564628872,-44.364553664954535,4,415
2025-06-10,2806.2143766803,339054399236.3768901560844243989029679465,1.236837252223786839,120822700.522784723625275155,2268.863079305569,2656.761432346395,1.0562538068018819,4811.1564628872,-41.672768318237644,4,416
2025-06-11,2774.56475336061,335236655645.9989256463238542372911813178,1.221844395635858739,120824952.90115445338847298,2270.8004090133763,2653.6473987423033,1.0455664737808104,4811.1564628872,-42.33060648176095,4,417
2025-06-12,2652.93859585038,320547197547.2144089295684256107748216102,1.172183476226553284,120827220.82169616024875029,2263.245174203116,2650.092702173279,1.0010738845757232,4811.1564628872,-44.85860902020348,4,418
2025-06-13,2578.02224722385,311501324278.6210762085135100073604080825,1.144715390275308114,120829571.82160165298071145,2252.1076148053066,2645.8333004359183,0.9743706252389763,4811.1564628872,-46.41574708470891,4,419
2025-06-14,2533.09064056108,306078726386.3552853769191797589656229854,1.125641148524505242,120832125.580219583597833505,2250.3536263590445,2641.876431389688,0.9588225287390204,4811.1564628872,-47.34965158374918,4,420
2025-06-15,2546.5897761543,307716353475.6839024628584483238901173069,1.129751455550771328,120834677.165938292754755083,2254.1150654351654,2636.2632317428147,0.9659846351802919,4811.1564628872,-47.06907173361645,4,421
2025-06-16,2565.02230391584,309949836540.58357885446326109996334217632,1.136048408740818496,120837092.163840002434135573,2257.8459546093445,2631.1673032853923,0.9748609678727154,4811.1564628872,-46.6859512114774,4,422
2025-06-17,2513.40039538282,303718046989.70155550885980894439068531736,1.116466028356765717,120839499.964923725625613148,2251.2108129990183,2625.756235091003,0.9572101026718922,4811.1564628872,-47.758913791913656,4,423
2025-06-18,2522.49356750438,304824070958.46324311419145627183113130258,1.121724689093703711,120842358.087771002248855891,2248.7635264072023,2619.802698198016,0.9628563132786417,4811.1564628872,-47.5699119959483,4,424
2025-06-19,2523.04524547049,304896048951.95469353219872722687348078015,1.124351664253252578,120844463.451188954767653735,2244.0000986223395,2613.837518810056,0.9652647600754852,4811.1564628872,-47.5584453564747,4,425
2025-06-20,2403.17304178843,290416093063.01917557563250297367239753264,1.079201690032410102,120846933.621930484905141648,2226.8062253648422,2607.667951412627,0.9215793906914345,4811.1564628872,-50.04999192343303,4,426
2025-06-21,2266.03854500292,273849578471.54470488620967668568928764024,1.028332392781442749,120849479.403357556041197822,2203.6051386786708,2600.878585878174,0.8712588727927117,4811.1564628872,-52.90033565769636,4,427
2025-06-22,2227.35017475161,269179370125.63007407139981902007396297079,1.020675519073550026,120851841.428862196292917839,2182.231407659643,2592.7920307084046,0.8590546979362058,4811.1564628872,-53.7044743413943,4,428
2025-06-23,2421.45208328463,292642074168.97094025466071413360865924369,1.104234523781181414,120853960.393884976788842463,2192.87844306204,2585.9258569115314,0.9363965624972177,4811.1564628872,-49.67006161692144,4,429
2025-06-24,2443.16771186441,295271718993.39921297510542796885673904032,1.114962024546393879,120856099.055137681618965152,2191.2564357143715,2578.0743584166744,0.9476715455813628,4811.1564628872,-49.218701767220175,4,430
2025-06-25,2417.98607714787,292233583683.51200708752093697203945652919,1.105578140343247882,120858257.392538615749393437,2187.0784062329235,2570.1333237719346,0.9408018077440541,4811.1564628872,-49.74210263582191,4,431
2025-06-26,2415.25481852718,291909347649.5705833258559849062943703942,1.106384859413974737,120860683.27464371434994869,2183.015067475238,2562.201365130205,0.9426483224141293,4811.1564628872,-49.79887191035619,4,432
2025-06-27,2422.03759585038,292735205406.55794308432966811944362269126,1.109353181089960302,120863196.305496776655137477,2183.2880971871214,2555.7406718499888,0.9476851945612984,4811.1564628872,-49.65789172450022,4,433
2025-06-28,2438.21842022209,294697148139.54301149911245493881687964757,1.117280544978058538,120865770.554181906523671573,2182.2794920947745,2549.770002316558,0.9562503355231573,4811.1564628872,-49.32157291016675,4,434
2025-06-29,2503.22452016365,302560630256.9602180816722970773806031327,1.142875959897950963,120868355.123486930275720398,2190.2853922897866,2543.1018907204443,0.984319397228124,4811.1564628872,-47.97041959717411,4,435
2025-06-30,2488.96316364699,300842902570.96734625130119452132591857358,1.133181705804333603,120870773.406767838357460042,2196.4378271358705,2536.161460164805,0.9813898691943895,4811.1564628872,-48.26684222709004,4,436
2025-07-01,2400.70451081239,290180970290.1321554415171831352527558845,1.092928809258779319,120873255.73938957244321355,2196.579036506998,2528.637722035319,0.9494062711680364,4811.1564628872,-50.10130039770699,4,437
2025-07-02,2579.95848860316,311854385606.13505780463537228280304598472,1.163616038877850823,120875737.723586057885159742,2217.190552900232,2522.194501347768,1.0229022730897737,4811.1564628872,-46.37550226219596,4,438
2025-07-03,2590.32040794857,313113429406.94729647288900753711863361319,1.16394906780931474,120878262.181828150696058767,2225.458552773146,2515.4077476482357,1.029781517676557,4811.1564628872,-46.160129525405104,4,439
2025-07-04,2510.08707305669,303421362691.9184912771557198646076810225,1.129031708640259164,120880811.64547942280286525,2223.22106088561,2507.9822958882705,1.00083923127044,4811.1564628872,-47.827781274226666,4,440
2025-07-05,2518.45863588545,304439906092.9138907748890566456952952511,1.130608411187587736,120883425.185134185038823158,2227.5251191878788,2501.185896822432,1.0069058197893095,4811.1564628872,-47.653778144348486,4,441
2025-07-06,2569.75132524839,310647053068.45950589382313903836260831871,1.15039141291031674,120886036.721250692703750889,2233.806073662621,2495.8519652910177,1.029608871433509,4811.1564628872,-46.587658392089196,4,442
2025-07-07,2542.78128462887,307393016260.36598676473472443915513647488,1.136960052968548247,120888500.367121168231338624,2236.473724815388,2491.4165180604214,1.0206166918281638,4811.1564628872,-47.14823131935864,4,443
2025-07-08,2615.43112594974,316182143646.93555279378725657011259508162,1.163442310836882549,120891022.711263525581845263,2248.0110114513705,2487.136053193589,1.0515834558352426,4811.1564628872,-45.638202662396765,4,444
2025-07-09,2775.83493658679,335580027671.08432664571053875515984677205,1.222574138912909371,120893365.541295034943581395,2270.483930778228,2484.371047755161,1.117318984656093,4811.1564628872,-42.304205693593325,4,445
2025-07-10,2950.43276446523,356694159142.51326247668186975183293152308,1.277302220957699809,120895538.931952096129640796,2309.894021990383,2482.731478978685,1.1883817438360036,4811.1564628872,-38.675185743290925,4,446
2025-07-11,2958.64228667446,357692989252.01218142993619848601651947114,1.270370545815763963,120897680.284987156431429359,2328.9600789465558,2480.412108292186,1.1928027108009664,4811.1564628872,-38.5045506314928,4,447
2025-07-12,2940.39548918761,355494502806.43207644315382392617423589674,1.25707835148108231,120900234.037785922999463834,2339.0709781321534,2477.6403450103917,1.1867725253623433,4811.1564628872,-38.88381074551329,4,448
2025-07-13,2969.63940093513,359037667464.49734988053703400426093727318,1.260580663112032232,120902782.792899882257560486,2355.77102507974,2475.0347755372036,1.1998374448256282,4811.1564628872,-38.275975353480106,4,449
2025-07-14,3011.78428755114,364139739200.35195615583948251960879806822,1.26561109042400749,120904986.690275664417582823,2379.7075660439464,2473.467525185333,1.2176364787022913,4811.1564628872,-37.39999289601668,4,450
2025-07-15,3132.8656157218,378786424327.2624890757884227695100802104,1.298389647053157947,120907332.388079970853800028,2412.885548519424,2472.5213779067826,1.2670732167234322,4811.1564628872,-34.883314648184374,4,451
2025-07-16,3366.30753506721,407018065674.8578798502616664541359289766,1.364749437122539214,120909352.88440055202588646,2466.612143958667,2472.3674384992137,1.3615725084579822,4811.1564628872,-30.031218875657363,4,452
2025-07-17,3489.39637258913,421906857995.16579026055652103223829367215,1.389138776764606365,120911129.876056802502079055,2511.913446629255,2473.0797785186614,1.4109518030506996,4811.1564628872,-27.472814498842453,4,453
2025-07-18,3542.33909877265,428315726635.85700516784542947927016961215,1.3878872756032576,120913248.193618696848724431,2552.3247896576763,2474.01413876986,1.4318184537676033,4811.1564628872,-26.372398692540678,4,454
2025-07-19,3592.11291057861,434343168642.62990198569993693395439036113,1.392442223896570881,120915789.524184755375384733,2579.721333447174,2475.312429095488,1.4511755640847388,4811.1564628872,-25.337848845951598,4,455
2025-07-20,3755.06715341905,454056117479.61458035941241005262994173745,1.43175993720412797,120918241.652799488881685729,2622.693271297816,2477.3333133028227,1.515769853517503,4811.1564628872,-21.950841083941498,4,456
2025-07-21,3765.90390122735,455375520980.68908613719056422845332637885,1.416255444676669285,120920642.938413042092425491,2659.056962769245,2478.924893072256,1.5191682135072986,4811.1564628872,-21.725599026405153,4,457
2025-07-22,3745.90083635301,452966015411.62687831354762662128399364729,1.394272208344923582,120923119.751518111946641029,2686.6352308632736,2479.623145530584,1.5106734437064915,4811.1564628872,-22.141363199294595,4,458
2025-07-23,3629.55279777908,438905928007.99813969314830961013355334948,1.344791219392351815,120925621.546699712179044381,2698.971219799535,2479.4819500555404,1.4638351360846882,4811.1564628872,-24.559659911767532,4,459
2025-07-24,3709.50907597896,448584094510.777243920550958778475261728,1.359950822150718455,120928156.6166254535228868,2727.6788362923967,2479.8383784224316,1.4958672743579333,4811.1564628872,-22.897766792791767,4,460
2025-07-25,3722.55895032145,450171802832.1844188435328559982290429279,1.350815833554750843,120930738.462398623120473302,2755.7856947274,2480.0357932748275,1.5010101710693058,4811.1564628872,-22.626524848299717,4,461
2025-07-26,3743.35857714787,452696903330.7083503724949164563320193689,1.351820870285790551,120933352.76355651554760147,2769.1232318054695,2481.8397488615897,1.5082998726508972,4811.1564628872,-22.194204116540806,4,462
2025-07-27,3863.5014880187,467236283546.8535426987078351462596462376,1.385371725331355373,120935965.728452190035648248,2788.783268327944,2484.5295411995357,1.5550233651693246,4811.1564628872,-19.697030894310334,4,463
2025-07-28,3790.9041452367,458466391627.1705260378566665745406707696,1.354903933116670528,120938534.466305893611478288,2797.9136030083882,2487.397376165316,1.5240444416166945,4811.1564628872,-21.205968367909644,4,464
2025-07-29,3790.87183372297,458471635348.24010176803102570692343034577,1.349275714875779009,120940948.535836037114863241,2809.560560475941,2490.002865321131,1.5224367355232213,4811.1564628872,-21.206639963480875,4,465
2025-07-30,3800.85833167738,459688135624.79788789320470412049707362246,1.347946688714705801,120943243.738824148626075167,2819.739358758746,2492.575262338168,1.524872042624692,4811.1564628872,-20.999070369113184,4,466
2025-07-31,3701.44796201052,447673542191.0667198597098169544135771212,1.312808975115935156,120945518.29060520856980581,2819.487093835295,2494.7916412486006,1.4836701794294966,4811.1564628872,-23.06531723582189,4,467
2025-08-01,3482.30238223261,421177732400.66047489338353078689807558773,1.246216110748271216,120948064.289187493557265593,2794.300564884942,2496.537455713621,1.3948528487978218,4811.1564628872,-27.620263254900213,4,468
2025-08-02,3393.52058854471,410448603878.77778404175588771118052113235,1.220882281742814231,120950674.430649643128859285,2779.564122841103,2497.372160820722,1.3588365569949665,4811.1564628872,-29.465594920431244,4,469
2025-08-03,3504.17049064874,423840957939.16589181531200365593071019006,1.260692825660364145,120953292.389805683487263619,2779.559317959328,2497.687802922768,1.4029657696002666,4811.1564628872,-27.165734108221688,4,470
2025-08-04,3719.13207539451,449850935279.60997711903417975686749043115,1.326745359444201056,120955891.363952614782318865,2803.1996109279967,2499.767791162452,1.487791021447246,4811.1564628872,-22.697752524085665,4,471
2025-08-05,3614.08048129749,437152709148.01681907101263085518733030968,1.294831642093563686,120958210.922595378944371032,2791.1586061134726,2500.4436764034517,1.4453756808855034,4811.1564628872,-24.881252372976007,4,472
2025-08-06,3682.01792606663,445380562456.36131710438161012671119737384,1.318181721345309429,120960997.854821874057686168,2793.2551835939867,2502.3369004663095,1.4714317346239378,4811.1564628872,-23.469170988942818,4,473
2025-08-07,3904.2433635301,472271238830.4313847048995926963566746493,1.384462084308367957,120963576.000912470032113593,2820.0435445514804,2505.837862798396,1.5580590514224386,4811.1564628872,-18.8502100555852,4,474
2025-08-08,4016.25586236119,485830870622.49604753508275114687467146579,1.412616186644119239,120966115.524540327771770341,2843.133117356106,2509.491995756666,1.6004258507906508,4811.1564628872,-16.522027638423264,4,475
2025-08-09,4261.9204345412,515558906269.6334718744624105676472362676,1.476226003550648579,120968683.997765412082977373,2887.0379090263573,2514.1883929247692,1.6951476056984276,4811.1564628872,-11.415883739860766,4,476
2025-08-10,4248.71364552893,513972322797.80738222813047889196519228583,1.460741183869839795,120971278.763085960751297331,2908.601258350989,2519.233585822607,1.6865104011947327,4811.1564628872,-11.690387159447008,4,477
2025-08-11,4227.64236762127,511434028978.87535900681388121564159960238,1.433047219538138073,120973815.783438513467578994,2950.1068143335933,2523.692589438913,1.6751811949335687,4811.1564628872,-12.128354165305206,4,478
2025-08-12,4599.41391846873,556419913286.07649490669851147022577784344,1.515451445759722253,120976264.182659998333370328,3035.012392734868,2530.137521024243,1.8178513540271157,4811.1564628872,-4.401073755381512,4,479
2025-08-13,4760.82676241964,575958409420.37917392469231904334390992712,1.53231854820036963,120978653.112690533126456758,3106.9432449349315,2537.32432864844,1.8763177843155732,4811.1564628872,-1.0461040054672723,4,480
2025-08-14,4560.76501022794,551766004363.00545388563562573341938369072,1.45856880296601771,120981020.316902720693912888,3126.876840470993,2543.923048606067,1.7928077709453494,4811.1564628872,-5.204392220264618,4,481
2025-08-15,4429.98655289304,535955491246.91782969038888453910750609248,1.410055290640867879,120983548.109622948102929412,3141.711238060472,2550.220502495605,1.7370994188768878,4811.1564628872,-7.922625525369377,4,482
2025-08-16,4422.6705862069,535081943746.3891086257989466635825284907,1.398968599928034521,120986162.843591234523262303,3161.3794522867847,2556.980057134705,1.7296461010192026,4811.1564628872,-8.07468806464813,4,483
2025-08-17,4487.70970368206,542962502798.62055582843432876469715529034,1.409198687490488958,120988775.711836401612811539,3184.582659293989,2563.8001087814027,1.7504132589397183,4811.1564628872,-6.722848481444697,4,484
2025-08-18,4321.5258842782,522867344082.5871792593662235391076012098,1.358475237044468045,120991371.585853349868349839,3181.159116069143,2569.1284853521215,1.6820979989585443,4811.1564628872,-10.176983068124347,4,485
2025-08-19,4093.51478141438,495289791946.06879146096670002778693281886,1.296122136208804123,120993771.463782920793074897,3158.2785812053426,2573.132940175324,1.5908679716857002,4811.1564628872,-14.916199192619054,4,486
2025-08-20,4337.65589713618,524841310497.83127795020905747856840709636,1.36064054309506061,120996529.679623402026266802,3187.9513800678596,2579.2214627761423,1.6817694640565486,4811.1564628872,-9.841720372296308,4,487
2025-08-21,4222.5846157218,510929069252.79132809943454229161627725,1.328962247216415205,120999131.04179539462312625,3177.354830482383,2586.113088419041,1.6327919434888971,4811.1564628872,-12.23347965724222,4,488
2025-08-22,4831.10497749854,584570930656.8202669763374873063031257834,1.485524564418985231,121001496.21660688269753371,3252.120559438928,2595.8807138836814,1.8610658616399802,4831.10497749854,0.0,4,489
2025-08-23,4778.36752483928,578202046976.61250842617012922895315713848,1.464719799152807805,121004096.895217428232285141,3262.308277394135,2606.1544867679595,1.833493581865596,4831.10497749854,-1.0916229911146909,4,490
2025-08-24,4787.25375745178,579289740429.410819616334156949292174178,1.466620690274445144,121006691.8904592373280501,3264.1389755356254,2616.18645863675,1.8298595429418802,4831.10497749854,-0.9076851000134072,4,491
2025-08-25,4377.50717007598,529718918222.88800062760404593740187605008,1.35894370601006228,121009263.410000015326922296,3221.2571799082066,2624.6483351037286,1.6678452162632205,4831.10497749854,-9.389110970166193,4,492
2025-08-26,4601.96733810637,556892536687.86010393825490868340349549228,1.415530950835455093,121011840.322406928495927644,3251.0538433583956,2634.593407163927,1.746746699355128,4831.10497749854,-4.742965438743445,4,493
2025-08-27,4507.0350163647,545416021449.2249491003368095281083814614,1.387824239922450663,121014374.077161819608635562,3247.5546158615484,2643.94278493862,1.7046643528140235,4831.10497749854,-6.7079883927845865,4,494
2025-08-28,4504.04511922852,545065790485.00831741546132339175713629396,1.3817792727747299,121016947.223293018845088173,3259.598119592585,2653.3457913150087,1.6974964718022287,4831.10497749854,-6.769876866541743,4,495
2025-08-29,4366.7936899474,528466885071.4957897257090838797046682148,1.342355766702450859,121019430.409102155628796802,3253.0822292175185,2661.885178321145,1.6404891260942907,4831.10497749854,-9.610871419969696,4,496
2025-08-30,4372.10783167738,529121504931.15020065026640388294135439286,1.344404452385147238,121022061.966882050653416247,3252.077768651164,2670.725884998527,1.6370485103827088,4831.10497749854,-9.500872946437624,4,497
2025-08-31,4396.614606955,532098942891.19560233207380883728551783,1.352343520537132132,121024695.239257233723201426,3251.107828881175,2679.0157310315485,1.6411305674797567,4831.10497749854,-8.993602344954866,4,498
2025-09-01,4300.58149415546,520483348377.82130195901183629166961664536,1.332516531553125051,121026272.629681403176312316,3227.4132382754633,2687.1440805128454,1.6004283228961387,4831.10497749854,-10.981410791403999,4,499
2025-09-02,4322.33563062536,523127326291.64694197335910445960083802968,1.343348883662344368,121028853.609861929690058763,3217.5823296487697,2695.1303447778955,1.603757547014507,4831.10497749854,-10.531117606486209,4,500
2025-09-03,4455.87243804793,539300627146.07622208583174943923068218403,1.380735464134126698,121031433.157978384994011771,3227.173165166909,2703.938582108404,1.6479192491766772,4831.10497749854,-7.767012747566071,4,501
2025-09-04,4316.90264465225,522492017198.68476221677684354396410692925,1.33984823181371906,121034005.213424111752176213,3221.934053537218,2712.212753741952,1.5916533976533958,4831.10497749854,-10.643576060575171,4,502
2025-09-05,4308.76928550555,521518773513.6837430257061736591200638984,1.342248941469973174,121036597.449773570595106288,3210.1118893688767,2720.0396845894093,1.5840832433134004,4831.10497749854,-10.811930074503291,4,503
2025-09-06,4277.15637317358,517703668054.90485432810673087202854896456,1.334062861989934515,121039219.258373106633489532,3206.1130663615236,2728.0898449503093,1.5678209356229929,4831.10497749854,-11.466292016113163,4,504
2025-09-07,4316.10284774985,522429093419.8091510583020306573255312658,1.345470547659487066,121041854.619421657255038228,3207.8761257598135,2736.079441616002,1.5774771675491426,4831.10497749854,-10.660131215268045,4,505
2025-09-08,4305.11846668615,521110641844.55260242488128348698740500345,1.339605498415128439,121044437.191916744305834303,3213.7211080273146,2743.9014495806423,1.568977073627813,4831.10497749854,-10.887499097250766,4,506
2025-09-09,4309.73367562829,521680446455.28631505258802029158061369302,1.342185148968332339,121047026.503147825896904238,3210.9829846805837,2752.171419887481,1.56593940496791,4831.10497749854,-10.791967972101629,4,507
2025-09-10,4348.6037805377,526396471075.4969648997813493483152650772,1.351423063891074018,121049536.274470291989903636,3217.796037916519,2760.0826479953125,1.5755339006591536,4831.10497749854,-9.98738796213596,4,508
2025-09-11,4461.97569111631,540131705879.62938433924729734392799650224,1.37972765153875944,121052139.964594399207802704,3233.953951810731,2768.2832269359906,1.6118205130531182,4831.10497749854,-7.640680301949443,4,509
2025-09-12,4702.87913120982,569305164773.32306856762981139369308502756,1.435994751380514979,121054602.699701701482911958,3274.9974376219957,2779.2001440648623,1.6921700084296132,4831.10497749854,-2.6541722211781313,4,510
2025-09-13,4666.35363763881,564896443111.17294969726156365451339491919,1.420362240891449377,121057358.052488360688671799,3285.3264493359866,2790.0350461776625,1.6725071765789097,4831.10497749854,-3.4102206560834363,4,511
2025-09-14,4609.893685564,558073718522.18623559605994576023531574,1.399612987902062408,121059997.602506183816307785,3293.6917029285073,2801.432373940667,1.6455488015509154,4831.10497749854,-4.5788964008204855,4,512
2025-09-15,4524.12146668615,547701233878.89335798454861146193528353455,1.370785022576958418,121062451.110552555874953817,3300.3872906206616,2812.560498734647,1.6085419206881144,4831.10497749854,-6.354312569116254,4,513
2025-09-16,4506.83149269433,545619592956.09002810353689988939647337517,1.360972343279768691,121065008.496668009160624149,3311.479116345189,2823.9450121303216,1.5959345785187498,4831.10497749854,-6.7122011695989485,4,514
2025-09-17,4595.04608036236,556311198668.4488583521889713827470134864,1.378214337665613946,121067599.52765888323525724,3334.0576677974036,2835.8754744447583,1.6203271694297625,4831.10497749854,-4.886229925361866,4,515
2025-09-18,4586.33670105202,555265691225.25049638095148011613332876828,1.365335959225230111,121069543.607184992570502014,3359.1268654892606,2846.210408367903,1.6113835743022085,4831.10497749854,-5.066507094889447,4,516
2025-09-19,4463.60009351257,540419588737.36509665132606160170069071938,1.329345211759982421,121072582.089693697667375634,3357.743386763323,2857.76040994885,1.5619224333758837,4831.10497749854,-7.6070564746092,4,517
2025-09-20,4483.94747428404,542894831594.03068333051728262379719797432,1.333186726891593897,121075198.741197494205987558,3363.3304201419987,2869.329826266793,1.5627159461545703,4831.10497749854,-7.185882004871111,4,518
2025-09-21,4452.53198918761,539102920484.23814374979454603266206124352,1.326960142368450898,121077832.072487942696884032,3355.4376254590593,2880.387141487424,1.545810257605974,4831.10497749854,-7.836157360980158,4,519
2025-09-22,4204.59655523086,509094282384.7151073807027673673080659479,1.266500609415826716,121080411.805827226034819765,3319.8535586731614,2890.3784465970093,1.4546872089297327,4831.10497749854,-12.968222077262237,4,520
2025-09-23,4170.44418088837,504969987710.93615920828756627309647950169,1.262992792679398378,121083022.768900753941053637,3302.033238084366,2900.556973665975,1.4378080550568886,4831.10497749854,-13.675148846636084,4,521
2025-09-24,4153.13078725891,502884490649.67427612556431658223843394326,1.261217598369852606,121085637.898145968890084786,3292.953406792697,2910.3238918337133,1.4270338771957571,4831.10497749854,-14.033522214842737,4,522
2025-09-25,3875.37859468147,469261997408.45197856052438435725051331267,1.192429920962391709,121088039.773059166589486961,3249.984360970842,2919.622323801861,1.3273561320202014,4831.10497749854,-19.782769930864312,4,523
2025-09-26,4031.71004850964,488202409658.56138414581823969701683571008,1.237976438805582288,121090654.780353079310419472,3256.6936834431945,2930.382408376671,1.3758306891908576,4831.10497749854,-16.54683416552072,4,524
2025-09-27,4020.11526504968,486808933719.7324245497099101063064901136,1.240424873669670566,121093277.58633719436878402,3240.917971240434,2940.8679222223745,1.3669825954005215,4831.10497749854,-16.786836887754326,4,525
2025-09-28,4136.4756811806,500910192596.6815475780343801728339468232,1.27835009162506261,121095887.224874423320759772,3235.7925331097954,2952.017707980703,1.4012367439388136,4831.10497749854,-14.378269558481152,4,526
2025-09-29,4220.42131589714,511084876371.60822068677239263068469185936,1.304441620130845239,121098070.101791791864185224,3235.4236868598223,2963.802183023076,1.4239888681073556,4831.10497749854,-12.640662217975684,4,527
2025-09-30,4141.04144243132,501482753377.25091340376967965701265771016,1.28474853220349042,121100636.240630452251451038,3223.2311138187965,2974.93387247515,1.3919776438546403,4831.10497749854,-14.283761960902838,4,528
2025-10-01,4338.2852434249,525380272514.5305406635169398312904713493,1.337427588877374791,121103210.839074323720763757,3243.753366166477,2986.927084989762,1.4524242206065667,4831.10497749854,-10.20097340813351,4,529
2025-10-02,4478.61686469901,542386373948.00617282146065237413964119115,1.371032576725909359,121105776.701543725498130615,3266.601349031516,2999.89667770601,1.4929237056670106,4831.10497749854,-7.296221349800651,4,530
2025-10-03,4519.82290414962,547388366508.82793791887436910020861850598,1.375525316983411482,121108365.995108843804090379,3285.8885607876664,3012.856419696074,1.5001786592291586,4831.10497749854,-6.443289367520574,4,531
2025-10-04,4488.74868907072,543636835032.41967974384088537323951619456,1.358588083164637468,121110998.340378398034483798,3303.98061391413,3025.6476167577343,1.483566250150715,4831.10497749854,-7.086500707858489,4,532
2025-10-05,4518.09387872589,547202768371.77343368357588879977834491203,1.359356941599584459,121113633.992502503265771727,3323.699420263637,3037.9532564231345,1.4872163912243546,4831.10497749854,-6.479078807654513,4,533
2025-10-06,4695.78451022794,568735399164.73521297515162936196924033466,1.396833118049455892,121116162.363491419014459289,3361.736237171377,3051.541156244876,1.5388239154560228,4831.10497749854,-2.8010251878374026,4,534
2025-10-07,4464.01253302163,540675451119.51540540502656424164221966553,1.335040742933776637,121118712.620087441777586531,3343.7275653564543,3064.030693554929,1.4569085559134602,4831.10497749854,-7.598519307419078,4,535
2025-10-08,4529.19221332554,548581315963.78596043814702616578050413396,1.357525342301572419,121121226.506965240240968674,3336.3592355827905,3076.7829924941457,1.4720544882023097,4831.10497749854,-6.2493521788327016,4,536
2025-10-09,4368.90794301578,529179236681.27307291558403096500666850414,1.310788211262845026,121123915.537572529146879563,3333.0387819147904,3088.638110943883,1.4145094977412709,4831.10497749854,-9.567108076423498,4,537
2025-10-10,3867.07758883694,468396010905.44334497212869799360862694922,1.180249981432176738,121124027.161378434096131363,3276.4902772075684,3097.603945303906,1.2484093051016374,4831.10497749854,-19.954594097037333,4,538
2025-10-11,3749.88979456458,454210460854.96624667093003113192759345212,1.155821204917168444,121126349.236539918543260614,3244.3510973942675,3106.027856789879,1.2072943217064835,4831.10497749854,-22.38028749053999,4,539
2025-10-12,4147.5814956166,502392085861.1803785304093082888235326134,1.272005510440152811,121128924.505072873482039049,3260.6631508863584,3116.7386035856125,1.3307440960384251,4831.10497749854,-14.148388103043397,4,540
2025-10-13,4249.54676563413,514754026988.77032960316134636867839743485,1.301203818512238743,121131512.459531011563582345,3265.857896492301,3127.969486103146,1.3585640091803628,4831.10497749854,-12.0377887579154,4,541
2025-10-14,4135.18015604909,500911234385.97986822267467096011978188201,1.274012045842558306,121134077.714420478164935789,3245.7936088934853,3139.165252581814,1.317286547004208,4831.10497749854,-14.405085890097702,4,542
2025-10-15,3984.26746230275,482640808854.31931006667041591240826559825,1.239282796783729978,121136648.937562010891131163,3214.9784315920383,3149.9685957758525,1.2648594235655881,4831.10497749854,-17.52885766589712,4,543
2025-10-16,3890.10663062536,471244413592.02671882590525861790206898376,1.221003496283986434,121139202.170473951084620441,3185.9913935255286,3160.405127980703,1.230888595953801,4831.10497749854,-19.477911394101238,4,544
2025-10-17,3838.55720222092,465009150175.46688124360007878047385583916,1.21443392418125849,121141649.239047673854023673,3160.778965235824,3170.4806965634034,1.210717733238896,4831.10497749854,-20.544943235564798,4,545
2025-10-18,3888.66811747516,471089899605.6836170913407110683691685032,1.233874357250115409,121144280.09134231317152502,3151.591646771615,3180.382612051422,1.2227044955974267,4831.10497749854,-19.507687463073037,4,546
2025-10-19,3988.23975043834,483162898307.91974206394657256427204420744,1.260454107252859368,121146904.033243289386004116,3164.12928284287,3191.346363972813,1.2497044493388985,4831.10497749854,-17.446634486022308,4,547
2025-10-20,3982.14718614845,482435263713.8207691128550439298599650498,1.255076897326539886,121149530.934449021454536484,3172.8312381742408,3202.189383731726,1.243570166829979,4831.10497749854,-17.572745682493228,4,548
2025-10-21,3881.40200701344,470240117002.94830903774355188285452866976,1.229187055490027095,121152129.089760638242174529,3157.6984069898804,3212.5314062127313,1.2082067118494706,4831.10497749854,-19.658090124484097,4,549
2025-10-22,3799.0574094097,460273821256.0969055937453145016086680813,1.210301762119986793,121154742.256873277929216029,3138.9340479478456,3222.511817456156,1.178911862737145,4831.10497749854,-21.36255728028531,4,550
2025-10-23,3856.09569199299,467194342744.14854681944708854605945332641,1.229580258384022459,121157351.907593132379226059,3136.1073550911337,3233.9467948816387,1.192380684214108,4831.10497749854,-20.18191055766279,4,551
2025-10-24,3932.93122939801,476513834700.03739287480046006145123503954,1.252614798284721424,121159971.254563351205694754,3139.777076547078,3245.8102597179914,1.2116947432841372,4831.10497749854,-18.59147653143295,4,552
2025-10-25,3955.02062916423,479200662014.84954123673791070467619546717,1.257488032752129137,121162620.109041915223909179,3145.175561240373,3258.229909057559,1.2138556024452607,4831.10497749854,-18.134243665057582,4,553
2025-10-26,4166.26219111631,504806272044.36144754285886779465615954605,1.311873896954808453,121165267.303809184414037955,3175.8099622130294,3270.7466747808207,1.273795437366148,4831.10497749854,-13.761712682270764,4,554
2025-10-27,4118.91474137931,499079946980.82484629534107037751082449452,1.294164358353515354,121167826.555617621608965892,3182.682875473057,3283.729905254228,1.254340296011776,4831.10497749854,-14.74176693399012,4,555
2025-10-28,3984.36764699006,482787592345.05598441768895876929769517846,1.254938960331447404,121170442.870594973139993141,3174.9493584434827,3295.823889881639,1.2089140015103017,4831.10497749854,-17.526783923186567,4,556
2025-10-29,3902.84432378726,472919508994.36738941181301040282609516116,1.233347231425880852,121173039.393857653086462766,3164.4327115204655,3307.105859463755,1.1801389159100286,4831.10497749854,-19.214251357293367,4,557
2025-10-30,3791.08245061368,459386731074.03567689471718519187373313504,1.203030978933391413,121175610.675434565696511428,3151.2758332913904,3318.094713867613,1.1425479914027972,4831.10497749854,-21.52763253394186,4,558
2025-10-31,3851.14513091759,466674956537.54468679533219879709902866964,1.22134342729274898,121178231.583901059910525996,3153.204123310431,3329.2331726387993,1.156766417734903,4831.10497749854,-20.284383203122943,4,559
2025-11-01,3871.69728784337,469175676879.07587080616307408169210257606,1.227233383164807053,121180878.048556887006014438,3154.8174462619177,3340.637640181172,1.1589695455965099,4831.10497749854,-19.85897003115703,4,560
2025-11-02,3892.96733927528,471763503301.05914452724347552199326817744,1.233497010675784625,121183524.593577316903640098,3156.041162306892,3352.213666161593,1.1613124123239047,4831.10497749854,-19.418697018440927,4,561
2025-11-03,3595.6841440678,435746640426.4340703917854190318335183664,1.152155180345344175,121186017.171539875507918088,3120.833204942097,3362.269237310045,1.0694218369450081,4831.10497749854,-25.572220831152777,4,562
2025-11-04,3282.72106575102,397827196184.43786562820583237534455121042,1.074191216060715005,121188242.380691906832924471,3055.993213004895,3370.7369662551064,0.9738882323405162,4831.10497749854,-32.05030565386815,4,563
2025-11-05,3428.01642314436,415444045571.60684164938159919846849770864,1.126713470176029439,121190797.910629420010512924,3042.491737148391,3379.8032369666785,1.014265086692133,4831.10497749854,-29.042808237230116,4,564
2025-11-06,3303.66692986558,400381677304.19259004816724524471251646952,1.098528247709779663,121193112.321550940429224844,3007.357286217346,3388.395155508467,0.9749945854145302,4831.10497749854,-31.616743058724428,4,565
2025-11-07,3438.0656233197,416678408785.1356644148330171432084582794,1.143146043553385938,121195594.976108294225241202,3007.5471482477637,3397.7006254018047,1.011880092559103,4831.10497749854,-28.83479784991406,4,566
2025-11-08,3405.3028012858,412716662973.3284278439471285314486084918,1.137433681688960176,121198227.311090146570034071,2993.8473390635936,3405.9371155493786,0.9998137621917085,4831.10497749854,-29.512962000486176,4,567
2025-11-09,3576.40794155465,433463775210.1183415636035830797028713462,1.193143540056919865,121200875.932988058346158268,2997.4666261731045,3414.8300308153052,1.0473165309199202,4831.10497749854,-25.97122276969337,4,568
2025-11-10,3570.58905815313,432767815952.66317366663597985292087048939,1.193843098905891349,121203479.007049397877331003,2990.83611692812,3423.8355890677885,1.0428623002675481,4831.10497749854,-26.091668991181454,4,569
2025-11-11,3419.72296464056,414491265224.15502617589189968207176097112,1.150784730980227133,121206094.619340413391020877,2971.6443680371685,3431.9863709672627,0.9964267322182732,4831.10497749854,-29.214476179500632,4,570
2025-11-12,3410.5313264173,413386125580.0557543255181160012802972827,1.149770158668274795,121208716.770330980627168999,2966.272259464065,3439.9387743220263,0.991451171130067,4831.10497749854,-29.404735721904927,4,571
2025-11-13,3247.69008825248,393656664060.20063064571325622563405079104,1.10154309817594837,121211277.358062130261472698,2948.309597355154,3447.210223367906,0.9421212742515901,4831.10497749854,-32.77541880420748,4,572
2025-11-14,3112.32678550555,377257068257.4543070396841796735676894121,1.06361726192844962,121213835.903858872036307822,2926.171750788037,3453.7723952703027,0.9011383580943729,4831.10497749854,-35.57733065206426,4,573
2025-11-15,3169.92543483343,384247199273.76858932964642082422768344906,1.083702415271338288,121216478.801483107505211542,2925.0884653973403,3460.65728940385,0.9159894117627282,4831.10497749854,-34.385084787067484,4,574
2025-11-16,3090.50758416131,374628597527.61276934614381173689536738139,1.062900055457313549,121219116.059628771237652169,2907.6182358760125,3467.1334132729326,0.8913725593397076,4831.10497749854,-36.02897062771922,4,575
2025-11-17,3018.11872559906,365861441889.70056976611850801803843593698,1.047650139525431814,121221686.471953321275732833,2880.846011213455,3473.0329774839197,0.8690152800638168,4831.10497749854,-37.527361966748494,4,576
2025-11-18,3117.43951928697,377909363532.3141493154877361854163421685,1.086088194561656564,121224280.75805964576480605,2870.3373583258253,3479.413615207473,0.8959669254789305,4831.10497749854,-35.471501161601246,4,577
2025-11-19,3015.43288310929,365551434223.10720465624377934346638445882,1.059986357264543109,121226851.464913975357628058,2844.7846167483467,3485.3135861601327,0.8651826610619208,4831.10497749854,-37.58295675308163,4,578
2025-11-20,2844.77433810637,344870222788.85898939385351972633608620456,1.011699170211346866,121229377.729279776877961288,2811.877702254207,3490.4911135403195,0.8150068989062647,4831.10497749854,-41.11545181989932,4,579
2025-11-21,2757.03679748685,334240658403.18224968037669614171149493125,0.992751343310265684,121231845.257871081586649625,2777.1675314925164,3495.1641559701848,0.7888146806431053,4831.10497749854,-42.931548572674686,4,580
2025-11-22,2772.12619257744,336077291649.92662076890298758470048580464,1.00293197327772048,121234485.121852266558051631,2764.0221534843968,3499.9536528462804,0.7920465433372392,4831.10497749854,-42.61921019127186,4,581
2025-11-23,2802.26699941555,339738816520.9704717141223413754389003082,1.023363011322607874,121237132.861296769370979724,2738.2922466524,3504.89222829631,0.7995301472586794,4831.10497749854,-41.99531965321703,4,582
2025-11-24,2958.66075715956,358707304068.74741136414042423565909122204,1.077553457469517868,121239754.575013074445611859,2745.7206291254984,3508.7201756794193,0.8432307533862123,4831.10497749854,-38.75809424676378,4,583
2025-11-25,2962.53465195792,359184729502.18034502105120256195503290496,1.079794605007985362,121242372.393787015879732488,2743.609421845566,3511.82180895382,0.8435891150298613,4831.10497749854,-38.67790773008896,4,584
2025-11-26,3024.35795704267,366688321005.620596165337601369163308778,1.099691366652306718,121245013.3925886576011134,2750.1879606906946,3514.0205367518915,0.8606546050064265,4831.10497749854,-37.39821487777671,4,585
2025-11-27,3015.04006516657,365566554855.40924736019158313414381920809,1.097642631660083896,121247660.712333858991468537,2746.832145729069,3516.557515292219,0.8573839762481537,4831.10497749854,-37.59108776957888,4,586
2025-11-28,3035.43157714787,368047002681.9534150224596596593204260515,1.102435207167274395,121250304.38926086605457345,2753.3877341848156,3519.2667414012194,0.8625181892121347,4831.10497749854,-37.168999819176726,4,587
2025-11-29,2991.32805610754,362707360811.56314335725675916590592556966,1.085483498682159768,121252953.206187426194308179,2755.756360865169,3520.8408729807047,0.8496061492194377,4831.10497749854,-38.0819073474906,4,588
2025-11-30,3002.61025482174,364083336836.01064177699913620820452704834,1.08655988013605019,121255609.598797452566510591,2763.4098310769373,3522.8386266876014,0.8523269366002685,4831.10497749854,-37.84837487889908,4,589
2025-12-01,2804.79124167154,340104024042.05903345791369104238564677462,1.022015640280694797,121258230.911820392793144003,2744.372132016697,3524.1591522267595,0.7958753054325929,4831.10497749854,-41.94306986217032,4,590
2025-12-02,3003.37940648743,364192408302.76016330025552177981984662039,1.086651866867412657,121260872.840803509209206673,2763.883722157988,3526.4425245265843,0.8516739988242473,4831.10497749854,-37.83245405603821,4,591
2025-12-03,3189.75251227352,386799038870.83230536739711767633750390696,1.144679911716209293,121263025.072480746352515823,2786.5890539575817,3530.0182356940304,0.9036079417437878,4831.10497749854,-33.97468017916852,4,592
2025-12-04,3136.48043804793,380347811258.19978877721347825259058353643,1.124285657816630489,121265800.559215067215544451,2789.7540240253475,3533.370966573633,0.8876736883049181,4831.10497749854,-35.07736940810705,4,593
2025-12-05,3021.45198480421,366406539378.35409783453332270026366304476,1.085414330449896858,121268364.091543632734582956,2783.685363313601,3535.8459412112716,0.8545202576810103,4831.10497749854,-37.458366173432566,4,594
2025-12-06,3036.21572150789,368204877620.9787245968899793886168102178,1.090296978323338232,121270987.10829262679865402,2784.7602826314264,3538.4004052790683,0.8580757895511343,4831.10497749854,-37.15276865956268,4,595
2025-12-07,3048.0956233197,369653376077.3295225599782688846603549766,1.093879299953459855,121273549.704040360652293278,2786.5008721249083,3540.8509245674963,0.8608370383997499,4831.10497749854,-36.90686421602146,4,596
2025-12-08,3125.14534073641,379005506574.66666613935600453472708541904,1.118324611023585682,121276121.668427017023633744,2794.488567926634,3543.1895332860818,0.8820147246929908,4831.10497749854,-35.31199683525498,4,597
2025-12-09,3325.93575745178,403365178179.88486909342120875194377487396,1.1783520301817805,121278703.978614935168142682,2822.53152900216,3547.210009953236,0.9376201995707683,4831.10497749854,-31.155796180320433,4,598
2025-12-10,3329.80832583285,403843445405.19661316172812544275318278695,1.171792031345378431,121281288.857426197868858027,2841.637625756656,3551.2108073144277,0.937654368187449,4831.10497749854,-31.075637119420136,4,599
2025-12-11,3237.47843424898,392654017979.9155358137275097920202392856,1.139543272027100811,121283902.25740674998104972,2841.0315902176512,3554.663222649027,0.9107693841770832,4831.10497749854,-32.986791855529326,4,600
2025-12-12,3087.7986767972,374508334498.4254088804714927294369235324,1.093419208604681372,121286513.046531211311322167,2823.9842985176356,3557.292575806537,0.8680193183427175,4831.10497749854,-36.08504283846038,4,601
2025-12-13,3114.86668527177,377799572733.1788704458580271809402997996,1.101724420182901703,121289162.87799845746865548,2827.264811607479,3559.5597873977117,0.875070759114558,4831.10497749854,-35.524756763108215,4,602
2025-12-14,3060.69585388662,371237387671.63336904797363003543740382896,1.083378699632572523,121291825.582805992925212808,2825.1394040926352,3561.4776760534687,0.8593893131679621,4831.10497749854,-36.64604954472768,4,603
2025-12-15,2962.21389070719,359300160897.80186366390150430769933471938,1.053660718232771978,121294468.986513201496509502,2811.354584496132,3563.121889361476,0.8313535104009673,4831.10497749854,-38.68454723082893,4,604
2025-12-16,2958.2751081239,358830276026.7170498299591438395951961889,1.054749605244472822,121297128.533215625328073351,2804.717909743348,3565.286866731435,0.8297439220749078,4831.10497749854,-38.76607687263211,4,605
2025-12-17,2826.68701724138,342876520881.34673093154535577176641105624,1.021803287007175271,121299782.674902132396031548,2766.371035584201,3566.757508145813,0.7925088853912134,4831.10497749854,-41.489844861434,4,606
2025-12-18,2826.57452688486,342870364727.80160120462729708869327903242,1.028362211347004872,121302432.137062969874025447,2748.617652123233,3568.1941779631707,0.7921582699566959,4831.10497749854,-41.4921733216319,4,607
2025-12-19,2980.4724704851,361546424647.1842438928102702139769609634,1.082401596774491669,121305071.000484414456099734,2753.5736083231714,3570.0545771390916,0.8348534752299331,4831.10497749854,-38.30660926709286,4,608
2025-12-20,2975.45867592051,360946163752.47045005044787863385604740583,1.083646266377487946,121307738.760917411647007933,2745.7840886280596,3571.956475089121,0.833005300224514,4831.10497749854,-38.41039079508579,4,609
2025-12-21,3000.9371943308,364044914461.0618084426440685438839854432,1.093101742375603286,121310407.678239575174088904,2745.341149863103,3573.911492334884,0.8396786548203654,4831.10497749854,-37.883005889790624,4,610
2025-12-22,3004.76614056108,364517403925.23785562257000400411515718204,1.09524262339309401,121313069.594551381138253613,2743.4707857262033,3576.8290389275194,0.840064232273744,4831.10497749854,-37.803749772440376,4,611
2025-12-23,2963.25538310929,359489481259.62676817951648414794744071464,1.081604620434262072,121315727.057726962161525416,2739.6844716875835,3579.245646766503,0.8278994166791264,4831.10497749854,-38.66298917305642,4,612
2025-12-24,2946.73151811806,357492727175.57092471353384564199530196588,1.076932207807044991,121318391.233648886313126698,2736.2274958035514,3581.343809751599,0.8228005113874963,4831.10497749854,-39.005019931406565,4,613
2025-12-25,2905.2144006429,352463674566.0432104231344511103062139327,1.062823246003774834,121321054.476408317575546763,2733.487822708558,3583.322038129741,0.8107600627933601,4831.10497749854,-39.86439097940762,4,614
2025-12-26,2926.08538047925,355003551237.850605655227740899076637602,1.069234447844301621,121323715.844445460042173224,2736.6171996970083,3584.5689231721135,0.8163004933630491,4831.10497749854,-39.432378428789086,4,615
2025-12-27,2942.30547574518,356979274170.54822265471608748560015027312,1.076993130150703207,121326380.660776981463462184,2731.9630862765707,3585.249378667438,0.8206696843048539,4831.10497749854,-39.0966354602244,4,616
2025-12-28,2946.08468264173,357445660883.80284228329441644596247211863,1.079437365170564242,121329051.737672471259832531,2729.2780273325193,3586.106978313844,0.8215272719016746,4831.10497749854,-39.01840890720698,4,617
2025-12-29,2933.90624196376,355975867437.39571571604650545919238112048,1.078187947926902715,121331712.086044492270467298,2721.145462259116,3587.511816544411,0.8178108928961739,4831.10497749854,-39.27049286594298,4,618
2025-12-30,2969.19949064874,360265944873.2992117320581833694914273569,1.09243181280673348,121334368.407353038300391185,2717.9723767107403,3589.4677027615353,0.8271977174678028,4831.10497749854,-38.53995091230375,4,619
2025-12-31,2968.12801431911,360143859022.30657593695039892991430853765,1.092647684339024812,121337037.110551901561144115,2716.4547702442796,3591.6428896303255,0.8263984214267496,4831.10497749854,-38.5621296133384,4,620
2026-01-01,3000.88881268264,364126977931.85809219883816937692563070936,1.103223268945526834,121339709.886267773070052799,2720.1101510040876,3593.914384812967,0.8349917364096616,4831.10497749854,-37.8840073511206,4,621
2026-01-02,3124.26197691409,379105363603.02840265847441390440856881147,1.142741224798401765,121342373.464302134597463883,2734.0065354387307,3596.7105831779586,0.8686442527587457,4831.10497749854,-35.33028175819568,4,622
2026-01-03,3125.24571244886,379233042501.00413344101850068206522650214,1.140920202266469433,121345032.485092872006397849,2739.232512703757,3599.769809763289,0.8681793219034658,4831.10497749854,-35.30991922127396,4,623
2026-01-04,3140.1174465225,381046032739.649282475878225074538818965,1.142742653841216079,121347700.915338664293900354,2747.8780423285216,3602.8579291583796,0.8715629392736074,4831.10497749854,-35.002086248426,4,624
2026-01-05,3229.65402805377,391919675017.69487921055747241277521208898,1.173863699169791754,121350358.773218377191243074,2751.302412995584,3606.390973071296,0.8955362999101879,4831.10497749854,-33.148750791045174,4,625
2026-01-06,3291.03787784921,399377294334.91109477327142031903652591239,1.192929726966217306,121352992.325909022091812959,2758.78604033011,3610.8302972516,0.9114352121045951,4831.10497749854,-31.87815431091604,4,626
2026-01-07,3163.42844097019,383899926773.03916077508059255309434391252,1.149446110359152416,121355653.821997351390542908,2752.1328859704045,3615.3172467314357,0.8750071501554136,4831.10497749854,-34.51956735148081,4,627
2026-01-08,3109.10774547049,377316074781.55647974744909446447831614335,1.134373450900192444,121358314.240235057045461415,2740.8149785268947,3619.7260345850304,0.8589345480194391,4831.10497749854,-35.64396220012734,4,628
2026-01-09,3085.00326271186,374399036228.61246968594887488203835256394,1.125607163301803826,121360985.498439462768072029,2740.745939873423,3623.043790482166,0.8514948869280152,4831.10497749854,-36.1429056689797,4,629
2026-01-10,3082.05532378726,374049472949.68080455799558430532561686682,1.125250237568335973,121363646.545463408665300607,2738.9954881925432,3626.2382285417802,0.8499318383245459,4831.10497749854,-36.203925641394505,4,630
2026-01-11,3112.54671624781,377758339297.78434116512288320040547971442,1.13687242233145049,121366319.524088567454567482,2737.815303730149,3629.71103173728,0.8575191493296531,4831.10497749854,-35.572778262015106,4,631
2026-01-12,3091.07288398597,375160325613.20334528073908298425976963845,1.133135834584472732,121368967.893578193577232385,2727.8926229700296,3633.0901220645737,0.8508109571004553,4831.10497749854,-36.0172693745423,4,632
2026-01-13,3322.29855201637,403232745020.52142105316884992798384392498,1.209288477579408589,121371616.279274881884449354,2747.3168012536607,3637.5914268454035,0.9133237250060098,4831.10497749854,-31.231083416932975,4,633
2026-01-14,3356.49862828755,407392587810.9620847642017755212760471572,1.222740465208632188,121374275.078673117802725144,2745.0621974098494,3642.182827885731,0.9215623671028016,4831.10497749854,-30.523169255877253,4,634
2026-01-15,3314.54089479836,402308810695.97705434106995658199671580648,1.207215908818916777,121376933.779075155827360118,2745.607368644728,3646.239409758905,0.9090299682262287,4831.10497749854,-31.39166070213258,4,635
2026-01-16,3295.41368351841,399996058773.74496454786815148443463679571,1.198883457107496581,121379619.431173113824372531,2748.7356372980043,3650.271662358262,0.9027858713916663,4831.10497749854,-31.78757864159027,4,636
2026-01-17,3306.92532524839,401402211764.55283115181794420947872274876,1.200325331004182884,121382302.980912543259315684,2755.024192051202,3654.802766430442,0.9048163571568555,4831.10497749854,-31.549296886513595,4,637
2026-01-18,3301.93096201052,400804878940.1722170233826891872695562084,1.195322742770336774,121384996.70390602396188367,2762.3760879491074,3658.412628797479,0.9025583762802244,4831.10497749854,-31.652676201621254,4,638
2026-01-19,3185.10260227937,386632210858.98862108834569564033846871789,1.15794901064410013,121387678.557764885882838797,2750.641498892668,3661.386539769133,0.869917056744357,4831.10497749854,-34.07092958827488,4,639
2026-01-20,2937.81746171829,356622686951.40375655624741020789046951266,1.079462773845037903,121390348.991533304382902554,2721.5551410390995,3663.525191712441,0.801909993239344,4831.10497749854,-39.18953375259837,4,640
2026-01-21,2991.97558971362,363204884267.45871247813800053296322452264,1.101297553839106105,121392997.160856930321769172,2716.7731184761465,3665.892776481582,0.8161656033445779,4831.10497749854,-38.068503920964034,4,641
2026-01-22,2947.89295207481,357861441242.73381174602073499411747148429,1.096495954005133409,121395670.419735174169893109,2688.466784858751,3667.783484615714,0.8037260008502577,4831.10497749854,-38.98097917960838,4,642
2026-01-23,2951.59461922852,358318683013.53958070470025833188941495564,1.103044294896394522,121398338.606266998471715307,2675.862277593987,3669.8275512887117,0.8042870074895007,4831.10497749854,-38.90435763710515,4,643
2026-01-24,2950.6620654588,358213412157.6233550126219942635833101228,1.107162948170858741,121401029.399794911019061781,2665.065761398159,3671.5037059862575,0.8036658278862281,4831.10497749854,-38.92366075252209,4,644
2026-01-25,2806.82564319112,340759075781.54152778887504032669248121368,1.062176080061708114,121403720.465560407000135539,2642.523867632243,3671.658659519279,0.7644571305434505,4831.10497749854,-41.900959381668336,4,645
2026-01-26,2930.17946756283,355742562249.59984830663363486108204604811,1.112670093394007644,121406407.418958505731356017,2633.4665458876716,3671.557393034767,0.7980753543773034,4831.10497749854,-39.34763410833552,4,646
2026-01-27,3022.82405873758,366998334736.47005617261683794687939347414,1.148037744798469303,121409095.470061637155267333,2633.035431485937,3671.8783018950826,0.823236450177959,4831.10497749854,-37.429965342985696,4,647
2026-01-28,3008.43984979544,365260041082.43510546498867020640768000912,1.146773650274992566,121411781.294969583469214998,2623.3946420673565,3672.218523698122,0.8192431442684894,4831.10497749854,-37.72770693645419,4,648
2026-01-29,2818.53491466978,342210712263.59121528195271384824516329268,1.089537910002449059,121414395.288299870819253306,2586.9085314006593,3671.4630012667953,0.7676871355362365,4831.10497749854,-41.65858684923119,4,649
2026-01-30,2699.6404661017,327782260969.6121402922416595703060287822,1.051872134669598748,121417005.369952856102327166,2566.5101081413077,3669.902282159548,0.7356164438561293,4831.10497749854,-44.11960661845263,4,650
2026-01-31,2444.24318264173,296778501115.43544664622038933988256730786,0.965995874462040674,121419383.808888532055458282,2530.2832519889585,3666.4591699941475,0.6666495027805346,4831.10497749854,-49.40612563738337,4,651
2026-02-01,2270.22719140853,275655603144.0467375489070937437561176401,0.910191029398292534,121422033.96525268470942317,2494.231560279525,3660.978768275854,0.6201148204084501,4831.10497749854,-53.00811714954675,4,652
2026-02-02,2345.61446464056,284815418197.16262536770112661149786242968,0.946799424614786854,121424651.190837323725208053,2477.414332602592,3655.2598587361113,0.6417093600156815,4831.10497749854,-51.4476610306432,4,653
2026-02-03,2231.42898305085,270956369422.57685912812435433550375855,0.912679463945732884,121427287.841408431478363,2444.9207758042958,3648.7053081575023,0.6115673354222354,4831.10497749854,-53.811208958530145,4,654
2026-02-04,2147.39338924605,260757818428.6563148675803311934478960431,0.891794711190665784,121429925.105715449231700622,2407.9458672489673,3641.4817105508396,0.5897031922539075,4831.10497749854,-55.55067838004357,4,655
2026-02-05,1850.0371659848,224653785295.62128368569997110716149532,0.793410765978737097,121432039.00232729199048715,2331.7520322561136,3631.9565606136684,0.5093775586545591,4831.10497749854,-61.70571381492282,4,656
2026-02-06,2064.07685622443,250650116669.85196473565230125138088256903,0.890392781857164994,121434488.213940044558979221,2318.1644082055745,3623.4474253886538,0.5696444887710866,4831.10497749854,-57.275263819806874,4,657
2026-02-07,2086.30893687902,253355457468.3326522892651203493486415054,0.90660029086828177,121437172.12242576007938377,2301.2445042135287,3615.149465891284,0.5771017095041903,4831.10497749854,-56.81507757342765,4,658
2026-02-08,2093.81263588545,254272219269.9479523666320256101924765055,0.915467210476960212,121439815.05891479546006079,2287.1519721548184,3607.470765081816,0.580410146674595,4831.10497749854,-56.659757019612755,4,659
2026-02-09,2107.02768497954,255882702184.50154011005962373990596032188,0.923994630948588311,121442496.464865507254941822,2280.346242722677,3599.458358126818,0.5853735410557858,4831.10497749854,-56.38621609769861,4,660
2026-02-10,2017.25694389246,244986153517.88016050187055742556554278302,0.893533311982636684,121445190.341077530216274737,2257.618061733394,3590.9318480946736,0.5617641963778299,4831.10497749854,-58.244398470162004,4,661
2026-02-11,1940.05835008767,235615963587.75484224310231730578187800488,0.866797228202755252,121447874.790522412411058264,2238.191686549631,3581.915346959373,0.5416259632530268,4831.10497749854,-59.842347472809465,4,662
2026-02-12,1944.85649064874,236203873082.78515297699606304056205511826,0.873157949505405972,121450541.064855293753104549,2227.3822184753512,3572.3221219725233,0.5444236057791036,4831.10497749854,-59.743029809802394,4,663
2026-02-13,2048.51233459965,248798463167.4896307666480394331210827467,0.915766081282204216,121453241.440263739479634438,2236.9384239820697,3563.6101629193377,0.5748418712897295,4831.10497749854,-57.59743693956465,4,664
2026-02-14,2086.63942548217,253434780630.70566431606627921555890616167,0.93014144188465629,121455953.307382394210176351,2243.3571191648152,3555.089000878134,0.5869443563766629,4831.10497749854,-56.808236724290886,4,665
2026-02-15,1960.28208912916,238093261731.80533230529395731611643171764,0.878263186035330095,121458673.245122799297766729,2231.9984718684354,3545.886119665393,0.5528327822649143,4831.10497749854,-59.42373228775999,4,666
2026-02-16,1996.39197632963,242484537945.87586936562738716288545801134,0.89532025298255759,121461386.752156808133010618,2229.807680189407,3537.3608397369885,0.5643732903647078,4831.10497749854,-58.676286571538625,4,667
2026-02-17,1992.43069666861,242008792155.82239536885016117898995598772,0.894973797971795321,121464095.368770752247202052,2226.2447249113775,3529.9114813091683,0.5644421134123341,4831.10497749854,-58.7582818848152,4,668
2026-02-18,1951.87398100526,237087888977.14311587148596554710393727614,0.881019279124233265,121466801.281421559405860889,2215.472495613827,3522.7032482714712,0.5540841346664697,4831.10497749854,-59.59777338525346,4,669
2026-02-19,1947.86147194623,236605774854.73961803083127730080422295626,0.880408391145150232,121469508.105384936471323062,2212.452188708288,3514.921703177959,0.5541692351738882,4831.10497749854,-59.68082910599889,4,670
2026-02-20,1967.10513237873,238948635838.44930543558056997097154802702,0.888878553217740051,121472224.288032679450593774,2213.019006092351,3506.16156846288,0.5610423518620449,4831.10497749854,-59.28250076243919,4,671
2026-02-21,1974.53984687317,239857138900.70541761944886711848133050337,0.892428391657803788,121474954.927112233735972061,2212.547096585756,3497.9638652907583,0.5644826313004357,4831.10497749854,-59.128608132718504,4,672
2026-02-22,1952.79213763881,237220666270.27323968723530923651449822139,0.884534931694797824,121477684.028933633683876419,2207.704939246658,3489.3177363486193,0.5596487007463815,4831.10497749854,-59.57876827901325,4,673
2026-02-23,1856.81448451198,225566569029.34526054349108338077148262722,0.846140720782285598,121480401.467586637265867039,2194.4511579531268,3479.0805919535283,0.5337083851424568,4831.10497749854,-61.56542875469857,4,674
2026-02-24,1855.42052542373,225402264889.80601690960844763562281013494,0.848420669907412958,121483114.906433395539970878,2186.911035095609,3468.276415268841,0.5349690460816136,4831.10497749854,-61.59428259030643,4,675
2026-02-25,2057.28647662186,249931137598.34382983089126929835273428798,0.933605269656161667,121485821.463591178001571843,2203.593470910399,3457.2532454792445,0.5950638644455677,4831.10497749854,-57.415819233820784,4,676
2026-02-26,2028.46234950321,246434910371.59569167555282168039137034247,0.91979719594778385,121488530.675439935490942007,2205.3365224852937,3446.151988999116,0.5886166239848135,4831.10497749854,-58.01245555724787,4,677
2026-02-27,1929.70612916423,234442407919.94001921810292275889534235152,0.880688375733361181,121491249.043956118039367024,2191.1338702039043,3434.6623078068305,0.5618328546530168,4831.10497749854,-60.05663014668339,4,678
2026-02-28,1963.48860958504,238552005439.10961593000515746953524884416,0.895357714122909871,121493959.412132647577550104,2192.9655361359883,3421.4826812624124,0.5738706848753005,4831.10497749854,-59.357359884949155,4,679
2026-03-01,1938.46658766803,235517266808.06542263016404062805254239804,0.885385417890723609,121496686.250028198868592468,2189.4042396655786,3407.3708803886543,0.5689039014875078,4831.10497749854,-59.875295678800725,4,680
2026-03-02,2033.1883918761,247031152208.5549987951456801307065865571,0.926566290972939435,121499391.397080518738887211,2194.32588006321,3394.732997296895,0.5989243906649081,4831.10497749854,-57.91463026893594,4,681
2026-03-03,1987.20545324372,241449616203.45535080244734944939641376552,0.905355849364845129,121502090.188680083790844066,2194.944070486593,3382.519091798648,0.5874927529786764,4831.10497749854,-58.866440234700526,4,682
2026-03-04,2127.57280157803,258510278165.16573757855313372374303234109,0.96052878375342909,121504786.098707193460646903,2215.0016090763866,3371.043602875503,0.6311317954366442,4831.10497749854,-55.960948654863444,4,683
2026-03-05,2076.63328696669,252326519538.90501267822198558566739066076,0.942894868894853959,121507500.203598743291262604,2202.401726292843,3358.9882207919263,0.618231786021892,4831.10497749854,-57.01535576976981,4,684
2026-03-06,1982.56379865576,240901721168.17139663365047617612014584432,0.90443518082850633,121510198.729297017414279782,2192.0463076631268,3347.2934103638136,0.59228862116401,4831.10497749854,-58.962518763517004,4,685
2026-03-07,1970.38521595558,239427249904.3840886499009649985938587821,0.899702339922452801,121512914.310143551292031995,2190.041226440971,3336.6777625365194,0.5905230760005146,4831.10497749854,-59.214605661998874,4,686
2026-03-08,1942.91124810053,236094104170.59944009246150472528759880436,0.887890717334205224,121515640.203027674675776612,2188.232414383054,3324.7040392913414,0.5843862266051989,4831.10497749854,-59.783294771074615,4,687
2026-03-09,1997.0082761543,242673150788.5180565312484319759537978773,0.911355551150965276,121518350.067051887929132611,2191.2504660033583,3313.5761575935035,0.6026746274045605,4831.10497749854,-58.66352965924754,4,688
2026-03-10,2034.95413851549,247289800989.16016599868617929124492471617,0.927454930324862129,121521068.366464222726604533,2194.1272529574035,3299.5954033985886,0.616728383249499,4831.10497749854,-57.87808072907675,4,689
2026-03-11,2055.76802717709,249824721049.43170091468511534756495297285,0.936409230750877709,121523789.526234835749531865,2195.3735179742225,3285.9824059102775,0.6256174784988249,4831.10497749854,-57.44724992000629,4,690
2026-03-12,2078.93747136178,252646026245.1657195559336513593503618434,0.945988923685716461,121526515.21532936806704553,2197.634051846954,3272.440824479828,0.6352864980200943,4831.10497749854,-56.967661000026204,4,691
2026-03-13,2092.09332115722,254250501219.03940986167022461070157476078,0.95148111358263242,121529235.167388875531261899,2198.7754578541403,3261.0137552352344,0.6415469170587127,4831.10497749854,-56.695345456134795,4,692
2026-03-14,2096.33251081239,254771462623.3306939239495547909597375635,0.951956543921346125,121531990.42102310392820965,2202.1304692933504,3248.4855810987647,0.6453260937988613,4831.10497749854,-56.607597628776155,4,693
2026-03-15,2177.81211718293,264679859744.22850453275936125212751061678,0.983615372518146345,121534753.919268487566371446,2214.089143002645,3236.8394666028557,0.6728205521630637,4831.10497749854,-54.92103509804993,4,694
2026-03-16,2351.36226241964,285778601167.42551869412762356803978967144,1.048448251349349185,121537461.808776591746071246,2242.7070285953027,3226.0760523188114,0.7288613858714049,4831.10497749854,-51.32868622455119,4,695
2026-03-17,2323.31525803624,282376145422.3247524862119448971785868616,1.031954404300724873,121540176.02458328817426509,2251.3739447728503,3215.858660159256,0.7224556498142815,4831.10497749854,-51.90923673036782,4,696
2026-03-18,2200.48282583285,267453031535.50742324779313921070081034045,0.978911807178102792,121542885.223055731548266537,2247.8866938750643,3205.0005351300333,0.6865779901480022,4831.10497749854,-54.451769603809765,4,697
2026-03-19,2138.02135242548,259867140545.54969707927724300671915584088,0.952300938102610269,121545624.533049314819450606,2245.1110430336553,3193.707568857386,0.6694480650870615,4831.10497749854,-55.74467202878897,4,698
2026-03-20,2146.58037960257,260913320532.58184678689199842163776465696,0.955916970517442729,121548358.035811736395850528,2245.5719961123978,3182.937563284622,0.6744022893705189,4831.10497749854,-55.567507027884325,4,699
2026-03-21,2124.59659760374,258247082151.88005242634403707522532223382,0.946239233788012239,121551113.488154938981578993,2245.3059667569414,3171.9488681195135,0.6698079590618701,4831.10497749854,-56.02255369114712,4,700
2026-03-22,2058.15253477499,250176132257.91363022876450078158214180061,0.914021228023363229,121553737.165192392617442439,2251.755726971345,3159.960268603149,0.6513222825060361,4831.10497749854,-57.397892524358596,4,701
2026-03-23,2148.12646025716,261118659405.72571051552835043052065735076,0.951844760273303657,121556465.243888039027930461,2256.8033674318567,3149.116387681173,0.6821362553191995,4831.10497749854,-55.53550439780711,4,702
2026-03-24,2157.06026037405,262210550749.64417506449651081032564186235,0.957622843975596412,121559214.439458891567274487,2252.515459446391,3138.3578425555156,0.687321321719511,4831.10497749854,-55.350581897499204,4,703
2026-03-25,2168.53179485681,263610997732.15531398423367212075038224745,0.964768182917663481,121561970.342040464533521145,2247.723166303754,3127.8147196639316,0.6933057067682731,4831.10497749854,-55.11313033028653,4,704
2026-03-26,2059.03193045003,250305650454.65141348773769508647484404149,0.921407913971834164,121564725.030730164676056383,2234.6583952967558,3116.5293650774324,0.6606810619282811,4831.10497749854,-57.379689738885375,4,705
2026-03-27,1988.89868147282,241785389347.15877791463418375510338535392,0.895328425072614511,121567474.300959247664991856,2221.4180023509393,3104.9482661513666,0.6405577520098562,4831.10497749854,-58.83139176779727,4,706
2026-03-28,1994.39515926359,242459105939.66235023831929568679873266677,0.899260130219440959,121570243.897497170794816403,2217.8178396243475,3093.3715735695428,0.6447318441483549,4831.10497749854,-58.71761908398331,4,707
2026-03-29,1982.87323611923,241063871511.0200395955181848985761025358,0.896062821840080112,121573011.88996677213100346,2212.8730126838277,3081.5429208474507,0.6434676676753615,4831.10497749854,-58.95611365609518,4,708
2026-03-30,2022.78023845704,245921077359.63254313220972506378604394256,0.916437084246390734,121575776.094796685682196114,2207.222157667728,3069.3469435841544,0.6590262605161827,4831.10497749854,-58.130070700628835,4,709
2026-03-31,2101.43189275278,255488962451.45886998359335549657765632532,0.95037794632607399,121578511.933965165962153894,2211.153889751331,3056.339707391869,0.687564895901588,4831.10497749854,-56.50204451071845,4,710
2026-04-01,2140.8786440678,260290718143.732720178523042790175614338,0.966798688335305225,121581257.70695926980622971,2214.399615864291,3043.7123324240138,0.7033774582641992,4831.10497749854,-55.685528382446606,4,711
2026-04-02,2056.41651402689,250027376338.61647149172279774828317274997,0.932983267730793761,121584015.024763158135048373,2204.130111602661,3030.9449465663283,0.6784737269334259,4831.10497749854,-57.433826762098924,4,712
2026-04-03,2051.62035242548,249449914199.25930657878701526667132651504,0.93152341158295586,121586780.860480839614067948,2202.435630618367,3018.582440995025,0.6796635150866371,4831.10497749854,-57.53310346222755,4,713
2026-04-04,2064.24038983051,250990077125.40828698877221652749899077128,0.936167261072346729,121589558.251990457960616728,2204.9910049898513,3006.3694854807063,0.6866223196449343,4831.10497749854,-57.27187880526379,4,714
2026-04-05,2110.88525014611,256667477110.72489290914135055267691313889,0.954420371694925443,121592340.035044082148293499,2211.6934138753286,2993.948681329625,0.7050505786253682,4831.10497749854,-56.30636759131058,4,715
2026-04-06,2101.85518877849,255575336999.68447673532887582833748495924,0.948755834096625066,121595121.473717765288430676,2215.3805154513852,2981.5262737682574,0.7049594723584379,4831.10497749854,-56.49328262233719,4,716
2026-04-07,2247.90510198714,273340527255.53438065859169479055438669102,1.006005044036434206,121597894.419075939078864643,2234.486909695582,2970.4477988106305,0.7567563055264607,4831.10497749854,-53.47016650523987,4,717
2026-04-08,2188.63042168323,266138899089.44318844819434343398650352061,0.979680014554586511,121600657.860161384907660607,2234.0257932875106,2958.9712135476257,0.7396592476677716,4831.10497749854,-54.69710486778816,4,718
2026-04-09,2190.25052630041,266342006197.16685724784001557601034001657,0.981069402442882446,121603443.532576038644548577,2232.5133378399555,2947.65980623319,0.7430472545267454,4831.10497749854,-54.663570001029406,4,719
2026-04-10,2244.5331244886,272949215916.4662427916225323412129977672,1.000775217712705825,121606232.021483608020892652,2242.794470489118,2937.859489079478,0.7640028846961233,4831.10497749854,-53.539963736189,4,720
2026-04-11,2286.84805523086,278101355355.01554898817563840759042073502,1.014511021502726708,121609021.954430151320121657,2254.1382072355473,2928.44150845119,0.7809095891556121,4831.10497749854,-52.66407859315553,4,721
2026-04-12,2190.14021800117,266346894261.56032946159100683218588601527,0.972130907341473187,121611800.044766834036348731,2252.9272564645,2918.626555604902,0.7504009767180546,4831.10497749854,-54.66585329439093,4,722
2026-04-13,2373.1848176505,288613873013.248740623363345892057127398,1.044398885472666324,121614579.221428777933995996,2272.297347939491,2911.1155867197467,0.8152149054049109,4831.10497749854,-50.87697682613197,4,723
2026-04-14,2323.2110119813,282542783147.4468998719235691547663844891,1.019311314999237561,121617357.050355245324037407,2279.196726059141,2902.573091537105,0.8003970748419658,4831.10497749854,-51.91139454013237,4,724
2026-04-15,2356.77637346581,286631476177.51103382467693915519810097216,1.032209614027287069,121620141.564809872473366336,2283.2342786176637,2894.2563970791857,0.8142942608140082,4831.10497749854,-51.216618466318096,4,725
2026-04-16,2349.62938018702,285768788180.17590353685981324545253748038,1.026612029249204777,121622920.869941618143948869,2288.721847439662,2885.3221655742177,0.8143386579915635,4831.10497749854,-51.36455549753721,4,726
2026-04-17,2422.26582729398,294609512884.3971119847215518948049820344,1.052051862440971837,121625591.03330058279881428,2302.420549566669,2876.331388131202,0.8421372576501918,4831.10497749854,-49.86103927412098,4,727
2026-04-18,2353.92359760374,286303488293.2815239764443218453512056337,1.02411815421624942,121628199.226489046906582255,2298.4883022654562,2867.395798907064,0.8209273370983388,4831.10497749854,-51.27566863962954,4,728
2026-04-19,2265.85590707189,275597876123.10000179720559190388246951237,0.990652644757086458,121630804.175561355890326033,2287.235509907199,2857.0336522252987,0.7930798803531945,4831.10497749854,-53.09859923091322,4,729
2026-04-20,2313.76751227352,281431167963.98083344280743195870055401752,1.009797886143221044,121633295.683819634514502201,2291.317444831089,2846.2094054631707,0.8129294730852717,4831.10497749854,-52.10686741335214,4,730
2026-04-21,2323.70637346581,282646344916.10232488742667456807780870983,1.015159526336915588,121635998.482258782544728043,2289.006124831072,2835.228822809752,0.8195833629974826,4831.10497749854,-51.90114095452789,4,731
2026-04-22,2381.7532030976,289712267660.8219730511759377586147262464,1.03755735013355121,121638239.967111353489123814,2295.538846880154,2824.693845379886,0.8431898582542788,4831.10497749854,-50.69961811654051,4,732
2026-04-23,2330.50318468732,283483931321.51120330060111376531830394732,1.019643252620229918,121640653.908630381453330501,2285.6064399960537,2813.7558919096937,0.8282535067765275,4831.10497749854,-51.76045241115806,4,733
2026-04-24,2315.61822472238,281679824825.79891519343547487109607827458,1.016201339108561992,121643465.152624446108385191,2278.700229576257,2801.8550604821653,0.8264589619150001,4831.10497749854,-52.06855914935291,4,734
2026-04-25,2319.27642343659,282131159747.76782192697276053787022394283,1.019122719806100866,121646198.312885754802307137,2275.7577457186485,2791.13137993424,0.8309449136325617,4831.10497749854,-51.99283736869924,4,735
2026-04-26,2368.8221779661,288164416061.1689230764352899370675858787,1.039121016927993786,121648817.180777348319331567,2279.640330025438,2780.329529757443,0.851993316839949,4831.10497749854,-50.96727997012738,4,736
2026-04-27,2297.93676651081,279546955041.64726140736195971769099788981,1.011154399997999197,121651282.626941776224965901,2272.587417426416,2769.974673874918,0.8295876450365611,4831.10497749854,-52.43455115933663,4,737
2026-04-28,2287.49049327878,278282023273.86839858605314969226492036854,1.008070381754557169,121653849.094250088555693993,2269.177365669031,2762.076738397128,0.8281777480977024,4831.10497749854,-52.65078064059785,4,738
2026-04-29,2254.10393863238,274226251706.4515696085547910402103041486,0.997239678610318741,121656436.07048188944972397,2260.343212349449,2754.5978091174675,0.8183060086563279,4831.10497749854,-53.34185555621036,4,739
2026-04-30,2256.61539976622,274537581579.79066202504960816177987881064,1.002840171350228973,121659003.837442616026712812,2250.2243769591933,2745.1429786382155,0.8220392953396038,4831.10497749854,-53.289870324145696,4,740
2026-05-01,2292.81031618936,278947233484.51779351816187613842324417192,1.020221730507538458,121661714.235535536255202747,2247.3647126186347,2735.359296390992,0.838211754929041,4831.10497749854,-52.540664571181885,4,741
2026-05-02,2318.91120660432,282129094767.64294240121213999187337915152,1.03151407727290917,121664466.480705200411883461,2248.065496822883,2726.2779516437677,0.8505776915395468,4831.10497749854,-52.00039706433763,4,742
2026-05-03,2326.03863559322,283002664864.66706433095580645299026199356,1.034861869236255968,121667224.496678075777118998,2247.6802989271146,2717.986807510221,0.8557946746341862,4831.10497749854,-51.85286499823481,4,743
2026-05-04,2347.40537580362,285608585649.41559217224666886767004721048,1.044437709019217829,121669903.542603596657155804,2247.530279242749,2710.273301236112,0.8661138988208333,4831.10497749854,-51.41059060531812,4,744
2026-05-05,2360.64430946815,287225880584.81184040326586376627091859935,1.048583794318329443,121672663.447346477393596449,2251.269113884002,2702.883736772348,0.87337989324214,4831.10497749854,-51.13655529194381,4,745
2026-05-06,2348.57684628872,285763886645.11400605990281899085570474312,1.042380883075878403,121675340.151924456914806521,2253.0889470636607,2695.1832804164164,0.8713978241679562,4831.10497749854,-51.386342105429236,4,746
2026-05-07,2290.27787580362,278676323054.6146666142820184014869581293,1.016449846358520063,121677952.705556233110378765,2253.2128702745636,2686.6934710432424,0.8524522430593118,4831.10497749854,-52.59308405694208,4,747
2026-05-08,2306.36417153711,280639506745.43896338756655961895899307367,1.022764065636523066,121680483.164288264116983497,2255.030509017474,2678.314555970186,0.8611252051765288,4831.10497749854,-52.260110631433555,4,748
2026-05-09,2326.38885505552,283082526994.2163569293662707946231479408,1.03044322331395396,121683237.25375674721285479,2257.658454556811,2670.5394902103963,0.8711306698828247,4831.10497749854,-51.84561573613161,4,749
2026-05-10,2374.78948042081,288978545272.23394454757966413852157537763,1.049859324959279392,121685963.178945560421737923,2262.00732227903,2663.418150565452,0.8916322357856706,4831.10497749854,-50.84376159322389,4,750
2026-05-11,2339.08045149036,284639378594.4196392948892035528627935856,1.034982425289076815,121688579.97725552673486996,2260.0194885792775,2655.8330743629385,0.8807332336018299,4831.10497749854,-51.58290986461872,4,751
2026-05-12,2277.51648568089,277153765980.87987670499633783594684540127,1.010082349199823069,121691222.752234673746050743,2254.782976343578,2647.5560006443534,0.8602335456272108,4831.10497749854,-52.8572346018416,4,752
2026-05-13,2257.2091616014,274688789594.3380976766849481186776516106,1.002596548027244909,121693990.201358806185346579,2251.3633884365436,2639.0669433065395,0.855305761502699,4831.10497749854,-53.27757993016864,4,753
2026-05-14,2288.82837726476,278542884515.4142095086679017520401450078,1.016478302100501582,121696710.545106016231790905,2251.723792367245,2629.6797742372814,0.8703829263502691,4831.10497749854,-52.6230875146523,4,754
2026-05-15,2223.05238603156,270543845637.1776424854575768985588915912,0.99104269094610636,121699266.88958233736486602,2243.1449284079845,2620.200462460543,0.8484283618299823,4831.10497749854,-53.98459780142023,4,755
2026-05-16,2180.49946230275,265371189320.64629209234929377818718222775,0.975744915060568719,121702020.068556662416912701,2234.702357805674,2611.1811215371067,0.8350625103398304,4831.10497749854,-54.865409208479385,4,756
2026-05-17,2143.14334921099,260830795609.97208649945869397124965921171,0.962809590639438921,121704782.699672598707560729,2225.926465675987,2602.382616664225,0.8235312269177791,4831.10497749854,-55.63865080156732,4,757
2026-05-18,2130.19724284044,259261080933.13735967398032760339411516536,0.96116840804043077,121707546.944072829158373194,2216.2580719682114,2594.078190625359,0.8211769601003852,4831.10497749854,-55.90662482471208,4,758
2026-05-19,2112.00750058445,257053102312.0075301510578725694710807707,0.956499142820627526,121710316.957148085603603526,2208.060003437468,2585.3825024736934,0.8169033009868683,4831.10497749854,-56.28313790693057,4,759
2026-05-20,2125.16858094681,258660833050.85174344865913158214384226356,0.964784203410802169,121713089.196722724682062676,2202.7398183279743,2576.6498589392104,0.824779732323323,4831.10497749854,-56.010714094497196,4,760
2026-05-21,2132.1346595938,259514529898.4993624322813289433023269122,0.96956186963429648,121715825.372840348976236369,2199.0702464382266,2567.8456955408033,0.8303203978713993,4831.10497749854,-55.86652185111943,4,761
2026-05-22,2066.76720977206,251564026772.95340413260859220427157154476,0.944405400033805624,121718607.486857672530600546,2188.432223807783,2560.2011108693246,0.8072675232416733,4831.10497749854,-57.219575658192475,4,762
2026-05-23,2116.16834102864,257582954544.10624131988774676962812070384,0.966585524465130829,121721391.228685875456586931,2189.3234353986854,2554.3683472457124,0.8284507374633074,4831.10497749854,-56.19701184542767,4,763
2026-05-24,2097.02896142607,255259143251.18362709330722127475000939,0.959639402462410727,121724185.953825080808677,2185.2259880587917,2547.7134099371206,0.8231023761333605,4831.10497749854,-56.5931816594084,4,764
2026-05-25,2109.21854712449,256748793277.59907237939313564451380882561,0.964385704225450752,121726974.963133244848255489,2187.110963884015,2541.741168023415,0.8298321535094481,4831.10497749854,-56.340867007683904,4,765
2026-05-26,2071.63465161894,252179603759.83346121578728475475390651966,0.94972875809017202,121729767.149222123692141189,2181.290851700469,2534.9090131649114,0.817242212978856,4831.10497749854,-57.11882351412708,4,766
2026-05-27,2020.12159000584,245914553947.55854783457386083722392444968,0.929345791239574687,121732550.735645387433475077,2173.7028445691594,2527.9831071085114,0.7991040700886805,4831.10497749854,-58.18510259216468,4,767
2026-05-28,2005.83831852718,244181347108.82343826917741091082403196046,0.926221724390219782,121735308.800022145242506897,2165.6135520333733,2520.130258993374,0.7959264452181056,4831.10497749854,-58.4807548610594,4,768
2026-05-29,2008.75368088837,244541781045.67794150739052044601702980235,0.930237684967729072,121738062.447521937568216655,2159.3983057760724,2512.3210821070497,0.7995608902042312,4831.10497749854,-58.420409197390974,4,769
2026-05-30,2018.86627469901,245778461911.01827825421308486086492879702,0.935206229980191967,121740832.957180906677929902,2158.739120826612,2505.316798657342,0.805832729729417,4831.10497749854,-58.211086612646056,4,770
2026-05-31,2003.73374576271,243941782012.62909288791880214930332308445,0.929703976123798074,121743611.160161413172163795,2155.238438493992,2498.2828107540695,0.8020444031145989,4831.10497749854,-58.52431783007523,4,771
2026-06-01,2001.78444284629,243709961022.05869357050937929875259934428,0.930567666380295625,121746355.804191013947834732,2151.143345258054,2492.0532825270384,0.803267111855812,4831.10497749854,-58.56466683771425,4,772
2026-06-02,1853.94967299825,225716602438.75233298676995181950701651225,0.869786927331838276,121749045.147335773345869993,2131.4986633398057,2485.761396964502,0.7458276869462244,4831.10497749854,-61.624728056350534,4,773
2026-06-03,1815.77506987726,221073818981.19737162387893611630489811372,0.859849211033876483,121751764.658901932835828922,2111.7366237901006,2478.990645139721,0.7324654788178594,4831.10497749854,-62.41491173687069,4,774
2026-06-04,1765.55609033314,214964348196.1951171365212473854037605264,0.841279982080572417,121754471.22477645702703176,2098.654583420299,2472.3658876705804,0.7141160210702534,4831.10497749854,-63.45440435352921,4,775
2026-06-05,1576.68905451783,191972956982.41753294925596889309438041689,0.763389336174638604,121757017.613802814234733983,2065.3799834546485,2465.158739315174,0.6395892602663946,4831.10497749854,-67.36380058265239,4,776
2026-06-06,1564.51844670953,190495435811.56485946085056153282101896586,0.762884665570182047,121759788.906427912092557562,2050.792888254222,2457.394133952287,0.6366575166325789,4831.10497749854,-67.61572240726572,4,777
2026-06-07,1682.04992428989,204810731854.47997562843832965070529049832,0.821127481608443542,121762576.066786363977409288,2048.463803689838,2450.7272191581897,0.686347265065128,4831.10497749854,-65.18291504481392,4,778
2026-06-08,1694.4675273232,206327406218.4820691002139964628061089952,0.830722399049960036,121765335.063353806489168586,2039.7518223428735,2444.975685104274,0.6930406456172729,4831.10497749854,-64.92588061705575,4,779
2026-06-09,1636.68309624196,199295807005.60308435169131595947476197368,0.808842096303222244,121768109.821145285720826558,2023.489014385316,2439.3739165980496,0.6709439193006039,4831.10497749854,-66.12197201540826,4,780
2026-06-10,1619.27790445354,197180885967.17449865894794415821882299128,0.804790535418816744,121770874.180931537235950732,2012.0488912197013,2433.60967515743,0.6653811089688362,4831.10497749854,-66.48224553191197,4,781
2026-06-11,1672.22035534191,203632389763.33012259504087755433691818889,0.833625625436369288,121773658.066549782648415879,2005.9608345971494,2427.959441937062,0.6887348801872027,4831.10497749854,-65.38637924179915,4,782
2026-06-12,1662.79849411455,202489668048.2813762121082040827258771911,0.829535650702694217,121776432.180441874940643642,2004.4931073257724,2421.480130621837,0.6866868214555792,4831.10497749854,-65.58140421582151,4,783
2026-06-13,1679.84638172998,204570392372.52208529575945287403616139744,0.836007663630506628,121779226.122954445208002128,2009.3672041652815,2415.066689270697,0.6955693559904388,4831.10497749854,-65.22852660925257,4,784
2026-06-14,1722.30036995909,209745224597.98118336286643065167987346177,0.854591788832921813,121782023.772638036392807053,2015.3486055736143,2408.556401335279,0.7150757893833269,4831.10497749854,-64.3497630877219,4,785
2026-06-15,1790.21577118644,218021026789.61136592019515869913686091824,0.884404215138656938,121784776.058095520080145596,2024.2053809137146,2402.4322798653784,0.7451680474784311,4831.10497749854,-62.943968729212294,4,786
2026-06-16,1792.05445768556,218249960624.88105569074621705979951327424,0.886628793710800868,121787571.627009082618594704,2021.20038329151,2396.215394268067,0.7478686857501596,4831.10497749854,-62.905909392731644,4,787
2026-06-17,1747.228767481,212795625239.105849034263974104704972276,0.864332210574047233,121790362.658632144988866196,2021.4782535069196,2389.994897824934,0.731059622374551,4831.10497749854,-63.83376524379142,4,788
2026-06-18,1707.70794939801,207987106596.04305948183080105098210386663,0.844333351757680333,121793136.039075832285019263,2022.551810659866,2383.5203862978155,0.7164645870935864,4831.10497749854,-64.65181449478187,4,789
2026-06-19,1706.49888410871,207844616345.61579689373038453615571316053,0.842833152269223513,121795928.659028271294906643,2024.7173233684196,2378.0289245100016,0.7176106507873271,4831.10497749854,-64.67684117697844,4,790
2026-06-20,1739.2889171128,211843164824.5752391094901343472138369064,0.857652425702141831,121798720.580725889503258563,2027.9647850221852,2371.7084720631283,0.7333485281181324,4831.10497749854,-63.998113781138066,4,791
2026-06-21,1706.91720724722,207905114469.65158452640476531555128504424,0.842521573544620478,121801522.409481347595515092,2025.9626113381898,2364.294295537997,0.7219563192571209,4831.10497749854,-64.66818222337551,4,792
2026-06-22,1724.97047784921,210108853493.877331532885626670653547136,0.851178292829447597,121804318.5039623644620416,2026.5677501186535,2357.2367457370037,0.7317765094951836,4831.10497749854,-64.29449399498728,4,793
2026-06-23,1663.11832651666,202579622019.96880069033092817520895293662,0.828284689550314351,121807101.028261980604902007,2007.906638259349,2350.445077445566,0.7075759150790778,4831.10497749854,-65.57478394150331,4,794
2026-06-24,1617.58035874927,197037231578.85717880218514828870037177808,0.811287739211696994,121809856.625119027025600304,1993.8429740365884,2343.3519006317724,0.6902848685735877,4831.10497749854,-66.51738336708998,4,795
2026-06-25,1569.63630347165,191201454248.0791949175701868927574927782,0.791769707117805533,121812584.115943634376609708,1982.440461362722,2335.9596040325323,0.6719449688950144,4831.10497749854,-67.50978687520924,4,796
2026-06-26,1575.73640198714,191948886158.34553469884211754873871783128,0.798774949865168251,121815353.073192555552425052,1972.6913096775522,2328.212559338786,0.6768009199446335,4831.10497749854,-67.38351972630848,4,797
2026-06-27,1571.81146506721,191475199465.88075703257174777343026071912,0.799267183535998812,121818172.039922967281428072,1966.5657460293016,2319.441937876863,0.6776679508114749,4831.10497749854,-67.46476277398,4,798
2026-06-28,1569.62805672706,191213659843.47195067124097119695522677488,0.800282476641599041,121821000.219749368605494648,1961.34252909552,2310.641036531334,0.6793041549557777,4831.10497749854,-67.50995757621095,4,799
2026-06-29,1609.19098109877,196037781046.09218710878445908599318827127,0.82103502846648651,121823812.927559310690624251,1959.9541131690644,2302.4995992655827,0.6988887127763436,4831.10497749854,-66.69103675880005,4,800
2026-06-30,1568.20209933372,191048754285.8372786292305916505323489228,0.803323248139000977,121826615.56632778138019549,1952.1433034169702,2294.9016163782653,0.6833417555427072,4831.10497749854,-67.53947375108153,4,801
2026-07-01,1610.70403115137,196231128510.81588186644512255843075687864,0.824395750297503694,121829414.166515215882054072,1953.7995320452676,2287.3808031076633,0.7041696026140676,4831.10497749854,-66.65971783570383,4,802
2026-07-02,1696.40313286967,206676479664.1604830814437867614771728715,0.863501826002858399,121832172.82471198440405645,1964.5622994479395,2280.5593395025785,0.7438539762967443,4831.10497749854,-64.88581513399369,4,803
2026-07-03,1757.22244115722,214091185417.39240195306719593203263811188,0.8894013579934035,121834993.910277238606295154,1975.7361795823265,2274.534382254829,0.7725635870209274,4831.10497749854,-63.62690421049228,4,804
2026-07-04,1778.77060098188,216721531350.67180938468686562061037096496,0.896472972032913357,121837819.464208420809951492,1984.1876514672813,2268.636859719119,0.7840702196834228,4831.10497749854,-63.180874577002136,4,805
2026-07-05,1787.42111097019,217780539422.72042334360602118193125747963,0.89681858056541713,121840644.091146405254672577,1993.068776344124,2263.4405301877628,0.7896921024127439,4831.10497749854,-63.001815955245824,4,806
2026-07-06,1800.83782224138,219420311844.71952188071480783265641662066,0.899295408946566923,121843460.379803677520849957,2002.4986276210152,2258.311846664545,0.7974265489069459,4831.10497749854,-62.72410078793564,4,807
2026-07-07,1773.56953016365,216102852695.88991935539100607095615699035,0.884116510584631566,121846281.761476684449537959,2006.0359793426526,2252.277331962938,0.7874561027606322,4831.10497749854,-63.28853257330847,4,808
2026-07-08,1740.48594237288,212076655835.36165152067424908464782397488,0.866868636479536823,121849105.857314966424818526,2007.7851119879174,2246.1024682952,0.7748916030949893,4831.10497749854,-63.97333631789404,4,809
2026-07-09,1744.79330243717,212606440207.49914264282768988629928038977,0.867445978291905554,121851935.074788092111888781,2011.4143659676145,2239.821748835732,0.7789875704814995,4831.10497749854,-63.88417741771795,4,810
2026-07-10,1794.92005650497,218719567531.85426528871519077555191095472,0.889867292960155166,121854768.260676932878464176,2017.0648710260436,2233.7725184154515,0.8035375320035785,4831.10497749854,-62.846593794483276,4,811
2026-07-11,1792.48227468147,218427574141.29194944521225939156819465999,0.888362524941651938,121857592.248775373973622517,2017.7373812556998,2227.918652873312,0.8045546332536574,4831.10497749854,-62.897053923891654,4,812
2026-07-12,1804.54476575102,219902610556.11614373334132636017362887186,0.893878882521224546,121860435.235363374132133943,2018.7799499874327,2222.2077191114768,0.8120504443538453,4831.10497749854,-62.64737002909465,4,813
2026-07-13,1768.15895802455,215473640030.2413224401494177772131019418,0.878127262209046879,121863274.256165366245968796,2013.5566154460448,2216.5224418983853,0.7977175978918466,4831.10497749854,-63.40052707900231,4,814
2026-07-14,1887.29502253068,229997282825.93574512683974912251191736952,0.930606154988156717,121866099.406934081074245514,2028.0276596222366,2211.3284901086427,0.8534666065998893,4831.10497749854,-60.934506053563595,4,815
2026-07-15,1918.68433983051,233828031283.04412278219606764789523192994,0.942842315255369772,121868942.393984249555376294,2035.0002421251454,2206.210384429069,0.8696742402139649,4831.10497749854,-60.284772349865804,4,816
2026-07-16,1861.49709151958,226863958479.94961783146811842010499252234,0.914949289495908309,121871777.030151415864953423,2034.5358074928643,2200.7874464734587,0.8458322926652652,4831.10497749854,-61.46850254362658,4,817
2026-07-17,1840.48679237873,224308640107.6311769086092606442527807935,0.904320896177478083,121874626.34150411206770095,2035.2142698000025,2195.3203492255334,0.8383682103744076,4831.10497749854,-61.90339889215778,4,818
2026-07-18,1860.93284485681,226805795250.98384179432199582247110558972,0.912685915172150206,121877474.449345579346106812,2038.9630363757747,2189.779015996574,0.8498267776165966,4831.10497749854,-61.48018199719667,4,819
2026-07-19,1869.57482251607,227864416385.56157682509431752455377195777,0.915342000698112976,121880340.728434772098878311,2042.4877489399403,2184.2862500375586,0.8559202451070335,4831.10497749854,-61.30129998781143,4,820
2026-07-20,1901.11156236119,231713555850.03739658704454656322021769924,0.927072184719894118,121883197.408072154218597596,2050.661851035464,2178.787363785951,0.872554887163353,4831.10497749854,-60.64851475561288,4,821
2026-07-21,1923.15865538574,234406222977.41627218454646563992376828382,0.936027856245189961,121886055.693309372367621593,2054.5955363981966,2172.7818471783094,0.8851135505772274,4831.10497749854,-60.192157604873294,4,822
2026-07-22,1930.21511143191,235271821502.24999970453465239773445050407,0.93860883785080396,121888912.851643797619601777,2056.4638149494244,2166.8066941732245,0.890810941567822,4831.10497749854,-60.04609462178691,4,823
2026-07-23,1879.53813004091,229100165362.81429581305194092008399027286,0.916098959125109914,121891735.901004415854730146,2051.675871169967,2160.5037975908167,0.8699536340259099,4831.10497749854,-61.09506750950171,4,824
2026-07-24,1859.35492833431,226645315156.91830815927592221526006033553,0.906718878844111859,121894594.573160335447005463,2050.6410219500685,2153.6523020922195,0.8633496347242278,4831.10497749854,-61.51284360421722,4,825
2026-07-25,1873.0310993571,228317745394.834750305168540075770378859,0.912433176627236032,121897466.34383306898514329,2052.7871490607854,2146.5622681997593,0.8725724508928131,4831.10497749854,-61.229757828054446,4,826
2026-07-26,1952.36121741671,237993485992.60537354780957921498201601879,0.947676891841736011,121900334.768741867016060049,2060.154926456473,2140.5069320819916,0.9121022633258752,4831.10497749854,-59.587687982147564,4,827
2026-07-27,1889.04103568089,230280135956.70540323815219869072881751527,0.918942387201269332,121903194.058303099506673343,2055.668627316401,2134.406598533044,0.8850427266197588,4831.10497749854,-60.89836498111036,4,828
2026-07-28,1914.03771587376,233332767492.36216420001254513390412116768,0.930282309268822834,121906044.775008803061856518,2057.480505437261,2128.5517707988533,0.8992206542175925,4831.10497749854,-60.38095374063235,4,829
2026-07-29,1907.06451483928,232488130693.09735404999846420091412962488,0.927282729395811733,121908896.570649342666225021,2056.61601837647,2122.676816754113,0.8984243384517968,4831.10497749854,-60.52529341172123,4,830
2026-07-30,1923.51536489772,234498863038.19447512903584004946996124132,0.934416995539036629,121911614.181810081370237131,2058.5192414957123,2116.731659997363,0.9087195137904804,4831.10497749854,-60.18477400394471,4,831
2026-07-31,1861.29262390415,226918437140.574300982096655624321112866,0.906626189013927791,121914434.20895423883709804,2052.9879309228254,2110.5827586969535,0.8818856385680361,4831.10497749854,-61.47273485934694,4,832
2026-08-01,1843.44827527177,224748255657.44552663459632443725375961554,0.898481802201613916,121917310.440572062796913602,2051.736908588062,2103.1885073132303,0.8765016872532877,4831.10497749854,-61.84209857045428,4,833
2026-08-02,1881.45150159556,229386918032.37610788545570085577300373592,0.915927433193652934,121920186.535685418973902582,2054.149088029082,2095.8132716797704,0.8977190511288242,4831.10497749854,-61.055462252245604,4,834
2026-08-03,1857.17513430742,226432459440.27841595926028163473989893396,0.907416993132868658,121923051.443783131916740638,2046.6611804298477,2088.5264428773157,0.8892274936911173,4831.10497749854,-61.557963593061224,4,835
2026-08-04,1870.19081046172,228024713775.75071384552337530969426009504,0.913616931560921982,121925908.575850120522131032,2047.0185543370828,2081.400328512032,0.8985252787956928,4831.10497749854,-61.288549531166026,4,836
2026-08-05,1908.17033319696,232660877223.65896207294351161269956023984,0.930875440179073011,121928778.147314309979395579,2049.8664491888244,2074.406553551775,0.9198632398889277,4831.10497749854,-60.502403858237486,4,837
2026-08-06,1900.28833770894,231705293232.9471615887628332399600569668,0.928685955363429942,121931650.38959292279315022,2046.2119909687722,2067.3983404302667,0.9191689383447276,4831.10497749854,-60.66555484594591,4,838
2026-08-07,1914.06001753361,233389995859.84514140044326166601573901453,0.936438102729932257,121934523.328366281007370173,2043.979214380198,2061.0431275065375,0.9286850876571668,4831.10497749854,-60.380492114152396,4,839
2026-08-08,1916.21465634132,233658234996.08242966268151918611014587216,0.93619215894950425,121937401.022812527713792388,2046.8176730848645,2055.935113479653,0.932040434436738,4831.10497749854,-60.335892818178806,4,840
2026-08-09,1910.63463808007,232983367149.63795281904403820803807575089,0.932594903481077857,121940303.240683838549022727,2048.729443993617,2050.528408721485,0.93177672152875,4831.10497749854,-60.45139472275839,4,841
2026-08-10,1871.19601554062,228179613240.34860607614083817931164454596,0.91442563636492826,121943191.063510082412924558,2046.3074755636715,2045.1449240388142,0.9149454366516605,4831.10497749854,-61.267742591892684,4,842
2026-08-11,1880.67678689655,229341149052.6013799439442648876844990904,0.918799047678854763,121946073.163935266465727568,2046.8858687301313,2039.7903348771545,0.9219951456480516,4831.10497749854,-61.07149822543639,4,843
2026-08-12,1876.2062270602,228801398072.337078581449207124953501721,0.917182126042380239,121948959.966326639417702105,2045.6201377974803,2034.4180556851613,0.9222323906422085,4831.10497749854,-61.164035230058985,4,844
2026-08-13,1884.41705639977,229808164878.22480273504026937891592284982,0.921020284507203206,121951859.912199875406954566,2046.0103736021813,2029.8060127512044,0.9283729797635323,4831.10497749854,-60.994077645245305,4,845
2026-08-14,1879.18321684395,229175336841.9368700298924304605443539403,0.919042749295063219,121954759.273995745894637514,2044.7179614717015,2024.55103149761,0.9281975053273279,4831.10497749854,-61.10241392814947,4,846
2026-08-15,1881.19758664524,229426462918.10196439455925211609889088308,0.9201752613616138,121957663.855629677258342367,2044.3905260630127,2018.8428991371484,0.93181970100262,4831.10497749854,-61.060718088156904,4,847
2026-08-16,1873.4835695149,228491137066.172448230914884384052822288,0.91691479540037991,121960576.96163063982194512,2043.2471794686494,2013.1681177357457,0.930614563686836,4831.10497749854,-61.22039205852744,4,848
2026-08-17,1911.72929281122,233161169613.13607427674126029639310362704,0.934668257687261881,121963486.404641465751819432,2045.3559614205715,2008.634089626453,0.9517558736478208,4831.10497749854,-60.428736247394085,4,849
2026-08-18,1917.50620222092,233871304357.0217745396570023063619784212,0.936880327095949791,121966387.42870515118621111,2046.6927810989675,2004.723418307049,0.9564941401443884,4831.10497749854,-60.30915885388667,4,850
2026-08-19,2250.5201904851,274494057579.2212945402010348431120977912,1.080044824187411235,121969160.170055641643324712,2083.7285083777097,2003.754803346266,1.1231514887583733,4831.10497749854,-53.416036269814626,4,851
2026-08-20,2326.67372150789,283789128655.71233892978197513405788047504,1.104586575219208676,121972035.026807251269081936,2106.37515764317,2004.0370359967628,1.1609933747310488,4831.10497749854,-51.839719228941284,4,852
2026-08-21,2520.78356635885,307472193839.64082970558285551732486393045,1.173402007980560341,121974848.591927925671175817,2148.2693477720823,2004.9128815053543,1.2573032921341514,4831.10497749854,-47.82180105587218,4,853
2026-08-22,2420.77223870251,295280316439.02536858939239155244843137259,1.121930199694291002,121977735.748196724589555009,2157.6852458041812,2005.8595977836126,1.2068502907069656,4831.10497749854,-49.89195536057379,4,854
2026-08-23,2458.13514255991,299844886505.77214831269873424574221061946,1.127927530498681521,121980635.366334130853386006,2179.337835182651,2007.4133065501817,1.2245286680819665,4831.10497749854,-49.11857320408119,4,855
2026-08-24,2481.76258395675,302733730305.0233415972535520113657992795,1.128174633589266966,121983356.611963137635377034,2199.8035676986174,2010.5719336400414,1.2343565243466028,4831.10497749854,-48.62950410898001,4,856
2026-08-25,2445.66174758913,298337102345.0629961621639501239948239162,1.104310137572920718,121986248.76852082416169274,2214.651178485298,2012.4798580968647,1.2152478136610574,4831.10497749854,-49.376762480217316,4,857
2026-08-26,2502.96982524839,305335181351.73615387989221778650779787755,1.117833850604288404,121989157.948172733939030045,2239.125093496956,2014.5631625387116,1.2424379993597214,4831.10497749854,-48.19053121581343,4,858
2026-08-27,2512.71811932203,306531638983.77370142128666487399509896573,1.117186358996283308,121992051.805031219651308791,2249.1485857198772,2016.6576899558945,1.2459814731259544,4831.10497749854,-47.98874934357004,4,859
