date,price_usd,market_cap_usd,mvrv,supply,realized_price_usd
2013-04-01,1.51668030262339,24662479.7655947052013170657562,14.71663829,16260829.47272158,0.10305888292803791
2013-04-02,4.61454068450838,75244144.2235637821211029168404,8.935656,16305879.47272158,0.516418792812568
2013-04-03,4.61454068450838,75450760.2827126448356029168404,7.13152482,16350654.47272158,0.6470622764387125
2013-04-04,5.40020440476914,88505324.1944734053669873960412,7.22463895,16389254.47272158,0.7474704884413829
2013-04-05,3.72626872853185,61217115.629966266004817212323,4.82619839,16428529.47272158,0.7720919090795706
2013-04-06,3.72626872853185,61328717.378385794912317212323,4.54632049,16458479.47272158,0.8196229757070755
2013-04-07,3.72626872853185,61439387.559623190857317212323,4.46741758,16488179.47272158,0.8340990430833757
2013-04-08,4.26481100366803,70481032.0638557164127069370874,4.71741237,16526179.47272158,0.9040572816550337
2013-04-09,4.49987085098773,74517993.9157975459190342862134,4.5578782,16560029.47272158,0.9872731682447613
2013-04-10,3.65909696125669,60728310.5610426289274712823702,3.69493452,16596529.47272158,0.9903008947657048
2013-04-11,3.10901968372812,51715602.7758971665415371768296,3.04669152,16634054.47272158,1.0204576549082724
2013-04-12,1.25839340212887,20966695.8381784401146647900146,1.35331427,16661479.47272158,0.9298604396810728
2013-04-13,2.81211377461108,46949517.4961325207042336231064,2.67264683,16695454.47272158,1.0521830804749763
2013-04-14,2.19050684372414,36645382.1248860208471485449412,2.0177664,16729179.47272158,1.0856097334776411
2013-04-15,1.87290939676446,31391093.6124126845691824190468,1.72545044,16760604.47272158,1.0854611371883043
2013-04-16,1.87290939676446,31451682.2313980148501824190468,1.73793283,16792954.47272158,1.0776650077808012
2013-04-17,2.47773988478156,41693311.7844426796431969980648,2.28814023,16827154.47272158,1.082861903433934
2013-04-18,2.1978915200225,37050801.28747212416613783555,2.02739499,16857429.47272158,1.0840963556008885
2013-04-19,2.9688916796498,50129971.956788730987107302684,2.70268948,16885079.47272158,1.0984952957488108
2013-04-20,3.07446116941578,52005369.9086983273574951985324,2.78662842,16915279.47272158,1.103290681796671
2013-04-21,3.07446116941578,52101907.9894179828494951985324,2.7614136,16946679.47272158,1.1133649698168286
2013-04-22,3.09090260172297,52480990.0073563775542231006926,2.75901205,16979179.47272158,1.1202932592204409
2013-04-23,3.42339725654915,58226953.134850417783929535657,3.03527991,17008529.47272158,1.1278687165788115
2013-04-24,3.74718532621894,63849338.0095259017072927427252,3.2572383,17039279.47272158,1.1504179249700397
2013-04-25,4.67037783925735,79716715.317001771176370518613,3.67142123,17068579.47272158,1.2720898928988733
2013-04-26,4.67037783925735,79865700.370074080641370518613,3.60024194,17100479.47272158,1.297239995836877
2013-04-27,4.67037783925735,80017487.649849944516370518613,3.48424576,17132979.47272158,1.3404272146570253
2013-04-28,4.67037783925735,80165071.589570476776370518613,3.3151786,17164579.47272158,1.4087861930748922
2013-04-29,4.67037783925735,80316858.869346340651370518613,3.25773137,17197079.47272158,1.433628899628194
2013-04-30,4.35004728755561,74944482.8966556372846922970638,2.98872649,17228429.47272158,1.4554852383148682
2013-05-01,4.35004728755561,75082379.3064951807268022920638,2.81625951,17260129.45222158,1.5446187654615713
2013-05-02,3.24967569673291,56174802.2228179488060473981978,2.11449374,17286279.45222158,1.5368575632354013
2013-05-03,2.77938024042446,48100453.2067444644838691718468,1.81150166,17306179.45222158,1.5342962702139946
2013-05-04,2.77938024042446,48158472.7692633250863691718468,1.81447738,17327054.45222158,1.531780043697464
2013-05-05,2.77938024042446,48219897.0725767056523691718468,1.78975979,17349154.45222158,1.5529347882066677
2013-05-06,2.77938024042446,48308420.3332342247033691718468,1.7319508,17381004.45222158,1.6047685883597043
2013-05-07,3.42073354986733,59585516.3799865113695827629814,2.13407733,17418929.45222158,1.602909839198437
2013-05-08,3.23046587077861,56389169.1051855817932688444038,2.00896584,17455429.45222158,1.6080242911340943
2013-05-09,3.34734563891292,58553374.8081677695639901648136,2.05774927,17492479.45222158,1.6267023819247521
2013-05-10,3.34734563891292,58677226.5968075476039901648136,2.04741718,17529479.45222158,1.6349113759575467
2013-05-11,3.34734563891292,58781998.5153055219999901648136,2.02955776,17560779.45222158,1.649298041615194
2013-05-12,3.29198296389714,57911015.2656082285937076082812,1.99431156,17591529.45222158,1.6506863972132517
2013-05-13,3.29198296389714,58005988.9741166610827076082812,1.9853487,17620379.45222158,1.65813842369209
2013-05-14,3.29198296389714,58103267.0706998215697076082812,1.97237719,17649929.45222158,1.6690433151364623
2013-05-15,2.75635784833431,48726423.9521463682321320364098,1.66316948,17677829.45222158,1.6572922251641544
2013-05-16,2.05510530771479,36388371.6374072792270785231682,1.24852778,17706329.45222158,1.6460228924299867
2013-05-17,3.25704475277615,57757270.528183222689489939317,1.97011805,17733029.45222158,1.653223142022454
2013-05-18,2.77249776475745,49241097.519637307352382355771,1.67543769,17760554.45222158,1.6547901371118432
2013-05-19,3.06129391466978,54453391.3955304753214730898524,1.8467303,17787704.45222158,1.657683265753413
2013-05-20,3.06129391466978,54537270.8487924272934730898524,1.84239522,17815104.45222158,1.6615837261398128
2013-05-21,3.06129391466978,54619619.6550970443754730898524,1.84932947,17842004.45222158,1.655353448009337
2013-05-22,3.06129391466978,54705029.7553163312374730898524,1.84783477,17869904.45222158,1.656692451278953
2013-05-23,3.02138176504968,54085315.2207506600006750680944,1.82140317,17900854.45222158,1.658820965514011
2013-05-24,2.8646582704393,51373791.316584461785183540094,1.72749637,17933654.37222158,1.658271658445974
2013-05-25,2.8646582704393,51463598.353362733840183540094,1.72650663,17965004.37222158,1.659222281955152
2013-05-26,3.15,56679538.772497977,1.89370035,17993504.37222158,1.6634099476192203
2013-05-27,3.15,56767738.772497977,1.88942389,18021504.37222158,1.6671748550824133
2013-05-28,3.05,55054495.835275819,1.82501748,18050654.37222158,1.6712168696597907
2013-05-29,3.069,55487840.31834802902,1.83073533,18080104.37222158,1.6763755796420883
2013-05-30,2.98478415116612,54056841.8550770434664920288696,1.77901553,18110804.37222158,1.6777729597257198
2013-05-31,2.95034305990649,53521596.2807052487183883600542,1.75348933,18140804.37222158,1.6825554677920338
2013-06-01,2.82303779147072,51292350.5837365588478219221376,1.6998967,18169204.37222158,1.660711378209464
2013-06-02,2.65381523617767,48292947.0541732036573054881186,1.59721574,18197554.37222158,1.6615258475837895
2013-06-03,2.81553640295149,51314852.5757816964040802711542,1.69005617,18225604.37222158,1.665942501160473
2013-06-04,2.83,51654728.8733870714,1.69630855,18252554.37222158,1.668328559683319
2013-06-05,2.8,51191432.242220424,1.67830399,18282654.37222158,1.6683509165702453
2013-06-06,2.81,51456732.2859426398,1.68306875,18312004.37222158,1.6695693506281308
2013-06-07,2.96635476329632,54417494.3481007802561094385856,1.77570956,18344904.33222158,1.6705179890433886
2013-06-08,2.52467144409702,46396529.2334680733218736576916,1.5120915,18377254.33222158,1.6696552054535192
2013-06-09,2.3762600159135,43734957.07437209245660811333,1.42657426,18404954.33222158,1.6657107046873958
2013-06-10,2.47949325703063,45706121.6191768682720820069954,1.42272962,18433654.33222158,1.7427719379530666
2013-06-11,2.4599,45414192.476831864642,1.38899014,18461804.33222158,1.7709988927639186
2013-06-12,2.35,43460087.680720713,1.33500046,18493654.33222158,1.7602990189231846
2013-06-13,2.4,44459050.397331792,1.36218742,18524604.33222158,1.761872092461403
2013-06-14,2.3,42681109.964109634,1.31735528,18557004.33222158,1.7459223300794
2013-06-15,2.19225707104033,40732803.5543940355675106763214,1.25762152,18580304.33222158,1.743177129348367
2013-06-16,2.15,39998824.314276397,1.23469814,18604104.33222158,1.741316302622761
2013-06-17,2.16292173723763,40295673.9193407203379502740554,1.24224746,18630204.33222158,1.7411359707973404
2013-06-18,2.48905839006429,46448702.7589006966500747253782,1.42764509,18661154.33222158,1.7434714044120658
2013-06-19,2.34813387258913,43903538.8152097169955994594254,1.3465805,18697204.33222158,1.7437753424983728
2013-06-20,2.2,41209419.530887476,1.26167981,18731554.33222158,1.743707066216745
2013-06-21,2.59270015760633,48641269.9839802894320439706014,1.48477947,18760854.33222158,1.7461853494016388
2013-06-22,2.77821554893902,52198237.0555312383731685480516,1.5636899,18788404.33222158,1.7767049265580217
2013-06-23,2.999,56441043.04233251842,1.65198507,18819954.33222158,1.8153917093209564
2013-06-24,2.78372300087453,52476391.9076407533404977383574,1.50356353,18851154.33222158,1.8514169473600695
2013-06-25,2.46996028145458,46630390.8539962488804052658364,1.33634732,18879004.33222158,1.8482921651345698
2013-06-26,2.74710695499708,51951925.0805033114264388129864,1.48195779,18911504.33222158,1.853701214389568
2013-06-27,2.74791413110063,52052375.3329465825160984375954,1.47762044,18942504.33222158,1.8596887649311553
2013-06-28,2.35949970777323,44764556.6527346602403807523034,1.27211038,18972054.33222158,1.8547916476974509
2013-06-29,2.31,43896362.5074318498,1.24472515,19002754.33222158,1.8558313857480906
2013-06-30,2.64365968979263,50311102.4604096309312374109554,1.41984178,19030854.33222158,1.8619396379451731
2013-07-01,2.66701592051432,50838935.7325399443277018030256,1.43132122,19062104.33222158,1.8633245167107353
2013-07-02,2.75213398978262,52548707.8969656513437658729396,1.47415124,19093804.33222158,1.866927839631041
2013-07-03,2.54263535503364,48625115.2813875831436968339512,1.36221366,19123904.33222158,1.8665466583514074
2013-07-04,2.5,47887635.83055395,1.33967395,19155054.33222158,1.8661257091697574
2013-07-05,2.27552152292328,43645991.7567218578946983003824,1.22310571,19180654.33222158,1.8604455071371386
2013-07-06,2.58684398616211,49683971.5426052904487143203338,1.39092102,19206404.33222158,1.8598065231353753
2013-07-07,2.43154686875922,46771422.4413006041251207079676,1.30815157,19235254.33222158,1.858765394257196
2013-07-08,2.3501,45282207.001153935158,1.26647855,19268204.33222158,1.8556176889059828
2013-07-09,2.34807103009936,45316841.8248695962252769361888,1.26176092,19299604.33222158,1.8609476588475733
2013-07-10,2.72603798947984,52692145.3160543292523758229472,1.46598159,19329204.33222158,1.8595308481874184
2013-07-11,2.68370397136178,51950750.5484258920382053032124,1.44057598,19357854.33222158,1.8629381640542002
2013-07-12,2.66406826728563,51642575.2924258828335143098954,1.43288598,19384854.33222158,1.8592325589546423
2013-07-13,2.58050328515488,50092224.8500815187928647783104,1.3876663,19411804.33222158,1.8595993036329268
2013-07-14,2.74720603465225,53403224.729713821001705245555,1.4776009,19439104.33222158,1.8592341373453751
2013-07-15,2.9451133220339,57344756.019203861245751071562,1.57838789,19471154.33222158,1.865899593308398
2013-07-16,2.9030975831536,56617528.037435924903870374688,1.55132933,19502454.33222158,1.8713612429113295
2013-07-17,2.82,55085187.2168648556,1.50546472,19533754.33222158,1.873175746024789
2013-07-18,2.56131811271186,50108229.9283304386521922139388,1.3669403,19563454.33222158,1.8737600411019122
2013-07-19,2.79922881355932,54836624.6616251963274827141256,1.49233182,19589904.33222158,1.8757415583079373
2013-07-20,2.799,54909534.57588820242,1.4874371,19617554.33222158,1.8817602438449332
2013-07-21,2.66435657667963,52336633.8674452003039178324154,1.41215462,19643254.33222158,1.886731480352789
2013-07-22,2.62086027632963,51553643.4196894341949862794154,1.38743354,19670504.33222158,1.8889987886047717
2013-07-23,2.71515651557569,53491446.0338420973291103413902,1.43524088,19701054.33222158,1.8917775778346628
2013-07-24,2.84,56036904.3035092872,1.4982706,19731304.33222158,1.8955187400727216
2013-07-25,2.7590824221391,54516238.692579012747178781778,1.45405837,19758829.33222158,1.8975045837665379
2013-07-26,2.63041953050847,52055159.0179754605695121067826,1.38537187,19789679.33222158,1.8987100773949381
2013-07-27,2.63041953050847,52125654.2613930875655121067826,1.38477437,19816479.33222158,1.899529329466482
2013-07-28,2.84840151957919,56524902.6650817991415094369202,1.49634472,19844429.33222158,1.903573074778645
2013-07-29,2.65,52660215.230387187,1.39183498,19871779.33222158,1.9039613446128505
2013-07-30,2.78254789135009,55371671.6370215570066052329422,1.45940887,19899629.33222158,1.906626681904496
2013-07-31,2.77644222837424,55319165.7963497729101708440992,1.4543646,19924479.33222158,1.9090413974420444
2013-08-01,2.74253170625365,54714959.250161142332533483767,1.43652229,19950529.33222158,1.9091466420988497
2013-08-02,2.67,53342673.3170316186,1.39784174,19978529.33222158,1.9100874752817154
2013-08-03,2.77408547890222,55500932.1379387743383321939076,1.45053788,20006929.33222158,1.912452971515794
2013-08-04,2.76390064997492,55374416.0084963161323748827736,1.44429778,20034879.33222158,1.9136639883050433
2013-08-05,2.76220693821428,55430806.8646279361286304801624,1.4423116,20067579.33222158,1.9151249551166891
2013-08-06,2.62545553313852,52764250.6782582536741014732616,1.37063933,20097179.33222158,1.9154970061588124
2013-08-07,2.73434316656926,55035982.4409574036073827366308,1.42628927,20127679.33222158,1.917102809424669
2013-08-08,2.59,52206317.4704538922,1.35680301,20156879.33222158,1.9088990670797528
2013-08-09,2.4225646554062,48901476.680301736211003305796,1.26811333,20185829.33222158,1.9103692060442263
2013-08-10,2.32005627584365,46891305.457549732178043235967,1.21572478,20211279.33222158,1.908372942635627
2013-08-11,2.4,48577870.397331792,1.25775439,20240779.33222158,1.9081626898555288
2013-08-12,2.31,46828041.2574318498,1.211056,20271879.33222158,1.9074262461851479
2013-08-13,2.48,50350148.7439095184,1.29946056,20302479.33222158,1.9084842405682554
2013-08-14,2.3919182874553,48635064.295020196557993945374,1.22877847,20333079.33222158,1.9465821918700283
2013-08-15,2.41,49076226.1906540078,1.23771299,20363579.33222158,1.9471396191777872
2013-08-16,2.3841770710111,48613559.619980012407979839538,1.15624936,20390079.33222158,2.061992121674429
2013-08-17,2.656329367271,54235549.95582886920417190818,1.28718919,20417479.33222158,2.0636666217426822
2013-08-18,2.41101814614845,49291649.005821252562158973551,1.16911943,20444329.33222158,2.0622513699463965
2013-08-19,2.39450613676213,49026984.7598549993940809127654,1.16144914,20474779.33222158,2.0616538893490683
2013-08-20,2.45446015723382,50330372.9179508723470481098356,1.1904109,20505679.33222158,2.061859612705008
2013-08-21,2.3778132159717,48836548.701457290014299409286,1.15551389,20538429.33222158,2.0577971727987627
2013-08-22,2.35863966998536,48521296.8831792577006548760688,1.14646447,20571729.33222158,2.05731597594591
2013-08-23,2.47356910964229,50958193.4614735158754648186182,1.20159717,20601079.33222158,2.058567689238391
2013-08-24,2.47652816884863,51095801.8217579319396686394354,1.20270719,20632029.33222158,2.0591280982103637
2013-08-25,2.3,47513007.464109634,1.12209952,20657829.33222158,2.0497290650298114
2013-08-26,2.48,51297384.7439095184,1.20928873,20684429.33222158,2.0507922868015154
2013-08-27,2.3201,48052007.168687287758,1.13173741,20711179.33222158,2.05003385016671
2013-08-28,2.3901,49565963.906942798358,1.16610457,20738029.33222158,2.049644655796178
2013-08-29,2.3901,49638742.451942798358,1.16558472,20768479.33222158,2.050558795932054
2013-08-30,2.4001,49927070.605265014158,1.17034424,20802079.33222158,2.0507641409847075
2013-08-31,2.41,50218084.1906540078,1.1749583,20837379.33222158,2.0511366233167596
2013-09-01,2.42928188300701,50698333.9059317188877540132758,1.18405464,20869679.33222158,2.0516636656286487
2013-09-02,2.41,50349549.6906540078,1.17417883,20891929.33222158,2.0524982553126088
2013-09-03,2.39966861484512,50194058.7877576465047372216896,1.16826687,20917079.33222158,2.054041483556852
2013-09-04,2.82889007437171,59236333.9124555014061770035018,1.37302617,20939779.33222158,2.0603322326854925
2013-09-05,2.61,54726817.5570983238,1.26623533,20968129.33222158,2.061228223666765
2013-09-06,2.6,54614116.263776108,1.26058163,21005429.33222158,2.0625399721238207
2013-09-07,2.60573915513735,54823916.247503824098245534013,1.25687961,21039679.33222158,2.073181181718232
2013-09-08,2.48187124625675,52292975.863864737896236570665,1.19739988,21069979.33222158,2.0727171329403755
2013-09-09,2.57855814336024,54391278.6155295444319654419792,1.23919211,21093679.33222158,2.0808380900361283
2013-09-10,2.4978627614237,52746691.842019840300644663446,1.20013295,21116729.33222158,2.0813217080855084
2013-09-11,2.58634866593256,54679236.8667320728832472566448,1.24178315,21141479.33222158,2.0827699795512284
2013-09-12,2.57364868813559,54483188.7591887755334429640322,1.23524329,21169629.33222158,2.0835156191260022
2013-09-13,2.52267335452952,53473811.7599146768417772910416,1.21147776,21197279.33222158,2.08231090806778
2013-09-14,2.52,53501941.9171983816,1.20986214,21230929.33222158,2.082881938929009
2013-09-15,2.52738185037571,53738909.8346155427222319698218,1.21357132,21262679.33222158,2.0825985327139325
2013-09-16,2.58882466393922,55122754.5341377132452366923676,1.24271088,21292579.33222158,2.083207530893445
2013-09-17,2.53437912528791,54043174.8066094635115574150978,1.21643566,21324029.33222158,2.0834469167797254
2013-09-18,2.55833181455289,54632611.3583789873563381093662,1.22661067,21354779.33222158,2.085691798647806
2013-09-19,2.48507492694331,53143400.2054510843534810186298,1.19137485,21385029.33222158,2.085888355745725
2013-09-20,2.39697189976622,51322714.2917603161953152390276,1.15004443,21411479.33222158,2.0842428668309974
2013-09-21,2.40718154289889,51607756.0652688472510170160462,1.15493647,21439079.33222158,2.084254507002355
2013-09-22,2.42,51949968.9839762236,1.16115438,21466929.33222158,2.084132860955147
2013-09-23,2.34913342478083,50501886.0920794687974434963114,1.12807874,21498091.83222158,2.082419729655423
2013-09-24,2.41406149855312,51966878.6464589635249652403296,1.15707709,21526741.83222158,2.0863445654715367
2013-09-25,2.33630608571011,50371908.2785223972772931661738,1.12075197,21560491.83222158,2.0845879804343417
2013-09-26,2.34,50516017.8873984972,1.12017118,21588041.83222158,2.088966438147427
2013-09-27,2.29155679427236,49533241.7475057787358383895288,1.0977383,21615541.83222158,2.0875255917301603
2013-09-28,2.0019081930309,43325881.334890109211020586822,0.96414371,21642291.83222158,2.0763587131952566
2013-09-29,2.24982271034483,48748577.6560208078520867674314,1.08165798,21667741.83222158,2.079976066320733
2013-09-30,2.16875250356517,47051610.0390823575019314103686,1.04024629,21695241.83222158,2.0848452183041863
2013-10-01,2.30475210683811,50067148.3305878189976507084138,1.10530057,21723441.83222158,2.0851813247849043
2013-10-02,1.84999468028877,40242919.1699749870325850256566,0.89147568,21752991.83222158,2.0752048785994592
2013-10-03,2.13999,46613351.7005358589842,1.03244533,21782041.83222158,2.0727392897404067
2013-10-04,2.06,44930334.1743764548,0.99600493,21810841.83222158,2.06826285488366
2013-10-05,2.05154850543542,44800468.5760018304293238203636,0.99191516,21837391.83222158,2.0682701385826388
2013-10-06,1.99576621858562,43639806.9878606325153700416796,0.96508577,21866191.83222158,2.067967719165127
2013-10-07,1.99,43571531.2461209442,0.96288355,21895241.83222158,2.0667088974570187
2013-10-08,1.93580976037405,42441258.118103598406463281999,0.93771796,21924291.83222158,2.064383794434363
2013-10-09,1.84152956067576,40423768.6511003374324468549008,0.89318274,21951191.83222158,2.0617612479566727
2013-10-10,1.93911118296943,42619805.8078137762031181262994,0.94222338,21979041.83222158,2.058016415353045
2013-10-11,1.94829026851869,42874546.8083862107095384513302,0.94751861,22006241.83222158,2.0562026412533365
2013-10-12,1.92054441846873,42317452.0844005878726576611934,0.93455673,22034091.83222158,2.055032462789851
2013-10-13,2.04624406721441,45146163.8294800328626124889678,0.99643409,22062941.83222158,2.0535669019657985
2013-10-14,1.96114406779661,43327637.9288436991003318928438,0.9557339,22093041.83222158,2.0519770909001034
2013-10-15,1.920222151906,42485475.49361676785621133148,0.93733671,22125291.83222158,2.048593777902927
2013-10-16,1.84,40765276.9712877072,0.89979587,22155041.83222158,2.044908252357282
2013-10-17,1.84826724737986,40997417.2648813960409779493788,0.90494508,22181541.83222158,2.0424081949590356
2013-10-18,1.86997300348334,41535731.5811966300791907184772,0.91662413,22211941.83222158,2.0400652156989802
2013-10-19,1.7819694702965,39636243.27459975008841629847,0.87716035,22242941.83222158,2.0315207707422025
2013-10-20,1.84705872281323,41134259.7294926774178383155034,0.90967383,22270141.83222158,2.0304626360562996
2013-10-21,1.714,38218758.00042778812,0.84758333,22297991.83222158,2.0222200453140107
2013-10-22,1.65,36836071.523165607,0.81862195,22324891.83222158,2.0155824065064465
2013-10-23,2.18553419053185,48850714.545680333824287247323,1.08338902,22351841.83222158,2.017312479806977
2013-10-24,2.26045188359325,50593189.550525647913700592335,1.11823136,22381891.83222158,2.0214527730587437
2013-10-25,2.30771347876302,51725647.9924716696512769499716,1.13948001,22414241.83222158,2.025233842200549
2013-10-26,2.24244321658765,50333637.879425420615006291487,1.10744367,22445891.83222158,2.0248824182521625
2013-10-27,2.11061887303473,47447433.7433590085377123954734,1.04269115,22480341.83222158,2.0242033060650124
2013-10-28,2.13660069959088,48094864.2965096225247075071904,1.05507417,22509991.83222158,2.025071564012301
2013-10-29,2.16693864617183,48838120.4675490670992113140914,1.07008866,22537841.83222158,2.025008513006605
2013-10-30,2.24196507121566,50585551.6882185702939690859428,1.10626299,22563041.83222158,2.0266112953988094
2013-10-31,2.28910286382233,51708640.3491408311982743118814,1.12904156,22589041.83222158,2.027474403884946
2013-11-01,2.39985534774985,54277268.813036861992179611763,1.18206137,22616891.83222158,2.030229063106808
2013-11-02,2.63669565427186,59702018.9898182929455210787388,1.29592177,22642741.83222158,2.0346102020277503
2013-11-03,2.88010477681008,65300880.0910349814797121375264,1.40508224,22673091.83222158,2.049776657066052
2013-11-04,3.01082462018091,68358339.7497630577036668060378,1.46250918,22704191.83222158,2.058670578861536
2013-11-05,2.91,66154461.2317647978,1.40756748,22733491.83222158,2.067396441980885
2013-11-06,3.35018583869082,76259917.8639596703295193518956,1.60762782,22762891.83222158,2.0839312414305073
2013-11-07,4.22152016364699,96222763.2176300096352465800442,1.95582518,22793391.83222158,2.158434305282331
2013-11-08,4.69370050476961,107138134.6997401865791723701838,2.1190478,22825941.83222158,2.2150045434414505
2013-11-09,4.16085061897149,95113682.4842871897290213827542,1.86809083,22859191.83222158,2.2273277895012686
2013-11-10,3.90157013442431,89309834.6874129260651216586098,1.74545894,22890741.83222158,2.2352689284253864
2013-11-11,4.008,91865130.86354409264,1.78645351,22920441.83222158,2.2435512469619208
2013-11-12,4.05296821107133,93008494.6459713573380857453014,1.80010336,22948241.83222158,2.2515197188851035
2013-11-13,4.14244446790427,95176563.1377765813096208681466,1.82040942,22975941.83222158,2.2755564887728776
2013-11-14,4.2838574268163,98550533.500053418023095555754,1.84281812,23005091.83222158,2.324623021840213
2013-11-15,4.04866803039158,93264071.5124694706087487262964,1.71594355,23035741.83222158,2.3594412708923787
2013-11-16,4.07953112387646,94099655.4419653119815032660068,1.68517173,23066291.83222158,2.4208399958599234
2013-11-17,4.06775809468147,93953585.6520253312908725601226,1.67172947,23097141.83222158,2.4332633764489837
2013-11-18,8.55444998346291,197842972.1216864811272868315978,2.9904684,23127491.83222158,2.8605719369791403
2013-11-19,7.85290924570311,181879203.6715956336601604151138,2.65505432,23160741.83222158,2.9577207466335795
2013-11-20,7.78740842516177,180600840.1454701900155099849966,2.4855863,23191391.83222158,3.133026773265435
2013-11-21,9.71522340619815,225601009.452897637785856186077,2.95658265,23221391.83222158,3.2859637481124198
2013-11-22,10.5885803623612,246180700.936592891450410394696,3.13533808,23249641.83222158,3.377173399546501
2013-11-23,11.6088725617763,270269549.953783782583419992554,3.25378855,23281291.83222158,3.5678017742659716
2013-11-24,11.1586544766029,260124324.757187442971438470582,2.98625431,23311441.83222158,3.7366725396548364
2013-11-25,12.1413507204524,283399666.943721380917434642792,3.15650481,23341691.83222158,3.8464540532261693
2013-11-26,19.6302691409557,458763155.542274231850095364006,4.1623152,23370191.83222158,4.71618995624255
2013-11-27,35.5309595406025,831424163.04109392237378670195,4.8709233,23399991.83222158,7.294501956251806
2013-11-28,47.1804792518995,1105622247.38138741412751989121,4.60889854,23433891.83222158,10.23682314601343
2013-11-29,37.4065993594687,877829713.289676836220729474546,3.54020488,23467241.83222158,10.566224449549004
2013-11-30,40.2958772144917,946892341.596936884954981470886,3.66114855,23498491.83222158,11.006348599127916
2013-12-01,34.9478332806612,822332715.997783738817647308696,3.15266879,23530291.83222158,11.08515851443475
2013-12-02,33.1832273641146,781929298.574748063831287713068,2.96034852,23563991.83222158,11.209229974082444
2013-12-03,37.9116092955058,894611308.375214743036323775164,3.25488675,23597291.83222158,11.647597046350631
2013-12-04,43.7816354920408,1034445856.825947233723072000464,3.56140477,23627391.83222158,12.29336127722455
2013-12-05,37.4443625280236,885893994.995127744172194669288,3.02943667,23658941.83222158,12.360173394225008
2013-12-06,30.7194245799997,727885762.715036732265886733526,2.52537969,23694641.83222158,12.164279574133941
2013-12-07,22.7891310583147,540751710.180647490295431771226,1.89170204,23728491.83222158,12.046892468496095
2013-12-08,27.1513156331866,645215497.546426503069852686828,2.21162178,23763691.83222158,12.276654118131626
2013-12-09,31.2780030604683,744364608.662297349318064165914,2.44009679,23798341.83222158,12.818345234767635
2013-12-10,35.5767703097604,847690973.264515237482289509432,2.6072044,23827091.83222158,13.64556239233119
2013-12-11,30.908731608766,737471265.67342266824918237028,2.2755478,23859641.83222158,13.582984988830383
2013-12-12,31.5398876233462,753575969.396272588167819450996,2.30965619,23892791.83222158,13.655663453245912
2013-12-13,30.5046285177196,729720797.625860552193263508968,2.2223168,23921641.83222158,13.72649863319199
2013-12-14,29.388027708844,703979677.92076139794193365352,2.09759832,23954641.83222158,14.010321913703669
2013-12-15,31.0043454926204,743618820.579306049890827628232,2.20087845,23984341.83222158,14.087259336207506
2013-12-16,23.8072252398978,571696989.568669255563426154524,1.71483098,24013591.83222158,13.883132225601498
2013-12-17,22.2122472825833,534083308.973724271627480407614,1.62311952,24044541.83222158,13.684911683264891
2013-12-18,13.4244722912033,323210170.129353811481730427214,1.00899595,24076191.83222158,13.304783127428111
2013-12-19,19.7001764676813,474843042.582079991630850422454,1.48686234,24103491.83222158,13.249495893265614
2013-12-20,16.7752565947722,404768351.833020131836940024076,1.27552973,24128891.83222158,13.151599841402522
2013-12-21,15.9594007202079,385512759.534385202568456466482,1.21833737,24155841.83222158,13.099327914572548
2013-12-22,16.6992197545295,403808706.25467745646625264661,1.27569796,24181291.83222158,13.090261392696355
2013-12-23,17.4495716683908,422431303.124337448634227633464,1.34092085,24208691.83222158,13.013125769795286
2013-12-24,17.51,424358208.9821998658,1.34521757,24235191.83222158,13.016481787403357
2013-12-25,20.8181639392168,505126555.242021464242829258544,1.58508197,24263741.83222158,13.133809060497232
2013-12-26,24.1400579775999,586420954.247302083765693385842,1.81609257,24292441.83222158,13.292305896939991
2013-12-27,22.4376428988895,545793236.48550173333409993541,1.68649364,24324891.83222158,13.304315158217559
2013-12-28,21.7041583869082,528678394.376908202029193518956,1.63136281,24358391.83222158,13.304311128012168
2013-12-29,23.3030760326575,568321053.71909773521585624885,1.74086203,24388241.83222158,13.385940775937023
2013-12-30,23.5067649912332,574007976.308127006413979852456,1.75165625,24418841.83222158,13.419736315977067
2013-12-31,23.7897999127725,581604507.52767826596389213055,1.7655672,24447641.83222158,13.474310075975868
2014-01-01,23.8710529600653,584274858.592975072491520869174,1.76830769,24476291.83222158,13.499377452837576
2014-01-02,25.3102724061494,620209035.879689671681455384052,1.86401579,24504241.83222158,13.578357298222995
2014-01-03,24.2638040500217,595269772.528819764649158208286,1.76714844,24533241.83222158,13.730484378562847
2014-01-04,24.290313347185,596710781.2263801008243892523,1.74241338,24565791.83222158,13.940614567127005
2014-01-05,26.2054511205542,644558233.628725148342586799636,1.86858716,24596341.83222158,14.02420592494824
2014-01-06,28.4854857759795,701548856.67341991558768553761,2.00863174,24628291.83222158,14.181537216961182
2014-01-07,23.2619578141859,573645505.188760798817036111722,1.64925662,24660241.83222158,14.104510803288997
2014-01-08,23.7803245541066,587245408.501419130731990140428,1.68084178,24694591.83222158,14.14786616864474
2014-01-09,23.8114696321717,588712199.552042083492651005286,1.67760826,24723891.83222158,14.193700758347306
2014-01-10,24.565435325403,608102411.57412349446769879674,1.72850118,24754391.83222158,14.211986436366217
2014-01-11,26.1868122660728,648987554.502002086979286011024,1.83655055,24782991.83222158,14.258693977180648
2014-01-12,24.4923446152796,607726203.810735073951080853768,1.71576919,24812904.33222158,14.274848131105328
2014-01-13,23.7330422059611,589549044.298746394650482060538,1.66345864,24840854.33222158,14.267287226306449
2014-01-14,23.5237142469592,584986651.617611540070095619536,1.6200909,24867954.33222158,14.519996530416414
2014-01-15,24.6330680702969,613337636.944828074004187187102,1.6925061,24898954.33222158,14.554197512373458
2014-01-16,23.7224468986564,591299883.555081147063329085112,1.62853349,24925754.33222158,14.566754103814226
2014-01-17,23.1011275112913,576523388.814744455197863526254,1.58546895,24956504.33222158,14.570532908444092
2014-01-18,23.5990304579394,589683235.707035568402351012252,1.61692783,24987604.33222158,14.59498069121576
2014-01-19,24.4061216903652,610536324.102395804746197521016,1.65377499,25015704.33222158,14.757824878198939
2014-01-20,24.0481746021041,602237338.333783841938295426478,1.62689858,25042954.33222158,14.781606485945856
2014-01-21,23.7558268097667,595432775.154264961503852505386,1.60708295,25064704.33222158,14.78195435386002
2014-01-22,23.0323639940427,577722037.462077079641776381466,1.55432155,25083054.33222158,14.818274889158358
2014-01-23,22.033996822441,553114009.19068734058032847678,1.47759704,25102754.33222158,14.912047213116372
2014-01-24,19.9338661614122,500888308.328810212801696115276,1.34413861,25127504.33222158,14.830216179425276
2014-01-25,21.8164620107884,548717929.601192504407699293672,1.46618818,25151554.33222158,14.879714833595507
2014-01-26,22.2517893233523,560117686.889241325380432002634,1.49287409,25171804.33222158,14.90533560224915
2014-01-27,19.45201174785,490052671.032835333449288603,1.31215786,25192904.33222158,14.824444787344413
2014-01-28,20.9364670210567,528143407.774590551780150143586,1.41010887,25226004.33222158,14.847411761232806
2014-01-29,20.6999792464891,522988170.336330882057218254778,1.39514635,25265154.33222158,14.837138230329098
2014-01-30,20.9319376972531,529638817.041617667245386541898,1.40965404,25302904.33222158,14.848989257855852
2014-01-31,21.0785133008667,533872460.498481800591750443386,1.41866055,25327804.33222158,14.858038662502247
2014-02-01,22.3106257274197,565628004.346409441910822057126,1.49963799,25352404.33222158,14.877340982419163
2014-02-02,22.1896812733136,563094323.994731304611056027488,1.48942625,25376404.33222158,14.898140323036204
2014-02-03,21.5855236598601,548299376.378292779971505000958,1.45027553,25401254.33222158,14.883739822777057
2014-02-04,21.083943697302,536315529.76014144625671217716,1.41779688,25437154.33222158,14.870919801503584
2014-02-05,20.6024295743378,524827410.352449836466431369724,1.22022067,25474054.33222158,16.88418339474433
2014-02-06,19.7770320015176,504435041.612392882685139469808,1.16820119,25506104.33222158,16.92947428132444
2014-02-07,18.361798504462,468779549.63607025794200268996,1.09434249,25530154.33222158,16.77884087682824
2014-02-08,17.8717306792701,456685347.337025821031985868758,1.07255517,25553504.33222158,16.662761207211467
2014-02-09,18.0290371323884,461104421.640753114014343421672,1.08361563,25575654.33222158,16.637852604976178
2014-02-10,17.7714785439499,454881507.522706089491735218842,1.0696729,25596154.33222158,16.613937348464095
2014-02-11,17.3790311581836,445264756.787404201855385522088,1.04761673,25620804.33222158,16.589111896087797
2014-02-12,17.2179462386771,441599933.440364982291763271818,1.03708291,25647654.33222158,16.602285191139732
2014-02-13,15.1982746423968,390212727.630902745198199882944,0.9195306,25674804.33222158,16.528296766194405
2014-02-14,16.8717259432717,433730811.365009614622514543286,1.01832017,25707554.33222158,16.56819381597018
2014-02-15,16.2752700199682,418939354.801574441803266953756,0.98276335,25740854.33222158,16.560721378110205
2014-02-16,15.5642123458314,401195656.223643431833214121612,0.9390896,25776804.33222158,16.573724536861448
2014-02-17,15.4245436205834,398096740.489263880362737669772,0.93234814,25809304.33222158,16.543759738270513
2014-02-18,15.5667519731072,402141419.523087713522591493376,0.94266947,25833354.33222158,16.51347844447238
2014-02-19,15.5736033289514,402710867.830156644513093851212,0.94357192,25858554.33222158,16.50494572682006
2014-02-20,15.2159385361577,393864634.927259350795998223166,0.92334311,25885004.33222158,16.479181326384403
2014-02-21,14.3521202268472,371944586.733457604181935202576,0.87264944,25915654.33222158,16.446604522942454
2014-02-22,15.3228345461618,397554073.248991621011656131644,0.93214068,25945204.33222158,16.4383283284684
2014-02-23,15.59010467359,405038002.5067592168854540722,0.94897271,25980454.33222158,16.42840148015426
2014-02-24,14.2970000131085,371887192.62874438922392658143,0.87232467,26011554.33222158,16.389539932544267
2014-02-25,13.6946963925915,356623648.08793449503304842457,0.84061111,26041004.33222158,16.291357834411087
2014-02-26,14.5854303251272,380225458.518508215822472084976,0.89609241,26068854.33222158,16.27670334260191
2014-02-27,14.33795886255,374144080.347855154991363829,0.88163614,26094654.33222158,16.262898277457182
2014-02-28,13.5681414586242,354482679.342356939164436350236,0.83925171,26126104.33222158,16.166951222088304
2014-03-01,13.8409334484842,362038048.220664216477069529036,0.85732749,26157054.33222158,16.14427813166728
2014-03-02,12.8462823479687,336470525.225055199478071304546,0.79840972,26192054.33222158,16.08983711767525
2014-03-03,14.7294712800487,386228158.507566326032201590946,0.9173752,26221454.33222158,16.056103631369915
2014-03-04,16.9523261060318,445018128.899589674318332126244,1.0488281,26251154.33222158,16.163112054331688
2014-03-05,16.5862093899756,435948682.219374924930929993448,1.02648178,26283804.33222158,16.158308616033693
2014-03-06,16.80069100965,442163178.879936298417718247,1.03895287,26318154.33222158,16.170792241663477
2014-03-07,15.9809425608305,421112288.55917265322035482219,0.98988378,26350904.33222158,16.144261461512684
2014-03-08,15.7233788013592,414870065.649364193322859571536,0.95895432,26385554.33222158,16.396379340946293
2014-03-09,16.2456036223742,429177239.155617327285680075236,0.99051886,26418054.33222158,16.40110479307199
2014-03-10,16.1406490200615,426850831.71470841046628322717,0.98496934,26445704.33222158,16.386955780838314
2014-03-11,16.281389645188,431046605.11301083567199675704,0.99357137,26474804.33222158,16.38673389430293
2014-03-12,17.4328180804347,462063020.231080563918383120826,1.06492347,26505354.33222158,16.370019603788712
2014-03-13,17.307684217628,459285437.22180848943343801224,1.05713778,26536504.33222158,16.372212350246343
2014-03-14,16.9628024706152,450661024.404935307996485316016,1.03555627,26567604.33222158,16.3803773508273
2014-03-15,17.1727281815314,456791209.479162549224488527612,1.04584152,26599804.33222158,16.420009966262768
2014-03-16,17.6416376811651,469797769.958794140139605762858,1.07216307,26630054.33222158,16.454248588477405
2014-03-17,17.270673733414,460431918.88476933553529787412,1.05000445,26659754.33222158,16.448190989489614
2014-03-18,19.5015094881064,520582154.439642136429299416112,1.18144269,26694454.33222158,16.506521774751853
2014-03-19,17.6100805487073,470670862.644263033303006163534,1.06425533,26727354.33222158,16.54685680428521
2014-03-20,16.5097250292244,441719415.653188795912076342552,0.99940637,26755104.33222158,16.51953151871986
2014-03-21,15.6674890487398,419637311.182028527574233364884,0.95044861,26783954.33222158,16.48430949753275
2014-03-22,15.55500283779,417109023.9833415998350775082,0.94415519,26815104.33222158,16.475048808226113
2014-03-23,15.1231314071592,405934402.591153127710852735536,0.91846109,26841954.33222158,16.465729002367645
2014-03-24,16.1618123143256,434235643.277852300831107466448,0.98068546,26868004.33222158,16.48011821682928
2014-03-25,16.3000089873764,438372512.321751590905987662712,0.98916882,26894004.33222158,16.478490483936202
2014-03-26,16.2411820196941,437263037.994825454136765018678,0.98558688,26923104.33222158,16.478691375938467
2014-03-27,12.983636379186,349947358.39437100748265203388,0.79454257,26952954.33222158,16.34102044297765
2014-03-28,13.7347958060079,370617729.312125060095918030482,0.84115481,26983854.33222158,16.328499394787865
2014-03-29,13.4407555122818,363079219.108253029751169001244,0.82362273,27013304.33222158,16.31906821255625
2014-03-30,12.9149668138048,349233027.814252842308996467584,0.79643355,27040954.33222158,16.21600046081032
2014-03-31,12.7589670673443,345380828.149209098153289749994,0.78774321,27069654.33222158,16.19686073504118
2014-04-01,13.0804731492345,354478916.94079061854926138051,0.80868131,27099854.33222158,16.175065489314328
2014-04-02,11.2712698363921,305795235.125874288270924961518,0.70095532,27130504.33222158,16.07986916540144
2014-04-03,11.3631384158213,308637092.524359746173049283654,0.71417846,27161254.33222158,15.9107828816642
2014-04-04,11.1485445314847,303165206.878761523164006779826,0.70170738,27193254.33222158,15.887740173809632
2014-04-05,11.1928721455089,304703047.263583760209556662062,0.70505762,27222954.33222158,15.875116909606481
2014-04-06,11.5755587076471,315420713.038754914660677644418,0.72977377,27248854.33222158,15.861845387574153
2014-04-07,11.419655404381,311476860.45467154452299474198,0.72048765,27275504.33222158,15.8498975025887
2014-04-08,11.435728832966,312226894.93637368970352060628,0.72238098,27302754.33222158,15.830606216910642
2014-04-09,11.2192804979347,306656081.490433343590852770826,0.71122729,27332954.33222158,15.774536010752204
2014-04-10,8.59920708433425,235298850.821245934254217783115,0.55498623,27362854.33222158,15.494451248518814
2014-04-11,10.8143843840905,296217390.23415149319687277299,0.69651943,27391054.33222158,15.526321188327078
2014-04-12,10.9014141974947,298909738.548911070362447775626,0.70457247,27419354.32722158,15.472381709002482
2014-04-13,10.5148885344461,288592727.705513682759737266838,0.68018365,27446104.32722158,15.458896335491302
2014-04-14,11.4727933941805,315211032.67274043250430601519,0.74235274,27474654.32722158,15.454638712831452
2014-04-15,13.3115729964286,366126885.925096719731100849188,0.85958622,27504404.32722158,15.486024190137202
2014-04-16,13.546946487309,372969847.87796001283870092822,0.87293703,27531654.32722158,15.518812951844877
2014-04-17,12.7096291283195,350267901.55202061823572953481,0.81960338,27559254.32722158,15.507048211928433
2014-04-18,12.1364480179596,334782757.447713537903008688168,0.78504836,27584904.32722158,15.459490951563291
2014-04-19,12.9696351149215,358075469.60157391713909480597,0.83901868,27608754.32722158,15.458100545415151
2014-04-20,12.7958989363861,353633276.531177646373979132038,0.82793864,27636454.32722158,15.455129544849001
2014-04-21,12.474700896965,345101427.0645243818923045047,0.80764846,27664104.32722158,15.445706287813636
2014-04-22,12.2542179344192,339365300.948038011841787006336,0.79390619,27693754.32722158,15.435347511800105
2014-04-23,12.1999598853163,338229300.660461728815018485754,0.79086442,27723804.32722158,15.426107910274052
2014-04-24,12.7609881343481,354204888.716503296560037551998,0.82782642,27756854.32722158,15.415052994259476
2014-04-25,11.2254517051643,311943003.464657080104756405594,0.73096866,27788904.32722158,15.356953477546217
2014-04-26,10.7229850567423,298354774.171771583407805058834,0.69942848,27823854.32722158,15.33106724041649
2014-04-27,10.1537639949119,282837709.209655361864783878802,0.66332003,27855454.32722158,15.307488897797795
2014-04-28,10.3378853524013,288310227.961834723786810180054,0.67617134,27888704.32722158,15.288854674617383
2014-04-29,10.4975293856311,293137255.001252783027037839138,0.6879016,27924404.32722158,15.260219463991797
2014-04-30,11.0274375082632,308259381.708528811177947359856,0.72295333,27953854.32722158,15.253318645427916
2014-05-01,11.3031386827645,316283345.21843359234131845791,0.74115593,27981904.32722158,15.250689126597829
2014-05-02,10.7853082368295,302131582.63578254023536318061,0.70803126,28013254.32722158,15.232813642761338
2014-05-03,10.2095413499514,286308254.163904751892030031212,0.67156125,28043204.32722158,15.202695733190978
2014-05-04,10.4485092343079,293307461.885735713956421244482,0.68766984,28071704.32722158,15.194078068492724
2014-05-05,10.3221879613728,290052494.162174041988586585024,0.67999872,28099904.32722158,15.179716752073887
2014-05-06,10.4125161946856,292866119.929660105303009635248,0.68758443,28126354.32722158,15.143618354891483
2014-05-07,10.6981793416869,301193912.934410074932747283302,0.70678651,28153754.32722158,15.136366060080718
2014-05-08,10.6429102265068,299910338.345545200722912976744,0.70317518,28179354.32722158,15.135503256111512
2014-05-09,10.8917816265312,307240869.143157854173309183296,0.71971476,28208504.32722158,15.133469857601918
2014-05-10,10.9885865096671,310287511.970145997803353736018,0.72619225,28237254.32722158,15.131787084848538
2014-05-11,10.4042037567597,294102435.346063352672644714326,0.68823622,28267654.32722158,15.117198796598792
2014-05-12,10.7019315523906,302859893.373084565417504909148,0.70844197,28299554.32722158,15.10629240725334
2014-05-13,10.4567242753788,296230155.754410272549006034504,0.69287712,28329154.32722158,15.091744226420406
2014-05-14,10.612952650423,300997710.57667208747860172834,0.70324429,28361354.32722158,15.091416740010786
2014-05-15,10.5355076219237,299130499.295706782462715753446,0.69855897,28392604.32722158,15.081772726966344
2014-05-16,10.5554309081652,300014947.292286258571451645016,0.70021006,28422804.32722158,15.074663320554409
2014-05-17,10.5000114729188,298750046.867377455041816947704,0.69691551,28452354.32722158,15.066405213049142
2014-05-18,10.4381882778005,297282256.86718126192635853479,0.69388963,28480254.32722158,15.043009473711978
2014-05-19,10.3614421415775,295403724.14841640220557324245,0.6893454,28509904.32722158,15.030842508817061
2014-05-20,10.8379620962597,309305730.959628670427011124326,0.7226124,28539104.32722158,14.998306279078104
2014-05-21,10.7405820062064,306812826.920668709816028014112,0.71690496,28565754.32722158,14.981877104332492
2014-05-22,10.7202850955701,306537486.454544784218299122758,0.71510569,28594154.32722158,14.991189757656802
2014-05-23,11.2242515168245,321253840.93346412725070947271,0.74876191,28621404.32722158,14.990414665757369
2014-05-24,11.1839205808579,320447892.034362509139439793482,0.74837385,28652554.32722158,14.944296331115657
2014-05-25,11.4952298766263,329718303.055172783413062955554,0.76901619,28683054.32722158,14.947968620304732
2014-05-26,11.6984725992332,335957956.573922045360594492456,0.78301926,28718104.32722158,14.940210537392401
2014-05-27,11.2316630200217,322900813.513951456080872308286,0.7523535,28749154.32722158,14.928704418895773
2014-05-28,11.1773232090095,321642613.09233472198575882501,0.74797485,28776354.32722158,14.94344791005941
2014-05-29,10.879367304693,313419388.01141173741398487494,0.72885052,28808604.32722158,14.926746988796825
2014-05-30,11.4493093618204,330203856.193279792765262964232,0.76637271,28840504.32722158,14.939609947515486
2014-05-31,10.9440774676837,315954469.441729841982659254246,0.7337389,28869904.32722158,14.915493055750078
2014-06-01,11.0573045472466,319538457.575557998917617101628,0.74144542,28898404.32722158,14.913173982849068
2014-06-02,11.5622412584342,334466205.923672285452827250036,0.77486898,28927454.32722158,14.921543585902999
2014-06-03,11.6153362646237,336379607.718822864051265219446,0.77896715,28959954.32722158,14.911201665723258
2014-06-04,11.2039595522286,324826924.414159961340735013188,0.75246436,28992154.32722158,14.88968800094213
2014-06-05,11.3803168707804,330269932.199601355939018321032,0.76441019,29021154.32722158,14.887709530377139
2014-06-06,11.1834661596721,324903784.784053905347836843918,0.75174001,29052154.32722158,14.876773899093253
2014-06-07,11.2725978953066,327833686.179598773743300236428,0.75806538,29082354.32722158,14.870218575746854
2014-06-08,11.3501190349811,330440604.627498780478990812138,0.76358583,29113404.32722158,14.864234757972264
2014-06-09,11.3315930870102,330274060.626239534149355120116,0.76256799,29146304.32722158,14.859780682651262
2014-06-10,11.0850057242977,323405644.223947596989537784366,0.74721032,29175054.32722158,14.835188202831166
2014-06-11,10.889951250417,317995335.59640878955242639886,0.73502935,29200804.32722158,14.815668585774159
2014-06-12,10.2489776277221,299550500.617200683051277362918,0.69284604,29227354.32722158,14.792575891351127
2014-06-13,10.1642469129619,297352546.359920730242115397802,0.68852058,29254754.32722158,14.762444592377905
2014-06-14,9.83879927603193,288130263.2531872217767442650494,0.66716047,29285104.32722158,14.747275533323984
2014-06-15,9.90610264636461,290429141.4725480539460489402838,0.67232339,29318204.32722158,14.734133593603833
2014-06-16,9.64804519718266,283158108.2300439747391615538028,0.65647236,29348754.32722158,14.69680337673723
2014-06-17,9.66324265783852,283901279.4809589601153998992616,0.65793984,29379504.32722158,14.68712193783328
2014-06-18,9.66269130363,284195736.4930156194460683354,0.66000446,29411654.32722158,14.640342435913238
2014-06-19,9.99561721131773,294332487.0002940774730014926134,0.68294161,29446154.32722158,14.636122715260724
2014-06-20,9.79574226528902,288750606.5036115583697322810516,0.66982281,29477154.32722158,14.624378446128194
2014-06-21,9.785178158669,288715637.98542640493716087702,0.66944922,29505404.32722158,14.616759369245363
2014-06-22,9.76044579462159,288264560.3116759808872921819122,0.66814068,29533954.32722158,14.608369295253192
2014-06-23,9.62757239449763,284635849.8536233852619177948554,0.6602635,29564654.32722158,14.581409383522837
2014-06-24,9.53391688668895,282150591.166798355886839187541,0.6545717,29594404.32722158,14.565122333716765
2014-06-25,9.15815745276178,271311369.9831895713066050152124,0.62990379,29625104.32722158,14.538978171193065
2014-06-26,9.07689032959598,269174768.1573680206220373372484,0.62529544,29654954.32722158,14.516162679190463
2014-06-27,9.2602930908899,274908509.001970383343676684042,0.63840651,29686804.32722158,14.505323717469455
2014-06-28,9.11002162663255,270750793.166764226286073090429,0.62863498,29720104.32722158,14.491751042286177
2014-06-29,8.95588580521672,266422416.4534308759254673608176,0.61883001,29748304.32722158,14.472287478780672
2014-06-30,8.85945518512807,263825754.2947544606590795677506,0.61317729,29779004.32722158,14.448439838872817
2014-07-01,8.2667629889596,246428107.091506398771282868168,0.5741211,29809504.32722158,14.398988277838244
2014-07-02,8.16469128574934,243638505.6428315060024905187572,0.5719736,29840504.32722158,14.2745946416921
2014-07-03,8.12892397238605,242828471.417367178995739650959,0.57026908,29872154.32722158,14.254540983330273
2014-07-04,7.34553153047864,219659337.5668697100895987370512,0.51656192,29903804.32722158,14.220040707759953
2014-07-05,7.3105094616389,218844884.199504839983030247462,0.51620466,29935654.32722158,14.162036936355632
2014-07-06,7.14445483022618,214093264.9173874077329623769644,0.50522103,29966354.32722158,14.14124592205946
2014-07-07,7.63366193168857,229001493.9550788878002659433406,0.54037025,29998904.32722158,14.126725021757895
2014-07-08,7.74358237150517,232571173.6331015955232487055686,0.54861383,30034054.32722158,14.114814370438255
2014-07-09,7.80124418017007,234545610.2211523473418349741106,0.55354942,30065154.32722158,14.09313043841699
2014-07-10,7.79936371313468,234730074.0282619557593167423944,0.55406957,30096054.32722158,14.076506156320189
2014-07-11,7.91985350705678,238601460.8780606172347807013124,0.56305049,30127004.32722158,14.065973918354604
2014-07-12,8.69909809999091,262322210.7579609149586635558378,0.61813628,30155104.32722158,14.073107147166496
2014-07-13,9.04222864052217,272941519.0876167104455964924286,0.64057404,30185204.32722158,14.11582124140118
2014-07-14,8.69196301288512,262615965.8963064278063093248896,0.61641697,30213654.32722158,14.1007847543281
2014-07-15,8.68058382625598,262526934.2202692631138472600484,0.61612415,30243004.32722158,14.089017329147024
2014-07-16,8.34627252933993,252657980.8107224954844282516894,0.59335728,30271954.32722158,14.06618374908947
2014-07-17,8.8044939183954,266806139.105699249019333852732,0.62602769,30303404.32722158,14.064064671636807
2014-07-18,8.91152535826525,270347201.050766077202621164095,0.63367486,30336804.32722158,14.063245870706075
2014-07-19,8.95062788655416,271792119.9460878015589529907728,0.64116525,30365704.32722158,13.959939167873118
2014-07-20,8.6336532356872,262400501.738662743502477969776,0.61902016,30392754.32722158,13.947289270332003
2014-07-21,8.62615586811664,262417187.6068509420619585650912,0.61952485,30421104.32722158,13.923825441572909
2014-07-22,8.59263417533063,261637155.1868743854062057709954,0.61749608,30449004.32722158,13.915285381780286
2014-07-23,8.48087700912236,258498440.0682349123541330525288,0.60997176,30480154.32722158,13.903720738026234
2014-07-24,7.89136954356673,240776372.2708093320622042260334,0.56931428,30511354.32722158,13.86118321775932
2014-07-25,7.57169517842248,231252096.8104697095437058131184,0.54693052,30541654.32722158,13.843979996622753
2014-07-26,7.61124034671679,232692395.0634185261175758363282,0.55038862,30572204.32722158,13.828847599931827
2014-07-27,7.74506882827829,237018889.5854567559506307334982,0.56051699,30602554.32722158,13.817723577439267
2014-07-28,7.63915478957383,234016755.0069017305497361792514,0.55398767,30633854.32722158,13.789394968977973
2014-07-29,7.62321888073839,233761084.8729274991911075424562,0.55430879,30664354.32722158,13.752657396499863
2014-07-30,7.23509357663782,222063140.9088093484965585481556,0.52692369,30692504.32722158,13.730818549148587
2014-07-31,7.55011093322762,231962468.3781017922974963160396,0.55032206,30723054.32722158,13.719440818395723
2014-08-01,7.74290594160766,238109877.0215884427548862453028,0.56454453,30752004.32722158,13.715314789442134
2014-08-02,7.6548348603117,235610491.740158506687073766486,0.55858586,30779304.32722158,13.703953874363558
2014-08-03,7.52227967466975,231750562.021617665388821573205,0.54932671,30808554.32722158,13.693635386252655
2014-08-04,7.43912152713033,229397247.0742343425189194485214,0.54305284,30836604.32722158,13.698706606764693
2014-08-05,7.20540764752005,222403944.979661208358293842679,0.52606892,30866254.32722158,13.696698994344787
2014-08-06,7.17303059208826,221624798.5915141368914959366508,0.52325756,30896954.32722158,13.708412721429692
2014-08-07,7.16882633691289,221729678.9739146421948081881662,0.52245917,30929704.32722158,13.72131402519529
2014-08-08,7.04117235346199,218005640.3490440328846108377442,0.51371714,30961554.32722158,13.706321641247925
2014-08-09,6.97475731496409,216164847.5274791796959671730622,0.51075536,30992454.32722158,13.655769202234294
2014-08-10,6.94563713521831,215466890.7003397893550490431298,0.50951296,31021904.32722158,13.631914554672584
2014-08-11,6.08287652769345,188886724.835197127200564464651,0.44893697,31052204.32722158,13.549511254761331
2014-08-12,5.64452535140635,175438645.777242955082641069033,0.41829713,31081204.32722158,13.494057086660742
2014-08-13,5.06508767246535,157576925.443222705524034322253,0.37767269,31110404.32722158,13.411315688368544
2014-08-14,5.05414009005321,157394789.0197986185388936602718,0.38013774,31141754.32722158,13.295549371270555
2014-08-15,5.09958000642574,158953675.8883026472550007954692,0.38458048,31169954.32722158,13.260111398336546
2014-08-16,5.01552258036609,156480313.7926352598654289482222,0.37869727,31199204.32722158,13.244147707656014
2014-08-17,4.42285084313393,138112161.2746566889438367262094,0.33467011,31226954.32722158,13.215553797540895
2014-08-18,3.86378428823992,120758344.4856723882247220414736,0.29488316,31253904.32722158,13.102763441086022
2014-08-19,4.93858623391712,154483443.4948949651050895954496,0.37882764,31280904.32722158,13.036499221432521
2014-08-20,5.5008345455648,172229228.132872893897495848384,0.42317546,31309654.32722158,12.998945037041608
2014-08-21,5.78287745683915,181234826.233385402814888468857,0.44527471,31339904.32722158,12.987212897941475
2014-08-22,5.31535337063517,166744784.3788853477062459309686,0.40992923,31370404.32722158,12.966514660677333
2014-08-23,4.85837345696185,152548332.117076442907018556723,0.3752354,31399054.32722158,12.947534952624007
2014-08-24,5.44284785056899,171052947.2370253812677488068042,0.42041452,31427104.32722158,12.946384084376986
2014-08-25,5.20962722790726,163874317.1056235302788737106708,0.40290506,31456054.32722158,12.930160837164122
2014-08-26,5.53176343798496,174162064.0186846049435106274368,0.4278613,31484004.32722158,12.92887072980183
2014-08-27,5.39959713438925,170154558.082837764397822720015,0.41803955,31512454.32722158,12.916474372793793
2014-08-28,5.24152253527123,165324195.3468531099194776091434,0.40630734,31541254.32722158,12.900388497217968
2014-08-29,5.39961811307639,170460297.5961469247535349964962,0.41912225,31568954.32722158,12.883157868799353
2014-08-30,5.17797759381047,163601849.0670138516721402139426,0.40230481,31595704.32722158,12.87078221563016
2014-08-31,4.87499746035658,154168647.0306218236231874709964,0.37948942,31624354.32722158,12.846201246813626
2014-09-01,4.77562089465747,151162510.0627179582972108922026,0.37245793,31652954.32722158,12.821906878603631
2014-09-02,4.76924854736122,151108176.2249060248221232391276,0.37250799,31683854.32722158,12.803077183287318
2014-09-03,4.84633574369717,153692593.3613985208372430089286,0.37886472,31713154.32722158,12.791731422490777
2014-09-04,5.19839008846385,164999263.177968179791380769883,0.4065683,31740454.32722158,12.786019196439689
2014-09-05,4.9373179704808,156851947.907783736106320735664,0.38658534,31768654.32722158,12.771612008051832
2014-09-06,4.93808809408969,157023568.7237076676664770235102,0.38736015,31798454.32722158,12.748053959834769
2014-09-07,5.10866614769727,162601458.0216203423895940510866,0.40103049,31828554.32722158,12.738847232531544
2014-09-08,5.00153918797759,159340557.5551147629293040043922,0.39308554,31858304.32722158,12.723793370719234
2014-09-09,5.06260896992064,161434218.5658236897741642954112,0.39817834,31887554.32722158,12.714425827182463
2014-09-10,5.30206850339768,169215539.2291622037407442179344,0.41743684,31915004.32722158,12.701486776772459
2014-09-11,5.42379909367892,173261387.1878707955298642150936,0.42752735,31944654.32722158,12.686437706684545
2014-09-12,5.34462303744643,170900223.8350589349263399899594,0.42180332,31976104.32722158,12.67088897604322
2014-09-13,5.44001952308216,174131784.4623159682064308650128,0.42968968,32009404.32722158,12.660344840216224
2014-09-14,5.38649901827115,172602035.275595473979234571417,0.42590355,32043454.32722158,12.64722733180118
2014-09-15,5.17413448113627,165960127.1653481880314704647066,0.41000932,32074954.32722158,12.619553333900484
2014-09-16,5.09859288720555,163691621.354697153287861855769,0.40441368,32105254.32722158,12.607369976222245
2014-09-17,5.07982905486595,163237026.770777549309442847201,0.40399001,32134354.32722158,12.57414522419985
2014-09-18,4.77001237994225,153411727.800889169178263353755,0.38048238,32161704.32722158,12.536749743686553
2014-09-19,4.36210180734694,140411059.6372006245276813149652,0.34876604,32188854.32722158,12.507243558882454
2014-09-20,4.32797791108794,139431237.1062062616480552457452,0.34651457,32216254.32722158,12.490031547844987
2014-09-21,4.27240777784818,137759748.4969807431934904597244,0.34264694,32244054.32722158,12.46883389020833
2014-09-22,4.27248444518876,137887831.6055640778571294454408,0.34311964,32273454.32722158,12.451879598581883
2014-09-23,4.82350352362355,155817272.823622791942365356209,0.38855755,32303754.32722158,12.41387157095146
2014-09-24,4.73178206099868,153011893.5710868113043644475144,0.3815649,32337054.32722158,12.400988825226536
2014-09-25,4.48282646723037,145099249.9242025984804198953846,0.36187296,32367804.32722158,12.387845909322348
2014-09-26,4.46392344046289,144617300.6247180440798627971662,0.36067269,32396904.32722158,12.376660513062106
2014-09-27,4.44483308298135,144127287.815914295004828457533,0.3594587,32425804.32722158,12.36535124335939
2014-09-28,4.21270095221812,136725333.9840056641847977310296,0.34123234,32455504.32722158,12.345550108814773
2014-09-29,4.23394607447404,137538274.6693859455063530377832,0.34337292,32484654.32722158,12.330460056296925
2014-09-30,4.5450838924948,147774559.518463159653898597784,0.36881942,32513054.32722158,12.323331272780592
2014-10-01,4.45595558972776,145016865.9718022727115893970608,0.36191813,32544504.32722158,12.31205408175534
2014-10-02,4.29476573913608,139892349.3138477372542959326064,0.34910828,32572754.32722158,12.302102199168923
2014-10-03,4.17318499467073,136061498.3282919795088678503534,0.33957652,32603754.32722158,12.2893802983514
2014-10-04,3.90690527840294,127495619.6182793339171099034452,0.31834681,32633404.32722158,12.272481318103802
2014-10-05,3.73651875331951,122041444.3859157551568803070258,0.30537415,32661804.32722158,12.235871154514912
2014-10-06,3.77432423073611,123383807.7323699178911944772538,0.30896049,32690304.32722158,12.216203537015721
2014-10-07,3.84997443731214,125955780.3507964398254494039812,0.31632166,32716004.32722158,12.171074333993252
2014-10-08,3.9572104029963,129568583.022792305566086020154,0.32552745,32742404.32722158,12.156303264121966
2014-10-09,3.87553795303134,127007983.9056686295442408643172,0.31951463,32771704.32722158,12.129453831367096
2014-10-10,3.7790359125109,123961086.065682047282158465222,0.31191264,32802304.32722158,12.115686983736536
2014-10-11,3.80245843993315,124845564.043639342309360437377,0.3141461,32832854.32722158,12.104108374839448
2014-10-12,3.91388521868614,128621244.1008874615336842549012,0.32357012,32862804.32722158,12.09594142588364
2014-10-13,3.92183743067864,128992779.7193676436603650530512,0.32463378,32890904.32722158,12.080805117319091
2014-10-14,4.09914936418429,134930282.6565043977700387849782,0.33956485,32916654.32722158,12.071771751947502
2014-10-15,4.01503645872606,132280010.7986099903551861403748,0.33291984,32946154.32722158,12.060069651379322
2014-10-16,3.99938478362984,131885329.6851151982226743799472,0.33187893,32976404.32722158,12.050734235011062
2014-10-17,4.01958137825892,132668109.5946751536821414514936,0.3338361,33005454.32722158,12.040583322950752
2014-10-18,4.07405783959044,134585296.1428693099119303296952,0.33952663,33034704.32722158,11.999229160877427
2014-10-19,3.98625787992533,131797462.2204983109814367646214,0.33270142,33062954.32722158,11.981487424746579
2014-10-20,3.90051587714263,129073547.9752741030862172739554,0.32580019,33091404.32722158,11.972110504731841
2014-10-21,3.93903294858116,130461379.1570186858054259334328,0.3292972,33120154.32722158,11.961938785331792
2014-10-22,3.84871367212897,127582180.7857417224985235271726,0.32485245,33149304.32722158,11.847574713162759
2014-10-23,3.71039159153973,123110438.0238156525882650833734,0.31350657,33179904.32722158,11.835131849197705
2014-10-24,3.74376996156785,124329119.115805839612171154203,0.31663185,33209604.32722158,11.82373144574006
2014-10-25,3.64179988209423,121045796.0599348471566076494834,0.30836858,33237904.32722158,11.809892830502479
2014-10-26,3.67791158792694,122357881.9957682106115222313652,0.31173309,33268304.32722158,11.798271360691738
2014-10-27,3.79566908654776,126382891.7318473274643547726608,0.32199092,33296604.32722158,11.788124604717922
2014-10-28,3.86742709327517,128894207.0139528341324885021686,0.32845867,33328154.32722158,11.774471026370442
2014-10-29,3.6909870257241,123130604.952469540393340646078,0.3139397,33359804.32722158,11.756993542785764
2014-10-30,3.8032988688171,126978473.811592167774944193018,0.32373855,33386404.32722158,11.748056784763815
2014-10-31,3.71387917074933,124095574.6821962057990055465414,0.31645309,33414004.32722158,11.735954832197498
2014-11-01,3.55187778196685,118777827.494848323471988164623,0.30292946,33440854.32722158,11.725098582247004
2014-11-02,3.55621128482572,119026051.4705025805653821230376,0.30363966,33469904.32722158,11.711945945485912
2014-11-03,3.57478226936094,119755578.9706934058740323770852,0.30550364,33500104.32722158,11.701275537538407
2014-11-04,3.61337400770303,121155904.1080514231891376473874,0.30918511,33529854.32722158,11.686765923828059
2014-11-05,3.65889367242823,122804195.9392868273928878572034,0.31332332,33563204.32722158,11.677693420420255
2014-11-06,3.70375058601375,124422146.525731674048845176725,0.31755723,33593554.32722158,11.663253851955282
2014-11-07,3.57066234931088,120051932.2939902524715380647904,0.30644788,33621754.32722158,11.651776965501867
2014-11-08,3.60213174098833,121215530.9098075458541721041614,0.30964945,33651054.32722158,11.632934406918308
2014-11-09,3.67870527866235,123899361.509712615640134453513,0.31640836,33680154.32722158,11.62644779253731
2014-11-10,3.6855081190301,124231860.725900682752257389558,0.31721649,33708204.32722158,11.61827406585988
2014-11-11,3.68893321965817,124461118.3075394158222134473086,0.31774306,33739054.32722158,11.609799501704837
2014-11-12,4.00363486381974,135190755.7712163417411401579892,0.34489992,33767004.32722158,11.608106095877725
2014-11-13,4.08736816270384,138145704.3236446441450075968672,0.35232157,33798204.32722158,11.601243042552973
2014-11-14,3.97761514626745,134560351.041162170893366091571,0.34322346,33829404.32722158,11.588995537389694
2014-11-15,3.85629675225654,130572875.0145936798594135841332,0.33310208,33859654.32722158,11.576921862080656
2014-11-16,3.88575133517672,131682883.7993435843185158976176,0.33595113,33888654.32722158,11.566418410846602
2014-11-17,3.84146074353449,130308319.3076942074047906022942,0.3323744,33921554.32722158,11.557631224108986
2014-11-18,3.72335648613601,126412995.3473623599542132870958,0.32245119,33951354.32722158,11.547039060814164
2014-11-19,3.74868627522848,127386561.1860140242104980865984,0.32507417,33981654.32722158,11.531787577058124
2014-11-20,3.60535322470392,122621864.3942285357773917345936,0.31292273,34011054.32722158,11.521544710746708
2014-11-21,3.48357877067379,118586087.6171705206849952283882,0.30276403,34041454.32722158,11.505920206815155
2014-11-22,3.5131993219439,119704904.379054231067011629362,0.30561299,34072904.32722158,11.495582442172699
2014-11-23,3.60395485322645,122901903.802096950804727066791,0.31374332,34101954.32722158,11.486953262388024
2014-11-24,3.60024145040886,122885796.9213404726987188151988,0.31365731,34132654.32722158,11.478264129756324
2014-11-25,3.59172583510483,122711508.2848418153006419382314,0.3132212,34165054.32722158,11.467058535963819
2014-11-26,3.55196338004086,121448569.6623206725595506737588,0.31035196,34191954.32722158,11.444952305250014
2014-11-27,3.56032096621498,121837937.2071888580609123752684,0.31136158,34221054.32722158,11.434683001720956
2014-11-28,3.60891354037212,123599530.1126490668604388943496,0.31582021,34248404.32722158,11.427113991128435
2014-11-29,3.57786477085187,122638844.0191802799289668473546,0.31332917,34277104.32722158,11.418869078968518
2014-11-30,3.56648701544807,122352810.6066949294741818733506,0.31260751,34306254.32722158,11.408833445645852
2014-12-01,3.56089814120495,122266301.805580203013946842821,0.3123802,34335804.32722158,11.399244066061005
2014-12-02,3.63091508511728,124776231.0660751828030308469024,0.31883001,34364954.32722158,11.388247565269278
2014-12-03,3.6178240964542,124432362.084596371170615721636,0.31791945,34394254.32722158,11.379687831160377
2014-12-04,3.56378599528382,122675507.9797475443899241288356,0.31369374,34422804.32722158,11.360717607191715
2014-12-05,3.60349961229724,124140216.8868199741302503024392,0.317374,34449904.32722158,11.354110961506741
2014-12-06,3.5651370031296,122922195.901193097518932656768,0.31426969,34478954.32722158,11.344196136539926
2014-12-07,3.72387236397068,128513644.2989219993495409832744,0.32880128,34510754.32722158,11.325601785889278
2014-12-08,3.64911541856431,126053416.7074781578227148498098,0.32248034,34543554.32722158,11.315776392955645
2014-12-09,3.50565784434334,121206207.0261148678017817772772,0.31046758,34574454.32722158,11.291542403053292
2014-12-10,3.48199780300398,120485669.9459311024224110818884,0.30869554,34602454.32722158,11.279715291655915
2014-12-11,3.4552727835669,119656456.973931057527359053702,0.30663122,34630104.32722158,11.268496350655031
2014-12-12,3.48144406275636,120664603.3414745238881952742488,0.30951298,34659354.32722158,11.248135902915477
2014-12-13,3.45952264136118,120008433.7330914115706986702644,0.30782562,34689304.32722158,11.23857930136283
2014-12-14,3.5370887779113,122802608.896119254768604685854,0.31512131,34718554.32722158,11.22453057177028
2014-12-15,3.4663970374161,120447259.498669033465015359438,0.30910622,34747104.32722158,11.214258442991214
2014-12-16,3.05936927517815,106395392.584511753474849024477,0.27357999,34776904.32722158,11.18272310477879
2014-12-17,2.95621140645852,102889916.1199783211874591188616,0.26482738,34804654.32722158,11.162786138119555
2014-12-18,2.83536435335358,98761565.1934793832333567462564,0.2544753,34832054.32722158,11.142002203567811
2014-12-19,2.8766832379077,100280758.619022521743473488166,0.25848247,34859854.32722158,11.129123139018672
2014-12-20,2.94748257394542,102827068.8220997009385671661636,0.26503137,34886404.32722158,11.12125924544487
2014-12-21,2.84688514917899,99396587.4503104870173448106042,0.2563991,34914154.32722158,11.103335187912087
2014-12-22,2.88771267707234,100903335.1718374390490008690972,0.26027912,34942304.32722158,11.094676657398951
2014-12-23,2.91554552947416,101954307.3454993284851112043728,0.26308381,34969204.32722158,11.082192893109463
2014-12-24,2.81115674773795,98393731.165586292216773424961,0.2539407,35001154.32722158,11.070130734214523
2014-12-25,2.72485489099205,95465302.896957358419346368439,0.24645818,35035004.32722158,11.056053773472033
2014-12-26,2.78920159493414,97803505.4559386983764292867412,0.25251896,35065054.32722158,11.045513552464099
2014-12-27,2.73637327379336,96035084.1646267955138758527088,0.25075053,35095754.32722158,10.912731764887434
2014-12-28,2.74691858349973,96481956.1377948396240635801734,0.25193996,35123704.32722158,10.903068268724539
2014-12-29,2.7075781866501,95166375.957396471124580629158,0.2485441,35148154.32722158,10.893753610124321
2014-12-30,2.71414991393487,95471320.6273527051321121784946,0.24939311,35175404.32722158,10.883018836947299
2014-12-31,2.75986527783426,97152237.4798146418051055353308,0.25385641,35201804.32722158,10.871757297104534
2015-01-01,2.71012865406824,95477979.7165839950724429206192,0.24959739,35230054.32722158,10.858000775041118
2015-01-02,2.67643933545104,94369656.6859484497005993214432,0.24672461,35259404.32722158,10.847881512310588
2015-01-03,2.17418091923265,76723375.358412038787760120587,0.20216775,35288404.32722158,10.754340982835542
2015-01-04,1.96452002208008,69378408.2446869151429986641264,0.18405246,35315704.32722158,10.673696086866103
2015-01-05,2.10140453333654,74266902.4783830402007052905332,0.19712677,35341554.32722158,10.66016824268231
2015-01-06,2.1456634266231,75888798.906108864295224846498,0.20156352,35368454.32722158,10.645098014874419
2015-01-07,2.15914476868984,76417648.5261914341107839747472,0.20300319,35392554.32722158,10.636013989188248
2015-01-08,2.03339459812942,72023658.8225322938490538568836,0.19150646,35420404.32722158,10.617890373668962
2015-01-09,2.0389292265915,72279438.22679924694944864457,0.19230875,35449704.32722158,10.602373665220641
2015-01-10,1.68092277904497,59635533.4902659127114659744526,0.15908616,35477854.32722158,10.566115739074787
2015-01-11,1.76820486379985,62780298.161114298730671720763,0.16803407,35505104.32722158,10.522894933151651
2015-01-12,1.73226348621632,61553738.5360527897852924521856,0.16487155,35533704.32722158,10.506745925639203
2015-01-13,1.58159444727327,56239844.7147774673155661011666,0.15108631,35558954.32722158,10.468151927684712
2015-01-14,1.15954192678177,41263579.9782435938818550945966,0.1120537,35586104.32722158,10.34809137745358
2015-01-15,1.3001642113484,46300478.397479342390477378472,0.12583861,35611254.32722158,10.331997559003554
2015-01-16,1.40457449101589,50053211.9535736518979753309062,0.13606836,35635854.32722158,10.322565003472446
2015-01-17,1.32168700791172,47135263.3980378174152255189176,0.1282006,35662954.32722158,10.309522794056504
2015-01-18,1.35049900163453,48199652.8369952079738934891574,0.13111513,35690254.32722158,10.300100389898024
2015-01-19,1.36746020430242,48842334.1374852073196406702236,0.13290062,35717554.32722158,10.289344054997034
2015-01-20,1.33748302361132,47811345.8033751615245534362856,0.13028964,35747254.32722158,10.265459507074546
2015-01-21,1.3943479957168,49881829.536824255335484528544,0.13624398,35774304.32722158,10.23419894014253
2015-01-22,1.43022174068878,51210168.2805536649786528798724,0.13990968,35805754.32722158,10.22246452631998
2015-01-23,1.44406140268247,51749462.8783727935761540717026,0.14151734,35836054.32722158,10.204130480988903
2015-01-24,1.88586842963531,67637999.4973417036256249619898,0.18477292,35865704.32722158,10.206411359604589
2015-01-25,2.2623895178887,81211309.521372991548778678146,0.22170601,35896254.32722158,10.204457325666093
2015-01-26,2.11543564405508,75997880.8408951410883408846264,0.20707126,35925404.32722158,10.215979001890847
2015-01-27,2.11512736906666,76051105.8093118095018756105228,0.20728149,35955804.32722158,10.204130475261731
2015-01-28,1.90028799992034,68381016.7705007122173335289372,0.18655083,35984554.32722158,10.186435514226016
2015-01-29,1.93580735794966,69715109.8718195569695533056628,0.19034549,36013454.32722158,10.169967031788671
2015-01-30,1.91573441815973,69048344.9899339242670275429734,0.18855458,36042754.32722158,10.160105462088111
2015-01-31,1.86621999016937,67316522.6519462682267857190046,0.18382772,36071054.32722158,10.152005313286645
2015-02-01,1.83135911247273,66112712.8606515906771444175134,0.18056603,36100354.32722158,10.142323627942256
2015-02-02,1.88128044385304,67969353.6808169727448530366032,0.18932282,36129304.32722158,9.936892149890014
2015-02-03,1.83182480953609,66235587.3461201728464584368222,0.18457684,36158254.32722158,9.92445644608549
2015-02-04,1.81292848052021,65600643.6197189907326623381318,0.18277492,36184904.32722158,9.918912728946673
2015-02-05,1.74249471081543,63100184.3803000153228880929794,0.17590999,36212554.32722158,9.9056040581631
2015-02-06,1.78773698259088,64790903.2984453347593402471904,0.18060586,36241854.32722158,9.898554690256894
2015-02-07,1.8236401239691,66143891.097685147867964773178,0.18439019,36270254.32722158,9.890114674588165
2015-02-08,1.79472908455186,65145981.4417961151364532211388,0.18160607,36298504.32722158,9.882539083367973
2015-02-09,1.7435530890869,63333614.551623197677496175302,0.17656477,36324454.32722158,9.87486398949745
2015-02-10,1.77137914878568,64393536.7576368754834252909744,0.17954426,36352204.32722158,9.865974823064128
2015-02-11,1.73382909758841,63079224.1251205461109937098878,0.17588402,36381454.32722158,9.85779775552327
2015-02-12,1.76822566848051,64385082.7486337212062886814058,0.17952798,36412254.32722158,9.84930409443982
2015-02-13,1.82936446193883,66662414.7820087303527938159514,0.1859443,36440204.32722158,9.838238988443475
2015-02-14,1.96135268343306,71533384.8134023338794457174348,0.19947371,36471454.32722158,9.832637511144
2015-02-15,1.83540531016195,66992393.533382149276883334881,0.18699916,36500054.32722158,9.815045747595605
2015-02-16,1.80403580986525,65897918.071011032804186692095,0.18393304,36528054.32722158,9.808111744715632
2015-02-17,1.8688056366274,68314852.215623506229723699292,0.19067013,36555354.32722158,9.801250130932415
2015-02-18,1.82041606453146,66598564.2861787445242063009068,0.18586817,36584254.32722158,9.794124860278444
2015-02-19,1.85437571376576,67890464.5621871571070997371008,0.18945918,36610954.32722158,9.787732184662469
2015-02-20,1.85706118446185,68041337.038709070396178006723,0.18987759,36639254.32722158,9.780307325692569
2015-02-21,1.85671984674942,68084532.2748543582033830764836,0.18998731,36669254.32722158,9.77286244407282
2015-02-22,1.80977971078757,66417746.8604096266456316997606,0.18533741,36699354.32722158,9.76478364938611
2015-02-23,1.81842737068886,66786208.2043447313144944575988,0.18635444,36727454.32722158,9.757896676295235
2015-02-24,1.82747430905847,67173120.7019566193079008657826,0.18742175,36757354.32722158,9.750598898252044
2015-02-25,1.80521405675311,66407334.1889038286054023241138,0.18533812,36786404.32722158,9.740112054406888
2015-02-26,1.79997972597799,66262391.4443799629859449330242,0.18492877,36812854.32722158,9.733367750069338
2015-02-27,1.86984501976224,68888090.3713062619546913971392,0.19229882,36841604.32722158,9.723642712743843
2015-02-28,1.83657843741337,67715848.7106971183283140445246,0.18902746,36870654.32722158,9.715934591796186
2015-03-01,1.90452479270074,70276211.2820410083236686099692,0.19617905,36899604.32722158,9.708094685445465
2015-03-02,1.95668777857529,72253248.3850263119002565427582,0.20169716,36926304.32722158,9.70111715294003
2015-03-03,1.97755563456014,73081170.2991817592612316158212,0.20395664,36955304.32722158,9.6959610364249
2015-03-04,1.92314564419647,71124280.6248886420009667438226,0.19855855,36983304.32722158,9.68553428797939
2015-03-05,1.9245712296869,71227042.338897545518290323302,0.19885486,37009304.32722158,9.678271024841434
2015-03-06,1.90447755065,70538047.762071055798223027,0.1969809,37038004.32722158,9.668336121167078
2015-03-07,1.89602237823459,70280533.3063628808961401504522,0.19626058,37067354.32722158,9.660739707559154
2015-03-08,1.89505416841581,70301780.2131247853623057610217,0.25706317,37097504.32722157,7.3719396225286165
2015-03-09,1.94193242528435,72099687.1026441681028527034295,0.26363083,37127804.32722157,7.366105190672692
2015-03-10,2.00502631073074,74506385.3776852524635805900618,0.27243345,37159804.32722157,7.359692103633896
2015-03-11,2.01850832806767,75068232.5299530203555580436419,0.27452467,37189954.32722157,7.352739293221514
2015-03-12,2.05781263876485,76587371.0222656100543770778145,0.28000468,37217854.32722157,7.3492080159690545
2015-03-13,1.99826260740836,74428596.5931516492958971903252,0.27208393,37246654.32722157,7.344287504992889
2015-03-14,2.0113525445623,74976392.966199147884370768811,0.27405436,37276604.32722157,7.339246653701477
2015-03-15,2.03293899014787,75834325.3586654136978805535559,0.27709061,37302804.32722157,7.336729996544702
2015-03-16,2.04894128768907,76489958.1005230680032191572399,0.2795272,37331454.32722157,7.330024726356039
2015-03-17,1.99931928406727,74687979.3506133165418480750139,0.27330926,37356704.32722157,7.315227021826006
2015-03-18,1.77151605189888,66217329.0180655170100729948416,0.24257722,37378904.32722157,7.302895349773073
2015-03-19,1.79854915331821,67267364.8110597313327953857897,0.24682483,37400904.32722157,7.286743206986953
2015-03-20,1.78785128019713,66914453.9557506672701347880941,0.24551607,37427304.32722157,7.2820132718690465
2015-03-21,1.76703066615528,66193771.5643097721145965853896,0.24285968,37460454.32722157,7.275932613249264
2015-03-22,1.80519083255519,67682388.7346189583070763834483,0.24829227,37493204.32722157,7.27042703566724
2015-03-23,1.7697852555931,66410402.971018992875425463167,0.24375234,37524554.32722157,7.260587757201017
2015-03-24,1.67771464352416,63007084.0117858798106059681312,0.23198522,37555304.32722157,7.231989363478242
2015-03-25,1.69581635814027,63742946.1436749415579214296239,0.23492306,37588354.32722157,7.2186032232862525
2015-03-26,1.7161400539918,64558107.205192589534281563126,0.23789754,37618204.32722157,7.213778057527623
2015-03-27,1.69863660300753,63948409.6801411292827106884221,0.23564411,37646904.32722157,7.2084831783299395
2015-03-28,1.711287274925,64475065.72573973227198013225,0.23756865,37676354.32722157,7.203337961153545
2015-03-29,1.66124080754606,62639749.8223733213735296005142,0.23082189,37706604.32722157,7.1970678671163295
2015-03-30,1.68960950646068,63759280.6080655677817088528676,0.23523314,37736104.32722157,7.1827018355520815
2015-03-31,1.65155135295934,62371752.3443822412253393809638,0.23012412,37765554.32722157,7.176785088670149
2015-04-01,1.66845312463551,63053937.4380228480501772599507,0.23262452,37791854.32722157,7.172301202966522
2015-04-02,1.69234002786004,64001430.1987496230623660290628,0.23612861,37818304.32722157,7.167026595633795
2015-04-03,1.69750354073904,64250091.9865614158773476290928,0.23718818,37849754.32722157,7.156779653771279
2015-04-04,1.68529481203714,63837289.4777988716632597287384,0.23565129,37879004.32722156,7.151646876353361
2015-04-05,1.70818354586932,64754256.2943893180129704465392,0.23917054,37908254.32722156,7.14211518638257
2015-04-06,1.67857219741092,63678490.0017542048651092034352,0.23528198,37936104.32722156,7.1342998618547835
2015-04-07,1.67206491783953,63480871.4768779303863428362668,0.2345301,37965554.32722156,7.129425680710194
2015-04-08,1.60636306881799,61034815.8868231663204700438644,0.22552127,37995654.32722156,7.122889423325748
2015-04-09,1.57936578225179,60052389.9094037004352110365924,0.22193987,38023104.32722156,7.116187741534634
2015-04-10,1.51071013875273,57484944.4529408641894047648588,0.2124823,38051604.32722156,7.109816388248481
2015-04-11,1.46335730214449,55724432.8943381253495713632044,0.20600365,38079854.32722156,7.103550360124638
2015-04-12,1.4184657697135,54058374.93139351690125222306,0.19986191,38110454.32722156,7.097229130420599
2015-04-13,1.38256310320962,52727022.4342276276521728634072,0.1950803,38137154.32722156,7.087148744438163
2015-04-14,1.3899486242367,53046422.294572343899386783252,0.19629009,38164304.32722156,7.081094232707827
2015-04-15,1.37892638118996,52668374.8817467265299733675376,0.19488216,38195204.32722156,7.075693235286185
2015-04-16,1.4115452337122,53957804.789213211044670675032,0.19969834,38226054.32722156,7.068387417302518
2015-04-17,1.41487160583116,54122877.4295814061904172718096,0.20042961,38252854.32722156,7.059194526353466
2015-04-18,1.41056306112355,53997135.893312001785923383738,0.20000155,38280554.32722156,7.052760646722738
2015-04-19,1.39660059791239,53501400.7284074278323849991284,0.19819507,38308304.32722156,7.046596052628303
2015-04-20,1.40786601101896,53976885.0216095733924412807776,0.20000244,38339504.32722156,7.039244176315849
2015-04-21,1.44049854534712,55270638.9696345445666953479072,0.20480836,38369104.32722156,7.033397197981177
2015-04-22,1.44198862348075,55369773.80194279545062364497,0.20517864,38398204.32722156,7.027966573327273
2015-04-23,1.45430572236908,55883012.5502851078388572533648,0.20708868,38425904.32722156,7.022622976635324
2015-04-24,1.42771639573239,54898557.0267470294586899983284,0.20383464,38452004.32722156,7.004287375945473
2015-04-25,1.40666771201986,54129775.3130422808892093401816,0.20098327,38480854.32722156,6.998929373673044
2015-04-26,1.34429362373575,51768618.83775771052486514277,0.19224233,38509904.32722156,6.992703551479793
2015-04-27,1.37920393032973,53151353.2739890049885062616815,0.19742988,38537704.32722155,6.985791260825009
2015-04-28,1.36743228926129,52736057.7267610650747876687995,0.19589446,38565754.32722155,6.980454114227069
2015-04-29,1.36337798568208,52621760.661815569367088024824,0.19567502,38596604.32722155,6.967562776700266
2015-04-30,1.44285923027405,55732175.4439830649682815657775,0.20723798,38626204.32722155,6.962330120540888
2015-05-01,1.40921345486602,54473504.4991885359590595580708,0.2025878,38655254.32722154,6.956062778044975
2015-05-02,1.42294476224747,55043564.9537017703169309945038,0.20468746,38682854.32722154,6.951792563391377
2015-05-03,1.43332570620017,55483184.2939027303030871756618,0.20637649,38709404.32722154,6.945198584393842
2015-05-04,1.41100937580077,54660886.6634898230215466925858,0.20334744,38738854.32722154,6.938908971761681
2015-05-05,1.40364684196263,54412656.6319405935696684110502,0.20243374,38765204.32722154,6.933858169901075
2015-05-06,1.37736443461821,53432035.6040835395293399882434,0.19879538,38792954.32722154,6.928553543941565
2015-05-07,1.44988219313389,56289435.1049853783119089119906,0.20941424,38823454.32722154,6.923512905014911
2015-05-08,1.4853588256843,57713400.795616328985208199822,0.21469202,38854854.32722154,6.918556291399651
2015-05-09,1.446051978522,56229954.35001201772001576388,0.20920707,38885154.32722154,6.912060756464874
2015-05-10,1.43749421809349,55940884.3392840589291076617746,0.20815045,38915554.32722154,6.906034640297392
2015-05-11,1.44231032373289,56166022.1749053827343348144506,0.20902962,38941704.32722154,6.900028444451508
2015-05-12,1.44422364177873,56279885.1347688917156643698442,0.20965676,38968954.32722154,6.8885145500613945
2015-05-13,1.44482195662346,56344161.5410967488239817813284,0.20987032,38997304.32722154,6.8843558089750845
2015-05-14,1.44852121393567,56531081.5540361072618793983318,0.21056576,39026754.32722154,6.87918688174027
2015-05-15,1.45792904003644,56940518.4141851373672055529176,0.21212067,39055754.32722154,6.873111611595606
2015-05-16,1.44914964539833,56640527.3635611777165154560282,0.21102246,39085354.32722154,6.867276807399221
2015-05-17,1.4508134907682,56746544.830502455294746187028,0.21141524,39113604.32722154,6.8623884009884994
2015-05-18,1.43848487423053,56306835.4293795031040403416162,0.20981534,39143154.32722154,6.855956643735057
2015-05-19,1.44520838722717,56611420.1565221208040708972418,0.21094714,39171804.32722154,6.851045182348383
2015-05-20,1.45794551453719,57154896.6506702450482116990726,0.21307582,39202354.32722154,6.842378992309826
2015-05-21,1.47579426235383,57894013.2936802354274042774982,0.21584518,39229054.32722154,6.837281529074821
2015-05-22,1.80651705840862,70918628.6308525637252185856748,0.26830824,39257104.32722154,6.732991347595662
2015-05-23,1.7779423898739,69845229.920073856111417963806,0.2642942,39284304.32722154,6.727133587774154
2015-05-24,1.83348335592373,72080747.5211640265261510531442,0.27298103,39313554.32722154,6.716522961041395
2015-05-25,1.77842883494835,69966954.920193547645604907459,0.26492787,39342004.32722154,6.712879377123857
2015-05-26,1.80584461486513,71096110.3015298834373947309002,0.26918777,39370004.32722154,6.708494278418109
2015-05-27,1.83573454971117,72325012.0269706453603756026018,0.2737819,39398404.32722154,6.705098290687476
2015-05-28,1.82151626051235,71815836.575568513989292356019,0.27181248,39426404.32722154,6.701370961746678
2015-05-29,1.81939796650468,71780806.8153455357652498068072,0.27166728,39453054.32722154,6.697155308893585
2015-05-30,1.77524321621399,70091846.8254868226581226152047,0.26529195,39482954.32722153,6.691658816688521
2015-05-31,1.62611247941144,64252914.6580290421188648963032,0.24334125,39513204.32722153,6.682436616937901
2015-06-01,1.60177205809437,63337598.0068017333523686357861,0.23993016,39542204.32722153,6.675992956010074
2015-06-02,1.65901411489589,65649767.1772300358907477675528,0.24871405,39571554.32722152,6.670367495909017
2015-06-03,1.68895964515491,66883738.1844417941263902856632,0.2533706,39600554.32722152,6.665965369126924
2015-06-04,1.67180741788357,66255072.6509412219174169584264,0.25096567,39630804.32722152,6.661498434760301
2015-06-05,1.74546350034357,69223955.4253579839407234976264,0.26214312,39659354.32722152,6.6584371939403555
2015-06-06,1.75634298794786,69708119.1687935712400804299472,0.2639914,39689354.32722152,6.653031075814819
2015-06-07,1.71495143649304,68115563.2940390449435960182208,0.25796262,39718654.32722152,6.648061786986967
2015-06-08,1.7880708845416,71068494.307280790313846855232,0.26907396,39745904.32722152,6.645276579501042
2015-06-09,1.80202058039375,71672312.9479169718377250735,0.2712868,39773304.32722152,6.642492669727204
2015-06-10,1.75300419773718,69772204.1618738588686606001136,0.2641565,39801504.32722152,6.636233436380252
2015-06-11,1.79168699215059,71360929.7946931435891041286968,0.27012826,39828904.32722152,6.6327269577444055
2015-06-12,1.80499105403774,71945597.4812499205345914201648,0.27224526,39859254.32722152,6.630018293202753
2015-06-13,1.85911121805013,74154284.2435907036234349747976,0.28049037,39886954.32722152,6.628075031774281
2015-06-14,1.98399523919402,79190384.9595205253099107993104,0.29943996,39914604.32722152,6.625686295155862
2015-06-15,1.99752829018481,79787281.1385992699265146091112,0.30146464,39943004.32722152,6.62607823652157
2015-06-16,2.81951268743983,112695652.3663572381196660811416,0.42210873,39969904.32722152,6.67958866294907
2015-06-17,2.83810786533956,113520353.5436923555946061393312,0.42488166,39998604.32722152,6.679760819376294
2015-06-18,3.05570176437149,122315324.0829308395297808024648,0.45603913,40028554.32722152,6.700525378976777
2015-06-19,2.81739672942034,112858163.4199279695093123737168,0.42060209,40057604.32722152,6.69848485398715
2015-06-20,3.02746694323741,121365259.2943685618160390210632,0.45174239,40088054.32722152,6.701755270824618
2015-06-21,2.99832488652883,120291758.0082423474486112764216,0.44749092,40119654.32722152,6.700303296721262
2015-06-22,3.01297347090971,120967884.9213575892995910889592,0.44978653,40149004.32722152,6.698674304252085
2015-06-23,2.96421700986123,119090988.2584103837475666696696,0.44254441,40176204.32722152,6.69812326826415
2015-06-24,2.79846343455897,112514893.0362774168281866930344,0.41809609,40205954.32722152,6.693349929579513
2015-06-25,2.84182753182297,114348047.6089440072078406143144,0.42456397,40237504.32722152,6.693520252844277
2015-06-26,2.86281595249523,115273443.8272236048091569533496,0.42790508,40265754.32722152,6.690306066231394
2015-06-27,3.11203062414495,125398042.654116989969059239324,0.46473128,40294604.32722152,6.696408780887204
2015-06-28,3.08772791089957,124518508.0513385333822618627464,0.46110501,40326904.32722152,6.696365998928465
2015-06-29,3.74146447618746,150982325.3693191210219044661392,0.55662873,40353804.32722152,6.721651748352011
2015-06-30,4.12412226834344,166534755.7211731611229483188288,0.61247829,40380654.32722152,6.733499514478203
2015-07-01,3.94867666011891,159568410.1281998436342731109432,0.58633897,40410604.32722152,6.734460546122168
2015-07-02,4.07490793728875,164790109.5985738260046894539,0.60388677,40440204.32722152,6.747801309322856
2015-07-03,4.14945563015586,167932221.8180884935695983461072,0.6137666,40470904.32722152,6.760640983324704
2015-07-04,4.137079161654,167555447.32029046685274759408,0.61184778,40500904.32722152,6.761615056695966
2015-07-05,4.86422134347613,197157370.1755392981127213423176,0.71341807,40532154.32722152,6.818191952267385
2015-07-06,5.396845521294,218905522.17669298435901504688,0.78303588,40561754.32722152,6.892207188888968
2015-07-07,5.26200330283031,213602627.6429658362723943402712,0.76186014,40593404.32722152,6.906783839393815
2015-07-08,6.36949458842983,258755649.6215050907681575016433,0.91138334,40624204.32722151,6.988820520276165
2015-07-09,7.70593881449669,313255307.9842313125274767918019,1.07591558,40651154.32722151,7.1622151010181385
2015-07-10,4.41981692654425,179790216.0268791851543685668175,0.6331031,40678204.32722151,6.981196153587384
2015-07-11,4.33197392959398,176341031.7013034736612958225098,0.62447709,40706854.32722151,6.936962138345188
2015-07-12,5.2764928325988,214944026.335222889202356560188,0.75764181,40736154.32722151,6.964363321763882
2015-07-13,4.70313632890354,191729251.7196766244188330031454,0.67488552,40766254.32722151,6.968791283155015
2015-07-14,4.5974869464888,187562315.604164033750554334088,0.66097191,40796704.32722151,6.9556464910722156
2015-07-15,4.17949523084959,170633161.3759199304221989226809,0.60240936,40826260.57722151,6.93796529132547
2015-07-16,3.60296963405731,147195646.9463841916768704047381,0.52200798,40853979.32722151,6.902135162871092
2015-07-17,3.77047884119338,154145486.3971331444478680056038,0.54607186,40882204.32722151,6.904730159860975
2015-07-18,4.00443491988337,163812114.5615986093081328552887,0.57996031,40907673.07722151,6.904670631484022
2015-07-19,3.71030259321156,151874156.7547068814453424126556,0.53797658,40933091.82722151,6.896773449155648
2015-07-20,3.93677125421763,161258041.1505438112602067572213,0.57094618,40962004.32722151,6.895170494384654
2015-07-21,3.78402317605604,155113772.0515465097884632534204,0.54923081,40991760.57722151,6.8896775402240085
2015-07-22,3.84158795573379,157588701.3564493578768714218229,0.55782186,41021760.57722151,6.886764810066406
2015-07-23,3.79756469614647,155896336.9262442248725565945697,0.55214449,41051660.57722151,6.877845862677123
2015-07-24,4.62582076035024,190037323.5319253549251136616624,0.67063242,41081860.57722151,6.897699279659399
2015-07-25,4.65989204409246,191576832.0216329647036363408146,0.67580963,41111860.57722151,6.895273220792163
2015-07-26,4.68805932648597,192871029.5316685914365145972147,0.67982219,41140910.57722151,6.896008096596508
2015-07-27,4.69271665909307,193201775.4849277799830570959357,0.68078193,41170560.57722151,6.893127523365771
2015-07-28,5.11638698341936,210796732.7501311123152679424336,0.74132701,41200310.57722151,6.901660015624358
2015-07-29,4.8295919820613,199114469.320087473582316498563,0.70070172,41228010.57722151,6.892507673680749
2015-07-30,4.6019684508366,189854487.213726161360263015266,0.66813215,41255060.57722151,6.8878117163447365
2015-07-31,4.63128791550371,191204159.9641034773319038968021,0.67267998,41285310.57722151,6.884830905037059
2015-08-01,4.20775148700536,173843086.8043716352195792772936,0.6120532,41314960.57722151,6.874813311988827
2015-08-02,4.20782979739474,173972346.6974536292485858888574,0.61261327,41344910.57722151,6.868655975073376
2015-08-03,4.20778939400235,174098382.6309162196290214105485,0.61295108,41375260.57722151,6.864804600723355
2015-08-04,4.39132341748858,181820596.8874064194369185553558,0.63967409,41404510.57722151,6.864938702595535
2015-08-05,4.33367384824629,179555854.2904623046781343656979,0.63149177,41432710.57722151,6.862597509776397
2015-08-06,4.05412773404694,168093097.8160081085168531176794,0.59151862,41462210.57722151,6.853761820797695
2015-08-07,4.19017931647008,173848698.5801060045884274474208,0.61158055,41489560.57722151,6.851394009292937
2015-08-08,3.88391490862829,161254362.2149119729178335825179,0.56762121,41518510.57722151,6.842441473651574
2015-08-09,3.93367605275753,163428350.2114246621023411304703,0.57518188,41545960.57722151,6.839012475075761
2015-08-10,3.95582591989324,164459746.4265845641323150315924,0.5787515,41574060.57722151,6.835102664776229
2015-08-11,4.14691157479458,172520481.2341426453322054074158,0.60668875,41602160.57722151,6.835319716732145
2015-08-12,4.05387689888393,168765370.5054312700251993893343,0.5935811,41630610.57722151,6.829524893706909
2015-08-13,3.89750289630858,162366699.0075050506294119735558,0.57119881,41659160.57722151,6.823373627666662
2015-08-14,4.02949631955782,167976245.3705701427958073927082,0.5909325,41686660.57722151,6.81887748525901
2015-08-15,3.94240761607022,164456786.9225646511417526544322,0.57847133,41714810.57722151,6.815216954780144
2015-08-16,3.97442519700439,165899107.5629139794843214724289,0.58345419,41741660.57722151,6.81188903108981
2015-08-17,4.0003813437694,167099571.385376827980402159794,0.5874884,41770910.57722151,6.809294181416008
2015-08-18,3.3879804649596,141621007.251196089030482400996,0.49880864,41801010.57722151,6.792144708960133
2015-08-19,3.49456852880548,146180634.1775816838343776618748,0.51515604,41830810.57722151,6.783514619775165
2015-08-20,3.61996925568282,151529598.3520833281140134414582,0.53410111,41859360.57722151,6.77768532569202
2015-08-21,3.57944588180853,149941415.0989044828076012174803,0.52833216,41889560.57722151,6.774991478483024
2015-08-22,3.55359694730939,148956693.8670918659897165329789,0.52513222,41917160.57722151,6.767051824223221
2015-08-23,3.42952917472349,143852323.4145014888058467302699,0.50728733,41945210.57722151,6.7605259818404875
2015-08-24,3.02611335051269,127015541.5859429370144941959619,0.44926013,41973160.57722151,6.735770989766419
2015-08-25,3.00009256831233,126000994.5115074010225712742183,0.44645455,41999035.57722151,6.719816313468706
2015-08-26,2.95480228844479,124137037.2556264183759572354329,0.44024631,42011960.57722151,6.711702565876793
2015-08-27,2.88647135788279,121304855.2872785491837544468129,0.43177532,42025310.57722151,6.685123545002039
2015-08-28,2.92586792834263,122999056.7064866297740546859713,0.43790484,42038485.57722151,6.681515391203783
2015-08-29,2.89534586146448,121755187.1746653743435779569648,0.43351267,42052035.57722151,6.6788033241669265
2015-08-30,2.85165117455653,119955378.4417808522053438269603,0.42724432,42065235.57722151,6.674520973284161
2015-08-31,2.85194017377098,120009387.4838684125455474697798,0.42754712,42079910.57722151,6.670469850834171
2015-09-01,2.82417780442012,118885277.2423664929400663407812,0.423573,42095535.57722151,6.6675113957219185
2015-09-02,2.81525058008036,118554595.3431120758239613205436,0.42281116,42111560.57722151,6.658411239855541
2015-09-03,2.63804269261599,111129093.2041587455804175979449,0.39639494,42125585.57722151,6.655086698674785
2015-09-04,2.72025348651614,114632530.7895712733835109701714,0.40898622,42140385.57722151,6.651210611731955
2015-09-05,2.9380195395432,123854154.478227769536630614232,0.44161474,42155660.57722151,6.652901892593531
2015-09-06,3.07851788539359,129822517.1222617137202949641209,0.46262962,42170460.57722151,6.654389931612225
2015-09-07,3.05908613207817,129049875.1529482972374207254367,0.45975101,42185760.57722151,6.653788823820462
2015-09-08,3.0559067109979,128963039.012834548547841444829,0.45942195,42201235.57722151,6.651634104547899
2015-09-09,2.93990636601957,124113470.1690158348241288849507,0.44225671,42216810.57722151,6.647511048548184
2015-09-10,2.94506353398087,124375365.3049626656050740925137,0.44325469,42231810.57722151,6.644179070007968
2015-09-11,2.95550979737593,124859458.7017094877776783522543,0.4449126,42246335.57722151,6.642899745648763
2015-09-12,2.86499541609452,121071871.5924294618463571371252,0.43145436,42259010.57722151,6.640320927790646
2015-09-13,2.80278632499216,118484177.9125128788329253333616,0.42230387,42273710.57722151,6.636894719890111
2015-09-14,2.84359362782222,120254182.8011074585901198399522,0.44586584,42289510.57722151,6.377688920555609
2015-09-15,2.82173054026233,119371435.6837521594638879187183,0.44265998,42304335.57722151,6.3744875700358765
2015-09-16,2.79715544403946,118373410.2535274451397776007846,0.43898105,42319210.57722151,6.371927544570454
2015-09-17,2.92785076391313,123949568.3110210670863904074263,0.45955875,42334660.57722151,6.3710042816356545
2015-09-18,2.96914305846568,125739899.6453645983803780927768,0.46613107,42348885.57722151,6.3697600300826975
2015-09-19,2.88710196437764,122306980.6523889474674275710364,0.45343732,42363235.57722151,6.367146763256363
2015-09-20,2.8519839609093,120859552.671905821859847119043,0.44811221,42377360.57722151,6.36444153331439
2015-09-21,2.79626159423753,118537053.8833999757685943652703,0.43962731,42391260.57722151,6.3605274982519395
2015-09-22,2.83608195929707,120263163.7552225858021632839757,0.44600769,42404685.57722151,6.3588185201404706
2015-09-23,2.8417404647177,120545950.135927023824452517727,0.44702794,42419760.57722151,6.3569638728122895
2015-09-24,2.92231485650407,124006343.1674508042066626065457,0.4597448,42434285.57722151,6.356384795443189
2015-09-25,2.90363651963779,123254247.0162084811571197968629,0.45691607,42448235.57722151,6.35485751166027
2015-09-26,2.87661764536397,122148191.4465662084165852629947,0.45284749,42462435.57722151,6.352287931117758
2015-09-27,2.84930248804865,121028213.5736154431609487064615,0.44870691,42476435.57722151,6.350030330597427
2015-09-28,3.05858199423149,129966598.3475312809472619473499,0.48148563,42492435.57722151,6.352384793356117
2015-09-29,3.00112968235805,127568976.1233650029357839816555,0.4726245,42506985.57722151,6.349924056747057
2015-09-30,3.01446886900104,128181126.4089237352511725003704,0.47539167,42521960.57722151,6.341021644323384
2015-10-01,2.99924387056037,127572719.7957585913583013175587,0.47334343,42534960.57722151,6.336295553020288
2015-10-02,2.98805911796629,127141947.0748288152046700428979,0.47182013,42550010.57722151,6.333047125323564
2015-10-03,3.04722226750334,129703143.5335073910998018448434,0.48136477,42564385.57722151,6.330380737051737
2015-10-04,3.02007485098262,128593837.5745140658719129001562,0.47720858,42579685.57722151,6.328626469755887
2015-10-05,3.01241196717089,128313568.9839943571468515538439,0.47621341,42594960.57722151,6.325760476108578
2015-10-06,3.14008404732695,133797365.9258410214457235426945,0.49657633,42609485.57722151,6.3234670233415065
2015-10-07,3.06261866791244,130542392.1080297565180071645844,0.48447342,42624435.57722151,6.321541165070396
2015-10-08,3.06321942601056,130609965.1890169112487487191456,0.48459005,42638135.57722151,6.32125943570356
2015-10-09,3.09738565567122,132109183.7049333149075816719422,0.49012548,42651835.57722151,6.319576888088372
2015-10-10,3.11157939083657,132759690.4645995803345150986207,0.49251238,42666335.57722151,6.317768887020809
2015-10-11,3.16296305971147,134996324.8068408563433248777197,0.50092829,42680335.57722151,6.314203295867897
2015-10-12,3.14538084149139,134290967.4135702678281307877989,0.49821326,42694660.57722151,6.313322213646802
2015-10-13,3.18337096321914,135959101.6449905596019064517014,0.50431199,42709160.57722151,6.312304736635629
2015-10-14,3.15001821320055,134580151.4519354195366234038305,0.49953892,42723610.57722151,6.305851430356116
2015-10-15,3.0918705242318,132138694.639229755949571186018,0.49049014,42737460.57722151,6.303634409922695
2015-10-16,3.11487920156586,133166258.3643903905230400736486,0.49422177,42751660.57722151,6.302594079507787
2015-10-17,3.06717940728183,131170950.2945655614646729081633,0.4868453,42765985.57722151,6.300110953688636
2015-10-18,3.01424792088902,128948653.6636239541941206668202,0.47886451,42779710.57722151,6.294573638144577
2015-10-19,3.0448400894802,130301756.326188374815296159102,0.48338165,42794285.57722151,6.299039463910555
2015-10-20,3.08416145473428,132030054.5456514085623177503628,0.48961556,42809060.57722151,6.299149182951375
2015-10-21,3.05779974097823,130950612.0303919911203627977273,0.48565221,42825110.57722151,6.2962747373850725
2015-10-22,3.12823077650504,134011406.2034610428171117114104,0.49689541,42839360.57722151,6.295551767131517
2015-10-23,3.12532226078905,133932436.9549667517472692324655,0.49654405,42853960.57722151,6.294149050399556
2015-10-24,3.11266992889522,133435212.5032511744886915201822,0.49486459,42868410.57722151,6.289942727353396
2015-10-25,3.08927898651105,132477120.0626935270081779126855,0.49124636,42882860.57722151,6.288655220796037
2015-10-26,3.1180850831545,133755203.606594857389416053295,0.49596886,42896585.57722151,6.2868565642498195
2015-10-27,3.1069088006047,133324868.404811708526833847097,0.49438125,42912385.57722151,6.284438984295419
2015-10-28,3.09770389221641,132973928.6647171858681334269791,0.49301791,42926610.57722151,6.283146776993172
2015-10-29,3.85733726343912,165636224.4274813784887966394712,0.61215397,42940560.57722151,6.301253365128254
2015-10-30,3.98160659208804,171029853.7373118461904125017404,0.63085984,42954985.57722151,6.311396509386364
2015-10-31,3.65331305272237,156978242.5432394218970660221787,0.57992927,42968735.57722151,6.29958383152892
2015-11-01,3.87110969703018,166393013.6081996652367030151718,0.61432825,42983285.57722151,6.301370150290467
2015-11-02,4.17050384750786,179325036.7490249708218966860686,0.66135562,42998410.57722151,6.3059929051602515
2015-11-03,4.52536022693452,194649480.4408777149532863055252,0.71581288,43013035.57722151,6.321987705689955
2015-11-04,3.9822853241414,171347624.791741870895738361514,0.63102404,43027460.57722151,6.310829812666725
2015-11-05,3.81392123784701,164159315.0002554896974702611851,0.6051878,43042135.57722151,6.302045807676574
2015-11-06,3.50366242883619,150857317.8489741597997431344469,0.55722085,43057035.57722151,6.287744668628587
2015-11-07,3.58078314945367,154228396.5027492533256530724417,0.56960081,43071135.57722151,6.286478331120475
2015-11-08,3.40430063132583,146677392.5792834429631488946033,0.54183893,43085910.57722151,6.2828645983887315
2015-11-09,3.40255821393717,146651741.0975448797806663125267,0.54210162,43100435.57722151,6.276605876841265
2015-11-10,3.10142797799881,133712517.5055490158968198864031,0.49514932,43113210.57722151,6.263621604082603
2015-11-11,2.96097674423364,127698815.6116571604078254735964,0.47292244,43127260.57722151,6.261019765172572
2015-11-12,3.28607374784258,141765445.9834873296163532698958,0.52468092,43141285.57722151,6.262994560279759
2015-11-13,3.23649386472951,139672626.1247935100427535037601,0.52054624,43155535.57722151,6.217495423133801
2015-11-14,3.19177198625039,137785878.0174213626722993538889,0.5136104,43169085.57722151,6.214383482597684
2015-11-15,3.07598874903123,132831146.7822984978878676177573,0.49525764,43183235.57722151,6.210886012846223
2015-11-16,3.1991952984188,138197032.802396056716200348388,0.51491838,43197435.57722151,6.2130143779656875
2015-11-17,3.22145951630948,139202521.2333398297828276729148,0.51869492,43211010.57722151,6.210701882928562
2015-11-18,3.18380373861117,137622576.9153495651217348502667,0.51277309,43225835.57722151,6.208991463672888
2015-11-19,3.13271940264656,135457801.9720984447355453595056,0.50474597,43239685.57722151,6.206526825061248
2015-11-20,3.12434732330249,135138521.3432794685875214645599,0.50419063,43253360.57722151,6.19675800659463
2015-11-21,3.1437199039314,136017083.138291322813337644414,0.50796566,43266285.57722151,6.18884336380416
2015-11-22,3.13249002180128,135568641.1068115395848677615328,0.50624477,43278235.57722151,6.187698535238755
2015-11-23,3.11897978834499,135030726.7374121362306255287349,0.50299433,43293235.57722151,6.200824944378576
2015-11-24,3.09511046039126,134042302.7786785277414382880026,0.4995732,43307760.57722151,6.195509407612858
2015-11-25,3.34151557884542,144754323.1437551086928773889842,0.53912896,43319960.57722151,6.197989399132667
2015-11-26,3.63938440782227,157697931.3160912362760765010277,0.58653164,43330935.57722151,6.204924269426062
2015-11-27,3.58747231813686,155500908.9980985884782587158586,0.57816532,43345535.57722151,6.204924775039879
2015-11-28,3.5126410978863,152310087.110936782937987894313,0.56618503,43360560.57722151,6.204051523379734
2015-11-29,3.6884179149704,159993280.594467342974265893304,0.59443121,43377210.57722151,6.204953328359728
2015-11-30,3.60940062471686,156629075.9368618864476092516586,0.58181271,43394760.57722151,6.203715667739296
2015-12-01,3.43821965980781,149254355.1759489066575503979931,0.55438743,43410360.57722151,6.20183552828355
2015-12-02,3.35367202205227,145645651.6166332672854645883277,0.54268562,43428710.57722151,6.179769462202205
2015-12-03,3.3836594205859,147000412.389533162715318282709,0.54787487,43444210.57722151,6.175971204128964
2015-12-04,3.37133335540988,146511356.3354083640148576025188,0.5462591,43457985.57722151,6.171674495509328
2015-12-05,3.53960823313433,153877249.1778574118550299954383,0.57341685,43472960.57722151,6.1728361019288664
2015-12-06,3.4824163087975,151437350.103141692500219234225,0.56511152,43486285.57722151,6.162352359756354
2015-12-07,3.64003726616784,158340203.5648750417760725182384,0.59046182,43499610.57722151,6.1647292727035925
2015-12-08,3.69200430638759,160652899.1381126992081973450609,0.59874417,43513735.57722151,6.166246773455163
2015-12-09,3.66516387786643,159541140.4650919314353163029093,0.59489695,43529060.57722151,6.161006335410578
2015-12-10,3.64823420316739,158860755.2597138594843276385589,0.59224255,43544560.57722151,6.160033930637692
2015-12-11,3.86762743855617,168472635.1533413702072746672167,0.62779562,43559685.57722151,6.160647375265489
2015-12-12,3.60991432334664,157302054.8226932681591757942264,0.5863613,43575010.57722151,6.156467562485177
2015-12-13,3.58088169628764,156088432.9658969505639129551364,0.58176726,43589385.57722151,6.1551791283126525
2015-12-14,3.58603549972564,156363916.1443537533436385065164,0.58282018,43603560.57722151,6.152902083324636
2015-12-15,3.79850112350388,165680783.0819059247964061044588,0.61697397,43617410.57722151,6.156663503168343
2015-12-16,3.67259904529297,160240034.1258563844665165357847,0.59664573,43631235.57722151,6.1554099202100545
2015-12-17,3.72910260525794,162758960.1115902353953220662894,0.60586251,43645610.57722151,6.155031122915891
2015-12-18,3.74230898109219,163392056.4294518864169953610069,0.60800594,43660760.57722151,6.155053322492523
2015-12-19,3.70804797831598,161953669.7337681578307972327298,0.60253035,43676260.57722151,6.154126473987543
2015-12-20,3.51385443511978,153520513.1299216583468364424678,0.57129247,43690060.57722151,6.150710222243571
2015-12-21,3.43397662595305,150079409.2767400183303247101055,0.55815495,43704260.57722151,6.152371534021242
2015-12-22,3.38461079916277,147968027.6412262313964908351827,0.55026266,43717885.57722151,6.150900370311824
2015-12-23,3.56556351448621,155927745.9647723797754870103771,0.57970224,43731585.57722151,6.150680933173916
2015-12-24,3.63293868828068,158931660.3980874584255934134268,0.59069548,43747410.57722151,6.150273383301799
2015-12-25,3.61394181562587,158156973.9026980569364062764637,0.58771406,43763010.57722151,6.149149835935302
2015-12-26,3.44971814312154,151022832.2734506614444114323254,0.56134688,43778310.57722151,6.145430331992832
2015-12-27,3.48925301897372,152801056.1881973349892693087172,0.5678494,43791910.57722151,6.144680295468693
2015-12-28,3.45469392931355,151337136.1147064064504505944605,0.56263586,43806235.57722151,6.14019506206652
2015-12-29,3.49350894321525,153085686.1810337749349608600275,0.56902544,43820035.57722151,6.139460026980954
2015-12-30,3.45831934498963,151592266.1216360799156751629413,0.56351139,43834085.57722151,6.137088630967389
2015-12-31,3.47202529643109,152241749.1248207261040513807459,0.56583708,43848110.57722151,6.136086550621761
2016-01-01,3.52111320708616,154443368.8162980345188159753016,0.5739106,43862085.57722151,6.135299133847954
2016-01-02,3.50463782974134,153767686.5522010571363191842234,0.57135763,43875485.57722151,6.133877707630053
2016-01-03,3.47833222213821,152666048.9315523594790292548971,0.56722783,43890588.70222151,6.13216072656063
2016-01-04,3.49811075886427,153587749.0995072366654235644477,0.57056803,43905913.70222151,6.130926681721495
2016-01-05,3.47838365977565,152773875.5038152434866832042315,0.56763039,43920938.70222151,6.127902453876103
2016-01-06,3.46034818600027,152033429.5166896339852554598077,0.56479697,43935876.20222151,6.126711667734814
2016-01-07,3.6215707409722,159165978.651299506844667152022,0.59169887,43949432.45222151,6.120631497863432
2016-01-08,3.57683315697987,157251058.8933375965253751010037,0.58449001,43963766.82722151,6.119579626313665
2016-01-09,3.56682760929651,156862004.6214401863961090399301,0.58295525,43978016.82722151,6.118527295699814
2016-01-10,3.55008203440853,156178918.5238084496936823934803,0.57961108,43993044.95222151,6.124938181665764
2016-01-11,3.56779782474371,157010926.2516713268520046492021,0.58248072,44007798.07722151,6.125177541917113
2016-01-12,3.50758612127601,154419280.0035393969317066189751,0.57279958,44024373.07722151,6.123583612397218
2016-01-13,3.47092904072516,152853460.6074350412893283501916,0.56702509,44038198.07722151,6.121297102964456
2016-01-14,3.45390875005538,152151937.8006779981917915272238,0.56442044,44052101.20222151,6.119389918011083
2016-01-15,3.03583933651544,133777309.3396386569137404151144,0.49707593,44066004.32722151,6.107395577402912
2016-01-16,3.08765152502173,136105477.6324478560459895234123,0.50585,44080582.45222151,6.103887565526797
2016-01-17,3.01886315166189,133115293.1721394721095351552539,0.49461294,44094510.57722151,6.103485993839729
2016-01-18,3.0317041624824,133727858.436970615855376276424,0.49705591,44109798.07722151,6.099322232145676
2016-01-19,2.9833308659349,131636261.642412164909800539699,0.48936229,44123923.07722151,6.096364445930029
2016-01-20,3.39319910138889,149769185.0726876518266131830239,0.55625137,44138048.07722151,6.100118191868704
2016-01-21,3.21973946775731,142157608.8156281833811957917381,0.5280442,44151898.07722151,6.097480983139876
2016-01-22,3.05351989532138,134862975.2334798241209988988838,0.50141026,44166398.07722151,6.089863209662642
2016-01-23,3.0850812440076,136299731.825670014209745323476,0.50676963,44180273.07722151,6.087739006790127
2016-01-24,3.18524481565094,140771410.7164507287413572197194,0.52317996,44194848.07722151,6.088239342445265
2016-01-25,3.10513927582217,137276804.1009290077184544588767,0.51019194,44209548.07722151,6.086217817988599
2016-01-26,3.12219883912115,138079549.8767200014998822759365,0.51325214,44225098.07722151,6.083167698280128
2016-01-27,3.2925672171074,145663990.495758230916731260174,0.54131525,44240248.07722151,6.0825317910541035
2016-01-28,3.08231313757529,136404217.3166808469923216324879,0.50711938,44253848.07722151,6.07808192535511
2016-01-29,3.08940242395055,136757798.8101764814865216363305,0.50850831,44266748.07722151,6.075421705400547
2016-01-30,3.06044995443519,135514116.7153616011790365689369,0.50391698,44279148.07722151,6.073321749219861
2016-01-31,3.01264401187473,133432859.5050959686334645814423,0.49640389,44290948.07722151,6.068937154933918
2016-02-01,3.04231044169548,134796023.1793177671005319257748,0.50156651,44307123.07722151,6.06561718344289
2016-02-02,3.04358625539438,134900943.8353593052675396691138,0.50224812,44323023.07722151,6.059925630770664
2016-02-03,3.02726617871038,134225722.2321138436126853962738,0.49968745,44338923.07722151,6.058319412885754
2016-02-04,3.16129547054834,140212615.7972125378812233427934,0.52189392,44352898.07722151,6.057352556527847
2016-02-05,3.10660655567216,137832438.0506321884645832601616,0.51304475,44367523.07722151,6.055235056341886
2016-02-06,3.06135166055853,135870740.3236038903302771299803,0.50580475,44382598.07722151,6.052437547410399
2016-02-07,3.06142928624921,135919647.7783346082584662325071,0.50594515,44397448.07722151,6.050911420436011
2016-02-08,3.02397866995118,134301312.8727644092565617458818,0.49993866,44412123.07722151,6.048699394344059
2016-02-09,3.03615975235215,134884503.2241277606773090747465,0.50210293,44426023.07722151,6.046887143941084
2016-02-10,3.05378683898534,135707151.1212429025803948226634,0.50587416,44438973.07722151,6.03665314509312
2016-02-11,3.0343716137361,134888897.334946605131950883511,0.50302281,44453651.20222151,6.032274388781891
2016-02-12,3.06769089848976,136412932.1779996982156159867376,0.50868979,44467626.20222151,6.030572971574208
2016-02-13,3.09936836904349,137864247.8968984167637018034699,0.51404419,44481401.20222151,6.029381188110481
2016-02-14,3.17923383075246,141463033.3936132191873068974146,0.52734439,44495951.20222151,6.0287620216315565
2016-02-15,3.13099025702717,139362023.8743081105627424284267,0.51948601,44510526.20222151,6.0270925429294415
2016-02-16,3.17944174315816,141567826.8782534855766352840216,0.52760031,44526001.20222151,6.026231757062766
2016-02-17,3.21345975789393,143129429.5557408210174749444343,0.53337475,44540601.20222151,6.024769185069091
2016-02-18,3.22202122479963,143555065.2307346170211606260413,0.53487961,44554351.20222151,6.0238251086064585
2016-02-19,3.21601754625152,143330509.0624393385449972141952,0.53402603,44567701.20222151,6.02221121365848
2016-02-20,3.46217158640306,154348806.7415251718745822618206,0.57459806,44581501.20222151,6.025379874068945
2016-02-21,3.4457633482048,153670109.173874345341430445248,0.57219166,44596826.20222151,6.022043991701661
2016-02-22,3.46613965277394,154628220.1774398426142618354494,0.57574864,44611076.20222151,6.020230725640863
2016-02-23,3.38830267573896,151204027.4691441708519328570296,0.56328981,44625301.20222151,6.015203214379042
2016-02-24,3.35026637147126,149556732.4168322102273991188026,0.55715142,44640251.20222151,6.01320619710753
2016-02-25,3.35905796992693,149997478.0386800813343383742643,0.55878276,44654626.20222151,6.01138440621706
2016-02-26,3.40839734252583,152249960.6207355895186405566033,0.56703296,44669076.20222151,6.010933372419532
2016-02-27,3.41013105866148,152381710.4560211444419030644348,0.56740186,44685001.20222151,6.010080859906732
2016-02-28,3.42225741343847,152972771.5841276851489416954897,0.56964532,44699376.20222151,6.007698638581759
2016-02-29,3.42553565714836,153166921.9786329867747436532236,0.57015849,44713276.20222151,6.008041127561497
2016-03-01,3.40799646157701,152425542.6381907648202699434851,0.56829378,44725851.20222151,5.99689206800224
2016-03-02,3.35085967445364,149917382.0920395698787635057964,0.56115047,44739976.20222151,5.9714102608764446
2016-03-03,3.27994981281922,146791697.8535907933767400254222,0.54957218,44754251.20222151,5.968187495988643
2016-03-04,3.20440057776536,143457572.9883333706839435248936,0.5372088,44768926.20222151,5.96490708596985
2016-03-05,3.14671210011869,140920549.1153028172532126710219,0.52774102,44783426.20222151,5.962606621176974
2016-03-06,3.17164055796192,142083553.9836623381702219848992,0.53222443,44798126.20222151,5.959216411696697
2016-03-07,3.24798490983591,145554225.2587108427271415724241,0.54512523,44813701.20222151,5.9582362567146445
2016-03-08,3.22590439653628,144609071.9187619196054853113828,0.54156717,44827451.20222151,5.95660995576279
2016-03-09,3.26148426499066,146250013.6638184678213114010966,0.54758486,44841551.20222151,5.956125713539013
2016-03-10,3.26934755036061,146649530.7147004348083335987211,0.54928451,44855901.20222151,5.952011190631627
2016-03-11,3.35980301454669,150749073.6121895227141236173019,0.56438121,44868426.20222151,5.953073835584799
2016-03-12,3.26338116763932,146467485.4119409502199064257732,0.54873562,44882126.20222151,5.9470919122023105
2016-03-13,3.26138254287988,146426948.2250907937246890822188,0.54877145,44897201.20222151,5.943061620424823
2016-03-14,3.27875265080114,147252638.0236308515021492405214,0.55228776,44911176.20222151,5.936674480711178
2016-03-15,3.2977567094451,148154692.117493668931719384101,0.55560659,44925901.20222151,5.935416837739631
2016-03-16,3.29706039226237,148172453.2138718344836087775787,0.55562461,44940776.20222151,5.93397112532933
2016-03-17,3.29049125709356,147927575.6966417331218179144756,0.55478084,44956076.20222151,5.931155187503519
2016-03-18,3.16485580233303,142329424.2190083968185768494753,0.53494155,44971851.20222151,5.916264687858009
2016-03-19,3.16866776193834,142550523.9663356606543316416934,0.53597438,44987526.20222151,5.911976169342907
2016-03-20,3.18990962817508,143551838.4356686938461832219708,0.53977482,45001851.20222151,5.90970439891042
2016-03-21,3.19303683304027,143743417.5552570037025412902077,0.54086892,45017776.20222151,5.903531733789158
2016-03-22,3.22260085177707,145122018.4269948502059652787757,0.54594281,45032576.20222151,5.902817644538756
2016-03-23,3.23460559678016,145711789.0262057969594950932416,0.54825721,45047776.20222151,5.899795821709595
2016-03-24,3.18858792317047,143682797.6774293594520164308097,0.54060011,45061576.20222151,5.89823765143235
2016-03-25,3.22365970783674,145304772.7849474828931443962774,0.54670412,45074476.20222151,5.896534505422677
2016-03-26,3.22728521145782,145514340.6401607680899896617082,0.54745589,45088776.20222151,5.895059803736553
2016-03-27,3.29432229413328,148583575.3186263907235760228528,0.55884605,45102926.20222151,5.894865489580324
2016-03-28,3.25272541472074,146754598.8547533425954442711174,0.55194172,45117426.20222151,5.893240711575019
2016-03-29,3.22240567371241,145432972.2588991605211008559391,0.54692086,45131801.20222151,5.891904861175728
2016-03-30,3.20887743024954,144867823.8799556899625216556054,0.54484201,45145951.20222151,5.889555818666662
2016-03-31,3.26104681020341,147267247.3458815142384269773491,0.55375252,45159501.20222151,5.888996785429366
2016-04-01,3.25357511659609,146976680.8711180996235773798959,0.55257845,45173901.20222151,5.8879876994770415
2016-04-02,3.26457590092862,147520231.0366885121925159386162,0.55451722,45188176.20222151,5.887239896587197
2016-04-03,3.25690648047294,147223250.3149335228789634409394,0.55365333,45203401.20222151,5.882573632263603
2016-04-04,3.23760998099634,146397442.6105216131794911792734,0.55052466,45217751.20222151,5.88095359978305
2016-04-05,3.25291900580834,147136930.9341786312441012853934,0.55496816,45232276.20222151,5.861451593562303
2016-04-06,3.25584570862205,147318801.2189812359703709702955,0.55573192,45247476.20222151,5.8586624079863
2016-04-07,3.24224636456172,146749343.0083041801904015065972,0.55352699,45261626.20222151,5.857431386609927
2016-04-08,3.2153052795316,145569172.412598908639452244716,0.54910486,45273826.20222151,5.855539649624663
2016-04-09,3.23273714071059,146400162.5935414384206679827909,0.55220243,45286751.20222151,5.854260983079321
2016-04-10,3.24427879909185,146968672.2431517670739405356935,0.55431651,45300876.20222151,5.852755132788394
2016-04-11,3.24975697794537,147262985.0942955286112694189087,0.55535322,45315076.20222151,5.851693770579686
2016-04-12,3.28612991638638,148962244.7384005073622075070338,0.56162225,45330601.20222151,5.851139117772453
2016-04-13,3.2526383028514,147487716.430843184822847413614,0.55597267,45344026.20222151,5.850356462398413
2016-04-14,3.25675755375181,147720501.5520516447269071834331,0.55681785,45358151.20222151,5.848874194230321
2016-04-15,3.29312874948592,149415676.9243079057753744661392,0.56344954,45371951.20222151,5.844585035043102
2016-04-16,3.29002817109578,149317685.7484117789138069862278,0.56300091,45384926.20222151,5.843735085784817
2016-04-17,3.27157722138663,148525929.2597394492182886124113,0.55994375,45398876.20222151,5.842689058296713
2016-04-18,3.26362245454072,148214643.61747752191962620948,0.5587346,45414151.2022215,5.841096031176019
2016-04-19,3.31410238236476,150557189.63832941051013531434,0.56740064,45429251.2022215,5.840850624286853
2016-04-20,3.29671385733838,149816610.2568834875284946377862,0.56443305,45444226.20222149,5.840752693943737
2016-04-21,3.37066107569017,153222756.8322628982729889557533,0.57714554,45457776.20222149,5.840227190684295
2016-04-22,3.36252216794959,152895147.9649772493066363346891,0.57597206,45470376.20222149,5.83799528044744
2016-04-23,3.3588785543526,152775572.092145074002828757374,0.57541051,45484101.20222149,5.837360451328219
2016-04-24,3.70729558157387,168677133.9343454569191545364663,0.63448217,45498701.20222149,5.843025630765747
2016-04-25,3.85853011366558,175621388.6153080627189029493142,0.65850312,45515101.20222149,5.859547201030089
2016-04-26,4.08844940725923,186144857.7805604875083083068527,0.69472878,45529451.20222149,5.884957590585537
2016-04-27,3.90623349710198,177909409.3216675342738530775502,0.66282983,45545001.20222149,5.893267502915462
2016-04-28,3.81420631471924,173771144.0123410500661736444676,0.64651211,45558926.20222149,5.899667238590844
2016-04-29,3.84212629135239,175095977.4038445747010944208611,0.65141352,45572676.20222149,5.898137163859279
2016-04-30,3.66755484891188,167194386.0173698428734682740636,0.62195173,45587426.20222147,5.8968480542885215
2016-05-01,3.72755624230189,169980203.4976505734706043795783,0.63225206,45600976.20222147,5.895680659865133
2016-05-02,3.67960596430809,167841550.8796505086912394926923,0.62428441,45614001.20222147,5.89411797790704
2016-05-03,3.76670244565333,171864090.3567241698419415029951,0.6389573,45627201.20222147,5.8950769412186546
2016-05-04,3.75773461573446,171503763.9266731348901676308562,0.63759866,45640201.20222147,5.893573577671039
2016-05-05,3.72512338384583,170070791.9521584675457579959701,0.63218036,45655076.20222147,5.89250096894157
2016-05-06,3.84238303392333,175480196.8850361391976156598951,0.65225738,45669626.20222147,5.890900052251353
2016-05-07,4.02329019169594,183804922.4848079989837747798318,0.68250007,45685226.20222147,5.894930079195363
2016-05-08,3.96719572790812,181298667.5771986143174200513364,0.67308673,45699451.20222147,5.894033489425828
2016-05-09,4.1123272101011,187986304.658378385311243290617,0.69753549,45712876.20222147,5.895509646543002
2016-05-10,3.82474829620881,174897712.2124013618471509851507,0.64924301,45727901.20222147,5.8910889101583255
2016-05-11,3.88726357013785,177814421.8910426219948241296395,0.65985269,45742826.20222147,5.891108165578366
2016-05-12,3.87825552897276,177453173.7770349966802591171572,0.65835563,45755926.20222147,5.890821544235537
2016-05-13,3.95974127197866,181238550.7013308346158544338302,0.67200411,45770301.20222147,5.892436092360596
2016-05-14,4.03314243599803,184653599.7955860335464325437041,0.68434762,45784051.20222147,5.893411941723462
2016-05-15,4.10133578383654,187839235.6959301446510673585138,0.69561517,45799526.20222147,5.8959838150691
2016-05-16,4.0218897808392,184263689.522306360338480857624,0.682567,45815201.20222147,5.892300361487151
2016-05-17,3.97656074427082,182247771.9710105195315592985054,0.67578473,45830501.20222147,5.884360163436692
2016-05-18,4.00716187137876,183711446.3613056062759237739772,0.68126087,45845776.20222147,5.881978619113644
2016-05-19,3.81386203821912,174901620.0337146486489866285064,0.64902972,45859451.20222147,5.876251765819168
2016-05-20,3.87252883999354,177645875.5177549727934284493038,0.65908192,45873351.20222147,5.875641134251627
2016-05-21,3.97578135381562,182438771.0475178117233047853614,0.67635552,45887526.20222147,5.87824189535057
2016-05-22,3.94116287093199,180904109.9093740795892772878253,0.67051027,45901201.20222147,5.877856085533172
2016-05-23,3.98145632819618,182810662.3602921873193139679846,0.6771895,45915526.20222147,5.879382843644475
2016-05-24,3.95170546806803,181505097.0562009308525350866041,0.67220671,45930826.20222147,5.878705774995954
2016-05-25,4.03098536353335,185206247.5141632117230484310245,0.68540242,45945651.20222147,5.881195113862233
2016-05-26,4.09849413782618,188365565.9535475321097727240846,0.69651276,45959701.20222147,5.884305892437893
2016-05-27,4.44577970214468,204390170.2267187735115393422796,0.75216235,45973976.20222147,5.910665034144132
2016-05-28,4.54987967743778,209245104.4376007142193737051366,0.76908139,45989151.20222147,5.9159924249861
2016-05-29,4.50898107406016,207426999.9443639500507844236352,0.76105028,46003076.20222147,5.924682235265928
2016-05-30,4.57612782033687,210568925.5095830702187877465989,0.77060321,46014651.20222147,5.9383710850839435
2016-05-31,4.6292846220459,213066880.919132201026916305473,0.77647596,46025876.20222147,5.961916222165978
2016-06-01,4.72533015668994,217539321.3049046315001100010118,0.79216988,46036851.20222147,5.96504648307247
2016-06-02,4.71965872032083,217336867.9922770335406771142201,0.79118279,46049276.20222147,5.965320252126351
2016-06-03,4.90322858592895,225860856.5084220524365235845565,0.82102008,46063701.20222147,5.972117741540438
2016-06-04,4.84388417222902,223200981.3042496454504056010594,0.8085805,46078926.20222147,5.990602261900973
2016-06-05,4.82740964882535,222509316.0059574993179960502645,0.80421382,46092901.20222147,6.002644481818717
2016-06-06,4.9656849531743,228963518.328509838807088112221,0.82616223,46109151.20222147,6.010544627747386
2016-06-07,4.79392713047355,221116299.2111067604582930771185,0.79761417,46124251.20222147,6.010333455426889
2016-06-08,4.7765943296392,220389082.740620920072503593624,0.79480983,46139376.20222147,6.009732327592375
2016-06-09,4.74392323151945,218951868.7173605721682135125915,0.78957833,46154176.20222147,6.008173035244585
2016-06-10,4.86824558604988,224756924.6571809221278982269236,0.81017013,46167951.20222147,6.008917640607017
2016-06-11,5.04641416020519,233058425.0673097345509490234293,0.83879852,46182976.20222147,6.0162411352432885
2016-06-12,5.27321970553935,243613264.9400259451964844998445,0.87469546,46198201.20222147,6.02863504692176
2016-06-13,5.29318101338303,244610604.6264377944574359996541,0.87632759,46212401.20222147,6.040185284344442
2016-06-14,5.17110280635965,239042765.7604161320553237716855,0.85610155,46226651.20222147,6.0402913723957745
2016-06-15,5.24915493373853,242727229.4326368741328881322391,0.86760764,46241201.20222147,6.050148352472473
2016-06-16,5.70298480109716,263795846.0696007296326853080252,0.93711093,46255751.20222147,6.085709405926106
2016-06-17,5.61473608011102,259795529.5977171925991082275994,0.9210763,46270301.20222147,6.095842526955716
2016-06-18,5.57856738991968,258211947.8076365123473008715296,0.91394254,46286426.20222147,6.103849143426107
2016-06-19,5.58320198746064,258514681.3560950325958521879408,0.91447234,46302226.20222147,6.10538093198165
2016-06-20,5.17726598476468,239790645.8695300990157911936796,0.84898286,46316076.20222147,6.098198478076083
2016-06-21,4.88287332397308,226227555.3404602195617024780276,0.8018833,46330826.20222147,6.089256783341267
2016-06-22,3.94361688262005,182768013.6607698235040439624735,0.65126369,46345276.20222147,6.055330495425056
2016-06-23,3.9040915037749,180986073.830154629627770827103,0.64562862,46358051.20222147,6.0469616476650305
2016-06-24,4.31720454269912,200198061.8249609891224138141064,0.71201704,46372151.20222147,6.063344414761646
2016-06-25,4.28051610418624,198553256.1960563962994546065728,0.70609566,46385354.32722147,6.062232565182797
2016-06-26,4.08807039324477,189680454.0327132684843617092119,0.6750137,46398529.32722147,6.056277662578952
2016-06-27,4.17194694615498,193638953.8839223701872634034206,0.68913202,46414529.32722147,6.053915396581021
2016-06-28,4.09836943715598,190286286.1093450828581723948906,0.67752769,46429754.32722147,6.04900655374835
2016-06-29,4.0506166903977,188128783.139674227136770278619,0.67045841,46444479.32722147,6.041562951529984
2016-06-30,4.20129638523495,195186576.4878356298395666343765,0.69519573,46458654.32722147,6.043328812210843
2016-07-01,4.2900667711269,199372506.121988019798897774543,0.70958671,46473054.32722147,6.045866855548775
2016-07-02,4.62105081914558,214825625.4758891357583408316026,0.76351871,46488479.32722147,6.052308553310475
2016-07-03,4.31072577915366,200464501.5332042436951959810802,0.71301124,46503654.32722147,6.045803400173131
2016-07-04,4.52916310413178,210693856.4759621485683841253166,0.74826004,46519379.32722147,6.0529266057449505
2016-07-05,4.42840963853468,206073626.0666194055482066355796,0.73048796,46534454.32722147,6.062262324672236
2016-07-06,4.49576349575123,209269717.8070917271429762349081,0.74136868,46548204.32722147,6.06414003859892
2016-07-07,4.12981300515237,192284937.3531108806545560853839,0.68182089,46560204.32722147,6.057035015680394
2016-07-08,4.26133489115148,198452301.9213652736167972782756,0.7034832,46570454.32722147,6.057479256294223
2016-07-09,4.15510522302273,193559050.5038481474233455540131,0.68688956,46583429.32722147,6.049160541940293
2016-07-10,4.1290648979302,192405874.301262392181920001394,0.68326009,46597929.32722147,6.043181737616491
2016-07-11,4.14240957959981,193095333.6709841136704718399207,0.68564243,46614254.32722147,6.041647071929037
2016-07-12,4.20813122999801,196231910.4742910101408969292747,0.69655989,46631604.32722147,6.0413056944723165
2016-07-13,4.15536127112051,193837544.5278578322624118293497,0.68799437,46647579.32722147,6.039818714098649
2016-07-14,4.16378688050704,194295117.5067440313823879741488,0.68946878,46663079.32722147,6.039123164513758
2016-07-15,4.17537042813766,194892739.6993270832453744675602,0.69144977,46676754.32722147,6.038573746488715
2016-07-16,4.17130196433108,194768013.6069308294216235642876,0.69086482,46692379.32722147,6.037797617674438
2016-07-17,4.21165649936925,196718280.5801343257981600577975,0.69756091,46708054.32722147,6.037689955088295
2016-07-18,4.17891513088056,195250842.9059540484502192376232,0.69227291,46722854.32722147,6.036514025777147
2016-07-19,4.15808315876452,194336662.4403609972302496182444,0.68899908,46737079.32722147,6.0349618446000255
2016-07-20,4.13279633792479,193210003.1199525951412765332413,0.68477145,46750429.32722147,6.035292998744019
2016-07-21,4.14358625984617,193769442.7097837664323457212699,0.68665023,46763704.32722147,6.03449336912939
2016-07-22,4.02747028360388,188394605.8720080173096985113036,0.66764224,46777404.32722147,6.032377884904166
2016-07-23,4.0656068104098,190232301.256112126708506058406,0.67411127,46790629.32722147,6.031061920103784
2016-07-24,4.068645844903,190434918.98339289781555166741,0.67483315,46805479.32722147,6.029113781536963
2016-07-25,4.03757550014767,189038898.6308472856179857944749,0.67043726,46819904.32722147,6.02230177384185
2016-07-26,3.9667037490365,185776223.876806165310234613655,0.65913537,46833904.32722147,6.0180411029019725
2016-07-27,3.97049514707399,186012751.7026944359618772065653,0.6599989,46848754.32722147,6.015911764510501
2016-07-28,3.96246610918698,185693165.4829505952357641004606,0.6588502,46863029.32722147,6.0142140188877224
2016-07-29,4.08617062271302,191554180.1442109637100497925394,0.67948729,46878654.32722147,6.013608617628477
2016-07-30,4.0721037997734,190952061.275124098963037614898,0.67721577,46892729.32722147,6.013007936559717
2016-07-31,3.95043420916497,185309750.2818605539601289559059,0.65727208,46908704.32722147,6.010348422475165
2016-08-01,3.85697299842913,180982689.1817656495678076094211,0.6422673,46923504.32722147,6.00524578852003
2016-08-02,3.57536648484762,167821818.9154499005780509424014,0.59687403,46938354.32722147,5.990152536620868
2016-08-03,3.77328158810782,177168133.0507677079173553788954,0.62897064,46953329.32722147,5.999137874079178
2016-08-04,3.80177159696094,178562290.1271985764900663193818,0.64258793,46968179.32722147,5.916344549081306
2016-08-05,3.7674907836892,177010013.725498127637032047124,0.63693297,46983529.32722147,5.9150506586104346
2016-08-06,3.79595988110212,178401305.2310351743347409265164,0.64183272,46997679.32722147,5.914251116867523
2016-08-07,3.79049881465112,178196009.0401249515898770235464,0.64124186,47011229.32722147,5.911184298933821
2016-08-08,3.79598642054812,178508175.8455595558842740321364,0.64233634,47025504.32722147,5.909655400390582
2016-08-09,3.74826516896676,176320752.4335005090311415883372,0.6346285,47040629.32722147,5.90623517375403
2016-08-10,3.73989571609554,175979313.1459462347336452592438,0.63356035,47054604.32722147,5.9029825905228135
2016-08-11,3.74670777988376,176355116.0519060056850403763272,0.63527983,47069354.32722147,5.897728218262117
2016-08-12,3.69990157802351,174207291.8804258972032126367597,0.628107,47084304.32722147,5.890559376067311
2016-08-13,3.71001509000197,174740057.2863592375940069262959,0.62986848,47099554.32722147,5.890142478636128
2016-08-14,3.64372011818706,171668059.1833781586939835081782,0.61903757,47113404.32722147,5.886104971281566
2016-08-15,3.57016907462845,168251194.9204735029897611128215,0.60491099,47126954.32722147,5.901974230338335
2016-08-16,3.62986755856489,171114059.5918359220902243961883,0.61518677,47140579.32722147,5.9004317641045665
2016-08-17,3.60663865747856,170064840.0484415794572008966832,0.61149642,47153279.32722147,5.89805359363929
2016-08-18,3.60143361886483,169868835.0851983149416894039001,0.61078124,47167004.32722147,5.896437845512134
2016-08-19,3.59653377747741,169695178.8723703785752009919927,0.61010337,47182979.32722147,5.894958058463782
2016-08-20,3.60944938482759,170358807.6839794657242396963573,0.61227664,47198004.32722147,5.895128360323513
2016-08-21,3.60450633987605,170180474.5486501403252606987935,0.6116211,47213254.32722147,5.893364927854925
2016-08-22,3.67179877383156,173414665.8182224685716005955932,0.62327484,47228804.32722147,5.8911390901509195
2016-08-23,3.92985894842147,185660308.2351197336260075929609,0.66603055,47243504.32722147,5.900418454410944
2016-08-24,3.83952410730961,181447095.0204765082297283293267,0.65110307,47257704.32722147,5.8969528546526595
2016-08-25,3.79302616382464,179302147.5421548177497195230208,0.64349988,47271529.32722147,5.894369652135195
2016-08-26,3.82836178857884,181026017.9200140652859572356948,0.64983777,47285504.32722147,5.891257734340127
2016-08-27,3.7432896128249,177056211.151056141706394630603,0.6356439,47299629.32722147,5.888972761045768
2016-08-28,3.75024385644088,177437741.4664297753385737216936,0.63704954,47313654.32722147,5.886895164292686
2016-08-29,3.75161839543348,177562145.2902926737897046128156,0.63744017,47329479.32722147,5.885443955365224
2016-08-30,3.79207150434001,179527014.8194386292825394520147,0.6444615,47342729.32722147,5.884093160475855
2016-08-31,3.76903735530641,178493239.3486553859516657806227,0.64054646,47357779.32722147,5.884096768416157
2016-09-01,3.81623145609474,180785490.6311771880060212820678,0.64861811,47372779.32722147,5.883633832078386
2016-09-02,3.83593169386804,181772065.0984502875262500348188,0.65252697,47386679.32722147,5.878579538050419
2016-09-03,3.89803206078319,184773947.9080836790708647830893,0.66331046,47401854.32722147,5.876632882863313
2016-09-04,4.00152381760183,189737771.2223197482092526872901,0.68084094,47416379.32722147,5.877325499259534
2016-09-05,3.95872610558668,187764573.6176189030181686420196,0.67357969,47430554.32722147,5.877145888390252
2016-09-06,3.96038099888801,187897917.4010879894122429975747,0.67405176,47444404.32722147,5.875484990778765
2016-09-07,3.9800062893583,188882160.701162527871268282701,0.67742155,47457754.32722147,5.875228340991366
2016-09-08,4.01926797234011,190806826.3248640141262401341617,0.68409193,47473029.32722147,5.875333118372131
2016-09-09,3.98120277234783,189056587.6388592204860522839101,0.67767951,47487304.32722147,5.874757482851783
2016-09-10,3.9839543492055,189248107.509163249544417042085,0.67833911,47502579.32722147,5.873101359592107
2016-09-11,3.88819331710539,184756367.9271326219012118607233,0.6622284,47517279.32722147,5.871378088142082
2016-09-12,3.81425433212322,181297437.0051546755951082695334,0.6500506,47531554.32722147,5.86762681570207
2016-09-13,3.82961052411573,182078944.6809183674347896207231,0.6527855,47545029.32722147,5.866567998394158
2016-09-14,3.82750628348414,182035354.2160592809209770124858,0.6525291,47559779.32722147,5.865648418567295
2016-09-15,3.81613773888797,181549144.1100163853717777087159,0.65069965,47574054.32722147,5.864668497805354
2016-09-16,3.8276969723917,182153417.009711837112361489799,0.65286467,47588254.32722147,5.862925577503987
2016-09-17,3.819052788706,181798959.28457724625197671782,0.65150651,47603154.32722147,5.861879705094582
2016-09-18,3.84151302233168,182923262.9639563999182351571696,0.65546313,47617504.32722147,5.8607614166363255
2016-09-19,3.82952114397784,182411788.6983397656518704522248,0.65360866,47633054.32722147,5.8590428467974105
2016-09-20,3.82575500230927,182287199.8080448386188227240269,0.65307376,47647379.32722147,5.858074901538336
2016-09-21,3.78188586440487,180248762.1898980489775122365589,0.64578361,47661079.32722147,5.856274154131707
2016-09-22,3.76808569696144,179646893.1851052459874569301168,0.64359965,47675904.32722147,5.8547043910938115
2016-09-23,3.82742028354518,182535813.7568185321581906110146,0.65378441,47691604.32722147,5.854254437705512
2016-09-24,3.830065789773,182715698.86578249014323202631,0.6543462,47705629.32722147,5.853271234360343
2016-09-25,3.81383643620454,181995433.1257974125910707994738,0.65168445,47719779.32722147,5.852274726218403
2016-09-26,3.86619228731716,184546326.3476808321132234514252,0.66076764,47733354.32722147,5.851061785224773
2016-09-27,3.84670500350117,183669409.7887155441306879941199,0.65755361,47747204.32722147,5.850024918122144
2016-09-28,3.83752928099448,183284732.2865765800629768074856,0.65632475,47761129.32722147,5.846997665400367
2016-09-29,3.84950461810617,183910484.7381431147001695634699,0.65845812,47775104.32722147,5.846240635784353
2016-09-30,3.83445758331656,183247402.4390914219357322385432,0.65597852,47789654.32722147,5.845401131909869
2016-10-01,3.84546993344443,183832033.8512726816149585479121,0.65793801,47804829.32722147,5.84472986056001
2016-10-02,3.84393979072991,183816256.4413354055562735231677,0.65773698,47819754.32722147,5.844189862534276
2016-10-03,3.83122013045157,183264803.2501334138189844992079,0.65570791,47834579.32722147,5.842876183164498
2016-10-04,3.81654218717052,182619461.0729297316990326950644,0.65329302,47849454.32722147,5.84200668050995
2016-10-05,3.83398002143185,183503406.1187599059347114618195,0.65644067,47862379.32722147,5.84055832712475
2016-10-06,3.82136860708551,182953866.1872528780171629978997,0.65442116,47876529.32722147,5.839310891300505
2016-10-07,3.8427262805099,184031348.451128196023181827553,0.65810166,47890829.32722147,5.839107411626799
2016-10-08,3.83890985504645,183898098.6077481491778362872815,0.65775028,47903729.32722147,5.836424509080331
2016-10-09,3.8078027584174,182462499.445188743818996501578,0.65252211,47918054.32722147,5.835515302948738
2016-10-10,3.78393454550401,181376013.1321119809113940430947,0.64851341,47933179.32722147,5.8347822684252755
2016-10-11,3.83005665937923,183639264.4636769261885309280681,0.6567278,47946879.32722147,5.8320306516325795
2016-10-12,3.80689588014128,182585024.2630596085138934492816,0.65288738,47961654.32722147,5.830861488150193
2016-10-13,3.88967324411814,186609035.5546673599058341832844,0.66704451,47975504.32722146,5.831204943307517
2016-10-14,3.88580268493744,186475316.1368559585669091254624,0.66647233,47988879.32722146,5.83040361921318
2016-10-15,3.87603122141589,186054844.9433376477896007929994,0.66497427,48001379.32722146,5.828843906119691
2016-10-16,3.89257586739795,186902728.317927191973773600007,0.66787272,48015179.32722146,5.82831990412477
2016-10-17,3.84625988050466,184736647.9562332163888003820036,0.66005928,48030204.32722146,5.827143102214485
2016-10-18,3.83148839886431,184084164.0647645120799318600926,0.65768279,48045079.32722146,5.825739181747952
2016-10-19,3.80514003659679,182877710.2225509698198150551134,0.65329364,48060704.32722146,5.824547804562722
2016-10-20,3.7801433596664,181729463.337639731224944520944,0.64912595,48074754.32722146,5.823435898174153
2016-10-21,3.81888601416315,183644134.728648736240646621199,0.65582689,48088404.32722146,5.823009200130768
2016-10-22,3.85927594131836,185638425.6197447612595080840056,0.66257636,48101879.32722146,5.824650824122913
2016-10-23,3.86992072720833,186201059.0395964568081914667618,0.66506836,48114954.32722146,5.818831506596299
2016-10-24,3.85039927655246,185317616.1223981750132797277916,0.66218439,48129454.32722146,5.814693512410433
2016-10-25,3.88289237586924,186941967.3106691722627614818904,0.66810599,48145029.32722146,5.811790994224195
2016-10-26,3.93051918413257,189296572.2794804265191483889522,0.67629388,48160704.32722146,5.81185088372021
2016-10-27,3.9993044357547,192669807.924518149598429135862,0.68820758,48175829.32722146,5.811189170213295
2016-10-28,3.9839808261376,191991838.032923101811151632896,0.68563274,48190954.32722146,5.810663047009104
2016-10-29,4.0644498920044,195926926.243094197886122094424,0.69926693,48205029.32722146,5.812444029069701
2016-10-30,4.00358234266436,193048954.4844373381122921691656,0.68893176,48219054.32722146,5.81129013803103
2016-10-31,3.97326153686592,191652870.0439092025667901666432,0.68387872,48235654.32722146,5.809892047622011
2016-11-01,4.09373574920293,197525633.2285670000710965908778,0.70451814,48250704.32722146,5.8106889188160995
2016-11-02,4.13338914301915,199504244.957624005678475070959,0.71127458,48266504.32722146,5.811242604816766
2016-11-03,3.86680579934494,186693557.5411330355883783104124,0.66634432,48281079.32722146,5.803014572623566
2016-11-04,3.89651218560447,188183046.9928854284666656559262,0.67153262,48295254.32722146,5.802416844031299
2016-11-05,3.89977493737302,188395316.7628507989311881690092,0.67214749,48309279.32722146,5.801963103920867
2016-11-06,3.91504494795712,189188104.2271302104166328237952,0.67490238,48323354.32722146,5.800905529414669
2016-11-07,3.8746831668468,187290189.534169237200233492328,0.6680565,48336904.32722146,5.799933339241216
2016-11-08,3.83961135674656,185646089.6261001049494302131776,0.66215489,48350229.32722146,5.798660426334025
2016-11-09,3.84962694579338,186186165.2440750633518706619348,0.66407271,48364729.32722146,5.796996153920223
2016-11-10,3.81617834542333,184631113.4701267737326263606618,0.65845179,48381154.32722146,5.795683759054448
2016-11-11,3.8116543893688,184473035.141593422259867214448,0.65779128,48397104.32722146,5.79462590226006
2016-11-12,3.74790832896709,181441880.2858196287541314817514,0.64716653,48411504.32722146,5.791257976470275
2016-11-13,3.88831801758476,188293858.1941144039964308409496,0.67139183,48425529.32722146,5.791428855463969
2016-11-14,3.8643083667323,187189625.806669080576558635158,0.66710245,48440654.32722146,5.792676022599378
2016-11-15,3.89846049689541,188901284.7077429280715815274986,0.67301744,48455354.32722146,5.792510364806312
2016-11-16,3.90925863530879,189481392.0437813798195098146334,0.67490493,48469904.32722146,5.792310089228108
2016-11-17,3.87726105609171,187985820.3420025316315612400966,0.66986664,48484179.32722146,5.788108892975638
2016-11-18,3.92787204331776,190495821.0928174983946606711296,0.67863626,48498479.32722146,5.7878900300991285
2016-11-19,3.94348347557714,191311512.5471296780632860934244,0.68145728,48513329.32722146,5.786838869161601
2016-11-20,3.8905199978751,188797906.873025168756787119646,0.67257512,48527679.32722146,5.784513702908161
2016-11-21,3.91339848889467,189965967.4113869964180877036182,0.67489925,48542454.32722146,5.798492869705619
2016-11-22,3.90186939106546,189466015.3082618034505907767716,0.67298707,48557754.32722146,5.797837083356535
2016-11-23,3.89545217749278,189211283.4299256914834866110588,0.67194855,48572354.32722146,5.797247687330793
2016-11-24,3.88450742112627,188743668.1054295101596029137542,0.6701646,48588829.32722146,5.796348271941355
2016-11-25,3.90938312025535,190012162.766547596649461199811,0.67446806,48604129.32722146,5.796246482383984
2016-11-26,3.86413531619064,187872730.140031666466669697228,0.66677667,48619604.32722145,5.795246729599342
2016-11-27,3.85034868036024,187256623.018630194716024255148,0.66481619,48633679.32722145,5.791598848337674
2016-11-28,3.84664044354079,187133496.5948813370817204379455,0.6642955,48648554.32722145,5.790556226168609
2016-11-29,3.82662252915869,186218488.3209318924869838219005,0.66102758,48663929.32722145,5.788899956577742
2016-11-30,3.85894911007789,187848353.3220926916887067787405,0.66665729,48678629.32722145,5.788505080440792
2016-12-01,3.89623627255244,189721690.015129851429964617838,0.67315291,48693579.32722145,5.788040450649525
2016-12-02,3.90982617191462,190438950.389412307050831232599,0.67617091,48707779.32722145,5.782304612771082
2016-12-03,3.91936651896228,190960862.259291688280409756906,0.67785181,48722379.32722145,5.782040353277628
2016-12-04,3.87591643031756,188898036.490655930983575943662,0.67046636,48736354.32722145,5.7809260263521045
2016-12-05,3.50089749492438,170671131.132531333244543263951,0.60727681,48750679.32722145,5.764912206880385
2016-12-06,3.50849453044681,171094294.6178060529443643160745,0.6088739,48765729.32722145,5.762267902182718
2016-12-07,3.64461650219434,177787506.672129475708320116593,0.63275957,48780854.32722145,5.759875749005802
2016-12-08,3.66601225275597,178885924.8963702981152049995565,0.63657621,48795779.32722145,5.758952651962865
2016-12-09,3.69324551334819,180269914.7598757031095490866755,0.64156946,48810704.32722145,5.756579362970597
2016-12-10,3.67508010266498,179434699.391472299726103619821,0.63872635,48824704.32722145,5.753763098492774
2016-12-11,3.66153542473889,178824462.9156986199634854571905,0.63652418,48838654.32722145,5.752390152309515
2016-12-12,3.63936454620737,177792072.2419318716430476120865,0.63287951,48852504.32722145,5.750485659122334
2016-12-13,3.63811308150967,177783323.8857458567572424064215,0.63280367,48866904.32722145,5.749197190195925
2016-12-14,3.6161919490749,176764812.001969366831714936605,0.62913935,48881479.32722145,5.7478394080340065
2016-12-15,3.62420714681074,177205533.520879366954233218373,0.63069509,48894979.32722145,5.746369686833521
2016-12-16,3.62672036775542,177381276.856374270764141777759,0.63123326,48909554.32722145,5.745451955043402
2016-12-17,3.69920036871933,180975163.3260320031109438056285,0.64386661,48922779.32722145,5.745289957991967
2016-12-18,3.683907142182,180281313.8092921850081502039,0.64125248,48937529.32722145,5.744862214305978
2016-12-19,3.63931544402662,178154150.919153572251264434999,0.63368081,48952654.32722145,5.743136586425301
2016-12-20,3.65854125007529,179148994.2496611729348590029705,0.63713689,48967329.32722145,5.742158879036639
2016-12-21,3.63444090528982,178016203.322442879164527570639,0.63333994,48980354.32722145,5.738531041149591
2016-12-22,3.67342457055895,179977156.8399007525859769294775,0.64022406,48994379.32722145,5.737717152583972
2016-12-23,4.5222709645312,221628944.73667644267159783424,0.78403365,49008329.32722145,5.767955194947564
2016-12-24,4.41661401115,216511381.5816124641688191675,0.76297728,49022029.32722145,5.788657312508702
2016-12-25,4.28939862758645,210333575.6089529454963981693525,0.74113502,49035679.32722145,5.787607536864808
2016-12-26,4.26437894455322,209175908.003242131917054250569,0.73694867,49051904.32722145,5.786534555457194
2016-12-27,4.33064031091003,212498908.9635906346655508361435,0.74828574,49068704.32722145,5.787415260526051
2016-12-28,4.53547200536748,222625817.358657052853674588446,0.78275935,49085479.32722145,5.794209938683556
2016-12-29,4.55195387749142,223504710.444090110513044814959,0.78601074,49100829.32722145,5.7912107886610045
2016-12-30,4.39030433767546,215634426.362303879150293650617,0.75434988,49116054.32722145,5.819984140085579
2016-12-31,4.35411157408208,213919697.531644630501240636616,0.74706596,49130504.32722145,5.828282651349929
2017-01-01,4.4752383412542,219932698.74136318790759414259,0.76767845,49144354.32722145,5.829574011429134
2017-01-02,4.56694098110425,224505928.9316952172496052861625,0.78274963,49158929.32722145,5.834485007810544
2017-01-03,4.57071100752687,224756163.4904734328901333153615,0.78356446,49173129.32722145,5.833229097101812
2017-01-04,4.58353943500624,225457907.686738096943882611848,0.78527142,49188604.32722145,5.836885589196967
2017-01-05,4.23643121372977,208443025.1255150279259952475665,0.7265405,49202504.32722145,5.830963605923922
2017-01-06,3.85852096924068,189904071.535599402797060708586,0.66334467,49216804.32722145,5.816766371606905
2017-01-07,3.97510969862095,195693475.1313797361906102593775,0.68412047,49229704.32722145,5.810540501179492
2017-01-08,4.01098119279655,197518179.0578946400083166459975,0.6905447,49244354.32722145,5.8084309282173185
2017-01-09,4.38049202146544,215777142.268517632895112401688,0.75300477,49258654.32722145,5.817349631749929
2017-01-10,4.57777733481189,225563016.8714765681395921230405,0.78452964,49273479.32722145,5.835059762448095
2017-01-11,3.93888960503417,194144833.0371379259041384069465,0.67786256,49289229.32722145,5.810749608348585
2017-01-12,4.00488083800978,197465372.783063131321395325781,0.68942936,49306179.32722145,5.808979237567979
2017-01-13,3.93623113671017,194140447.4190807855681300571465,0.67800166,49321404.32722145,5.805636429725217
2017-01-14,3.95760593907179,195255135.1194920150970927778955,0.68236769,49336679.32722145,5.799814377307036
2017-01-15,3.92441079393036,193677636.594115541085983598222,0.67683563,49352029.32722145,5.798174061744297
2017-01-16,3.87620499050059,191358372.8314857312866992856555,0.66876306,49367454.32722145,5.796081186811649
2017-01-17,3.94131879294028,194632198.505643213168475685006,0.68022571,49382505.88972145,5.7941338220519185
2017-01-18,3.88758274667627,192038738.2275252103023936249915,0.67114256,49397980.88972145,5.79248430717353
2017-01-19,3.89566108448298,192496518.894970366098669465921,0.67263669,49413055.88972145,5.791627400644737
2017-01-20,3.89416275757998,192487222.4398160820748307207712,0.6717322,49429680.88972144,5.797195307266764
2017-01-21,3.91822510416753,193731765.5714377141992347928432,0.67598647,49443755.88972144,5.79630699438042
2017-01-22,3.84860477691313,190345472.3052127261506787785072,0.66533301,49458305.88972144,5.784478928699375
2017-01-23,3.83029597908667,189495776.7457337886488019172048,0.66235692,49472880.88972144,5.782827752575862
2017-01-24,3.74288025379715,185227399.328416402555465765896,0.64749141,49487930.88972144,5.780586732103752
2017-01-25,3.68584694112492,182458014.8884334091408590422848,0.63748705,49502330.88972144,5.781838142633516
2017-01-26,3.86371653746194,191319094.9842363924611512019936,0.66831554,49516855.88972144,5.781275918650553
2017-01-27,3.88783783128902,192571920.3779606576985439305888,0.67308266,49531880.88972144,5.776166973739927
2017-01-28,3.86806140403364,191647379.9121953133774319892416,0.66927277,49546105.88972144,5.779499148058333
2017-01-29,3.85920898917263,191262999.1144098436652667721872,0.66785134,49560155.88972144,5.778544951594512
2017-01-30,4.06642729367812,201591937.1060287113411998228928,0.70273966,49574705.88972144,5.78653450934891
2017-01-31,4.06855959183281,201757758.1278859529245040341183,0.70209462,49589480.88972143,5.794887862597224
2017-02-01,4.04812841374875,200807535.0095657573166695107125,0.69866811,49605030.88972143,5.794064958466117
2017-02-02,4.098511007128,203368960.01498089537266435304,0.70754594,49620205.88972143,5.792572291670559
2017-02-03,4.0318394375011,200113520.099734483999374318573,0.69515331,49633305.88972143,5.7999284179501345
2017-02-04,4.01499736896538,199336311.8968065592255155140934,0.69231347,49647930.88972143,5.799392244910936
2017-02-05,3.96598549397967,196956811.9678211366661983833281,0.68439301,49661505.88972143,5.794894798793561
2017-02-06,3.95367863691665,196394957.0542975443649326288095,0.68189985,49673980.88972143,5.798034178943799
2017-02-07,3.96371318568101,196951877.8073441356912637410443,0.68401822,49688730.88972143,5.794747961071869
2017-02-08,3.94585431060114,196123286.1987352799379104404302,0.68110716,49703630.88972143,5.793294421690031
2017-02-09,3.75094859071397,186488652.6142970116746181093771,0.64824617,49717730.88972143,5.786302741617386
2017-02-10,3.81764604297953,189859577.2589339572277784625326,0.65989046,49732105.88972142,5.785272366234133
2017-02-11,3.83464393139046,190758507.1942291782279026456532,0.66292906,49746080.88972142,5.784395590367482
2017-02-12,3.78119947475609,188151468.3042190202389425484478,0.65388471,49759730.88972142,5.782669967548392
2017-02-13,3.77273810614474,187780610.2959712334494087983308,0.65261849,49773030.88972142,5.780924328614624
2017-02-14,3.83281297850796,190825911.2806923687753316525032,0.66313177,49787430.88972142,5.779866313007383
2017-02-15,3.88501572370422,193483324.2106535562765462783924,0.67232559,49802455.88972142,5.7784736762797015
2017-02-16,3.86182928389779,192384192.9066422735175748536618,0.66841437,49816855.88972142,5.777597635876365
2017-02-17,3.90698486611692,194691330.0654443642566559484264,0.67626772,49831605.88972142,5.777275405244715
2017-02-18,3.80957574653718,189896611.3507343309590198723956,0.6595718,49847180.88972142,5.775831754082239
2017-02-19,3.80146571769972,189548521.8720218024915265120024,0.65845169,49861957.45222142,5.7733403610821
2017-02-20,3.79931074860969,189498250.5217104121622595514629,0.6582621,49877007.45222141,5.771729450335498
2017-02-21,3.84523760870021,191838356.1679742059614072334961,0.66636242,49889857.45222141,5.770489891522109
2017-02-22,3.88809168039334,194025329.6511646943531255694094,0.67401323,49902457.45222141,5.768568786688861
2017-02-23,3.94618571179529,196980203.1092504220909496751589,0.68416223,49916607.45222141,5.76790933313476
2017-02-24,3.94529023913651,196991921.8024775559161197346791,0.6838159,49930907.45222141,5.769521064275502
2017-02-25,3.89348496100923,194461595.4495783567572490136143,0.67554074,49945382.45222141,5.763508742654411
2017-02-26,3.88218938617751,193957704.6348108207057980824891,0.67357682,49960907.45222141,5.763543623988591
2017-02-27,3.86335295955538,193080364.9914446879974669166858,0.66998991,49977407.45222141,5.766285285632705
2017-02-28,3.78537682533442,189239154.2681083474779951339322,0.65666895,49992157.45222141,5.764513192430401
2017-03-01,3.8539021293783,192716813.388524713535057249403,0.66914921,50005632.45222141,5.759406230754273
2017-03-02,4.04721185173296,202443084.6888458713501101146736,0.70307756,50020382.45222141,5.756423020716179
2017-03-03,4.08572275637011,204427023.5582419598877976260551,0.70998859,50034482.45222141,5.754631572839938
2017-03-04,3.99511933427343,199943966.8508629032589018401363,0.69439012,50047057.45222141,5.753421915440603
2017-03-05,3.99796809171384,200140511.3473886825787220413144,0.69503784,50060557.45222141,5.752158892117069
2017-03-06,4.09992108524135,205301221.4423562782197734873035,0.71279411,50074432.45222141,5.751900903391795
2017-03-07,3.99116321485378,199907117.9297795522542693354298,0.6940754,50087432.45222141,5.750330893234049
2017-03-08,3.8411451806752,192450332.839436944186043696032,0.66824733,50102332.45222141,5.748089080543277
2017-03-09,3.90048277936663,195476526.5259298226465563255483,0.67866619,50115982.45222141,5.747277287183896
2017-03-10,3.76003239000719,188490733.7340835643443013719379,0.65454134,50130082.45222141,5.744530039931764
2017-03-11,3.80333991167115,190714324.5401780977482529093215,0.6623513,50143907.45222141,5.742179281102263
2017-03-12,3.90394793493232,195813956.8173245708639220049712,0.68009658,50157932.45222141,5.740284615064996
2017-03-13,4.37560050942134,219536271.237051497246111564676,0.76143993,50172832.4522214,5.746481550319196
2017-03-14,4.19588043858688,210578577.942978778166532895232,0.73008139,50186982.4522214,5.747140655902597
2017-03-15,4.3226125169331,217004690.31064437541671018834,0.75139886,50202207.4522214,5.7527536266598815
2017-03-16,4.3173222495593,216808831.96479753201695602902,0.74996694,50218357.4522214,5.75668342068425
2017-03-17,4.11837223913014,206877914.501328121471046692996,0.71566403,50232932.4522214,5.754616784540842
2017-03-18,4.05757950777311,203880923.446593215214986686554,0.70518466,50246932.4522214,5.753924805699985
2017-03-19,3.93263014248089,197658444.476830328482387549046,0.68385247,50261132.4522214,5.750699624556288
2017-03-20,4.06572180535989,204399111.910870814237106959646,0.70708469,50273757.4522214,5.749978556825901
2017-03-21,4.01817701747951,202072444.428156887757228483514,0.69896515,50289582.4522214,5.748751590089306
2017-03-22,3.93479848958808,197937017.872888442433966960912,0.6847219,50304232.4522214,5.746564392913503
2017-03-23,3.9808394586501,200315174.57846477194919033214,0.69285976,50319832.4522214,5.745519784047063
2017-03-24,4.13561100662245,208162288.78792390617236361043,0.71969712,50334107.4522214,5.746321461759428
2017-03-25,4.09657823180106,206255575.487885684947019874684,0.71292225,50348257.4522214,5.746178116619393
2017-03-26,4.0733539511739,205144216.88768224411519270146,0.70887034,50362482.4522214,5.746260946922818
2017-03-27,4.07155813188214,205106908.803734682379605985796,0.70868011,50375532.4522214,5.7452693739099585
2017-03-28,4.20696061029531,211982676.411097631700269501634,0.73250347,50388557.4522214,5.7432637285599615
2017-03-29,4.31652020343511,217563441.721302365346480253354,0.7512805,50402507.4522214,5.745550701016611
2017-03-30,7.53229426390334,379753099.732546831168717879476,1.25436926,50416657.4522214,6.004846024290598
2017-03-31,7.23894011582957,365069033.636117342305350306798,1.17938952,50431282.4522214,6.137870477117323
2017-04-01,7.60325938375114,383556550.593182016901557782396,1.2209096,50446332.4522214,6.227536734702668
2017-04-02,8.32147061434759,419911038.904627282840757236426,1.32264685,50461157.4522214,6.2915286981915015
2017-04-03,8.5169438388475,429910050.5472523671449908365,1.34193141,50477032.4522214,6.346780301422038
2017-04-04,9.13864661820227,461441178.788586940165836022578,1.39743168,50493382.4522214,6.5396017200656775
2017-04-05,12.3703169732604,624804082.22479346574438065256,1.76564434,50508332.4522214,7.0061204813537925
2017-04-06,10.8758142078613,549492165.14515647224052809182,1.52920381,50524232.4522214,7.112076321508314
2017-04-07,10.0510387882003,507963242.32017868616884314642,1.40967727,50538382.4522214,7.130028271081011
2017-04-08,10.7485071080767,543347325.49528454672629658138,1.50429326,50550957.4522214,7.145220545677842
2017-04-09,9.30662439984325,470589997.46431944268652429555,1.30243306,50565057.4522214,7.145568310315503
2017-04-10,9.88776319850654,500107563.039223651442385427956,1.37896439,50578432.4522214,7.170426785644944
2017-04-11,9.73757903935227,492646592.599216750773428632578,1.35566114,50592307.4522214,7.182900469768035
2017-04-12,11.7420246748826,594227849.57410068349315420764,1.62083699,50606932.4522214,7.244420473697729
2017-04-13,11.0826892415263,561020773.62719130175706152282,1.52785493,50621357.4522214,7.253757555062051
2017-04-14,11.6407867938177,589439183.58576552417315163878,1.60104578,50635682.4522214,7.270739499914674
2017-04-15,11.6561428810723,590389260.45833792412714900722,1.59865403,50650482.4522214,7.291222905228781
2017-04-16,11.6662676003572,591064826.80783640211857348408,1.59753912,50664432.4522214,7.302649089655595
2017-04-17,11.3729206713815,576413538.8181345877340818641,1.55108056,50682982.4522214,7.332256598832944
2017-04-18,10.8792518914248,551593654.90377640160637105072,1.48068615,50701432.4522214,7.347439490417871
2017-04-19,10.2357654608389,519166544.95944461273701253246,1.39129409,50720832.4522214,7.357010666838167
2017-04-20,10.979453016837,557072275.1536853872672517118,1.48849942,50737707.4522214,7.376188978855631
2017-04-21,12.0985430083269,614025949.84677836061910237566,1.62768511,50752057.4522214,7.432975170686977
2017-04-22,14.1489581997222,718286117.40826628887525289508,1.85687336,50766007.4522214,7.619775534785097
2017-04-23,15.3339303346714,778665530.32814154741736904796,1.96542982,50780557.4522214,7.801820333972241
2017-04-24,15.033823021471,763674347.59376649140561546469,1.89348041,50797082.45222139,7.939782710226718
2017-04-25,15.4752770544115,786340725.707885907111574161985,1.91829917,50812707.45222139,8.067186441211616
2017-04-26,14.9869314209889,761759983.358095487104075532571,1.83976435,50828282.45222139,8.146114702673144
2017-04-27,14.8362697399986,754297205.829075026232305490054,1.80386195,50841432.45222139,8.224725700322354
2017-04-28,14.784155503622,751819139.60437703372809087458,1.7684287,50853032.45222139,8.360051781348039
2017-04-29,16.1376165131268,820846439.247890895460754742252,1.92152377,50865407.45222139,8.398343421547578
2017-04-30,16.1966163283669,824071407.110424035531575947991,1.92240873,50879232.45222139,8.425167902960418
2017-05-01,16.1070871195055,819760252.051361894134873322645,1.89853919,50894382.45222139,8.483937126157244
2017-05-02,16.1771573157958,823622068.969808815038445632162,1.89638531,50912657.45222139,8.530522373533783
2017-05-03,21.7031528314731,1105390024.958674771790401029609,2.42637636,50932232.45222139,8.944677004466486
2017-05-04,23.8821712297586,1216755605.386056614464643456454,2.50306291,50948282.45222139,9.541178982896039
2017-05-05,26.1364466366059,1332034396.441717650195544980201,2.60308828,50964632.45222139,10.040553306400309
2017-05-06,28.392020230517,1447417595.12981373499651815863,2.72342327,50979732.45222139,10.425122140678852
2017-05-07,28.7802108965593,1467668654.304717175025292863427,2.68953781,50995757.45222139,10.700801747256081
2017-05-08,28.6350979172048,1460712352.024102557338059570672,2.6399325,51011257.45222139,10.84690533458897
2017-05-09,33.3551045537768,1701986152.306777062341874245752,2.96976945,51026257.45222139,11.231546796932939
2017-05-10,32.5997085804455,1663904038.755045111437490829245,2.743538,51040457.45222139,11.882360871416944
2017-05-11,30.5580732709007,1560186203.825773538590961105973,2.5389358,51056432.45222139,12.035780215829284
2017-05-12,27.5132189244784,1405184898.655903235830727072976,2.28698535,51073082.45222139,12.030343318324448
2017-05-13,28.5851309593915,1460425987.790419863128557684185,2.36712954,51090407.45222139,12.075862548439785
2017-05-14,28.663128535978,1464875975.01900623438463616942,2.36573459,51106632.45222139,12.115952760355082
2017-05-15,25.476707462158,1302426797.91537111176646315962,2.10580617,51122257.45222139,12.09831551693003
2017-05-16,23.4552007128988,1199437569.349121732057686265332,1.94407461,51137382.45222139,12.064969416425228
2017-05-17,25.1149175083417,1284635752.188855921259520168963,2.07670441,51150307.45222139,12.093640956991898
2017-05-18,28.3927302940867,1452719225.813659488766396254513,2.33415435,51165182.45222139,12.164032894434209
2017-05-19,27.4183435029831,1403234010.046511962113186628509,2.23724188,51178657.45222139,12.255422065933745
2017-05-20,27.222062759841,1393601719.93115556063453319899,2.21660445,51193832.45222139,12.280974514799423
2017-05-21,26.0053776243508,1331710876.832092721954416623612,2.11647177,51209057.45222139,12.287136541561715
2017-05-22,24.0852919769989,1233768056.746097857941590586471,1.9628856,51224957.45222139,12.270349314804132
2017-05-23,30.7939688687272,1577880114.920168341802941914808,2.47881402,51239907.45222139,12.42286376479636
2017-05-24,33.7140026195541,1727960041.655462039454596282199,2.65137295,51253482.45222139,12.715677219062712
2017-05-25,28.3802525728953,1454978424.720006168640388890467,2.23543945,51267282.45222139,12.695603351231588
2017-05-26,26.0358915564215,1335186453.664702448772194155885,2.05263855,51282532.45222139,12.684109219531853
2017-05-27,22.9865751092402,1179123550.755276128156405087878,1.80752749,51296182.45222139,12.717137214460955
2017-05-28,24.6667565076249,1265651460.228364087043977876611,1.93208494,51310007.45222139,12.766911017703444
2017-05-29,25.7640664840534,1322311275.617111439434841382226,2.01293517,51323857.45222139,12.799252985407074
2017-05-30,23.9420065327059,1229199553.214827002680642559201,1.86982044,51340707.45222139,12.804441549855932
2017-05-31,25.9264844231747,1331458689.734701980589311046833,2.02398086,51355157.45222139,12.809649011786947
2017-06-01,27.3021387613472,1402529500.575652043419709056608,2.05457046,51370682.45222139,13.288489877999707
2017-06-02,27.9037606446564,1433878199.499670268968613280396,2.06922339,51386557.45222139,13.48513687768453
2017-06-03,27.3943802880895,1408115866.824755194132434134405,2.01523648,51401632.45222139,13.593630603634914
2017-06-04,27.6697012269344,1422653804.861777001549779806816,2.01842066,51415582.45222139,13.708589975953972
2017-06-05,30.5981406258803,1573674074.715876600525659239617,2.21293376,51430382.45222139,13.826957308419525
2017-06-06,30.1039039936497,1548645893.852676558477718507083,2.16560676,51443357.45222139,13.900909689462596
2017-06-07,28.7994691733723,1481883380.816455899718172493497,2.06190538,51455232.45222139,13.967405804708797
2017-06-08,30.1612010509957,1552293186.719070364155636338023,2.14648547,51466557.45222139,14.051434995735471
2017-06-09,29.5878957424006,1523101507.508860142912681268834,2.09333641,51477182.45222139,14.13432432601724
2017-06-10,29.9310878072558,1541093568.627469776389869961562,2.10106533,51488057.45222139,14.245672126366388
2017-06-11,33.8026609436764,1740935318.220984184942853318196,2.33348946,51502907.45222139,14.48588541885953
2017-06-12,29.0623072281382,1497291011.530108335738103916098,2.00280461,51520032.45222139,14.510805039608032
2017-06-13,30.0876652686932,1550650794.921535658815562387548,2.07060457,51537757.45222139,14.530860070831002
2017-06-14,28.8104918966337,1485245175.318101213497828134843,1.97367983,51552232.45222139,14.597348292622364
2017-06-15,28.917212667213,1491154601.98909318000867028607,1.93966714,51566332.45222139,14.908337657982386
2017-06-16,33.4204634735533,1723835274.626853524820101565087,2.19704671,51580232.45222139,15.211539800878105
2017-06-17,46.4787837970187,2398082492.134126023568174369993,2.84478773,51595207.45222139,16.338225628180243
2017-06-18,42.9769978136814,2218107642.930622261418395585146,2.61265247,51611507.45212139,16.449565453947038
2017-06-19,47.5690114364874,2455964630.450173845302380005486,2.54536402,51629507.45212139,18.688490550945794
2017-06-20,45.4094033993528,2345216656.829531055895713036392,2.40792288,51646057.45212139,18.858329631949342
2017-06-21,43.4576196033063,2244974235.617186508009692951757,2.29230244,51658932.45212139,18.95806541274122
2017-06-22,45.9832889616084,2376112076.919602709702846443676,2.37192147,51673382.45212139,19.386514074434512
2017-06-23,45.7755639574821,2365969872.500666372095407952119,2.35076498,51686307.45212139,19.472624591115906
2017-06-24,42.7776088845809,2211616600.839654200631866075451,2.19282429,51700332.45212139,19.507996641436737
2017-06-25,40.5027750849356,2094586126.808384267957651532484,2.0745038,51714632.45212139,19.52407852178222
2017-06-26,38.663137819462,1999982546.50265446973072849218,1.97566205,51728407.45212139,19.569712248844382
2017-06-27,39.7430047777539,2056354035.701774429394534345921,2.01195386,51741282.45212139,19.75343747582457
2017-06-28,42.176919075067,2182909992.37966533228080638313,2.11048944,51756032.45212139,19.984425543994668
2017-06-29,40.3276250397349,2087837063.130382442445548219511,2.0108052,51771882.45212139,20.05546088687999
2017-06-30,39.3691282540767,2038776858.746583217480830770613,1.9643467,51786182.45212139,20.04184304841742
2017-07-01,38.1163571232574,1974436159.212806280020337015786,1.90131896,51800232.45212139,20.04732394992653
2017-07-02,41.6174556162264,2156364034.128314667676386522696,2.06789587,51813932.45212139,20.125508358516328
2017-07-03,45.7087115805364,2369007442.471961005596014113596,2.24672908,51828357.45212139,20.34455866861188
2017-07-04,54.4523606456279,2822991835.754098552045383570781,2.60198735,51843332.45212139,20.927219590682444
2017-07-05,53.248043504381,2761417308.92633044414820880959,2.49965702,51859507.45212139,21.302139884927495
2017-07-06,51.4000691363876,2666393104.508673915342861290764,2.3615337,51875282.45212139,21.765545474276994
2017-07-07,46.3503437867923,2405168352.366016946323498317297,2.08542463,51891057.45212139,22.225854207347833
2017-07-08,51.6587449913222,2681365624.302564284157531001858,2.30330276,51905357.45212139,22.428117522562342
2017-07-09,48.7541635935377,2531288503.454356466784059941403,2.17099684,51919432.45212139,22.457040330624206
2017-07-10,44.0230875686742,2286311866.514756679985099761138,1.9645908,51934382.45212139,22.40827329980075
2017-07-11,44.0946844839085,2290647533.67570121057629881373,1.93393976,51948382.45212138,22.80044363114418
2017-07-12,46.7317478078548,2428329169.352387114302887015624,2.01753783,51963157.45212138,23.162761616150114
2017-07-13,45.504595819607,2365257560.07052737452694789766,1.95327086,51978432.45212138,23.29661326110553
2017-07-14,42.6142959271431,2215628359.988486113370017829478,1.83469891,51992607.45212138,23.226860655377564
2017-07-15,38.5651422356585,2005646070.09934188904170622873,1.65932751,52006707.45212138,23.241428833816236
2017-07-16,40.7532560471325,2120087585.24156235301289094285,1.75274106,52022532.45212138,23.25115613320116
2017-07-17,42.3545210340915,2204124295.93002413637547602627,1.81079247,52039882.45212138,23.390047029570155
2017-07-18,43.5155672829493,2265258661.545500883952487986034,1.86097121,52056282.45212138,23.38325657544659
2017-07-19,39.9706704894198,2081398018.595656550015355375324,1.71316426,52073132.45212138,23.33148748352934
2017-07-20,44.5346130283284,2319772696.832545591712615301192,1.89851789,52089207.45212138,23.457568276234895
2017-07-21,45.3900137120577,2365074236.726885315238349963626,1.92930717,52105607.45212138,23.52658737698969
2017-07-22,46.995724018766,2449479755.41024851377562981708,1.98661472,52121332.45212138,23.656184334910197
2017-07-23,45.1371263690174,2353345161.429103716861336132012,1.90706429,52137682.45212138,23.668382133576316
2017-07-24,44.8896820470087,2341098255.059468798490698316006,1.8955318,52152257.45212138,23.681840656542242
2017-07-25,42.0080725836932,2191407080.073785005021935080616,1.77966902,52166332.45212138,23.604429875220955
2017-07-26,41.9145169899964,2187135436.229521842465418563032,1.77577362,52180857.45212138,23.603524975214125
2017-07-27,41.7955063748825,2181565876.42216921862567323785,1.76941711,52196182.45212138,23.62105923960603
2017-07-28,40.0706591216819,2092161538.540846177091117332203,1.69809729,52211807.45212137,23.597387121253753
2017-07-29,40.9808016562838,2140336393.617925425068900764806,1.72650871,52227782.45212137,23.736226419780873
2017-07-30,40.2886202067515,2104844010.394738820484171429555,1.69835444,52244132.45212137,23.72215084075825
2017-07-31,42.2450062139683,2207652523.046333194785960932571,1.75392862,52258307.45212137,24.085932421792798
2017-08-01,43.1233744223086,2254189550.622318084512322794782,1.78774802,52273032.45212137,24.12161777827538
2017-08-02,41.571807092631,2173713194.82870564716304462447,1.72223781,52288157.45212137,24.13825015990736
2017-08-03,42.550513470048,2225501739.14728650821755572576,1.74991869,52302582.45212137,24.3157089030508
2017-08-04,43.1071876237528,2255271386.542587143767760477336,1.76858106,52317757.45212137,24.373882881994
2017-08-05,45.9521064955457,2404774021.184209104869420781609,1.87852001,52332182.45212137,24.461866922325573
2017-08-06,45.3380507828088,2373253476.177601285094687104056,1.85044982,52345732.45212137,24.501097134754403
2017-08-07,45.9024626772383,2403468206.151290543122448012471,1.8527703,52360332.45212137,24.775042366146682
2017-08-08,49.1797753796553,2575813232.902022260914124363761,1.94871294,52375457.45212137,25.23705486332702
2017-08-09,47.6565038078122,2496723398.220736408378668566714,1.88437013,52389982.45212137,25.290415640271377
2017-08-10,47.3241376146049,2480006404.013862272525499396713,1.84290582,52404682.45212137,25.67908631088099
2017-08-11,47.0106506441056,2464266924.903905063263606296672,1.81460009,52419332.45212137,25.906893151375073
2017-08-12,46.2759343627748,2426417647.552945342941419577476,1.78433917,52433682.45212137,25.934494484462167
2017-08-13,45.1462571446454,2367889921.292037621347166412198,1.73941854,52449307.45212137,25.95479817332831
2017-08-14,45.5175452593564,2387997557.591569905582020886268,1.75016253,52463232.45212137,26.007610424248085
2017-08-15,43.1053792889173,2262036999.633102421266015492701,1.65950493,52476907.45212137,25.974842562786062
2017-08-16,43.9085379929329,2304761681.887701870237173066073,1.68731314,52490057.45212137,26.02275591413512
2017-08-17,43.9039298948276,2305133359.973689877316610425812,1.68649997,52504032.45212137,26.03257081281039
2017-08-18,45.8025866268026,2405462875.922184889801870231562,1.74817558,52518057.45212137,26.200221048049762
2017-08-19,45.1176287280117,2370106073.273337428631907180029,1.72149976,52531707.45212137,26.208327050833688
2017-08-20,46.1754527662368,2426376088.680927678698871760416,1.75965019,52546882.45212137,26.241268309263674
2017-08-21,48.1948224446573,2533194928.819642206104858763355,1.82964889,52561557.45212135,26.341022426798673
2017-08-22,46.395049805581,2439348835.53317275275851925435,1.75494162,52577782.45212135,26.43680523434221
2017-08-23,52.5970338997467,2766241455.552247438746142662045,1.97043905,52593107.45212135,26.693052951699624
2017-08-24,50.1884292670656,2640342119.23888091158440961056,1.86712001,52608582.45212135,26.88013036026838
2017-08-25,51.1118257741317,2689726989.568455104663861540478,1.89841554,52624357.45212134,26.923413076428833
2017-08-26,51.5386777332967,2712986072.217671800343166621578,1.90983178,52639807.45212134,26.985977651548296
2017-08-27,61.1753329939313,3221306906.580795253216531223942,2.2292346,52656957.45212134,27.442303736866144
2017-08-28,62.110070962155,3271625159.5066890628646078877,2.24036515,52674632.45212134,27.723190999536392
2017-08-29,63.6027622624139,3351369943.659067640261304102626,2.27169955,52692207.45212134,27.99787597898406
2017-08-30,65.1167743651943,3432287754.934544963396896276362,2.29099444,52709732.45212134,28.42292989815999
2017-08-31,73.3643036922992,3868118786.035429999783661984928,2.52378276,52724807.45212134,29.06918331286929
2017-09-01,87.8758229250781,4634597918.676791807465730176654,2.74913995,52740307.45212134,31.964841558931226
2017-09-02,79.0453615367296,4170058398.266179766277845969664,2.42517453,52755257.45212134,32.59367957189027
2017-09-03,79.6354424542663,4202356919.106428714807368272842,2.3893971,52769932.45212134,33.32867628167218
2017-09-04,70.5289698948605,3722727617.10236867018248837307,2.04530337,52782957.45212134,34.483378323901405
2017-09-05,74.2520532791153,3920341899.352720610687103450502,2.13581026,52797757.45212134,34.765285414030785
2017-09-06,81.656218736816,4312606434.71652935913435725344,2.28643326,52814182.45212134,35.71336201469357
2017-09-07,80.6435641931151,4260379936.396848111397917786234,2.24036391,52829757.45212134,35.99574329561268
2017-09-08,73.8263607764403,3901463479.276131499592228866002,2.03338483,52846482.45212134,36.3071267608701
2017-09-09,71.6556809371012,3787789692.610912149273050259608,1.92077579,52860982.45212134,37.30559355764329
2017-09-10,67.4859440517357,3568262431.596524980140674009838,1.77822065,52874157.45212134,37.95138924504993
2017-09-11,68.2000863758144,3607039991.572245058729750119296,1.78755019,52889082.45212134,38.1528232087371
2017-09-12,66.125208365305,3498242228.4853163775359061087,1.72967869,52903307.45212134,38.22976414498406
2017-09-13,62.0622766632692,3284198054.950246621362399484728,1.62704318,52917782.45212134,38.144209954691675
2017-09-14,45.7914466468071,2423892724.032851012572632773514,1.22090359,52933307.45212134,37.506193791114256
2017-09-15,51.9917855670845,2752875747.39611578341190403323,1.38335598,52948282.45212134,37.58380801381615
2017-09-16,52.3652171843544,2773452116.227654761962138362896,1.37462345,52963632.45212134,38.094226593002176
2017-09-17,51.3348729399894,2719660349.066812547003547113796,1.33994773,52978807.45212134,38.31110109048015
2017-09-18,56.1706119615958,2976701616.087126785382321634372,1.41059485,52993932.45212134,39.8205139920905
2017-09-19,53.1997208968471,2819989921.862487715398212627114,1.33514277,53007607.45212134,39.845716946695596
2017-09-20,51.8519904954564,2749364034.045058226787811479576,1.3028711,53023307.45212134,39.79825056788534
2017-09-21,46.5884941648871,2470980700.810413651438136600714,1.17424319,53038432.45212134,39.675336899238985
2017-09-22,48.0060002906472,2546886694.166390439178201531248,1.24127465,53053507.45212134,38.67476089248032
2017-09-23,49.291421443577,2615816004.77643919598876763318,1.27188299,53068382.45212134,38.754682491332794
2017-09-24,47.7181180313691,2533053424.790042795646959526594,1.23368844,53083682.45212134,38.679229280424394
2017-09-25,52.1569934806637,2769458507.013265621944836133358,1.34573514,53098507.45212134,38.75725016786268
2017-09-26,52.4030643848117,2783304000.333642509936741451678,1.35033954,53113382.45212134,38.807324256247206
2017-09-27,56.9681975362942,3026534188.790300044048432338228,1.45645687,53126732.45212134,39.11423586219494
2017-09-28,54.8694616854829,2915871970.047276475426987295086,1.40046241,53141982.45212134,39.179531912950736
2017-09-29,52.6714166381373,2799860153.888916206924031179982,1.34661754,53157107.45212134,39.113864979166465
2017-09-30,55.2610071126625,2938385653.86226658728900046775,1.41164181,53172857.45212134,39.146621133772236
2017-10-01,54.7210811284143,2910536735.467885051549985391162,1.39562661,53188582.45212134,39.20896945954212
2017-10-02,53.2011664538905,2830479345.68591760651294326327,1.35790484,53203332.45210134,39.17886208719198
2017-10-03,52.0763787427485,2771402413.91951005289611213299,1.33061171,53218032.45210134,39.13717153650218
2017-10-04,51.2580270088413,2728634311.149763333632443577342,1.30938144,53233307.45210134,39.1467493298525
2017-10-05,51.6561435377418,2750536351.304542544983008354012,1.32026958,53247032.45210134,39.125451589774414
2017-10-06,52.0966710683418,2774752444.003265892809159358012,1.33149859,53261607.45210134,39.126343399538854
2017-10-07,52.583891903362,2801459816.90400522745911070508,1.34384032,53276007.45210134,39.12956853635854
2017-10-08,53.2887116258116,2839797138.403889481574202947544,1.36191787,53290782.45210134,39.12769837274519
2017-10-09,49.9420498563598,2662158842.663982977935673102132,1.27784116,53304957.45210134,39.083143836405924
2017-10-10,50.3567915695986,2684926306.011350568636430322124,1.29014652,53318057.45210134,39.031839243808214
2017-10-11,50.7712613354201,2707718056.514808778344316672934,1.29964324,53331707.45210134,39.065537197285074
2017-10-12,58.5006975257572,3120750858.330845279159914634648,1.489987,53345532.45210134,39.26255566374552
2017-10-13,58.7856887596429,3136800381.364798149340293011486,1.49454366,53359932.45210134,39.333537274945115
2017-10-14,64.0856607879927,3420622288.519059689828355580218,1.62180838,53375782.45210134,39.51493997582667
2017-10-15,65.6151698137177,3503360083.629062533325722551718,1.65520467,53392532.45210134,39.64172588621182
2017-10-16,64.8328631960963,3462569728.394479353953419999042,1.63281131,53407632.45210134,39.70628008210961
2017-10-17,59.2741175986712,3166521606.131784495855231739408,1.49223132,53421657.45210134,39.72180238025778
2017-10-18,60.6976538361781,3243470631.541998528088959488654,1.52099823,53436507.45210134,39.90645921802164
2017-10-19,59.7807699035004,3195325937.892631921897001530536,1.49747034,53450732.45210134,39.92117126239736
2017-10-20,60.2684409066301,3222261682.465643531023983094334,1.50858829,53465157.45210134,39.95022452854257
2017-10-21,58.0543230511902,3104723859.033206302242378014868,1.45281389,53479632.45210134,39.959917406344594
2017-10-22,56.6466589727409,3030205815.231369475075484362806,1.41879363,53493107.45210134,39.92593269025383
2017-10-23,54.6401628167535,2923708095.24800352394693179969,1.36971218,53508407.45210134,39.89171127671033
2017-10-24,55.7755391022563,2985250890.410915169119070253442,1.39792133,53522582.45210134,39.898911265812295
2017-10-25,56.2848708146958,3013317919.759848794941462872372,1.40680399,53536907.45210134,40.0090355264743
2017-10-26,55.5535363557809,2974938117.510143432896061636406,1.38852995,53550832.45210134,40.008885912601954
2017-10-27,55.1473065773631,2954003112.211711414150871176554,1.37842607,53565682.45210134,40.0074460122211
2017-10-28,54.4513570019067,2917578984.555069086439801624978,1.36068939,53581382.45210134,40.01747746552701
2017-10-29,56.9267008886452,3051055270.391549842292085704568,1.41352795,53596207.45210134,40.27278051958237
2017-10-30,56.0827279402935,3006700617.92819462002913134329,1.39275549,53611882.45210134,40.267461405083736
2017-10-31,55.4302437547112,2972497121.637561101089964833008,1.37642211,53625907.45210134,40.271253528985525
2017-11-01,53.286288090393,2858278222.42070166186871642662,1.32576652,53640032.45210134,40.192814712497785
2017-11-02,54.2165362038107,2908862600.595911343198730576338,1.34115299,53652682.45210134,40.42531807188581
2017-11-03,56.1293266294182,3012298603.435079669605051640388,1.38556194,53667107.45210134,40.51015332408611
2017-11-04,54.9864049620589,2951845209.963338388549277848926,1.35818767,53683182.45210134,40.48513042535491
2017-11-05,54.6255600294322,2933205888.112617428297137059148,1.34917478,53696582.45210134,40.48812714200913
2017-11-06,54.6559485280743,2935593265.123949147753518649562,1.3496434,53710407.45210134,40.496584896480286
2017-11-07,60.8274517638372,3267937051.068959216916561661848,1.49096194,53724707.45210134,40.79745440305283
2017-11-08,62.2345602592273,3344400159.588768566561009694582,1.52058468,53738632.45210134,40.928046348084536
2017-11-09,64.3541667181658,3459241265.154513961441760522172,1.56748169,53753182.45210134,41.05576934564754
2017-11-10,59.416658211083,3194805931.87624091870862715122,1.45056498,53769532.45210134,40.96104554453189
2017-11-11,62.3218762598051,3351990369.297087366145273848834,1.51654564,53785132.45210134,41.09462624534339
2017-11-12,58.399632708927,3142075873.83838054670272666218,1.42393429,53803007.45210134,41.012870551018885
2017-11-13,60.9494971123503,3280099731.710623684524301179402,1.48112073,53816682.45210134,41.15093110090377
2017-11-14,62.2493815070133,3350908013.929290411572532327822,1.51038928,53830382.45210134,41.21413090737329
2017-11-15,63.2358138907965,3404834854.67810023952021131731,1.53181812,53843457.45210134,41.281541891407116
2017-11-16,70.6828563549611,3806719465.737890449103988332874,1.69771393,53856333.23335134,41.634138181902706
2017-11-17,67.6331290275555,3643402290.04640535907947284937,1.62270259,53870083.23335134,41.67931292175696
2017-11-18,69.2846948447392,3733468708.379367198704584270528,1.65919793,53885908.23335134,41.757944360947455
2017-11-19,71.586985521642,3858775346.06952838977175970028,1.70787608,53903308.23335134,41.91579609314629
2017-11-20,72.7058799207232,3920314367.467434941725452489088,1.72813904,53920183.23335134,42.07177677134312
2017-11-21,69.9020799051071,3770153527.242356044903114628514,1.65859323,53934783.23335134,42.145402887667096
2017-11-22,71.9761534493909,3883015103.988605593100688698806,1.7023783,53948633.23335134,42.27976440335905
2017-11-23,73.8647815438376,3985919649.116341613062572702384,1.73909419,53962383.23335134,42.47313455968569
2017-11-24,77.056175111654,4159217491.13162136776111051636,1.80443259,53976433.23335134,42.703825866752936
2017-11-25,88.9006107740309,4799758042.731507238820747716406,2.01163574,53990158.23335134,44.19319512290575
2017-11-26,86.3755345498475,4664825902.10791591464071092065,1.94648526,54006333.23335134,44.37512902093463
2017-11-27,90.8891444008508,4910204974.348262548478431320072,2.03053099,54024108.23335134,44.76126926821777
2017-11-28,94.1686492102783,5088954621.998842229989783077922,2.07913827,54040858.23335134,45.292153277654926
2017-11-29,85.9046317257243,4643859060.501736657888677875562,1.88624592,54058308.23335134,45.54264680701035
2017-11-30,87.5163490030609,4732272260.195361381959125116606,1.9112162,54073008.23335134,45.79092046366125
2017-12-01,98.6648122106854,5336375979.087973301555000408436,2.10731496,54085908.23335134,46.820154596484905
2017-12-02,99.4784477321372,5381603293.182522306121776683848,2.10976705,54098183.23335134,47.15138940677702
2017-12-03,100.94713938168,5462472626.7826097933217994512,2.09846019,54112208.23335134,48.10533926863773
2017-12-04,103.740549716125,5615362695.6615525300943883575,2.14111521,54128908.23335134,48.451642971666615
2017-12-05,101.082221972658,5473272107.78791797381118766172,2.07605637,54146733.23335134,48.6895362926287
2017-12-06,99.8597998338959,5408986768.023655314758585685506,2.03819606,54165808.23335134,48.99420708030212
2017-12-07,97.0776136677395,5260173138.32364062417282709593,1.97517656,54185233.23335134,49.148828329422614
2017-12-08,126.425420485222,6853276555.83884359916600389748,2.49229123,54208058.23335134,50.72658402173247
2017-12-09,157.130825694067,8520424245.24471971022796449978,2.93058357,54225033.23335134,53.617589104980546
2017-12-10,149.91303548254,8131838957.0909465716382556036,2.75067756,54243708.23335134,54.50040297799935
2017-12-11,217.038088219198,11776841140.61787414732206702532,3.62983681,54261633.23335134,59.79279498771681
2017-12-12,342.120796823764,18568908420.10773286430507324376,4.05268036,54275883.23335134,84.4184012636427
2017-12-13,307.195859337528,16678095806.88890777828767108752,3.32810506,54291408.23335134,92.30353423323962
2017-12-14,276.903783028549,15037857560.34499787452316740566,2.95650863,54307158.23335134,93.65904777641354
2017-12-15,302.810059206699,16449386793.89455282750454862666,3.14188827,54322458.23335134,96.37836650591619
2017-12-16,299.010074689937,16248067890.72069798181788346558,3.06729779,54339533.23335134,97.48322307171127
2017-12-17,321.877116294337,17495528696.24327873279037336158,3.24337751,54354683.23335134,99.24133570696708
2017-12-18,359.07262925673,19522701017.7179405839711495182,3.51742718,54369783.23335134,102.08388429429547
2017-12-19,348.745340178617,18965890455.34467791277211629678,3.26435216,54383208.23335134,106.83447222759722
2017-12-20,305.197573793135,16601918863.7568108615819350509,2.76910693,54397283.23335134,110.21516377236287
2017-12-21,308.600572528376,16791384017.87310202827172762384,2.76943169,54411383.23335134,111.43101078921214
2017-12-22,269.281446661413,14655995017.51682206878324984342,2.44915053,54426308.23335134,109.94891631320556
2017-12-23,290.283246999634,15803428753.20983511158757340956,2.51813346,54441408.23335134,115.27714936905448
2017-12-24,274.257678661059,14935190956.92741733404452346906,2.36901547,54456783.23335134,115.76863137202687
2017-12-25,269.230464513094,14665221195.35368490495493244596,2.32238682,54470883.23335134,115.92834673127105
2017-12-26,278.188374788544,15157485354.50115213928095904896,2.39442342,54486408.23335134,116.18177990780929
2017-12-27,263.095982357807,14339075229.43920554336662291138,2.26605789,54501308.23335134,116.10293961104719
2017-12-28,247.796903604872,13508929011.73512090402371172848,2.15291278,54516133.23335134,115.09844054382546
2017-12-29,243.880431367358,13299064101.87902804806502155972,2.13899278,54531083.23335134,114.01648179820316
2017-12-30,217.55780150553,11866904193.2054182947594429102,1.91942969,54545983.23335134,113.34502255486628
2017-12-31,229.03527344673,12496229389.6816621906508641182,1.97746387,54560283.23335134,115.82273482788335
2018-01-01,224.817223941702,12269171409.96303840094224358068,1.93598778,54573983.23335134,116.12533212461804
2018-01-02,250.52089510924,13675399106.7154741796606003816,2.14419239,54587858.23335134,116.83694815708212
2018-01-03,243.312843948224,13285430736.75204366432096102016,2.07564749,54602258.23335134,117.22262335991549
2018-01-04,236.355790970386,12909258901.64171381218747341724,2.01995432,54617908.23335134,117.01046337047165
2018-01-05,243.522199069532,13304137224.84537994437804537288,2.05375039,54632133.23335134,118.57438968984543
2018-01-06,278.298882327921,15207985632.27257048331568476414,2.31176254,54646233.23335134,120.38385323430361
2018-01-07,271.739536654928,14853149441.11711526483056640352,2.2440038,54659508.23335134,121.09584513846544
2018-01-08,253.147462784921,13840466219.50994985435444714414,2.09258135,54673533.23335134,120.973773748352
2018-01-09,245.186071789648,13408492726.66355289463455892832,2.02865745,54687008.23335134,120.86124830470912
2018-01-10,245.862073757587,13448872588.12338121583276161658,2.03007765,54700883.23335134,121.10968945330094
2018-01-11,223.887672710633,12250138993.92814556472164279822,1.85554904,54715558.23335134,120.6584508866621
2018-01-12,234.819813287301,12851496588.22204609422449333334,1.94387639,54729183.23335134,120.79976612468707
2018-01-13,257.258397803211,14083214355.31896549727034315274,2.11275901,54743458.23335134,121.76419392158266
2018-01-14,239.082684388729,13091978499.43102893953899304686,1.96486136,54759208.23335134,121.67916233475576
2018-01-15,232.575926584588,12738923842.48410762385923314792,1.91146513,54773183.23335134,121.67416655128206
2018-01-16,188.938047055828,10351638470.16273167778451860952,1.56795403,54788533.23335134,120.49973624279532
2018-01-17,187.200901159266,10259289528.08526954810027451644,1.55897953,54803633.23335134,120.07912711930605
2018-01-18,191.632631992248,10504967106.48783632710194041232,1.59912435,54818258.23335134,119.83597897952589
2018-01-19,191.823095154179,10518237355.93603463760717624986,1.60220031,54833008.23335134,119.72478968886169
2018-01-20,210.401029411956,11539966932.95211885740734462104,1.75410455,54847483.23335134,119.9478271759548
2018-01-21,189.730933171879,10408939382.15046051956541496786,1.58534399,54861583.23335134,119.678085241222
2018-01-22,178.208224402851,9779378265.60982501860898067034,1.4950763,54876133.23335134,119.19674226850563
2018-01-23,177.964732344204,9768561258.63077136559334463336,1.49298221,54890433.23335134,119.20083920102704
2018-01-24,179.364256404273,9848040815.70965094747468627582,1.50578921,54905258.23335134,119.11644419624508
2018-01-25,178.877801932029,9823907747.64014670317555606886,1.50247729,54919658.23335134,119.05524504269145
2018-01-26,175.330602195768,9631959022.52010448533340512912,1.47342938,54935983.23335134,118.99491388977734
2018-01-27,179.312606960357,9853587854.02923065994863282838,1.50695171,54952008.23335134,118.99028069078403
2018-01-28,191.430220792839,10522226878.54425066984184305426,1.6078163,54966383.23335134,119.0622465967281
2018-01-29,179.37697628745,9862501902.685836795174682683,1.508514,54981983.23335134,118.90971929160088
2018-01-30,163.640812451525,8999832839.0947373758270437935,1.38873726,54997483.23335134,117.83424926002562
2018-01-31,160.959500680466,8854560513.11930378584565292444,1.36812064,55011108.23335134,117.6500784904948
2018-02-01,141.184088210593,7768906217.96265548293907874462,1.20600262,55026783.23335134,117.06781218318828
2018-02-02,130.603491471987,7188515198.54119998981273891258,1.12198885,55040758.23335134,116.40355558968969
2018-02-03,157.100198870068,8649360900.01622946124085369112,1.34902707,55056333.23335134,116.4544451061816
2018-02-04,149.373604722595,8226203561.9449326917828715273,1.28755284,55071333.23335134,116.0135724780002
2018-02-05,124.362469159974,6850653763.49833286343060726516,1.07620109,55086183.23335134,115.55690689736618
2018-02-06,143.090896872154,7884660168.47064968145094458636,1.24042987,55102458.23335134,115.35589422089133
2018-02-07,138.550625204593,7636457848.71559680399855070462,1.19273462,55116733.23335134,116.16215617569063
2018-02-08,148.956690546532,8212344796.21765221335457455288,1.28319784,55132433.23335134,116.08240436761646
2018-02-09,162.326772955935,8951868350.0488922666231932029,1.39544837,55147208.23335134,116.3258895461213
2018-02-10,155.002861841779,8550083137.67502331204599763386,1.33389855,55160808.23335134,116.20288652520013
2018-02-11,150.159758018205,8285125948.8757130502638811447,1.29144708,55175408.23335134,116.27248250714617
2018-02-12,161.880731687213,8934202961.65651680742061441542,1.38938494,55190033.23335134,116.51251357828377
2018-02-13,158.693864739222,8760715946.24418681320220425748,1.34359877,55205133.23335134,118.11105240831829
2018-02-14,212.858959858422,11754009658.23670769474498398548,1.78295634,55219708.23335134,119.38540225747872
2018-02-15,222.407887508017,12284545812.14634202380102769278,1.84262341,55234308.23335134,120.70175940509567
2018-02-16,229.013808083283,12652745690.92803155347591964922,1.88719513,55248833.23335134,121.35141959765602
2018-02-17,229.433352286562,12679429613.10518951345730669308,1.8602939,55264108.23335134,123.33177692329261
2018-02-18,214.821633670439,11875132226.91102468347305903826,1.73785844,55279033.23335134,123.61284942773533
2018-02-19,221.642902044735,12255297266.5508657881326521949,1.78332469,55292983.23335134,124.28634184655122
2018-02-20,229.484258284412,12692231190.02192769636964131208,1.83540402,55307633.23335134,125.0320124527198
2018-02-21,210.711725105495,11657074808.0467732016638996133,1.68480386,55322383.23335134,125.06602703622427
2018-02-22,194.128871678134,10742544942.93665059530261759956,1.51620109,55337183.23335134,128.0363620356809
2018-02-23,207.27976845307,11473403269.9636032554736116138,1.60370199,55352258.23335134,129.25080204774827
2018-02-24,206.092393256097,11410580121.87595691241819811998,1.59293238,55366333.23335134,129.37924788502136
2018-02-25,217.572965717028,12049274222.62582335956654461752,1.67841483,55380383.23335134,129.63003056701305
2018-02-26,218.842562901511,12122741805.22433005698987987474,1.68564469,55394808.23335134,129.82721934212069
2018-02-27,215.625596098695,11947654335.9529065062392505013,1.65176966,55409258.23335134,130.54217020713102
2018-02-28,202.408565780345,11218238353.9550879802066514123,1.54630082,55423733.23335134,130.8985697752815
2018-03-01,209.268883483766,11601471012.44561013596866434644,1.59721166,55438108.23335134,131.02138478238132
2018-03-02,210.513789218557,11673643938.14955172778382881638,1.60526543,55453108.23335134,131.13955192977463
2018-03-03,210.141015986598,11656135126.06183141591806534132,1.60166014,55468158.23335134,131.20200143495984
2018-03-04,212.266749460853,11777065141.28482007683332509302,1.61588715,55482383.23335134,131.36235996483603
2018-03-05,210.767825089176,11697215568.90715369245283909584,1.60214363,55498108.23335134,131.5536392259513
2018-03-06,195.944181117965,10877592999.2101877424248308231,1.49057451,55513733.23335134,131.4554755924043
2018-03-07,185.887516768859,10322186626.63856046095771792106,1.41554012,55529208.23335134,131.3191439383993
2018-03-08,176.321183689984,9793545606.32439505391591097856,1.34671874,55543783.23335134,130.926509339273
2018-03-09,186.752871447147,10375538199.49223236674049162698,1.42662585,55557583.23335134,130.90529058277403
2018-03-10,177.667481665012,9873436471.00176086165198131608,1.35780397,55572558.23335134,130.84913992777027
2018-03-11,187.846217233864,10441813920.13813339096525777776,1.43517854,55587033.23335134,130.88700255639554
2018-03-12,178.648995420504,9933175920.87752655406047187536,1.36511394,55601633.23335134,130.86746108570543
2018-03-13,175.721378805392,9773167660.34685867482182242528,1.34554325,55617408.23335134,130.59511747793465
2018-03-14,160.902820981768,8951214316.79986415741967836912,1.23524655,55631183.23335134,130.25968053241516
2018-03-15,164.701304578563,9164838389.57876059925981132442,1.26484294,55645208.23335134,130.2148269717685
2018-03-16,166.161816907622,9248721796.82749796355424991348,1.27697533,55660933.23335134,130.12139937552433
2018-03-17,152.891359898531,8512296522.27095065894247288154,1.17701546,55675458.23335134,129.89749505799267
2018-03-18,153.69999515973,8559480988.4137239346065095382,1.18511251,55689533.23335134,129.69232360877703
2018-03-19,159.938320137947,8909221495.62459590781491729898,1.23331531,55704108.23335134,129.68161413478845
2018-03-20,168.42747353792,9384434935.9347146102481728128,1.29827449,55717958.23335134,129.73179002994968
2018-03-21,168.041747454981,9365413279.84359341405940602454,1.29348062,55732658.23335134,129.9143913381408
2018-03-22,163.695333177961,9125696966.53281949856165781774,1.26061759,55748058.23335134,129.85328340370134
2018-03-23,166.595142770783,9289937945.29203832896752589922,1.28306755,55763558.23335134,129.84128760078374
2018-03-24,159.993772938765,8924245979.9044361225365506951,1.23274321,55778708.23335134,129.78678092963497
2018-03-25,159.918001936249,8922518290.04280151886329872366,1.23235387,55794333.23335134,129.76629994779745
2018-03-26,149.184947287124,8325897518.05232857317175014616,1.15178827,55809233.23335134,129.5246280699872
2018-03-27,136.319414747976,7609971106.93475969406396188784,1.05395493,55824558.23335134,129.34083884210875
2018-03-28,131.284918869867,7330816383.56639436533575007178,1.02170531,55838983.23335134,128.49587604655497
2018-03-29,115.6617471196,6460163501.270905063899800264,0.90312173,55853933.23335134,128.06883421972364
2018-03-30,118.263547819808,6607261213.67280207697027534272,0.925438,55868958.23335134,127.79197290343382
2018-03-31,116.087309016232,6487435741.58161195698781895088,0.90912635,55884108.23335134,127.69106188180773
2018-04-01,114.628859257421,6407679667.51098854610859529414,0.89966048,55899358.23335134,127.41346519680513
2018-04-02,118.626651395473,6632891562.82137654863049448382,0.93194091,55914008.23335134,127.28988514462038
2018-04-03,134.187607567913,7504926133.43649759247063955342,1.05408215,55928608.23335134,127.30279852278402
2018-04-04,118.048879866001,6604074385.16552347378835379134,0.92868843,55943558.23335134,127.11354643020695
2018-04-05,119.190740746955,6669810541.6406932589095501697,0.93885571,55959133.23335134,126.95320428626354
2018-04-06,112.991340812058,6324631911.79842750290442245772,0.8910047,55974483.23335134,126.81340604831601
2018-04-07,115.790999882989,6482936402.54674292579732635526,0.91016728,55988258.23335134,127.21947099986829
2018-04-08,117.525173297459,6581766185.82866944979151435715,0.92411181,56003033.23246385,127.17635682792431
2018-04-09,114.51546477159,6414836635.9475353460631820215,0.90149259,56017208.23246385,127.0287366106803
2018-04-10,113.993565130512,6387294079.5190089791605719912,0.89789346,56032058.23246385,126.95667159722045
2018-04-11,117.279986372662,6572922617.7631781328325432687,0.92410388,56044708.23246385,126.91212417879038
2018-04-12,129.349939260336,7251368361.0485796456118588536,1.01825783,56060083.23246385,127.03063551235937
2018-04-13,126.101532735581,7071097198.19923840738719124685,0.99347398,56074633.23246385,126.92987966889784
2018-04-14,126.468912184743,7093556959.07593880744218217106,0.99656558,56089333.23245342,126.90475641828108
2018-04-15,132.253878376368,7420104935.0716522849099159752,1.04342682,56105008.23239015,126.74954854655546
2018-04-16,128.507759631739,7211772998.41544664054577097085,1.01470969,56119358.23239015,126.64485310250559
2018-04-17,132.904505958305,7460462631.58523861176639269575,1.04944488,56134008.23239015,126.64267413292349
2018-04-18,140.447703268296,7886037870.1502398614427976844,1.10879379,56149283.23239015,126.6671084695523
2018-04-19,146.127476268894,8207243601.2470143457017169941,1.16823288,56164958.23239015,125.08420090769403
2018-04-20,155.620276695215,8742697849.27408576108751813225,1.24277807,56179683.23239015,125.2196835877664
2018-04-21,148.143904436457,8324959040.17795351450490769855,1.18234729,56195083.23239015,125.29643844022935
2018-04-22,146.841616806718,8254166725.7457876589997170277,1.17205496,56211358.23239015,125.28560674895142
2018-04-23,152.070805939488,8550399016.7523814892025072432,1.21348514,56226433.23239015,125.31740268322362
2018-04-24,165.305886721445,9297139174.49723130876461176675,1.31760097,56242033.23239015,125.45974880501568
2018-04-25,144.931746390304,8153151079.4958719562367051056,1.15635107,56255108.23239015,125.33541945034392
2018-04-26,153.803663531753,8654464201.45491671386760943295,1.22595689,56269558.23239015,125.45601300201754
2018-04-27,146.36842751086,8238242030.300810637892882029,1.16722081,56284283.23239015,125.39909009235365
2018-04-28,151.923743928437,8553270052.93055405833706369555,1.21054007,56299758.23239015,125.50079728334562
2018-04-29,153.347491399849,8635719236.35145420762661908735,1.22172137,56314708.23239015,125.51756494187295
2018-04-30,148.04890718879,8339718301.0822407268874277138,1.17991331,56330833.23234222,125.47439369828788
2018-05-01,147.990156165236,8338636058.809126073076391472,1.17301599,56345883.232252,126.16209619208686
2018-05-02,151.169924465226,8519855043.870594504405668952,1.19792869,56359458.232252,126.19275732116076
2018-05-03,161.247604953236,9090157684.28452870331625771552,1.27647566,56373908.23213032,126.32250657504585
2018-05-04,169.151074345046,9538240179.81442252780662786196,1.33781341,56388883.23202526,126.43846524534838
2018-05-05,177.339112859731,10002805253.69952422497436780841,1.400982,56404958.23169811,126.58200666370517
2018-05-06,171.317601264695,9665877527.66987819632344122645,1.33702906,56420808.23169811,128.1330424222006
2018-05-07,164.124189199841,9262444339.90111421130609681043,1.2783295,56435583.23156723,128.3895812463383
2018-05-08,159.463222982928,9001728156.08254830885297424944,1.24243911,56450183.23156723,128.3469118924693
2018-05-09,156.541277966004,8839092808.30299309176654934072,1.21973378,56464933.23136518,128.3405285094293
2018-05-10,149.147775979038,8423848971.50840947959865177338,1.16100847,56479883.23132851,128.46398612323472
2018-05-11,136.849904486082,7731343322.87653897761578356602,1.06720506,56495058.23120861,128.23206112429978
2018-05-12,142.144207897643,8032499286.21048501720906030623,1.10887305,56509508.23120861,128.187990408499
2018-05-13,144.685616010495,8178384573.0475728647659139463,1.12912437,56525208.23116474,128.1396627817846
2018-05-14,147.397849009702,8333794527.44757326440302030748,1.15008236,56539458.23116474,128.16286392715563
2018-05-15,139.515979924371,7890149510.0976625644463690065,1.08950793,56553733.2309515,128.0541206564426
2018-05-16,138.958376167905,7860754894.9988936899069116075,1.08636262,56569133.2309515,127.91159564004971
2018-05-17,132.317757093371,7487045900.8648545483926725065,1.03559392,56583833.2309515,127.76992461810804
2018-05-18,135.88750469823,7691030053.146231282153265845,1.06349728,56598508.2309515,127.77419110863171
2018-05-19,134.674392791222,7624174365.74786936469713508938,1.05429378,56611908.23089279,127.7389617068802
2018-05-20,139.123795088676,7878206026.70386808468847820128,1.08911035,56627308.23064728,127.74077033486644
2018-05-21,134.617103435411,7624942695.64341547084420283208,1.05440528,56641708.23064728,127.67112038305709
2018-05-22,128.343848135077,7271565625.75718863900458264056,1.00777205,56656908.23064728,127.35404612092289
2018-05-23,118.820941473555,6733877813.094358945289362068,0.93437261,56672483.2305176,127.16655026259278
2018-05-24,122.860123134549,6964634241.3806648130596322309,0.9668797,56687508.2304241,127.06867579756717
2018-05-25,118.255793377571,6705270015.9143360787807578611,0.93144036,56701408.2304241,126.96013449274521
2018-05-26,118.133975506004,6699930999.5736964421250162964,0.93093083,56714683.2304241,126.89876809215139
2018-05-27,117.673325482063,6675482224.2739147469904329183,0.92753628,56728933.2304241,126.86654745414702
2018-05-28,111.022463516678,6299770765.57052457340140101712,0.876713,56743208.23032504,126.63490049386515
2018-05-29,119.38791457248,6776160543.9488763792630388992,0.94329519,56757508.23032504,126.56474435375844
2018-05-30,117.238682900548,6655676164.78087904978796646412,0.92811807,56770308.23032019,126.31871600188539
2018-05-31,118.026844467697,6702075666.3613364788534708845,0.934867,56784333.2301885,126.24987775554919
2018-06-01,119.946189754747,6812740656.7267980684365798095,0.95055949,56798308.2301885,126.18483221365452
2018-06-02,123.317369406537,7005904322.70045208863762960243,0.97773945,56811983.23006939,126.12498084897464
2018-06-03,125.026493630578,7104775309.96182092114127001336,0.99137004,56826158.22974812,126.11485982628443
2018-06-04,119.506046476253,6792766492.32968935629827634523,0.94780003,56840358.22973591,126.08782727750388
2018-06-05,121.817438870842,6926098988.47746590117630442362,0.96730967,56856383.22950561,125.93427177342492
2018-06-06,121.237579755284,6895057973.90107107710715964472,0.96316925,56872283.22949558,125.87359880445106
2018-06-07,121.340893042694,6902829587.89720219919315868782,0.96449813,56887908.22949053,125.80728699048282
2018-06-08,119.956218008314,6825797686.77484666763552426642,0.95427208,56902408.22949053,125.7044196538937
2018-06-09,117.884742390275,6709638011.40297403663267659575,0.9382058,56916933.22949053,125.64912985005527
2018-06-10,106.243351623283,6048535813.41629855017980226722,0.84689049,56930958.22939734,125.45110953280748
2018-06-11,106.82226567958,6082968092.6401322413089443172,0.85237017,56944758.22939734,125.32379644348651
2018-06-12,99.3025773387117,5656285552.671118109508343006878,0.79405951,56960108.22939734,125.05684534741194
2018-06-13,93.5163083771874,5328022302.141828630295706241516,0.74986856,56974258.22939734,124.71026705958627
2018-06-14,100.476349239086,5725962088.74921999194535243124,0.80485736,56988158.22939734,124.83746093728458
2018-06-15,95.3661235180864,5436015258.675013087611662050176,0.76513982,57001533.22939734,124.63881897832269
2018-06-16,96.5368886437366,5504121489.707323574677183700644,0.77514063,57015733.22939734,124.54112829014859
2018-06-17,94.9656598486225,5415930348.94102917359880416415,0.76322081,57030408.22939734,124.42750329177018
2018-06-18,98.582476279477,5623579021.15136584374112039118,0.79266043,57044408.22939734,124.3691151322856
2018-06-19,98.5222920955673,5621522699.027503343102064410982,0.79306238,57058383.22939734,124.23019245417655
2018-06-20,97.7864539699273,5580910864.938212272854662613382,0.78822937,57072433.22939734,124.05837398564239
2018-06-21,96.6845504287697,5519453480.006604454695728652598,0.78021282,57087233.22939734,123.92074053431946
2018-06-22,85.0369148253909,4855697825.092947716323436920206,0.68765257,57101058.22939734,123.66261472038256
2018-06-23,83.0378906328051,4742718110.633522859827206678434,0.67227879,57115108.22939734,123.51704660027292
2018-06-24,80.7332657079108,4612251767.646212114794354477272,0.6543686,57129508.22939734,123.37582473839791
2018-06-25,81.6371550011033,4665082420.923133296777194085222,0.66245045,57144108.22939734,123.2351113975442
2018-06-26,76.2311700168447,4357185633.353639123077029373098,0.61978036,57157533.22939734,122.99707273209607
2018-06-27,80.7431876723357,4616123019.549966565512701167038,0.65723511,57170433.22939734,122.85282153038918
2018-06-28,74.5329645994328,4262078754.422425965526449828752,0.60732363,57183808.22939734,122.72363681853247
2018-06-29,79.5473635618612,4550030303.001760878793484729208,0.64886088,57199008.22939734,122.5954068333742
2018-06-30,80.7568393352382,4620468905.489054948981611346388,0.65923694,57214583.22939734,122.50047658924906
2018-07-01,79.8942987280615,4572241519.02813799431219145641,0.65259881,57228633.22939734,122.42483054491242
2018-07-02,85.4421537368367,4890846290.479944332514998994378,0.69945862,57241608.22939734,122.15469406444186
2018-07-03,84.8165594731547,4856174931.038628093698589588498,0.69474872,57255033.22939734,122.08235442759029
2018-07-04,85.3319573302771,4886816834.208090716705868202914,0.69944298,57268308.22939734,121.99987671657966
2018-07-05,83.1560969614995,4763314968.03439289894606771133,0.68209725,57281608.22939734,121.91237680770521
2018-07-06,82.9609530960151,4753354265.570029305963928539834,0.68103451,57296283.22939734,121.816078154417
2018-07-07,84.0935203513766,4819499153.262798504359457378244,0.69122038,57311183.22939734,121.65949208756923
2018-07-08,82.3045223542629,4718210301.927680903266646920686,0.67730546,57326258.22939734,121.51758285584012
2018-07-09,80.4489478278314,4613093166.659539072137001128476,0.66271181,57341870.72939734,121.3935629543578
2018-07-10,75.7209804827316,4342959474.992241636028344973944,0.62483132,57354770.72939734,121.18627549389106
2018-07-11,78.0722846916155,4478899289.95082358739706600277,0.64471774,57368620.72939734,121.09529465036202
2018-07-12,75.6785246938767,4342633971.832174956709479267978,0.6257475,57382645.72939734,120.94099408128152
2018-07-13,76.4411561585408,4387509912.842097145140277801472,0.63271976,57397220.72939734,120.81360657764316
2018-07-14,76.2321622444649,4376646290.634112314904127783366,0.6313115,57412070.72939734,120.75205701854773
2018-07-15,78.3083871571588,4497031076.527583345687790677592,0.64876503,57427195.72939734,120.70377337872048
2018-07-16,83.4380087413971,4792933351.701928609041292623714,0.69187759,57443045.72939734,120.59648982328953
2018-07-17,88.980402730847,5112648947.16947196282353774698,0.73891948,57458145.72939734,120.41961964630707
2018-07-18,86.3878933213263,4964958065.744221231102668492042,0.71830309,57472845.72939734,120.26663190510054
2018-07-19,86.0879331737222,4948949559.900387764129730578948,0.71605836,57487145.72939734,120.22474421459474
2018-07-20,81.7015357578887,4697913531.084380363322901796058,0.68000901,57500920.72939734,120.1477253336521
2018-07-21,83.6488123382284,4810983709.250953087250975272456,0.69664216,57514070.72939734,120.074289414566
2018-07-22,82.2446074227504,4731309853.356749855666397243936,0.68570111,57527295.72939734,119.94235713392733
2018-07-23,81.4164735082705,4684925397.85878627487297070047,0.67969193,57542720.72939734,119.78437570719797
2018-07-24,89.0793022009744,5127268408.329925047614872768096,0.74373218,57558470.72939734,119.77336008369893
2018-07-25,86.5818104840288,4984865116.141488171930719203392,0.72391324,57574045.72939734,119.60246850027055
2018-07-26,83.3201040843146,4798419019.406834435104204963164,0.69724233,57590170.72939734,119.49949178259817
2018-07-27,84.4349384940137,4863711734.102985282656198703558,0.70682463,57603070.72939734,119.45670101226341
2018-07-28,83.8444231993277,4830884734.515247181610414168318,0.70210066,57617245.72939734,119.41937670209239
2018-07-29,84.0014989224588,4841176127.199593880830314979592,0.70365856,57632020.72939734,119.37820940096115
2018-07-30,82.1667197439979,4736452962.877494244515549225586,0.68884937,57644420.72939734,119.28111329186218
2018-07-31,78.6732701099962,4536119470.038851298091735690108,0.66002165,57657695.72939734,119.19801435300828
2018-08-01,77.5656731330169,4473169377.208691457152493035046,0.65132312,57669445.72939734,119.08939012178301
2018-08-02,76.2060484146174,4395871276.454247399481148677716,0.64043514,57684020.72939734,118.99104789068475
2018-08-03,77.5946806465515,4477026514.69642025538664427301,0.65242655,57697595.72939734,118.93243867306059
2018-08-04,73.0418796824918,4215392648.303121098150563491812,0.61492889,57711995.72939734,118.78101821251528
2018-08-05,74.5859382372326,4305614679.499996342418747401284,0.62816359,57726895.72939734,118.73648747650687
2018-08-06,73.6415425086449,4252189381.616216614530517064566,0.62109287,57741720.72939734,118.56768297572776
2018-08-07,67.7550512732558,3913350227.426196852732393659572,0.57217026,57757320.72939734,118.4176389616192
2018-08-08,62.0471875760026,3584592958.021316699734344273084,0.53176379,57772045.72939734,116.68185901864925
2018-08-09,63.5799424151142,3674151082.765706677546473276228,0.54609338,57787895.72939734,116.42686900015927
2018-08-10,58.927880217966,3406107831.18515614879302061044,0.50675741,57801295.72939734,116.28420039869965
2018-08-11,58.5254479997816,3383592926.992839505921019620944,0.50388303,57814045.72939734,116.14887685299026
2018-08-12,59.3201886390667,3430287533.032330993854971062578,0.51126019,57826645.72939734,116.02739622474164
2018-08-13,56.5979239434606,3273625094.130615147094472034804,0.48871381,57840020.72939734,115.80995418046524
2018-08-14,53.9794902843111,3122935947.819865124664360072474,0.46755542,57854120.72939734,115.45046421301478
2018-08-15,54.3750807123335,3146594610.34818215858136009289,0.47239314,57868320.72939734,115.10556802821797
2018-08-16,55.0368322916056,3185643067.583080246835228969104,0.47859638,57882020.72939734,114.99634053146328
2018-08-17,61.2634980623618,3546856085.038184861152851037612,0.53278884,57895095.72939734,114.98645140983393
2018-08-18,57.2415582417945,3314908479.663745769559781790925,0.49818628,57910870.72894165,114.89990900952652
2018-08-19,57.9061778289499,3354229579.965715862053657873335,0.50416603,57925245.72894165,114.85537379214125
2018-08-20,53.6060371550627,3105964387.281184397511710391455,0.4677195,57940570.72894165,114.61150786970117
2018-08-21,56.4880545035921,3273760720.887815523270356300965,0.49325352,57954920.72894165,114.52134087880833
2018-08-22,55.1794755020279,3198719472.005609004005795772035,0.4822758,57969370.72894165,114.41477159340755
2018-08-23,57.148438923055,3313674836.47648079897093474075,0.49981658,57983645.72894165,114.33882189953563
2018-08-24,57.9073034737804,3358507539.54684361152621651366,0.50677909,57997995.72894165,114.26537640647408
2018-08-25,57.889339967451,3358354293.55197462687967823415,0.50689729,58013345.72894165,114.20329346690927
2018-08-26,56.8674544856384,3299853225.29937167650915659936,0.49814684,58027095.72894165,114.15801510582382
2018-08-27,60.2718635289647,3498255548.422464622547351209755,0.52820959,58041270.72894165,114.10596223549197
2018-08-28,63.3297580368089,3676607249.097897902685240300685,0.55511857,58054970.72894165,114.0832994234167
2018-08-29,61.4966083502088,3571107784.24102242516098051652,0.54012499,58069995.72894165,113.85625454991224
2018-08-30,60.0253272053564,3486518352.19014683523038305406,0.52746699,58084120.72894165,113.79921083849514
2018-08-31,62.1095630725427,3608470632.157477266547345433455,0.5460045,58098470.72894165,113.75284099772567
2018-09-01,66.2803406279616,3851788919.987112393130515153984,0.58260442,58113595.72829599,113.7655986680664
2018-09-02,66.1308481356612,3844000753.259796538835027958588,0.58151837,58127195.72829599,113.72099584001312
2018-09-03,65.3529086999781,3799758341.402149528054663317819,0.57536763,58142145.72829599,113.58461145959514
2018-09-04,67.7224751378735,3938484905.438215268418923255195,0.59648778,58156245.72817237,113.53539403250389
2018-09-05,58.7046083802418,3414942213.688225688339480553132,0.51773887,58171620.72811974,113.38651930893619
2018-09-06,57.3157376729554,3334936012.158497165664269542384,0.50615815,58185345.72803896,113.23681673989722
2018-09-07,55.8450652765132,3250126715.459848589278782554272,0.49357753,58198995.72803896,113.14345139762176
2018-09-08,53.0754678606272,3089736386.179993346942365778304,0.46957542,58214020.72787082,113.02863310142425
2018-09-09,54.7950945820333,3190611272.985641609300635338306,0.48501205,58228045.72787082,112.97676950919734
2018-09-10,54.068087993437,3149075252.69392973581924678775,0.48030519,58242770.72783075,112.57027639746512
2018-09-11,51.7455420135678,3014566986.42826303274756204985,0.46014895,58257520.72783075,112.45389566480115
2018-09-12,51.6851514056047,3011759450.164913498373823004525,0.46001933,58271270.72783075,112.35430347156216
2018-09-13,54.69009421429,3187659761.4666244013251735316,0.4870365,58285870.72782404,112.29157201624518
2018-09-14,56.8167317058163,3312464930.358257559904310963852,0.50624769,58300870.72782404,112.23109325361328
2018-09-15,56.6153766438249,3301543847.111207222498279770596,0.50481285,58315320.72782404,112.1512192960716
2018-09-16,56.8384665992689,3315339201.214814949775451844356,0.50715077,58329145.72782404,112.07410096068455
2018-09-17,52.2442917267553,3048093713.439910040720763308958,0.46678332,58343095.72769886,111.9240758790509
2018-09-18,54.1232611557572,3158561576.498088477450796876792,0.48386823,58358670.72769886,111.85537259959636
2018-09-19,54.105018866014,3158182761.83177251790688054404,0.48455515,58371345.72769886,111.65915554919599
2018-09-20,56.5542400542217,3301999653.741066964937469277262,0.5097259,58386420.72769886,110.95029711894512
2018-09-21,60.7824111255352,3549788282.348014054367281929872,0.54820913,58401570.72769886,110.87449624477286
2018-09-22,60.4930970363573,3533824991.126092939069205251602,0.54639681,58416995.72766474,110.71275660697452
2018-09-23,61.5298562367324,3595332293.951850191907260295576,0.55597182,58432320.72766474,110.67081823811215
2018-09-24,57.8868560369727,3383285331.224269697565170132598,0.52337303,58446520.72766474,110.60343716406767
2018-09-25,57.3402143663939,3352151692.043542535921781981086,0.5190957,58460745.72766474,110.46174022707932
2018-09-26,57.2937069311568,3350173353.859785799152410771232,0.51938266,58473670.72766474,110.31116620481093
2018-09-27,63.148056537894,3693384316.58171435648193765756,0.57283471,58487695.72766474,110.23783202294777
2018-09-28,61.7965899603029,3615301087.579340399260920049746,0.56098586,58503245.72766474,110.15712581472714
2018-09-29,61.4648185789793,3596727306.465033186728641799882,0.55820271,58516845.72766474,110.11200318067122
2018-09-30,61.0281947826419,3572109664.809035097008474676606,0.55450356,58532120.72766474,110.05915774939642
2018-10-01,60.0140053279579,3513636712.83433299005824549706,0.54566022,58546945.7276414,109.98420469052682
2018-10-02,59.3874909713069,3477778727.547748585475232184723,0.54035339,58560795.72763967,109.90491050922601
2018-10-03,57.17542294938,3348988691.4034147250936236938,0.52072202,58573920.72759001,109.80027875406536
2018-10-04,58.0038518460271,3398277220.672138224963876149271,0.52846502,58587095.72759001,109.75911299867512
2018-10-05,58.5163373180585,3429143428.428151857739516519855,0.53345188,58601470.72755863,109.69375029301332
2018-10-06,57.5832903716843,3375313419.063489260953320100509,0.52512205,58616195.72755863,109.65696521729434
2018-10-07,57.9082288598552,3395221461.989822076066711310376,0.5284455,58631070.72755863,109.58221587629225
2018-10-08,59.1458433721133,3468705322.501872032407715266918,0.54006676,58646645.72755646,109.51580018017273
2018-10-09,58.4179388177846,3426835473.572569188579598836986,0.53411771,58660670.72755591,109.37278005214358
2018-10-10,57.4280777431805,3369580730.607315847487934971755,0.52571531,58674795.72755591,109.23797852335801
2018-10-11,50.7574061958862,2978907540.047457053910283224062,0.46529669,58689120.72754601,109.08611061876715
2018-10-12,52.9852085801042,3110442133.479356645146576094242,0.48614775,58703970.72754601,108.98992863816444
2018-10-13,52.8527067810508,3103398404.370635274049453147308,0.48516243,58717870.72754601,108.93816897786337
2018-10-14,51.3759689953656,3017464567.503344060433950771256,0.4719124,58732995.72754601,108.86759702725675
2018-10-15,53.5943308728589,3148552821.847743714345039435327,0.49263295,58747870.72754043,108.79160817979977
2018-10-16,53.0856450162613,3119431717.050528496576603194359,0.4883583,58762245.72754043,108.70224795249983
2018-10-17,52.8026700928216,3103525551.578152240351566777288,0.48618709,58775920.72754043,108.60566061682468
2018-10-18,51.7163545453888,3040470201.119419019760622069184,0.47658334,58791270.72754043,108.51481830101068
2018-10-19,52.4370873191954,3083518124.245728641087968570022,0.48339302,58804145.72754043,108.47712968465163
2018-10-20,52.8389836080736,3107892358.929383232292818415648,0.4880056,58818170.72754043,108.27536325008073
2018-10-21,52.2037288646838,3071259994.274529280756463666034,0.48229735,58832195.72754043,108.23971739567675
2018-10-22,51.734075044345,3044376786.175959008647264636,0.47815402,58846645.7275288,108.19542005386674
2018-10-23,52.0892006446675,3066027425.516228598886672674,0.48190442,58861095.7275288,108.09031518048226
2018-10-24,51.8477327376298,3052529858.63673580519952323824,0.47986921,58874895.7275288,108.0455500314967
2018-10-25,51.7844951529331,3049525262.30190376850623472328,0.47971508,58888770.7275288,107.9484412975575
2018-10-26,51.5936570185655,3038924220.8252401216885359364,0.47822634,58901120.7275288,107.88543562566105
2018-10-27,51.4947588183618,3033848254.73611383881817831984,0.47749273,58915670.7275288,107.84406878479973
2018-10-28,51.3622392987575,3026834324.949992155013374162175,0.47645431,58931120.72750329,107.80097528923078
2018-10-29,48.6648692871507,2868576061.266979843686088975803,0.45188073,58945520.72750329,107.6940574278321
2018-10-30,48.9092491653263,2883664667.198449837423137173527,0.45502183,58959495.72750329,107.48769826125988
2018-10-31,49.4558908709903,2916607787.733835591502408808087,0.46028382,58973920.72750329,107.4465117435375
2018-11-01,50.1080857054919,2955758007.678256505574374726891,0.46656091,58987645.72748989,107.3988082402615
2018-11-02,51.0868335134108,3014202143.614170312805536416812,0.47581835,59001545.72748989,107.36625334733475
2018-11-03,50.6243121698395,2987615081.742864716852199172655,0.47168043,59015420.72748989,107.32756533876018
2018-11-04,53.8970711988914,3181570831.125170194998147809792,0.50229104,59030495.72739328,107.30247387827464
2018-11-05,53.2824207980315,3146102934.25683367182507943525,0.49687696,59045795.7265535,107.23463772204593
2018-11-06,55.5231066581782,3279181949.2579805843866748337,0.51797552,59059770.7265535,107.1925303693468
2018-11-07,53.7593983893996,3175808006.431403854195935442908,0.50197272,59074470.72654773,107.09625493074522
2018-11-08,52.0629881618329,3076349685.005849284932066134317,0.48636797,59088995.72654773,107.04444242459655
2018-11-09,51.513118173873,3044564149.35611196218417345829,0.48141062,59102695.72654773,107.00453216813746
2018-11-10,51.801726198649,3062358541.18386362078996001677,0.48424643,59116920.72654773,106.97389384708319
2018-11-11,50.5409713191001,2988544276.706694288999283297773,0.4726938,59131120.72654773,106.92116401590225
2018-11-12,50.1688431634088,2967236014.505656776056682702024,0.46947909,59144995.72654773,106.86065520704831
2018-11-13,48.9126060937849,2893695246.600826377971586203277,0.45819583,59160520.72654773,106.7504392036586
2018-11-14,42.5640083825196,2518709052.636380116171977984972,0.39939689,59174620.72652857,106.57070560193796
2018-11-15,43.2106314684563,2557545269.366658874655555746491,0.40733388,59187870.72652857,106.08160428112755
2018-11-16,41.6484799624689,2465689792.146198455581936921398,0.3929493,59202395.72652182,105.9894494339827
2018-11-17,41.4839201905027,2456541716.562318242682768318914,0.39185052,59216720.72652182,105.86669679678543
2018-11-18,41.7247979286353,2471375249.802029447261714319505,0.39434425,59230370.72651585,105.80805458336289
2018-11-19,36.1089883145887,2139219986.730022819367476780895,0.342371,59243420.72651585,105.4674266061924
2018-11-20,32.135401754473,1904209605.33761500360244289705,0.30585634,59255820.72651585,105.06697933570055
2018-11-21,34.1472030683881,2023890067.372800035466358847406,0.32543747,59269570.72646526,104.92707882834789
2018-11-22,31.8237826963713,1886617129.534612959571377511038,0.30357773,59283245.72646526,104.82910817065303
2018-11-23,31.7783079176252,1884324821.562405113551649500552,0.30579658,59295945.72646526,103.91976233882406
2018-11-24,28.7105859701656,1702814682.489269607265319501408,0.27660508,59309645.72644868,103.79630760998893
2018-11-25,30.4537332507175,1806596790.0234158367808369279,0.29383842,59322670.72644868,103.64108699848543
2018-11-26,28.911148708649,1715447944.52543470201177063332,0.27951314,59335170.72644868,103.43395200901467
2018-11-27,30.8380572929407,1830140657.716105007795144833276,0.29848354,59346820.72644868,103.31577176061602
2018-11-28,34.159751925243,2027726144.27416407330523602924,0.33093944,59360095.72644868,103.22055275503881
2018-11-29,33.4913459309177,1988507494.622487451667534353636,0.33806277,59373770.72644868,99.06842427788692
2018-11-30,31.6219369833635,1877970573.36584225857759653518,0.38642078,59388220.72644868,81.83291018501515
2018-12-01,33.762602108851,2005601396.91596858663502526668,0.41279031,59403045.72644868,81.79116924728926
2018-12-02,33.2709482777548,1976891399.034537972237663222788,0.40710397,59417945.72643131,81.72592440637413
2018-12-03,30.6282260025414,1820324928.000265160890212531234,0.37533248,59432920.72643131,81.60291910399388
2018-12-04,30.6671650908347,1823119132.881631932300320114457,0.37617482,59448570.72643131,81.52370509763173
2018-12-05,28.849609912454,1715472691.08949757982294453474,0.3545069,59462595.72643131,81.3795441286305
2018-12-06,26.4989939027311,1576062660.286582631994965550741,0.32710311,59476320.72643131,81.01113408163897
2018-12-07,24.7874493175822,1474598437.423535434313843578682,0.30867307,59489720.72643131,80.3032454939532
2018-12-08,24.2497213803298,1442931067.660914057198984846038,0.30250943,59502995.72643131,80.16186926909947
2018-12-09,25.343089069893,1508335653.78621526147405354983,0.31644142,59516645.72643131,80.08777444461285
2018-12-10,24.0466751023891,1431512292.918289180559898042721,0.30081372,59530570.72643131,79.93875778800614
2018-12-11,23.2571445775333,1384805874.475204779875411687623,0.29144279,59543245.72643131,79.80003409085295
2018-12-12,23.9915556918707,1428873376.855674205475088951617,0.30089762,59557345.72643131,79.73328500195748
2018-12-13,22.8561172882366,1361600520.699745282844360927946,0.28756914,59572695.72643131,79.48042438850219
2018-12-14,23.1585522971493,1379948556.760571336275175264583,0.29189516,59586995.72643131,79.33859642328191
2018-12-15,23.4264407148814,1396236264.628053403966631896634,0.29562367,59600870.72643131,79.24413060321388
2018-12-16,25.2443170851702,1504924077.450920146009569958962,0.31885015,59614370.72643131,79.17298168174047
2018-12-17,28.8854726049359,1722379226.358990907905698303029,0.36639151,59627870.72643131,78.83772362775518
2018-12-18,29.8850788576405,1782371377.670771110231591924055,0.37933027,59640845.72643131,78.78379665730473
2018-12-19,29.1737867604209,1740363583.206065142473710538379,0.37081537,59655045.72643131,78.67469668374561
2018-12-20,32.2171646182046,1922444789.974698885735017426026,0.40953566,59671445.72643131,78.66754416014615
2018-12-21,30.1870116848298,1801801469.762561000702218741038,0.3841069,59687970.72643131,78.59013124947717
2018-12-22,31.4087908657103,1875246805.233947014649967309493,0.39976642,59704520.72643131,78.56785686429164
2018-12-23,33.1538135161328,1979924880.364903836356056037968,0.42224935,59719370.72643131,78.5171451800525
2018-12-24,33.5983041826901,2006941639.439244594352048667031,0.42804179,59733420.72643131,78.49304663147517
2018-12-25,30.5942016975256,1827915462.32184813465847412248,0.39014516,59747120.7254833,78.41748362974847
2018-12-26,30.4816758116174,1821622156.26069275457036968942,0.38944596,59761220.7254833,78.26933372634653
2018-12-27,27.6971220880183,1655616127.26104898905190674439,0.35447406,59775745.7254833,78.13582209095443
2018-12-28,31.9284068752424,1908980153.547255153773563165296,0.4086887,59789395.72545654,78.12402661302453
2018-12-29,31.6623828081416,1893544921.711570921241888966064,0.40547288,59804245.72545654,78.08754757689738
2018-12-30,31.5311927643651,1886175321.107295937015646053686,0.40416992,59819345.72544786,78.01469432550819
2018-12-31,29.8134807549924,1783855208.032824050638420896264,0.38262266,59833845.72544786,77.9187535704038
2019-01-01,31.6459548832744,1893950928.326282531855963272784,0.4062669,59848120.72544786,77.89449468631187
2019-01-02,33.2462260611798,1990216195.120725022175114985228,0.426957,59862920.72544786,77.86785568846464
2019-01-03,31.5623087321775,1889874373.359559485222812773125,0.4056425,59877570.72513675,77.80819004955718
2019-01-04,32.0715969792328,1920845579.6072357362066900854,0.41232425,59892420.72513675,77.78246605488957
2019-01-05,34.4364017907667,2062989983.968999910992244846225,0.44304803,59907245.72513675,77.72611423363443
2019-01-06,38.9921864893942,2336488657.32655195688721965685,0.50140042,59921970.72513675,77.76656128328374
2019-01-07,37.5538488171956,2250808545.2454586791145614983,0.48343845,59935495.72513675,77.6807240243212
2019-01-08,39.1472020060687,2346889273.108065750241223890206,0.50383305,59950370.72494338,77.69875756675489
2019-01-09,38.720590677336,2321862630.16793093334444923568,0.49841983,59964545.72494338,77.68669773298548
2019-01-10,33.337615625765,1999570873.5842055091828941857,0.4296404,59979420.72494338,77.59422909429608
2019-01-11,31.6291992785401,1897606327.179106954517921559538,0.4174259,59995395.72494338,75.77200954358631
2019-01-12,31.9866931211879,1919558102.154651065442205841102,0.42233523,60011145.72494338,75.73768620057557
2019-01-13,29.7821677692433,1787687150.449677531048297944354,0.39361145,60025420.72494338,75.66387555352696
2019-01-14,32.0247087781171,1922737758.363684924858380509798,0.4234574,60039195.72494338,75.62675437509677
2019-01-15,30.9806328287327,1860457349.861124535629444654526,0.41000082,60052270.72494338,75.56236796973407
2019-01-16,31.4121211856784,1886827822.456399619923306888992,0.4166796,60066870.72494338,75.38675084088207
2019-01-17,31.5897884057628,1897973583.223355780794495710264,0.41922294,60081870.72494338,75.35319609600276
2019-01-18,30.9035440794436,1857208611.225420026584840166844,0.41071503,60096945.72412479,75.2432753177881
2019-01-19,32.222637078172,1936949299.81270718601751308388,0.42830771,60111445.72412479,75.2324469670929
2019-01-20,30.6286604658545,1841564925.308428031020691983055,0.40764401,60125545.72412479,75.13580407045475
2019-01-21,30.8862020436416,1857475210.652680716461544435264,0.41120955,60139320.72412479,75.11061463344322
2019-01-22,31.4971473304471,1894680053.266526658601066893609,0.41949739,60154020.72412479,75.0830591113978
2019-01-23,31.6255046738088,1902873274.216456558281815800152,0.42136716,60168945.72412479,75.05450750791495
2019-01-24,32.5091321820515,1956504277.662153990240284206685,0.4332223,60183220.72412479,75.04030190055198
2019-01-25,32.6693607494506,1966640656.247561035122158340374,0.43567305,60198320.72412479,74.98595735827728
2019-01-26,32.7611034035873,1972662197.690565451929162951647,0.43709357,60213545.72186239,74.95215132903304
2019-01-27,32.1768072778563,1937998507.226110260583742794557,0.42947324,60229670.72186239,74.92156502662728
2019-01-28,30.9841910034323,1866610695.651367548185138281197,0.41401867,60243970.72186239,74.8376661454236
2019-01-29,30.679393669252,1848709451.86478835957711823228,0.41028247,60258995.72186239,74.77627223325432
2019-01-30,31.5699884824974,1902843036.735596713881046332786,0.42245662,60273795.72186239,74.72953905302134
2019-01-31,31.1843187645176,1880027602.536924313048521933064,0.41743287,60287595.72186239,74.70499092349291
2019-02-01,32.53457137152,1961889823.2866141742710051328,0.4356953,60301695.72186239,74.67276183956999
2019-02-02,34.0292471559838,2052524089.770915875105168669282,0.45576369,60316470.72186239,74.66423478356471
2019-02-03,33.0921482137596,1996516999.067191006200735741444,0.44349015,60332045.72186239,74.6175494850553
2019-02-04,33.6915764568819,2033161836.202731821593000281741,0.45181091,60346295.72186239,74.57008166731056
2019-02-05,33.9084738269314,2046747548.178597712134146770046,0.45489562,60360945.72186239,74.5412185479636
2019-02-06,32.494771023825,1961887096.56256864651106144175,0.4363702,60375470.72186239,74.46606350256044
2019-02-07,32.7655217289336,1978715451.001191847556940647304,0.44019114,60390170.72186239,74.4347597021912
2019-02-08,42.2037650762442,2549298202.088605028720170435638,0.56643727,60404520.72186239,74.50739439557746
2019-02-09,44.1134846860007,2665290236.845684049926364843673,0.59222572,60418945.72186239,74.48762050726317
2019-02-10,46.4170292628414,2805157264.486265965487631194946,0.62175116,60433795.72186239,74.6553159029754
2019-02-11,42.5130883799226,2569863932.156213449414156051014,0.57001476,60448770.72186239,74.58243428630269
2019-02-12,43.4861057012327,2629318704.569011451118462768153,0.58304098,60463420.72186239,74.58499006576295
2019-02-13,41.2701916787495,2495943634.561812911920226281305,0.55386194,60478120.72186239,74.51350002267623
2019-02-14,41.0549605287628,2483519076.895439401974378551092,0.55190443,60492545.72186239,74.38780755712143
2019-02-15,42.0306597570396,2543161559.304175909375424980644,0.56503649,60507295.72186239,74.38574410838423
2019-02-16,43.1570861152128,2611962691.577331756979327166592,0.58018001,60522220.72186239,74.3856826697852
2019-02-17,43.3850079707347,2626388280.289862002718257136613,0.58345087,60536770.72184679,74.35931661347031
2019-02-18,47.2558017774879,2861427200.087665069328934878841,0.6349164,60551870.72184679,74.4283842368663
2019-02-19,47.1161456482382,2853683391.906753311562213825378,0.63303095,60566995.72184679,74.42945032662023
2019-02-20,50.9410596109151,3086091952.517446799799713897529,0.68389283,60581620.72184679,74.48690405324925
2019-02-21,48.2198271602653,2921953755.720886906748322353387,0.64783435,60596520.72184679,74.43234086038397
2019-02-22,49.1436690342554,2978639342.040753481012660530166,0.66031305,60610845.72184679,74.42480355984999
2019-02-23,51.2720777760612,3108441276.732792614654116063548,0.68879813,60626395.72184679,74.43701651173356
2019-02-24,44.0633190114949,2672032523.836679684894066666371,0.59268614,60640745.72184679,74.34511461917246
2019-02-25,45.3936280269299,2753365066.701646379761381870021,0.61075499,60655320.72184679,74.32379394383646
2019-02-26,44.5705988114815,2704110296.127405385450735919385,0.59994365,60670270.72184679,74.29130854452997
2019-02-27,44.8803135941252,2723571736.525188771656638478108,0.6044426,60685220.72184679,74.25074538777577
2019-02-28,45.5048397999987,2762078736.786529630952303599173,0.6128506,60698570.72184679,74.25111405618057
2019-03-01,46.9952179872841,2853216943.967887830043288403039,0.63264293,60712920.72184679,74.28395348903068
2019-03-02,48.314646998938,2934028726.79672021992652870902,0.65048186,60727520.72184679,74.27516425890494
2019-03-03,47.4218987724592,2880530411.045301055708613925968,0.6386835,60742620.72184679,74.24945027147123
2019-03-04,45.5196905160834,2765693127.581825432206245662286,0.61351245,60758170.72184679,74.19521888444707
2019-03-05,52.2836275974324,3177481038.656917633769990181996,0.70390648,60773920.72184679,74.27638341592252
2019-03-06,55.3516512063597,3364735309.807271382206877030363,0.74476837,60788345.72184679,74.32062562801869
2019-03-07,56.4447385587237,3432002141.514517838022929341923,0.76008635,60802870.72184679,74.26095542792433
2019-03-08,55.3088162319878,3363742311.848922522626288749162,0.74689032,60817470.72184679,74.0521261970403
2019-03-09,57.2078477740438,3480054679.280945690028162349402,0.77261229,60831770.72184679,74.04470329360642
2019-03-10,56.560630744404,3441493552.36203624560333786316,0.76434316,60846095.72184679,73.99900163220404
2019-03-11,54.6734175634937,3327530572.177218543784048530223,0.73914019,60861945.72184679,73.96894162052493
2019-03-12,56.2492690092713,3424207759.857805178112468144127,0.76076062,60875595.72184679,73.93819754927812
2019-03-13,55.1359932744021,3357227637.798453535473245054259,0.74579007,60889945.72184679,73.9296425258144
2019-03-14,55.532213836474,3382179527.99770870413234181846,0.7509179,60904820.72184679,73.95244385101753
2019-03-15,58.0737677961345,3537818841.431359945472563233255,0.78519924,60919395.72184679,73.96055018613428
2019-03-16,60.9147546894066,3711758081.477507161242601214814,0.82319433,60933645.72184679,73.99802509500593
2019-03-17,60.2640566192164,3673066874.296893659497610655356,0.81657479,60949545.72184679,73.8010251568217
2019-03-18,59.0148093839631,3597849404.580790980580141213449,0.79982903,60965195.72184679,73.7842803529688
2019-03-19,59.1782889651692,3608635588.547714006613808826868,0.80941419,60979045.72184679,73.1124925857418
2019-03-20,60.1164238432064,3666709337.582741839706003147456,0.822157,60993470.72184679,73.1203697629606
2019-03-21,58.5202436712331,3570192534.493378186939428576749,0.80054365,61007820.72184679,73.10062814342865
2019-03-22,59.2112886302092,3613282778.975038105094008048468,0.81004993,61023545.72184679,73.09585056097615
2019-03-23,60.4975019390258,3692681050.142934537901708311762,0.82750014,61038570.71428689,73.10875130368653
2019-03-24,59.469909310439,3630822065.1819224674512269771,0.81352914,61053095.7131389,73.1011421550788
2019-03-25,58.7302934582854,3586572142.54602798912684604206,0.80337655,61068520.7131389,73.10431634864797
2019-03-26,58.2144221655204,3555912754.93989489086283598356,0.79640981,61083020.7131389,73.09606365285781
2019-03-27,61.3408159303422,3747793241.15049878878071313158,0.83849235,61097870.7131389,73.15608297480854
2019-03-28,60.2287331308053,3680801975.46221097201204775617,0.82354323,61113720.7131389,73.1336630996351
2019-03-29,61.1904447870744,3740493609.6953982250748077296,0.83282178,61128720.713034,73.47363656492557
2019-03-30,60.2320808152208,3682807504.06106393943429931192,0.82169358,61143620.71201115,73.3023626827178
2019-03-31,60.3509547792998,3690973609.08558563780824679277,0.8230334,61158495.71201115,73.3274673656012
2019-04-01,60.383903838126,3693912597.6872459214435071049,0.82193379,61173795.71201115,73.46565450013438
2019-04-02,77.7314093296294,4756349624.356001257256454288324,1.04767009,61189545.71100246,74.19454852398182
2019-04-03,84.3089178972293,5160105881.012870053252858240655,1.13003058,61204745.71032835,74.6076428278864
2019-04-04,84.9869726186357,5202855356.285876355936860865798,1.13757986,61219445.71002414,74.70857704762433
2019-04-05,88.5971179888961,5425151112.932495126128445617663,1.18383154,61233945.70929983,74.83929511533043
2019-04-06,92.545495571968,5668311720.29032655102265516544,1.23402743,61248920.70929983,74.99468271298312
2019-04-07,91.813148074341,5624858672.27808732934602502734,1.22342432,61264195.70891574,75.04603805353568
2019-04-08,89.3129899203439,5472999161.955448544386136922986,1.18923668,61278870.70891574,75.10110596348567
2019-04-09,86.5739466059408,5306315936.059205689007010628192,1.15094606,61292295.70891574,75.21981230461904
2019-04-10,88.4232238281299,5420893675.801188991282340874626,1.17435253,61306220.70891574,75.29529810620828
2019-04-11,79.3841897867154,4867881838.310151791331247745718,1.05191134,61320545.70801667,75.46661659405194
2019-04-12,79.090495916675,4850975682.34621275169783097225,1.04860383,61334495.70801667,75.42457280236616
2019-04-13,78.1109369318177,4792019723.457976189422045398428,1.03250046,61348895.70766364,75.65220545453093
2019-04-14,83.0601316420432,5096951397.639301037191467949248,1.09733297,61364595.70766364,75.69273312005124
2019-04-15,78.5345072518662,4820404523.9992229065028269566,1.03793885,61379445.707093,75.66390568371749
2019-04-16,80.8822894544533,4965660644.782291937797759356956,1.06593548,61393670.70684332,75.87916057963781
2019-04-17,79.1925482607641,4863008148.082027822418222180812,1.04400391,61407395.70684332,75.85464719261836
2019-04-18,82.055408963175,5040066467.230906031488374741,1.08113689,61422720.70684332,75.89733522382629
2019-04-19,82.4804279496409,5067349697.742277879040911516771,1.08588668,61436995.70565019,75.95675448347973
2019-04-20,81.575876423019,5012937186.20829072368038257165,1.07387982,61451220.70418535,75.96369249495629
2019-04-21,77.0860676287968,4738142994.44880467932394468688,1.01541978,61465620.70418535,75.91546781646976
2019-04-22,76.9986291966895,4733836892.926032782193514398825,1.01455188,61479495.70418535,75.89422553402542
2019-04-23,74.882896522582,4604827924.2800698818081885737,0.98663753,61493720.70418535,75.89706882788252
2019-04-24,72.9610068091495,4487626924.584758196905823859825,0.961692,61507195.70418535,75.86733258584817
2019-04-25,70.5062089693671,4337599840.536258313288910591985,0.93016094,61520820.70418535,75.80001044697394
2019-04-26,71.5141477546451,4400667471.212909275018473869285,0.94282448,61535620.70418535,75.85096618900381
2019-04-27,70.6272935456184,4347091957.50766381228203397044,0.93135416,61549745.70418535,75.83290715705655
2019-04-28,67.6936033755726,4167515784.85592868336577278141,0.89332082,61564395.70418535,75.77748313934137
2019-04-29,66.364782641168,4086709847.5609993420048124888,0.87630387,61579495.70418535,75.73261389473038
2019-04-30,73.2848268136065,4513896147.335894411583877964775,0.96673285,61593870.70418535,75.8066996622764
2019-05-01,72.4984031130236,4466593680.07228094084761332426,0.95954703,61609545.70418535,75.55481997898904
2019-05-02,72.3201569473222,4456707665.15765667373401496977,0.95707859,61624695.70418535,75.56344662074429
2019-05-03,77.7543033827538,4792561102.16056608687166861683,1.0282968,61637245.70418535,75.6146507338677
2019-05-04,77.0576272671097,4750689079.822704395123187582895,1.01831635,61651120.70418535,75.6715997608304
2019-05-05,75.0616441825111,4628751027.707818760281542832385,0.99206294,61665995.70418535,75.6621794404608
2019-05-06,74.3746734913709,4587533665.990833058062239196315,0.98310823,61681395.70418535,75.65257946357636
2019-05-07,74.0897669297459,4571003045.094058737914542002565,0.9793816,61695470.70418535,75.64953939276162
2019-05-08,73.8289009773284,4555964550.65294125330334141894,0.97587634,61709770.70418535,75.6539511730845
2019-05-09,73.6652881672836,4547033794.84605647467146041526,0.97322393,61725595.70418535,75.69202307559742
2019-05-10,76.8654466474798,4745689640.54118674791788958093,1.01405235,61740220.70418535,75.80027465789097
2019-05-11,92.5835927119041,5717353551.043162525111637824935,1.21749895,61753420.70418535,76.04408423670846
2019-05-12,84.4552940801089,5216636353.318228958532413784615,1.1108171,61768020.70418535,76.0298829394226
2019-05-13,87.5913020160657,5411617999.661782303630430577495,1.14944857,61782595.70418535,76.2028891958739
2019-05-14,91.608165834985,5661088818.73555431981695446975,1.20080306,61796770.70418535,76.28908426914319
2019-05-15,103.011016779889,6367383483.84317080140700842615,1.34358161,61812645.70418535,76.6689689805214
2019-05-16,95.3905197910282,5897752183.07381409467611987687,1.23273709,61827445.70418535,77.38107384359483
2019-05-17,89.4023860219791,5528815267.136200235594460226185,1.15603927,61841920.70418535,77.33507705320348
2019-05-18,86.9371927828886,5377549675.00535812733788280201,1.12441095,61855570.70418535,77.31798839462441
2019-05-19,95.8435249759687,5929845666.801537967245260598545,1.2376116,61870070.70418535,77.44232922184044
2019-05-20,91.7134363500065,5675667271.848958776999549704775,1.18507372,61884795.70418535,77.39049039920191
2019-05-21,91.6673618231346,5674124510.75634949382267639811,1.18437554,61899070.70418535,77.39720952286349
2019-05-22,88.0817215213213,5453464903.371880863297672102955,1.14120778,61913695.70418535,77.1828961079474
2019-05-23,89.1648770797418,5521744167.58836313362595734263,1.1547683,61927345.70418535,77.21451747484043
2019-05-24,100.20809073194,6207151755.699150727702925079,1.29363949,61942620.70418535,77.46214575742428
2019-05-25,102.763327211663,6366945558.84850234601943373705,1.32514457,61957370.70418535,77.54876678222587
2019-05-26,112.41617177269,6966710722.2639934269618280915,1.44417558,61972495.70418535,77.84106955519216
2019-05-27,118.304847144692,7333344306.0152557700214366622,1.5127769,61986845.70418535,78.20376365126411
2019-05-28,114.632885475801,7107350174.12137210725684371535,1.46378934,62000970.70418535,78.31241992498798
2019-05-29,115.133283798715,7140067815.15262761249745182525,1.46843931,62015670.70418535,78.405204092987
2019-05-30,107.760077277362,6684435256.6534722942262070467,1.37459864,62030720.70418535,78.3938483144156
2019-05-31,114.088975542856,7078692780.8172365505074923596,1.45004198,62045370.70418535,78.67977418340399
2019-06-01,112.710640705494,6994796518.1047773503025393129,1.43161526,62059770.70418535,78.729700538044
2019-06-02,114.774304933971,7124608747.01186254753009552485,1.45521293,62074945.70418535,78.87114151327049
2019-06-03,106.450472407754,6609333731.2264741972495932039,1.35048841,62088345.70418535,78.82368454221238
2019-06-04,101.251909235276,6288041821.6834486308310624066,1.2860125,62102945.70418535,78.7332232270495
2019-06-05,103.959934508446,6457709993.2488830413771244661,1.31874821,62117295.70418535,78.83228482899399
2019-06-06,111.590119927848,6933319641.7395781508936186268,1.41258484,62132020.70418535,78.99710995613403
2019-06-07,118.050306827904,7336519131.4342435412949680064,1.48987464,62147395.70418535,79.2350602248683
2019-06-08,118.645342275775,7375346936.07704492808641489625,1.49606876,62162970.70418535,79.3047388248218
2019-06-09,114.721207647335,7133194984.90896600376127354225,1.44658432,62178520.70418535,79.304888115568
2019-06-10,129.122536140298,8030468914.5360185056033962343,1.60201882,62192620.70418535,80.5998871725477
2019-06-11,136.360991421797,8482443974.40447518432011807395,1.70396424,62205795.70418535,80.02573541202779
2019-06-12,134.805535856395,8387599861.88530106699806281325,1.67879462,62219995.70418535,80.29900397011934
2019-06-13,131.259305314756,8168869798.6760670376483140246,1.63280621,62234595.70418535,80.38878374596334
2019-06-14,132.353987689083,8238955752.68460399951760353405,1.64133155,62249395.70418535,80.63817922045243
2019-06-15,138.159955733459,8602411614.27188931170533262565,1.71041416,62264145.70418535,80.77573196275397
2019-06-16,136.86740800461,8523974980.2176901220190944635,1.69276518,62279070.70418535,80.8543379918826
2019-06-17,134.235130047805,8361935226.44468822198408065675,1.65771454,62293195.70418535,80.97602259542526
2019-06-18,135.351429407211,8433503352.34573108426217055885,1.65297467,62308195.70418535,81.88354719749637
2019-06-19,136.539091604741,8509631037.33163700393660274435,1.66484092,62323770.70418535,82.01329626421064
2019-06-20,135.499664547406,8446984143.4631859893176857021,1.65116677,62339520.70418535,82.06297934847976
2019-06-21,138.474241537362,8634467266.0894943468117980467,1.68506523,62354320.70418535,82.17737751158867
2019-06-22,141.113309221371,8801098904.46379737012936511485,1.7140733,62369020.70418535,82.3262979601695
2019-06-23,136.32397784076,8504424223.697092628387824866,1.65559412,62383920.70418535,82.34142426210116
2019-06-24,135.285292878115,8441744198.18435972577791861525,1.63894358,62399570.70418535,82.54420379627405
2019-06-25,135.609790651859,8464006525.35162930038605806565,1.64154042,62414420.70418535,82.61130155531534
2019-06-26,130.911335247207,8172653367.42691045646179781745,1.58398662,62428920.70418535,82.64674309383182
2019-06-27,114.285064726175,7136416090.81381637309919653625,1.38728954,62443995.70418535,82.38010986962028
2019-06-28,119.371730804069,7455775751.33384355079911018915,1.44805503,62458470.70418535,82.43590770446687
2019-06-29,133.853577299896,8362143608.4815670583993197236,1.61614487,62472320.70418535,82.82275913785872
2019-06-30,121.964818448198,7621123612.8204584031407654993,1.47417272,62486245.70418535,82.73441557662116
2019-07-01,122.677113941165,7667383499.80948832344915493275,1.48275102,62500520.70418535,82.73615211619614
2019-07-02,117.962397212861,7374439398.43692356954754778635,1.42666452,62515170.70418535,82.68404769248835
2019-07-03,121.3690659435,7589307301.547446850596627725,1.46730878,62530820.70418535,82.71542268253857
2019-07-04,119.75661821306,7490177171.683602745880030671,1.44659174,62544995.70418535,82.78536016876468
2019-07-05,118.482107171317,7412032771.97286996583637160595,1.43130823,62558245.70418535,82.77889044997455
2019-07-06,118.142206152218,7392443826.2771794166317856063,1.42741085,62572420.70418535,82.76678445607864
2019-07-07,119.989465868365,7509783184.58750164112766145275,1.44969447,62587020.70418535,82.76879601283504
2019-07-08,123.740935544343,7746240810.45213164683061597505,1.49455538,62600470.70418535,82.79448001742364
2019-07-09,119.318133938,7471083563.2858430684774083,1.44055453,62614820.70418535,82.82791900838353
2019-07-10,107.979346662483,6762716323.29171881705192322405,1.30699204,62629720.70418535,82.6166827018189
2019-07-11,102.209922477663,6402973372.76312152056598683705,1.23872303,62645320.70418535,82.51232923122693
2019-07-12,105.039315570262,6581797200.1807466024453960617,1.27329836,62660320.70418535,82.4938748607687
2019-07-13,100.907572831508,6324575940.8122348873659520078,1.22370872,62676920.70418535,82.4604509082096
2019-07-14,90.0164166135137,5643338058.975959043516959564295,1.09325988,62692320.70418535,82.33762004832164
2019-07-15,90.8685426094293,5698066050.492283720574384920755,1.1047197,62706695.70418535,82.25484039926988
2019-07-16,79.8826572443882,5010223942.67548975498854015287,0.97759243,62719795.70418535,81.71366184207072
2019-07-17,89.9001548598564,5639800423.79157210618017998374,1.09022333,62734045.70418535,82.460311007889
2019-07-18,101.971603642953,6398587676.74954717153413333855,1.23659053,62748720.70418535,82.46189920519042
2019-07-19,98.472805063724,6180411313.8916918961602572434,1.19437899,62762620.70418535,82.44686643702934
2019-07-20,101.462175932373,6369386583.91354734750965733555,1.23039379,62775970.70418535,82.46317297519276
2019-07-21,99.7405399658697,6262688127.882092504766442748895,1.20969959,62789795.70418535,82.45066857125222
2019-07-22,94.9502856539046,5963231220.99044154090678961761,1.15243029,62803720.70418535,82.39134850742649
2019-07-23,90.290778362585,5671847353.72761198147934512975,1.09674067,62817570.70418535,82.32646133436903
2019-07-24,94.5638136974991,5941678053.587038541391266764899,1.1487897,62832470.70167789,82.31603547411603
2019-07-25,93.3590345133107,5867206472.098379543871028890423,1.13461506,62845620.70167789,82.28256243426797
2019-07-26,94.3336384154398,5929736638.407449758329742286022,1.15041986,62859195.70167789,81.99931320330285
2019-07-27,88.5458760319932,5567248524.565149357974561070348,1.08012717,62874170.70167789,81.97726942837038
2019-07-28,89.6622954646329,5638850168.586402972903182896581,1.09405696,62889870.70167789,81.95395554600091
2019-07-29,90.4366138661593,5688880892.794854022317400027877,1.10387122,62904620.70167789,81.92677934493057
2019-07-30,90.3574989697386,5685282152.096380492870213492878,1.10308173,62919870.70160523,81.91369371128881
2019-07-31,98.8587560634597,6221685273.795482533589037414231,1.20617342,62935095.70160523,81.9606487958089
2019-08-01,98.8407426921756,6221853827.334778566126681038388,1.20437161,62948270.70160523,82.06831003943675
2019-08-02,94.8202144506537,5970160013.871072495446712838851,1.15562348,62962945.70160523,82.05113178442316
2019-08-03,94.0892772749896,5925544690.863710177944851555608,1.14694694,62977895.70160523,82.0345510272599
2019-08-04,93.0830530777898,5863498914.750061280120920520654,1.13525728,62992120.70160523,81.9929144852432
2019-08-05,95.9850618735298,6047267252.960264372008106240854,1.17103332,63002170.70160523,81.96612362279308
2019-08-06,92.8802528691282,5852283326.772779536144350660486,1.13344095,63008908.20160523,81.94538310013256
2019-08-07,90.8426730308481,5724485852.097021826521228295563,1.10885738,63015383.20160523,81.9245781011514
2019-08-08,89.9422170027894,5668275053.790736447224967628562,1.10340459,63021295.70160523,81.51336129822461
2019-08-09,84.1755187772004,5305384774.238205117105005398092,1.03360721,63027645.70160523,81.4385948190129
2019-08-10,85.3816280895588,5381935572.560145689590362472524,1.04870348,63033883.20160523,81.41636765576366
2019-08-11,89.7906962128273,5660476935.857744257964326766779,1.10269402,63040795.70160523,81.4284784212644
2019-08-12,85.6664522997801,5401116320.489418918241996009923,1.05431251,63048208.20160523,81.25337742580719
2019-08-13,84.4395454189456,5324362616.289375555346774045488,1.04005614,63055320.70160523,81.18748803208412
2019-08-14,75.9189431294112,4787608606.178443061771464740576,0.93493109,63062108.20160523,81.20271530323288
2019-08-15,76.4232102891451,4819964735.222951942154764388873,0.94239072,63069383.20160523,81.09503698120572
2019-08-16,74.8911735739713,4723795088.434188899705805949899,0.92487972,63075458.20160523,80.9739601317794
2019-08-17,72.7084218412894,4586580538.944168543720372983562,0.89834048,63081833.20160523,80.93637486010805
2019-08-18,76.4211642279823,4821245661.887427660406044027429,0.9444686,63087833.20160523,80.91445732339041
2019-08-19,77.0321972303136,4860365411.181150474011536300128,0.95229646,63095245.70160523,80.8909834972122
2019-08-20,75.1538586857733,4742321830.242604341869223874359,0.92922735,63101508.20160523,80.87779453087913
2019-08-21,72.9170734614208,4601723275.506714859276903042944,0.90224251,63108995.69963418,80.81759909696652
2019-08-22,73.5891163926668,4644628277.044519089733994631224,0.91103911,63115695.69963418,80.77492566994934
2019-08-23,75.5337622831028,4767896579.616402120376329764848,0.93566871,63122720.69470316,80.72703669133362
2019-08-24,73.3707505612611,4631920846.812249144559359755076,0.90925121,63130345.69470316,80.69359683476374
2019-08-25,72.2755486042272,4563294428.498631166434225197952,0.89673394,63137458.19470316,80.59865404919012
2019-08-26,73.6117536046244,4648171537.685234898121961293104,0.91475176,63144420.69470316,80.47183599255868
2019-08-27,72.5978803060927,4584666540.541796123848365942932,0.90986729,63151520.69470316,79.78952656501444
2019-08-28,66.9178369821848,4226448321.343336692584644263968,0.8400655,63158770.69470316,79.65788022741654
2019-08-29,63.5869828234098,4016531109.076240748927010034968,0.79993759,63165933.19470316,79.48992973740589
2019-08-30,64.3561159110721,4065550130.994650873458816857836,0.81009595,63172708.19470316,79.44258443838918
2019-08-31,64.3769474515234,4067332848.689850547982752793944,0.81068919,63179958.19470316,79.41014663279697
2019-09-01,66.297114000002,4189093910.32732096802162940632,0.8354481,63186670.69470316,79.35515563444575
2019-09-02,67.0181890206854,4235155524.775872000305402493218,0.84485773,63194120.68071067,79.32482196817375
2019-09-03,69.2335547229001,4375626996.743952918752741414067,0.87302752,63200958.18071067,79.30283196903129
2019-09-04,67.1046498514197,4241547062.731645729991804438199,0.84669726,63207945.68071067,79.25459668006921
2019-09-05,65.3856398526485,4133337411.776213372713811709495,0.8259299,63214758.18071067,79.16608885651009
2019-09-06,65.0694842613158,4113854374.288555820548233299586,0.82246433,63222483.18071067,79.11526602170795
2019-09-07,68.8442089075805,4352988912.526860981727840233935,0.8701393,63229558.18071067,79.11860653527603
2019-09-08,70.6676067842883,4468783294.666909569786684166161,0.89193965,63236658.18071067,79.22913482351446
2019-09-09,70.1867013740217,4438901475.882232846431732001539,0.88576398,63244195.68071067,79.23860414150246
2019-09-10,70.5569052611728,4462843017.791119776695461673776,0.89192831,63251683.18071067,79.10602732317444
2019-09-11,69.6153263198233,4403744285.673805087335302824611,0.8833393,63258258.18071067,78.80927104661063
2019-09-12,69.0837634799381,4370664308.040566849400945609527,0.87696855,63266158.18071067,78.77564535231976
2019-09-13,68.7499377112114,4350023105.592820419424978605638,0.873128,63273120.68071067,78.73981559543547
2019-09-14,70.6927717327601,4473480705.569564130623688620267,0.89775694,63280595.68071067,78.74377638646837
2019-09-15,70.1373992794203,4438819477.235100901946459624601,0.89091939,63287483.18071067,78.72474217832468
2019-09-16,72.5357012677948,4591104283.717896506501447730516,0.92125551,63294408.18071067,78.7357041346703
2019-09-17,74.4574719879821,4713305639.461478747958777239007,0.94558239,63301983.18071067,78.74244780296945
2019-09-18,77.9623275489186,4935721530.698109930803337981462,0.98943296,63309058.18071067,78.79495701145693
2019-09-19,76.9839603138456,4874353628.396102644593248652552,0.97716734,63316483.18071067,78.78278076081175
2019-09-20,75.036947583314,4751629027.07919597794755376038,0.95271213,63323858.18071067,78.76140674656257
2019-09-21,73.1805848372367,4634602961.268160058898735005589,0.9293734,63331045.68071067,78.74185428293589
2019-09-22,72.4202554196713,4586987319.335235887315331802771,0.92040955,63338458.18071067,78.68264232989684
2019-09-23,66.5858467165307,4217919291.840045901559662872569,0.84763723,63345583.18071067,78.55465092835847
2019-09-24,56.3864383374322,3572215247.748519021803658941574,0.72161941,63352383.18071067,78.13874953478899
2019-09-25,57.2923149735694,3630006453.874288286022458565498,0.73452865,63359395.68071067,77.99874786854045
2019-09-26,55.2107919328212,3498507507.190738470865314042204,0.70923928,63366370.68071067,77.8450848531982
2019-09-27,55.8560285315725,3539783404.482982040278332628575,0.7178887,63373345.68071067,77.80597261326511
2019-09-28,55.339815389207,3507431726.35772660452840773869,0.71147242,63379895.68071067,77.78209503779078
2019-09-29,54.0011443311329,3422985152.785645676595178218043,0.69459929,63387270.68071067,77.74431259659492
2019-09-30,55.9272084156358,3545452005.095442120648083893986,0.71972448,63394045.68071067,77.70641400947736
2019-10-01,55.7659061908359,3535616765.831412849836553349053,0.71802355,63401045.68071067,77.66584562697963
2019-10-02,56.4482176241814,3579260577.667986804612828995538,0.72737715,63407858.18071067,77.6051565878601
2019-10-03,56.6144791338529,3590172273.370496522240277240443,0.72981784,63414383.18071067,77.5734382347421
2019-10-04,56.5731411377068,3587936254.366965623478958091556,0.72954942,63421195.68071067,77.54531713246622
2019-10-05,56.7864836766259,3601876975.619337118538079728353,0.73242501,63428420.68071067,77.53214718408631
2019-10-06,54.5218394659111,3458639676.110699745256081348167,0.70346232,63435858.18070497,77.50498913134551
2019-10-07,57.7338231361669,3662795145.093794068375295579493,0.74491162,63442795.68070497,77.50425901017209
2019-10-08,57.0367275028369,3618992946.960235812834766929393,0.73741873,63450220.68070497,77.34645891464798
2019-10-09,59.4366017937255,3771702359.346251717934862665735,0.76976704,63457570.68070497,77.21375260978373
2019-10-10,57.5524463796305,3652578710.197689487482988113585,0.74565885,63465220.68070497,77.18334782673135
2019-10-11,55.7022428498833,3535525554.793015880833526230001,0.72280161,63471870.68070497,77.06435912598936
2019-10-12,55.8226201897946,3543556190.303329369285027499162,0.72456088,63478858.18070497,77.04338135091506
2019-10-13,56.5329195985456,3589006289.761208399012394691632,0.73393268,63485245.68070497,77.02739112059379
2019-10-14,56.7952859081816,3606057406.623851632882178782552,0.7381412,63492195.68070497,76.94366051939872
2019-10-15,54.5486984110967,3463793019.664148522951126840599,0.70926554,63499095.68070497,76.90871096190108
2019-10-16,52.5542835239998,3337502905.478058968411778139006,0.68442407,63505820.68070497,76.78614155694406
2019-10-17,54.9010288032269,3486906158.571227916938952867693,0.71508782,63512583.18070497,76.77522573832525
2019-10-18,53.2511893615998,3382455410.653189945078111011006,0.69454901,63518870.68070497,76.67016811614172
2019-10-19,53.7431331017573,3414078651.608985045122459843781,0.70116382,63525858.18070497,76.64846868704278
2019-10-20,54.861684234117,3485503831.26655581142408546149,0.7160314,63532570.68070497,76.61910390259001
2019-10-21,54.7689565475335,3479980239.585456658333844691495,0.71589274,63539283.18070497,76.50441677552631
2019-10-22,53.3308746456004,3388973529.416537266180180913988,0.69732773,63546183.18070497,76.47892425789577
2019-10-23,49.3320346055708,3135207215.314285135660033246876,0.64812082,63553170.68070497,76.11549125295929
2019-10-24,49.8246310784745,3166835897.519680365086552168265,0.6559944,63559645.68070497,75.95282989988101
2019-10-25,56.9029239631696,3617113780.031907394853643672912,0.74987666,63566395.68070497,75.88304450383828
2019-10-26,56.9635966398448,3621325121.793533671193655388656,0.75083003,63572620.68070497,75.86749911940096
2019-10-27,59.8327520854905,3804105538.498690716787498237785,0.78839147,63578983.18070497,75.89218600435962
2019-10-28,58.3836536887962,3712379832.096885522131406657114,0.76818309,63585945.68070497,76.00226358640127
2019-10-29,59.8597792276144,3806620031.776935949207883323568,0.78805472,63592283.18070497,75.958912126831
2019-10-30,57.9990980272888,3688684384.922324537448681785336,0.76390301,63598995.68070497,75.92468843301035
2019-10-31,58.3457601058471,3711159127.651993396149847030087,0.7685551,63606320.68070497,75.91617062439256
2019-11-01,58.3717089475198,3713173731.531280147858697033406,0.76973102,63612558.18070497,75.8339048717561
2019-11-02,58.3443673608924,3711841415.223534104868240315228,0.7695256,63619533.18070497,75.81861780932616
2019-11-03,58.4732829627924,3720445700.372527940197111758228,0.77140124,63626420.68070497,75.80138575197572
2019-11-04,61.4521690373748,3910399433.663255751877142112756,0.81048832,63633220.68070497,75.8211654886955
2019-11-05,63.1761298880429,4020541268.424683924521845603213,0.83404716,63640195.68070497,75.74647204367064
2019-11-06,63.9818776208418,4072305474.079208700269788843746,0.84486657,63647795.68070497,75.73015656287808
2019-11-07,61.5917494477973,3920631013.932148924752627662581,0.8135551,63655133.18070497,75.70691825027869
2019-11-08,60.4637875009908,3849280145.404952531304317484276,0.79903369,63662570.68070497,75.67113659624388
2019-11-09,62.1663742302716,3958117237.132923958167802569852,0.82151337,63669745.68070497,75.67299145754815
2019-11-10,63.6569799443001,4053456591.318945434429901241497,0.84110715,63676545.68070497,75.68236691876903
2019-11-11,61.6962673926619,3929054797.554335294379406560496,0.81538681,63683833.13285584,75.66502994163211
2019-11-12,61.1282274379016,3893310025.763179601316264905344,0.80842431,63690870.63285584,75.61403916453429
2019-11-13,60.9040091584027,3879476251.497293428468883766768,0.805793,63698208.13285584,75.58269823441344
2019-11-14,58.9437550001914,3755027127.607005269685828607776,0.78021703,63705258.13285584,75.54789594914558
2019-11-15,57.5577646360364,3667127963.320732878884110192576,0.76234504,63712133.13285584,75.50093673599083
2019-11-16,58.2429124138098,3711170417.267084592746528579232,0.77153935,63718833.13285584,75.48923125412826
2019-11-17,59.1789314861148,3771231891.021365251563630090432,0.78397823,63725920.63285584,75.48542704574182
2019-11-18,55.8642874350489,3560443776.864115896396067050576,0.74166682,63733808.13285584,75.3226191715694
2019-11-19,55.0010788331077,3505815275.541652719839093293968,0.73045994,63740845.63285584,75.29650268446987
2019-11-20,54.8310928797396,3495358561.669133029727623539264,0.72848627,63747745.63285584,75.26716032649401
2019-11-21,50.5720480122621,3224223860.919346815891211595664,0.67307239,63755058.13285584,75.13612022068251
2019-11-22,47.4758989498612,3027143225.23561225333810682838,0.63330946,63761683.13174115,74.96477148764082
2019-11-23,48.2167530183505,3074722461.125093085582465973075,0.64493771,63768758.13174115,74.76187586914479
2019-11-24,44.2959708975941,2825024076.065784188252128967215,0.59313948,63776095.63174115,74.68053028200734
2019-11-25,45.7696141085294,2919311082.22710534056408796481,0.61417961,63782733.13174115,74.52154608084335
2019-11-26,47.0059228544966,2998490573.90726484741046475509,0.63102665,63789633.13174115,74.49118488814473
2019-11-27,47.8634136265575,3053507289.078829407892105591125,0.6427984,63796270.63174115,74.46100305563533
2019-11-28,46.8851813383496,2991405057.02307681440951540604,0.62999462,63802783.13174115,74.42155829576704
2019-11-29,48.6278422260542,3102918693.95243114021254027033,0.65423169,63809508.13174115,74.32816687014075
2019-11-30,47.3469763199582,3021498576.87103215714466121993,0.63750766,63816083.13174115,74.26887438491045
2019-12-01,47.7391861956304,3046878161.18072957125967387096,0.64310678,63823420.63174115,74.23213015361212
2019-12-02,45.6426048002528,2913416330.82158414000322416272,0.61533891,63831070.63174115,74.17474185120652
2019-12-03,44.8087979001932,2860531290.00481938455463739018,0.60455169,63838608.13174115,74.11905159043256
2019-12-04,44.723517068588,2855412444.0014999938644119962,0.60381155,63845883.13174115,74.06866773016846
2019-12-05,44.8349172085376,2862820234.33469300534833324224,0.60559368,63852470.63174115,74.03465176277533
2019-12-06,45.403857296401,2899482182.93733953068425860115,0.61344785,63859820.63174115,74.01420886290659
2019-12-07,45.223408134278,2888287732.1051936440781381397,0.61189611,63867095.63174115,73.90700381193467
2019-12-08,45.5710748791024,2910840246.42925889096826114376,0.61673892,63874733.13174115,73.89038278807246
2019-12-09,44.4094342215886,2836921649.10703614394023699089,0.60127561,63881058.13174115,73.85869887785503
2019-12-10,44.1365788871217,2819812455.235804240781232947955,0.59793824,63888333.13174115,73.81461150088293
2019-12-11,43.588255215858,2785061569.2550417392196311567,0.59090559,63894770.63174115,73.76517662636768
2019-12-12,43.6223223146382,2787514189.90633157354919830193,0.59160264,63901095.63174115,73.7358479580791
2019-12-13,44.3212462932268,2832454867.73750736956733584282,0.60126179,63907383.13174115,73.7137250867493
2019-12-14,43.3030843343554,2767679638.44955981306566490471,0.5876579,63914145.63174115,73.68757287931533
2019-12-15,43.4865185189382,2779723303.54793877525931524693,0.59027897,63921495.63174115,73.67112963373607
2019-12-16,39.9511366169078,2554008571.85896852772094301597,0.54300342,63928308.13174115,73.57437383526572
2019-12-17,36.8482891740447,2355903958.848361438236298929405,0.50143726,63935233.13174115,73.48534325918402
2019-12-18,40.8563956883073,2612457349.303546966493545255395,0.55608493,63942433.13174115,73.47150315385691
2019-12-19,39.6299609156666,2534323443.08016542917277090059,0.54012046,63949683.13174115,73.37244901936614
2019-12-20,40.1816416568903,2569888039.056548341542783545845,0.5478961,63956770.63174115,73.33806839816947
2019-12-21,39.7117431117313,2540135662.037696682408209952995,0.54186385,63964345.63174115,73.28730844792709
2019-12-22,41.8682632904171,2678397403.029733329132882733665,0.57131666,63972020.63174115,73.2838130265921
2019-12-23,40.6205329473303,2598891365.395953222532833151845,0.55455612,63979745.63174115,73.24873260316791
2019-12-24,40.2851429787083,2577734331.959845861209606956545,0.55023053,63987220.63174115,73.21502676107103
2019-12-25,40.0982305882721,2566058022.575610612469692966915,0.5478015,63994295.63174115,73.19846803682007
2019-12-26,39.9278822194911,2555451166.834823180542859928765,0.54574279,64001670.63174115,73.16245482508546
2019-12-27,40.8949027237481,2617626825.402634031312007004315,0.5590714,64008633.13174115,73.1479069109028
2019-12-28,42.970186809454,2750779291.0891084474493008321,0.58743267,64015995.63174115,73.14912670664707
2019-12-29,43.1595785700388,2763241656.40443544905266705662,0.59009311,64023833.13174115,73.1402855560181
2019-12-30,42.2791761596581,2707164531.750132477808241700815,0.5784109,64030683.13174115,73.09540010338344
2019-12-31,41.1140178685009,2632827945.678371858387812485319,0.56277517,64037233.09405591,73.05584904980954
2020-01-01,41.4157459364492,2652465571.359361710595131674772,0.56701525,64044858.09405591,73.04167910201569
2020-01-02,39.3191102263479,2518452238.825021655152657711089,0.53921676,64051608.09405591,72.91893194556472
2020-01-03,42.0151987613269,2691447755.290056871752080589268,0.5761457,64058908.07703172,72.92460702445042
2020-01-04,42.6608893819522,2733124615.462086423494114923784,0.58502754,64066283.07703172,72.92116433006247
2020-01-05,43.1983141078186,2767876707.543216277926832205992,0.59259522,64073720.57703172,72.89683185061568
2020-01-06,45.7653998364582,2932715267.201084345128193854104,0.62783654,64081495.57703172,72.89381378863071
2020-01-07,46.3877400364447,2972976717.288977583067797925884,0.63644146,64089708.07703172,72.88610650293697
2020-01-08,45.3840951435217,2909010241.536604693578973408324,0.62377024,64097570.57703172,72.75771146684026
2020-01-09,44.7269810461213,2867203913.168642907791773067636,0.61522149,64104570.57703172,72.70061558825148
2020-01-10,48.7817258659319,3127463914.149506940838923659868,0.67064496,64111383.07703172,72.73852600924923
2020-01-11,49.5003146062823,3173892509.437848662758948374556,0.68059397,64118633.07703172,72.73105080005675
2020-01-12,50.9904608669888,3269847211.826896334247238484736,0.70089614,64126645.57703172,72.75038048717005
2020-01-13,49.6518766197285,3184352133.47342890285472228802,0.68261159,64133570.57703172,72.73810955909568
2020-01-14,58.8142901462635,3772396831.63697182974747897822,0.80657185,64140820.57703172,72.91884801864026
2020-01-15,58.0942923201247,3726636037.695417082434596255484,0.79617558,64148058.07703172,72.96668445938106
2020-01-16,57.692130324635,3701240529.2613831673257924222,0.7909172,64155033.07703172,72.9433249455632
2020-01-17,61.6477727053842,3955418689.950476860853398186824,0.84428333,64161583.07703172,73.01787269136797
2020-01-18,59.6245585730498,3826051016.584429991088671739656,0.81641621,64169045.57703172,73.03206115058617
2020-01-19,57.5854432311918,3695639141.008395650372962003896,0.78867606,64176620.57703172,73.01533056701608
2020-01-20,57.1658724949152,3669126961.108087466381631306624,0.78308205,64183870.56778412,73.00112739771676
2020-01-21,57.5085370504925,3691484239.755496497669252303225,0.78787718,64190195.56199757,72.99175367725779
2020-01-22,58.0569315516852,3727068965.780421142637411804964,0.79531569,64196795.56199757,72.99859952679319
2020-01-23,54.1679016546986,3477771341.885245128476592282402,0.74241975,64203545.56199757,72.96128861698331
2020-01-24,54.3367572012562,3488992823.962460795414985347434,0.74493762,64210545.56199757,72.94135205744638
2020-01-25,53.4273469034311,3431003136.910369629918552862427,0.73259843,64218108.06199757,72.92855774128685
2020-01-26,55.9391275537625,3592738466.379927666978319357125,0.7669837,64225858.06199757,72.93391965665307
2020-01-27,58.5332743121928,3759761695.066246353096709319016,0.80243561,64232895.54951597,72.94451241040115
2020-01-28,60.1538323078161,3864294702.429801645687652773117,0.82440866,64240208.04951597,72.96603641671607
2020-01-29,59.9809067355295,3853608790.49923612852148334685,0.82214084,64247258.0064643,72.95697259794258
2020-01-30,68.1508583522653,4378983687.81418646761019857879,0.93259292,64254270.5064643,73.07674859065548
2020-01-31,67.9639584259378,4367457963.04460551643018972054,0.93150377,64261383.0064643,72.96154950176722
2020-02-01,70.724743444118,4545411754.8430324084148119874,0.968826,64269045.5064643,73.00045977721284
2020-02-02,70.3138090465103,4519511168.45859884241300653229,0.96274582,64276295.5064643,73.0346552390228
2020-02-03,69.4987817854689,4467655901.06273643464075661027,0.95070079,64283945.5064643,73.10268647769705
2020-02-04,67.7834468578676,4357941533.72954264776911352668,0.92732609,64292120.5064643,73.09558912320433
2020-02-05,72.6744397823102,4672977052.60332356721888782586,0.9926676,64300145.5064643,73.2112539810005
2020-02-06,73.3274765655137,4715520118.63899455851955021091,1.00107453,64307683.0064643,73.24876856622623
2020-02-07,74.1523059164589,4769090391.34983698879071526727,1.01196942,64314795.5064643,73.27524374843155
2020-02-08,76.7729168191132,4938261104.58959512703939345876,1.04613863,64322958.0064643,73.38694377351614
2020-02-09,76.9883792500129,4952662091.20329921192780838947,1.0487515,64329995.5064643,73.40955340708727
2020-02-10,74.1861762640623,4772901779.03469519436217792589,1.01048801,64336808.0064643,73.41618656520457
2020-02-11,76.9885353141712,4953708588.96656840084099688816,1.04827224,64343458.0064643,73.44326442735066
2020-02-12,81.4953613126504,5244232246.41883624598656598072,1.10740819,64350070.5064643,73.59107693853196
2020-02-13,80.313875152164,5168794839.5949324181581337452,1.08988706,64357433.0064643,73.69008964301679
2020-02-14,83.4033923860783,5368238125.30571207197397595469,1.12952533,64364745.5064643,73.83932893835882
2020-02-15,76.5417209210947,4927191153.76532821421158246921,1.03736056,64372620.5064643,73.78506940835952
2020-02-16,75.2004658118578,4841420691.14458975334749237654,1.01973577,64380195.5064643,73.7450504573923
2020-02-17,73.1804031376759,4711905622.45347063455757832037,0.99298475,64387533.0064643,73.6974088853589
2020-02-18,77.4926374731786,4990108982.13035053213916842398,1.05105707,64394620.5064643,73.72828715492928
2020-02-19,71.2911416480183,4591297130.90200806884543469669,0.96772748,64402070.5064643,73.66861344892087
2020-02-20,69.836249559514,4498090540.6451321215395663502,0.9485304,64409108.0064643,73.62573678135567
2020-02-21,73.5468183968892,4737580491.34600108598161085556,0.99891263,64415845.5064643,73.62687805528016
2020-02-22,74.9806854100345,4830482233.75940114390333601835,1.01872147,64423020.5064643,73.60273403291923
2020-02-23,79.8500469095415,5144756129.83327705713809911845,1.08360751,64430220.5064643,73.68908592147122
2020-02-24,75.4322197561505,4860714238.32791084082993367715,1.023929,64438170.5064643,73.6693850414926
2020-02-25,71.3170316855785,4596075708.43365844027183509755,0.96856054,64445695.5064643,73.63198142015831
2020-02-26,60.9999529770882,3931615970.13737950888789125126,0.82716467,64452770.5064643,73.74583947968691
2020-02-27,61.5981230146354,3970610112.87080696708920761622,0.83590548,64459920.5064643,73.69029691566969
2020-02-28,60.3457490286181,3890314411.71518545344799598383,0.81975541,64467083.0064643,73.6143345837975
2020-02-29,58.545402209987,3774703567.1501425510020189641,0.79577602,64474808.0064643,73.5702015876113
2020-03-01,57.878229684686,3732084212.5475127295387157098,0.78698467,64481658.0064643,73.54429112918551
2020-03-02,61.2533651775812,3950140427.67852092466203815116,0.83287557,64488545.5064643,73.54443734924438
2020-03-03,61.2041813705357,3947391709.40340986648415392551,0.83291831,64495458.0064643,73.48161354567377
2020-03-04,60.287670082569,3888714965.3424975541167507867,0.82073268,64502658.0064643,73.45591512521348
2020-03-05,61.8909811011906,3992583818.17941746024472639558,0.84287403,64509945.5064643,73.42850639399887
2020-03-06,63.1900934926028,4076863413.45738552351163228004,0.86133826,64517445.5064643,73.36269201904813
2020-03-07,60.5475343180699,3906841489.30781690625774925457,0.82560605,64525195.5064643,73.33707682746498
2020-03-08,51.8970754717457,3349037410.26397367822635572851,0.70864111,64532295.5064643,73.23463843601411
2020-03-09,49.9922915587073,3226469152.66366465455385159939,0.68377152,64539333.0064643,73.11256771663626
2020-03-10,50.23698163126,3242641831.875376064438954018,0.68893094,64546908.0064643,72.92019956493752
2020-03-11,48.5369258854653,3133251888.79634417329131333879,0.66666254,64553983.0064643,72.80583949634443
2020-03-12,30.6782710098869,1980598242.02569523286816188767,0.43025222,64560295.5064643,71.30299295117383
2020-03-13,37.9512926420211,2450358246.27766574189336699673,0.53388282,64565870.5064643,71.08543526840046
2020-03-14,34.2254639527349,2209986397.10258161036886421407,0.4823448,64571408.0064643,70.9564277519627
2020-03-15,36.339473872394,2346689952.7740535288553165342,0.51251814,64576883.0064643,70.90378083475055
2020-03-16,32.7284076257352,2113717830.56606847063664005336,0.46283281,64583583.0064643,70.71324011306632
2020-03-17,34.7086360992647,2241850607.15276863984782680021,0.49115556,64590570.5064643,70.66729754472229
2020-03-18,34.596934380108,2234861041.9210349878773321444,0.49001456,64597083.0064643,70.60389058665521
2020-03-19,39.2095150792378,2533086924.91927662870411691054,0.55632184,64603883.0064643,70.47991335238214
2020-03-20,37.7806254080167,2441036262.34369636110989235381,0.53693963,64610795.5064643,70.36289239447031
2020-03-21,38.3401508561723,2477478073.29787613041670459889,0.54503463,64618370.5064643,70.34443087803854
2020-03-22,35.4358460417725,2290073283.47874615934157997175,0.5040864,64625895.5064643,70.29716739386838
2020-03-23,39.0634611353325,2524792414.37300182857087987975,0.55548208,64633095.5064643,70.3235307524817
2020-03-24,40.7599112694955,2634722009.80074530777089976065,0.57979866,64640033.0064643,70.30011292108799
2020-03-25,39.1813697044086,2532968606.09468793490650851298,0.55801108,64647270.5064643,70.21611417538269
2020-03-26,40.2414296355744,2601793355.68990791574844359392,0.57329305,64654595.5064643,70.19347196965741
2020-03-27,38.9274574869631,2517121728.57468358687277556733,0.55486697,64661858.0064643,70.1563790812113
2020-03-28,38.8941941828508,2515257220.03201944325760242644,0.55458619,64669220.5064643,70.13191977039817
2020-03-29,37.2808888077392,2411208421.71738190525346851056,0.53184954,64676795.5064643,70.09668337353305
2020-03-30,39.1082076542507,2529669261.94227688380622280001,0.55802649,64683845.5064643,70.08306658390123
2020-03-31,39.2997202065394,2542341953.25856523124383264342,0.56112133,64691095.5064643,70.03782979795012
2020-04-01,39.3324821147803,2544752909.01722712192697429329,0.56183301,64698508.0064643,70.00742465235409
2020-04-02,39.8831041694402,2580665988.39560280895161228486,0.5698166,64705745.5064643,69.99287870771087
2020-04-03,40.5504556805359,2624132332.38707132436663821837,0.58012704,64712770.5064643,69.89926840944337
2020-04-04,40.77667155192,2639087917.069792211273076456,0.58344336,64720533.0064643,69.88968312523087
2020-04-05,40.3941390986719,2614636703.33371596653949476317,0.57806725,64728120.5064643,69.8779235437951
2020-04-06,44.7807026240717,2898886419.76855479969763669031,0.64052188,64735170.5064643,69.91283830003074
2020-04-07,44.6878619482697,2893215431.94310945182479982171,0.63968176,64742758.0064643,69.85952194145679
2020-04-08,46.6667882716391,3021695914.27932825513215663413,0.66784025,64750458.0064643,69.87717238012998
2020-04-09,46.4266770350522,3006484614.81286916256278793646,0.66480062,64757695.5064643,69.83548997750965
2020-04-10,42.1445210605658,2729485502.598077288176838960828,0.60411661,64764895.50505366,69.76222862100381
2020-04-11,42.4901638307941,2752192883.485008675169180911406,0.60921328,64772470.50505366,69.74595798501652
2020-04-12,42.4064767408576,2747094023.062714212987002418816,0.60813094,64780058.00505366,69.7324769248833
2020-04-13,41.3739759285498,2680490937.936862259464474982268,0.59357229,64786883.00505366,69.70334805984592
2020-04-14,41.2334469981116,2671664316.910887048804276668456,0.59175413,64793620.50505366,69.68003247921835
2020-04-15,39.2929709937184,2546221672.095600196539314929344,0.56416762,64800945.50505366,69.64768909232755
2020-04-16,42.7217743282838,2768729113.322885565147274708708,0.61340054,64808383.00505366,69.64743514618327
2020-04-17,42.6125156252764,2761990731.546084736841034331624,0.61199125,64816420.50505366,69.62928902214925
2020-04-18,44.1747364351964,2863595064.164621252759294638824,0.63447787,64824270.50505366,69.62376234681976
2020-04-19,42.5093180913508,2755958074.390113734251935883928,0.61077294,64831858.00505366,69.59921651301514
2020-04-20,40.42811734682,2621340249.0413177945709303612,0.58144542,64839533.00505366,69.53037371387327
2020-04-21,40.7485280325747,2642422160.948926666409701458402,0.58660965,64847058.00505366,69.46446931545483
2020-04-22,41.8445352150765,2713799421.28026600530952350499,0.60260103,64854333.00505366,69.4398667308559
2020-04-23,43.0101211438053,2789683037.565769027959503092398,0.61999078,64861083.00505366,69.37219476684041
2020-04-24,44.5107522206752,2887333289.896565740549137431232,0.64157071,64868220.50505366,69.37778100978956
2020-04-25,44.327326761136,2875744543.93667955444768255776,0.63903275,64875208.00505366,69.36628327912143
2020-04-26,44.5778331920518,2892314932.256268854633744499588,0.64274226,64882358.00505366,69.35569040077091
2020-04-27,44.5079105711762,2888110328.018603939209230314892,0.64210993,64889820.50505366,69.31509464613978
2020-04-28,45.8252159334582,2973950910.102903586332380367012,0.66108592,64897695.50505366,69.31809398309103
2020-04-29,48.6883334831118,3160120934.703273299567162779188,0.70203158,64905095.50505366,69.35348048461266
2020-04-30,46.4636456434803,3016046214.771287674870030652898,0.6702888,64911958.00505366,69.31884531485576
2020-05-01,47.1433193743382,3060515795.883720463947417987812,0.68012187,64919395.50505366,69.31598799247287
2020-05-02,49.2451953022412,3197329647.170337167690724262792,0.71029754,64926733.00505366,69.33037569332029
2020-05-03,48.061163075846,3120809354.78001958083287989636,0.6934299,64934120.50505366,69.30933188177492
2020-05-04,46.997696936486,3052096024.57898608731304183876,0.67831335,64941395.50505366,69.28611523934475
2020-05-05,46.4560651409582,3017302639.661658730568354817012,0.67062596,64949595.50505366,69.27269135384829
2020-05-06,45.8589337477324,2978847088.584570168027765320584,0.66230768,64956745.50505366,69.24113238084813
2020-05-07,47.5266021335712,3087528660.861273177387943430592,0.68663366,64964220.50505366,69.21682536444717
2020-05-08,47.9595828706828,3115965057.261375967317654839048,0.69287119,64970645.50505366,69.21861316052527
2020-05-09,47.0968224485901,3060265359.310726330147591844766,0.68064669,64978170.50505366,69.19422828397225
2020-05-10,42.0156709825375,2730401319.490621624165314077125,0.60804351,64985307.99675739,69.09977705795676
2020-05-11,41.5577278993879,2700931612.339258419511865801581,0.60181089,64992282.99675739,69.05446310449433
2020-05-12,42.2062888819882,2743379570.440468129773976242798,0.61141317,64999307.99675739,69.03071597556233
2020-05-13,43.2859685339581,2813858838.158002495361902125359,0.62722593,65006257.99675739,69.01176508113765
2020-05-14,44.030331606455,2862588881.54109010875709295245,0.63811558,65014020.49675739,69.00055881170462
2020-05-15,42.8137103175354,2783810937.439724447785456536606,0.62160466,65021482.99675739,68.87610900075201
2020-05-16,43.3037628917107,2816007780.236210932384059967073,0.62878252,65029170.49675739,68.86922189203145
2020-05-17,43.6672892211004,2839994204.998346604941967631956,0.63454477,65037107.99675739,68.81671914355294
2020-05-18,45.3093780236782,2947103546.500228387952240831898,0.65838835,65044007.99675739,68.81862053555201
2020-05-19,45.531088874456,2961805094.18637633065280022984,0.6617438,65050170.49675739,68.8047079163507
2020-05-20,44.1911143852061,2874915167.275342656272186848079,0.64242696,65056407.99675739,68.78776442571169
2020-05-21,42.7247266287929,2779839818.798723210484409854531,0.62153489,65063957.99675739,68.74067299551423
2020-05-22,44.1852155784232,2875222358.403187866768849147448,0.64286197,65072045.49675739,68.73204146517362
2020-05-23,43.9335027244629,2859198200.321448670296329355831,0.63932389,65080132.99675739,68.71869393847132
2020-05-24,42.4311409360771,2761756849.391141028614817034769,0.61772519,65087970.49675739,68.6893486342642
2020-05-25,42.9853563654527,2798160056.834247227972419420453,0.62610973,65095657.99675739,68.65466915112899
2020-05-26,42.2706322105741,2751975953.041348808402970317599,0.61607073,65103732.99675739,68.61327791140816
2020-05-27,43.7128756203544,2846218900.269200232839882619016,0.63718583,65111682.99675739,68.60302530637632
2020-05-28,44.7259921706933,2912548022.620021973413788198487,0.65220829,65119807.99675739,68.57623991668872
2020-05-29,44.5113417362458,2898916103.224379526074032006462,0.64914549,65127582.99675739,68.56913037514256
2020-05-30,47.6669023593521,3104803728.954275966798591287019,0.69474112,65135420.49675739,68.61102788813207
2020-05-31,45.5426370610498,2966780385.280643757580369308022,0.66403705,65142920.49675739,68.58448193673803
2020-06-01,48.4074594650632,3153779651.379958919319591417048,0.70562033,65150695.49675739,68.60269950706098
2020-06-02,45.9133718555302,2991614093.929213156961639218178,0.67080751,65157795.49675739,68.44492819636172
2020-06-03,47.0872906005718,3068436605.438310346430079875602,0.6879592,65164857.99675739,68.44488830234671
2020-06-04,47.4932475981836,3095214876.955330875404453876804,0.69393957,65171682.99675739,68.44003375997654
2020-06-05,46.916939371557,3057939160.92265445904289555623,0.68561548,65177720.49675739,68.43039683345101
2020-06-06,46.7662809543544,3048481442.814623848029800879016,0.68348218,65185457.99675739,68.42355561392164
2020-06-07,46.6199321926369,3039287202.002188216894283661691,0.68152635,65192870.49675739,68.40517933405935
2020-06-08,46.3984398665147,3025183290.13981676006975054595,0.67836895,65200107.9959385,68.3970571862328
2020-06-09,45.9607472818951,2996983497.829227365121868145247,0.67215622,65207457.99557097,68.37807330250563
2020-06-10,46.6744722454156,3043834073.386765982224637871272,0.68264689,65214107.98995662,68.37278969426727
2020-06-11,43.2664354711756,2821876206.767742052022152997736,0.6334739,65220907.98646206,68.30026536401199
2020-06-12,44.6320629984908,2911242708.788612353826028951488,0.6535304,65227607.98413136,68.29378250574236
2020-06-13,45.0630243310784,2939670416.662414343071040321344,0.6603822,65234645.48372591,68.23779370655114
2020-06-14,44.0639820878103,2874818264.763589490505936015162,0.64591141,65241907.98359254,68.21985400104684
2020-06-15,43.8275975976059,2859721509.517087817385885099986,0.64285765,65249332.98359254,68.1762091461553
2020-06-16,43.8337188946338,2860438166.605652651967951711852,0.64317453,65256570.48359254,68.15213732831398
2020-06-17,43.995309648802,2871278343.56054425371566713708,0.64576354,65263282.98359254,68.1291322963232
2020-06-18,43.4551455676012,2836368757.223656857503508039,0.63804174,65271182.9675325,68.10705764735893
2020-06-19,42.8498887298557,2797159660.673635218075588094008,0.6294658,65278107.91547544,68.07341833322111
2020-06-20,43.5964164621861,2846249611.643723921258118163788,0.64058078,65286320.35874908,68.05764054017685
2020-06-21,42.9386677611378,2803620534.239122911036599654028,0.63108324,65293607.84631926,68.03962621656343
2020-06-22,44.3266627817518,2894582956.663146399400445943878,0.65151981,65301170.33432021,68.03578663517814
2020-06-23,44.0885691887945,2879368034.11738197762869051089,0.64819345,65308720.31223002,68.01760984902656
2020-06-24,42.6191776730343,2783676716.590555405974251734785,0.62694421,65315120.29505495,67.97921887345335
2020-06-25,42.3413794971896,2765806455.558241159454974344968,0.62308578,65321595.29053183,67.95433446930791
2020-06-26,43.1034480986939,2815878017.691297859624074726799,0.63450462,65328370.27895741,67.93244168764902
2020-06-27,41.0716311458385,2683434335.46116825280658131306,0.60489335,65335470.26493156,67.89896292600753
2020-06-28,41.3149507057045,2699662252.53431969154195323383,0.60871517,65343470.25522574,67.87238554561489
2020-06-29,41.8899895671414,2737576595.989512840026805308364,0.61734874,65351570.25049426,67.85466115495986
2020-06-30,41.2300748602659,2694771212.718118229029435041024,0.61027363,65359357.74676736,67.55998102075277
2020-07-01,41.8026585385416,2732486487.618520195737819590904,0.61885434,65366332.74410519,67.54846146597534
2020-07-02,41.0255444871924,2681998108.95924246138834536838,0.60716999,65373857.73871995,67.56846544275417
2020-07-03,41.1351222203132,2689453173.23827814297606344326,0.60894973,65380945.23784305,67.55093268587736
2020-07-04,42.0415697688187,2749032357.007456249456614480832,0.62242789,65388432.73750336,67.54448257262172
2020-07-05,41.6304199248737,2722461702.281982598027995177876,0.6165246,65395970.23510548,67.5243452165148
2020-07-06,44.0331393405287,2879891496.562783142396544492415,0.65198241,65402820.23253545,67.53731184331905
2020-07-07,43.3350407971588,2834535061.437376053994972731352,0.6417839,65409770.22971254,67.52279201325992
2020-07-08,45.2886717808441,2962636371.323692285785761661554,0.67083868,65416720.22664194,67.51052545277219
2020-07-09,44.2804664825915,2896983440.81504959149972630144,0.65607734,65423507.72103936,67.49275395274512
2020-07-10,44.3081894875416,2899122841.867242199027746468744,0.65660948,65430857.71271259,67.48027684209129
2020-07-11,44.6653968715149,2922833009.445770314375831602591,0.66198749,65438420.21271259,67.47166305441044
2020-07-12,44.6707493065286,2923559056.740712665816415084636,0.66221375,65446832.70655226,67.45669250529546
2020-07-13,43.8606669796862,2870873430.114053443695127601628,0.65103014,65454395.19749394,67.37117728479697
2020-07-14,43.9263081615017,2875490595.871855245159102463973,0.65226774,65461695.19413469,67.3439838700312
2020-07-15,43.2966428725893,2834576879.801342440767385237989,0.64312948,65468745.18984673,67.32181344352198
2020-07-16,42.0453290543967,2752959762.910830389103148127769,0.62491573,65475995.18960007,67.28159819948314
2020-07-17,41.9082959117028,2744279168.018905931062009426476,0.62305813,65482957.68935267,67.262256752356
2020-07-18,42.4878710806984,2782537907.789987411462867698544,0.63183403,65490170.18303966,67.24530345524188
2020-07-19,42.7118679171711,2797500075.013408440249066794841,0.63526043,65497020.18273831,67.23520921517354
2020-07-20,42.0042607467551,2751477871.644723725089047552288,0.62555811,65504732.68017888,67.14685666333239
2020-07-21,43.7088965153489,2863460842.372919673255717611232,0.65013456,65512082.68017888,67.23053842169058
2020-07-22,45.0508883463496,2951696820.332716927082323016448,0.67024524,65519170.18017888,67.2155289701865
2020-07-23,44.9843896972433,2947667145.460216702201336881504,0.66928718,65526445.18017888,67.21238810706534
2020-07-24,44.2156046368686,2897608640.309502944325791055168,0.65799572,65533620.18017888,67.19740462273614
2020-07-25,49.1360805764768,3220405508.842812802549996010272,0.73061838,65540545.17699029,67.25272990870666
2020-07-26,48.095119728475,3152531461.599917463706731103,0.71512452,65547845.17426708,67.25418914243772
2020-07-27,53.6072351240462,3514238792.117965229190721020838,0.7960433,65555307.67416149,67.34210956118366
2020-07-28,56.0047413153589,3671818282.754104882906825112795,0.83078423,65562632.67208655,67.41189744942426
2020-07-29,55.3194964678727,3627293584.303625492348336720686,0.82045363,65569895.17086818,67.42550029045846
2020-07-30,57.1004172190907,3744507330.725985321699439163926,0.84519603,65577582.67086818,67.55878540874204
2020-07-31,58.1382756369397,3812979631.951711380821227308746,0.86018575,65584670.17086818,67.58804785703518
2020-08-01,61.6911162275468,4046452651.350151451855387580824,0.91146142,65592145.17086818,67.6837383062761
2020-08-02,56.7955350814533,3725769788.409686348237577125994,0.83943075,65599695.17086818,67.65958368984374
2020-08-03,58.4100110493516,3832095090.889427272740758495304,0.86248522,65606820.16737894,67.72291245680894
2020-08-04,57.6570717410968,3783109384.798882681128376678384,0.8513673,65613970.16113738,67.7229108295524
2020-08-05,58.8685967724643,3862998243.058819370999472157569,0.8689735,65620695.15585483,67.74498505704064
2020-08-06,59.14058619512,3881218224.2999014109171341696,0.87287296,65626982.65273808,67.7539446234192
2020-08-07,57.2650886269286,3758495032.036085451353253582,0.84556839,65633270.15037,67.72378119164154
2020-08-08,58.0143197629984,3808064744.148208686130069408,0.85657668,65640082.65037,67.72811018273157
2020-08-09,56.9011491219458,3735449917.800237681268766676148,0.84026215,65648057.64809306,67.71832947842027
2020-08-10,58.2935351599292,3827316418.205339845741640750372,0.86089516,65655932.64681991,67.71269937204572
2020-08-11,54.1926038273913,3558459520.632294489806746200783,0.80119163,65663195.14681991,67.6400024640688
2020-08-12,54.5187438175747,3580238145.328555093571221928316,0.80619414,65669857.64214228,67.62483267067
2020-08-13,57.1313396388447,3752224713.84855129724918780632,0.84469376,65677170.1410856,67.63556491626586
2020-08-14,56.7816384227004,3729683899.63594809247273955424,0.83927875,65684682.6410856,67.65527951553689
2020-08-15,59.9068057282866,3935409572.18170797334575193296,0.88502129,65692195.1410856,67.68967753113216
2020-08-16,63.8735709602419,4196446194.97309593345755460664,0.94210754,65699257.6410856,67.7985986188391
2020-08-17,67.3540364128378,4425539573.43622340863556871568,0.98913225,65705632.6410856,68.09406569529786
2020-08-18,65.7325810600109,4319394397.438115718520176752709,0.96367007,65711620.14001401,68.21066992358796
2020-08-19,61.8679551104659,4065855760.291461295554277412948,0.90811422,65718282.63972572,68.12794442362757
2020-08-20,62.8223142970817,4129036351.057559093284078678346,0.93067915,65725632.63956938,67.50158128833304
2020-08-21,59.188884895619,3890653804.79568731586449777945,0.87746285,65732845.13903155,67.454576448016
2020-08-22,60.3750063851079,3969082058.66372419054161931155,0.89513641,65740482.6319445,67.44782773958205
2020-08-23,60.7024922177789,3991073991.590533822662589900519,0.8995243,65748107.62747571,67.48288202751043
2020-08-24,62.2885224917816,4095794729.080679927547357766304,0.9226834,65755207.62466444,67.50801249028822
2020-08-25,58.5095612222154,3847725957.871024063501377583488,0.86735353,65762345.11924672,67.45756972040616
2020-08-26,58.2660730846721,3832121469.21292140629752635461,0.86997483,65769345.1151941,66.97443543817482
2020-08-27,55.965092388258,3681216308.2074878270172308778,0.83609207,65777007.6151941,66.93651859209479
2020-08-28,57.2269341663597,3764640679.10436155292705591777,0.85528746,65784420.1151941,66.90959103546275
2020-08-29,57.1547426979006,3760285972.93913084860823150646,0.85443722,65791320.1151941,66.8916818697348
2020-08-30,62.6398736281195,4121601588.51127526743965500402,0.93555608,65798370.10815836,66.95469674903883
2020-08-31,61.1134363698195,4021632022.46904052512164456268,0.91265314,65806020.10550824,66.96239095810212
2020-09-01,63.0699094721517,4150851177.945391720250867358423,0.94162879,65813495.09908819,66.97958913528089
2020-09-02,58.1898640758487,3830114758.128708464225928195052,0.86959342,65820995.09866996,66.9161733949743
2020-09-03,48.492404014558,3192186222.99739095217467514632,0.72716861,65828582.59695804,66.68660245738329
2020-09-04,50.5117314239439,3325498310.521988347436259613956,0.75805705,65836157.59695804,66.63315303768219
2020-09-05,47.3894101580998,3120266624.170281732432839477974,0.71192576,65843120.09287513,66.56510105505917
2020-09-06,47.8990122619698,3154174270.565661078571395203832,0.71979249,65850507.59115484,66.54558491152054
2020-09-07,48.7816990993958,3212655753.147881604382049441908,0.73452924,65857807.58890526,66.41219497183775
2020-09-08,47.2938047039029,3115049370.076851602264590070207,0.7125419,65865907.58725283,66.37336654013313
2020-09-09,47.861540654889,3152812945.89076399847911858587,0.721469,65873620.08725283,66.33901200867813
2020-09-10,48.6005673637297,3201842196.997571563317242742645,0.73285098,65880757.58529285,66.31712133854238
2020-09-11,49.0333105635878,3230730428.878554263592304932778,0.739506,65888482.57938551,66.30549388860645
2020-09-12,50.7847559363729,3346475208.322144527245780509034,0.76593733,65895270.07897546,66.30406163435447
2020-09-13,48.0483251575883,3166498506.099230335008971784677,0.72511642,65902370.07666319,66.26291148887279
2020-09-14,48.9136823629977,3223883443.937818467410641644663,0.73850095,65909645.07666319,66.2337433188105
2020-09-15,48.2890097068016,3183057360.796273179702329292336,0.7293003,65916807.57429021,66.21279287393904
2020-09-16,47.8747962034044,3156085860.133879015476689128188,0.7232814,65923745.06879777,66.19110653668739
2020-09-17,48.9077461380117,3224545539.400297849143520342293,0.73910707,65931182.56361729,66.17139535414226
2020-09-18,48.2944471523578,3184438414.116018187189398918638,0.73016528,65937982.56080771,66.14180169229328
2020-09-19,48.5216308673189,3199792066.378094025582564492154,0.7337029,65945682.55811186,66.13253248326932
2020-09-20,47.0746078701065,3104703730.59590877376377711309,0.71207459,65952832.55811186,66.10909661880576
2020-09-21,43.3312086187525,2858113306.947876389774588651625,0.65686411,65959695.05708565,65.96677754056695
2020-09-22,44.3801830205714,2927612890.39110835008628174041,0.67355329,65966670.05708565,65.88963884442076
2020-09-23,42.9696289236166,2834862509.617613831294997005194,0.65264942,65973632.55467959,65.83876060690683
2020-09-24,44.9249170343906,2964201398.345812718638993907854,0.68253603,65981232.55467959,65.82057951488744
2020-09-25,45.9705651523007,3033533008.269935865112589832713,0.69865611,65988595.05467959,65.79855882502868
2020-09-26,46.0925979170909,3041939539.658093007084384404731,0.70057569,65996270.05467959,65.79245979416
2020-09-27,45.928199888909,3031434344.32974350695825710846,0.69822602,66003770.05112694,65.77841354137588
2020-09-28,45.3229358045639,2991832486.314641344181541427672,0.68929303,66011445.04883048,65.75278413095792
2020-09-29,45.6689764879882,3014994243.643548113755695086732,0.6947523,66018432.54438926,65.73418538950962
2020-09-30,46.2761559767649,3055395116.405140856171008368486,0.70466603,66025257.54168614,65.67104700188952
2020-10-01,46.1684856847052,3048589715.300444805948839342412,0.70316837,66031832.53875681,65.65779641752829
2020-10-02,44.9069022694422,2965576383.87167838817049688333,0.68401759,66038320.03548515,65.65167756788566
2020-10-03,45.6316774532161,3013742769.953435990317192906643,0.69518649,66044970.03300563,65.63947675855452
2020-10-04,46.7034191388253,3084845251.815526299685093196557,0.71171791,66051807.52710769,65.6206883129094
2020-10-05,46.3096069414673,3059136572.018688473210910143072,0.70597249,66058357.52148064,65.5969001589103
2020-10-06,45.9005394490914,3032426369.025159536607230690496,0.6999013,66065157.52148064,65.58144619690147
2020-10-07,46.576155177942,3077419664.75084086215232876134,0.71044166,66072857.51676377,65.55943689724221
2020-10-08,47.1616400589237,3116469236.897209117500142628202,0.71944339,66080595.01330946,65.55295484600074
2020-10-09,47.8476327638227,3162157703.948610856196904409787,0.73002911,66088070.01084281,65.54208881317444
2020-10-10,48.8146812164809,3226423806.781128291062621267329,0.74441709,66095357.51084281,65.5743693585553
2020-10-11,50.6329964082373,3346996506.432462778296199478813,0.77203737,66103070.01084281,65.58360822383159
2020-10-12,50.6753337325232,3350165063.445815025202635228576,0.7704308,66110370.01016718,65.77532171938506
2020-10-13,49.9234847803503,3300807019.030053192993768014706,0.75909367,66117320.00585902,65.7672257764319
2020-10-14,49.7812145779415,3291753941.15359561326645080733,0.75693632,66124420.00585902,65.7667141377778
2020-10-15,49.5101829076955,3274189221.34958137976359608841,0.75306477,66131632.50585902,65.7449197997876
2020-10-16,47.6515792076657,3151595990.065872171054547489614,0.72531463,66138332.50585902,65.69780511343843
2020-10-17,46.8872192581016,3101347850.582858481629602436432,0.71388186,66144845.00585902,65.67924174190615
2020-10-18,47.5153526788585,3143213990.784040195437131111645,0.72354867,66151544.99700437,65.66987771376664
2020-10-19,48.0262895235951,3177351837.651697890684130066506,0.73151256,66158594.99390806,65.65340385077613
2020-10-20,46.9395874564666,3105805095.031322253862248513592,0.71529232,66166007.48593612,65.62294343726018
2020-10-21,53.2200772745302,3521743880.979605933733986136414,0.80998439,66173219.98262157,65.70506534642007
2020-10-22,54.4172173245814,3601327087.927882314609883704164,0.82764817,66179919.97729526,65.74921481984475
2020-10-23,55.4894041553056,3672660266.886272889922551099712,0.84341819,66186694.96985602,65.79109250098769
2020-10-24,59.0647855958797,3909712709.393156465200498177444,0.8972153,66193632.46560052,65.83122868711635
2020-10-25,58.8357168781221,3894921219.131041505110054753725,0.89306319,66199944.96199225,65.88079940695137
2020-10-26,57.0549680108415,3777368800.370300298131360787045,0.86576948,66205782.45968923,65.90087699885368
2020-10-27,58.000790469935,3840298745.49589181538562635815,0.87954214,66211144.95821449,65.94429968976246
2020-10-28,55.835662184756,3697232072.2072849225588315942,0.84682661,66216319.95647195,65.93517672378765
2020-10-29,54.9339698243609,3637852866.164134316540977526755,0.83312774,66222282.45647195,65.93703124608587
2020-10-30,54.1014907904846,3583107648.597802734322459170998,0.82080849,66229369.95348013,65.91244053833385
2020-10-31,55.8267433823726,3697705001.229447794190666356438,0.84509397,66235369.95348013,66.05980561235408
2020-11-01,55.5392803285107,3679031338.462398338933663097855,0.84099233,66241969.94813765,66.04017462146261
2020-11-02,53.9452972576285,3573856115.28195365616871626001,0.81722136,66249632.44180786,66.01063053176743
2020-11-03,53.91955338986308,3572556338.1441227953947130678088,0.81687947,66257157.44180786,66.00674318558046
2020-11-04,54.73757038280915,3627187561.422219192185466349919,0.82766558,66265044.94180786,66.13488793723808
2020-11-05,59.16425179020286,3920952223.4394253661899024184664,0.89319629,66272319.93642324,66.23880154070373
2020-11-06,63.16746587199158,4186729053.0744880281648799429154,0.95185434,66279832.43080963,66.3625338641536
2020-11-07,59.109454613528555,3918202156.63533131420694136365735,0.89133888,66287232.42759477,66.31535540503803
2020-11-08,61.11903402473589,4051866950.8179778183177497394296,0.92150644,66294682.42541464,66.32512956147751
2020-11-09,59.161004580342144,3922499280.65611112791378032898176,0.89183956,66302107.41822779,66.33592770917467
2020-11-10,58.046561037318206,3849002590.60601545784339282214474,0.87635117,66308882.41822779,66.23664465161633
2020-11-11,59.42831866868247,3941058478.7625537461172762828744,0.89684925,66316169.91781752,66.26344245555478
2020-11-12,60.045202378335716,3982392663.47827874096489258654432,0.90601298,66323244.91781752,66.274108322748
2020-11-13,65.67979464002094,4356547833.6527843430434218988688,0.98846618,66330107.41781752,66.44617283721426
2020-11-14,63.83789283750168,4234809982.8572260634364749334336,0.96036156,66336932.41781752,66.47276973216388
2020-11-15,62.40834430292596,4140445400.8090546116348733508192,0.9390806,66344419.91781752,66.45685610258157
2020-11-16,73.7746091144416,4895070356.235641002542570590144,1.10327633,66351694.91230034,66.86865938150018
2020-11-17,76.42241388856321,5071284005.2828100472593967164414,1.13344793,66358594.91009534,67.4247240352393
2020-11-18,73.74416978167406,4894107961.4429781906672709992644,1.09287458,66366032.40544174,67.47724865343109
2020-11-19,81.41549879490663,5403850529.4526190523231132934815,1.19943846,66373732.39050505,67.87801251171037
2020-11-20,82.69966697070373,5489662394.4744994703151186188365,1.21505539,66380707.39050505,68.06246665899218
2020-11-21,86.46711130331438,5740410568.1904495113162858314612,1.26723404,66388369.88613974,68.23294559173488
2020-11-22,83.55139806452664,5547550260.0102401191614289789992,1.2227488,66396857.36588003,68.33079538865762
2020-11-23,88.38376700771926,5869119175.1863838561784030803778,1.28810162,66404944.86588003,68.61552352346182
2020-11-24,89.26856935849035,5928566257.9190674306896050127105,1.29902073,66412694.86588003,68.71989591612626
2020-11-25,81.74369374939633,5429406522.9874269311730017022899,1.1902665,66419882.36588003,68.6767994809535
2020-11-26,70.6030574532541,4689926871.196496204167032755046,1.03066994,66426682.36147806,68.50210209221208
2020-11-27,69.06570246143049,4588278579.3701397387363648981738,1.00679855,66433532.35902362,68.59932651018468
2020-11-28,72.93393170108533,4845756485.0183808118862420956467,1.06430087,66440357.34804999,68.52755057983306
2020-11-29,79.18870821171204,5261918007.1104911674965734048796,1.15264784,66447832.34804999,68.70156301313334
2020-11-30,87.93967441643287,5844018518.4681076572806017528749,1.27063867,66454857.34680027,69.20903360861264
2020-12-01,85.29460974799822,5668919215.1911674252449235694672,1.23045328,66462807.34433176,69.31966547157177
2020-12-02,89.0663039705931,5920272392.250596958867260366856,1.28145355,66470394.84433176,69.50412207340104
2020-12-03,89.07617619715501,5921595560.9174360145253115861176,1.27847584,66477882.34433176,69.67372664402872
2020-12-04,80.29887167866515,5338698174.166797609023100550164,1.15077717,66485344.84433176,69.77794986901344
2020-12-05,82.68507957626096,5497967200.7690395841967105760896,1.18472967,66492857.34433176,69.79235995352504
2020-12-06,83.62286621513607,5560932714.644688109309614062784,1.1980528,66500144.8328512,69.79898232793752
2020-12-07,83.5511163735715,5556775440.12091936153066011306,1.19698071,66507494.82838284,69.80155626198145
2020-12-08,76.81900017706896,5109570267.145128050206586532432,1.10205143,66514407.3128717,69.70545846219623
2020-12-09,77.62444148466884,5163734634.1657925769271634024208,1.11395421,66522019.80977412,69.6836914729815
2020-12-10,74.99995798664384,4989712127.8274735662054336225664,1.07630993,66529532.30608546,69.68249190699545
2020-12-11,72.1438550927616,4800193828.821645027000017618688,1.03656738,66536419.80525743,69.59880899663425
2020-12-12,76.7346479637153,5106168627.623629777177194475962,1.1020727,66543194.80344954,69.62757353822057
2020-12-13,82.1279737655051,5465703488.284330404165290462654,1.17824122,66551057.30344954,69.703870796088
2020-12-14,82.3159189933051,5478839100.791882033073895674654,1.18007221,66558682.30344954,69.75498473377752
2020-12-15,81.3846248811249,5417415963.067697780502955587546,1.16577483,66565594.80344954,69.81161609152679
2020-12-16,92.5083834891423,6158561289.652981177819925929542,1.31556489,66573007.30344954,70.318373644908
2020-12-17,101.613286602413,6765467981.25771763126888774002,1.43249767,66580544.80344954,70.93434686173906
2020-12-18,108.614534107978,7232328995.04378740175123443012,1.50229762,66587119.80344954,72.29894573618375
2020-12-19,120.392590580068,8017461174.14743270380596776872,1.64268986,66594307.30344954,73.28990913724152
2020-12-20,114.852640874304,7649393453.0260512095942878656,1.55984349,66601807.2792739,73.63087489906054
2020-12-21,105.509188477551,7027812186.4669496170927302189,1.43251666,66608532.2792739,73.65302716797095
2020-12-22,113.500041132388,7560877003.7576214264184130732,1.53121813,66615632.2792739,74.12401858929661
2020-12-23,103.425946806611,6890563120.8546608168017997529,1.39919287,66623157.2792739,73.918291769605
2020-12-24,111.018543348113,7397280145.4260860157625751507,1.49711403,66631032.2792739,74.15503503638465
2020-12-25,127.184445914547,8475469064.1935241422861074233,1.70216474,66639194.7792739,74.71923423495836
2020-12-26,129.620887909683,8638811854.8406117360310191737,1.72644592,66646757.2792739,75.07961089779343
2020-12-27,128.627460518287,8573514787.49782298945663388774,1.70266363,66653844.77740602,75.5448452953018
2020-12-28,130.253566972128,8682847001.06320897863452666496,1.70689929,66661107.27640332,76.31004812951092
2020-12-29,128.313966447425,8554473335.13527720648581532425,1.66917182,66668294.74592201,76.8728329282632
2020-12-30,128.674721884027,8579416961.6132953068679412376,1.66347582,66675232.2134088,77.3529259259248
2020-12-31,124.822577039248,8323488632.3474804340856481608,1.61066024,66682557.19260085,77.49777013136428
2021-01-01,126.167019193361,8414044718.18227636817561004961,1.62667544,66689732.16595601,77.56127380478615
2021-01-02,137.286798942509,9156616892.71874208405767816106,1.76032889,66696994.63641234,77.98928923021255
2021-01-03,160.973967127804,10737693162.06453412139498621344,2.02701348,66704532.12810136,79.41435452506414
2021-01-04,154.307963318761,10294238311.39489806166891902066,1.93254936,66712294.62169506,79.84684195531284
2021-01-05,159.085910447875,10614163360.82604755808884838125,1.98350651,66719694.60365135,80.20438029612265
2021-01-06,168.402759613178,11237045815.28374035707879851342,2.08729608,66727207.09028339,80.67986196437354
2021-01-07,168.94635805727,11274554040.4880750337644318928,2.04540419,66734519.58441264,82.59803068911772
2021-01-08,173.11836098248,11554305826.2092945015990208648,2.07968421,66742232.08119801,83.24261931213107
2021-01-09,177.386824372625,11840578434.23081870186219864875,2.12105938,66750044.57691899,83.63123920303681
2021-01-10,170.884365937618,11407839898.86803476346330263802,2.04235353,66757657.06403189,83.6703163421555
2021-01-11,138.616116668635,9254763187.40371795663790368215,1.68505054,66765419.56176309,82.2622902863406
2021-01-12,132.074768947139,8818963441.70682093519726680661,1.60928015,66772507.05800199,82.0707127638025
2021-01-13,146.951758671925,9813388044.82886404435511018075,1.78251828,66779657.03518799,82.4405338900227
2021-01-14,151.41468475924,10112526042.6773673227428889556,1.83200309,66786957.01646769,82.64979769179321
2021-01-15,144.085506499548,9624035723.67077939192204024796,1.74362724,66793919.50987777,82.63549868580168
2021-01-16,144.191069187842,9632168100.38986858406433894076,1.74461295,66801419.49597278,82.64931725277059
2021-01-17,143.355445020588,9577399089.87274848793615792104,1.73453343,66808756.99208558,82.64784208891724
2021-01-18,151.422041281709,10117414275.86612909212606631392,1.81491724,66815994.48949088,83.43192623026106
2021-01-19,155.182440910531,10369735995.25146503464145984352,1.85482702,66822869.48450592,83.66410411173058
2021-01-20,149.559338386746,9995070323.12703510732189032772,1.78648061,66830131.97932682,83.71730291925532
2021-01-21,131.225301011894,8770707999.2656201182458826756,1.57392663,66837019.4743974,83.3744715354959
2021-01-22,137.887821504431,9216958989.15191319032966857627,1.65024341,66843894.46863317,83.55605037952007
2021-01-23,137.664312086863,9203056393.52784162549444571161,1.64430685,66851431.96532247,83.72178957161373
2021-01-24,140.764864923681,9411358614.22861086040491385305,1.67936331,66858719.46334905,83.82037649952052
2021-01-25,137.392844422433,9186977870.30852973883799450903,1.64036215,66866494.45921591,83.75762902261125
2021-01-26,135.26318620742,9045547294.0158859968142476164,1.61458945,66873681.95027542,83.7755915024838
2021-01-27,122.783667050949,8211843106.08323229293167211727,1.46949475,66880581.94805123,83.55502260280208
2021-01-28,134.352303623205,8986475527.32997961150505070635,1.60842453,66887394.44716047,83.53037467241624
2021-01-29,134.904035812356,9024286684.16260018954856400876,1.61570961,66894119.43698171,83.49522400399412
2021-01-30,133.474925008821,8929635246.92373697390995753234,1.59855432,66901219.43378954,83.49727209071068
2021-01-31,129.779675792711,8683419493.32118388116963934023,1.55459314,66908931.92852993,83.48144119091572
2021-02-01,132.619334970747,8874465748.65388366484743806723,1.58811326,66916831.92810009,83.50747916477127
2021-02-02,143.072456529602,9574953455.63260422504645422324,1.69605093,66923806.91493562,84.35622657251336
2021-02-03,155.80169696784,10427923558.5600195540682356864,1.83659949,66930744.41103496,84.83161288901371
2021-02-04,146.620094152422,9814416554.01987613218985515564,1.72794674,66937731.90335762,84.85220681768352
2021-02-05,154.447522123038,10339490433.51645983437403350074,1.813288,66945006.89547923,85.1753952615569
2021-02-06,155.792848767112,10430636093.63125581502727730568,1.81188076,66951956.88489889,85.98405160343555
2021-02-07,151.527331344952,10146180233.12903615448634769032,1.7616677,66959406.88106791,86.01357188132131
2021-02-08,167.325227179183,11205229898.60257244827336447738,1.93390472,66966769.37186086,86.52196018177308
2021-02-09,179.73615559152,12037663999.013319719609016504,2.06035708,66974081.86681645,87.2354395925972
2021-02-10,182.367414369417,12215200903.38230883789838730529,2.05553457,66981269.35461337,88.72018842739142
2021-02-11,185.497342467525,12426092610.68672707314554517375,2.08146819,66987981.85134195,89.11850940538515
2021-02-12,198.126957638458,13273578796.95926583723060291518,2.20641817,66995319.34054571,89.79574240836588
2021-02-13,226.905993016187,15203344092.96204286160563853017,2.49561358,67002831.83740091,90.92192590817164
2021-02-14,215.759584295992,14458086278.98909976154607032384,2.35600561,67010169.33344952,91.57855286091275
2021-02-15,209.532994790494,14042305572.93028750934904138944,2.28293326,67017156.82998176,91.78235669950948
2021-02-16,209.597179809236,14048089970.44460578662215953536,2.27887557,67024231.82998176,91.97394652365158
2021-02-17,235.870927068011,15810748278.11444873365540947936,2.52394226,67031356.82998176,93.4533768090285
2021-02-18,226.584444928088,15189925342.48382349759841439136,2.30597215,67038694.32566172,98.25983584757864
2021-02-19,237.31104007136,15910840669.3247242288808620224,2.36836318,67046356.81736634,100.20044310575713
2021-02-20,226.407581108246,15181337379.92715280716757710306,2.25330138,67053131.81482611,100.47816200611656
2021-02-21,227.274573209166,15240934995.61758859480594812426,2.24108158,67059569.31482611,101.41289600406515
2021-02-22,206.408684223815,13843197149.9820057925754352597,2.04085151,67066931.81073438,101.13851165184234
2021-02-23,175.430642153697,11766840472.19897269258596220179,1.72438856,67074031.80961907,101.73498376357647
2021-02-24,180.622048601708,12116284034.68282937968973704324,1.7737102,67080869.29852403,101.8328972803494
2021-02-25,182.627454278357,12252089063.67927960765730511188,1.79646924,67087881.78695684,101.65910454350836
2021-02-26,170.081058680456,11411630180.56644118059616049496,1.66990316,67095244.28588091,101.85085144725159
2021-02-27,170.857928457133,11465003846.34046583376529088223,1.68025839,67102556.78428731,101.685508296812
2021-02-28,165.953098528752,11137142609.69670403108870414704,1.63212161,67110181.78287977,101.67937089488817
2021-03-01,175.664684991833,11790195448.46038275516615254451,1.72433119,67117619.28135147,101.87409820722026
2021-03-02,177.46770266771,11912522963.3871834595731300337,1.73890386,67125019.28135147,102.05722510024792
2021-03-03,189.700224413589,12734935410.14379099890898290424,1.85290385,67131894.27957016,102.3799612773156
2021-03-04,180.837028787726,12141112256.58450177011497730408,1.76119258,67138419.26056108,102.67873646601782
2021-03-05,180.233422990088,12101866773.45117802647108694136,1.7553907,67145519.25320047,102.67424966424169
2021-03-06,183.216630829627,12303616352.9885590949405916335,1.78323248,67153381.7496605,102.74410817686935
2021-03-07,190.442175763021,12790297772.24540377129882532744,1.85071634,67161056.74071464,102.90187191140323
2021-03-08,191.094505217062,12835556447.97621519809103946634,1.85463628,67168631.73745607,103.03610863099367
2021-03-09,203.474149552087,13668555405.53957153356812178223,1.96568136,67175881.73057129,103.5132924860655
2021-03-10,200.997013652632,13503543520.5534734496509821608,1.9361456,67182806.7251319,103.81296409352271
2021-03-11,201.481612121755,13537467760.40095433234144286905,1.93598389,67189594.21577531,104.07194665331384
2021-03-12,220.869897133988,14841536437.63939089324694875196,2.09076731,67195831.71008567,105.64059236892699
2021-03-13,226.998706216844,15254964362.9288983451372189682,2.13974654,67202869.20206655,106.08672661615519
2021-03-14,217.78133797207,14637210407.90452209095028231,2.04723617,67210581.697233,106.3782191636786
2021-03-15,202.337036078963,13600752946.68988395828048697249,1.90268101,67218306.69389723,106.343120583814
2021-03-16,200.270589852044,13463304393.9177558035174344216,1.88204263,67225569.1854914,106.41129305984106
2021-03-17,205.654084980976,13826624217.14143309037021798352,1.92220846,67232431.67487027,106.98844025531758
2021-03-18,200.1936629787,13460868082.965064124294606088,1.87077573,67239231.66537624,107.01104347697519
2021-03-19,200.068416159829,13453862066.52306936899574953804,1.86712094,67246306.66229276,107.15343172136936
2021-03-20,200.33803497928,13473427855.524437838839746164,1.8683341,67253469.15236505,107.22816383819148
2021-03-21,195.69319083122,13162547916.5100892622966826448,1.8256324,67261144.14406184,107.19200142987167
2021-03-22,186.86267638056,12570019901.4293753646693269304,1.74632048,67268756.63404059,107.0036562707894
2021-03-23,186.542879213088,12549797019.85104680768983694304,1.74388997,67275669.12653583,106.96940886304198
2021-03-24,177.247972230575,11925632475.03722000131465177825,1.65795643,67282194.12024431,106.90749709904922
2021-03-25,172.043507976061,11576677605.32717602579377687462,1.61168428,67289244.10758942,106.74764909667108
2021-03-26,183.134436779422,12324161325.04688635613932946602,1.71348817,67295706.59553691,106.8781448193027
2021-03-27,184.363824411064,12408159030.42678083646800263008,1.72421543,67302569.09165172,106.92621188934841
2021-03-28,183.849209985194,12374983460.21970340222978862266,1.71891417,67310506.58970089,106.95659689930534
2021-03-29,193.710867042792,13040212473.23141760055111357416,1.80810975,67317919.08375873,107.13446296210282
2021-03-30,195.683137477054,13174454129.14527320412998052874,1.82020163,67325444.07762331,107.50629724304446
2021-03-31,196.931402373199,13259867711.95408214000692996178,1.82905022,67332419.06654222,107.66866880954149
2021-04-01,202.666612759354,13647398767.23754665110356153552,1.87824755,67339156.56567688,107.90197104708268
2021-04-02,211.996774344775,14277194454.143739542807505262,1.95907107,67346281.55673928,108.21290640812484
2021-04-03,197.181185663074,13280883706.93447073067349636986,1.82349995,67353706.50234189,108.13336499574568
2021-04-04,202.713193969827,13655091466.77197753169447260676,1.85243427,67361631.47231788,109.43070815129491
2021-04-05,219.488367712929,14786839460.52049017498246458373,1.99513564,67369581.42520037,110.01175224002766
2021-04-06,238.027175088781,16037588257.92524642730155210154,2.10921301,67377131.42183634,112.85117907023577
2021-04-07,221.133637988865,14900931289.38800378230794047835,1.94170239,67384281.40063579,113.88647360570278
2021-04-08,226.099346872601,15237155794.22680937064745441076,1.97803975,67391418.88283476,114.30475392246338
2021-04-09,220.676399630811,14873229375.94022575868210453652,1.92905248,67398368.83700732,114.39626548201065
2021-04-10,250.677403414199,16897090556.24883221226356429496,2.17725478,67405718.76887304,115.13462076964599
2021-04-11,251.137091633351,16929984803.80806092021813647208,2.17224215,67413318.73240408,115.61192274689587
2021-04-12,245.181175299088,16530407515.1024934381675673304,2.10863067,67421193.71496455,116.27506835945242
2021-04-13,266.465122946952,17967328526.33546934711169682688,2.25183181,67428443.64630944,118.33260448832188
2021-04-14,278.525988243316,18782405195.18194245823937358116,2.33794053,67435018.59070301,119.13305093492518
2021-04-15,287.025729841427,19357486959.60956744419517726747,2.39566435,67441643.54291161,119.81049425451734
2021-04-16,312.240975722629,21060081950.95217228185777464255,2.54499465,67448168.52500595,122.6882640883465
2021-04-17,304.529103502948,20542096238.27118175331826502376,2.46088751,67455280.96322762,123.74767325425128
2021-04-18,274.803481327746,18539151323.49232430368304265306,2.20642788,67463305.90106861,124.54677708647608
2021-04-19,262.467778189086,17709010923.27322013463318550536,2.11268131,67471180.82630076,124.23443940491242
2021-04-20,262.82667392965,17735092108.50290088357066763,2.1106775,67478280.8127382,124.52242179567935
2021-04-21,258.653133972881,17455295545.0755425262206527542,2.07646843,67485343.3127382,124.56396169378846
2021-04-22,254.776325918696,17195393932.1893784085543333872,2.01649272,67492118.3127382,126.34626616390462
2021-04-23,240.308762689062,16220677666.0892609473204095684,1.90679479,67499318.3127382,126.02759560144489
2021-04-24,226.941172867656,15319991421.5167402161275756592,1.79682464,67506443.3127382,126.30123597796167
2021-04-25,222.853588497587,15045746824.94110175394803686374,1.76503201,67514043.30697602,126.26036651742479
2021-04-26,245.734835257415,16592407605.60959959771687053755,1.94020623,67521593.29884397,126.65397701429659
2021-04-27,259.529888931462,17525736978.8813887347699939063,2.02922086,67528780.79298865,127.89632417412763
2021-04-28,258.710181209357,17472255529.65802029397677875058,2.01749632,67536018.28881594,128.233285307483
2021-04-29,255.335223189533,17246178674.69535859634864483926,1.9884529,67543280.78697422,128.4089873034121
2021-04-30,271.678779260227,18352011782.51528783890391175346,2.10817359,67550405.78615398,128.86926415780923
2021-05-01,277.16695992993,18724881727.53581097782980458,2.14741862,67558130.782506,129.06983172658252
2021-05-02,268.962596311921,18172751871.02603267894554230415,2.08214912,67566093.27919615,129.17547246179996
2021-05-03,295.263731832104,19952108831.20455293251456883616,2.27373113,67573855.77768804,129.8586837891004
2021-05-04,310.220897214318,20965168212.84361180001873011218,2.36757464,67581418.27679551,131.0289829824829
2021-05-05,354.487575203619,23959591268.74818928291727360073,2.6402229,67589368.27330467,134.2642604924073
2021-05-06,354.690866389383,23976005071.6079001887473565496,2.62244493,67596905.7666312,135.25197891929915
2021-05-07,345.99588623435,23390876549.720703266118552666,2.49045188,67604493.23341836,138.9289586411724
2021-05-08,345.5170220342,23361016812.352419436013769198,2.48064326,67611768.22726869,139.2852521785821
2021-05-09,385.473617544608,26065174107.009754111294214392,2.74511616,67618568.22534275,140.42160516245988
2021-05-10,361.784409293739,24465935042.94335938099569693216,2.47998847,67625730.72373344,145.88148843036316
2021-05-11,375.415735080899,25390363163.09321273416937346668,2.51333836,67632655.72132132,149.36935712901746
2021-05-12,322.568527158381,21818359605.85446530757800390115,2.16732027,67639455.70902415,148.83288437955736
2021-05-13,312.043063537105,21108451249.53916303146109283505,2.05436359,67645955.69043681,151.8928124778073
2021-05-14,326.938124350765,22118387650.55825065006930208795,2.14566342,67653130.67872103,152.3715794860151
2021-05-15,301.121245228009,20374098523.30934700767072972658,1.97616768,67660780.65292962,152.37636374460337
2021-05-16,294.267168797231,19912494510.72685616082886544222,1.9338935,67668080.64968962,152.16306833712974
2021-05-17,281.707483939102,19064675292.81924985541128152124,1.85641041,67675430.64968962,151.74849398689915
2021-05-18,292.644321343521,19806824109.97220085753894240798,1.92722432,67682243.13747038,151.84756559294613
2021-05-19,194.849709788841,13189146568.86012064898001352131,1.3110463,67688818.13143691,148.6215321219708
2021-05-20,211.305347711832,14304535931.52090154531141929,1.42783175,67696043.12631375,147.9903691116492
2021-05-21,178.762577129019,12102734715.25198098827296336095,1.21737796,67702843.12089005,146.8422979573402
2021-05-22,171.300045598743,11598634975.5453394170437575998,1.16792773,67709468.1148786,146.67007315490577
2021-05-23,143.299481962513,9703765249.7908022170746952914,0.98632315,67716680.5971378,145.28654423503394
2021-05-24,182.954550271685,12390396687.1123105587691207117,1.25400545,67723905.57497882,145.89613647347787
2021-05-25,182.359387337718,12351555639.16751493185674542114,1.25080912,67731943.05754723,145.79313855476047
2021-05-26,198.358539341967,13436711855.04055173510369005559,1.35720005,67739518.04452377,146.15276454047213
2021-05-27,193.744541019434,13125716628.72962280011665219466,1.32702396,67747543.02580849,145.9992787315114
2021-05-28,176.128975326915,11933740778.3349790173397317774,1.20736339,67755692.98682756,145.87900940653415
2021-05-29,164.28516647528,11132446368.7468100960720807664,1.1287674,67762942.98257238,145.54386180472613
2021-05-30,171.013935853619,11589655947.59485092017140571068,1.17711247,67770242.75679572,145.28257937291156
2021-05-31,187.327497108187,12696550583.02638100567312717249,1.28836354,67777292.59732627,145.39956409212496
2021-06-01,183.130563219048,12413419174.26187036854913479096,1.26030315,67784530.09732627,145.3067567267828
2021-06-02,187.848326801519,12734457405.07909075676537460413,1.29414739,67791167.59732627,145.1521891965636
2021-06-03,192.991005496351,13084390700.05431506193934144077,1.33054658,67797930.09732627,145.04641054832595
2021-06-04,179.215842131601,12151659402.91797326218257445827,1.23777861,67804605.09732627,144.78828498385587
2021-06-05,172.222187192451,11678606974.68145173796302798777,1.19056389,67811280.09732627,144.65598078272896
2021-06-06,175.729294702077,11917766163.60405637280641566279,1.21544741,67818892.59732627,144.5799244428659
2021-06-07,162.36749083414,11012886421.2918422155960348578,1.1259377,67826917.59732627,144.20646083183823
2021-06-08,161.289871031461,10940923820.83150691474065178047,1.12201176,67833917.59732627,143.7506065279218
2021-06-09,171.856449870998,11658935773.76300578912621651746,1.19409737,67841130.09732627,143.921638376105
2021-06-10,168.760062307006,11450183342.02849226795939919272,1.17293881,67848892.59639212,143.87797630040563
2021-06-11,162.064927468989,10997179834.86180498345208396668,1.12786436,67856630.09639212,143.6918597808951
2021-06-12,162.624283296185,11036225419.0181898264498600622,1.13234668,67863330.09639212,143.617044292641
2021-06-13,170.565541345744,11576318273.49314954773171434336,1.1875626,67870205.09627694,143.62656869266849
2021-06-14,178.749147972778,12132972468.45386078239126913932,1.24329875,67877092.59627694,143.7700697220021
2021-06-15,175.393454177325,11906383828.2090196520980683855,1.22168641,67883855.09627694,143.56667369110295
2021-06-16,165.817467456625,11257415036.93049492628556523,1.156633294264,67890405.09182328,143.3621773460529
2021-06-17,166.538087584362,11307462360.31609280730884292822,1.162228868848,67897155.08524831,143.2919901133022
2021-06-18,155.920730315332,10587521225.66194007570782008892,1.089485365997,67903230.08524831,143.11411165458586
2021-06-19,153.212961679089,10404727479.60081068242888262439,1.071250145464,67910230.08480151,143.02258191314087
2021-06-20,154.74262764444,10509588122.2412985407524466676,1.082570618886,67916567.54329979,142.9399846484612
2021-06-21,126.126965230082,8566887810.50351867165985228278,0.887079429525,67922730.04329979,142.18226804968137
2021-06-22,118.91101974905,8077473073.3189605271947176995,0.839958976402,67928717.54329979,141.56765162319044
2021-06-23,128.232185452848,8711446150.94099204258937330192,0.908458316972,67934942.54329979,141.153625936588
2021-06-24,134.23673493804,9120141770.3193648023027950116,0.951204796836,67940730.04329979,141.12285323260846
2021-06-25,126.527347863877,8597043631.99281653777282268583,0.897467394085,67946130.04329979,140.98266822593163
2021-06-26,125.087792085456,8499888098.77608825814390685424,0.888289440851,67951380.04329979,140.81873129733395
2021-06-27,131.563207926004,8940628428.21936013254230873916,0.933615042224,67956905.04329979,140.9180464922697
2021-06-28,137.097390119288,9317629447.09823611314874749608,0.974942769447,67963580.04328891,140.6209619843136
2021-06-29,144.342916884886,9811012244.35272717657231041426,1.027023616474,67970167.54328891,140.54488579381186
2021-06-30,144.103735328788,9795697112.08119351285172414108,1.025023389402,67976705.04328891,140.5858020594616
2021-07-01,137.563302593712,9352097379.13726531624196533392,0.979836786956,67983955.04328891,140.39409871624807
2021-07-02,136.647477963935,9290990669.86776428898276546085,0.973910873666,67992405.04328891,140.30799086323566
2021-07-03,139.595981797262,9492619943.16621037532299820196,0.994698345809,68000667.50454558,140.34001603142
2021-07-04,145.227147192947,9876704765.9294256993706560096,1.034199414549,68008667.5035168,140.42470451047254
2021-07-05,138.805518238214,9441002026.74080322960708135062,0.989428500064,68016042.49291033,140.28857894151577
2021-07-06,138.514312936476,9422234250.17814350874367031952,0.987439814166,68023542.48040252,140.27620817929684
2021-07-07,137.481150098561,9352960181.30347045034977107207,0.988630672954,68030854.95428487,139.0621936579929
2021-07-08,131.908161981107,8974707159.95096461228100336371,0.946291209103,68037542.37161153,139.39489314937651
2021-07-09,134.964432998221,9183636942.5977476179316834364,0.96815439664,68044867.3667884,139.4038321435278
2021-07-10,134.253682639687,9136238975.78252153207951335793,0.963243030558,68052054.85724039,139.37674956434907
2021-07-11,134.12545821675,9128537419.59573637110548661,0.966005397778,68059692.32808732,138.84545420270382
2021-07-12,133.357751953156,9077306086.38739594302066305784,0.961235035013,68067329.82103614,138.7358420111606
2021-07-13,131.111212564147,8925370199.26094863347631965785,0.944559234979,68074804.77609155,138.80676585313566
2021-07-14,130.836750366474,8907621721.5010623990758746947,0.943268624645,68081954.77609155,138.70571642909732
2021-07-15,125.526617292041,8546994996.97574269518467764244,0.905799950311,68089104.77600884,138.5809496334619
2021-07-16,121.568843313216,8278425476.17661499809450482944,0.878672079042,68096604.77600884,138.3551909897493
2021-07-17,120.034291633317,8174814465.53547217883908725813,0.870186447669,68103992.23671889,137.94088836347336
2021-07-18,119.045122229076,8108346869.89620920519325224688,0.863289413832,68111542.22928588,137.89711807151002
2021-07-19,113.700670434702,7745139548.30829460571878972158,0.825833348375,68118679.67617929,137.6799213284761
2021-07-20,107.250543635481,7306575161.22381158776696780368,0.780809123403,68126229.60734928,137.35821011933237
2021-07-21,117.417946269249,8000118192.83005071862243814088,0.854793290479,68133692.05491912,137.36414122232003
2021-07-22,120.585712983418,8216875321.61949040077181694686,0.877701402158,68141366.98556827,137.38808287982056
2021-07-23,123.88002801427,8442247934.498616709766585345,0.910534124092,68148579.4750235,136.05204323100497
2021-07-24,125.507561228879,8554142533.64632082222583381403,0.921458316992,68156391.93280757,136.20535939008587
2021-07-25,126.742975998881,8639291341.5190662156196551033,0.930442100172,68163866.8607193,136.21801504408657
2021-07-26,131.64127240931,8974149009.4336112491622042284,0.968346396867,68171241.77841764,135.9444025766232
2021-07-27,133.870327300787,9127075329.46306951198168751312,0.988826847077,68178479.23054576,135.38298206254356
2021-07-28,139.857943804756,9536322870.41091825194727679076,1.03283501684,68185779.16263221,135.41169840722188
2021-07-29,141.983246714349,9682216209.4561196923110792423,1.052102922423,68192666.6245027,134.95186040103437
2021-07-30,144.930708168911,9884173440.62132965822692730404,1.07750888976,68199304.10539164,134.50534798018444
2021-07-31,145.323591649627,9912015963.69312082159754159538,1.079409694987,68206516.58259894,134.63246839873642
2021-08-01,140.950515690519,9614790241.06643292487978737729,1.047431659588,68213941.56639591,134.56774425355914
2021-08-02,141.742756262491,9669790627.62199117404388076751,1.05334116931,68220704.05992861,134.56490678641262
2021-08-03,138.759524901495,9467238596.2115030346577360383,1.031703023481,68227666.55429434,134.4956074988671
2021-08-04,142.87031808355,9748704938.4463359099416389845,1.06180060852,68234641.52116839,134.55475249980412
2021-08-05,143.757270561775,9810361502.1644943752796802775,1.07046705817,68242541.4994841,134.2939695944805
2021-08-06,147.86699552757,10092004361.2008617559203011734,1.101751711389,68250553.98734462,134.21081537613512
2021-08-07,155.725876033647,10629632848.49657401994932933464,1.158922657957,68258616.48195112,134.3712412251629
2021-08-08,150.278503974349,10258907313.17898559522818039458,1.11806407124,68265966.46803242,134.40956367346743
2021-08-09,166.57570406216,11372629942.9442048951986950952,1.235992015007,68273041.41965597,134.77085777226208
2021-08-10,165.184116567655,11278792771.24447369521111167415,1.223319739301,68280128.89862193,135.02938868789983
2021-08-11,170.913314907505,11671198782.30941510040188060555,1.263841799182,68287241.33415611,135.23315577798246
2021-08-12,164.912979187278,11262590306.12448050480212214682,1.218557243212,68294141.32003819,135.3346181362668
2021-08-13,183.534781092324,12535623535.18706298452188274604,1.352650355451,68301078.74147971,135.68530873680947
2021-08-14,182.720812680052,12481255104.45848391489542812508,1.344900506695,68307791.11251779,135.86195541637187
2021-08-15,184.841087760915,12627511980.6552009939292517463,1.359071167653,68315503.51504322,136.00545148795985
2021-08-16,178.400714937882,12188832520.67104099822382553018,1.309624778687,68322778.44242449,136.22276994235136
2021-08-17,169.273655629862,11566488506.16853371921212840414,1.244518728374,68330115.88914997,136.015354185166
2021-08-18,168.363161988115,11505581284.5543611419630684873,1.237979872333,68337878.36181502,135.99830316371055
2021-08-19,174.923107221207,11955314951.05035390903059001594,1.285329649929,68346115.85038742,136.0920190636461
2021-08-20,183.343660584644,12532286936.71208516132262392364,1.344225626079,68354078.32891131,136.3935168528538
2021-08-21,180.543527539013,12342195357.08201204907024941967,1.323366179561,68361328.29195459,136.42749099036573
2021-08-22,185.916554711869,12710706434.83014034438945133474,1.361660334437,68367803.25737546,136.5366604357607
2021-08-23,187.246991613656,12802913007.02251936101072706624,1.363109231609,68374465.70804504,137.36756180033467
2021-08-24,174.266004234391,11916569147.4528511176805498289,1.269797530509,68381490.6975479,137.23920550116068
2021-08-25,178.004946911949,12173560851.3637723700916850389,1.294710272304,68388890.6603561,137.48631699289797
2021-08-26,169.47011679873,11591048978.6909934326940943323,1.233475404191,68395828.11202651,137.3923762264886
2021-08-27,175.688568413869,12017592747.33343105197312342301,1.292218741069,68402815.59482929,135.9588456893366
2021-08-28,175.248295572611,11988841589.79230134329313918781,1.288765140652,68410603.08529471,135.98156098787015
2021-08-29,175.238648704489,11989546311.30370713140934255753,1.288536159149,68418390.57730977,135.9982391337962
2021-08-30,167.804896361132,11482216249.63610381716915197464,1.236404830708,68425990.53203602,135.72002647793136
2021-08-31,171.597822864396,11743001519.12297553549745119672,1.263927272011,68433278.01660282,135.76558292896982
2021-09-01,181.278064088618,12406773217.12855629024812188428,1.333744112302,68440565.48984046,135.9166742829986
2021-09-02,184.014631024606,12595371897.94351145631748973406,1.351670739077,68447665.42644801,136.13865100776096
2021-09-03,211.734863988159,14494292192.36641633172689700868,1.550891860922,68454915.35667452,136.52458261163568
2021-09-04,212.83507984301,14571248864.6000409954911926933,1.5544508795,68462627.84945033,136.9197847612077
2021-09-05,228.514271227632,15646364232.36831454028336311104,1.661030114762,68469965.34751372,137.57382794975672
2021-09-06,219.12169566515,15004912016.693589843986212318,1.590442273358,68477527.84655012,137.77406406741483
2021-09-07,178.155056838155,12200862715.11019990735553740775,1.299353836634,68484515.29610005,137.1105020166554
2021-09-08,179.829194986054,12316803275.89964516194060121428,1.312209208211,68491677.76597582,137.0430826584612
2021-09-09,180.850879411559,12388050631.59457817760897626606,1.327129604013,68498702.75390434,136.27220647079128
2021-09-10,173.657405607617,11896520437.58563895752857815677,1.276514642618,68505690.24661181,136.04027702452638
2021-09-11,177.998036444034,12195191080.14995056772115001428,1.30830217232,68513065.22128042,136.05269501952424
2021-09-12,183.667543097693,12585045187.33406349212513581476,1.349258181132,68520790.20102132,136.12483190103742
2021-09-13,179.791116302627,12320820487.89522178176431235307,1.321834831719,68528527.66738841,136.01632517794596
2021-09-14,182.835753505421,12530708275.10119057635269432141,1.326491196749,68535327.66352321,137.83412506130438
2021-09-15,188.635114151007,12929414347.26179906587913714247,1.368043773467,68541927.65463321,137.8867531942736
2021-09-16,185.731791208025,12731729048.144124374404671243,1.345881635036,68549002.65234732,138.00009330170926
2021-09-17,179.58371487878,12311566323.5245061877054866912,1.301608620828,68556140.13684304,137.97059423633837
2021-09-18,181.127938977359,12418811196.7546784715827076357,1.314208637112,68563752.5986923,137.82281889075946
2021-09-19,175.21638075344,12014822029.9473355663003445648,1.273710737588,68571340.06696717,137.56371488650845
2021-09-20,156.567568883819,10737249656.6060483339746730087,1.142179611997,68579015.0102773,137.07788796026085
2021-09-21,147.484006509403,10115395587.07785951394033670447,1.078845232269,68586389.98549949,136.70543475380467
2021-09-22,160.851541533419,11033420876.34566299457502255581,1.176353624394,68593814.96230999,136.73740463568672
2021-09-23,163.714578519346,11230918713.51071923040466168916,1.200256752745,68600602.43311546,136.39963128299757
2021-09-24,152.030286761109,10430448671.70938589247546027503,1.117294092988,68607702.41194867,136.07007117931826
2021-09-25,151.395016336391,10387850184.89207921897864103238,1.113104916898,68614214.89470218,136.01145232409763
2021-09-26,149.926653998585,10288081674.3141771900818984891,1.114016226657,68620764.88688446,134.58210967760584
2021-09-27,146.308120818697,10040793826.96260929748894926877,1.088302256499,68627727.36589941,134.4370278982615
2021-09-28,141.350766190989,9701534194.94375927351238854604,1.053413405253,68634464.85911036,134.18356505254513
2021-09-29,144.439711013809,9914560568.70745648604361575659,1.079532288225,68641514.85154651,133.79841676741435
2021-09-30,152.941524774188,10499206621.94723567512278585832,1.141713211412,68648502.34394414,133.9579180178176
2021-10-01,165.798480204083,11383017323.41284497147885192362,1.235053209995,68655739.84394414,134.24399763695544
2021-10-02,169.617377612792,11646538045.89996418748432267144,1.262015708542,68663589.83857807,134.40195432174932
2021-10-03,170.718751038274,11723429883.6748715383754890134,1.26886636063,68671014.8262891,134.54431162751536
2021-10-04,167.810615333922,11524985927.23192031475615602838,1.247534840168,68678527.30471579,134.51377062248912
2021-10-05,173.97306356935,11949533815.1439248465240974885,1.291457591007,68686114.79259571,134.71062834800202
2021-10-06,179.135814015018,12305363444.18182181373160143186,1.327420817234,68692927.27332677,134.95028229878935
2021-10-07,178.420866897067,12257484966.08799470917591685784,1.321486552166,68699839.76234952,135.01527246313927
2021-10-08,175.669250258652,12069626326.85709155630136909276,1.301506573865,68706539.75630913,134.97377100215357
2021-10-09,179.958002346916,12365618831.60389691688989190128,1.331960943998,68713914.74865308,135.10756689813738
2021-10-10,175.436418174731,12056230081.50315055049399502075,1.298856492442,68721364.73679825,135.06990125205462
2021-10-11,178.319773893369,12255773572.86051104355621142884,1.312952431336,68729189.73186436,135.81586783911052
2021-10-12,172.291733517106,11842744044.95053378535393218938,1.268946648308,68736577.21816773,135.77539587408023
2021-10-13,177.457126022622,12199108625.95169326132341318312,1.305718383778,68743977.20380396,135.90765683268
2021-10-14,180.307191420146,12396255029.29062209964465476364,1.325480938201,68750752.15610934,136.0315235199585
2021-10-15,189.276734426949,13014304303.90877651143994086944,1.385236620641,68758077.12612256,136.6385580676922
2021-10-16,186.519314163205,12826033670.5771931819231088006,1.364657777786,68765177.09771532,136.67845316194297
2021-10-17,183.558971174808,12623747773.02229608011779815096,1.343245947407,68772164.56503437,136.6532849245888
2021-10-18,185.511248643668,12759334201.67679117622076317512,1.357208696877,68779302.03674634,136.68586789234254
2021-10-19,188.500465405627,12966254654.97305240071156543985,1.377702706349,68786327.01023555,136.82230900537698
2021-10-20,206.965248605367,14237897874.22257642637720428525,1.503908322411,68793664.49278075,137.61826138016804
2021-10-21,197.228227455082,13569393655.01305156094992864618,1.429669227256,68800464.46750849,137.95374740885137
2021-10-22,191.01775928109,13143516921.2054233884222337788,1.384624762531,68807826.93018732,137.9563362220408
2021-10-23,195.978099366032,13486299418.6905708582801040984,1.419454246725,68815339.37882495,138.0658093194603
2021-10-24,190.164676341443,13087730020.93110307112460848311,1.377983532319,68823139.35860477,138.0021399975775
2021-10-25,195.31938627276,13444075422.4782412604982086328,1.413464301278,68831239.33076378,138.18487392724367
2021-10-26,197.51619563598,13596714054.7187220651551291874,1.426850742636,68838476.81927463,138.4280708093431
2021-10-27,180.740687292057,12443244311.7023731519989972741,1.312041194125,68845839.2968013,137.75534495515052
2021-10-28,189.960634761281,13079431158.56789829207708852316,1.377193132664,68853376.77990236,137.93318471885422
2021-10-29,196.341457663253,13520176196.05463024245088267637,1.420545442065,68860526.74236129,138.21554161466167
2021-10-30,189.767493622037,13068768120.92865376445785937654,1.373257596806,68867264.20573342,138.18783457918525
2021-10-31,192.08986563231,13230024141.2842360586185841547,1.390524293667,68874139.18342037,138.1420421830554
2021-11-01,197.802055180334,13624818531.01473369748827900358,1.430414901315,68881076.68342037,138.2829939750291
2021-11-02,200.103248286396,13784680388.03328537713662028652,1.44528228872,68887839.18342037,138.45270909921373
2021-11-03,206.885382615248,14253358439.17373622895148978736,1.490561809429,68894951.68289007,138.79691624093132
2021-11-04,202.664256784211,13963929895.85280496324132468477,1.459822452397,68901789.18289007,138.82801737392123
2021-11-05,199.233978831464,13729022050.6060521260588438252,1.433290173948,68909039.16655555,139.00463594379755
2021-11-06,197.679672210898,13623337097.26121088057480596722,1.422117371825,68916226.66556689,139.00376728906429
2021-11-07,201.244905178914,13870395388.14919625991368455746,1.446701779704,68922964.16556689,139.1060051229697
2021-11-08,228.457781728342,15747686654.56701040377031321484,1.631980042085,68930401.64984402,139.98809779344288
2021-11-09,264.536825286615,18236557427.56050947095679944995,1.846044200371,68937689.13950613,143.2992911185176
2021-11-10,258.776728939862,17841362001.02481898825215035406,1.773258045265,68945001.63950613,145.93292252690148
2021-11-11,263.254072229705,18152069625.81213650762661559165,1.792243173839,68952664.13950613,146.88524195397693
2021-11-12,251.411283834836,17337353971.85111091288352954468,1.708359760752,68960126.63950613,147.16530417701227
2021-11-13,257.796557428547,17779687615.73532283829984349311,1.749723292658,68967901.63950613,147.33561501426257
2021-11-14,276.56983404001,19076501553.5119617948761739103,1.86942684547,68975351.63127103,147.9436516653191
2021-11-15,263.903394695793,18204650371.3303913865041418978,1.783524231334,68982251.6012546,147.96737272159433
2021-11-16,231.746643848399,15988041997.17908907601044019733,1.578421646806,68989314.07023067,146.82175977334558
2021-11-17,227.621129005062,15705047349.27438957181772595306,1.548773323922,68996439.02972263,146.96865286176995
2021-11-18,203.588123124967,14048298450.24263955978534609644,1.391506343122,69003526.50542132,146.30772193836663
2021-11-19,218.217233720246,15059329834.39728304108110031762,1.491729570204,69010726.50248747,146.28471411906378
2021-11-20,225.24010059721,15545703247.2296828442707100596,1.537794516882,69018363.98585876,146.46956932445184
2021-11-21,224.050967719322,15465213596.72802856804968500928,1.529444317898,69025426.46502624,146.4917454642923
2021-11-22,209.877796099011,14488494202.09883690268776888178,1.43702335451,69033001.44844198,146.05037241762554
2021-11-23,216.888088886305,14973940408.49762523036546793,1.483869026606,69039938.916826,146.16390328086118
2021-11-24,212.202944567006,14651942526.8082506720985376935,1.453100135159,69046838.89615725,146.03463273629555
2021-11-25,223.7370055167,15449949472.741585507308177393,1.529510540961,69054063.88657679,146.28013310462364
2021-11-26,195.930242526899,13530959959.98665309117751619518,1.346852493873,69060088.86366282,145.4726805037746
2021-11-27,194.106227563118,13406199209.43802238168321987276,1.335812434029,69066301.36366282,145.3094930234075
2021-11-28,199.091797974761,13751999931.32090749729537408602,1.367271890463,69073663.86366282,145.6124413611271
2021-11-29,206.966043449491,14297356852.87760825963792462462,1.419860899343,69080688.86366282,145.765013703285
2021-11-30,208.418012331304,14399066685.02508882800078691728,1.449859084012,69087438.86366282,143.75053039953156
2021-12-01,208.631799345419,14415362302.32531728729822762158,1.450714517078,69094751.36366282,143.81313269384037
2021-12-02,203.697322341151,14076019957.01914463155797470582,1.424942263235,69102626.36366282,142.95128132328927
2021-12-03,188.903937444892,13055160819.61463440980501931544,1.324793079491,69110051.36366282,142.59127736194918
2021-12-04,163.309188605727,11287529190.24957730326004897014,1.156163579269,69117538.86366282,141.25093674805206
2021-12-05,156.117616654203,10791624609.70294722073692783246,1.108353805684,69124963.86366282,140.85539820730608
2021-12-06,162.607742298469,11241471834.43543513720383296548,1.156725392841,69132451.35524692,140.57592519784907
2021-12-07,161.604918533445,11173346101.3225868179173621174,1.151128907111,69139888.82714732,140.38820286341908
2021-12-08,164.660710056481,11385862255.77396474241486446145,1.173578494009,69147413.80544545,140.30651626376707
2021-12-09,153.394760685802,10607884484.69904173312326901928,1.097843957191,69154151.27135364,139.7236462259042
2021-12-10,150.16366208984,10385555565.706117951139476008,1.075646187947,69161576.2506687,139.60321132773723
2021-12-11,158.218740910477,10943836239.6230410386624057719,1.133142690109,69169026.2268947,139.62825890467292
2021-12-12,159.454973808653,11030525229.67700735161838027663,1.141909364147,69176426.21116171,139.63890551660816
2021-12-13,145.037762105046,10034307212.89946125511896917594,1.064325833612,69184101.21104839,136.27195500162924
2021-12-14,150.315295440722,10400510876.30882602835102625352,1.111921506189,69191301.16342916,135.18516784148972
2021-12-15,153.322829841326,10609688930.1117094129511765116,1.134442664423,69198363.6167666,135.15255962213746
2021-12-16,149.207472228279,10325936853.8692210127445626814,1.105718123356,69205226.1167666,134.94168999908825
2021-12-17,144.5353922438,10003614443.16103598327489708,1.073216008432,69212213.6167666,134.67502451344387
2021-12-18,148.977169344487,10312114166.5257439464419757342,1.105875200708,69219426.1167666,134.71426906861578
2021-12-19,153.946309228565,10657148953.102428455733157929,1.141857435853,69226401.1167666,134.8209543458135
2021-12-20,152.848452397898,10582248784.6311574724623966068,1.134177640582,69233601.1167666,134.76588404569873
2021-12-21,155.216274552998,10747283674.7821198158180962668,1.151614164092,69240701.1167666,134.78149139940425
2021-12-22,155.475196292657,10766465116.3405914350456628562,1.154145143075,69248763.6167666,134.7102634582189
2021-12-23,163.208820991106,11303216810.2596082989710778596,1.211951436642,69256163.6167666,134.66613929953738
2021-12-24,161.244982101757,11168406106.8139903020775189162,1.197701035304,69263588.6167666,134.62874068638493
2021-12-25,158.603032947527,10986590872.4307126714977061982,1.17848663302,69271001.1167666,134.58195324718235
2021-12-26,156.156787604998,10818286712.90771597848997449128,1.163159911995,69278363.61665436,134.2522089995045
2021-12-27,156.236643088304,10824990744.94013499851852660544,1.1649405371,69285863.61665436,134.11555192099254
2021-12-28,146.404857378559,10144817305.33037324804607786724,1.094601424516,69292901.11665436,133.75175118495284
2021-12-29,145.626437737482,10091925039.65229671164343353542,1.091919014161,69300088.61333831,133.36743462552235
2021-12-30,147.77767236447,10242064246.7470659791901304455,1.109766858411,69307251.10818265,133.16100696687124
2021-12-31,146.489834772915,10153871644.47644299828009317285,1.101000852394,69314513.59895879,133.05151803869148
2022-01-01,150.236871457458,10414805075.54782477575542574054,1.128534771701,69322563.59249963,133.12560252885373
2022-01-02,151.406203784606,10497001735.86556712009750368346,1.137094429545,69330063.58708291,133.15182965515893
2022-01-03,148.527140359694,10298400499.1365451086434692441,1.11640818393,69336826.07903515,133.04017517754673
2022-01-04,146.568501537152,10163628007.08081312847455001088,1.10228620905,69343876.07493244,132.96773590542452
2022-01-05,135.518813810126,9398338297.94240565057912807254,1.022557788841,69350801.07113629,132.52924704013782
2022-01-06,136.422526180451,9462078980.37399239004586415333,1.031569667534,69358626.06632983,132.24751606604852
2022-01-07,131.026541406052,9088757728.92732253761949640596,0.993837318501,69365776.05876973,131.83902331588703
2022-01-08,129.99058260268,9017781577.836939725900191092,0.986694719349,69372576.0534519,131.74346639702804
2022-01-09,131.031173716065,9090792283.74663524807822162445,0.994627649244,69378851.04689453,131.73892141009716
2022-01-10,126.693325986879,8790700489.80668601974140476168,0.963533564587,69385663.54092792,131.48823314856048
2022-01-11,131.595879423176,9131813258.41236374013739347392,1.001341802855,69392851.04092792,131.41954030878688
2022-01-12,141.653640911692,9830796469.46237112148445724064,1.074873982447,69400238.54092792,131.7862774845578
2022-01-13,137.008679797725,9509483176.540179639729404982,1.040988818931,69407888.54092792,131.6139782734846
2022-01-14,144.619673468022,10038801900.51017827827232697424,1.096798114038,69415188.54092792,131.85623827851646
2022-01-15,147.9577217338,10271583994.248923997303227696,1.120659062607,69422426.04092792,132.02741732137918
2022-01-16,146.645957477868,10181625314.18730978714558327456,1.111168893782,69429976.04092792,131.97449847497123
2022-01-17,151.644863380679,10529849836.65123157247185965768,1.14611135541,69437563.54092792,132.3125040728969
2022-01-18,141.76692941876,9844976207.6690594126566557792,1.073625143165,69444801.04092792,132.04509071093221
2022-01-19,137.181921258477,9527531501.65598486579024597784,1.041458141318,69451801.04092792,131.72101289147224
2022-01-20,131.058945956518,9103195613.59068401383569218256,0.999242189996,69458788.54092792,131.15833905796418
2022-01-21,114.50413560098,7954124364.6244982110260613616,0.87941123654,69465826.04092792,130.20544978648542
2022-01-22,108.230788168883,7519120364.88696208967098991336,0.840188731658,69473026.04092792,128.8172336652314
2022-01-23,111.918226594679,7776114873.72074700996289453768,0.868502340127,69480326.04092792,128.8634715461024
2022-01-24,109.595783290373,7615563134.46963604230622291416,0.852786461452,69487738.54092792,128.51491931962585
2022-01-25,108.136518597886,7514923141.80572442578879037712,0.843628603554,69494776.04092792,128.18024204292436
2022-01-26,106.991813174002,7436183895.12252812396749993584,0.836423251858,69502363.54092792,127.91587624606836
2022-01-27,106.623482799329,7411418392.27174383764881336568,0.835798794787,69510188.54092792,127.57075442601177
2022-01-28,109.303159361029,7598494791.26247194636694602968,0.85815881321,69517613.54092792,127.36938393975501
2022-01-29,110.584462017001,7688362719.95004515647585556792,0.867916529448,69524801.04092792,127.41370657767443
2022-01-30,108.805532038756,7565466366.97749834159564246752,0.85657621573,69532001.04092792,127.02376045548807
2022-01-31,109.502425808186,7614771429.07893472496937195312,0.863244192838,69539751.04092792,126.8498840961629
2022-02-01,115.669001034634,8044442256.39637398393441758128,0.910862056249,69547088.54092792,126.98849429623608
2022-02-02,108.379623176963,7538249970.71875734635488750696,0.855751338636,69554126.04092792,126.64849972623072
2022-02-03,110.094401948132,7658301579.75478520521299064544,0.869778155199,69561226.04092792,126.57756611850417
2022-02-04,120.209518101402,8362794482.54785241096973294384,0.948168169596,69568488.54092792,126.78079897221338
2022-02-05,122.047113810164,8491467735.69639692371728737888,0.961090599018,69575326.04092792,126.988146523196
2022-02-06,127.070330698522,8841855534.30962477747465253424,0.999334567392,69582376.04092792,127.15494374435791
2022-02-07,137.041396884075,9536695534.655846003997170874,1.074155291205,69589888.54092792,127.58061893484727
2022-02-08,134.381984384472,9352646938.53063989900091925824,1.053783671344,69597476.04092792,127.52331245850552
2022-02-09,140.56137369698,9783809702.8359754997401016816,1.100536274155,69605251.04092792,127.72080030247444
2022-02-10,135.482672515363,9431267359.10252603050797563496,1.061975115099,69612351.04092792,127.57612733960622
2022-02-11,126.104902424391,8779316248.88515447007428089672,0.991089333946,69619151.04092792,127.23868384528684
2022-02-12,126.528327708716,8809734230.54236171061211175072,0.99447019411,69626576.04092792,127.23189539325752
2022-02-13,125.957592499836,8770864989.05947378888947005364,0.990066757488,69633475.95795699,127.22131265109428
2022-02-14,124.882902015997,8696959365.3643002463836177175,0.982210225676,69640913.4074275,127.1447789398111
2022-02-15,131.644312455067,9168735218.9117790545828101425,1.034162867898,69647788.4074275,127.29553201097059
2022-02-16,128.537781977504,8953235051.39077052339151096,1.01046111327,69654500.9074275,127.20705457089477
2022-02-17,116.327337260426,8103528184.4299219306951279309,0.918750150521,69661425.89757965,126.61476811128652
2022-02-18,115.10628551878,8019345646.2495058693157693784,0.91064396682,69669050.73955428,126.40097525791018
2022-02-19,115.623976481981,8056331880.39699236844594454113,0.916088781625,69677000.61459573,126.21481542092671
2022-02-20,111.015659251428,7736062442.50179785577702188148,0.881038119799,69684425.55460741,126.00551185771066
2022-02-21,103.84971935578,7237481707.5041407891512857868,0.826958030081,69691875.45619806,125.58039897817785
2022-02-22,107.246865424299,7474940336.35804458419628065994,0.854707815363,69698450.45619806,125.47781065831316
2022-02-23,105.77133501839,7372801532.8430546279995823234,0.844094741952,69705100.45619806,125.30742079235077
2022-02-24,104.133375978038,7259395417.04001872648153820628,0.833090975856,69712475.45619806,124.99640374935173
2022-02-25,109.642455799713,7644191207.06351370112731915678,0.87713346716,69719262.95619806,125.00088060111935
2022-02-26,108.042265967298,7533375329.7668965905428966655,0.864454322746,69726187.82400475,124.98319821467736
2022-02-27,102.796840541539,7168425916.90679786178870831025,0.824731561476,69733912.82400475,124.6427872331771
2022-02-28,113.268299442556,7899471409.343882646860496141,0.906639565134,69741237.82400475,124.93200583609551
2022-03-01,112.458513450944,7843843587.961459129644747984,0.900667231302,69748775.32400475,124.86133562156418
2022-03-02,110.332793999002,7696382688.9022827735981432595,0.884581323396,69756075.32400475,124.72883055615833
2022-03-03,111.307837273891,7765228515.76526053838023498225,0.892626387619,69763537.82400475,124.69700517233706
2022-03-04,101.085480969725,7052845234.03895593772550619375,0.813633343805,69771100.32400475,124.23959974033673
2022-03-05,104.901932701047,7319868074.38892225471955797325,0.844197622515,69778200.32400475,124.26229345271945
2022-03-06,101.385436967122,7075266394.5854698038231218295,0.816889065204,69785825.32400475,124.11163435246037
2022-03-07,98.7707846294823,6893464956.794578278044255240925,0.797105718961,69792550.32400475,123.91177516355876
2022-03-08,100.412805285633,7008813841.47140927337019875675,0.810573592472,69800000.32400475,123.87870295577336
2022-03-09,106.832020428853,7457600182.88668231078290905175,0.861088393777,69806787.82400475,124.06626451002865
2022-03-10,102.62948986686,7164975238.817406246939507585,0.828348858405,69814000.32400475,123.89645838889045
2022-03-11,105.1865993892,7344317739.3138023984478987,0.847272049529,69821800.32400475,124.14737326419939
2022-03-12,105.976459439253,7400260688.75256276873780845175,0.853735276938,69829287.82400475,124.13269347302516
2022-03-13,101.741869949649,7105345732.86511197995603683275,0.820734219109,69836987.82400475,123.96445472945106
2022-03-14,105.635557309701,7378118175.41142142476534507975,0.851581107703,69845025.32400475,124.04638425414997
2022-03-15,106.990323630007,7473518880.58666565117201053325,0.862674907152,69852287.82400475,124.02160158247852
2022-03-16,111.194463103139,7767942373.53445435554177591025,0.895980682844,69859075.32400475,124.10363887554833
2022-03-17,110.307483766212,7706777167.638993234050577507,0.889491923086,69866312.82400475,124.01178796937427
2022-03-18,112.15092985187,7836366818.2490872469226763825,0.903919768388,69873400.32400475,124.07177470172347
2022-03-19,114.935479322385,8031735869.78614246816702132875,0.925886143223,69880387.82400475,124.13565119604857
2022-03-20,114.939823082393,8032888531.36313708842997336675,0.925910008473,69887775.32400475,124.13714295188407
2022-03-21,116.035913731729,8110340381.01783720095792171275,0.939362121489,69895087.82400475,123.52628563284877
2022-03-22,122.876147357126,8589331499.0218520515087703485,0.992524045418,69902350.32400475,123.80168311728599
2022-03-23,122.279570140771,8548544917.73031428828047266225,0.987516595006,69909837.82400475,123.82533190748863
2022-03-24,126.876480609086,8870826107.7660634697767571585,1.023172667627,69917025.32400475,124.00300029841992
2022-03-25,123.980446936419,8669275451.24264419573520399025,1.000347831529,69924537.82400475,123.93733762277346
2022-03-26,124.906075342262,8734905158.7642176680757637445,1.007567947517,69931787.82400475,123.9678928354899
2022-03-27,129.209944523172,9036806276.249229582494213067,1.041293431044,69938937.82400475,124.0860075277976
2022-03-28,128.458316020078,8985204825.9326396415813673705,1.034903556403,69946462.82400475,124.12588132034138
2022-03-29,130.033182667445,9096331549.96111631349485036375,1.04770707204,69953925.32400475,124.11215514108942
2022-03-30,131.312411895574,9186724711.5000160766724799765,1.059262969701,69960825.32400475,123.96582874282838
2022-03-31,123.640702669617,8650940635.22022169088108868075,0.99959759352,69968387.82400475,123.69047651888249
2022-04-01,124.848558363221,8736343457.41105610636082929975,1.010441697837,69975525.32400475,123.55839889671793
2022-04-02,125.177468930724,8760329272.540908167631996939,1.01295158817,69983275.32400475,123.57695115209782
2022-04-03,128.891474158069,9021289932.71823954072910682775,1.041985332808,69991362.82400475,123.69797357005503
2022-04-04,124.900014088338,8742826166.6321341664884316055,1.009961284125,69998600.32400475,123.6681207998459
2022-04-05,123.689300000714,8658977714.7634049191563393915,1.002351560143,70005875.32400475,123.3991195495001
2022-04-06,113.230672326377,7927572390.62157394992719829075,0.922139979687,70012587.82400475,122.79119745443705
2022-04-07,114.278635295617,8001735798.07415758122256218075,0.92439870513,70019525.32400475,123.62483272793612
2022-04-08,110.519207842001,7739298210.57839578377057350475,0.895957133095,70026725.32400475,123.35323171123459
2022-04-09,112.544853994443,7881993070.51471202446850560425,0.912234405163,70034237.82400475,123.37273551344869
2022-04-10,111.058820041111,7778734709.30456441254015927725,0.900853740591,70041575.32400475,123.2817437914522
2022-04-11,102.606354367284,7187458441.945097609633260599,0.837152385551,70048862.82400475,122.56592245120365
2022-04-12,104.795021310254,7341492538.1721449631985197065,0.855376703338,70055737.82400475,122.51329841145382
2022-04-13,110.449406383643,7738438885.12458854058065430425,0.900522975336,70063200.32400475,122.6502925618666
2022-04-14,107.392102775993,7525027769.16976181779741796675,0.87705679558,70070587.82400475,122.44600727935105
2022-04-15,110.951593948472,7775214521.557663107076183242,0.905929529058,70077537.82400475,122.47265420726625
2022-04-16,114.027368603225,7991608165.50243318244576531875,0.930251978391,70085000.32400475,122.57686223946672
2022-04-17,108.804340979308,7626326143.663139806065443713,0.889196512478,70092112.82400475,122.3625367986359
2022-04-18,111.235328120765,7797493644.62788947131143363375,0.908834192837,70099075.32400475,122.39342335210216
2022-04-19,113.859411077359,7982273453.64475101886693345525,0.929922319348,70106400.32400475,122.43970136902368
2022-04-20,111.924738058924,7847447749.691546276547155889,0.914908567685,70113612.82400475,122.33434248203403
2022-04-21,106.797906922904,7488752036.414922863678779794,0.874839266911,70120775.32400475,122.07717573080639
2022-04-22,105.488811585453,7397733917.75511700932930290175,0.865342849756,70128137.82400475,121.90406567200225
2022-04-23,105.551722416321,7402889876.81588582875698152475,0.866175977122,70135187.82400475,121.85944335126041
2022-04-24,104.737830971078,7346606073.3965718162013846205,0.859876343982,70142812.82400475,121.80568950885164
2022-04-25,104.69926737979,7344644479.4294327209470140025,0.860017616981,70149912.82400475,121.74084031827813
2022-04-26,98.157446671746,6886459011.2509978216673947935,0.808532214464,70157275.32400475,121.40202321662282
2022-04-27,100.454187888058,7048256370.4291981385982602755,0.8277837581,70163887.82400475,121.35317576009103
2022-04-28,103.259242701952,7245880506.786651598435282272,0.851331381151,70171737.82400475,121.29147942643145
2022-04-29,100.378943528076,7044497674.590482409928382361,0.829004019531,70179037.82400475,121.08378386978664
2022-04-30,95.8553190382277,6727761362.649026925663706381575,0.794907605388,70186625.32400475,120.58674289754725
2022-05-01,99.3340346341725,6972642084.216907178730152319375,0.823314100118,70193887.82400475,120.65144350125381
2022-05-02,100.830199165965,7078394708.47175775840619833375,0.83580237075,70201137.82400475,120.63880493122544
2022-05-03,99.22111784127,6966158442.5230801806312260325,0.823285219667,70208425.32400475,120.51852197881394
2022-05-04,106.068802289157,7447675347.36112771646024149575,0.878619837861,70215512.82400475,120.72206626631774
2022-05-05,96.7897507735945,6796820724.802848118073292573875,0.804521154054,70222525.32400475,120.30727879045662
2022-05-06,96.8726262901575,6803365786.652780914954658248125,0.807085150793,70230012.82400475,120.02776435048453
2022-05-07,94.4982654529001,6637306594.397821550984283675475,0.78901363586,70237337.82400475,119.76759482730608
2022-05-08,93.9499984628476,6599497708.0883020713403209261,0.78483599451,70244787.82400475,119.70653629552731
2022-05-09,78.0780893961509,5485130249.842655439442523316775,0.657264107446,70251850.32400475,118.79256528938893
2022-05-10,80.1020983424969,5627859310.007154483853622460275,0.674814385778,70258575.32400475,118.70241659141041
2022-05-11,66.1434393318948,4647569612.8793682955557417003,0.561460016372,70265012.82400475,117.80614363119831
2022-05-12,64.060998262111,4501680877.66900122007820902725,0.546239802342,70271787.82400475,117.27632806589678
2022-05-13,67.8585673559105,4769045848.906003363109942574875,0.58060517034,70279200.32400475,116.87558227594286
2022-05-14,68.7201896623282,4830061259.85547228297773285895,0.588233805671,70285912.82400475,116.82461803421664
2022-05-15,71.1254491819418,4999616777.05064445687025742355,0.608655448261,70292937.82400475,116.85667052707004
2022-05-16,67.1995661221041,4724132880.135202956705808394475,0.576271387117,70300050.32400475,116.61097119239867
2022-05-17,72.8417228970003,5121252988.109769296288107951425,0.624115255523,70306587.82400475,116.71197307292213
2022-05-18,66.4893813930317,4675152669.392389433421387700575,0.571042070305,70314275.32400475,116.43517150587341
2022-05-19,71.9144585747125,5057120935.862752849853829884375,0.617572347008,70321337.82400475,116.4470185932417
2022-05-20,68.7023773691238,4831729157.60629997385611453805,0.590855893498,70328412.82400475,116.27602961255111
2022-05-21,69.6171066425745,4896612331.141885134344440228875,0.598681086504,70336337.82400475,116.28412557527713
2022-05-22,71.7483366398437,5047036316.505311171228398057575,0.616750016668,70343600.32400475,116.33293019992934
2022-05-23,68.9459924750348,4850428157.1990616495255316153,0.595008328704,70351125.32400475,115.87399562155288
2022-05-24,70.2610611126808,4943489238.9593868626488644338,0.606678583497,70358875.32400475,115.81266097722441
2022-05-25,68.2690522983042,4803838076.76819886470147774495,0.59837919745,70366262.82400475,114.08994929842743
2022-05-26,63.9223019934511,4498434541.989710626385125292725,0.561889223807,70373475.32400475,113.76317481291898
2022-05-27,61.4092836914486,4322013807.89475937310438078085,0.542486556921,70380462.82400475,113.19964136989917
2022-05-28,63.0150949025001,4435504157.348308265157069275475,0.556734968943,70387962.82400475,113.18688140272316
2022-05-29,63.7406865801178,4487045571.42423403803192275955,0.563814669184,70395312.82400475,113.05255088940605
2022-05-30,69.0932971329902,4864313236.47304582367020650345,0.611483455541,70402100.32400475,112.99291339266247
2022-05-31,68.6565143298027,4833979039.861363855837891362825,0.607970892117,70408162.82400475,112.92730494174744
2022-06-01,62.8947366856452,4428701455.81111811067516188814,0.558337832659,70414500.30940195,112.6463818260684
2022-06-02,64.3749974251379,4533358151.093128304272645278905,0.571649165085,70421100.30940195,112.61277258327812
2022-06-03,62.6061370088755,4409281382.154852574463247007225,0.556511017978,70428900.30940195,112.49756965521652
2022-06-04,63.6410706860097,4482660659.172862205359238898915,0.565716376323,70436600.30940195,112.49642638888953
2022-06-05,63.2293157755944,4454147279.95331977484466976908,0.562219540813,70444337.80940195,112.46374625144011
2022-06-06,64.2687706159377,4527866660.757456589958825458515,0.57154092438,70452050.30940195,112.44823926765282
2022-06-07,63.8349097639238,4497752704.10704512275456337141,0.567908908407,70459137.80940195,112.4034309357507
2022-06-08,61.5079499537661,4334203074.635898795196391183895,0.548276579814,70465737.80940195,112.18416437673181
2022-06-09,60.0521395817677,4232034934.380800135868610827015,0.539900120295,70472675.30940195,111.2282389360376
2022-06-10,56.5454943154444,3985344127.31478109328741247658,0.510532802663,70480312.80940195,110.7578083533445
2022-06-11,52.1126530211774,3673268498.07646444653067885593,0.47213401731,70487075.30940195,110.37682333946421
2022-06-12,48.3408797858743,3407717824.142292437515090874885,0.439271837766,70493500.30940195,110.04775546668549
2022-06-13,42.859172733497,3021564190.61702175715580211915,0.404051049532,70499825.30940195,106.07365772998108
2022-06-14,45.8826142933089,3235020838.269318292213895612355,0.434521016123,70506462.80940195,105.59354459467825
2022-06-15,50.344846686451,3549944793.41867135856397797945,0.476529869974,70512575.30940195,105.64887923856247
2022-06-16,44.4454211832033,3134247781.305343075436908266435,0.423132249384,70519025.30940195,105.03907761204061
2022-06-17,47.7524328746896,3367780932.83012337483306788472,0.454620790349,70525850.30940195,105.037943464995
2022-06-18,46.9518526228967,3311646232.105400905605603628565,0.447421461263,70532812.80940195,104.93875839205178
2022-06-19,54.1700782156322,3821133634.68180388048162316279,0.515180756686,70539562.80940195,105.14771274473006
2022-06-20,52.7937109370282,3724406925.50383003298535228499,0.503482419391,70546412.80940195,104.85710901462295
2022-06-21,53.6227988427268,3783305647.28068730993741523726,0.511680593672,70554050.30940195,104.79740585413008
2022-06-22,52.1456422668747,3679460412.896419154880952585665,0.498271743236,70561225.30940195,104.65301911004933
2022-06-23,55.7585875868745,3934857057.928445428237264705275,0.532669183979,70569525.30940195,104.67770478172196
2022-06-24,56.1082174950391,3959970724.088927104351712866245,0.535986878145,70577375.30940195,104.68207298138408
2022-06-25,58.9373326153659,4160065119.091250775837809423505,0.562338795877,70584550.30940195,104.80751647847757
2022-06-26,57.0757667669342,4029063293.94030452805713700169,0.544956816482,70591487.80940195,104.7344762753682
2022-06-27,55.9734523670368,3951625002.21683272435330164176,0.534808162008,70598200.30940195,104.66080427209246
2022-06-28,52.7228541350791,3722522834.911204585520286944245,0.505454271542,70605487.80940195,104.30786146932024
2022-06-29,53.3190783151354,3765006097.30562508006310727403,0.512436488556,70612737.80940195,104.05012036786017
2022-06-30,52.5800392709399,3713156382.047780347092883392805,0.505751378844,70619125.30940195,103.96420350078436
2022-07-01,51.3324253150406,3625380786.59101813803292596917,0.494626736403,70625550.30940195,103.78012658259787
2022-07-02,50.3751498959135,3558163720.418570327806683931325,0.485844946201,70633312.80940195,103.68565174921608
2022-07-03,50.9353413081475,3598143835.244864731156387387625,0.491301867031,70641400.30940195,103.67422704081359
2022-07-04,52.144722706311,3683958190.81310049101690070645,0.502905932122,70648725.30940195,103.6868316233367
2022-07-05,49.8067140014342,3519132615.96890396556854427669,0.480986925509,70655787.80940195,103.55107667163033
2022-07-06,50.3675176031547,3559124319.133319005211640331665,0.487238385707,70663087.80940195,103.3734596465951
2022-07-07,52.1848578492859,3687909138.840916260631863567505,0.504627648321,70670100.30940195,103.41260139612972
2022-07-08,51.7992753694406,3661029056.14970821822689204917,0.501626958394,70677225.30940195,103.26254301658797
2022-07-09,54.2472269419708,3834402190.77608375488330236306,0.524951840672,70683837.80940195,103.33753068191548
2022-07-10,52.0728848917947,3681077161.975638643575569179665,0.505646381984,70690862.80940195,102.98280922623596
2022-07-11,48.6668382782615,3440668222.724935973497500709925,0.473333580567,70698412.80940195,102.81721026419496
2022-07-12,47.5853847471474,3364554384.13553471639266249743,0.463285422567,70705625.30940195,102.7128902167554
2022-07-13,49.4204350418003,3494642528.184082685531344330585,0.481066041997,70712500.30940195,102.73108207065776
2022-07-14,51.1805178970235,3619472166.870432277886470095825,0.498269583343,70719725.30940195,102.71652055026554
2022-07-15,51.7789253219813,3662186189.892134562080392083535,0.504639618275,70727350.30940195,102.6057476402194
2022-07-16,55.0512427747468,3894031094.91024028538507067626,0.535970551903,70734662.80940195,102.7131856018649
2022-07-17,56.0451662136973,3964748566.759013453624561329735,0.545447119136,70742025.30940195,102.75087033638395
2022-07-18,58.3663948449112,4129424642.07595046365547285684,0.578883564363,70750037.80940195,100.82579371403857
2022-07-19,58.1241108809588,4112682645.72801297628987058966,0.594722081898,70756912.80940195,97.73323145402829
2022-07-20,57.30688403278,4055271522.787009685665995921,0.589845026941,70764125.30940195,97.15583147319168
2022-07-21,58.1181871707902,4113066259.74440171800247092089,0.597976150605,70770725.30940195,97.19148014847978
2022-07-22,56.1187143029128,3971971079.77873058162411099996,0.57794494815,70778012.80940195,97.10044958875172
2022-07-23,56.4886667658707,3998573596.074902071424338027865,0.581728027662,70785412.80940195,97.10494265318805
2022-07-24,58.5351952892432,4143850635.55482945550266010424,0.602347605947,70792462.80940195,97.17843104433898
2022-07-25,54.7935086695949,3879366732.356320587499735551721,0.564840679271,70799750.30890829,97.00701574878249
2022-07-26,53.6913018702513,3801730095.231672719831880953277,0.553905168493,70807187.80890829,96.93229983090478
2022-07-27,58.8982343049073,4170829153.224932932784502651517,0.606483770928,70814162.80890829,97.11427927376401
2022-07-28,63.4546615050472,4493943224.815607869592956921288,0.652169758677,70821325.30890829,97.29776743063364
2022-07-29,61.4684117007761,4353709270.295351868742736723869,0.632723265892,70828400.30890829,97.14896703556369
2022-07-30,60.303839005008,4271682004.58911491287232271632,0.620990833722,70835987.80890829,97.10906462752126
2022-07-31,59.9393838135231,4246310511.013012609067849696499,0.618095875188,70843412.80890829,96.97424982053462
2022-08-01,59.4893170969893,4214882085.714314386196228811297,0.613737224773,70851075.30890829,96.92962182470248
2022-08-02,58.3783385177113,4136589112.493863861946082396677,0.602646684857,70858287.80890829,96.86992392825276
2022-08-03,57.6107203496804,4082602438.860644301017974410516,0.595006766257,70865325.30890829,96.82363901858005
2022-08-04,59.7781534515349,4236602540.471575604174993834321,0.617209227586,70872087.80890829,96.85233269330149
2022-08-05,62.3288396656845,4417798833.923484564804520574505,0.643372792627,70878887.80890829,96.87826463905213
2022-08-06,61.0223329097589,4325596309.987534900955596111281,0.630202714255,70885462.80890829,96.8296891293098
2022-08-07,61.0484047052891,4327896179.474771493787559836639,0.630435425108,70892862.80890829,96.83530187858796
2022-08-08,62.58386093539,4437192630.4587776936491253831,0.645943957253,70899950.30890829,96.88744701868536
2022-08-09,59.2476875883355,4201118756.701708701104443251295,0.612508180641,70907725.30890829,96.72962657630436
2022-08-10,61.6105884889409,4369145707.019509929962417330061,0.636320298009,70915500.30890829,96.82323301915083
2022-08-11,61.8559142303667,4387024807.643443385815493369943,0.638891379068,70923287.80890829,96.8175753452812
2022-08-12,62.9091277003939,4462179833.606421861889061975431,0.649340764378,70930562.80890829,96.8815314723914
2022-08-13,63.8077011608112,4526383546.289972168757202804848,0.658387038378,70937887.80890829,96.91518429343269
2022-08-14,63.2859109980758,4489838752.155217077195288668382,0.653154463293,70945312.80890829,96.89271765672103
2022-08-15,60.6800903330889,4305402611.100814791867522516981,0.626893924744,70952475.30890829,96.79482913774987
2022-08-16,61.3360842079609,4352367919.188342577880956005861,0.633642062281,70959337.80890829,96.79926232668615
2022-08-17,60.3316317125271,4281529285.436374066909018039659,0.623701482246,70966575.30890829,96.7315830247316
2022-08-18,60.0348082077663,4260921002.335601214573229581708,0.620792764507,70974175.30825716,96.70668158550896
2022-08-19,53.9682523817193,3830754943.703811188705777335188,0.56491484165,70981637.80825716,95.53342982473099
2022-08-20,54.1015211141236,3840628453.235021801254776824976,0.567035069427,70989287.80825716,95.4112435564069
2022-08-21,55.5317108581757,3942571009.988233108057404063012,0.582149928212,70996750.30825716,95.39073727748166
2022-08-22,56.9277242651086,4042033530.771458022165464127576,0.596589999482,71002900.30825716,95.42185473195515
2022-08-23,57.1098205960165,4055388366.508933437172375967495,0.598606906771,71010350.30727803,95.40454670674913
2022-08-24,56.4680156704924,4010229319.683904609873033801972,0.592262910433,71017712.80727803,95.34281933881181
2022-08-25,56.8336837531119,4036645085.396673118141731001557,0.596124794933,71025575.30727803,95.33856708560425
2022-08-26,52.6213852193468,3737833823.901169091752002590804,0.553201911349,71032600.30727803,95.12148121655603
2022-08-27,53.0830530389201,3770993562.669620408134881655403,0.558237277686,71039500.30727803,95.09048420943775
2022-08-28,53.9533341543124,3833180734.406137721558830276572,0.567349968595,71046225.30727803,95.09709551570757
2022-08-29,55.6570427995665,3954586660.592120094532728973995,0.585041936037,71052762.80727803,95.13342441155629
2022-08-30,53.1767591876438,3778764453.755652672673587205714,0.560341279503,71060450.30727803,94.90066345782954
2022-08-31,53.7703084901273,3821293185.732599041256091193219,0.567060366323,71066975.30727803,94.82290014163941
2022-09-01,57.4196785303743,4081080701.318746924826710066629,0.606781986244,71074600.30727803,94.62983383175883
2022-09-02,60.9017155324133,4328987595.145327621869109969799,0.642763582643,71081537.80727803,94.74979164499268
2022-09-03,60.0031056648405,4265560797.045482407074029104215,0.633651218722,71089000.30727803,94.69421645847964
2022-09-04,60.7669112828986,4320310928.764981921931354497758,0.641602779576,71096437.80727803,94.71110976647594
2022-09-05,60.3682459335319,4292392084.078572798363693174157,0.637616949107,71103475.30727803,94.67791911441388
2022-09-06,54.2629041183191,3858676503.991859698869729959373,0.574537417228,71110762.80727803,94.44624926279667
2022-09-07,57.6561934303165,4100441469.155728271635346396495,0.609947369165,71118837.80727803,94.52650563809485
2022-09-08,58.0112636805245,4126162093.644680887168367726735,0.613810223902,71126912.80727803,94.51009680442613
2022-09-09,61.1396114648041,4349134946.284823307269168183923,0.646219104016,71134487.80727803,94.61127206677307
2022-09-10,63.4292958420966,4512517906.070588409939134317698,0.670061463817,71142487.80727803,94.66190680593999
2022-09-11,62.158613223716,4422555824.62608835381540175948,0.656859378346,71149525.30727803,94.6300156058273
2022-09-12,61.325383124815,4363713441.37604454646339731445,0.648316723865,71156725.30727803,94.59170320212944
2022-09-13,58.9218712472428,4193094704.365856014451410515684,0.625905000005,71163637.80727803,94.13868118448023
2022-09-14,60.0428085500224,4273277474.894312021398039527872,0.637799600414,71170512.80727803,94.14055529518708
2022-09-15,56.2217991253488,4001725718.975259756572902326864,0.598256635394,71177475.30727803,93.9760560922525
2022-09-16,55.6988087939747,3964900226.531031367914221685841,0.591810757444,71184650.30727803,94.11591136757121
2022-09-17,57.7099772251696,4108482945.349559759334981103888,0.61285259972,71191900.30727803,94.16616206170313
2022-09-18,52.9045240937478,3766749227.207147553814359300834,0.562933788413,71199000.30727803,93.98001182855639
2022-09-19,52.7473095615289,3755960545.280270255274264180067,0.561665156282,71206675.30727803,93.9123763893333
2022-09-20,52.2863260284039,3723515169.957817817301924436317,0.557096997309,71213937.80727803,93.85497728576468
2022-09-21,51.0817525343935,3638117138.258886908209691924805,0.545128444192,71221462.80727803,93.70590193675888
2022-09-22,53.4685466624409,3808551228.058709382172914743427,0.570665835386,71229750.30727803,93.69501965414595
2022-09-23,55.1175811743683,3926391855.901485319819977718449,0.588192889786,71236650.30727803,93.70664306129493
2022-09-24,53.4248964534631,3806161935.052070597671628045693,0.570513253969,71243225.30727803,93.64356758023023
2022-09-25,52.5754839046913,3746013102.267778375149000422139,0.561654490015,71250187.80727803,93.60823217720056
2022-09-26,53.4170712988398,3806342269.095493772169535029594,0.570644856012,71257037.80727803,93.60825868500687
2022-09-27,52.723624580472,3757302988.75664066254701263016,0.563694161798,71264125.30727803,93.53232329442773
2022-09-28,53.3175828843487,3800021459.046035987679386369061,0.57010559352,71271450.30727803,93.52229392304365
2022-09-29,53.8556185949017,3838716757.154266170856397992221,0.576846405377,71277925.26215013,93.36214647936339
2022-09-30,53.4338246472275,3809044898.287074402730393264575,0.57364429072,71285275.26215013,93.14801090438979
2022-10-01,52.896531842067,3771141217.97029889070950351871,0.568051844616,71292787.76215013,93.1191973821065
2022-10-02,51.8484968734367,3696824413.022774541984774451771,0.557108166825,71300512.76215013,93.06719944337752
2022-10-03,54.1926891795756,3864380423.127174334615336884828,0.581966644412,71308150.26215013,93.1199231088753
2022-10-04,55.3188451321846,3945067604.008290366142015022874,0.59402891085,71315075.26199319,93.12483638721976
2022-10-05,54.5454172688099,3890296446.549177879421593204581,0.586077511111,71322150.26199319,93.06860651488005
2022-10-06,53.4930349668333,3815636132.322106344005950465227,0.575162692314,71329587.76199319,93.00505001744745
2022-10-07,52.8725113509991,3771718109.931852922180713896129,0.569211781384,71336087.76199319,92.88724000484171
2022-10-08,52.8064765214012,3767400851.782393301247003657828,0.568641562922,71343537.76199319,92.86425749474212
2022-10-09,53.7922217811148,3838104623.897716374761748208212,0.579178987234,71350550.26199319,92.87668055433383
2022-10-10,52.8366102887668,3770277204.743822646395835098092,0.569162613151,71357287.76199319,92.83218726587218
2022-10-11,51.9539768326895,3707687777.179949387657418384505,0.560144811679,71364850.26199319,92.75097394361401
2022-10-12,52.2002571602798,3725653732.803178868777046094562,0.563381798291,71372325.26199319,92.65520703478094
2022-10-13,51.2557924917508,3658616057.080625543916840777052,0.553512666538,71379562.76199319,92.60093867830568
2022-10-14,51.2913248470839,3661496634.086242049486273158641,0.554786047749,71386275.26199319,92.45244190115154
2022-10-15,50.4819956965517,3604076276.588563573715851882923,0.546271440872,71393300.26199319,92.41192549983668
2022-10-16,51.4700395862177,3675006519.600876408828205257463,0.556931524106,71400887.76199319,92.41717762132187
2022-10-17,51.8847636233547,3704998239.922237114552406354493,0.561700779369,71408212.76199319,92.37082362898035
2022-10-18,51.9176836569318,3707735787.427286773007927894442,0.562246470103,71415662.76199319,92.33972362231249
2022-10-19,50.982679007265,3641346092.62880425585939052535,0.552936728365,71423200.26199319,92.20345907933745
2022-10-20,51.1646067115496,3654722406.920296751434289547224,0.555060765049,71430675.26199319,92.1783882653512
2022-10-21,51.6392094065535,3689002500.604607716419708370665,0.560234963454,71438012.76199319,92.17419971110658
2022-10-22,52.1886827178478,3728599574.976628399026815056482,0.566156594692,71444600.26199319,92.18064967739083
2022-10-23,53.8944696492772,3850845427.99165347773522198846,0.584387418396,71451587.76125555,92.22387059119838
2022-10-24,52.5705564940671,3756645324.431496132112321947405,0.570380722081,71459112.76125555,92.16748473241971
2022-10-25,56.0387318081809,4004902548.672004023617545528995,0.607651962579,71466687.76125555,92.22175728741333
2022-10-26,56.4003425716466,4031180659.83780026578394688863,0.611352619766,71474400.26125555,92.25501085320332
2022-10-27,54.7920117995472,3916633013.16788520793719348696,0.594845907761,71481825.26125555,92.11126963247395
2022-10-28,55.0027033939246,3932108215.77801755373413803153,0.59742190405,71489362.76125555,92.06676725619566
2022-10-29,56.4570548194191,4036473366.088093678512487651005,0.613117365422,71496350.26125555,92.08196995131676
2022-10-30,55.3386200822897,3956887742.192747474258390832835,0.601244370993,71503187.76125555,92.0401466559992
2022-10-31,55.1038305952445,3940468741.081173799261179231975,0.600050305534,71509887.76125555,91.83201822754879
2022-11-01,55.1400244238588,3943468440.13529555804866391634,0.600550164191,71517350.26125555,91.8158510507408
2022-11-02,60.3530949069715,4316768708.435071610210538066825,0.656061057616,71525225.26125555,91.99310674875761
2022-11-03,61.868424395258,4425611591.1256164759915461819,0.672075621854,71532637.76125555,92.05574846560664
2022-11-04,67.5625195055518,4833435331.05066625577116356249,0.731260340958,71540187.76125555,92.39188250936785
2022-11-05,69.8221582647551,4995616596.674601446793139265805,0.754922406566,71547725.26125555,92.48918518972428
2022-11-06,68.1108200121568,4873678257.61671108682703147024,0.736259360421,71555125.26125555,92.50927549934359
2022-11-07,67.6284288424907,4839659456.709043091630771198385,0.731089344374,71562500.26125555,92.50364454483739
2022-11-08,57.3817629976465,4106814227.276938998082285063075,0.623393935163,71570025.26125555,92.04735522915023
2022-11-09,50.2372359810903,3595829397.012357592562035926165,0.547933502623,71576975.26125555,91.68491384556843
2022-11-10,60.285962394373,4315522404.98131796922123502015,0.655371403811,71584200.26125555,91.98747770166462
2022-11-11,60.9153531476692,4361019997.90200493010854806406,0.662367170328,71591475.26125555,91.9661418567957
2022-11-12,59.6849539781548,4273359907.55526446850252025914,0.649704100733,71598612.76125555,91.86482571191699
2022-11-13,57.1965306461797,4095606923.870290820550782922335,0.624224774927,71605862.76125555,91.62810087579197
2022-11-14,56.5043188136159,4046443091.657557165527819443245,0.61525000757,71612987.76125555,91.83960685638371
2022-11-15,57.9460914621819,4150137474.945799368811386484545,0.631249646413,71620662.76125555,91.79583987326342
2022-11-16,57.4567713663515,4115524407.584556837446662625825,0.626091580521,71628187.76125555,91.77055426705954
2022-11-17,62.1374209221517,4451222707.887459903956999566935,0.675691829867,71635137.76125555,91.96118433810652
2022-11-18,62.4523413258756,4474213776.20146681085935910958,0.678490348156,71642050.26125555,92.04602761941784
2022-11-19,63.8165051239289,4572408734.954649129111112930395,0.692898661215,71649312.76125555,92.10077706316599
2022-11-20,61.8772836744095,4433890257.129959862645124847725,0.672294948772,71656187.76125555,92.03889421961784
2022-11-21,61.4711783701455,4405242112.357797433946716182525,0.668411086251,71663537.76125555,91.9661262875314
2022-11-22,70.2234154082249,5032986813.032606837310520773195,0.76117131123,71671062.76125555,92.25704433703464
2022-11-23,79.1959252516594,5676687716.65126607920866495967,0.854907255476,71679037.76125555,92.63686176995218
2022-11-24,78.691307566939,5641087718.55305548758231026145,0.848188946918,71686287.76125555,92.77568147153256
2022-11-25,73.9327645758492,5300470027.438084746731586136608,0.798289195706,71693112.76058424,92.61401128003958
2022-11-26,76.3404630699446,5473610267.752360996022080433104,0.82367765804,71699987.76058424,92.68244965099844
2022-11-27,74.897156605604,5370651364.39830605665225395368,0.808445995023,71707012.75990042,92.64336401774518
2022-11-28,73.9030137085858,5299909381.722758440324707026036,0.798288326843,71714387.75990042,92.57684375875931
2022-11-29,76.1015444438413,5458121695.954314901634270283346,0.820969978479,71721562.75990042,92.69711005125134
2022-11-30,79.3623445855213,5692594531.782159164872961788946,0.853615600167,71729162.75990042,92.97199415052276
2022-12-01,77.55617432306,5563602702.7700017406565096852,0.83453862415,71736425.25990042,92.93299564421363
2022-12-02,77.8631577354764,5586232901.270664905092820773924,0.837400194069,71744237.75938691,92.98201539353911
2022-12-03,76.6043044980441,5496487179.814852235314260142731,0.824130994864,71751675.25938691,92.95161203187791
2022-12-04,77.0963140595725,5532366948.698898293819963438925,0.829541749864,71759162.75872833,92.9384374833601
2022-12-05,80.2049271310078,5755964764.880230799983068000896,0.861478213292,71765725.25872832,93.10151538773988
2022-12-06,79.6990465035605,5720298463.36724454983683218336,0.855918692229,71773737.75872832,93.11520735223893
2022-12-07,77.050274674951,5530726523.80907711543861831232,0.828083587663,71780750.25872832,93.04649412555156
2022-12-08,78.4419325252829,5631146329.357269339424802241728,0.843370457694,71787450.25872832,93.01005484560615
2022-12-09,76.3073407415446,5478467425.288638513884888563072,0.820464776776,71794762.75872832,93.00501727983104
2022-12-10,76.365679794796,5483169422.97301159801551382272,0.820815282987,71801487.75872832,93.03637660948068
2022-12-11,76.5845562101886,5499437441.345163687027663361152,0.82348330631,71808700.25872832,93.00073920546285
2022-12-12,76.2107431436833,5473135507.17600715144183594739,0.820459117651,71815800.2587283,92.88792275461212
2022-12-13,77.387034903932,5558157419.8720884289349896756,0.830946357384,71822850.2587283,93.13120421824007
2022-12-14,75.4602620702185,5420337055.11922475445711313355,0.810836230548,71830350.2587283,93.06473887978467
2022-12-15,72.332622937535,5196217422.9343351093569367405,0.775739174685,71837812.7587283,93.2434835032106
2022-12-16,65.9897693473294,4740994577.09857634436914520202,0.710027102152,71844387.7587283,92.93978940708458
2022-12-17,64.9181021752033,4664468715.57171045525540196339,0.700408239219,71851587.7587283,92.68609153940157
2022-12-18,64.7068525375176,4649760836.04274726511261486808,0.700638603248,71858862.7587283,92.35410700688125
2022-12-19,63.2197901588257,4543362938.829318500170983165836,0.685528438596,71866150.25793548,92.22052157063435
2022-12-20,65.7747832709946,4727484436.941106255119547448166,0.715112513913,71873812.45277071,91.97822998661258
2022-12-21,65.3427772598853,4696934390.166204969638721799563,0.711828297909,71881462.45277071,91.79570052473343
2022-12-22,66.1003766935346,4751863536.848957585591813251566,0.71988165693,71888599.95277071,91.82117096221843
2022-12-23,65.7364252126173,4726174489.290588704173148564118,0.71757610939,71895824.48397966,91.60899359999426
2022-12-24,65.7419964506925,4727023727.17117772435986291455,0.71777622075,71902649.48397966,91.59121540972629
2022-12-25,69.0719330085029,4966965257.196407620915200480956,0.753239141227,71910036.98397964,91.69987222913981
2022-12-26,70.4272041685763,5064982752.713746987334006986532,0.767557398942,71917986.98397964,91.75496746647619
2022-12-27,68.6939586564807,4940816375.617825895792712852948,0.749124915056,71925049.48397964,91.69893735458731
2022-12-28,66.2053200295934,4762279345.607275622382343772746,0.723797763252,71931973.79725019,91.46936256356338
2022-12-29,66.7224771906927,4799985737.764215146108771306613,0.730388150645,71939561.29725019,91.35208057766354
2022-12-30,67.9394470629325,4888045260.824265537646627582175,0.743417602247,71947086.29725019,91.38799896260682
2022-12-31,70.0035650054964,5037067933.812965929296555944316,0.765129441967,71954448.79725019,91.49244711526296
2023-01-01,70.7463513434069,5090986947.226661220286606272311,0.77308312567,71961123.79725019,91.5119590562708
2023-01-02,74.9145782631921,5391467261.257566918935571731499,0.816924628113,71968198.79725019,91.70317026215254
2023-01-03,75.5744459556186,5439496163.134008242301960417534,0.823933731498,71975336.29725019,91.7239373343972
2023-01-04,75.361388077777,5424691606.49417798849244802763,0.821113867759,71982373.79725019,91.77946084804873
2023-01-05,74.2228719351134,5343268277.687200180605525821546,0.80909629686,71989511.29725019,91.73552298182916
2023-01-06,76.0552707042047,5475722712.688649320156730873893,0.828207043322,71996623.79725019,91.83122905975462
2023-01-07,76.312015543359,5494760701.20149299666689601062,0.836173900673,72003873.33603418,91.26333108691718
2023-01-08,77.3467050626809,5569844381.832290590723228555866,0.847040597642,72011398.25308074,91.31404714012459
2023-01-09,81.6858627423033,5882895205.354531874386448468442,0.891331607267,72018523.25308074,91.64475047930635
2023-01-10,80.8246067781626,5821480058.762970254128706648324,0.881883564555,72026085.75308074,91.64997515170478
2023-01-11,84.0434805376973,6053912291.065317425223040144093,0.91524082234,72033098.25263441,91.82663020080659
2023-01-12,85.910352523141,6188987015.04731651260623788181,0.932910472401,72040060.75263441,92.08852839012135
2023-01-13,86.2686356738356,6215431829.462203457678209242996,0.935352542143,72047410.75263441,92.23114471489463
2023-01-14,87.7620159413078,6323690808.273407497779790681398,0.950420547261,72054985.75263441,92.34019213308002
2023-01-15,87.3715131771817,6296187672.78238541507099247048,0.946064342825,72062248.2526344,92.35261199707153
2023-01-16,85.8122353935516,6184508035.27382159471047233504,0.930672810387,72070235.7526344,92.20451530959463
2023-01-17,87.2804481726329,6290974842.743059867320701403423,0.945709958388,72077710.12243287,92.29092640771795
2023-01-18,82.95341560757,5979741354.3052582490875888259,0.899855426661,72085535.12243287,92.18527015542553
2023-01-19,84.156116047003,6067056154.57526610180513218861,0.91261641689,72092872.62243287,92.21411590839983
2023-01-20,90.3516508976653,6514343650.343826827129738978411,0.976515625875,72099885.12243287,92.52453161382475
2023-01-21,88.4949175682531,6381103916.877887817576472236866,0.956980603517,72107010.12243286,92.47305247674339
2023-01-22,87.6271064692529,6319125612.840742596765384610294,0.947854145996,72113822.62243286,92.44788012946319
2023-01-23,90.0721968198477,6496123714.350586539527608675422,0.972917596972,72121297.62243286,92.57947137576538
2023-01-24,87.0434928731625,6278344625.57623712047092661725,0.941139900352,72128822.25124946,92.4873048529841
2023-01-25,89.3154756877366,6442914497.990017992537149372236,0.964297665696,72136597.25124946,92.62230830277026
2023-01-26,87.4998689825693,6312605619.840239413060886037578,0.945135547042,72144172.25124946,92.57917476114247
2023-01-27,88.8670184830709,6411897326.509873304908882766714,0.95912587959,72151597.25124946,92.65417644768289
2023-01-28,89.3286023846924,6445845624.822027719406477766104,0.963811318596,72158809.75124946,92.68266585084191
2023-01-29,95.1103652760319,6863759325.546334190580163057455,1.023133831093,72166259.75124945,92.95984785727082
2023-01-30,90.9911808848237,6567111934.837127699272617971965,0.98049493065,72173059.75124945,92.80127621312928
2023-01-31,94.2089324506811,6799998130.109995642249978500395,1.010745841681,72179972.25124945,93.20734111950395
2023-02-01,100.585004054338,7260936955.0627160652361926141,1.074611769936,72187072.25124945,93.60124918446454
2023-02-02,98.8412911747516,7135739254.76698574032639338662,1.055829657463,72193909.75124945,93.61480848364533
2023-02-03,100.026212124033,7222076038.57285492028512303185,1.067053850975,72201834.75124945,93.74054742657643
2023-02-04,98.6653689559428,7124526122.41607451231430273146,1.052994398397,72208984.75124945,93.69980420232396
2023-02-05,96.3805861341843,6960250262.273230231926420231792,1.029153409246,72216309.75124944,93.65035889527557
2023-02-06,95.9416307207332,6929220900.30764700690273622062,1.024320729304,72223297.10527035,93.66366214801013
2023-02-07,100.964303356363,7292715700.41058026997559938789,1.074651231391,72230634.57061903,93.9507631938201
2023-02-08,99.1866802410539,7165012401.359593683716692595717,1.056021045981,72237647.07061903,93.92490861667777
2023-02-09,91.9157938427272,6640442469.542372829591767418616,0.981994259364,72244847.07061903,93.60115190719907
2023-02-10,93.4626697312404,6752872717.617416748244357744812,0.992048920832,72252084.57061903,94.21175485262987
2023-02-11,94.3876949761758,6820428605.864827394281008105474,1.001393483235,72259722.07061903,94.2563503321956
2023-02-12,92.3172304071231,6671491327.329986364873434341362,0.980291871038,72267022.07061902,94.17320813786951
2023-02-13,91.0766457182602,6582489164.256344701065131429004,0.967869535216,72274172.07061902,94.1001265195671
2023-02-14,95.6447043176252,6913361543.895511753064860351304,1.014137305732,72281697.07061902,94.31139528842128
2023-02-15,102.73362630806,7426494117.0231433669914153012,1.085411831485,72288834.57061902,94.64944395115499
2023-02-16,99.2480670453173,7175225558.364478951820203315046,1.049592254684,72295872.07061902,94.55868848346051
2023-02-17,100.397916351607,7258997463.37713941389646176514,1.060690813381,72302272.07061902,94.65332883536918
2023-02-18,99.7474099051497,7212663848.013652007429614767294,1.053764209481,72309284.57061902,94.6581872943638
2023-02-19,97.7294990723679,7067431822.623926808156589453779,1.033153657896,72316259.57061901,94.59338243199211
2023-02-20,95.7947891876096,6928232116.713621195158894218496,1.013518803327,72323684.57061901,94.51703202067038
2023-02-21,93.5838692195199,6769028584.911054673695707388789,0.991110896181,72331146.82438411,94.42320690865384
2023-02-22,95.1071524890893,6879881105.001861017871217291023,1.006546627226,72338209.32438411,94.48857103739009
2023-02-23,94.6368932831768,6846534110.54494085490589802408,1.001596375289,72345296.5648231,94.48605807491099
2023-02-24,91.5160781370932,6621515108.82411553305240621292,0.970096224909,72353571.5648231,94.33711397617063
2023-02-25,93.2260705448135,6745940693.05226014153624999185,0.987481538421,72361096.5648231,94.40791236855283
2023-02-26,95.1855695090086,6888427022.961972748848197277132,1.007142979986,72368396.37031362,94.51048302032721
2023-02-27,94.0152516958889,6804368777.722481126606407676818,0.995451137185,72375158.87031362,94.44486844603061
2023-02-28,93.8081433417619,6790073457.949899366187896367078,0.991848125181,72382558.87031362,94.57914065688543
2023-03-01,97.6581433364831,7069437240.582619369355784829822,1.030213843523,72389633.87031362,94.79405072108493
2023-03-02,95.161523387822,6889381104.36368999434602873564,1.00531442963,72396708.87031362,94.65846762275723
2023-03-03,90.4992800135586,6552519722.786694334722634248132,0.958857431649,72404108.87031362,94.3824149727056
2023-03-04,89.0742015225566,6449955023.420986982673546200892,0.944586987256,72411033.87031362,94.29962801130131
2023-03-05,89.8612048077719,6507604348.083156483187768345559,0.952599824248,72418396.37031361,94.33258596148701
2023-03-06,87.4005660929151,6329992237.005765217963132294839,0.928074342593,72425071.36940489,94.17410015745251
2023-03-07,86.1849241209092,6242547167.332212957104314886996,0.91620327994,72432008.62571413,94.06746953203798
2023-03-08,82.8237808768438,5999675683.243727919257855462894,0.882324461669,72439046.12571413,93.869981480707
2023-03-09,76.5277706454745,5544180318.742504711062365204685,0.818317232924,72446646.12571413,93.51846394829853
2023-03-10,72.0321282094612,5219022741.428066222976072526756,0.77288986715,72454096.12571413,93.19843779952345
2023-03-11,69.4768738281617,5034432962.162982541180317614821,0.747972896155,72461996.12571413,92.88688692506346
2023-03-12,76.1004241946184,5514936566.189614102312873267272,0.816530400205,72469196.12544833,93.19974391095843
2023-03-13,81.696163249766,5921033277.59892854967651759078,0.874167146057,72476271.12544833,93.45599822443911
2023-03-14,84.4807958231418,6123479276.870706959904414163194,0.902734311304,72483683.62544833,93.5832334777541
2023-03-15,76.3497074135731,5534624351.957363763623964727923,0.819362556989,72490446.12544833,93.18183600449552
2023-03-16,79.0608240971954,5731738450.201897394335775028816,0.84750446916,72497833.35366504,93.28661614676341
2023-03-17,85.4037698083478,6192213853.954214623372517020912,0.914925656852,72505158.35366504,93.34503756534491
2023-03-18,82.9797338214551,6017039599.006326882260070799704,0.889987743333,72512158.35366504,93.23693999503452
2023-03-19,84.9794399102942,6162668264.707354563188495551826,0.910553931996,72519520.85366503,93.32719010285656
2023-03-20,78.6730735804998,5705900046.272758172945569181994,0.845053359785,72526720.85366503,93.09835014503221
2023-03-21,82.7344320232508,6001071359.494608293727354879524,0.887022580786,72534145.85366503,93.27206974814435
2023-03-22,87.3714545476326,6337993755.634407694057919907978,0.934262765113,72540783.35366503,93.51914451719045
2023-03-23,93.7087113447433,6798385058.885189132511379536799,0.997410975457,72548058.35366503,93.95195526278148
2023-03-24,93.2500319962881,6765809303.613212341329240775143,0.992119452229,72555570.85366503,93.99073043753228
2023-03-25,91.4390109669634,6635103432.498278531218639869902,0.972041684999,72563158.35366503,94.06902232496077
2023-03-26,93.714304451551,6800890028.34396717564491796153,0.995071608574,72570458.35366503,94.17845273050196
2023-03-27,89.1110487029136,6467483501.048040735995061097536,0.948111474638,72577795.85346276,93.98794454727724
2023-03-28,89.1605299648505,6471658743.44673855228651071738,0.948681730035,72584345.85346276,93.98360603145701
2023-03-29,91.441037830273,6637828002.33691931107420613348,0.971754568482,72591345.85346276,94.09890192038422
2023-03-30,88.9558428765735,6458032591.51530710723050865286,0.946712080362,72598183.35346276,93.96293204852623
2023-03-31,89.7369729344437,6515386199.172435177344619266612,0.953727210252,72605370.85346276,94.09081755225671
2023-04-01,92.764227388218,6735858310.31644905807612576168,0.984325889628,72612670.85346276,94.24137713504193
2023-04-02,93.0200717019822,6755098617.268499442801972432252,0.986813139869,72619795.85342066,94.26310609760492
2023-04-03,93.2178381620607,6770133876.106774668153029554062,0.988621986939,72627020.85342066,94.29067873625233
2023-04-04,92.4585675817059,6715617878.361418630448303103894,0.980259788381,72633808.35342066,94.32047369239815
2023-04-05,92.6135220421102,6727561624.012120461301234676732,0.981730675012,72641245.85342066,94.33699526703508
2023-04-06,90.9152812219578,6604878886.804249368544832168148,0.964830079213,72648720.85342066,94.22931890361075
2023-04-07,90.615637688032,6583777324.98501957668114354112,0.961793969798,72656083.35342066,94.21522751599646
2023-04-08,90.0485805760494,6543250289.330467767015759140604,0.956018245676,72663558.35342066,94.19127823483755
2023-04-09,90.7297783029595,6593470975.96975464440537644327,0.962924594898,72671520.85342066,94.22313936489519
2023-04-10,93.9341396160882,6827014285.940662411900638262212,0.994988915362,72678733.35342066,94.40722219695562
2023-04-11,94.2017048409041,6847134129.671725211588555750362,0.996925918334,72685883.35249082,94.49218152370645
2023-04-12,92.2265176514,6704175751.864065901386460148,0.976927348105,72692495.85249082,94.40468406406768
2023-04-13,94.1518503290234,6844780283.517881986764428065188,0.996237659423,72699370.85249082,94.50741942796479
2023-04-14,96.3827735250887,7007644085.276071068513656435734,1.017717142665,72706395.85249082,94.70487376551425
2023-04-15,97.0042744361068,7053532032.418037592157723539576,1.023840646751,72713620.85249082,94.7454808948393
2023-04-16,100.281044258248,7292547431.69192699173012928336,1.056415930674,72721095.85249082,94.92572134374011
2023-04-17,98.6790945123956,7176767314.108136171011625208392,1.039398228895,72728345.85249082,94.93867871730242
2023-04-18,101.79451350684,7404089684.1601076027471072088,1.069550739989,72735645.85249082,95.17502040893068
2023-04-19,90.2555456964136,6565413658.485661976215100923152,0.954192818443,72742495.85249082,94.58837244623963
2023-04-20,90.2057732310577,6562422270.399228804897428140314,0.953838600794,72749470.85249082,94.5713175750783
2023-04-21,85.5470862669686,6224178942.198702254705800728252,0.907048640648,72757345.85249082,94.31367010908404
2023-04-22,87.0567126655462,6334676983.204321004714865785884,0.922538406564,72764945.85249082,94.36649146108665
2023-04-23,86.8187027611319,6317967021.550370386867847559158,0.920188433649,72771958.35249082,94.34883072465169
2023-04-24,88.4769282621659,6439240981.745238640363605647869,0.937732320513,72778758.35229191,94.35200891205638
2023-04-25,91.1036084342362,6631054338.876982614848780289142,0.965015326488,72785858.35229191,94.40638499057981
2023-04-26,88.1368838675891,6415743414.96315285048636245829,0.93433676474,72792945.8522919,94.33095987838512
2023-04-27,89.6912047843213,6529511488.30523542919804098747,0.948377460455,72799908.3522919,94.5733197215489
2023-04-28,89.7557280011074,6534821355.41746612951752805006,0.949106367811,72806733.3522919,94.56867116814128
2023-04-29,90.9833207975355,6624860280.47100322935729661245,0.960853630193,72814008.3522919,94.69009424386554
2023-04-30,88.6993672122224,6459210622.866957388577060396336,0.937236032547,72821383.35229189,94.63930550255957
2023-05-01,86.6817766076599,6312970586.517122138773244648211,0.916472103258,72829270.85229189,94.58201324351467
2023-05-02,88.2863621540913,6430471458.009464515810945309557,0.933261910002,72836520.85229189,94.59977012658975
2023-05-03,88.8585875664454,6472739054.331232057933374883352,0.939178336978,72843145.85229188,94.61311453622986
2023-05-04,88.5018665551641,6447399331.030412023283184497508,0.935587773298,72850433.35229188,94.59493708771973
2023-05-05,88.8600342364501,6474135126.279921985445633570082,0.938929390816,72857670.85181082,94.63974086403246
2023-05-06,83.4435223510678,6080084790.826274592177390593596,0.883274516245,72864670.85181082,94.4706552905037
2023-05-07,83.9195583981883,6115319624.826335086570912337406,0.888315377781,72871208.35181082,94.47045553553092
2023-05-08,77.8692143305055,5674945464.54953221122933046951,0.825875941546,72877908.34081082,94.286817684431
2023-05-09,79.9588053379268,5827757215.088327847368609807976,0.847816280902,72884495.84081082,94.3114766006355
2023-05-10,81.0758730130374,5909760916.039762443603346984668,0.859872632255,72891733.34081082,94.28823522434647
2023-05-11,80.7783854801058,5888644002.275094322347351384756,0.856866618896,72898758.34081082,94.27183145981564
2023-05-12,80.4499630080739,5865254499.723892051106282479598,0.853684007451,72905620.84081082,94.23857341346715
2023-05-13,80.2719983939883,5852929078.833296654590251653523,0.851889223185,72913708.34081081,94.22821208357519
2023-05-14,83.3893894257346,6080831065.277538776289343871026,0.884431751545,72920920.84081081,94.28583865296896
2023-05-15,87.2461986351951,6362715494.476169639295036539031,0.924386803666,72928283.34081081,94.38278249882822
2023-05-16,89.8405302773483,6552581590.485830050895248775123,0.95120816878,72935695.84081081,94.44886327308977
2023-05-17,93.9282656328109,6851471316.864680160485645405829,0.993030549808,72943658.34081081,94.5874884221555
2023-05-18,90.6921913997855,6616095880.471302398969930081255,0.959177433573,72951108.34081081,94.55204868816715
2023-05-19,91.7535759921577,6694137517.980461732662919384737,0.969699114243,72957783.34081081,94.62066598233984
2023-05-20,92.2828742293035,6733410306.031774030501301570835,0.975102964838,72964895.84081081,94.63910741429757
2023-05-21,92.3767926002003,6740973196.774911719651170405243,0.976008229163,72972583.34081081,94.64755505127278
2023-05-22,90.8806716561805,6632465359.436167246393417711205,0.960148333311,72979933.34081081,94.65274114759465
2023-05-23,91.5963833932304,6685360883.122113367900601140624,0.967587595256,72987170.84081081,94.66469376242493
2023-05-24,86.0538002168283,6281425794.528167254900578553923,0.910108725157,72994170.84081081,94.55331856310184
2023-05-25,86.441870310657,6310373950.19816671069596380217,0.914577130278,73001358.34081081,94.51567008283014
2023-05-26,87.2393387567174,6369227077.167435564790450035094,0.917682111474,73008658.34081081,95.06487885722406
2023-05-27,88.648072017667,6472740554.94867347182792458027,0.932332388059,73016145.84081081,95.08204708217984
2023-05-28,91.6133556742929,6689916045.34273173772683415323,0.962948519431,73023370.8404587,95.13837326259831
2023-05-29,91.0506729751794,6649498556.65304833349741079078,0.95682293444,73030745.8404587,95.15937557294093
2023-05-30,92.2848742733175,6740264195.80117991635962073725,0.96947881944,73037583.3404587,95.19019128919598
2023-05-31,90.5446717285243,6613871380.271785228616504063451,0.954704137426,73045395.75892257,94.84055654419166
2023-06-01,93.9975254124839,6866798475.369267531865591471623,0.989356318952,73052970.75892257,95.00876844052816
2023-06-02,95.3748620451406,6968145433.628800075608060163342,1.003316368419,73060608.25892257,95.05960935874079
2023-06-03,95.9994185262851,7014463505.868464067700900644707,1.009381480762,73067770.75892257,95.10717241791818
2023-06-04,94.5023477058968,6905733850.950361924598803610776,0.993835426726,73074733.25892257,95.0885279036758
2023-06-05,87.8572040350365,6420735884.077314878851770623805,0.925371726592,73081495.75892257,94.94260685767968
2023-06-06,90.9055792722737,6644147499.825012196049186147409,0.957123895115,73088445.75892257,94.97785995756719
2023-06-07,88.7747316297228,6489047445.233782088230515763596,0.935255639206,73095658.25892257,94.92028479517055
2023-06-08,88.5132405617466,6470578623.731826809885973360762,0.93264334618,73102945.75892257,94.905776065724
2023-06-09,89.0872418894,6513235805.730083789415103758,0.938639530264,73110758.25892257,94.91102709508034
2023-06-10,77.3516382683596,5655821898.134067216205817316172,0.817094654717,73118320.75892257,94.66668007410998
2023-06-11,77.5502559729104,5670916424.301613739847011147728,0.819459614822,73125695.75892257,94.63584851555567
2023-06-12,77.583197785717,5673804393.52898335314465493269,0.820542744098,73131870.75892257,94.55107408329113
2023-06-13,77.33657595409,5656323367.5445794221281848113,0.818543844848,73139045.75892257,94.48067619206282
2023-06-14,73.1036596892661,5347231757.431061949616480025877,0.774644778474,73145883.25892257,94.37055760354515
2023-06-15,74.3881893140854,5441693791.393325003842728967478,0.788277428993,73152658.25892257,94.36803158136088
2023-06-16,76.0169832718673,5561426879.295462973868540014961,0.805458984855,73160320.75892257,94.37722429224871
2023-06-17,76.8708176818212,5624425048.129921276918187384484,0.814817683049,73167233.25892257,94.34112597332827
2023-06-18,77.1123146356394,5642662451.497761662971067041258,0.817435746786,73174595.75892257,94.33440480041419
2023-06-19,77.3492921420304,5660542696.044571239838516186128,0.820014092502,73181570.75892257,94.32678395321814
2023-06-20,80.2258150204559,5871649843.756316745585744199663,0.850161858428,73189033.25892257,94.36534258170346
2023-06-21,85.1974888452245,6236165085.710602037235359766965,0.903254129439,73196583.25892257,94.32283348445868
2023-06-22,86.0451588777638,6298837614.354294245429318948966,0.912028700417,73203858.25892257,94.34479291980834
2023-06-23,91.1869762046111,6675955438.742504893824301862527,0.965466026972,73211720.75892257,94.44866381326918
2023-06-24,89.5454452214856,6556413022.767938966846070769992,0.947642975582,73218833.25892257,94.49280744838612
2023-06-25,88.182599700738,6457295047.01938403290031385666,0.933520473833,73226408.25892257,94.46241638243193
2023-06-26,87.1267002366422,6380606990.357843084058606594454,0.923003012615,73233658.25892257,94.39481675124738
2023-06-27,87.8774503587865,6436228673.628422269411422661305,0.930846355159,73240958.25892257,94.40596707689309
2023-06-28,83.1758619588317,6092469342.798331428788287961469,0.882160868019,73248045.75892257,94.2865014468543
2023-06-29,84.7990401158299,6211975583.793854608937975390843,0.9048992205,73255258.25892257,93.71103233902043
2023-06-30,107.955395413412,7909065505.31859370365284750884,1.141887528564,73262345.75892257,94.54118090699627
2023-07-01,106.641649566133,7813613216.12577818716654132181,1.127047253802,73269808.25892257,94.6203889911326
2023-07-02,113.228690165079,8297059664.37347865890797893303,1.195236309218,73277008.25892257,94.73330862845057
2023-07-03,106.67827191302,7817830028.6189300895379548614,1.126043796409,73284183.25892257,94.7372315830178
2023-07-04,105.147101472767,7706408056.73582983824061665119,1.109962651408,73291683.25892257,94.73030587055044
2023-07-05,102.625845880583,7522295755.39535768823846345831,1.083237527744,73298258.25892257,94.73992845716514
2023-07-06,95.7764987664514,7020882666.610592247112626268098,1.011722335057,73304858.25892257,94.66678301715598
2023-07-07,98.1588962392377,7196223357.805311877985860124889,1.036658847539,73311983.25892257,94.6877523616031
2023-07-08,97.8100880357818,7171341097.753629363049395257408,1.033098246904,73319033.25892256,94.67646308460995
2023-07-09,95.3155631614219,6989128834.690908483596619973845,1.006968538888,73326208.25892255,94.65594949637583
2023-07-10,96.673659631043,7089417408.55261300357161640922,1.021165148942,73333495.75892254,94.66995591379495
2023-07-11,96.7955817000678,7099091606.615740249138972948212,1.022302481386,73341070.75892254,94.68389587476683
2023-07-12,96.2496250193095,7059725509.55638719273566478613,1.016528663057,73348083.25892254,94.68461492257248
2023-07-13,101.622955685412,7454649295.40741769307031598648,1.070668696696,73355958.25892254,94.91540753830994
2023-07-14,94.9854187973472,6968443372.014902197816294312416,1.001602644352,73363295.75892253,94.83343452911834
2023-07-15,94.6960843366685,6947955471.860708402885329791305,0.998699188354,73371095.75892253,94.81942655099307
2023-07-16,93.1370607283425,6834225981.895194443661082806525,0.982489515334,73378158.25892253,94.79700218142307
2023-07-17,92.2944955080837,6773070386.593207755722517055761,0.974333552105,73385420.75892253,94.72576953619831
2023-07-18,91.394826196951,6707661263.42269161430783120603,0.964487722914,73392133.25892253,94.75996845332614
2023-07-19,92.0242799382555,6754495484.423411246360357846415,0.971109691642,73399058.25892253,94.76198284321138
2023-07-20,92.4349360783583,6785324743.212283706134459282499,0.97544308667,73406495.75892253,94.7619982565213
2023-07-21,94.0473663736355,6904361215.105758854957628957815,0.992180271784,73413658.25892253,94.78858736480684
2023-07-22,91.8414611580026,6743116786.576775616230062938578,0.969157293183,73421270.75892253,94.76424704638809
2023-07-23,93.1639701090187,6840875044.889322252298597621311,0.983153131349,73428333.25892253,94.76038588331295
2023-07-24,89.1443648413965,6546350597.50116982089328209918,0.941524311378,73435383.25892252,94.68089539921304
2023-07-25,89.4604505192305,6570189811.80483202543721952086,0.945013184511,73442395.75892252,94.66582264195826
2023-07-26,90.6205404759859,6656047729.200020271626468712468,0.957175383135,73449658.25892252,94.67495933627117
2023-07-27,90.3720845670664,6638430202.538385393519141295328,0.954642233569,73456645.75892252,94.66591922002416
2023-07-28,91.4877457558203,6720987893.986469380753696743156,0.96625867822,73463258.25892252,94.6824570045312
2023-07-29,94.4205598228476,6937047443.057760832858254167952,0.996871958199,73469670.75892252,94.71683805153134
2023-07-30,94.0917169846925,6913635497.157103356082463678175,0.993484156256,73477620.75892251,94.70882488884608
2023-07-31,92.1901692235338,6774636832.358995684162522565838,0.97343943792,73485458.25892251,94.70560327874269
2023-08-01,93.6889428230656,6885509184.236340591679431046656,0.989044729169,73493295.75892251,94.72669947069379
2023-08-02,87.3736709925193,6421912023.189063773380438379443,0.923353478613,73499395.75892251,94.62645998124813
2023-08-03,82.8240810209608,6087800475.903119080296932947608,0.876461684093,73502783.25892251,94.49823366399718
2023-08-04,82.0228602700407,6029185860.501975906883190846157,0.868492046819,73506164.50892251,94.442845585591
2023-08-05,83.0973093015684,6108474025.247051833908137064684,0.880056094009,73509889.50892251,94.42274176300243
2023-08-06,82.3800861268242,6056040903.8464250090462389245,0.872832029707,73513408.2589225,94.38251957192529
2023-08-07,82.2986094323296,6050323888.484200567819160856,0.872316759347,73516720.7589225,94.34486790548057
2023-08-08,83.9688658999997,6173427926.03375319986089732325,0.890009696463,73520439.5089225,94.3460124464953
2023-08-09,84.0359719035007,6178665694.07815980502475999575,0.890809697969,73524058.2589225,94.33661543548342
2023-08-10,83.0199910279859,6104271236.58894248499650419275,0.880956746602,73527727.0089225,94.23844172623473
2023-08-11,83.4714571127495,6137772747.53150993120313241375,0.885804037423,73531395.7589225,94.23241889434874
2023-08-12,83.3992510070499,6132764611.59136502177207773275,0.885096969989,73535008.2589225,94.22611740280433
2023-08-13,81.9042987396064,6023130699.243009707953950707936,0.869526928774,73538639.50892249,94.19409109627964
2023-08-14,82.0436050453031,6033687886.683194302781866456719,0.871195439262,73542452.00892249,94.17359337280645
2023-08-15,79.249827572248,5828489651.31268626416110705752,0.842385074211,73545770.75892249,94.07791044549961
2023-08-16,74.389132263817,5471276193.96638287616658454433,0.791528813468,73549402.00892249,93.98158474849308
2023-08-17,65.0414014542252,4783967160.826492230384209804748,0.69427362701,73552645.75892249,93.68266188409946
2023-08-18,64.0342259495807,4710117661.143642004229274299943,0.685460103354,73556252.00892249,93.41787455791687
2023-08-19,64.0598785745628,4712234787.280143067670850837372,0.686103098523,73559845.75892249,93.36771501610605
2023-08-20,65.1811408775346,4794949321.449202018516343693154,0.698238627653,73563445.75892249,93.3508091590821
2023-08-21,66.967152111202,4926566754.27080577126967873298,0.717644050087,73566914.50892249,93.3152753138322
2023-08-22,64.6895162840507,4759248678.230988436255054530243,0.693983679934,73570633.25892249,93.21475152009754
2023-08-23,65.5713749201794,4824359125.453513482122851494706,0.70386183939,73574164.50892249,93.15944017792846
2023-08-24,64.7639525746577,4765186041.655781454698257581673,0.695595508193,73577752.00892249,93.10576593989204
2023-08-25,65.0849681714408,4789036699.263893257581598823592,0.699222965868,73581302.00892249,93.08185135287391
2023-08-26,64.9835159922169,4781820683.920601321007320368081,0.698280705965,73585133.25892249,93.0621674594487
2023-08-27,65.2922018473134,4804794502.129103236627435338366,0.701652527906,73589102.00892249,93.05489433946794
2023-08-28,65.5611391129617,4824825471.676897893743659638633,0.704613366571,73592764.50892249,93.0455512531857
2023-08-29,68.807815695344,5063993903.70724453095154988656,0.739266455819,73596202.00892249,93.0757985212719
2023-08-30,67.6335463427509,4977817733.536073227195156477741,0.727060440184,73599833.25892249,93.02327922783783
2023-08-31,63.916242695463,4704462493.45042312086384166287,0.68827831128,73603552.00892249,92.86395001550628
2023-09-01,62.97075097746,4635091735.8059985529338770754,0.678540152118,73607058.25892249,92.8032788935226
2023-09-02,64.5403430533925,4750884969.439839161619214047325,0.695508977993,73611089.50892249,92.79584461962484
2023-09-03,63.873943613741,4702057333.13878558452366793509,0.688532620843,73614639.50892249,92.7682170461835
2023-09-04,63.6212269439327,4683675565.621919149247870076423,0.685988535929,73618127.00892249,92.74386321598458
2023-09-05,63.0946135375646,4645123766.380011820380734767854,0.680941923285,73621558.25892249,92.65784845965067
2023-09-06,62.7868246860443,4622668321.114247141675333406307,0.678221794729,73624814.50892249,92.57565176172538
2023-09-07,63.6064968521343,4683256646.826366905668049770407,0.687188524853,73628589.50892249,92.56047583993154
2023-09-08,62.5644059165259,4606778436.666079190390443177491,0.676864728027,73632577.00892249,92.43265799784773
2023-09-09,63.0836734930691,4645257501.445959229056499114059,0.682602145743,73636445.75892249,92.41645940682426
2023-09-10,61.1084018650662,4500020162.612936206043184518838,0.661511209791,73639958.25892249,92.37697103329963
2023-09-11,58.7238884170222,4324621783.881636335243896409278,0.636194779382,73643314.50892249,92.30488888020525
2023-09-12,59.9943824975401,4418404158.531056359916926566849,0.65008915467,73646964.50892249,92.28639189957663
2023-09-13,61.9794985207284,4564822729.800378539623013941716,0.67241873626,73650527.00892249,92.17396122163254
2023-09-14,62.8236508741165,4627213700.337839799148920730085,0.681577485455,73654008.25892249,92.17389396625592
2023-09-15,65.9894273664893,4860640299.982250705883077114357,0.715709378887,73657864.50892249,92.20142883848958
2023-09-16,65.2504589429089,4806462309.490197331445065231161,0.707753592814,73661739.50892249,92.19375161837849
2023-09-17,63.5132599526184,4678703231.129226656436438147816,0.689177919152,73664983.25892249,92.15800185642685
2023-09-18,65.8327909982276,4849792398.077367154423975778724,0.714389767409,73668339.50892249,92.15248314235335
2023-09-19,67.3355267670274,4960731700.382154775204584306226,0.730527844655,73671833.25892249,92.17379906829883
2023-09-20,64.5378690854316,4754853853.030065748986772596684,0.700550645429,73675408.25892249,92.12448736794782
2023-09-21,64.7019575245644,4767181724.242115973634650613356,0.702434013348,73679095.75892249,92.11108274238671
2023-09-22,64.3042944789575,4738113766.085184674126178504175,0.698304771861,73682695.75892249,92.08628820849229
2023-09-23,65.0369438282494,4792363590.175829172239416989006,0.706236566853,73686789.50892249,92.08945965238664
2023-09-24,63.6297799766076,4688906850.018374692381181544924,0.691150593028,73690445.75892249,92.06355404809703
2023-09-25,64.2989288057938,4738438556.824546842476757122562,0.698429546928,73693895.75892249,92.06215442718417
2023-09-26,63.6888529418402,4693721309.287163771702939766098,0.691985003063,73697689.50892249,92.03790928983733
2023-09-27,63.4629216821263,4677302337.122548802258405090487,0.689655535683,73701339.50892249,92.02118796781038
2023-09-28,65.2849134383369,4811809987.019428452675726606881,0.709581669728,73704777.00892249,92.00479130663311
2023-09-29,65.6174295913167,4836557519.544677675185127342583,0.713555323274,73708427.00892249,91.9584332862164
2023-09-30,66.0698296729229,4870142308.134707735581032846021,0.718518197185,73712045.75892249,91.95289685323253
2023-10-01,68.2412554842434,5030447362.404919547778656894066,0.741946366886,73715633.25892249,91.97599520657624
2023-10-02,65.9694610900489,4863204896.170507960107275409761,0.717526049567,73719033.25892249,91.94016179601982
2023-10-03,65.5254378738481,4830701682.494212633424980933769,0.713683616663,73722539.50892249,91.81300557273279
2023-10-04,64.4805192558333,4753895728.230875363219080060917,0.702604253826,73726077.00892249,91.77359645164047
2023-10-05,64.9274722456336,4787077905.506030893294143339664,0.707526427569,73729620.75892249,91.76685098352979
2023-10-06,65.5254504952561,4831414792.716532886392242599689,0.714521383397,73733408.25892249,91.70537371986399
2023-10-07,65.499511236034,4829736772.85098981365140100466,0.714287459752,73736989.50892249,91.69909164970552
2023-10-08,65.3161923031321,4816465954.993527669078455821489,0.712314208711,73740764.50507609,91.69575940556896
2023-10-09,63.0785275303028,4651665426.116679412971894740052,0.688229394457,73744039.50507609,91.65334703565017
2023-10-10,63.6848525100751,4696609136.968271387581817114359,0.694909130194,73747664.50507609,91.64486368497704
2023-10-11,61.4616672847266,4532881058.734740655050527846994,0.671144777612,73751352.00507609,91.57736055611329
2023-10-12,61.0856975846209,4505375747.835186147394118304281,0.667296809155,73755002.00507609,91.54201960290189
2023-10-13,61.5007582295321,4536223018.173589969536795597489,0.6720403866,73758814.50507609,91.51348558183824
2023-10-14,61.6486906272991,4547376692.874805824510151688519,0.673773081398,73762745.75507609,91.49770498308615
2023-10-15,61.5861432463583,4542988585.566463489447381903047,0.673160181545,73766408.25507609,91.48809590164586
2023-10-16,63.3293601562637,4671803463.431250203489883604933,0.692163098534,73769945.75507609,91.49485184979544
2023-10-17,62.1530387858754,4585245000.752396341973894259186,0.679566719866,73773464.50507609,91.45980367921933
2023-10-18,60.1760033543678,4439603991.832595803806422845902,0.658272619831,73776983.25507609,91.4150179447186
2023-10-19,61.7373667970193,4555014686.472685450654531698537,0.676255640352,73780514.50507609,91.29294177107961
2023-10-20,63.414907832484,4679001326.88880141719239370756,0.694560045107,73783933.25507609,91.3022686508186
2023-10-21,64.735191853873,4776646480.33684300843852619657,0.709296903514,73787477.00507609,91.26670585076825
2023-10-22,65.1472323889301,4807288106.410950048892949191309,0.71377957723,73791133.25507609,91.2707990914369
2023-10-23,68.9282135735072,5086542580.816557581952744162848,0.754365483809,73794783.25507609,91.37243823175682
2023-10-24,69.0150914202671,5093203029.705627831912328623639,0.755542311937,73798395.75507609,91.3451044764543
2023-10-25,68.6652557607869,5067639351.546536402342322775221,0.751717439196,73802089.50507609,91.34450284168992
2023-10-26,68.8807566729822,5083776241.710570791372058215598,0.753794986797,73805464.50507609,91.37863461478824
2023-10-27,67.0015808856752,4945350387.405347752178367025968,0.733835432948,73809458.25507609,91.30327847009667
2023-10-28,67.734674653607,4999710682.90450131401392795663,0.742559937728,73813164.50507609,91.21778756453493
2023-10-29,68.8441248198955,5081834629.184425410832398348595,0.754653455789,73816533.25507609,91.22614398938659
2023-10-30,69.2385405017665,5111182707.555773055979236912985,0.758992467948,73819908.25507609,91.22427879812656
2023-10-31,68.8342165795714,5081561845.201003591738946587826,0.755188162884,73823195.75507609,91.1484315600225
2023-11-01,69.8700358490525,5158262961.831157019096766904725,0.766485943023,73826539.50507609,91.15631732721273
2023-11-02,69.345185208411,5119799803.94233486258781299299,0.76078988315,73830645.75507609,91.14893184605961
2023-11-03,69.4555193283265,5128197619.522079412507199863385,0.76247512245,73834270.75507609,91.0921776767623
2023-11-04,70.4135081402318,5199204197.437950021066649237662,0.772901320004,73838164.50507609,91.10284368497052
2023-11-05,71.6648639516497,5291862246.733032322205104525673,0.786415279397,73841795.75507609,91.12852436768547
2023-11-06,74.5185081715402,5502854781.634046547819873493818,0.817176017783,73845477.00507609,91.19027792042776
2023-11-07,73.5132267706824,5428884404.137412972188193223816,0.806294240941,73849083.25507609,91.17419304010838
2023-11-08,73.2230784683441,5407727228.103564885797451802569,0.802751643037,73852770.75507609,91.21510881164168
2023-11-09,73.2972844985717,5413453094.945678290603129820653,0.803532936549,73856120.75507609,91.21876797405177
2023-11-10,73.3042072774329,5414213160.690659553845954369361,0.803456732438,73859514.50507609,91.23603589081821
2023-11-11,75.0010015943513,5539793037.314905553742545690417,0.821805774473,73862920.75507609,91.2636585480885
2023-11-12,74.8254051561943,5527090004.683092611769156324287,0.819870014087,73866489.50507609,91.26496136039223
2023-11-13,71.5508958292674,5285484047.676227398958535956466,0.784702763095,73870270.75507609,91.18216373682513
2023-11-14,70.6592306177075,5219887210.252719475111238863675,0.775079182719,73874102.00507609,91.16388646877716
2023-11-15,74.1951082884578,5481361781.771902420901307754002,0.813410024455,73877670.75507609,91.21489292951597
2023-11-16,70.9689083837728,5243286442.164029666843385272352,0.778474872972,73881458.25507609,91.16403219648348
2023-11-17,70.186702970959,5185760920.41404771227060527031,0.770057357223,73885233.25507609,91.1447729349253
2023-11-18,69.854290389958,5161439790.27445255875906190422,0.766603019979,73888658.25507609,91.12185651430325
2023-11-19,70.6068994402843,5217309426.135375950076557732387,0.774865051495,73892345.75507609,91.12154342753954
2023-11-20,69.5246210154812,5137575021.864662842867873964508,0.763202725489,73895764.50507609,91.09587622467583
2023-11-21,66.5282379462737,4916392842.666166239577850465833,0.7314714978,73899339.50507609,90.95123753470425
2023-11-22,68.6088781226295,5070407203.128568221120998378655,0.754283644273,73903077.00507609,90.95898955724633
2023-11-23,69.5354078764475,5139140056.863113062259431390275,0.764502320717,73906808.25507609,90.95512988270941
2023-11-24,70.7380297036601,5228268254.416189805797401997009,0.777600744498,73910289.50507609,90.96960130783677
2023-11-25,71.8171895599877,5308269410.547210250064582964093,0.789277942233,73913633.25507609,90.99100040323539
2023-11-26,70.0884571807967,5180750970.661365731052395320903,0.770503510338,73917320.75507609,90.96448781920628
2023-11-27,69.2199897396709,5116787205.966085964087571058781,0.761110239501,73920658.25507609,90.9460760704691
2023-11-28,69.6843727423312,5151376019.602987833146019981008,0.766419653292,73924408.25507609,90.921954366666
2023-11-29,70.0019729965876,5175101624.927698114358448350484,0.770313786871,73927939.50507609,90.8746204334915
2023-11-30,69.418189617106,5132234411.23433514259549559554,0.764448867444,73932127.00507609,90.80815287124649
2023-12-01,71.5223840533682,5288042475.555745228909381480272,0.787366642398,73935489.50507496,90.83745767478791
2023-12-02,72.2687405197892,5343465897.54532016809118702818,0.795585741869,73938826.92728165,90.8371489288063
2023-12-03,72.2198951290783,5340086784.442798202972614003195,0.7950952359,73942045.67728165,90.83175432101505
2023-12-04,72.674350713392,5373920446.8652405913848108568,0.800019610823,73945214.42728165,90.84071156534539
2023-12-05,74.0167417933559,5473431795.66737698541797289043,0.814689376817,73948564.3795077,90.8527150342135
2023-12-06,72.4735408535115,5359564335.33272119733318628855,0.797847794656,73952014.3795077,90.83629902713359
2023-12-07,74.0231206769273,5474457290.42139030468344769021,0.816618946139,73956045.6295077,90.64585266716004
2023-12-08,78.1238225938547,5778019999.74184490168450633119,0.861103422743,73959770.6295077,90.72524917505882
2023-12-09,76.5205891230323,5659755606.61390097182295519871,0.84356207588,73963826.8795077,90.7112722477553
2023-12-10,77.1042579573017,5703219465.30861692413294137309,0.849958897779,73967633.1295077,90.7152783020218
2023-12-11,72.5646347121652,5367717279.52188022255556803604,0.800409950686,73971533.1140777,90.6593360689393
2023-12-12,72.4827468028606,5361921749.24991600134594981044,0.799772102168,73975145.6140774,90.62925126592485
2023-12-13,73.2022080324305,5415422624.3753413208855556346,0.807640964364,73978951.8640772,90.63706679375245
2023-12-14,73.0173009589265,5401993932.235229102876892679175,0.805736883017,73982383.09676695,90.62176809570965
2023-12-15,70.9311782057155,5247884579.290544718639369159795,0.784461715833,73985583.09676689,90.42019103557588
2023-12-16,72.0576391202464,5331448024.128117477399476934592,0.79686826992,73988658.09676678,90.42603632276696
2023-12-17,71.1462362583019,5264249331.966940682105872798806,0.786933321396,73991958.09676674,90.4094849257244
2023-12-18,70.7766922624205,5237126782.91775732328795980371,0.783826317502,73995076.84676662,90.29639689565526
2023-12-19,70.515410879654,5218012726.13767799402197397716,0.781098259233,73998189.34676654,90.2772603140822
2023-12-20,69.7302425979445,5160109990.33605098623220037703,0.77440234223,74001033.09676654,90.04394588625144
2023-12-21,70.8656344739332,5244356932.159196582337664865148,0.787001351113,74004233.09676639,90.04512428563557
2023-12-22,73.7023027424058,5454567987.60570758436543109506,0.817954804793,74008108.0867957,90.1055930114105
2023-12-23,72.4647277738921,5363248695.150542580573302815333,0.804359858554,74011851.83342173,90.08993549748011
2023-12-24,71.1869727927371,5268968875.564049340699204202688,0.790450776854,74015914.27275328,90.0587043206685
2023-12-25,72.3220105080979,5353284386.269801414662518786112,0.803094948385,74020126.77275328,90.05412206057989
2023-12-26,73.0492107175187,5407394903.651832149692428886336,0.811034867305,74024001.77275328,90.06913717563712
2023-12-27,75.6829942555837,5602660359.900912353009037489536,0.839733052144,74027995.52275328,90.12744474252914
2023-12-28,76.8880605152435,5692146757.69424038610827962368,0.852217210743,74031608.02275328,90.22120129234322
2023-12-29,73.2167266832967,5420617421.161109075539621138176,0.812349285715,74035233.02275328,90.12961292734322
2023-12-30,73.3104492897378,5427837066.827317019468855289984,0.813509674603,74039064.27275328,90.11625992710405
2023-12-31,72.7032010841009,5383133254.276972137367139872253,0.80692026966,74042589.23963917,90.09960936380341
2024-01-01,74.6571181969348,5528083881.665954887819813168468,0.828405792317,74046306.83819941,90.1214343131564
2024-01-02,73.0337457888484,5408167633.519988595493113459444,0.810494951803,74050256.83819941,90.11005636294215
2024-01-03,65.1573585394187,4825155737.400796575240791082967,0.724768265993,74053888.08819941,89.90095399685727
2024-01-04,66.4745886176846,4922930668.067661835138547286086,0.74111009557,74057331.83819941,89.69596962048927
2024-01-05,65.9457969128499,4884000987.720289463761672658559,0.7354773511,74060838.08759941,89.66393977220312
2024-01-06,65.5947330314642,4858229664.074026163060875356122,0.731729402812,74064325.58759941,89.64342935979731
2024-01-07,64.1240834214012,4749518602.004334641356126493292,0.715716684218,74067625.58759941,89.59422748606717
2024-01-08,67.9043444594595,5029761836.454056588299546118895,0.75777406992,74071281.83759941,89.61027719862244
2024-01-09,66.7984807196593,4948106264.89682344365250701691,0.745677610586,74075131.8231787,89.58091240953968
2024-01-10,70.2127989535095,5201292218.60153724029643564765,0.783398121318,74078975.5731787,89.62594757743676
2024-01-11,71.9504905529461,5330289795.56119037336180176807,0.802486351054,74082744.3231787,89.65945708415481
2024-01-12,72.8151845991944,5394638598.96086358316626723928,0.813318595288,74086725.5731787,89.52848861571916
2024-01-13,71.9828409861695,5333253719.19994582969685198965,0.804052535148,74090625.5731787,89.52504698330414
2024-01-14,69.8854123861439,5178103761.343120496090572060327,0.780987441653,74094200.55693593,89.48340095997938
2024-01-15,69.2385068152989,5130386882.347326963577956099477,0.774201477401,74097306.80693593,89.43215537089011
2024-01-16,69.5750203014949,5155567312.169103228360692521757,0.778077807355,74100838.05693593,89.41910390428488
2024-01-17,69.2731402986324,5133427218.241600980699313422132,0.775299465486,74104150.55693593,89.3501716207275
2024-01-18,67.9970280945189,5039105096.715868727559511474077,0.761336015841,74107725.55693593,89.31276949955777
2024-01-19,71.1660766281469,5274247411.848779272522632928117,0.796437625468,74111819.30693593,89.35549295066079
2024-01-20,71.2780969942765,5282835893.834368742206337204645,0.797737119626,74115838.05693593,89.3503577064253
2024-01-21,71.7128564190619,5315322894.113535356304209004067,0.802560769569,74119525.55693593,89.3550484128123
2024-01-22,67.1988796744646,4980970415.738869095547289253078,0.752773646201,74122819.30693593,89.2683743826516
2024-01-23,65.3621386680191,4845052718.922974347953428716263,0.732773064658,74126288.05693593,89.19833686644164
2024-01-24,66.1618519197641,4904572744.009556781622979414113,0.741946112068,74129919.30693593,89.17339257342223
2024-01-25,65.5021477751339,4855920702.882179536440379471027,0.734703926443,74133763.05693593,89.15448171381958
2024-01-26,66.976198934397,4965438776.57295574930590218421,0.75122625298,74137363.05693593,89.15582844544187
2024-01-27,68.0720405781411,5046933878.368514268685376199723,0.763380349955,74141069.30693593,89.17185329980504
2024-01-28,68.3546394893333,5068143248.160358417312191515469,0.766581025433,74144831.80693593,89.16818603842101
2024-01-29,68.4331941577915,5074211036.387564917346425798595,0.767737072909,74148388.05693593,89.13623761647223
2024-01-30,67.5487295673781,5008900029.812802548253094785133,0.758131906053,74152394.30693593,89.0989140914165
2024-01-31,66.7492706994982,4949849359.959392620180530550326,0.749828937562,74155856.80693593,89.01933141781288
2024-02-01,67.4849596530038,5004642889.132775277256898646534,0.75814485865,74159381.80693593,89.01327877257087
2024-02-02,67.9694563807609,5040799290.202293558954755949137,0.763663731658,74162713.05693593,89.00443161441169
2024-02-03,68.8207575460115,5104181418.843239982214307543195,0.773265711314,74166306.80693593,89.00014126976521
2024-02-04,66.8276442794916,4956593465.572529037010334173188,0.751139918554,74169806.80693593,88.96830354608201
2024-02-05,67.5951372071777,5013784001.127842439610865024761,0.759884427287,74173738.05693593,88.954497262842
2024-02-06,68.3318455927524,5068669285.46968663351436867376,0.768113875211,74177263.0535724,88.96056665293504
2024-02-07,68.5779178343655,5087196562.5373412390162623122,0.770905337057,74181263.0535724,88.95763790683799
2024-02-08,70.165536142503,5205223320.82184471854906335876,0.788582021986,74184900.55075292,88.97683967711437
2024-02-09,70.7390319207156,5248034645.544216650428503847284,0.794946576534,74188669.29683489,88.98589415799577
2024-02-10,70.7878612948575,5251912510.407053135797347250575,0.797047873037,74192275.54468561,88.81255905637607
2024-02-11,71.5325011735638,5307421918.87149133547547769164,0.80534656443,74195950.5371378,88.82201071310504
2024-02-12,72.9620233510994,5413747058.430678174729901171716,0.821102719451,74199519.28113714,88.85858202964273
2024-02-13,68.9721800717865,5117946162.66075002038205343183,0.776854481396,74203050.52463142,88.78391220430905
2024-02-14,69.954250663312,5191076746.89961950471977476816,0.788005403856,74206737.94197493,88.77382099285124
2024-02-15,69.8372840505686,5182629681.572303012231423445198,0.787175398453,74210069.19197493,88.71883469404233
2024-02-16,70.522978257091,5233776471.87103200709431672863,0.794814620857,74213775.44197493,88.72883865806392
2024-02-17,69.9592056978062,5192182513.465935905825996398566,0.788595463006,74217287.94197493,88.71368018163949
2024-02-18,70.8242376097508,5256629835.133072212731292544208,0.79825402299,74220775.43704276,88.7239344494203
2024-02-19,71.4360969284326,5302293427.278083003129544671034,0.805139848133,74224287.93373359,88.72507936861194
2024-02-20,69.6889581163556,5172868528.542188993630610157736,0.785701457421,74227950.42946906,88.69648574294852
2024-02-21,68.9007659241093,5114625321.145225091402646861987,0.777042829423,74231762.92087559,88.67048676746965
2024-02-22,68.7775701816451,5105731751.566775218324888248491,0.775782502005,74235419.16474041,88.6557379212477
2024-02-23,68.762510609362,5104868218.6460141251421746928,0.775730133242,74239119.1567544,88.64230956451779
2024-02-24,70.3943072592052,5226268743.15679807353937750128,0.794023102166,74242775.3981964,88.65523820047295
2024-02-25,70.092580921681,5204117446.87446134392393123027,0.790680022018,74246337.89258467,88.64847848664289
2024-02-26,72.0525332462793,5349892515.085646208492909539871,0.812747711982,74249887.88110247,88.65301271727857
2024-02-27,74.1044638320565,5502505643.152587258907549743745,0.835410326738,74253362.86924573,88.70427077602672
2024-02-28,74.8010159143647,5554500000.870080149472748741333,0.843121038638,74257012.86235339,88.7191903492294
2024-02-29,79.9762725982793,5939075003.290370000071724241909,0.900131546097,74260462.63899213,88.84953865361018
2024-03-01,84.9065639633239,6305499485.975555973520505740907,0.953787666446,74263981.38899213,89.02040459351127
2024-03-02,93.964786591168,6978539784.97851058490187950784,1.05176727324,74267606.38899213,89.33990340059422
2024-03-03,90.6942223660338,6735954002.986818231416177513994,1.014707122693,74271037.63899213,89.37970409169324
2024-03-04,88.8772168527939,6601301967.764388925001720612007,0.993676761893,74274400.13899213,89.44278487853406
2024-03-05,82.0485766926555,6094397011.730711059624293301215,0.91454157667,74277912.63899213,89.71552391462419
2024-03-06,85.6776384799324,6364282792.124274021085766532012,0.954055436496,74281725.13899213,89.80362691984054
2024-03-07,88.3946719013857,6566463958.017827108339123394541,0.983354913954,74285743.88899213,89.890913897971
2024-03-08,88.3015759295496,6559917465.461269188584828844648,0.981796917303,74289925.13899213,89.93873821901416
2024-03-09,90.9043054536652,6753608120.287403943895542454876,1.010059565373,74293600.13899213,89.99895508152095
2024-03-10,87.2573501726877,6482957176.474508688365231247801,0.969794346537,74296975.13899213,89.97510707736284
2024-03-11,103.843876329283,7715645457.39510251977612554279,1.147041991426,74300437.63899213,90.53188732888893
2024-03-12,97.4829376855732,7243359420.702620968892589338916,1.076763013591,74303868.88899213,90.53332669782928
2024-03-13,97.2225886852515,7224362053.471886976330130570695,1.073582620667,74307443.88899213,90.55901875986835
2024-03-14,94.1694859085665,6997822206.288146394989768081645,1.040180764997,74310931.38899213,90.53184703798871
2024-03-15,89.7170361722506,6667301930.009102614049407787778,0.991865524842,74314781.38899213,90.45282240910848
2024-03-16,83.8700441784233,6233085930.363681916836279508629,0.928771982718,74318381.38899213,90.30208246913547
2024-03-17,85.6967655537373,6369149665.348192480443326787449,0.948954845113,74321937.63899213,90.3064734798131
2024-03-18,87.0007682777709,6466386489.817917843876309043017,0.963326950816,74325625.13899213,90.31281456838268
2024-03-19,78.3050816607194,5820332552.762277818492326738322,0.868907985333,74328925.13899213,90.1189573378242
2024-03-20,84.8435301743584,6306631718.478078743653345399392,0.940734688813,74332500.13899213,90.18858471288249
2024-03-21,85.7018855633816,6370722521.868587729830658586808,0.949656804148,74335850.13899213,90.24511295980281
2024-03-22,83.1130168415544,6178609216.600683104373518566872,0.921431301809,74339850.13899213,90.19990603573241
2024-03-23,85.7506157444815,6374998233.811779111340144430595,0.950383912467,74343468.88899213,90.22734351835842
2024-03-24,89.8448369124964,6679727232.704706585817998253332,0.994955933501,74347368.88899213,90.30031771995668
2024-03-25,90.489957068314,6728028990.68377627585851836882,1.001084453766,74351112.63899213,90.39193119811019
2024-03-26,95.7371721783261,7118512319.618453836141034473593,1.057244610542,74354737.63899213,90.5534738353938
2024-03-27,93.5945791902891,6959531470.949704145414457324783,1.033201826272,74358275.13899213,90.58692775253522
2024-03-28,94.2798565086335,7010834578.055440146513708554355,1.040215452735,74361956.38899213,90.63493169683929
2024-03-29,109.247476942674,8124261697.27669694062564715562,1.197075619436,74365668.88899213,91.26196805691002
2024-03-30,102.551056107081,7626664371.96834345901019627253,1.123642374546,74369437.63899213,91.2666328986712
2024-03-31,105.204578544908,7824359751.35595806578406357404,1.151897970001,74372806.38899213,91.33150789806207
2024-04-01,99.5702641168195,7405661625.729777970890561130535,1.090627553739,74376237.63899213,91.29630346809287
2024-04-02,107.106046344676,7966518957.25394326565023139988,1.169140822155,74379731.38899213,91.61090290838918
2024-04-03,98.7501761629506,7345356586.043888466448730978778,1.077850473871,74383225.13899213,91.61769517834742
2024-04-04,97.6579775676103,7264442486.255051465336874606939,1.065743540604,74386575.13899213,91.63365654767523
2024-04-05,98.1205091654659,7299195729.014267981506377883367,1.070368336137,74390112.63899213,91.66985406125386
2024-04-06,101.52179237546,7552575434.4409652994329451298,1.106527810085,74393637.63899213,91.7480712641659
2024-04-07,101.151479266151,7525407709.81154737669691439163,1.102274607974,74397406.38899213,91.76613389658787
2024-04-08,103.43104540315,7695367405.4195605315230272095,1.129383704792,74400943.88899213,91.5818467756262
2024-04-09,97.4088971638272,7247674913.899625574231301479936,1.064516958393,74404650.13899213,91.50525634732595
2024-04-10,96.7779926741409,7201093788.958562442321364611117,1.057955228569,74408381.38899213,91.47645388079769
2024-04-11,98.6357320958229,7339695056.363801709663413973777,1.077730005175,74412131.38899213,91.52174628357554
2024-04-12,86.1653428202881,6412092549.558894196786425232653,0.943800175101,74416143.88899213,91.29617168281112
2024-04-13,77.7998904330816,5789859104.355831435380634047808,0.854552210371,74419887.63899213,91.04170522162141
2024-04-14,80.0116772105919,5954736068.105932988838876741747,0.880975693178,74423337.63899213,90.8216626521904
2024-04-15,78.0895078630178,5811949266.316535362405092249914,0.861456375994,74426762.63899213,90.64824411208686
2024-04-16,79.9888743960382,5953613926.574005174662812979366,0.882467066556,74430525.13899213,90.64233377933343
2024-04-17,80.2258146659679,5971531809.876803166103741932627,0.885284960753,74434043.88899213,90.62145887774932
2024-04-18,80.876963457587,6020286560.83071788018343179031,0.892477135045,74437593.88899213,90.62076806428107
2024-04-19,80.8695190092555,6020003832.332264911896911659215,0.893381824087,74440950.13899213,90.52066745582256
2024-04-20,85.0722760341129,6333183269.711452735793054631477,0.939132708811,74444737.63899213,90.58600050446506
2024-04-21,84.1767823978486,6266836248.255921752230984331518,0.929400259365,74448512.63899213,90.5710769387575
2024-04-22,85.5480079618341,6369235271.566365578039780265633,0.944045492648,74452175.13899213,90.61852275982616
2024-04-23,85.0705232870922,6334000791.563229732888796384386,0.938776361563,74455881.38899213,90.61851871243908
2024-04-24,83.0717451218615,6185486847.828449296167139449995,0.917341736843,74459575.13899213,90.55703211297248
2024-04-25,83.8417137728062,6243101352.232117810422669815206,0.925677872255,74462950.13899213,90.57331528144167
2024-04-26,87.8181919612515,6539501877.750877463933848450695,0.968816051718,74466368.88899213,90.6448564776808
2024-04-27,83.8230576993845,6242316739.770785197731601343985,0.925222681509,74470162.63899213,90.59771163702186
2024-04-28,83.9158486663348,6249552596.558639594239033145124,0.92629934923,74474043.88899213,90.59258082831548
2024-04-29,83.7060748228215,6234243787.910653103628957894795,0.924241991307,74477793.88899213,90.56727092051949
2024-04-30,79.5252979336957,5923161500.969498485846464114841,0.878813397422,74481475.13899213,90.49167680759447
2024-05-01,79.9078375781728,5951909323.069548650524278980064,0.883242184425,74484675.13899213,90.47103839383945
2024-05-02,80.1654350364315,5971362435.102105162393366784095,0.886159936897,74487993.88899213,90.46384484175714
2024-05-03,82.0172642117178,6109551115.442232828776927980914,0.906259204626,74491037.63899213,90.50088958331203
2024-05-04,81.6913277815996,6085551054.785232608110203211148,0.902744167039,74494456.38899213,90.49222444665257
2024-05-05,81.3730017339391,6062173701.123720596515138799283,0.899292825023,74498587.63899213,90.48554538601809
2024-05-06,80.7869736606971,6018806270.455570270260437213823,0.892939295923,74502187.63899213,90.47308594162656
2024-05-07,80.8453784136131,6023464764.754298804800355764903,0.893627380822,74505987.63899213,90.46877943606403
2024-05-08,81.4075641352163,6065614015.370496612530946547719,0.899913897856,74509218.88899213,90.46150340512105
2024-05-09,83.0144325513531,6185606172.098405867364526751103,0.917279828313,74512418.88899213,90.50066292641331
2024-05-10,80.2358196616529,5978862880.011205565412140891677,0.885833155763,74516131.38899213,90.57667252536162
2024-05-11,81.3970091441989,6065688853.337416864801682254657,0.898557935288,74519800.13899213,90.58626711488564
2024-05-12,81.3487179100269,6062402884.352920823600662188297,0.898029702593,74523643.88899213,90.58577647837035
2024-05-13,80.6328270799416,6009360511.631829729587763259608,0.890326145659,74527468.88899213,90.56549386209356
2024-05-14,78.7295256253891,5867835062.746358912713038087783,0.87068198134,74531568.88899213,90.4228263736692
2024-05-15,82.4726277210849,6147109689.548267377885636161837,0.911771483452,74535150.13899213,90.4531773782182
2024-05-16,82.4269934546545,6144007130.49966704372605282254,0.911236138248,74538775.13899212,90.4562385038129
2024-05-17,84.1207536823844,6270542376.552182707674914410928,0.929670144455,74542156.38899212,90.48451666875727
2024-05-18,83.8636747651705,6251669537.67478581834842495646,0.926822755959,74545618.88899212,90.48512698460372
2024-05-19,82.1994697298076,6127899068.992906548274588218036,0.90862296625,74549131.38899211,90.465982902738
2024-05-20,88.604155532883,6605701743.32650026765233255313,0.978347512444,74552956.38899211,90.56511557078716
2024-05-21,88.2230986955518,6577607124.340322956729242296298,0.973642578371,74556518.88899211,90.61138107082142
2024-05-22,85.7139423398874,6390831552.775566246239286888414,0.945615958955,74560000.13899211,90.64350228882543
2024-05-23,85.3014064050378,6360378892.211318903311218451758,0.941195768878,74563587.63899211,90.63088597043486
2024-05-24,84.9016252843051,6330916282.337343311430540732761,0.936808538357,74567668.88899211,90.62857756741613
2024-05-25,84.8903018103878,6330367972.211168674056370240258,0.936702699268,74571156.38899211,90.6267291390604
2024-05-26,83.9144000356078,6257866570.143870063201953254458,0.926081260497,74574406.38899211,90.61235078936103
2024-05-27,85.2150719884344,6355177106.916482330684392852584,0.940272478019,74578087.63899211,90.62806152528103
2024-05-28,83.4067970531758,6220616557.033875614832686642938,0.92067779809,74581650.13899211,90.59281892775961
2024-05-29,83.5685477066633,6232976856.026392338544793126563,0.922458516536,74585200.13899211,90.59328545253008
2024-05-30,84.4329944863961,6297782136.193198479743810234771,0.932692870974,74589112.63899211,90.52604250981754
2024-05-31,83.1202908153614,6200156018.717903389836951398554,0.918126049282,74592568.88899211,90.53254820551466
2024-06-01,83.3498867664339,6217566081.066710673480224936529,0.920674268196,74595975.13899211,90.53135255941545
2024-06-02,83.0622060708555,6196394900.217472612518015450105,0.917541696213,74599450.13899211,90.52690075413561
2024-06-03,82.8170319777494,6178402671.392101533261112157234,0.915019533009,74603043.88899211,90.50848532753106
2024-06-04,83.5750113646891,6235246932.153259951605242503001,0.923256989382,74606593.88899211,90.52193736505765
2024-06-05,85.3614726996888,6368839229.828914374272142655368,0.942550600845,74610231.38899211,90.5643395942477
2024-06-06,84.2272277325268,6284512483.455781595249415563548,0.929984462579,74613787.63899211,90.56842465835487
2024-06-07,80.0821314352264,5975505930.399324166054445663704,0.885120524807,74617218.88899211,90.47596252802776
2024-06-08,80.000478110871,5969699688.13511797043877422781,0.884383360124,74620800.13899211,90.45904945526573
2024-06-09,80.4243969561515,6001634443.052532047738074464665,0.88911424229,74624550.13899211,90.45451431416805
2024-06-10,79.594639438406,5940000702.26830560913326497666,0.880458082815,74628150.13899211,90.40139558254275
2024-06-11,77.3083814440148,5769662223.466526732950963923228,0.856841385601,74631781.38899211,90.2248452784405
2024-06-12,78.4376941493193,5854241434.939625560954794570723,0.869524894049,74635562.63899211,90.20753136125752
2024-06-13,79.0966659784115,5903728195.977022176476503833265,0.876876389701,74639406.38899211,90.20275480946877
2024-06-14,77.4652795187558,5782235059.989587924766653216738,0.85931435725,74642925.13899211,90.14777754518401
2024-06-15,79.1841177810379,5910822702.856310657580600710969,0.878281908293,74646568.88899211,90.15797437401113
2024-06-16,78.8587952613359,5886835199.195405597947953159749,0.874783167539,74650331.38899211,90.14667655664532
2024-06-17,76.6488105473808,5722122109.165241147230712365488,0.850680714854,74653762.63899211,90.10291312473896
2024-06-18,72.5212782267258,5414246007.841943968223427333438,0.805781904281,74657343.88899211,90.001125417971
2024-06-19,73.6918135581553,5501891145.666806093826487854683,0.819091306272,74660818.88899211,89.96776426984083
2024-06-20,74.7984071803594,5584766516.222492892841053564334,0.831590804889,74664243.88899211,89.94616912622479
2024-06-21,74.080396222613,5531402625.27331067142951058343,0.820990868561,74667562.63899211,90.23291130199554
2024-06-22,74.5607812270461,5567530435.392532984286151506271,0.826487199512,74671031.38899211,90.21407865853284
2024-06-23,73.5510848066227,5492410259.469209061062056046897,0.815609980042,74674768.88899211,90.17923591719065
2024-06-24,69.6261069479943,5199572367.066934998408638024973,0.773240997818,74678487.63899211,90.04451024256527
2024-06-25,71.2739638166271,5322899103.226270150072903712181,0.79162508494,74682237.63899211,90.03499910823214
2024-06-26,70.9665103815787,5300184401.350637101596278644057,0.788821095793,74685712.63899211,89.96527952924008
2024-06-27,73.0571679764643,5456599704.874101439308203396673,0.81203849961,74689450.13899211,89.9676160816903
2024-06-28,72.7930728273411,5437139368.204123960302055178721,0.810449166519,74693087.63899211,89.81818457534874
2024-06-29,75.0328717237026,5604691506.272183601713011386486,0.835296238886,74696481.38899211,89.82785774753496
2024-06-30,75.2827356226926,5623616597.342062356140208355386,0.83830695007,74699950.13899211,89.80330607590258
2024-07-01,74.3074147833718,5551035116.709977136456039396498,0.827655362551,74703650.13899211,89.78062385090024
2024-07-02,75.8339203280107,5665333701.763050912132724295577,0.844529850199,74707118.88899211,89.79424505852771
2024-07-03,71.9474060711001,5375248725.168155074304637920211,0.802221770388,74710806.38899211,89.68518273482186
2024-07-04,65.6869252971799,4907775642.284906562002411350589,0.733533404769,74714650.13899211,89.54864886878006
2024-07-05,61.9660581407644,4630003178.046230395217520968884,0.693749386297,74718375.13899211,89.32052318131522
2024-07-06,65.4314305654741,4889173906.950864842223738309351,0.732704438628,74722100.13899211,89.30126134897644
2024-07-07,62.1460343425829,4643905927.111355451938060120919,0.696391912379,74725700.13899211,89.24002883703929
2024-07-08,64.8689463203074,4847593931.172010428663761374614,0.72738255275,74729037.63899211,89.18133391440134
2024-07-09,65.3153953069089,4881168909.330391260300115588779,0.732505815746,74732287.63899211,89.16706721350772
2024-07-10,66.8883927873082,4998962571.600126069691747938302,0.750172776053,74735875.13899211,89.16398318163242
2024-07-11,67.4600736548483,5041928811.299269753477776946913,0.756566382719,74739450.13899211,89.166099889881
2024-07-12,69.2738221064588,5177751479.709867736176353240068,0.776773205695,74743262.63899211,89.18152891805484
2024-07-13,69.891200726166,5224162395.41310538527584455026,0.783823997857,74747068.88899211,89.16695701745645
2024-07-14,70.1046128502734,5240367140.915598645337613942874,0.786217121709,74750675.13899211,89.16698824605474
2024-07-15,72.3737288167852,5410251517.170229097340278364772,0.81194457562,74754356.38899211,89.13629204495972
2024-07-16,73.1281788083659,5466918686.775645586666437093049,0.820283502459,74758031.38899211,89.14988365503673
2024-07-17,71.5313161536318,5347797891.047277543144118045098,0.802633435108,74761631.38899211,89.12077796012416
2024-07-18,71.5792330676223,5351630317.653863348538096160053,0.803652211263,74765125.13899211,89.06742501850412
2024-07-19,73.4640160914712,5492833784.254732188597535092232,0.824509620286,74769037.63899211,89.1002533918143
2024-07-20,73.084554265932,5464729917.69689422430638979652,0.820296090597,74772706.38899211,89.09533411617515
2024-07-21,73.9500718029735,5529708604.747624925337416039085,0.829923494211,74776243.88899211,89.10468533401034
2024-07-22,71.2804212575797,5330338773.983404621451730996167,0.800254488811,74779843.88899211,89.07219172676747
2024-07-23,72.8655695337625,5449119558.865387873818116113875,0.817870472956,74783187.63899211,89.09182070164125
2024-07-24,71.0989153726164,5317263929.016745080691389656604,0.798472264097,74786850.13899211,89.04368826514323
2024-07-25,68.8024622631963,5145759813.073853653885154081193,0.773167807033,74790343.88899211,88.98774837408574
2024-07-26,71.334643409992,5335412691.79384181310238316312,0.801441053084,74794131.38899211,89.00797274545819
2024-07-27,71.4163018910569,5341772009.419801443625613661059,0.802354474098,74797656.38899211,89.00841734738563
2024-07-28,71.0905358509077,5317676505.753450559632681638247,0.798797994875,74801468.88899211,88.9968882083039
2024-07-29,73.834160930496,5523140884.02932250220920238656,0.829149448976,74804681.38899211,89.04807332584159
2024-07-30,71.6155700565071,5357425631.492813684855491058981,0.804491194759,74808112.63899211,89.01970652141301
2024-07-31,70.2649293849798,5256623017.827452477424344709378,0.789784690792,74811475.13899211,88.96719600188474
2024-08-01,69.4703514881796,5197426093.002774714273722662956,0.781363786729,74815025.13899211,88.90910055993413
2024-08-02,64.9128712664959,4856701924.619744139610512447349,0.731138076237,74818781.38899211,88.78332749483867
2024-08-03,64.5022738374267,4826205670.736918528453609003337,0.726779390079,74822256.38899211,88.7508296436631
2024-08-04,62.5589479923746,4681015519.514524478695409564406,0.705305856982,74825675.13899211,88.69761589683092
2024-08-05,56.3356475740531,4215548982.593963390230896621041,0.63872407576,74829156.38899211,88.20028821838424
2024-08-06,58.2960338707085,4362464195.947724397396241609935,0.661529086695,74832950.13899211,88.12316048256554
2024-08-07,56.1223980667665,4200023493.563465071084796712315,0.638735698555,74836850.13899211,87.86482138657846
2024-08-08,61.3611082158897,4592292192.890739502608594930267,0.697854978323,74840437.63899211,87.92816576782933
2024-08-09,60.5246100614192,4529904680.406927631903884202512,0.688573197047,74844012.63899211,87.89858554033721
2024-08-10,61.1344111460033,4575775804.980956934009891733963,0.695622833465,74847793.88899211,87.88442271436631
2024-08-11,59.6226576044942,4462845363.92007915569834473998,0.678632839525,74851500.1381569,87.8570180102488
2024-08-12,61.4722195449764,4601516065.37867301793834999716,0.699945403486,74855212.6381569,87.82430635135378
2024-08-13,63.3437063647786,4741830291.68757534875183056234,0.721039453426,74858743.8881569,87.8505414146239
2024-08-14,64.037747457863,4794026678.3833687325487327047,0.728843210457,74862512.6381569,87.86217191720834
2024-08-15,65.2522093976063,4885195979.52845159164727882847,0.74253611922,74866368.8881569,87.87748866163001
2024-08-16,66.4502462754422,4975114996.51750556915664048118,0.755987497074,74869775.1381569,87.89860484814035
2024-08-17,67.5873668841267,5060506525.52570879245047907923,0.768931390383,74873556.3881569,87.8977861086694
2024-08-18,66.428798178637,4974002831.3390238199673841453,0.75584462235,74877206.3881569,87.88684369031151
2024-08-19,66.2776648947961,4962914222.72582471409323030809,0.754211017095,74880643.8881569,87.87681881136959
2024-08-20,64.5539047066721,4834065905.90632456118672665249,0.734937106681,74884175.1381569,87.8359578252888
2024-08-21,64.3772053539329,4821089417.66275176541714727201,0.733040070637,74888143.8881569,87.82221863804817
2024-08-22,63.7835562545891,4776894448.36711551876651582979,0.726448419893,74892256.3881569,87.80190651936981
2024-08-23,66.2430117286997,4961344895.96108796576329158293,0.754240259793,74896125.1381569,87.82746726736647
2024-08-24,66.488627793358,4979976622.1043440598341818702,0.757034377493,74899675.1381569,87.82775230570398
2024-08-25,65.0341488205652,4871259361.50659362730794427988,0.740651195553,74903100.1381569,87.80671551067718
2024-08-26,63.3092954428669,4742283683.08417321319249301661,0.721348819352,74906593.8881569,87.76516124298743
2024-08-27,60.5230397476969,4533769567.79169763594983584361,0.690283270501,74909812.6381569,87.67855507170258
2024-08-28,61.8720078028765,4635021982.78546848708060332285,0.705832718527,74913068.8881569,87.6581747754581
2024-08-29,62.3429495639371,4670510913.89858510547740153099,0.711321962676,74916425.1381569,87.64378556427855
2024-08-30,65.0023141567508,4869961197.67038376194780460052,0.74184365087,74919812.6381569,87.62266022027562
2024-08-31,65.0350937296327,4872642221.14109337198799197063,0.742199918583,74923275.1381569,87.62476537830533
2024-09-01,63.5172307385479,4759180169.24943338603373836551,0.725093593428,74927387.6381569,87.59866493683894
2024-09-02,65.2825065411896,4891685546.73543605773547744824,0.745203209807,74931031.3881569,87.60363036828181
2024-09-03,64.6248878660327,4842654671.81415798919619313063,0.737789261146,74934825.1381569,87.59261115518485
2024-09-04,65.4735199471448,4906495567.79472253588568941912,0.747432195545,74938625.1381569,87.5979391005547
2024-09-05,66.0255598432001,4948110211.17718466293538689569,0.753726834608,74942343.8881569,87.59879151382322
2024-09-06,62.9290650113955,4716291154.39788339419786695395,0.718920081281,74946150.1381569,87.53276845357556
2024-09-07,62.0008696475253,4646949688.43045730148118811957,0.708538893493,74949750.1381569,87.50524525459636
2024-09-08,60.9475179814698,4568219131.62877004409912501162,0.696745794065,74953325.1381569,87.47454021341956
2024-09-09,61.4871627708766,4608898264.14344823814347133854,0.703078240525,74957081.3881569,87.45422518689118
2024-09-10,61.6131834855942,4618551968.52499617889088932998,0.704817911553,74960450.1381569,87.41716473952164
2024-09-11,62.1518551547289,4659148570.81304716058136516441,0.710994013202,74963950.1381569,87.41544091886887
2024-09-12,62.8351662114956,4710588262.68520937450997645964,0.718898101426,74967387.6381569,87.40482981782301
2024-09-13,64.9208117865502,4867164799.50128217013448732638,0.742476459844,74970793.8881569,87.4382088830002
2024-09-14,66.0120278184514,4949228690.59867438312100822466,0.754908820806,74974650.1381569,87.44370975553282
2024-09-15,63.3484425404646,4749777938.54426937668246369574,0.724773183417,74978606.3881569,87.40450666483464
2024-09-16,62.5594483897326,4690855245.60199054650294784494,0.716034533414,74982362.6381569,87.36931735883428
2024-09-17,63.6648822604111,4773971288.82530236843901530159,0.729287644591,74985943.8881569,87.29735479903228
2024-09-18,64.5987967209551,4844232283.11579098208607165519,0.739976598756,74989512.6381569,87.29843190927167
2024-09-19,65.5224269717488,4913732384.27844176475320178672,0.750421128469,74993137.6381569,87.31420863032848
2024-09-20,65.2216314234278,4891394497.69311780952712222182,0.747158610518,74996506.3881569,87.29288601547411
2024-09-21,66.9467050100232,5021027571.59836167545427424008,0.766746908497,75000368.8881569,87.31265071711097
2024-09-22,68.5281558240392,5139890948.50556053110620135048,0.784559492326,75004075.1381569,87.34602856039933
2024-09-23,67.0433603495174,5028758212.84694668784224048006,0.767969062841,75007550.1381569,87.29955878886494
2024-09-24,66.7122796859795,5004169412.00333529036964708956,0.764231281936,75011218.85743368,87.2933119369043
2024-09-25,66.5605362886619,4993029482.225270698600588501449,0.762601848594,75014862.56918571,87.28084833701723
2024-09-26,68.4011339378964,5131345337.187525635323243643784,0.783428778688,75018425.01392506,87.30995822293771
2024-09-27,71.0810056068954,5332641424.764644860024751586918,0.813421412112,75022031.26185567,87.38521576698824
2024-09-28,69.8608577699459,5241365868.529311615318973183673,0.799552420945,75025787.48444947,87.37495621284788
2024-09-29,69.3401466897658,5202531397.477618614417874583288,0.793655848013,75029137.45992236,87.36802842613214
2024-09-30,66.7530191988342,5008655506.107733471552284512712,0.764605836254,75032643.70992236,87.30383163941613
2024-10-01,63.375689914201,4755455889.27366636832952143436,0.727256953417,75035962.45992236,87.14346369110915
2024-10-02,62.9156487057733,4721178479.675585380309801760988,0.722395545076,75039812.45992236,87.09307405703095
2024-10-03,63.4023952803852,4757932885.439456141290818543636,0.72823261196,75043424.84851543,87.06338364844848
2024-10-04,64.9071236110127,4871094226.202261469824518875961,0.745383751081,75047143.59851543,87.07880137832427
2024-10-05,66.1918918826555,4967761462.12917800197852687817,0.760012382523,75050906.09792494,87.09317559132317
2024-10-06,67.1093056723531,5036865858.208985362440436976314,0.770415169294,75054656.09792494,87.10797547490054
2024-10-07,64.9655496935305,4876192745.74576967730149260067,0.746301445167,75058131.09792494,87.05001191441234
2024-10-08,65.6158904357987,4925243964.040087818489361549578,0.753749733253,75061756.09792494,87.05262176693121
2024-10-09,64.5395766695337,4844686305.107170945309456092474,0.741579038515,75065356.09791402,87.02993655102921
2024-10-10,64.2256508362811,4821353365.809376213541994351022,0.738170711197,75068968.59791402,87.00650115490807
2024-10-11,65.5084161650185,4917884656.86144998420156970937,0.752841281663,75072562.34791402,87.01490973012625
2024-10-12,66.2123291299333,4970964260.575932584487796734866,0.760882650176,75076112.34791402,87.02042176230158
2024-10-13,64.7007311618306,4857705409.877272371737704605012,0.743709923243,75079606.09791402,86.99726753637825
2024-10-14,66.9552371288279,5027215542.559418402281697577158,0.769346704444,75083231.09791402,87.02869167057244
2024-10-15,70.5841036562452,5299958726.966531340665865637704,0.810570357306,75087143.59791402,87.07955209568422
2024-10-16,69.9973218405818,5256159259.053763574302213176836,0.803769437777,75090862.34791402,87.08631922379965
2024-10-17,72.9781534827752,5480262040.634441671486720588304,0.837187812099,75094556.09791402,87.17058756481909
2024-10-18,73.3093460167417,5505398085.151497384282242148634,0.840797285587,75098174.84791402,87.19027436626536
2024-10-19,74.9643008457535,5629968442.18987991189937511407,0.859283973172,75101993.59791402,87.24042713030812
2024-10-20,74.2276797103465,5574918585.27139438551646140793,0.850789910776,75105656.09791402,87.24560407944179
2024-10-21,70.7296677665273,5312448309.392237903017659382746,0.811306233113,75109193.59791402,87.17998812253173
2024-10-22,69.9212335071861,5251981365.575366450983264939122,0.802738809586480559,75112824.84791402,87.1033425470048
2024-10-23,70.0689464488712,5263328750.099145441215903654224,0.804429867721176457,75116424.84791402,87.10385983972168
2024-10-24,70.9995326387501,5333479999.807005097024330066402,0.815016893099569625,75119931.09791402,87.11418528852036
2024-10-25,68.2163271116498,5124631332.611409981451670750196,0.783836743737261938,75123237.34791402,87.02874374885845
2024-10-26,68.3505419124865,5134959617.71026640311154141073,0.785508038307479199,75126831.09791402,87.01443980097294
2024-10-27,71.0233485142012,5336021006.432322336208666580824,0.816430984528706117,75130518.59791402,86.99247071716688
2024-10-28,70.7578609251422,5316317573.781108187169338683122,0.8133607801893395,75133949.84347351,86.99443426405526
2024-10-29,74.0374776448865,5562990502.219597609001824706615,0.850055293669825625,75137493.59347351,87.09724908041545
2024-10-30,71.916102221105,5403848724.69055351366173042855,0.825964288354104285,75141012.34347351,87.06926344771144
2024-10-31,69.2706355157097,5205308125.550502060677870800047,0.7964190738108562,75144512.34347351,86.97761994103242
2024-11-01,70.2048209367832,5275762842.271741083661813813032,0.807104739405344414,75148156.09347351,86.98353201160539
2024-11-02,69.0699775842506,5190730972.168003577607324301606,0.818236515518823514,75151768.59347351,84.41321827400363
2024-11-03,66.8507946204117,5024203213.360565773413574244067,0.792377860188501671,75155474.84347351,84.36731763871889
2024-11-04,65.4552634859339,4919552138.093823344621602260989,0.776438082187273948,75158999.84347351,84.3019746037474
2024-11-05,65.6896819615494,4937400709.80367952812907970954,0.78003513228387957,75162499.8381591,84.21374787211872
2024-11-06,71.1185942749199,5345718914.38972906568586595609,0.84355272165125688,75166262.3381591,84.30841659274722
2024-11-07,71.5230334810795,5376368534.43902363581696074845,0.848157643984883292,75169749.8381591,84.327523295132
2024-11-08,72.7789794766413,5471058789.54387034811509303083,0.863125693456505676,75173612.3381591,84.32025605122222
2024-11-09,74.0153520505823,5564293742.76344282996066504393,0.877463186829190492,75177562.3381591,84.35151828767302
2024-11-10,76.3704382626377,5741651251.076398432748253565839,0.90480989564991236,75181593.58115607,84.4049547090573
2024-11-11,79.8758057722535,6005499885.284290182824159103745,0.943773677669812026,75185468.58115607,84.63449199967917
2024-11-12,77.264277872103,5809427156.19210504696834211521,0.912978188941387903,75189043.58115607,84.62883211009904
2024-11-13,75.4866013265134,5676043713.774961155412014346338,0.89228093042135967,75192731.08115607,84.59959050213764
2024-11-14,81.9384518377653,6161490413.052272001410359330371,0.966585870228160875,75196568.58115607,84.77100106835192
2024-11-15,83.7035379311589,6294525917.880572794002432557934,0.986334478663029888,75200237.33115606,84.86323832521651
2024-11-16,95.1619695693258,7156539331.980902484649928784348,1.11687159569679471,75203774.83115606,85.2040377210561
2024-11-17,86.9283215936855,6537663904.787820898639345122275,1.020942697396090864,75207524.83115605,85.14515243156715
2024-11-18,88.8714369708686,6684140180.56705255034376064503,1.042096059052902325,75211343.58115605,85.28142506520796
2024-11-19,86.7817797407534,6527275819.35061048998746996807,1.01771024473992881,75214818.58115605,85.27159885565473
2024-11-20,83.7679235443347,6300922673.352895837836529129935,0.983217343307758376,75218799.83115605,85.19776844305967
2024-11-21,89.3856809188426,6723792580.06568207083923598773,1.047566833153014105,75222256.08115605,85.32694820988704
2024-11-22,91.7276635228231,6900292014.828598081315007644755,1.073337759680607444,75225856.08115605,85.46020364560589
2024-11-23,99.2296040725241,7464995963.559735285511444485805,1.157103732971405252,75229524.83115605,85.75687835498177
2024-11-24,97.151876727886,7309024696.6686226242006526103,1.132945962628854615,75232974.83115605,85.75155385386398
2024-11-25,92.6216469719688,6968542420.01497168626724853124,1.080509715509329263,75236649.83115605,85.7203277698516
2024-11-26,92.521438845818,6961340799.5693148709886478989,1.079000509219640643,75240299.83115605,85.74735419979713
2024-11-27,97.4656645987914,7333717415.50223966539739479797,1.133822733551857517,75244112.33115605,85.96199539364204
2024-11-28,95.8314909373934,7211089681.28003614158129564007,1.114400586155488215,75247599.83115605,85.99375496382086
2024-11-29,103.574481077571,7794134397.98040286734390595455,1.197393162822099504,75251493.58115605,86.49997702797923
2024-11-30,102.675595937251,7726853238.36662003398808901855,1.186093162837099454,75255012.33115605,86.5662151627736
2024-12-01,119.750320849695,9012256445.26984515284513990475,1.376303606374326172,75258724.83115605,87.00865150325372
2024-12-02,134.662572407886,10135026683.5721635453165166103,1.523049913110019127,75262387.33115605,88.41638822782198
2024-12-03,132.395509313773,9964840663.00346373130077727665,1.489991975301134247,75265699.83115605,88.85652507424764
2024-12-04,133.386918569487,10039923293.99589245362446544635,1.495983119433435219,75269174.83115605,89.16338482482598
2024-12-05,136.163351815693,10249405235.77142636541122189265,1.521717626632510669,75272862.33115605,89.48003849900594
2024-12-06,136.010048967973,10238365528.54998192604151518665,1.513880847858718753,75276537.33115605,89.84197743194252
2024-12-07,133.7997703876,10072504393.33822591116458498,1.488563058452294563,75280431.08115605,89.885188019321
2024-12-08,134.830417749213,10150632978.06432739234151768865,1.498760105521247397,75284443.58115605,89.96130685125283
2024-12-09,110.460240277501,8316358856.79852311122888503105,1.23334384256773494,75288256.08115605,89.561593827339
2024-12-10,109.911882789866,8275468286.7249485132595045893,1.224199373534922046,75291843.58115605,89.78266544320414
2024-12-11,117.836098878843,8872501450.11376297953057645015,1.309027904009099328,75295274.83115605,90.01801911017469
2024-12-12,119.199112783194,8975570993.3578563873400314237,1.322420841233389366,75298974.83115605,90.13704946756582
2024-12-13,123.90249848446,9330191877.314943255139759983,1.372810849106912016,75302693.58115605,90.25460322160573
2024-12-14,118.141742112026,8896869141.0755191770991876573,1.309492624082290966,75306737.33115605,90.21947885718046
2024-12-15,120.983643165553,9111361322.62511655022502754565,1.34020150069969327,75310687.33115605,90.27272622989139
2024-12-16,118.275826883325,8907875873.14700666262821786625,1.310114732017341021,75314424.83115605,90.27898396440555
2024-12-17,124.030131065948,9341675809.4688018640326291854,1.371148862263927362,75317793.58115605,90.45708637438514
2024-12-18,109.010832968073,8210822645.84276411374283079165,1.209655825573791689,75321162.33115605,90.11723059025032
2024-12-19,100.02494144353,7534359942.6687703762806928565,1.113075295758234012,75324812.33115605,89.86358948465602
2024-12-20,101.414226508673,7639403094.95852858359344142165,1.126382983049227837,75328712.33115605,90.03529708353271
2024-12-21,101.121421345067,7617723136.31468550129707470535,1.123863154898681494,75332437.33115605,89.97663185620078
2024-12-22,99.5878395189932,7502550083.61206451255458808886,1.107205970877461435,75336006.08115605,89.94517925158024
2024-12-23,106.405324219451,8016529891.36492071637597632855,1.181406203417530664,75339556.08115605,90.06667132070697
2024-12-24,108.303242675076,8159943315.5174411572566016098,1.202105346442582356,75343481.08115605,90.09463521277918
2024-12-25,109.39318196678,8242503443.478966396035096019,1.213444393980806776,75347506.08115605,90.15096407335687
2024-12-26,102.033939647264,7688402733.5575263470943395472,1.132867719966263658,75351424.83115605,90.0669494319271
2024-12-27,100.229080196715,7552776729.23066329750111237575,1.113866442625351348,75355143.58115605,89.98303240061523
2024-12-28,100.578586817927,7579439474.02948131691202450835,1.118041764978310727,75358381.08115605,89.9595971889996
2024-12-29,98.0120879297277,7386377152.802597880827452707585,1.090071737218755143,75361899.83115605,89.913429165496
2024-12-30,99.0570510433235,7465483544.573844444971764132175,1.102407067286683968,75365493.58115605,89.85523948710632
2024-12-31,102.974783431693,7761128960.81047621484214869265,1.144749178332161029,75369218.58115605,89.95401384058805
2025-01-01,104.774930088965,7897189655.56862393527404798825,1.164218411696167377,75372893.58115605,89.99593979648272
2025-01-02,105.205037311131,7929996025.02851329138501299255,1.168098627013349758,75376581.08115605,90.06520072720593
2025-01-03,112.875448443374,8508542818.9445622937493825127,1.25072127116758801,75379924.83115605,90.2482839665797
2025-01-04,111.209882513055,8383406841.12814270820986723275,1.232114991836925635,75383649.83115605,90.25933719648627
2025-01-05,115.330374798227,8694443382.10901481443065032335,1.276038028417370965,75387281.08115605,90.38161263992075
2025-01-06,113.840439430952,8582519647.3215072479923120596,1.258707122896094883,75390781.08115605,90.44235736826718
2025-01-07,103.0232414116,7767363864.77322521326188018,1.141341373891329787,75394287.33115605,90.26505458252942
2025-01-08,101.546827240187,7656409892.41528497207422818135,1.12590499222552056,75397824.83115605,90.19129317427078
2025-01-09,102.283399666234,7712331971.0035763553243698157,1.133858395719329719,75401599.83115605,90.2082659107926
2025-01-10,104.42365851721,7874077700.5205002586281206205,1.15709008201793217,75405112.33115605,90.2467838416678
2025-01-11,104.50782641554,7880786901.871630134710885017,1.157558273541923632,75408581.08115605,90.28299378463646
2025-01-12,102.166989280537,7704601653.32518613371647479885,1.132014511975455084,75411849.83115605,90.25236708515999
2025-01-13,98.4405769697373,7423946546.347339614016773805665,1.09189619937134987,75415512.33115605,90.15561829633042
2025-01-14,102.290970917488,7714719159.5132052480562020024,1.134074939371348634,75419356.08115605,90.19771742261663
2025-01-15,117.114090440623,8833131889.71930033914172221915,1.293420474621272124,75423306.08115605,90.54603103829429
2025-01-16,123.880151154962,9343926722.2715779706991538201,1.355869345549501075,75427149.83115605,91.36584698340265
2025-01-17,136.616124524307,10305011457.80381546518038510735,1.48470805902953543,75430418.58115605,92.01547987393884
2025-01-18,125.141384363883,9439930809.64883006290875694215,1.36189232538164047,75434124.83115605,91.88786957061006
2025-01-19,114.732819648355,8655167819.05267988171538079775,1.250283670391474224,75437593.58115605,91.76543081013864
2025-01-20,118.692732238087,8954331033.23433709355405047635,1.288474154641054318,75441274.83115605,92.1188304868658
2025-01-21,118.667153253479,8952847065.52103143564600439795,1.288144349142119426,75445031.08115605,92.12255857234413
2025-01-22,115.185292303461,8690567585.62241407691654608905,1.250845242742540153,75448587.33115605,92.08596584731102
2025-01-23,116.354824586329,8779224551.5599268425034239546,1.262739100370273404,75452174.6972874,92.14478632380215
2025-01-24,118.455033826534,8938159281.80691696925372351484,1.284925591182998438,75456137.17772426,92.18824392584122
2025-01-25,123.81882653466,9343432840.3206715942662697956,1.34157129597399084,75460518.41886266,92.29388472027988
2025-01-26,117.909653201305,8898004771.8137077382182493898,1.277806060019340593,75464599.63394436,92.27507748673561
2025-01-27,114.64795387283,8652275387.0465441020395074388,1.242943051613872422,75468205.88393436,92.23910437728249
2025-01-28,109.919821290786,8295861155.23261752096529680696,1.192174022392173659,75471930.88393436,92.20115455143437
2025-01-29,116.137781011361,8765533094.79159242819003826396,1.258271641099025024,75475293.38393436,92.2994504667701
2025-01-30,129.963500667715,9809506052.56941970105107756675,1.40086331303884483,75478930.63953345,92.77386270170045
2025-01-31,128.172077937039,9674732771.02264495925250072885,1.378646138919452543,75482374.37310715,92.96952591293439
2025-02-01,118.922740254323,8976993713.20344490282146200484,1.280529040462246897,75485930.56303308,92.87000645560849
2025-02-02,108.303987772011,8175827348.51243898241894112388,1.16887341936459617,75489624.31303308,92.65672910150137
2025-02-03,106.981401509231,8076370272.82527213520147836148,1.154862430287560037,75493218.06303308,92.63562369293865
2025-02-04,101.358311279944,7652232519.83598776036561254752,1.095354604820668872,75496843.06303308,92.53470139611854
2025-02-05,103.143560045406,7787384482.52670938668488003048,1.114954635799086318,75500443.06303308,92.50919879039131
2025-02-06,101.38561848162,7655037410.6709047028864319896,1.096955531546195499,75504174.31303308,92.4245473640245
2025-02-07,102.818164847993,7763565003.10071392029073060844,1.105873312634882546,75507718.06303308,92.97463251284704
2025-02-08,104.67832709955,7904401068.878512561982103114,1.125725698448646675,75511343.06303308,92.98741891013623
2025-02-09,107.229693098033,8097455561.83624526556534442141,1.152766434175485657,75515049.31039277,93.01944428554502
2025-02-10,119.53887167087,9027438036.4468107292258676099,1.278907032594975329,75518849.31039277,93.46955535017962
2025-02-11,119.673018517985,9038007702.36624056879240896845,1.277939104622208584,75522518.06039277,93.64532166293121
2025-02-12,121.818109853108,9200431435.30643918066248522916,1.297652506393177893,75525974.31039277,93.87575583828767
2025-02-13,125.761609501774,9498726332.32925249980245177398,1.33705441730640561,75529618.06039277,94.05870686634431
2025-02-14,125.159401535499,9453700190.95169962474053794223,1.328899214821836263,75533280.56039277,94.18276430562791
2025-02-15,133.330103044438,10071341735.39886169837304391326,1.411003921402598269,75536893.06039277,94.49307760385398
2025-02-16,125.585490301154,9486829888.95538075285432425658,1.329163922992718803,75540811.81039277,94.48457645343566
2025-02-17,122.520083425557,9255691556.58300609543897602289,1.296788774887658009,75544280.56039277,94.47959898956638
2025-02-18,129.169323609173,9758425844.75407822105460487921,1.364947717183216904,75547549.31039277,94.63316578581787
2025-02-19,135.389263491947,10228799229.81205377659080202319,1.427651132993628518,75551036.81039277,94.83357688936968
2025-02-20,130.021846990759,9823785119.62846034958760041243,1.369160849756178289,75554880.56039277,94.96462524028016
2025-02-21,127.708766439918,9649521053.61158750705118659286,1.344627482354223959,75558799.31039277,94.97706101939903
2025-02-22,126.104289612708,9528769483.63039982871266332116,1.327952413075001105,75562611.81039277,94.96145221100312
2025-02-23,129.733626840696,9803465751.41180647083398016792,1.36531447307261329,75566111.81039277,95.02105881052665
2025-02-24,114.590170921091,8659546192.81049670221738691207,1.209173925187072026,75569711.81039277,94.76731885643555
2025-02-25,115.013323627139,8691949270.15575232223262138503,1.212798606339251258,75573411.81039277,94.8329945515841
2025-02-26,125.918628290927,9516567036.34610296547544739779,1.324104730930504443,75577118.06039277,95.097181778392
2025-02-27,126.573028635012,9566475644.82428889222369366324,1.328531335073411365,75580680.56039277,95.272896689349
2025-02-28,128.530435452833,9714849164.52274138991553921741,1.34693884289313104,75584036.81039277,95.42410639577263
2025-03-01,124.053533823125,9376899503.64559268414845880625,1.30019618932013057,75587524.31039277,95.4113962508937
2025-03-02,127.662662709221,9650172983.45652931723856073217,1.336786665429113204,75591193.06039277,95.49965301923538
2025-03-03,110.246969299473,8334133349.03771675462038401021,1.159452583152127269,75595124.31039277,95.0853626111659
2025-03-04,103.194983182178,7801434237.58224367677914405306,1.088986263625072681,75598968.06039277,94.76242871848292
2025-03-05,104.830677027179,7925486084.94110149877495509583,1.103133795912531958,75602736.81039277,95.02988433099466
2025-03-06,103.492244524022,7824635861.76726380958152012094,1.090587636205378142,75606011.81039277,94.89585347227654
2025-03-07,103.2362977957,7805669305.612208270402217089,1.088871003826147291,75609736.81039277,94.81040218073716
2025-03-08,102.283794291079,7734021545.07114288817669709883,1.079459571078388574,75613361.81039277,94.75463188389418
2025-03-09,94.4660895438913,7143209164.764589730850157185901,0.999065187966581456,75616649.31039277,94.55448020980505
2025-03-10,87.7971551756631,6639208741.729253985754556195787,0.932007599707338411,75619861.81039277,94.20218805429533
2025-03-11,90.4845656523513,6842749308.698141968757627020101,0.960961151261900527,75623386.81039277,94.16048248519739
2025-03-12,91.4327443058137,6914793210.979335662786116446949,0.971721336545787959,75627099.06039277,94.09358513298977
2025-03-13,88.0231080103429,6657230487.380239875574646380833,0.937031011390827715,75630486.56039277,93.93830827401422
2025-03-14,91.5662791104675,6925554771.823960801388018319975,0.974316671602601867,75634336.56039277,93.9799982687918
2025-03-15,92.4800641583151,6995025501.924532282803267421827,0.984131680484590726,75638199.06039277,93.97122965574842
2025-03-16,90.2691937994254,6828114063.435486646151224314358,0.961112228351429524,75641686.56039277,93.92159535235731
2025-03-17,92.353852340147,6986121503.78350058581420953719,0.983019850085219804,75645155.31039277,93.94912252498328
2025-03-18,89.971043287979,6806223305.38802445605320951183,0.958247110369095134,75649042.81039277,93.8912753447534
2025-03-19,94.01192704926,7112248974.2507369457827378502,1.000757270344874631,75652624.06039277,93.94078847597301
2025-03-20,93.0866948120179,7042562822.690196754441365270583,0.991037883401862864,75655955.31039277,93.92849291743123
2025-03-21,91.1651088209412,6897514442.125627181861873075124,0.971230438562774239,75659586.56039277,93.86558040319169
2025-03-22,91.2175686034906,6901809630.392120372161729002962,0.97270610707805481,75663161.56039277,93.77711103048605
2025-03-23,91.3704149001526,6913723956.267358084009388936702,0.972078091878349208,75666986.56039277,93.99493277705425
2025-03-24,93.5317833146689,7077594383.134930293471236503853,0.994964774862572618,75670474.06039277,94.00512025924515
2025-03-25,94.306602479099,7136580734.62652648028390571423,1.005085729763601959,75674242.81039277,93.82941144859365
2025-03-26,92.1623613440665,6974665975.273635536320723999205,0.982635211709386813,75678030.31039277,93.7910225949886
2025-03-27,92.8776971552706,7029154115.725238844443561633562,0.990569148907037107,75681830.31039277,93.7619521643178
2025-03-28,87.3320738027841,6609760127.408081429147340510957,0.933118816444943387,75685367.81039277,93.59159012086747
2025-03-29,85.1553233359308,6445312672.428375248691701540316,0.91058346122238084,75688899.06039277,93.51731824957267
2025-03-30,85.8333971731257,6496957746.345444788810155581189,0.917869525451052583,75692655.31039277,93.51372367542771
2025-03-31,83.0473769415028,6286354685.978186026421182054756,0.890568383193359976,75696005.31039277,93.25210563136685
2025-04-01,84.5935844208521,6403696194.060771053107004079317,0.907888990228881944,75699549.06039277,93.17613202857078
2025-04-02,81.7577834490159,6189317068.412844585470948975043,0.87812299553201463,75703092.81039277,93.10516165162329
2025-04-03,83.2408872673794,6301900605.704753830754122606938,0.894311346677303856,75706792.81039277,93.07819651025336
2025-04-04,84.2116337698624,6375692187.662241815565132854848,0.904775064862423573,75710349.06039277,93.07466246615371
2025-04-05,82.5035777031022,6246664976.097148327934629451094,0.887115228691324245,75713867.81039277,93.00209830104234
2025-04-06,69.919054457898,5294112109.00078612050780859746,0.754010828805241239,75717730.31039277,92.72950969243689
2025-04-07,71.0958189109117,5383473542.231959149322265788409,0.768279065484074229,75721380.31039277,92.53905527949787
2025-04-08,69.029370257572,5227242957.824245405500981403,0.746885538233571039,75724911.56039275,92.42295736617231
2025-04-09,76.05139256151,5759272545.0931790041716330525,0.822704125104552435,75728692.81039275,92.4407575467609
2025-04-10,73.7319556923543,5583884067.254880347673880151325,0.798341813702225411,75732211.56039275,92.35637470926164
2025-04-11,76.1457755991552,5766964487.6457692694029202048,0.824701989583335996,75735842.76039275,92.33126215401313
2025-04-12,78.5594141511239,5950050179.359744379820817911725,0.85068013226668686,75739492.76039275,92.34894665025001
2025-04-13,77.6177892832009,5879026937.091960705336461153475,0.840590587420643777,75743292.76039275,92.3372096294481
2025-04-14,77.2025619072826,5847856590.19857707398431124115,0.83579075403137401,75746924.01039275,92.37068193791548
2025-04-15,75.624523600894,5728609107.1358467757966911185,0.819222448095642431,75750680.26039275,92.31256269489457
2025-04-16,74.3179289890398,5629891466.77950803263104338145,0.805509480218555555,75754149.01039275,92.26201654246877
2025-04-17,74.9560838278057,5678500437.624671891285727688675,0.812635737262862405,75757699.01039275,92.23823220016686
2025-04-18,75.9611860618623,5754900564.392551017915244418325,0.823630774069426964,75761067.76039275,92.2272314893606
2025-04-19,76.2134254844615,5774288195.049040358060887254125,0.826725435740141425,75764711.51039275,92.18710612941284
2025-04-20,77.8978414168439,5902186453.874076187636629441725,0.844798411790341574,75768292.76039275,92.20879245234217
2025-04-21,77.767191424532,5892581384.200019098045304943,0.844898662684217475,75772074.01039275,92.04321755874011
2025-04-22,83.827678701369,6352082088.78713969345286566106,0.909690282397940347,75775474.01039274,92.14969129976802
2025-04-23,83.2905820274846,6311684741.527855083151150026958,0.904029041653415514,75779092.76039273,92.13263976027925
2025-04-24,84.3409088260078,6391572746.602762009106766043294,0.915433377590095005,75782592.76039273,92.13221943910075
2025-04-25,86.446951178729,6551465855.01540030291346224017,0.938008463841361182,75785967.76039273,92.16009717514572
2025-04-26,87.0562558941783,6597954916.854716583520178643759,0.944444171364788732,75789555.26039273,92.17723877566615
2025-04-27,85.6058760100395,6488339986.66757734460630771244,0.928848722289712524,75793161.51039272,92.1634211855422
2025-04-28,85.810702217222,6504189956.82165831446246742384,0.93081819136604065,75796955.26039272,92.18846710686735
2025-04-29,85.2693370652084,6463450305.827822740408432642848,0.925411550495710476,75800405.26039272,92.14207129739476
2025-04-30,83.649767310611,6341023998.01738162674458315192,0.90779998305110858,75804442.76039272,92.14559250096568
2025-05-01,89.1529780321604,6758522800.588397033956494032288,0.966513973031137448,75808155.26039272,92.24178906856655
2025-05-02,87.8614614729385,6660925573.53136136365928740772,0.952234896657735003,75811686.51039272,92.2686847345386
2025-05-03,86.7433057118755,6576484839.77424734962492274636,0.94018938814797473,75815474.01039272,92.26152390716318
2025-05-04,85.1313955411416,6454568681.147612072166733129152,0.922969446012522279,75818899.01039272,92.23641791061692
2025-05-05,83.6175892142891,6340068967.565163386203151615352,0.906829002695381565,75822192.76039272,92.20877250920655
2025-05-06,90.1759924215294,6837623279.721232535925927025968,0.97306066994050008,75825317.76039272,92.67252824743538
2025-05-07,89.6314812113263,6796634689.252029285372650064536,0.967078291866512163,75828655.26039272,92.68275584837377
2025-05-08,94.5611081456959,7170768497.450716853740786693848,1.019114031416772746,75832111.51039272,92.78756373733466
2025-05-09,100.412551153464,7614854123.40442411250962838208,1.080110895328782152,75835680.26039272,92.96503867123639
2025-05-10,105.008610013772,7963785280.23448718196532853984,1.127619384856718478,75839355.26039272,93.12416177300373
2025-05-11,100.005261787413,7584700845.87548756986403283336,1.073825197218534054,75843017.76039272,93.1299265899615
2025-05-12,103.929763005915,7882746341.5175695337640728205,1.113932071704172018,75846861.5103927,93.29991087061163
2025-05-13,103.530631215573,7852872687.8877298185548355171,1.10894980718902615,75850717.7603927,93.35916787613965
2025-05-14,100.956818582728,7658023216.4548911433067172856,1.081472794707664892,75854442.7603927,93.35123276033758
2025-05-15,98.9765429238268,7508171155.61524982306265478436,1.060474634183431493,75858086.5103927,93.33230586890843
2025-05-16,99.6320394212457,7558248936.663410187575210973933,1.066615085934173498,75861630.26039269,93.40955395730688
2025-05-17,96.3534696127246,7309885987.276507882822366823174,1.032070142398091276,75865311.51039269,93.35941972784929
2025-05-18,100.120112591306,7596014600.36230970140691404008,1.071789802000394068,75869017.76039268,93.41394404429049
2025-05-19,98.3546012530334,7462397091.913186656641975155512,1.053037646932309127,75872374.01039268,93.40084045386061
2025-05-20,94.3871490943478,7161680296.577518596634546494104,1.011656524016082735,75875586.51039268,93.29960006549346
2025-05-21,97.3093675297124,7383763554.381508397833791465232,1.042098579074453475,75879267.76039268,93.37827484242263
2025-05-22,100.334358920655,7613658262.7100957395500128054,1.073837255931306737,75882861.51039268,93.43534913364319
2025-05-23,95.3378237314492,7234832811.100670223775657471856,1.02107442531434156,75886280.26039268,93.37010248013908
2025-05-24,95.6679543263411,7260256505.194896218655928623148,1.024863213874548241,75890161.51039268,93.34704673871889
2025-05-25,95.6157336769206,7256652628.275820812750109181208,1.024353318980740793,75893917.76039268,93.34253319163435
2025-05-26,94.898123565742,7202533204.98538619053347991114,1.016831044374175681,75897530.26039267,93.32732718064142
2025-05-27,95.8941516826062,7278496673.593922721708570976554,1.027258010604031439,75901361.51039267,93.34962657163423
2025-05-28,95.3292475428541,7235972994.287586899926468519447,1.021223322614546864,75905067.76039267,93.34809089435124
2025-05-29,93.4063706440163,7090352572.130911903183398880521,1.001040159289937915,75908661.51039267,93.30931409412358
2025-05-30,85.7125136925307,6506629147.030871229904378029969,0.920888940423007233,75912242.76039267,93.07584218913406
2025-05-31,87.2271879643017,6621935843.472868662533267054346,0.933715104312848964,75915961.50254138,93.41948905120798
2025-06-01,88.5153840508265,6720036972.502484945501248942305,0.947469224142490422,75919424.00254137,93.42296487881978
2025-06-02,89.7455633906985,6813760732.402628496669983033595,0.95890744357725467,75923092.74097027,93.5914764160115
2025-06-03,89.650884165555,6806920910.62360893701251304985,0.95802994331584289,75926980.24097027,93.57837381915623
2025-06-04,88.0529796525979,6685900078.690036616551147164433,0.941364189270075213,75930423.99097027,93.53763469680457
2025-06-05,83.6931642328533,6355135202.035256904820252571391,0.895874836368715234,75933742.74097027,93.42059943561995
2025-06-06,87.2191267189163,6623187083.863838836873599918401,0.933695181821670386,75937323.99097027,93.41284866518093
2025-06-07,88.4183676504058,6714586905.129874630977801235566,0.946414104027353682,75941086.49097027,93.42460903123892
2025-06-08,87.2623346141207,6627116098.635453096469135891589,0.934317923212430538,75944748.99097027,93.39683254077998
2025-06-09,90.5175906198408,6874664390.892151964140598734608,0.968723278185221523,75948380.24097026,93.44009033148649
2025-06-10,93.2861675610861,7085271487.509641324228983399386,0.99775585264605347,75952005.24097026,93.49598633141638
2025-06-11,91.5321460890236,6952337793.655043321690500038136,0.979313729981495851,75955148.99097026,93.4656007434442
2025-06-12,86.5576022349659,6574836935.601789447982064014134,0.927280909593708269,75959092.74097026,93.34561009445505
2025-06-13,86.4654871070486,6568143664.080936426815148974636,0.926826924233859546,75962605.24097026,93.29194571955637
2025-06-14,85.2329605835689,6474832034.870974423695599560914,0.913909914291678989,75966292.74097026,93.2618841865046
2025-06-15,86.2662189352001,6553641869.642628546366651897025,0.925005330709380913,75969967.74097025,93.26023977509736
2025-06-16,87.3073077481944,6633039474.4290826332063416166,0.936278027188663143,75973473.99097025,93.24933963296105
2025-06-17,84.4232125873529,6414226031.079328888775825151225,0.906236978680333751,75977042.74097025,93.15798689906734
2025-06-18,85.0391378556158,6461331009.252876208818063222392,0.912943626902098025,75980673.98358724,93.14829015695096
2025-06-19,85.1163027459312,6467481849.125569564442490237888,0.913903989616701228,75984055.23358724,93.13484098217984
2025-06-20,82.8265756564495,6293780709.84578304726372690438,0.889901677321196344,75987455.23358724,93.07385047950025
2025-06-21,79.744952033539,6059906542.15068659881333245139,0.857431457521003819,75991098.96764401,93.00446272883049
2025-06-22,80.1222313509843,6088864351.370033569759063479357,0.861643058770673708,75994692.71764399,92.98772912451307
2025-06-23,85.1256969503732,6469410294.805946472733555237068,0.91497344030332255,75998323.96764399,93.03624914200046
2025-06-24,84.7651777936093,6442328782.768026595288274553107,0.911380514764392106,76002067.71764399,93.00745014887946
2025-06-25,84.5915272654152,6429446087.004077631784753134648,0.907739621226618539,76005792.71764399,93.1891979674828
2025-06-26,84.3166226562639,6408864242.746518764953798688961,0.905019194677434309,76009498.96764399,93.16556284346645
2025-06-27,84.8366552159028,6448706082.904926935917396844172,0.910771729722358955,76013205.21764399,93.14809896631787
2025-06-28,86.2900331154926,6559531470.079352529300940279474,0.926175943088153015,76017255.21764399,93.16807865660526
2025-06-29,88.0146603670701,6690933250.046325882075751173699,0.944442706759833544,76020667.71764399,93.19216479422899
2025-06-30,86.1397070706187,6548708151.456146122185844930426,0.92491152144166168,76024267.71764398,93.13291603974459
2025-07-01,83.0816213882215,6316509693.24881250790252738157,0.892633490300165224,76027761.46764398,93.07473032440639
2025-07-02,87.4706816377832,6650515013.423503413341054025136,0.939223348737330285,76031361.46764398,93.1308636602537
2025-07-03,88.9863004503016,6766086054.653828919457432424368,0.955051525338336298,76035142.71764398,93.17434514203549
2025-07-04,86.8576968789191,6604557666.071714871014531022018,0.932334065395278468,76038830.21764398,93.16156097127518
2025-07-05,87.5167092186481,6654983253.636887749732262703438,0.939351526157634338,76042430.21764398,93.16715498044739
2025-07-06,87.4292370272344,6648666072.456956242142663208912,0.938452952634720587,76046255.21764398,93.16315408436355
2025-07-07,86.1051246096079,6548262886.404837258508009595442,0.924486648104366359,76049630.21764398,93.13831063559871
2025-07-08,87.7103600840591,6670628250.268121127982632079218,0.941560309736141858,76052911.46764398,93.15426656911505
2025-07-09,90.9007006766455,6913561208.83182068231256966909,0.975015485721168778,76056192.71764398,93.23000712076991
2025-07-10,94.7073851392558,7203422898.679557748824486550084,1.01481395069823758,76059780.21764398,93.32487504147224
2025-07-11,94.2387079449186,7168141767.262384172155204880028,1.009459633578573235,76063667.71764398,93.35559819349959
2025-07-12,92.7240359681865,7053285510.28580985829613824227,0.993279572605012714,76067498.96764398,93.3513972556638
2025-07-13,94.4914484015003,7188077772.091393080637304248191,1.01186560596888699,76071198.96764397,93.38339779917939
2025-07-14,95.4833917772404,7263876253.575161069318456300388,1.022010408448489538,76074761.46764397,93.42702480123799
2025-07-15,96.3340024805013,7328928245.636364703275775522161,1.030513069434540485,76078311.46764397,93.4815921678328
2025-07-16,97.5052403637084,7418390549.652778276838740098348,1.042250864837212496,76081967.71764397,93.55256364209167
2025-07-17,102.09414323665,7767857030.1220295563356555005,1.089590968401421411,76085236.46764397,93.6995131176941
2025-07-18,101.435868337343,7718155583.12469251583912977171,1.080582013203054459,76089017.71764397,93.87151284951287
2025-07-19,113.158879997584,8610557518.74190807424777216848,1.201123600566120993,76092636.46764397,94.21085385737926
2025-07-20,116.952441463211,8899651605.34418077687585098767,1.237859967015455704,76096330.21764397,94.47954096551759
2025-07-21,115.893610179169,8819497095.97572101480925246093,1.220418041315850025,76099942.71764397,94.96222298894644
2025-07-22,119.272515984628,9077071451.62215889042289689316,1.253411777117522784,76103630.21764397,95.1582856983517
2025-07-23,112.371442088548,8552289045.42295139705225737008,1.181248335680736764,76107317.71764396,95.12939717607298
2025-07-24,112.322247143984,8548953522.32090340923536793664,1.18053003225681036,76110955.21764396,95.14560754482324
2025-07-25,113.628503874883,8648759596.60412744336609190785,1.193066984726286373,76114348.96764395,95.2406741025959
2025-07-26,114.127191581446,8687176961.9684003556726541517,1.197848846466152975,76118380.21764395,95.27678881867242
2025-07-27,114.554140551335,8720074417.5937358651750716599,1.201861018095715005,76121861.46764394,95.31396627942884
2025-07-28,108.800678776344,8282474679.67238690622788695536,1.142764981506256964,76125211.46764394,95.20827163686437
2025-07-29,108.563356874081,8264808148.53420521499357271914,1.140364455503103489,76128892.71764394,95.20057938511005
2025-07-30,110.673826375059,8425855604.32476834049500849246,1.161470757881248928,76132323.96764394,95.28765629618589
2025-07-31,106.345487100426,8096682010.51184634746089031844,1.116793659792078933,76135642.71764394,95.22393520771335
2025-08-01,106.355555057658,8097832750.34920420842561429252,1.117141882246956715,76139255.21764394,95.20326535761095
2025-08-02,106.257717640178,8090745422.60057116631834222132,1.116109368376137658,76142661.46764394,95.20367864555753
2025-08-03,110.523401433368,8415962474.66260462639985898992,1.160128189900917081,76146430.21764394,95.26826638253436
2025-08-04,120.997177166278,9213984827.63548169917427905532,1.264873249808460165,76150411.46764394,95.65952729619397
2025-08-05,120.684897364884,9190664703.43749808978397140296,1.260212846277291433,76154223.96764394,95.76548733127979
2025-08-06,119.638591058023,9111446910.40520283504439433062,1.2482242301344158,76158092.71764394,95.84703466711237
2025-08-07,122.312331850597,9315510411.72329213881767243218,1.274166430761732971,76161661.46764394,95.99399960449058
2025-08-08,124.103579255306,9452417242.82988979639456374564,1.291299474099055935,76165548.96764394,96.10751165363362
2025-08-09,120.543694410951,9181695548.73607357284160478694,1.254292216096934805,76169023.96764394,96.1049529479302
2025-08-10,123.749114737783,9426318759.64094971664565898502,1.286577086906643916,76172817.71764394,96.18476498389748
2025-08-11,120.340880238589,9167151452.04324692554590000066,1.251067086356119256,76176536.46764394,96.19058925856329
2025-08-12,130.65944250903,9953664777.2038869798937747782,1.353627939392982768,76180217.71764394,96.52537355842591
2025-08-13,130.944169653167,9975784195.18998074909119935798,1.353483662036952337,76183492.71764394,96.74602902564776
2025-08-14,121.536792569069,9259502980.65666955096489929186,1.257129101266985145,76186830.21764394,96.6780519570976
2025-08-15,118.947324494107,9062609911.98402665475970426158,1.23090735829949021,76190111.46764394,96.63385606731103
2025-08-16,120.760161545589,9201139244.05635089333222958066,1.249130453520776697,76193498.96764394,96.67538022567344
2025-08-17,121.054060407061,9224005294.07797453669575986034,1.25200156206750217,76197405.21764394,96.68842601694318
2025-08-18,117.769400516186,8974162160.44650487842924965098,1.218573559666110136,76201136.46764393,96.64529447730253
2025-08-19,112.873994229051,8601536511.58751289945047981043,1.168873103016953205,76204767.71764393,96.56650832131764
2025-08-20,116.152101800849,8851788219.43921750872935369657,1.202464319193374426,76208592.71764393,96.59505063631745
2025-08-21,114.609212645508,8734642323.19941851226405796644,1.186255115933122702,76212392.71764393,96.61430421343641
2025-08-22,122.886565050474,9365959949.03478174035580972282,1.269910510952157495,76216305.21764393,96.76789347804967
2025-08-23,121.352676368913,9249460669.48532959737585514809,1.254059211009023715,76219667.71764393,96.7679000350166
2025-08-24,118.558838979085,9036943605.7813205648568574132,1.225165454164487488,76223280.21764392,96.76965554006522
2025-08-25,109.151949162077,8320290041.71048744265390362184,1.130305146264981438,76226673.96764392,96.56856780911102
2025-08-26,113.559957410248,8656735055.12653294318942289216,1.175292605565996935,76230523.96764392,96.62271069557173
2025-08-27,112.277535341375,8559394986.15701260385414319,1.162174642120489007,76234261.46764392,96.6098650513617
2025-08-28,113.69047273132,8667547643.4649602419975915744,1.176301149184726988,76238117.71764392,96.65082178157932
2025-08-29,109.920086774408,8380513402.36689803931231279936,1.137652532396430616,76241873.96764392,96.62008710415707
2025-08-30,110.76095150966,8445001169.5387909450423202672,1.146665963287729386,76245292.71764392,96.59391231260179
2025-08-31,109.059483421914,8315673030.74044285891537686288,1.129373939456069323,76248967.71764392,96.56631839268346
2025-09-01,108.226256936952,8252521192.52868630359542613184,1.121185920535180269,76252486.46764392,96.52837674352166
2025-09-02,111.589903065349,8509406507.31968003218882252808,1.155525387132714055,76256061.46764392,96.570706544358
2025-09-03,112.956967875348,8614031891.34359914856981008416,1.169210085548022071,76259411.46764392,96.60964207506282
2025-09-04,111.246879751203,8484001207.41564523629169563576,1.151684382253032133,76262823.96764392,96.5949364821389
2025-09-05,112.066565260768,8546904972.11884202592936973056,1.159931508616959402,76266323.96764392,96.61481253698351
2025-09-06,112.112013842171,8550772669.50156533545935775032,1.160358774090415398,76269905.21764392,96.6184048808987
2025-09-07,114.969605055345,8769127585.4590017002596027524,1.189313096339020547,76273442.71764392,96.66891368576358
2025-09-08,112.555617643872,8585468746.83168328339346605824,1.164682361113136971,76277567.71764392,96.64061327098469
2025-09-09,111.913436185099,8536919071.14730271503668009709,1.158115129803489345,76281448.96764391,96.63411979091286
2025-09-10,117.20391363774,8940918743.9703277811200571634,1.211447412076175853,76285155.21764391,96.74700896580907
2025-09-11,115.917861747089,8843235900.55608462742713107799,1.198135252363600186,76288811.46764391,96.74856116487189
2025-09-12,118.132076717293,9012595770.95258427754286313563,1.219803577610191673,76292536.46764391,96.84516334075228
2025-09-13,119.365468600717,9107112145.33770831323352668347,1.232002816908039126,76296036.46764391,96.88733415422608
2025-09-14,115.171856008421,8787546270.72695051102848936611,1.189581083124781073,76299423.96764391,96.81715491464321
2025-09-15,113.722760269247,8677374154.84418773235156983577,1.174896072281057593,76302880.21764391,96.79388922328641
2025-09-16,115.114009626797,8783938394.41931198148323985627,1.187449019065942664,76306423.71764391,96.94227522908447
2025-09-17,117.075771578032,8934027817.47443382910775458512,1.20703268036841191,76309792.34264391,96.9946990518086
2025-09-18,118.230816290047,9022596887.36121702391864816377,1.217985591478380922,76313411.09264391,97.07078402014544
2025-09-19,113.877247413034,8690768307.08908545590485472294,1.173956660566655683,76316986.09264391,97.00293991949134
2025-09-20,113.904281551731,8693251493.11427301952172710821,1.174269988102995246,76320673.59264391,97.00007894755159
2025-09-21,114.198245280397,8716120956.2299317119120716283,1.17727263521203592,76324473.5926439,97.00237809386353
2025-09-22,105.853652330009,8079623227.8988990777763707951,1.097173305153544767,76328242.3426439,96.47851604919902
2025-09-23,106.233666381693,8109020105.2138130413844281227,1.101318975118951948,76331923.5926439,96.46039774282363
2025-09-24,105.710960952061,8069492304.0480272289426440779,1.093096434931205714,76335436.0926439,96.70780872934961
2025-09-25,102.206345033543,7802315337.5128173635323043377,1.058091774600093056,76338854.8426439,96.59497170949277
2025-09-26,104.578708988097,7983786871.4056876858518596583,1.082667601472955194,76342373.5926439,96.59355174738674
2025-09-27,104.563511124984,7982997830.9265988710359051976,1.082673201679952233,76345923.5926439,96.57901475970391
2025-09-28,106.869928919367,8159500220.3520631895374444113,1.106094653323876909,76349823.5926439,96.61915334118723
2025-09-29,106.8209991947,8156165690.88352619461886733,1.105618870583122311,76353579.8426439,96.61647610840866
2025-09-30,106.846838706926,8158531960.0683589301665816514,1.105894164996431315,76357261.0926439,96.61579027073607
2025-10-01,114.997744519796,8781311701.7895254246485286444,1.187853546284861452,76360729.8426439,96.8113829179226
2025-10-02,119.462655040932,9122669167.3086491345236001148,1.231609977675568634,76364192.3426439,96.99714780355644
2025-10-03,120.579495693975,9208373308.2575491962543005025,1.241534132495537629,76367654.8426439,97.12136987454785
2025-10-04,120.382106681381,9193731043.0817597687264432259,1.239227269572599097,76371242.3426439,97.14288059760013
2025-10-05,118.890489611714,9080259490.64227962763777452746,1.223624343113779147,76374986.09264389,97.16257304032642
2025-10-06,118.4352982647,9045908041.167905834377057683,1.218470625308241334,76378479.84264389,97.19996182488104
2025-10-07,117.067737536537,8941893372.32735954554705480893,1.204332268120194039,76382217.34264389,97.20551432144596
2025-10-08,118.509000225872,9052429065.15034444582766072208,1.218099793564073752,76386004.84264389,97.29005854202065
2025-10-09,125.92517428766,9619388470.1575155590718013974,1.290780575163957781,76389717.34264389,97.5573824944373
2025-10-10,98.2562424308566,7506141188.367696505661461456174,1.017612884767055956,76393529.84264389,96.5556194321858
2025-10-11,93.6688881379921,7156037721.877573711957169933269,0.973214532180800576,76397167.34264389,96.24690655625209
2025-10-12,98.6168116154572,7534403778.436321680466722981936,1.025931291456441748,76400804.84264388,96.1241872986035
2025-10-13,99.7157864875651,7618748379.274187349263202616588,1.037526380891793131,76404636.09264388,96.10915763111063
2025-10-14,97.5980722528019,7457301421.902712357923213887372,1.016476869431857882,76408286.04264388,96.016028684797
2025-10-15,95.2461240176318,7277936569.727082484846558363384,0.992921454779311183,76411892.29264388,95.92513441942033
2025-10-16,91.6031292214159,6999863863.827710059656828069692,0.956501938023369161,76415117.29264388,95.76889034926124
2025-10-17,90.2354532133718,6895669693.284097171867691434584,0.943494384806555461,76418629.79264388,95.63962930407133
2025-10-18,91.6743426607864,7005959972.770760763640855947232,0.959286464707651614,76422254.79264388,95.56513724888708
2025-10-19,93.4697492469501,7143508404.381906026108137960887,0.977983016170139968,76425886.04264387,95.57400046984982
2025-10-20,94.4203421409053,7216493500.782873404023087295511,0.988109385123036129,76429436.04264387,95.55656849585371
2025-10-21,93.4305420961875,7141201013.393626183616847245625,0.978148590591141252,76433261.04264387,95.51773932396408
2025-10-22,91.8699526344598,7022262861.445761132586611231426,0.962633082613782201,76436992.29264387,95.43610571227262
2025-10-23,93.9468279547503,7181358218.888322057352412675661,0.984343838255268279,76440667.29264387,95.44106876441604
2025-10-24,96.4355439546627,7371960772.079784471519122072649,1.010055656991608968,76444436.04264387,95.47547532369677
2025-10-25,96.9508632411703,7411705511.198004814232544921061,1.012488543568791698,76448061.04264387,95.75502247110923
2025-10-26,100.042852517194,7648456006.27594687015286852884,1.044000581977146096,76451798.54264386,95.82643366704944
2025-10-27,99.2342189469181,7587005403.359709023583322887866,1.035438198702248669,76455536.04264386,95.83789652660279
2025-10-28,96.8349232182299,7403943618.498577981165345303414,1.011004944628020426,76459436.04264386,95.78086015579125
2025-10-29,98.8143567098415,7555655600.07094874646854154819,1.031221673375392633,76463136.04264386,95.82261434285273
2025-10-30,93.1395787658182,7122074345.507551703469974106252,0.97423094415218896,76466679.79264386,95.60318251528301
2025-10-31,95.6008332976069,7310644578.370603271152386978634,0.999818494851945446,76470511.04264386,95.61818849106568
2025-11-01,101.12848947064,7733705644.8750310245374462704,1.053132290134227893,76474054.79264386,96.02638758493539
2025-11-02,99.1577044797374,7583340636.668863536954194522364,1.03299576440952233,76477573.54264386,95.99042696599788
2025-11-03,87.2586518227013,6673632640.451103366545944059018,0.912182457431499684,76481042.29264386,95.65920843117505
2025-11-04,85.4254901824194,6533762085.195221497686367354884,0.894508656937202815,76484923.54264386,95.49990323728811
2025-11-05,89.6414672143571,6856523306.092367528477984162406,0.938283661380013642,76488298.54264386,95.53770453864001
2025-11-06,86.7326686883493,6634363840.175696238978401180298,0.908846836399655396,76492098.54264386,95.4315570178313
2025-11-07,102.068972666806,7807806742.98554767293810171116,1.065773164059559355,76495398.54264386,95.76988435139658
2025-11-08,104.042604275301,7959104312.05953882756233730186,1.085098619631323036,76498511.04264386,95.88308600986967
2025-11-09,109.655738941872,8388899629.08446859162573770592,1.140478153496878502,76502148.54264386,96.14891666767218
2025-11-10,104.734960801278,8012823956.10274619854563085308,1.089318435324695379,76505723.54064386,96.14723978306623
2025-11-11,99.8947158311164,7642882128.259354414555078605304,1.040082663294996619,76509373.54064386,96.04497734309746
2025-11-12,97.6416549420624,7470866176.513909345869892296864,1.017449004100324578,76513104.79064386,95.96712419842768
2025-11-13,96.9650404742562,7419457497.611554443211952596932,1.010772574142051792,76516829.79064386,95.93161009197402
2025-11-14,97.5975628270024,7468228803.508458638938289765264,1.017220909969753244,76520648.54064386,95.94529749678901
2025-11-15,102.085115669438,7811993144.1081788357192876563,1.062722107381819212,76524311.04064385,96.06002826170665
2025-11-16,96.0121103876046,7347600241.81018291948034322171,1.001241238422205958,76527848.54064385,95.89308420706296
2025-11-17,90.9825395667271,6963036349.124641606816596243335,0.95054516787578748,76531567.29064385,95.71616651321112
2025-11-18,95.6814347028103,7323001787.696004946140991411655,0.998728732603750224,76535242.29064385,95.8032262207603
2025-11-19,92.7697637829808,7100507713.85656035860970418808,0.969252234235502378,76539029.79064385,95.71271595381252
2025-11-20,87.704723752469,6713138141.67640698735203716565,0.917666444622440798,76542492.29064385,95.57364145373508
2025-11-21,82.3818328136436,6306030547.51603375708740843186,0.86440040799235503,76546373.54064385,95.30517576337401
2025-11-22,82.2446659425953,6295833684.143870437963626983905,0.86324935800539305,76550054.79064385,95.27335894303843
2025-11-23,83.0664866565048,6359036395.021650452931916050432,0.871940959718291467,76553573.54064384,95.26618256738632
2025-11-24,85.7711316590189,6566390050.501192230165998728576,0.900280674289942179,76557111.04064384,95.27154598388687
2025-11-25,85.503841525406,6546229559.90151704013495739904,0.897895573287253647,76560648.54064384,95.22693291868107
2025-11-26,86.9102962675256,6654226956.061337414711507682304,0.914902369180393191,76564311.04064384,94.99406624707223
2025-11-27,86.6790206754705,6636840212.07162092186601492672,0.913107059811130108,76568011.04064384,94.92755503763102
2025-11-28,84.4850998584983,6469178158.178605683682877545472,0.890549710243040048,76571823.54064384,94.86848278850314
2025-11-29,84.0671977459892,6437464985.254618865455045686528,0.886424764008494313,76575229.79064384,94.83850311878652
2025-11-30,82.9110781966304,6349222981.093746442925734516736,0.87448211106122043,76578704.79064384,94.81163439239981
2025-12-01,77.7203373358705,5951998190.51831555024439686272,0.821430016185112795,76582248.54064384,94.61589643000809
2025-12-02,82.8592718096941,6345842980.171232864600442449344,0.875996602476751146,76585792.29064384,94.58857668559642
2025-12-03,86.0044024103761,6587030825.513487246090581993514,0.902513022254688627,76589461.01483274,95.29436173177533
2025-12-04,83.6916243303946,6410191401.965200457187898203496,0.87432096717762067,76592985.89616676,95.72185441298289
2025-12-05,80.3629481369864,6155542518.60344470099529479164,0.840801357658977279,76596773.28052635,95.57899425940391
2025-12-06,81.5585708481932,6247432262.050966363604029793304,0.853402497935517221,76600560.76361922,95.56870415248743
2025-12-07,81.1853906777012,6219133643.967609182929273590076,0.84985406371617127,76604098.25034923,95.5286256121439
2025-12-08,83.8816860715633,6425988662.166760613377872051259,0.876371342412995003,76607767.00034923,95.71477524653423
2025-12-09,86.1655662443328,6601237045.737188165957108343744,0.906593008413342223,76611079.50034923,95.04327238871382
2025-12-10,84.7107768648697,6490072604.648985439952449232769,0.91982127930438224,76614485.72242377,92.09482186466973
2025-12-11,82.9609924396908,6356310874.842971765138425370316,0.904081261242882867,76618066.97242377,91.76276071206301
2025-12-12,81.9782070317073,6281273574.533278658884497202521,0.894432115254922168,76621260.72242377,91.65391719900695
2025-12-13,81.469918247079,6242587023.22141330125535266783,0.889155529868837802,76624441.97242377,91.6261728238893
2025-12-14,78.8032586685688,6038541875.420690693270653000376,0.860963359298057559,76628073.22242377,91.52916650578138
2025-12-15,77.6105383455731,5947371570.803370086010106712587,0.848615149241833986,76630979.47242377,91.45551834057119
2025-12-16,79.0474891126786,6057741443.692703634479979010322,0.864332844420497877,76634204.47242377,91.45491765464138
2025-12-17,75.8797837847103,5815243908.648365439600158283831,0.830713000210451542,76637591.97242377,91.34295931986982
2025-12-18,74.1810161290672,5685297852.658412153523533207344,0.813573641531167861,76640873.22242377,91.17922747528605
2025-12-19,77.5460935144384,5943450892.748960078057138360768,0.85026294714610204,76644104.47242377,91.2024848015793
2025-12-20,77.9529480990892,5974897963.651706238327853430284,0.854728732539685185,76647491.97242377,91.20197453461626
2025-12-21,76.7002965865195,5879171075.502560449493423368515,0.841215471913426421,76651216.97242377,91.17794328254236
2025-12-22,76.9765389648664,5900621543.315743517519682234328,0.847074107072675454,76654804.47242377,90.87344108637961
2025-12-23,76.8613558424042,5892067463.315490944198168027834,0.846273433014296989,76658385.72242377,90.82331176182117
2025-12-24,75.7482516332945,5807002863.531877229784520210265,0.834478649459269439,76661873.22242377,90.77314522352167
2025-12-25,75.7143418709416,5804669697.469835067375484121832,0.834636655372261171,76665391.97242377,90.71533269428694
2025-12-26,76.7788349517702,5886562118.849658869205096057654,0.846492052684603835,76669073.22242377,90.70236951223615
2025-12-27,80.0059884598819,6134266508.534969747737750952763,0.881588438059925868,76672591.97242377,90.75208453952466
2025-12-28,78.4644302645912,6016368920.458016241460072212824,0.865144608369248128,76676385.72242377,90.69516183253168
2025-12-29,78.2545365035001,6000556252.712424249084035437377,0.864229042936228571,76679979.47242377,90.54837620086148
2025-12-30,78.6631380887861,6032182309.007774432388699085597,0.869693994536461702,76683723.22242377,90.44921384183269
2025-12-31,76.7422309061316,5885157225.586279332704106588132,0.849317658209284616,76687335.72242377,90.35751248588917
2026-01-01,79.8001348352409,6119932048.764928217755809836193,0.882702875150612726,76690748.22242377,90.4042992061455
2026-01-02,81.8672064565685,6278774041.788859327060682033245,0.905152970850983161,76694616.97242377,90.44571370030495
2026-01-03,82.1473969538379,6300555794.757896955802716686883,0.908075199313397318,76698179.47242377,90.46320945220195
2026-01-04,82.1367336286869,6300021822.217296896603270447613,0.908660704502241974,76701635.72242377,90.3931833100242
2026-01-05,83.7202658956061,6421801044.074626145474060196997,0.92583180757625503,76705454.47242377,90.42707888247895
2026-01-06,83.9135640405491,6436912323.329342763040288692107,0.928019872733187934,76708841.97242377,90.42216282869927
2026-01-07,81.6358990144138,6262481512.644332867727601736026,0.903453119732248518,76712348.22242377,90.35986176970398
2026-01-08,81.3176050196156,6238372423.307278803347625702812,0.901571739743571887,76716135.72242377,90.1953792858949
2026-01-09,81.4232979260001,6246782040.860695735517673262377,0.902512929030094802,76719835.72242377,90.21842824290995
2026-01-10,81.1010092913885,6222353142.204619234368658704645,0.898371598078294052,76723498.22242377,90.27557133915587
2026-01-11,78.8117521533476,6047014288.622002912305491312452,0.874233324605560772,76727316.97242377,90.14956297725908
2026-01-12,75.979761783849,5829999642.26212106757386969073,0.844852591170182231,76730954.47242377,89.93256643577492
2026-01-13,78.1106194935828,5993796279.380763065470077183156,0.868244375116102082,76734716.97242377,89.96386470472417
2026-01-14,76.6542929416812,5882306577.286500575160722642124,0.852733225124441509,76738123.22242377,89.8924665806177
2026-01-15,72.144545765801,5536471963.47897807519624548977,0.804335886736842964,76741379.47242377,89.69455044271169
2026-01-16,75.4445660716254,5789971398.745678399111711495758,0.840776448006145686,76744710.72242377,89.73201645994955
2026-01-17,74.7872624297373,5739770346.915467369236305375621,0.83361310086261937,76747966.97242377,89.71459583870232
2026-01-18,72.9724363978354,5600758704.041675112451358211384,0.814110299124172856,76751702.15651196,89.63458204169608
2026-01-19,70.70555932732,5427027327.1631091297378342288,0.789848530603799164,76755312.86075484,89.51787157629981
2026-01-20,67.0589707663825,5147380286.4159166714114000773,0.750422396763481188,76759011.17462964,89.36163293580135
2026-01-21,68.6063674280205,5266413221.370577861389891689655,0.76859414088345388,76762746.94030291,89.26215251805264
2026-01-22,68.0628389511564,5224940613.379356167878110785124,0.763167727563599568,76766421.94030291,89.18463988047019
2026-01-23,67.9691918498102,5217982329.909229885638111007682,0.762526902067658761,76769815.67530291,89.13677886708753
2026-01-24,68.0972854007923,5228052650.232057089066049767075,0.764106346212941939,76773290.14603025,89.12016728861833
2026-01-25,67.0761494491036,5149869612.987882013695948004664,0.752959931412007634,76776464.58963074,89.0832920196926
2026-01-26,69.7768069577719,5357430659.176706690090057002232,0.783118884794197136,76779533.09641928,89.10116753998236
2026-01-27,70.0800480568557,5380926237.325978569584275657896,0.786538617919952655,76782570.59641928,89.0993098879067
2026-01-28,69.4216877511173,5330611674.411093489187199261544,0.779950217133998696,76785970.59641928,89.00784463682042
2026-01-29,65.9903741958423,5067401368.784468150632093559544,0.74248391960894812,76790008.09641928,88.87784967868146
2026-01-30,65.240095685376,5010051290.52811931532306044928,0.735711762138083538,76794051.84641928,88.67616238155411
2026-01-31,59.3567050795672,4558494510.043287880145684135616,0.671172044237860098,76798307.85641928,88.43739185676135
2026-02-01,58.5077849325467,4493520111.808666996972768380376,0.662490065511334179,76802089.10641928,88.3149619570344
2026-02-02,59.9609620897854,4605335109.410388070841515372512,0.68240368115072745,76805557.29766928,87.86728991360964
2026-02-03,59.3340717889649,4557405986.556985196968793728272,0.675917959708846492,76809257.29766928,87.78294900541364
2026-02-04,58.7899529212861,4515854394.130316571827080061008,0.672819306338639595,76813369.79766928,87.37851659045033
2026-02-05,51.2610649818667,3937718671.428441570702075095799,0.589596718607752321,76816950.11255397,86.9425886611315
2026-02-06,55.1108682480743,4233633768.854311602039820592739,0.633993811168537353,76820306.11089573,86.92650823593598
2026-02-07,55.1968095896341,4240450041.637736250498698952393,0.639274859951990822,76824187.36089573,86.34284413089442
2026-02-08,54.5018157791415,4187252210.280851698627415415795,0.631533815079853931,76827756.11089573,86.30070865207756
2026-02-09,54.4885003833208,4186421290.262070124558439940184,0.631808404209045526,76831281.11089573,86.24212660091852
2026-02-10,53.2913972968388,4094639463.639927486612043829476,0.618449268155895998,76834905.28184777,86.1693918011159
2026-02-11,52.1851974848945,4009845292.719221943883998510265,0.606243784192363303,76838749.03184777,86.07955882700801
2026-02-12,53.0596194553278,4077232412.962685403455846952372,0.616809083559596377,76842473.70819174,86.02275950464526
2026-02-13,55.0837078084337,4232966670.367393004366348677638,0.640443266512277264,76846073.70819174,86.00872347118003
2026-02-14,56.0550605948147,4307826046.73712033717385427478,0.651637687872978064,76849904.3801874,86.0218210794176
2026-02-15,54.8940452595688,4218782593.41333253654298719312,0.638412630562449877,76853191.8801874,85.9852118076148
2026-02-16,55.0447708438966,4230573441.61723047769325422284,0.640539370010563819,76856954.3801874,85.93503135176343
2026-02-17,53.9235839145477,4144611687.99745810616734190178,0.627981646109184905,76860835.0395514,85.86808905745023
2026-02-18,53.2101265602061,4089960995.42061433907683554354,0.620055389365732656,76864335.0395514,85.81511825038054
2026-02-19,52.6697309884103,4048603237.31533869293094808942,0.614189407111453989,76867740.9460514,85.75486711195032
2026-02-20,55.1967539311228,4243053320.27061264579122851192,0.643167645745073793,76871428.4460514,85.82016570062451
2026-02-21,54.9517719462578,4224413192.90372838943616645092,0.64036189431749794,76874922.1960514,85.81361950780312
2026-02-22,53.3850183041889,4104175627.42552906293269420946,0.622422618612355028,76878790.3010514,85.76972736499653
2026-02-23,51.3632102330111,3948935043.79104343429444287054,0.599647746522412406,76882559.0510514,85.65563788221684
2026-02-24,51.2041223020752,3936880271.543612475235434188256,0.598821508627778478,76886002.42609878,85.50815487474945
2026-02-25,56.6271336924603,4354042397.097427961454204028434,0.661911128513641182,76889683.67609878,85.55096183322938
2026-02-26,55.6357286110153,4278015935.647869269677226970049,0.650548415279512219,76893320.93695033,85.52127298182882
2026-02-27,54.4826832964695,4189546844.197042885574460859935,0.637921985293942227,76896852.18695033,85.40649883914085
2026-02-28,54.3932479781263,4182864685.519234515791394566679,0.637052424487744093,76900439.68695033,85.38268733827375
2026-03-01,53.2426497385651,4094567504.996979864519087249267,0.623981698689516242,76903901.76113217,85.32726176165919
2026-03-02,54.5943945601309,4198717813.351279751633277401053,0.639884171241170628,76907489.26113217,85.31918277371238
2026-03-03,54.8665230067807,4219842676.759397064780368905119,0.643096932664667342,76911064.26113217,85.31610122822646
2026-03-04,56.7779524820327,4367046861.021931470495313599169,0.665178024344320197,76914483.00119447,85.35752896827869
2026-03-05,55.5463624170996,4272533919.666798802208517334212,0.652368543612121525,76918338.73088197,85.14567871335895
2026-03-06,53.8911050319477,4145412321.239883405946947912969,0.639207100404606839,76922013.73088197,84.30930288139099
2026-03-07,53.5495788652612,4119330530.611617722473461420564,0.635605398327810437,76925544.84838197,84.24972318696899
2026-03-08,52.699188589405,4054100830.5967895063912034494,0.625863616131241052,76929093.95974748,84.2023521277105
2026-03-09,53.7499585293665,4135138180.19437350824537937142,0.638450603190118105,76932862.70974748,84.18812396886531
2026-03-10,53.8167893164765,4140479122.43929569083124335422,0.63935372337714107,76936568.95974748,84.1737325501288
2026-03-11,54.8007389228356,4216360619.80683849448711306444,0.650930905538971093,76939849.7663299,84.18825785735365
2026-03-12,54.5835198501751,4199849776.01340377386259936549,0.648452817322447358,76943549.7663299,84.17500609459624
2026-03-13,55.3061803912406,4255625983.3391438663271726385,0.657284529203323383,76946662.2578975,84.14343854749741
2026-03-14,54.9064770141371,4225052363.44841047861424774725,0.657027661777241408,76949981.0078975,83.56798382828606
2026-03-15,56.1189620438685,4318544883.12157427072111647875,0.671387558774701777,76953399.0978975,83.58653852074194
2026-03-16,58.6987564022068,4517275741.085603644768240203,0.700565882456529756,76956924.0978975,83.78763207306069
2026-03-17,58.1991158108922,4479023178.7618081992458691495,0.695055007954963869,76960330.3478975,83.73310766025475
2026-03-18,55.9775054272596,4308246729.596208618373046691,0.669433061135311813,76963892.8478975,83.61927230233545
2026-03-19,55.4892366817382,4270882340.1693347310897654345,0.663897307708372586,76967761.5978975,83.58105393328802
2026-03-20,56.1460717593682,4321637834.091683448669908735452,0.673253623004471803,76971330.29383486,83.39512754318334
2026-03-21,55.3265381791412,4258749121.338303028857211422232,0.663680384217754475,76974798.37883486,83.3632264788897
2026-03-22,53.5510309545762,4122263892.376153840827641086332,0.642875068335799475,76978235.87883486,83.29928098347773
2026-03-23,55.5777618658198,4278468363.004528642142074718228,0.667060059857788064,76981659.91883486,83.3174780059063
2026-03-24,56.382792522793,4340634070.32826629370155296398,0.676636906510775187,76985084.91883486,83.32798873408056
2026-03-25,56.5946585978778,4357156828.079831906014044660108,0.679398410085438496,76988834.91883486,83.30113488308086
2026-03-26,54.5191866155717,4197571716.056334056738580789462,0.654972320507810898,76992559.43883486,83.23891698705997
2026-03-27,53.5818890672185,4125600678.31393811143673603691,0.644162555642181773,76996178.18883486,83.18069499367498
2026-03-28,53.8310536141064,4144997990.067876276334868069104,0.647287991175941495,77000127.46883486,83.16399245459569
2026-03-29,53.2347799372507,4099276466.454582055587881719402,0.640392379904570409,77003727.09883486,83.1283781752425
2026-03-30,53.2245209387841,4098668114.014056224633745093726,0.640532884052668007,77007139.59883486,83.09412719301963
2026-03-31,53.8929032724456,4150333013.800794085016902733616,0.650113494691437798,77010752.09883486,82.89768434667657
2026-04-01,53.87609312748,4149228365.1223771535614479528,0.650193462961743931,77014277.09883486,82.86163456960188
2026-04-02,52.2339953565686,4022950455.365898259508057661396,0.630893729426003428,77017858.34883486,82.79365116545361
2026-04-03,53.1969890924678,4097312271.692224547038487067508,0.642574960732895657,77021507.07383486,82.78721136564893
2026-04-04,53.5695183069215,4126196879.05591700778136098349,0.647062906443168135,77025088.32383486,82.7887331718443
2026-04-05,54.0267519946531,4161620645.895655907196007387066,0.652576779739905676,77028888.32383486,82.78987802199501
2026-04-06,53.4815168860581,4119807305.617156193811435765366,0.646242436903168436,77032357.07383486,82.75766776063895
2026-04-07,55.4391637381147,4270798989.590278650099300538442,0.669676302898900651,77035775.82383486,82.78501642977234
2026-04-08,53.9772838978217,4158363777.907214381311569524462,0.652395435283818599,77039144.57383486,82.73706555647401
2026-04-09,54.5448908437545,4202284598.11920092981955788187,0.659262949905136881,77042680.49883486,82.73616900753046
2026-04-10,54.9809875468196,4236092272.095062935832498611256,0.66457655903992777,77046492.99883486,82.73085590958428
2026-04-11,55.0770827910808,4243706399.263655538917092036688,0.665758512350417692,77050311.74873486,82.72831930700322
2026-04-12,53.4678240576881,4119903659.642380041294331477166,0.6466149403700186,77053886.74873486,82.68881635659655
2026-04-13,54.6237509511886,4209165551.102974299685163254596,0.660588467445323381,77057424.24873486,82.6895315966287
2026-04-14,54.323225658558,4186202391.18315267435933193188,0.665338329675642662,77061005.49873486,81.64752162263215
2026-04-15,55.1108329644352,4247089026.374562781654318451072,0.674909970005464716,77064504.34373486,81.65656963696797
2026-04-16,56.3483800243076,4342656139.943635277145069482936,0.689860476652616179,77067985.59373486,81.6808353737334
2026-04-17,56.4600818492767,4351459881.145290631093081075762,0.69117395995378095,77071441.24873486,81.68722365213556
2026-04-18,55.759151031292,4297644093.15167699208427123912,0.682804835731709747,77075134.99873486,81.66191584091402
2026-04-19,54.059904598269,4166858878.13353375505405095734,0.662428065895984956,77078546.64373486,81.60871705390204
2026-04-20,55.0149696607432,4240676085.112756159109971347952,0.674059834719840802,77082221.64373486,81.61733844237887
2026-04-21,55.4404093759328,4273672281.029270493427588377408,0.679349624780819289,77085871.64373486,81.60806652954246
2026-04-22,55.6629981217046,4291023113.752433540286123642356,0.682111104780587894,77089327.89373486,81.60400517098972
2026-04-23,56.1948537397033,4332218413.086852565589011622189,0.688662634245879286,77092796.31109733,81.59997500262163
2026-04-24,56.5054393905318,4356356213.692232476022820260094,0.692457680378566417,77096227.56109733,81.60128913530181
2026-04-25,56.0436339875238,4320929646.972756568593207491454,0.68714999533150702,77099383.81109733,81.55953484433373
2026-04-26,56.2824147719519,4339540356.185810946503569978427,0.690079933518191988,77102952.56109733,81.55926877196782
2026-04-27,55.4952831456312,4279067655.883093566175067484696,0.680781567975908611,77106871.31109733,81.51701772806379
2026-04-28,55.6138444959917,4288429225.353569729923913572161,0.682628630498427239,77110821.31109733,81.470131798288
2026-04-29,55.2738930501597,4262432240.189791071546438743601,0.678937214696551038,77114746.31109733,81.41237783653413
2026-04-30,55.1442152755307,4252659592.031026975402538603031,0.67763284606602225,77118870.41609733,81.37771891617834
2026-05-01,55.3772141009408,4270841054.421631854335817368064,0.680640056568640702,77122714.16609733,81.36049820534794
2026-05-02,55.3402559619467,4268212103.455726770939728472311,0.680242302816415011,77126714.16609733,81.35374076681325
2026-05-03,55.3597911939543,4269900441.025800494390396372019,0.680540893242087999,77129995.41609733,81.34675189057484
2026-05-04,54.9605762514052,4239296890.807010343972612468116,0.675847385720920334,77133414.16609733,81.32098667923269
2026-05-05,56.3463379857891,4346363972.059265530915172453103,0.692748550401473364,77136582.91609733,81.33735964244792
2026-05-06,56.6406324028729,4369247857.807846383269273019357,0.696738154387988114,77139814.16609733,81.29400126310837
2026-05-07,56.4429837511086,4354207586.805915973225471000038,0.694491447973420579,77143469.34609733,81.27239567285322
2026-05-08,58.2388078744739,4492966083.641418963455726944687,0.716176607611987743,77147287.99609733,81.31905909167408
2026-05-09,58.0217201704144,4476454431.889872543079728833552,0.713580245699391721,77151356.74609733,81.31071525606257
2026-05-10,60.3156948090244,4653667641.186231756719364744852,0.74123493438720002,77155169.24609733,81.37189979974312
2026-05-11,58.4926392511836,4513228462.894183071000383299788,0.719413384675768872,77158912.99609733,81.30602028977476
2026-05-12,57.9761736890235,4473587980.445443015078308657255,0.713257159044823175,77162525.49609733,81.28368983588443
2026-05-13,56.9586166154434,4395267891.276859199352133506122,0.701115092864328734,77165987.38609733,81.24003775577735
2026-05-14,58.2584850260113,4495771963.614948007031668479829,0.716839861451320106,77169393.63609733,81.27126874342713
2026-05-15,57.4579633307945,4434186878.418330908941663228685,0.707406435346675709,77172712.38609733,81.22341055978141
2026-05-16,56.145308376741,4333095578.27703241736583420153,0.691700840045106468,77176449.88609733,81.16992943521613
2026-05-17,54.7676497419554,4226979841.219496680072788919082,0.675150200009571086,77180230.68609733,81.11920834975537
2026-05-18,54.3367719760237,4193925981.508513962857809586721,0.670210382952882542,77183936.93609733,81.0742020089589
2026-05-19,54.3558612123178,4195596403.915690689587055691474,0.670824104592542744,77187561.93609733,81.02848547061895
2026-05-20,53.8733027606805,4158547214.637937122905770033065,0.66526853987222202,77191243.18609733,80.97978415006358
2026-05-21,54.1383764327596,4179199079.792315757369190091868,0.668825028246136719,77194761.92609733,80.94550016276594
2026-05-22,52.899768579625,4083771118.76626420085422990125,0.654057418558678268,77198279.47109733,80.87939541485247
2026-05-23,53.4395554309887,4125643434.024308186263033830171,0.660779622093530056,77202053.81109733,80.87349192409661
2026-05-24,52.7259243093285,4070752640.577214595213940442905,0.652228261714111523,77205903.81109733,80.83968052957452
2026-05-25,52.590934640982,4060520954.67209483986350877806,0.651034048579719256,77209522.56109733,80.7806208534149
2026-05-26,51.8953997426374,4007016239.765348930319332298142,0.643015562409616901,77213322.56109733,80.70628889317416
2026-05-27,51.8611570155858,4004541766.193136822267310765914,0.642833279434771734,77216591.31109733,80.67590567368588
2026-05-28,51.6448745499546,3988023219.619524587409427681218,0.640373114761617996,77220116.31109733,80.64809930251313
2026-05-29,51.8169017918535,4001484656.136272019561339601155,0.642867886604881327,77223541.31109733,80.60272238128009
2026-05-30,52.3542679919554,4043167834.740399930143186419082,0.649505663391089125,77227091.31109733,80.6063302336921
2026-05-31,51.9691645236704,4013611904.564992990370983240032,0.644875506279079698,77230641.31109733,80.58790265353937
2026-06-01,50.7398015548165,3918838343.78277900149612124178,0.630329669916753839,77234010.06109732,80.49724449987828
2026-06-02,46.7510981207089,3610951852.406311376880100290148,0.582893487618688606,77237797.56109732,80.20521607078248
2026-06-03,47.1801823852808,3644244942.305880826459864327456,0.588681538679686452,77241010.06109732,80.14551040805188
2026-06-04,45.5202392971233,3516204229.952456731030292339556,0.568682390353228695,77244853.81109732,80.04510086702189
2026-06-05,43.1093449678697,3330136440.545482332238074779204,0.540553670030075511,77248597.56109732,79.75035108996885
2026-06-06,41.2147903673481,3183932808.895108764982240417092,0.51821929196880779,77252189.82109732,79.53156319357727
2026-06-07,42.8648431194723,3311556507.036453117658220344236,0.538907655759109199,77255771.07109732,79.54023785223941
2026-06-08,43.159498082446,3334473789.36596764066054964472,0.543030489886733219,77259327.32109732,79.47895907548089
2026-06-09,42.9685017579608,3319862829.062008164233101545056,0.540995116488288376,77262708.57109732,79.42493462210578
2026-06-10,41.6687020051444,3219582880.445775855604293053008,0.525197736700100025,77266214.82109732,79.33907382570878
2026-06-11,42.5342765974153,3286612220.321640094037496756996,0.536878292502971211,77269733.57109732,79.22517485130003
2026-06-12,43.0174856332923,3324103665.845416716025941306636,0.543181273723401387,77273313.79109732,79.19545042194818
2026-06-13,44.2936988369648,3422878131.828014628232370214336,0.559124625057438764,77276863.79109732,79.21972464084286
2026-06-14,45.2992812089584,3500749744.352152418062550231488,0.571696488838449686,77280470.04109732,79.23659160649332
2026-06-15,45.7406271293735,3535008680.35991812540029412902,0.577239312832593374,77283782.54109732,79.24031872485938
2026-06-16,45.6706067909419,3529746814.988356646340762365708,0.576484716787418256,77287057.54109732,79.2225803408127
2026-06-17,44.8455635692882,3466138267.101079120625503327624,0.56650059609129736,77290549.86109732,79.16242962268812
2026-06-18,43.7713540755603,3383260300.126769717357001828396,0.553401083951393812,77293937.36109732,79.09517228087833
2026-06-19,43.9135675845585,3394418823.32208358614841523322,0.555307051544334693,77297723.91609732,79.07979461530847
2026-06-20,44.4831601314732,3438628021.615947708679546171824,0.562770560056032287,77301792.66609732,79.0431541533449
2026-06-21,44.4643027541916,3437326740.854368016654097526512,0.562718403057144975,77305310.73109732,79.01696925607067
2026-06-22,44.5450890335155,3443726465.05789633576019722846,0.563995669785297078,77308779.48109732,78.98126070803524
2026-06-23,42.0810467174725,3253384537.7503087196326919237,0.533717911612864348,77312348.23109732,78.84510862733843
2026-06-24,40.918581210589,3163667857.50749044568522352148,0.52072813059609526,77316166.98109732,78.57954814875875
2026-06-25,40.9523669018084,3166425565.572879966927480393488,0.52158911609406703,77319720.57109732,78.51461167073656
2026-06-26,41.8684405990303,3237391153.585541158918898928796,0.533562316582498356,77322945.57109732,78.46963568791817
2026-06-27,42.143359500537,3258799091.95742712943696926084,0.537118148146009529,77326514.32109732,78.46199136261694
2026-06-28,42.422430634357,3280528229.05135033450093262324,0.546121635522770752,77330039.32109732,77.6794543101162
2026-06-29,43.0623932600348,3330163514.476047162695437386736,0.554649723693370669,77333451.82109732,77.63889788547189
2026-06-30,41.8474732398964,3236355237.148404009869551117648,0.539907415809923819,77336933.07109732,77.50860983659639
2026-07-01,42.7601800201481,3307079349.157956565475500913092,0.551930883870333207,77340164.32109732,77.47379476266794
2026-07-02,43.4673040785561,3361930355.738325125922333179652,0.56109037752420706,77343889.32109732,77.46934508189956
2026-07-03,44.7939724626808,3464699626.932763247901804895456,0.577963547302910288,77347451.82109732,77.50311013854358
2026-07-04,44.8287661641283,3467561180.390575085775727266156,0.578429460951234223,77351251.82109732,77.50083491668431
2026-07-05,45.8145621322868,3543987541.562915017628476951376,0.591065787393999062,77355045.57109732,77.51178144531521
2026-07-06,44.8704175635832,3471116105.552783765339871117024,0.579364324293776152,77358676.25109732,77.44767097677025
2026-07-07,43.947174716435,3399857041.5760297092723384542,0.567767882711723227,77362357.50109732,77.40341793646085
2026-07-08,43.5672257085544,3370615775.886163429512510914208,0.562993394345130147,77365857.50109732,77.38496782760919
2026-07-09,43.7545369462281,3385259864.355981046076335018692,0.566018543918001507,77369345.00109732,77.30230293049686
2026-07-10,44.7747278698263,3464349758.490677809695867795516,0.579082743956474817,77372882.50109732,77.32008652841444
2026-07-11,44.7770243215823,3464717743.935930961083308689436,0.579161659586728308,77377132.50109732,77.31351614941808
2026-07-12,44.0015235523248,3404864014.691656466726829049536,0.569359596287049462,77380593.66609732,77.28248340639351
2026-07-13,43.4175659525596,3359833060.823638048828496700272,0.562084697675124533,77384187.41609732,77.24381420120821
2026-07-14,45.3854355391214,3512278437.288515165202969694648,0.588040204466587173,77387787.41609732,77.18083762706438
2026-07-15,45.1170614053398,3491663518.847491164127424469336,0.584966624193868799,77391199.91609732,77.12758222319907
2026-07-16,44.898572278639,3474926120.20246182862348114748,0.58287578587695632,77395024.91609732,77.02940037402237
2026-07-17,45.1251193766405,3492625291.27867051232680765346,0.585978285484177856,77398693.66609732,77.00817674387858
2026-07-18,46.9957547746977,3637598010.432956547709441780164,0.609744716117798972,77402693.66609732,77.07447646929408
2026-07-19,47.1027739020471,3646047910.833936817381690823772,0.611565548124835828,77406224.91609732,77.01999245456554
2026-07-20,47.3445233744576,3664934224.185550795080363813632,0.614582038985774858,77409887.41609732,77.03531891785961
2026-07-21,46.7747177393701,3620987883.926528027321432098132,0.607404734743663844,77413356.16609732,77.00749609584442
2026-07-22,47.0033279989854,3638844888.921747777416087659128,0.610386317454945727,77416749.91609732,77.00586768551679
2026-07-23,47.0267370516688,3640827025.786710455649689207616,0.610696136262743125,77420362.41609732,77.00513276448213
2026-07-24,46.3019643712181,3584871710.101238469865286545492,0.601659824975266888,77423749.91609732,76.95704856664061
2026-07-25,46.4955878346619,3600039157.349147601204594696108,0.604179075513604723,77427543.66609732,76.9566337515688
2026-07-26,47.8126178108825,3702182989.3068945375699750849,0.620963505299776241,77431087.41609732,76.99746829372926
2026-07-27,46.0068939306828,3562508172.319524639569978850096,0.597981252683407189,77434224.91609732,76.93701721287994
2026-07-28,46.093684582929,3569390355.18774057224882465028,0.599193300752593863,77437731.16609732,76.92623486449997
2026-07-29,45.3171412974136,3509401619.857312795623321891552,0.591203275467809812,77440931.16609732,76.652385360272
2026-07-30,45.6445600750604,3534927546.144326427396431278128,0.59553578970745988,77444662.41609732,76.64452895011061
2026-07-31,44.2403056376698,3426320975.299088579890394824936,0.578015142810192449,77447949.91609732,76.53831597314633
2026-08-01,44.1671829187556,3420816220.395613791801182894992,0.579066021944169827,77451537.41609732,76.27313854552831
2026-08-02,44.6390125470924,3457542610.240600362140701432368,0.585558731766051917,77455624.86609732,76.23319425612634
2026-08-03,44.2250451835756,3425650157.881854512345635177392,0.580363845250354609,77459506.11609732,76.20227473766568
2026-08-04,44.9078139770102,3478701846.955310454921875832664,0.589369463926927702,77463174.86609732,76.19637040200992
2026-08-05,45.2852348203263,3508097694.191957077338989955516,0.594312299172300055,77466699.86609732,76.19770764191678
2026-08-06,45.3848404687507,3515958762.897665154099950018124,0.595645333200791056,77469893.61609732,76.19440284181921
2026-08-07,45.5357348070774,3527792822.594775926100553172568,0.597685244713132927,77473062.36609732,76.18681439748926
