date,dominance_btc,ratio_eth_btc,dominance_base100,ratio_base100,halving_number,days_since_halving
2016-07-09,82.9868,0.01680054,100.0,100.0,2,0
2016-07-10,82.9178,0.01686497,99.917,100.383,2,1
2016-07-11,83.2917,0.01624935,100.367,96.719,2,2
2016-07-12,83.4365,0.01575072,100.542,93.751,2,3
2016-07-13,83.1675,0.01586927,100.218,94.457,2,4
2016-07-14,82.7508,0.01745539,99.716,103.898,2,5
2016-07-15,82.5736,0.01798778,99.502,107.067,2,6
2016-07-16,82.5686,0.01761475,99.496,104.846,2,7
2016-07-17,83.2762,0.01652747,100.349,98.375,2,8
2016-07-18,83.2407,0.0164159,100.306,97.711,2,9
2016-07-19,83.0764,0.01730593,100.108,103.008,2,10
2016-07-20,82.5305,0.01873731,99.45,111.528,2,11
2016-07-21,82.3321,0.01911308,99.211,113.765,2,12
2016-07-22,81.0291,0.02278778,97.641,135.637,2,13
2016-07-23,81.0554,0.02197283,97.673,130.786,2,14
2016-07-24,82.069,0.01923306,98.894,114.479,2,15
2016-07-25,81.515,0.02112636,98.226,125.748,2,16
2016-07-26,82.8927,0.01827498,99.887,108.776,2,17
2016-07-27,82.3241,0.01990257,99.201,118.464,2,18
2016-07-28,82.3579,0.01964077,99.242,116.906,2,19
2016-07-29,82.1992,0.01958462,99.051,116.571,2,20
2016-07-30,82.4194,0.01910206,99.316,113.699,2,21
2016-07-31,82.2608,0.01911977,99.125,113.804,2,22
2016-08-01,82.4733,0.01814816,99.381,108.021,2,23
2016-08-02,82.8842,0.01585656,99.876,94.381,2,24
2016-08-03,82.145,0.01848353,98.986,110.017,2,25
2016-08-04,81.681,0.01929676,98.426,114.858,2,26
2016-08-05,81.6047,0.01921029,98.335,114.343,2,27
2016-08-06,81.4887,0.01860223,98.195,110.724,2,28
2016-08-07,81.9024,0.01853489,98.693,110.323,2,29
2016-08-08,81.9003,0.01911651,98.691,113.785,2,30
2016-08-09,80.956,0.02093281,97.553,124.596,2,31
2016-08-10,81.1348,0.0205004,97.768,122.022,2,32
2016-08-11,81.3145,0.01985353,97.985,118.172,2,33
2016-08-12,81.1317,0.02009231,97.765,119.593,2,34
2016-08-13,81.0894,0.01977765,97.714,117.72,2,35
2016-08-14,80.9984,0.01970746,97.604,117.303,2,36
2016-08-15,80.9043,0.01969678,97.491,117.239,2,37
2016-08-16,81.1768,0.019294,97.819,114.842,2,38
2016-08-17,81.3502,0.01882869,98.028,112.072,2,39
2016-08-18,81.343,0.0187645,98.019,111.69,2,40
2016-08-19,81.3114,0.01872316,97.981,111.444,2,41
2016-08-20,81.2273,0.01941477,97.88,115.56,2,42
2016-08-21,81.35,0.0192178,98.028,114.388,2,43
2016-08-22,81.3906,0.01895329,98.077,112.814,2,44
2016-08-23,81.2584,0.01887792,97.917,112.365,2,45
2016-08-24,81.1503,0.01903586,97.787,113.305,2,46
2016-08-25,80.9841,0.01968446,97.587,117.166,2,47
2016-08-26,81.0825,0.01948517,97.705,115.979,2,48
2016-08-27,80.9549,0.01961377,97.552,116.745,2,49
2016-08-28,80.8417,0.0191393,97.415,113.921,2,50
2016-08-29,80.7137,0.01910985,97.261,113.745,2,51
2016-08-30,80.7675,0.01954329,97.326,116.325,2,52
2016-08-31,80.4529,0.02028146,96.947,120.719,2,53
2016-09-01,80.2177,0.02117318,96.663,126.027,2,54
2016-09-02,80.1181,0.02104872,96.543,125.286,2,55
2016-09-03,80.7797,0.01981174,97.34,117.923,2,56
2016-09-04,80.8114,0.01924809,97.379,114.568,2,57
2016-09-05,80.7945,0.0193803,97.358,115.355,2,58
2016-09-06,81.1271,0.01912883,97.759,113.858,2,59
2016-09-07,81.2709,0.01881949,97.932,112.017,2,60
2016-09-08,81.5631,0.01809532,98.284,107.707,2,61
2016-09-09,81.2456,0.01871709,97.902,111.408,2,62
2016-09-10,81.0451,0.01944975,97.66,115.769,2,63
2016-09-11,81.1509,0.01917407,97.788,114.128,2,64
2016-09-12,81.0097,0.01958661,97.618,116.583,2,65
2016-09-13,80.9114,0.01960901,97.499,116.717,2,66
2016-09-14,80.8602,0.01956297,97.437,116.443,2,67
2016-09-15,78.8456,0.01972925,95.01,117.432,2,68
2016-09-16,79.7447,0.02074107,96.093,123.455,2,69
2016-09-17,79.6764,0.02109016,96.011,125.533,2,70
2016-09-18,80.1513,0.02034791,96.583,121.115,2,71
2016-09-19,79.6801,0.02139662,96.015,127.357,2,72
2016-09-20,78.8014,0.02419002,94.957,143.984,2,73
2016-09-21,79.0394,0.02306809,95.243,137.306,2,74
2016-09-22,79.2979,0.02215826,95.555,131.89,2,75
2016-09-23,78.9859,0.02219455,95.179,132.106,2,76
2016-09-24,79.0769,0.02150597,95.289,128.008,2,77
2016-09-25,78.4452,0.0217871,94.527,129.681,2,78
2016-09-26,79.0498,0.02119742,95.256,126.171,2,79
2016-09-27,78.3856,0.02164431,94.456,128.831,2,80
2016-09-28,77.301,0.0220252,93.149,131.098,2,81
2016-09-29,77.7258,0.02170099,93.66,129.168,2,82
2016-09-30,78.1114,0.0217777,94.125,129.625,2,83
2016-10-01,78.8185,0.02150997,94.977,128.031,2,84
2016-10-02,78.4839,0.02171476,94.574,129.25,2,85
2016-10-03,78.5456,0.02203843,94.648,131.177,2,86
2016-10-04,78.9216,0.02184568,95.101,130.03,2,87
2016-10-05,79.503,0.02137305,95.802,127.216,2,88
2016-10-06,79.6565,0.02104251,95.987,125.249,2,89
2016-10-07,79.9041,0.02053784,96.285,122.245,2,90
2016-10-08,80.2407,0.01976988,96.691,117.674,2,91
2016-10-09,80.0917,0.01958478,96.511,116.572,2,92
2016-10-10,80.0617,0.01904794,96.475,113.377,2,93
2016-10-11,80.4905,0.01829723,96.992,108.909,2,94
2016-10-12,80.3545,0.01857783,96.828,110.579,2,95
2016-10-13,80.2931,0.01881923,96.754,112.016,2,96
2016-10-14,80.3127,0.01861357,96.778,110.791,2,97
2016-10-15,80.4252,0.01876263,96.913,111.679,2,98
2016-10-16,80.599,0.01860563,97.123,110.744,2,99
2016-10-17,80.6122,0.01872668,97.139,111.465,2,100
2016-10-18,79.9013,0.01974597,96.282,117.532,2,101
2016-10-19,79.8507,0.01904659,96.221,113.369,2,102
2016-10-20,79.2649,0.01918946,95.515,114.219,2,103
2016-10-21,79.5414,0.01915009,95.848,113.985,2,104
2016-10-22,80.3772,0.01840137,96.855,109.528,2,105
2016-10-23,80.2536,0.01834005,96.706,109.163,2,106
2016-10-24,80.2926,0.01834761,96.753,109.208,2,107
2016-10-25,80.8705,0.01727169,97.45,102.804,2,108
2016-10-26,81.2954,0.01702545,97.962,101.339,2,109
2016-10-27,81.8172,0.01671596,98.591,99.497,2,110
2016-10-28,82.4471,0.01611893,99.35,95.943,2,111
2016-10-29,83.6158,0.01455504,100.758,86.634,2,112
2016-10-30,82.4394,0.01606746,99.34,95.637,2,113
2016-10-31,82.678,0.01570614,99.628,93.486,2,114
2016-11-01,83.4656,0.01479266,100.577,88.049,2,115
2016-11-02,83.528,0.01463339,100.652,87.101,2,116
2016-11-03,82.5649,0.01575336,99.492,93.767,2,117
2016-11-04,82.6922,0.01581187,99.645,94.115,2,118
2016-11-05,82.6569,0.01576432,99.602,93.832,2,119
2016-11-06,83.0203,0.01535684,100.04,91.407,2,120
2016-11-07,82.6592,0.01545734,99.605,92.005,2,121
2016-11-08,82.8375,0.01525465,99.82,90.799,2,122
2016-11-09,83.2413,0.01477123,100.307,87.921,2,123
2016-11-10,83.208,0.0147467,100.267,87.775,2,124
2016-11-11,83.2686,0.01437754,100.34,85.578,2,125
2016-11-12,83.2672,0.01404908,100.338,83.623,2,126
2016-11-13,83.0872,0.01437933,100.121,85.588,2,127
2016-11-14,83.2654,0.01419588,100.336,84.497,2,128
2016-11-15,83.3992,0.01437744,100.497,85.577,2,129
2016-11-16,84.2956,0.01350661,101.577,80.394,2,130
2016-11-17,84.2457,0.01351623,101.517,80.451,2,131
2016-11-18,84.6036,0.01269806,101.948,75.581,2,132
2016-11-19,84.6835,0.01291308,102.045,76.861,2,133
2016-11-20,84.417,0.01312919,101.723,78.147,2,134
2016-11-21,84.609,0.01294973,101.955,77.079,2,135
2016-11-22,84.6883,0.01317358,102.05,78.412,2,136
2016-11-23,84.7608,0.01320779,102.138,78.615,2,137
2016-11-24,85.1634,0.01250603,102.623,74.438,2,138
2016-11-25,85.0697,0.01272685,102.51,75.753,2,139
2016-11-26,84.9853,0.01267545,102.408,75.447,2,140
2016-11-27,85.0985,0.01224974,102.545,72.913,2,141
2016-11-28,85.372,0.01189139,102.874,70.78,2,142
2016-11-29,85.7294,0.01116432,103.305,66.452,2,143
2016-11-30,85.5622,0.01159683,103.103,69.027,2,144
2016-12-01,85.9167,0.01122021,103.531,66.785,2,145
2016-12-02,86.7295,0.00993295,104.51,59.123,2,146
2016-12-03,86.4996,0.01030397,104.233,61.331,2,147
2016-12-04,86.894,0.00975298,104.708,58.052,2,148
2016-12-05,87.2414,0.00894617,105.127,53.249,2,149
2016-12-06,85.8931,0.0102448,103.502,60.979,2,150
2016-12-07,85.2872,0.01092225,102.772,65.011,2,151
2016-12-08,85.7373,0.01076554,103.314,64.079,2,152
2016-12-09,85.5887,0.01100194,103.135,65.486,2,153
2016-12-10,86.1321,0.01047341,103.79,62.34,2,154
2016-12-11,85.8143,0.01068104,103.407,63.576,2,155
2016-12-12,85.907,0.01094553,103.519,65.15,2,156
2016-12-13,85.9893,0.01079693,103.618,64.265,2,157
2016-12-14,86.1452,0.01060525,103.806,63.124,2,158
2016-12-15,85.8804,0.01006542,103.487,59.911,2,159
2016-12-16,85.8021,0.01004501,103.392,59.79,2,160
2016-12-17,86.203,0.00987434,103.876,58.774,2,161
2016-12-18,85.976,0.01000134,103.602,59.53,2,162
2016-12-19,86.214,0.0096294,103.889,57.316,2,163
2016-12-20,86.3535,0.00953464,104.057,56.752,2,164
2016-12-21,86.7281,0.00952333,104.508,56.685,2,165
2016-12-22,87.2763,0.00883387,105.169,52.581,2,166
2016-12-23,88.2192,0.00782795,106.305,46.593,2,167
2016-12-24,87.6402,0.00812727,105.607,48.375,2,168
2016-12-25,87.7703,0.00803719,105.764,47.839,2,169
2016-12-26,87.8455,0.0080163,105.855,47.715,2,170
2016-12-27,88.1696,0.00772583,106.245,45.986,2,171
2016-12-28,88.2973,0.00777951,106.399,46.305,2,172
2016-12-29,87.8406,0.00852893,105.849,50.766,2,173
2016-12-30,87.7938,0.00855086,105.792,50.896,2,174
2016-12-31,87.8512,0.00838656,105.862,49.918,2,175
2017-01-01,88.2246,0.00820034,106.312,48.81,2,176
2017-01-02,88.1934,0.00823777,106.274,49.033,2,177
2017-01-03,87.684,0.00939123,105.66,55.898,2,178
2017-01-04,87.8111,0.00975643,105.813,58.072,2,179
2017-01-05,87.2113,0.0102197,105.091,60.83,2,180
2017-01-06,86.263,0.01134593,103.948,67.533,2,181
2017-01-07,86.4926,0.01098534,104.225,65.387,2,182
2017-01-08,86.4053,0.01143975,104.119,68.092,2,183
2017-01-09,86.2585,0.01147175,103.942,68.282,2,184
2017-01-10,85.852,0.01172463,103.453,69.787,2,185
2017-01-11,85.0656,0.01265032,102.505,75.297,2,186
2017-01-12,85.2495,0.01210773,102.727,72.068,2,187
2017-01-13,85.4226,0.01186944,102.935,70.649,2,188
2017-01-14,85.2094,0.01192479,102.678,70.979,2,189
2017-01-15,85.3032,0.01197188,102.791,71.259,2,190
2017-01-16,85.5744,0.01157101,103.118,68.873,2,191
2017-01-17,86.0949,0.01130611,103.745,67.296,2,192
2017-01-18,85.8366,0.01162172,103.434,69.175,2,193
2017-01-19,86.0392,0.01156488,103.678,68.836,2,194
2017-01-20,85.9534,0.01189805,103.575,70.819,2,195
2017-01-21,86.1271,0.0118578,103.784,70.58,2,196
2017-01-22,86.2034,0.01160377,103.876,69.068,2,197
2017-01-23,86.1516,0.01174913,103.814,69.933,2,198
2017-01-24,86.1012,0.01187955,103.753,70.709,2,199
2017-01-25,86.2375,0.01173771,103.917,69.865,2,200
2017-01-26,86.3863,0.01159184,104.096,68.997,2,201
2017-01-27,86.421,0.01144448,104.138,68.12,2,202
2017-01-28,86.4248,0.01144794,104.143,68.14,2,203
2017-01-29,86.3417,0.01146202,104.043,68.224,2,204
2017-01-30,86.1531,0.01149537,103.815,68.423,2,205
2017-01-31,86.7494,0.01105431,104.534,65.797,2,206
2017-02-01,86.8269,0.01085818,104.627,64.63,2,207
2017-02-02,86.9787,0.01074518,104.81,63.957,2,208
2017-02-03,87.0064,0.01079197,104.844,64.236,2,209
2017-02-04,87.0268,0.01102354,104.868,65.614,2,210
2017-02-05,86.9933,0.01108297,104.828,65.968,2,211
2017-02-06,87.0501,0.01107834,104.896,65.94,2,212
2017-02-07,87.3064,0.01090227,105.205,64.892,2,213
2017-02-08,87.37,0.01083347,105.282,64.483,2,214
2017-02-09,86.9649,0.01118278,104.794,66.562,2,215
2017-02-10,86.9074,0.0114116,104.724,67.924,2,216
2017-02-11,86.9463,0.01135437,104.771,67.583,2,217
2017-02-12,86.9565,0.01139201,104.784,67.807,2,218
2017-02-13,86.9586,0.0113894,104.786,67.792,2,219
2017-02-14,86.2757,0.0129361,103.963,76.998,2,220
2017-02-15,86.2316,0.0128358,103.91,76.401,2,221
2017-02-16,86.6694,0.01242804,104.438,73.974,2,222
2017-02-17,86.9873,0.0120663,104.821,71.821,2,223
2017-02-18,87.1593,0.01216051,105.028,72.382,2,224
2017-02-19,86.9389,0.01214732,104.762,72.303,2,225
2017-02-20,87.3935,0.01166757,105.31,69.448,2,226
2017-02-21,87.7907,0.01135021,105.789,67.559,2,227
2017-02-22,87.7491,0.01127276,105.739,67.098,2,228
2017-02-23,87.9838,0.01114784,106.021,66.354,2,229
2017-02-24,88.1265,0.01111573,106.193,66.163,2,230
2017-02-25,87.668,0.01184906,105.641,70.528,2,231
2017-02-26,87.5256,0.0124049,105.469,73.836,2,232
2017-02-27,87.3795,0.01311126,105.293,78.041,2,233
2017-02-28,87.1795,0.01317179,105.052,78.401,2,234
2017-03-01,86.7902,0.01405474,104.583,83.656,2,235
2017-03-02,86.0555,0.01520634,103.698,90.511,2,236
2017-03-03,85.8524,0.01524373,103.453,90.734,2,237
2017-03-04,86.1664,0.01472427,103.831,87.642,2,238
2017-03-05,85.9841,0.01512302,103.612,90.015,2,239
2017-03-06,85.7642,0.01538777,103.347,91.591,2,240
2017-03-07,85.3621,0.01526081,102.862,90.835,2,241
2017-03-08,85.7065,0.01447552,103.277,86.161,2,242
2017-03-09,85.479,0.01491307,103.003,88.765,2,243
2017-03-10,84.1467,0.01746055,101.398,103.929,2,244
2017-03-11,83.4929,0.01822383,100.61,108.472,2,245
2017-03-12,83.2197,0.01885094,100.281,112.204,2,246
2017-03-13,81.4853,0.02303122,98.191,137.086,2,247
2017-03-14,81.3179,0.02292451,97.989,136.451,2,248
2017-03-15,79.5162,0.02754788,95.818,163.97,2,249
2017-03-16,75.5894,0.03801002,91.086,226.243,2,250
2017-03-17,74.0932,0.04116087,89.283,244.997,2,251
2017-03-18,75.087,0.03349543,90.481,199.371,2,252
2017-03-19,72.6156,0.04248426,87.503,252.874,2,253
2017-03-20,73.5259,0.04030526,88.6,239.905,2,254
2017-03-21,74.752,0.03813476,90.077,226.985,2,255
2017-03-22,73.597,0.0397175,88.685,236.406,2,256
2017-03-23,71.8531,0.04195887,86.584,249.747,2,257
2017-03-24,67.1234,0.0566679,80.884,337.298,2,258
2017-03-25,69.3237,0.05178634,83.536,308.242,2,259
2017-03-26,68.853,0.05231863,82.969,311.41,2,260
2017-03-27,71.3858,0.04683082,86.021,278.746,2,261
2017-03-28,70.7135,0.04804665,85.211,285.983,2,262
2017-03-29,69.7285,0.05093346,84.024,303.166,2,263
2017-03-30,68.351,0.04994085,82.364,297.257,2,264
2017-03-31,67.9758,0.04625118,81.912,275.296,2,265
2017-04-01,67.3499,0.04652084,81.157,276.901,2,266
2017-04-02,59.1438,0.04413522,71.269,262.701,2,267
2017-04-03,67.378,0.03854771,81.191,229.443,2,268
2017-04-04,65.8218,0.03873599,79.316,230.564,2,269
2017-04-05,65.5303,0.03992383,78.965,237.634,2,270
2017-04-06,68.2418,0.03618864,82.232,215.402,2,271
2017-04-07,67.5045,0.03560482,81.344,211.927,2,272
2017-04-08,66.847,0.0376765,80.551,224.258,2,273
2017-04-09,68.0876,0.03618971,82.046,215.408,2,274
2017-04-10,68.0262,0.03630318,81.972,216.083,2,275
2017-04-11,68.6172,0.03570446,82.684,212.52,2,276
2017-04-12,67.1663,0.03811882,80.936,226.89,2,277
2017-04-13,65.692,0.04256786,79.16,253.372,2,278
2017-04-14,66.3768,0.04011619,79.985,238.779,2,279
2017-04-15,65.7818,0.0417872,79.268,248.725,2,280
2017-04-16,66.0816,0.04104753,79.629,244.323,2,281
2017-04-17,66.3518,0.04014518,79.955,238.952,2,282
2017-04-18,66.3415,0.04150232,79.942,247.03,2,283
2017-04-19,67.5089,0.03973913,81.349,236.535,2,284
2017-04-20,67.7414,0.03992881,81.629,237.664,2,285
2017-04-21,67.0736,0.03891826,80.824,231.649,2,286
2017-04-22,67.137,0.03909183,80.901,232.682,2,287
2017-04-23,66.997,0.03909659,80.732,232.71,2,288
2017-04-24,66.8801,0.03985339,80.591,237.215,2,289
2017-04-25,66.8995,0.03929706,80.615,233.904,2,290
2017-04-26,66.2825,0.04127067,79.871,245.651,2,291
2017-04-27,64.7012,0.04709447,77.966,280.315,2,292
2017-04-28,61.0611,0.05436981,73.579,323.619,2,293
2017-04-29,59.6095,0.05190952,71.83,308.975,2,294
2017-04-30,59.0457,0.05825367,71.151,346.737,2,295
2017-05-01,59.981,0.05453643,72.278,324.611,2,296
2017-05-02,60.7352,0.05305151,73.187,315.773,2,297
2017-05-03,59.3952,0.05341225,71.572,317.92,2,298
2017-05-04,55.1753,0.06198489,66.487,368.946,2,299
2017-05-05,53.2886,0.05965416,64.213,355.073,2,300
2017-05-06,51.0739,0.06071385,61.545,361.38,2,301
2017-05-07,46.9166,0.05021107,56.535,298.866,2,302
2017-05-08,43.462,0.05305171,52.372,315.774,2,303
2017-05-09,47.9714,0.05014855,57.806,298.494,2,304
2017-05-10,45.8589,0.04939659,55.26,294.018,2,305
2017-05-11,46.8049,0.04807433,56.4,286.148,2,306
2017-05-12,43.39,0.05014782,52.285,298.489,2,307
2017-05-13,43.8594,0.0496018,52.851,295.239,2,308
2017-05-14,43.6048,0.04986087,52.544,296.781,2,309
2017-05-15,39.9933,0.05230716,48.192,311.342,2,310
2017-05-16,36.2339,0.0502316,43.662,298.988,2,311
2017-05-17,34.7884,0.04800677,41.92,285.745,2,312
2017-05-18,36.3251,0.05059288,43.772,301.138,2,313
2017-05-19,37.5867,0.0633318,45.292,376.963,2,314
2017-05-20,37.0982,0.06084649,44.704,362.17,2,315
2017-05-21,36.4355,0.07223261,43.905,429.942,2,316
2017-05-22,38.2345,0.07390045,46.073,439.869,2,317
2017-05-23,38.1365,0.07490244,45.955,445.834,2,318
2017-05-24,40.4137,0.07945097,48.699,472.907,2,319
2017-05-25,42.7703,0.07789756,51.539,463.661,2,320
2017-05-26,41.8851,0.07221278,50.472,429.824,2,321
2017-05-27,43.4893,0.07617571,52.405,453.412,2,322
2017-05-28,43.0153,0.0778257,51.834,463.233,2,323
2017-05-29,42.6619,0.08486007,51.408,505.103,2,324
2017-05-30,41.8098,0.10523575,50.381,626.383,2,325
2017-05-31,40.8084,0.09963443,49.175,593.043,2,326
2017-06-01,38.0612,0.09208193,45.864,548.089,2,327
2017-06-02,40.3587,0.08932199,48.633,531.661,2,328
2017-06-03,41.5594,0.08797914,50.08,523.669,2,329
2017-06-04,39.9987,0.09721556,48.199,578.645,2,330
2017-06-05,41.2953,0.09237503,49.761,549.834,2,331
2017-06-06,42.4008,0.09208386,51.093,548.101,2,332
2017-06-07,41.4753,0.09494077,49.978,565.105,2,333
2017-06-08,41.7546,0.0921916,50.315,548.742,2,334
2017-06-09,41.4561,0.09926619,49.955,590.851,2,335
2017-06-10,41.0988,0.11828299,49.525,704.043,2,336
2017-06-11,40.8619,0.11566984,49.239,688.489,2,337
2017-06-12,38.052,0.14601518,45.853,869.11,2,338
2017-06-13,37.8846,0.14304833,45.651,851.451,2,339
2017-06-14,37.2618,0.13971815,44.901,831.629,2,340
2017-06-15,37.6182,0.1419649,45.33,845.002,2,341
2017-06-16,37.5561,0.14239846,45.256,847.583,2,342
2017-06-17,37.8827,0.13873773,45.649,825.793,2,343
2017-06-18,37.0983,0.1397546,44.704,831.846,2,344
2017-06-19,36.9357,0.13811999,44.508,822.116,2,345
2017-06-20,37.4964,0.12779362,45.184,760.652,2,346
2017-06-21,39.1666,0.12135133,47.196,722.306,2,347
2017-06-22,39.1503,0.11916188,47.177,709.274,2,348
2017-06-23,38.4035,0.12137277,46.277,722.434,2,349
2017-06-24,38.7508,0.11894865,46.695,708.005,2,350
2017-06-25,40.2638,0.11059741,48.518,658.297,2,351
2017-06-26,40.9758,0.10510925,49.376,625.63,2,352
2017-06-27,40.4874,0.1110844,48.788,661.195,2,353
2017-06-28,38.9104,0.1239961,46.887,738.048,2,354
2017-06-29,40.1937,0.11572757,48.434,688.832,2,355
2017-06-30,40.5003,0.11287378,48.803,671.846,2,356
2017-07-01,41.3185,0.10828346,49.789,644.524,2,357
2017-07-02,40.5087,0.11375458,48.813,677.089,2,358
2017-07-03,41.0801,0.10830313,49.502,644.641,2,359
2017-07-04,41.7114,0.10362742,50.263,616.81,2,360
2017-07-05,41.7993,0.10209033,50.369,607.661,2,361
2017-07-06,41.7783,0.10243411,50.343,609.707,2,362
2017-07-07,43.1868,0.09622696,52.041,572.761,2,363
2017-07-08,43.3389,0.09563212,52.224,569.221,2,364
2017-07-09,43.5241,0.09494984,52.447,565.159,2,365
2017-07-10,46.1567,0.08781172,55.619,522.672,2,366
2017-07-11,47.2231,0.08317294,56.904,495.061,2,367
2017-07-12,44.8856,0.09279397,54.088,552.327,2,368
2017-07-13,45.6517,0.08783476,55.011,522.809,2,369
2017-07-14,45.4367,0.08905752,54.752,530.087,2,370
2017-07-15,45.1096,0.08573169,54.358,510.291,2,371
2017-07-16,46.9969,0.0811833,56.632,483.218,2,372
2017-07-17,46.322,0.08539861,55.819,508.309,2,373
2017-07-18,44.776,0.09931049,53.956,591.115,2,374
2017-07-19,47.4783,0.0849119,57.212,505.412,2,375
2017-07-20,49.2856,0.07936092,59.39,472.371,2,376
2017-07-21,48.4796,0.0810963,58.418,482.701,2,377
2017-07-22,47.9837,0.08198019,57.821,487.962,2,378
2017-07-23,47.6251,0.08301611,57.389,494.128,2,379
2017-07-24,48.0006,0.08192417,57.841,487.628,2,380
2017-07-25,48.6118,0.07983265,58.578,475.179,2,381
2017-07-26,48.3452,0.0802659,58.256,477.758,2,382
2017-07-27,49.7128,0.07612711,59.904,453.123,2,383
2017-07-28,52.2621,0.06853956,62.976,407.96,2,384
2017-07-29,50.2503,0.07611256,60.552,453.036,2,385
2017-07-30,51.7246,0.07156944,62.329,425.995,2,386
2017-07-31,52.2962,0.07013206,63.017,417.439,2,387
2017-08-01,48.818,0.08276616,58.826,492.64,2,388
2017-08-02,49.0287,0.08088211,59.08,481.426,2,389
2017-08-03,49.3289,0.0803044,59.442,477.987,2,390
2017-08-04,49.906,0.07743006,60.137,460.878,2,391
2017-08-05,50.9566,0.07689438,61.403,457.69,2,392
2017-08-06,50.3478,0.08235961,60.67,490.22,2,393
2017-08-07,51.3269,0.07948153,61.849,473.089,2,394
2017-08-08,49.613,0.08597485,59.784,511.739,2,395
2017-08-09,49.405,0.08867933,59.534,527.836,2,396
2017-08-10,50.0557,0.08770282,60.318,522.024,2,397
2017-08-11,51.4015,0.0846505,61.939,503.856,2,398
2017-08-12,53.2861,0.07988828,64.21,475.51,2,399
2017-08-13,55.542,0.07309489,66.929,435.075,2,400
2017-08-14,56.723,0.06966951,68.352,414.686,2,401
2017-08-15,57.0696,0.06880682,68.769,409.551,2,402
2017-08-16,57.3454,0.06886681,69.102,409.908,2,403
2017-08-17,57.0922,0.06998366,68.797,416.556,2,404
2017-08-18,56.4738,0.07121101,68.052,423.861,2,405
2017-08-19,56.5021,0.07066896,68.086,420.635,2,406
2017-08-20,55.5043,0.07292231,66.883,434.047,2,407
2017-08-21,52.2832,0.08021488,63.002,477.454,2,408
2017-08-22,50.8984,0.07723162,61.333,459.697,2,409
2017-08-23,50.9612,0.07666216,61.409,456.308,2,410
2017-08-24,52.9845,0.07499271,63.847,446.371,2,411
2017-08-25,52.7252,0.07586029,63.534,451.535,2,412
2017-08-26,52.4151,0.07656247,63.161,455.714,2,413
2017-08-27,52.2455,0.07944006,62.956,472.842,2,414
2017-08-28,51.3926,0.07929929,61.929,472.004,2,415
2017-08-29,51.9464,0.0811377,62.596,482.947,2,416
2017-08-30,50.8875,0.08396058,61.32,499.749,2,417
2017-08-31,50.2764,0.08198308,60.584,487.979,2,418
2017-09-01,50.9454,0.07962337,61.39,473.933,2,419
2017-09-02,52.0869,0.07597373,62.765,452.21,2,420
2017-09-03,51.8877,0.07629219,62.525,454.106,2,421
2017-09-04,53.2002,0.07160623,64.107,426.214,2,422
2017-09-05,52.8412,0.07222048,63.674,429.87,2,423
2017-09-06,52.3349,0.07345056,63.064,437.192,2,424
2017-09-07,52.7694,0.0725795,63.588,432.007,2,425
2017-09-08,52.983,0.07134236,63.845,424.643,2,426
2017-09-09,53.2366,0.07040177,64.151,419.045,2,427
2017-09-10,52.9865,0.07070384,63.849,420.843,2,428
2017-09-11,52.9452,0.0707433,63.8,421.078,2,429
2017-09-12,53.136,0.07058245,64.029,420.12,2,430
2017-09-13,52.8557,0.07125005,63.692,424.094,2,431
2017-09-14,53.299,0.06938848,64.226,413.013,2,432
2017-09-15,53.6365,0.06998774,64.633,416.58,2,433
2017-09-16,53.9143,0.06876001,64.967,409.273,2,434
2017-09-17,53.7927,0.06993678,64.821,416.277,2,435
2017-09-18,53.5944,0.072686,64.582,432.641,2,436
2017-09-19,53.7512,0.07251792,64.771,431.64,2,437
2017-09-20,53.6783,0.07310068,64.683,435.109,2,438
2017-09-21,53.9308,0.07152321,64.987,425.72,2,439
2017-09-22,53.5252,0.07283143,64.498,433.506,2,440
2017-09-23,53.1404,0.07551085,64.035,449.455,2,441
2017-09-24,52.785,0.07743233,63.607,460.892,2,442
2017-09-25,53.3125,0.07517884,64.242,447.479,2,443
2017-09-26,53.0927,0.07425876,63.977,442.002,2,444
2017-09-27,53.0165,0.07376487,63.885,439.062,2,445
2017-09-28,53.6999,0.07222794,64.709,429.914,2,446
2017-09-29,54.3384,0.07015238,65.478,417.56,2,447
2017-09-30,54.8138,0.06959291,66.051,414.23,2,448
2017-10-01,54.8208,0.06912716,66.06,411.458,2,449
2017-10-02,55.3341,0.06756132,66.678,402.138,2,450
2017-10-03,55.1844,0.06771688,66.498,403.064,2,451
2017-10-04,54.2796,0.06928503,65.408,412.398,2,452
2017-10-05,53.6192,0.06832033,64.612,406.656,2,453
2017-10-06,53.4079,0.07040118,64.357,419.041,2,454
2017-10-07,53.3113,0.07018464,64.241,417.752,2,455
2017-10-08,53.0499,0.06712208,63.926,399.523,2,456
2017-10-09,55.7543,0.06199221,67.185,368.989,2,457
2017-10-10,55.053,0.06281393,66.339,373.88,2,458
2017-10-11,54.9511,0.06272882,66.217,373.374,2,459
2017-10-12,58.2349,0.0561255,70.174,334.07,2,460
2017-10-13,57.598,0.05987073,69.406,356.362,2,461
2017-10-14,58.1444,0.05863381,70.065,349.0,2,462
2017-10-15,57.5432,0.05892809,69.34,350.751,2,463
2017-10-16,57.4755,0.05809215,69.259,345.775,2,464
2017-10-17,58.337,0.05646698,70.297,336.102,2,465
2017-10-18,59.0393,0.05610677,71.143,333.958,2,466
2017-10-19,60.0806,0.05401967,72.398,321.535,2,467
2017-10-20,61.8904,0.05067668,74.579,301.637,2,468
2017-10-21,61.8038,0.04974364,74.474,296.084,2,469
2017-10-22,62.403,0.04917163,75.196,292.679,2,470
2017-10-23,62.579,0.04844772,75.408,288.37,2,471
2017-10-24,59.9186,0.05386253,72.203,320.6,2,472
2017-10-25,60.9941,0.05194614,73.499,309.193,2,473
2017-10-26,61.8323,0.05018996,74.509,298.74,2,474
2017-10-27,61.3691,0.05146895,73.95,306.353,2,475
2017-10-28,61.627,0.05120455,74.261,304.779,2,476
2017-10-29,62.7934,0.04928749,75.667,293.368,2,477
2017-10-30,62.4118,0.05003171,75.207,297.798,2,478
2017-10-31,63.9296,0.04740734,77.036,282.177,2,479
2017-11-01,65.9921,0.04319095,79.521,257.081,2,480
2017-11-02,66.9143,0.04039127,80.632,240.416,2,481
2017-11-03,66.2002,0.04248855,79.772,252.9,2,482
2017-11-04,67.342,0.04043352,81.148,240.668,2,483
2017-11-05,67.4363,0.04019849,81.261,239.269,2,484
2017-11-06,65.8649,0.04265942,79.368,253.917,2,485
2017-11-07,66.1683,0.04102989,79.734,244.218,2,486
2017-11-08,65.8102,0.04158077,79.302,247.497,2,487
2017-11-09,64.0465,0.04488021,77.177,267.136,2,488
2017-11-10,64.0185,0.04526262,77.143,269.412,2,489
2017-11-11,62.1175,0.04981278,74.852,296.495,2,490
2017-11-12,60.9766,0.05269715,73.477,313.663,2,491
2017-11-13,62.9487,0.04839937,75.854,288.082,2,492
2017-11-14,62.186,0.05069713,74.935,301.759,2,493
2017-11-15,64.3586,0.04557904,77.553,271.295,2,494
2017-11-16,65.4882,0.04208252,78.914,250.483,2,495
2017-11-17,65.2359,0.0429907,78.61,255.889,2,496
2017-11-18,64.6383,0.04456426,77.89,265.255,2,497
2017-11-19,64.8734,0.0443899,78.173,264.217,2,498
2017-11-20,64.6588,0.04468744,77.915,265.988,2,499
2017-11-21,64.7341,0.04463633,78.005,265.684,2,500
2017-11-22,63.8213,0.04616214,76.905,274.766,2,501
2017-11-23,62.2858,0.05141194,75.055,306.014,2,502
2017-11-24,61.2191,0.05751048,73.77,342.313,2,503
2017-11-25,62.0986,0.053287,74.829,317.174,2,504
2017-11-26,63.4659,0.05067413,76.477,301.622,2,505
2017-11-27,63.9121,0.04908659,77.015,292.173,2,506
2017-11-28,63.1814,0.04711187,76.134,280.419,2,507
2017-11-29,65.389,0.04378015,78.794,260.588,2,508
2017-11-30,65.1814,0.04387027,78.544,261.124,2,509
2017-12-01,65.4305,0.04270404,78.844,254.183,2,510
2017-12-02,65.6291,0.04205423,79.084,250.315,2,511
2017-12-03,66.1167,0.04141149,79.671,246.489,2,512
2017-12-04,66.4624,0.04038187,80.088,240.361,2,513
2017-12-05,66.5291,0.03902925,80.168,232.309,2,514
2017-12-06,70.6704,0.03103413,85.159,184.721,2,515
2017-12-07,75.1679,0.0253489,90.578,150.881,2,516
2017-12-08,72.0519,0.02840349,86.823,169.063,2,517
2017-12-09,70.0473,0.03209698,84.408,191.047,2,518
2017-12-10,72.2,0.02874816,87.002,171.114,2,519
2017-12-11,70.9961,0.03000791,85.551,178.613,2,520
2017-12-12,65.0145,0.03922844,78.343,233.495,2,521
2017-12-13,62.6913,0.04248208,75.544,252.861,2,522
2017-12-14,57.5319,0.04204624,69.327,250.267,2,523
2017-12-15,60.2376,0.03894838,72.587,231.828,2,524
2017-12-16,61.911,0.03553002,74.603,211.481,2,525
2017-12-17,60.6608,0.03788642,73.097,225.507,2,526
2017-12-18,58.6957,0.04149865,70.729,247.008,2,527
2017-12-19,56.8053,0.0466681,68.451,277.777,2,528
2017-12-20,55.6172,0.04845663,67.019,288.423,2,529
2017-12-21,50.4513,0.05077123,60.794,302.2,2,530
2017-12-22,50.4984,0.04769663,60.851,283.899,2,531
2017-12-23,50.7219,0.0486324,61.12,289.469,2,532
2017-12-24,50.431,0.04911406,60.77,292.336,2,533
2017-12-25,50.0941,0.05240378,60.364,311.917,2,534
2017-12-26,52.0171,0.04768844,62.681,283.851,2,535
2017-12-27,50.1546,0.04813319,60.437,286.498,2,536
2017-12-28,48.2732,0.05013156,58.17,298.393,2,537
2017-12-29,41.9763,0.05127047,50.582,305.172,2,538
2017-12-30,39.4273,0.05512383,47.51,328.107,2,539
2017-12-31,40.4551,0.05331728,48.749,317.355,2,540
2018-01-01,38.455,0.05615234,46.339,334.229,2,541
2018-01-02,38.2221,0.05855357,46.058,348.522,2,542
2018-01-03,33.4358,0.06286676,40.291,374.195,2,543
2018-01-04,34.2066,0.06319413,41.219,376.143,2,544
2018-01-05,38.8413,0.05639466,46.804,335.672,2,545
2018-01-06,37.4786,0.05882727,45.162,350.151,2,546
2018-01-07,35.1741,0.06794666,42.385,404.431,2,547
2018-01-08,35.317,0.07596355,42.557,452.149,2,548
2018-01-09,35.8787,0.08960595,43.234,533.352,2,549
2018-01-10,37.2971,0.08397027,44.943,499.807,2,550
2018-01-11,35.9917,0.08558314,43.37,509.407,2,551
2018-01-12,34.7584,0.09117345,41.884,542.682,2,552
2018-01-13,34.8967,0.09698002,42.051,577.243,2,553
2018-01-14,35.2502,0.09954744,42.477,592.525,2,554
2018-01-15,36.8152,0.0943018,44.363,561.302,2,555
2018-01-16,39.3268,0.09283382,47.389,552.565,2,556
2018-01-17,37.7997,0.09074,45.549,540.102,2,557
2018-01-18,35.7176,0.09058895,43.04,539.203,2,558
2018-01-19,36.2331,0.09002722,43.661,535.859,2,559
2018-01-20,37.2713,0.09021844,44.912,536.997,2,560
2018-01-21,37.7007,0.09099872,45.43,541.642,2,561
2018-01-22,37.0974,0.09239127,44.703,549.93,2,562
2018-01-23,37.0214,0.09080811,44.611,540.507,2,563
2018-01-24,36.734,0.0932772,44.265,555.204,2,564
2018-01-25,36.5427,0.09376264,44.034,558.093,2,565
2018-01-26,36.9247,0.09428327,44.495,561.192,2,566
2018-01-27,37.1917,0.09652602,44.816,574.541,2,567
2018-01-28,35.8595,0.10458296,43.211,622.498,2,568
2018-01-29,36.3123,0.10437931,43.757,621.285,2,569
2018-01-30,36.7885,0.10562062,44.331,628.674,2,570
2018-01-31,36.1475,0.10907857,43.558,649.256,2,571
2018-02-01,36.6474,0.11274184,44.161,671.061,2,572
2018-02-02,37.8802,0.10389402,45.646,618.397,2,573
2018-02-03,37.3544,0.10522156,45.012,626.299,2,574
2018-02-04,38.0915,0.10140837,45.901,603.602,2,575
2018-02-05,38.3615,0.10114001,46.226,602.005,2,576
2018-02-06,38.0258,0.10196141,45.822,606.894,2,577
2018-02-07,39.0513,0.09896087,47.057,589.034,2,578
2018-02-08,39.1427,0.09836864,47.167,585.509,2,579
2018-02-09,37.7396,0.10086855,45.477,600.389,2,580
2018-02-10,36.4718,0.09972868,43.949,593.604,2,581
2018-02-11,36.6451,0.10063117,44.158,598.976,2,582
2018-02-12,37.2134,0.09739611,44.843,579.72,2,583
2018-02-13,36.9653,0.09855632,44.544,586.626,2,584
2018-02-14,36.5168,0.09722556,44.003,578.705,2,585
2018-02-15,38.057,0.09200492,45.859,547.631,2,586
2018-02-16,38.1194,0.09218866,45.934,548.724,2,587
2018-02-17,38.9424,0.08797286,46.926,523.631,2,588
2018-02-18,39.4862,0.08757203,47.581,521.245,2,589
2018-02-19,40.3625,0.0841916,48.637,501.124,2,590
2018-02-20,42.3599,0.07874431,51.044,468.701,2,591
2018-02-21,42.0313,0.08037842,50.648,478.428,2,592
2018-02-22,42.0277,0.08170317,50.644,486.313,2,593
2018-02-23,41.4553,0.0842368,49.954,501.393,2,594
2018-02-24,41.2793,0.0860986,49.742,512.475,2,595
2018-02-25,40.812,0.08771132,49.179,522.074,2,596
2018-02-26,41.9451,0.08396357,50.544,499.767,2,597
2018-02-27,42.6085,0.08213292,51.344,488.871,2,598
2018-02-28,42.9555,0.08259645,51.762,491.63,2,599
2018-03-01,43.6598,0.07957997,52.611,473.675,2,600
2018-03-02,44.3727,0.0776601,53.47,462.248,2,601
2018-03-03,45.0443,0.07477783,54.279,445.092,2,602
2018-03-04,43.7976,0.07512536,52.777,447.16,2,603
2018-03-05,44.7126,0.07379202,53.879,439.224,2,604
2018-03-06,44.0989,0.0760835,53.14,452.863,2,605
2018-03-07,43.6599,0.07591112,52.611,451.837,2,606
2018-03-08,43.6717,0.07495196,52.625,446.128,2,607
2018-03-09,42.9422,0.07817418,51.746,465.308,2,608
2018-03-10,43.0505,0.07794638,51.876,463.952,2,609
2018-03-11,43.8084,0.07547717,52.79,449.254,2,610
2018-03-12,43.734,0.07616393,52.7,453.342,2,611
2018-03-13,43.9332,0.07531236,52.94,448.273,2,612
2018-03-14,44.3618,0.07447375,53.456,443.282,2,613
2018-03-15,44.645,0.07391422,53.798,439.951,2,614
2018-03-16,45.2095,0.07216082,54.478,429.515,2,615
2018-03-17,46.0278,0.06989199,55.464,416.01,2,616
2018-03-18,46.5701,0.06572967,56.117,391.235,2,617
2018-03-19,46.0081,0.06444151,55.44,383.568,2,618
2018-03-20,46.6905,0.06246234,56.263,371.788,2,619
2018-03-21,47.2009,0.0627729,56.878,373.636,2,620
2018-03-22,47.5833,0.06189126,57.338,368.389,2,621
2018-03-23,48.1941,0.06128687,58.074,364.791,2,622
2018-03-24,47.9585,0.06097818,57.791,362.954,2,623
2018-03-25,47.422,0.06187026,57.144,368.264,2,624
2018-03-26,48.1866,0.0599445,58.065,356.801,2,625
2018-03-27,48.5733,0.05748811,58.531,342.18,2,626
2018-03-28,48.9792,0.05614799,59.02,334.203,2,627
2018-03-29,49.4908,0.05421012,59.637,322.669,2,628
2018-03-30,48.6563,0.05744417,58.631,341.919,2,629
2018-03-31,48.505,0.05699167,58.449,339.225,2,630
2018-04-01,48.9189,0.05556098,58.948,330.709,2,631
2018-04-02,48.8651,0.05451209,58.883,324.466,2,632
2018-04-03,48.0374,0.05595285,57.886,333.042,2,633
2018-04-04,48.6063,0.05582589,58.571,332.286,2,634
2018-04-05,48.6241,0.05629259,58.593,335.064,2,635
2018-04-06,48.882,0.05596206,58.903,333.097,2,636
2018-04-07,49.018,0.05583518,59.067,332.342,2,637
2018-04-08,48.6813,0.056978,58.661,339.144,2,638
2018-04-09,48.3475,0.05880536,58.259,350.021,2,639
2018-04-10,48.1261,0.06065275,57.992,361.017,2,640
2018-04-11,46.9331,0.06188779,56.555,368.368,2,641
2018-04-12,46.4763,0.06244238,56.004,371.669,2,642
2018-04-13,46.2314,0.06267378,55.709,373.046,2,643
2018-04-14,46.3857,0.06285225,55.895,374.109,2,644
2018-04-15,45.3967,0.06368337,54.704,379.055,2,645
2018-04-16,45.5252,0.06350005,54.858,377.964,2,646
2018-04-17,44.9467,0.06365914,54.161,378.911,2,647
2018-04-18,43.5741,0.06431523,52.507,382.816,2,648
2018-04-19,42.3041,0.06848601,50.977,407.642,2,649
2018-04-20,41.0674,0.06972309,49.487,415.005,2,650
2018-04-21,42.3331,0.06830186,51.012,406.546,2,651
2018-04-22,41.9565,0.0705763,50.558,420.084,2,652
2018-04-23,41.7617,0.07195132,50.323,428.268,2,653
2018-04-24,41.8546,0.07304097,50.435,434.754,2,654
2018-04-25,43.4623,0.06939708,52.373,413.065,2,655
2018-04-26,42.5689,0.07143187,51.296,425.176,2,656
2018-04-27,42.4265,0.07225099,51.124,430.052,2,657
2018-04-28,41.8695,0.07306234,50.453,434.881,2,658
2018-04-29,41.5892,0.07324745,50.115,435.983,2,659
2018-04-30,42.3629,0.0722812,51.048,430.231,2,660
2018-05-01,41.5934,0.07402107,50.121,440.587,2,661
2018-05-02,41.4596,0.07459825,49.959,444.023,2,662
2018-05-03,41.5992,0.07982786,50.127,475.151,2,663
2018-05-04,41.3576,0.08078994,49.836,480.877,2,664
2018-05-05,41.1803,0.0828259,49.623,492.995,2,665
2018-05-06,41.6564,0.0817997,50.196,486.887,2,666
2018-05-07,42.0403,0.08007221,50.659,476.605,2,667
2018-05-08,42.0454,0.08159369,50.665,485.661,2,668
2018-05-09,42.5798,0.08052635,51.309,479.308,2,669
2018-05-10,42.9911,0.08032539,51.805,478.112,2,670
2018-05-11,43.4968,0.08070688,52.414,480.383,2,671
2018-05-12,42.8461,0.08081497,51.63,481.026,2,672
2018-05-13,42.0289,0.08411232,50.645,500.652,2,673
2018-05-14,42.1367,0.0837753,50.775,498.646,2,674
2018-05-15,42.6713,0.08322722,51.419,495.384,2,675
2018-05-16,42.3143,0.08470356,50.989,504.172,2,676
2018-05-17,43.0,0.0829816,51.815,493.922,2,677
2018-05-18,42.7255,0.08425172,51.485,501.482,2,678
2018-05-19,42.8259,0.0843078,51.606,501.816,2,679
2018-05-20,42.7959,0.08383904,51.57,499.026,2,680
2018-05-21,43.2111,0.08309047,52.07,494.57,2,681
2018-05-22,43.7124,0.08038286,52.674,478.454,2,682
2018-05-23,44.2928,0.07688341,53.373,457.625,2,683
2018-05-24,43.2411,0.07928199,52.106,471.901,2,684
2018-05-25,43.6757,0.07792121,52.63,463.802,2,685
2018-05-26,43.2526,0.07975201,52.12,474.699,2,686
2018-05-27,43.711,0.07772879,52.672,462.656,2,687
2018-05-28,45.292,0.07222751,54.577,429.912,2,688
2018-05-29,44.1643,0.07565481,53.218,450.312,2,689
2018-05-30,44.1327,0.07549659,53.18,449.37,2,690
2018-05-31,43.7131,0.07694742,52.675,458.006,2,691
2018-06-01,43.6964,0.07697343,52.655,458.16,2,692
2018-06-02,43.3356,0.07748818,52.22,461.224,2,693
2018-06-03,42.621,0.08026748,51.359,477.767,2,694
2018-06-04,42.8999,0.07879124,51.695,468.98,2,695
2018-06-05,42.7004,0.07977511,51.454,474.837,2,696
2018-06-06,42.8057,0.07913308,51.581,471.015,2,697
2018-06-07,42.949,0.07854989,51.754,467.544,2,698
2018-06-08,42.9472,0.07873009,51.752,468.616,2,699
2018-06-09,43.1217,0.07886978,51.962,469.448,2,700
2018-06-10,43.6839,0.07728648,52.64,460.024,2,701
2018-06-11,43.4439,0.07728669,52.35,460.025,2,702
2018-06-12,44.2048,0.07505111,53.267,446.718,2,703
2018-06-13,44.336,0.0752319,53.425,447.795,2,704
2018-06-14,43.7558,0.07809052,52.726,464.81,2,705
2018-06-15,44.1499,0.07601938,53.201,452.482,2,706
2018-06-16,44.2669,0.07656626,53.342,455.737,2,707
2018-06-17,44.3099,0.07686471,53.394,457.513,2,708
2018-06-18,44.5583,0.07709801,53.693,458.902,2,709
2018-06-19,44.1288,0.07977335,53.176,474.826,2,710
2018-06-20,44.4463,0.07926145,53.558,471.779,2,711
2018-06-21,44.689,0.07821161,53.851,465.53,2,712
2018-06-22,44.9924,0.07640256,54.216,454.763,2,713
2018-06-23,45.0815,0.07697244,54.324,458.155,2,714
2018-06-24,45.8731,0.07392658,55.278,440.025,2,715
2018-06-25,45.9223,0.07354716,55.337,437.767,2,716
2018-06-26,46.7661,0.07094553,56.354,422.281,2,717
2018-06-27,46.2196,0.07194356,55.695,428.222,2,718
2018-06-28,46.5249,0.07165345,56.063,426.495,2,719
2018-06-29,47.0599,0.07020455,56.708,417.871,2,720
2018-06-30,47.0012,0.07085256,56.637,421.728,2,721
2018-07-01,46.8853,0.07102183,56.497,422.735,2,722
2018-07-02,46.3404,0.0720283,55.841,428.726,2,723
2018-07-03,46.5424,0.07105722,56.084,422.946,2,724
2018-07-04,46.5061,0.07078668,56.04,421.336,2,725
2018-07-05,46.8099,0.07146708,56.406,425.386,2,726
2018-07-06,46.9182,0.07100339,56.537,422.626,2,727
2018-07-07,47.0656,0.07131845,56.715,424.501,2,728
2018-07-08,46.8531,0.07250378,56.458,431.556,2,729
2018-07-09,47.2057,0.07078629,56.883,421.333,2,730
2018-07-10,47.7235,0.06865156,57.507,408.627,2,731
2018-07-11,47.5766,0.06998255,57.33,416.549,2,732
2018-07-12,47.8402,0.06881793,57.648,409.617,2,733
2018-07-13,47.2224,0.06947249,56.904,413.513,2,734
2018-07-14,47.2108,0.06937033,56.89,412.905,2,735
2018-07-15,46.7996,0.07069251,56.394,420.775,2,736
2018-07-16,46.4505,0.07113381,55.973,423.402,2,737
2018-07-17,47.2392,0.06822379,56.924,406.081,2,738
2018-07-18,47.3883,0.06494023,57.103,386.537,2,739
2018-07-19,47.9504,0.06272978,57.781,373.38,2,740
2018-07-20,49.3186,0.06108125,59.429,363.567,2,741
2018-07-21,48.5814,0.06234164,58.541,371.069,2,742
2018-07-22,48.9612,0.06177935,58.999,367.722,2,743
2018-07-23,50.2248,0.05818383,60.521,346.321,2,744
2018-07-24,51.091,0.05692532,61.565,338.83,2,745
2018-07-25,49.8831,0.0576268,60.11,343.006,2,746
2018-07-26,50.1183,0.05855919,60.393,348.555,2,747
2018-07-27,50.4177,0.05741678,60.754,341.756,2,748
2018-07-28,50.6255,0.05705754,61.004,339.617,2,749
2018-07-29,50.8721,0.05673647,61.301,337.706,2,750
2018-07-30,51.3686,0.05578862,61.9,332.064,2,751
2018-07-31,51.1717,0.05589529,61.662,332.699,2,752
2018-08-01,50.7132,0.05515817,61.11,328.312,2,753
2018-08-02,51.4512,0.05448639,61.999,324.313,2,754
2018-08-03,50.7809,0.0562993,61.192,335.104,2,755
2018-08-04,50.3004,0.05804158,60.613,345.474,2,756
2018-08-05,50.1034,0.05815897,60.375,346.173,2,757
2018-08-06,50.545,0.05849619,60.907,348.18,2,758
2018-08-07,51.4141,0.05631167,61.955,335.178,2,759
2018-08-08,52.4476,0.05654176,63.2,336.547,2,760
2018-08-09,52.1251,0.05565656,62.811,331.278,2,761
2018-08-10,52.2239,0.05388777,62.93,320.75,2,762
2018-08-11,53.6138,0.05114268,64.605,304.411,2,763
2018-08-12,53.8477,0.05035157,64.887,299.702,2,764
2018-08-13,55.2784,0.04538757,66.611,270.155,2,765
2018-08-14,55.6401,0.04466447,67.047,265.851,2,766
2018-08-15,55.4882,0.04483892,66.864,266.89,2,767
2018-08-16,55.1932,0.04542643,66.508,270.387,2,768
2018-08-17,52.7456,0.04798826,63.559,285.635,2,769
2018-08-18,54.031,0.04616669,65.108,274.793,2,770
2018-08-19,53.6486,0.04622988,64.647,275.169,2,771
2018-08-20,54.8766,0.04329972,66.127,257.728,2,772
2018-08-21,54.6542,0.04340144,65.859,258.334,2,773
2018-08-22,55.3479,0.04243216,66.695,252.564,2,774
2018-08-23,55.3277,0.0422331,66.67,251.379,2,775
2018-08-24,55.6618,0.04205676,67.073,250.33,2,776
2018-08-25,55.93,0.04127588,67.396,245.682,2,777
2018-08-26,56.1991,0.04085131,67.721,243.155,2,778
2018-08-27,55.4836,0.04155537,66.858,247.345,2,779
2018-08-28,55.2391,0.04181969,66.564,248.919,2,780
2018-08-29,55.7934,0.0410326,67.232,244.234,2,781
2018-08-30,56.1128,0.04074721,67.617,242.535,2,782
2018-08-31,56.1319,0.04017226,67.64,239.113,2,783
2018-09-01,55.7031,0.04100748,67.123,244.084,2,784
2018-09-02,56.3547,0.04031857,67.908,239.984,2,785
2018-09-03,56.5976,0.03977173,68.201,236.729,2,786
2018-09-04,56.7908,0.03877066,68.434,230.77,2,787
2018-09-05,58.7093,0.03448759,70.745,205.277,2,788
2018-09-06,57.1914,0.03531012,68.916,210.173,2,789
2018-09-07,57.7787,0.03359202,69.624,199.946,2,790
2018-09-08,58.3688,0.03178013,70.335,189.161,2,791
2018-09-09,58.6863,0.03129799,70.718,186.292,2,792
2018-09-10,59.1272,0.0311533,71.249,185.43,2,793
2018-09-11,59.3504,0.02935509,71.518,174.727,2,794
2018-09-12,59.4863,0.02886886,71.682,171.833,2,795
2018-09-13,58.325,0.03275379,70.282,194.957,2,796
2018-09-14,58.6103,0.03259549,70.626,194.015,2,797
2018-09-15,58.1842,0.03415195,70.113,203.279,2,798
2018-09-16,58.0543,0.03386313,69.956,201.56,2,799
2018-09-17,58.7106,0.03144662,70.747,187.176,2,800
2018-09-18,56.6817,0.0330455,68.302,196.693,2,801
2018-09-19,56.81,0.03275168,68.457,194.944,2,802
2018-09-20,52.4714,0.03441539,63.229,204.847,2,803
2018-09-21,49.9208,0.03660112,60.155,217.857,2,804
2018-09-22,50.0034,0.03581793,60.255,213.195,2,805
2018-09-23,48.8893,0.03649794,58.912,217.243,2,806
2018-09-24,51.2224,0.03463826,61.724,206.173,2,807
2018-09-25,50.0961,0.03391644,60.366,201.877,2,808
2018-09-26,50.8592,0.03326983,61.286,198.028,2,809
2018-09-27,50.3215,0.03420787,60.638,203.612,2,810
2018-09-28,50.5342,0.03337427,60.894,198.65,2,811
2018-09-29,49.4709,0.03513191,59.613,209.112,2,812
2018-09-30,49.1862,0.03516033,59.27,209.281,2,813
2018-10-01,49.3046,0.03503881,59.413,208.558,2,814
2018-10-02,50.6435,0.03462132,61.026,206.073,2,815
2018-10-03,50.6982,0.03387534,61.092,201.632,2,816
2018-10-04,50.8715,0.03375481,61.301,200.915,2,817
2018-10-05,50.9766,0.03440062,61.427,204.759,2,818
2018-10-06,51.8529,0.0341456,62.483,203.241,2,819
2018-10-07,51.963,0.03418064,62.616,203.45,2,820
2018-10-08,51.6643,0.03446483,62.256,205.141,2,821
2018-10-09,51.9794,0.03434773,62.636,204.444,2,822
2018-10-10,52.4292,0.0342524,63.178,203.877,2,823
2018-10-11,55.1581,0.0309296,66.466,184.099,2,824
2018-10-12,53.9367,0.03137012,64.994,186.721,2,825
2018-10-13,53.9316,0.03172812,64.988,188.852,2,826
2018-10-14,54.5143,0.03106685,65.69,184.916,2,827
2018-10-15,53.7434,0.03179492,64.761,189.249,2,828
2018-10-16,53.0043,0.0318293,63.871,189.454,2,829
2018-10-17,52.6786,0.03159983,63.478,188.088,2,830
2018-10-18,52.9246,0.03112715,63.775,185.275,2,831
2018-10-19,52.7602,0.0313619,63.577,186.672,2,832
2018-10-20,52.6269,0.0316187,63.416,188.2,2,833
2018-10-21,52.8616,0.03151786,63.699,187.6,2,834
2018-10-22,52.9488,0.03136484,63.804,186.689,2,835
2018-10-23,52.6573,0.03144256,63.453,187.152,2,836
2018-10-24,53.0223,0.03126828,63.892,186.115,2,837
2018-10-25,53.0102,0.03121721,63.878,185.811,2,838
2018-10-26,52.9942,0.03132718,63.859,186.465,2,839
2018-10-27,53.2281,0.03142545,64.14,187.05,2,840
2018-10-28,52.9502,0.03160023,63.806,188.091,2,841
2018-10-29,53.5071,0.03102667,64.477,184.677,2,842
2018-10-30,53.3349,0.03119479,64.269,185.677,2,843
2018-10-31,53.1855,0.03122233,64.089,185.841,2,844
2018-11-01,53.1519,0.03118712,64.049,185.632,2,845
2018-11-02,52.768,0.03148158,63.586,187.384,2,846
2018-11-03,52.8241,0.03132361,63.654,186.444,2,847
2018-11-04,52.2347,0.03270651,62.943,194.675,2,848
2018-11-05,51.512,0.03249685,62.073,193.427,2,849
2018-11-06,49.6794,0.03385885,59.864,201.534,2,850
2018-11-07,50.5067,0.03334678,60.861,198.486,2,851
2018-11-08,51.3354,0.03287829,61.86,195.698,2,852
2018-11-09,50.9985,0.03286849,61.454,195.639,2,853
2018-11-10,50.7225,0.03314357,61.121,197.277,2,854
2018-11-11,50.5078,0.0329993,60.862,196.418,2,855
2018-11-12,50.2853,0.03295376,60.594,196.147,2,856
2018-11-13,50.7777,0.03248593,61.188,193.362,2,857
2018-11-14,50.6619,0.03169457,61.048,188.652,2,858
2018-11-15,49.8058,0.03206355,60.017,190.848,2,859
2018-11-16,50.0129,0.03130035,60.266,186.306,2,860
2018-11-17,49.3228,0.03132575,59.435,186.457,2,861
2018-11-18,48.8691,0.03148077,58.888,187.38,2,862
2018-11-19,47.8554,0.03064091,57.666,182.381,2,863
2018-11-20,48.5134,0.02934541,58.459,174.669,2,864
2018-11-21,48.3058,0.02965164,58.209,176.492,2,865
2018-11-22,48.5514,0.02904142,58.505,172.86,2,866
2018-11-23,49.4019,0.02831412,59.53,168.531,2,867
2018-11-24,49.2786,0.02921667,59.381,173.903,2,868
2018-11-25,49.6434,0.02896692,59.821,172.417,2,869
2018-11-26,49.7316,0.02864,59.927,170.471,2,870
2018-11-27,49.6512,0.02884616,59.83,171.698,2,871
2018-11-28,50.0639,0.02871421,60.328,170.912,2,872
2018-11-29,50.6839,0.02747086,61.075,163.512,2,873
2018-11-30,50.1909,0.02809516,60.481,167.228,2,874
2018-12-01,50.4327,0.0281996,60.772,167.849,2,875
2018-12-02,50.5529,0.02802658,60.917,166.82,2,876
2018-12-03,50.4586,0.02794921,60.803,166.359,2,877
2018-12-04,50.7509,0.02784342,61.155,165.729,2,878
2018-12-05,50.9463,0.02726301,61.391,162.275,2,879
2018-12-06,51.9713,0.02585809,62.626,153.912,2,880
2018-12-07,51.4911,0.02731368,62.047,162.576,2,881
2018-12-08,51.608,0.02658464,62.188,158.237,2,882
2018-12-09,51.892,0.02626623,62.53,156.342,2,883
2018-12-10,52.0189,0.02617143,62.683,155.777,2,884
2018-12-11,51.9971,0.02599265,62.657,154.713,2,885
2018-12-12,52.0666,0.0259579,62.741,154.506,2,886
2018-12-13,51.8725,0.02608011,62.507,155.234,2,887
2018-12-14,52.355,0.02597309,63.088,154.597,2,888
2018-12-15,52.5766,0.02600573,63.355,154.791,2,889
2018-12-16,52.3716,0.02622051,63.108,156.069,2,890
2018-12-17,51.3571,0.02681895,61.886,159.631,2,891
2018-12-18,51.0087,0.02740182,61.466,163.101,2,892
2018-12-19,51.163,0.02703,61.652,160.888,2,893
2018-12-20,51.375,0.02804605,61.907,166.935,2,894
2018-12-21,51.2893,0.0280827,61.804,167.154,2,895
2018-12-22,51.4758,0.02906227,62.029,172.984,2,896
2018-12-23,50.2404,0.03289494,60.54,195.797,2,897
2018-12-24,48.7098,0.03474526,58.696,206.81,2,898
2018-12-25,49.1004,0.0340069,59.167,202.416,2,899
2018-12-26,49.3896,0.034223,59.515,203.702,2,900
2018-12-27,50.7773,0.03182782,61.187,189.445,2,901
2018-12-28,49.7445,0.03484158,59.943,207.384,2,902
2018-12-29,49.4745,0.03664497,59.617,218.118,2,903
2018-12-30,49.6803,0.0361796,59.865,215.348,2,904
2018-12-31,50.0905,0.03547149,60.36,211.133,2,905
2019-01-01,49.7929,0.03654158,60.001,217.502,2,906
2019-01-02,49.1198,0.03961481,59.19,235.795,2,907
2019-01-03,49.6721,0.0388602,59.855,231.303,2,908
2019-01-04,49.5459,0.04008919,59.703,238.618,2,909
2019-01-05,49.5398,0.04062054,59.696,241.781,2,910
2019-01-06,50.0535,0.0385419,60.315,229.409,2,911
2019-01-07,50.0536,0.03757697,60.315,223.665,2,912
2019-01-08,49.9866,0.03733204,60.234,222.207,2,913
2019-01-09,49.8131,0.03736768,60.025,222.42,2,914
2019-01-10,50.73,0.0349871,61.13,208.25,2,915
2019-01-11,50.9508,0.03448262,61.396,205.247,2,916
2019-01-12,50.8629,0.03437339,61.29,204.597,2,917
2019-01-13,51.3095,0.03287282,61.829,195.665,2,918
2019-01-14,50.72,0.03499468,61.118,208.295,2,919
2019-01-15,51.0268,0.03359956,61.488,199.991,2,920
2019-01-16,50.8938,0.03393994,61.328,202.017,2,921
2019-01-17,51.0223,0.03369324,61.482,200.549,2,922
2019-01-18,51.3325,0.03310365,61.856,197.039,2,923
2019-01-19,51.2961,0.03349007,61.812,199.339,2,924
2019-01-20,51.2478,0.03321221,61.754,197.685,2,925
2019-01-21,51.2793,0.03278597,61.792,195.148,2,926
2019-01-22,51.4352,0.03297891,61.98,196.297,2,927
2019-01-23,51.5752,0.03274688,62.149,194.916,2,928
2019-01-24,51.5756,0.03260644,62.149,194.08,2,929
2019-01-25,51.7498,0.03228196,62.359,192.148,2,930
2019-01-26,51.8654,0.03234151,62.498,192.503,2,931
2019-01-27,52.3809,0.03160946,63.12,188.146,2,932
2019-01-28,52.9583,0.03076144,63.815,183.098,2,933
2019-01-29,53.3036,0.03069296,64.231,182.69,2,934
2019-01-30,51.7939,0.03131854,62.412,186.414,2,935
2019-01-31,52.4147,0.03100738,63.16,184.562,2,936
2019-02-01,52.6725,0.03095309,63.471,184.239,2,937
2019-02-02,52.5389,0.0313614,63.31,186.669,2,938
2019-02-03,52.895,0.03106389,63.739,184.898,2,939
2019-02-04,53.1142,0.03108022,64.003,184.995,2,940
2019-02-05,53.2206,0.03097524,64.131,184.371,2,941
2019-02-06,53.6056,0.03070364,64.595,182.754,2,942
2019-02-07,53.4045,0.03075408,64.353,183.054,2,943
2019-02-08,52.9444,0.03252655,63.799,193.604,2,944
2019-02-09,52.9052,0.03261398,63.751,194.125,2,945
2019-02-10,52.8333,0.03393111,63.665,201.964,2,946
2019-02-11,53.2415,0.03334429,64.157,198.472,2,947
2019-02-12,53.0572,0.0336767,63.935,200.45,2,948
2019-02-13,53.0711,0.03374926,63.951,200.882,2,949
2019-02-14,53.1677,0.03360015,64.068,199.994,2,950
2019-02-15,52.9611,0.03376151,63.819,200.955,2,951
2019-02-16,53.1034,0.03397876,63.99,202.248,2,952
2019-02-17,52.6712,0.03665895,63.469,218.201,2,953
2019-02-18,52.6408,0.037354,63.433,222.338,2,954
2019-02-19,52.4438,0.03674488,63.195,218.712,2,955
2019-02-20,52.1423,0.0374381,62.832,222.839,2,956
2019-02-21,52.7466,0.03689405,63.56,219.6,2,957
2019-02-22,52.6504,0.03724724,63.444,221.703,2,958
2019-02-23,52.5143,0.03832718,63.28,228.131,2,959
2019-02-24,53.3145,0.03606193,64.245,214.647,2,960
2019-02-25,52.3033,0.03608692,63.026,214.796,2,961
2019-02-26,52.7672,0.03575333,63.585,212.811,2,962
2019-02-27,53.1392,0.03526804,64.033,209.922,2,963
2019-02-28,52.9058,0.0355277,63.752,211.468,2,964
2019-03-01,52.8069,0.03539165,63.633,210.658,2,965
2019-03-02,53.0384,0.0347007,63.912,206.545,2,966
2019-03-03,53.0159,0.03427623,63.885,204.019,2,967
2019-03-04,53.3424,0.03383314,64.278,201.381,2,968
2019-03-05,52.8952,0.03533936,63.739,210.347,2,969
2019-03-06,52.7651,0.03561328,63.583,211.977,2,970
2019-03-07,52.9615,0.03530735,63.819,210.156,2,971
2019-03-08,53.2545,0.03449684,64.172,205.332,2,972
2019-03-09,53.0548,0.03485534,63.932,207.466,2,973
2019-03-10,52.5795,0.0346385,63.359,206.175,2,974
2019-03-11,52.5249,0.03429255,63.293,204.116,2,975
2019-03-12,52.3075,0.03438691,63.031,204.677,2,976
2019-03-13,52.0843,0.0340434,62.762,202.633,2,977
2019-03-14,52.2869,0.03407282,63.006,202.808,2,978
2019-03-15,52.2089,0.03475293,62.912,206.856,2,979
2019-03-16,52.2025,0.03524713,62.905,209.798,2,980
2019-03-17,52.288,0.03482179,63.008,207.266,2,981
2019-03-18,52.1464,0.03452961,62.837,205.527,2,982
2019-03-19,52.3909,0.03451509,63.132,205.44,2,983
2019-03-20,52.563,0.03440778,63.339,204.802,2,984
2019-03-21,52.8899,0.03384741,63.733,201.466,2,985
2019-03-22,52.7145,0.03411074,63.522,203.034,2,986
2019-03-23,52.7234,0.03427492,63.532,204.011,2,987
2019-03-24,52.9754,0.03410496,63.836,202.999,2,988
2019-03-25,53.0983,0.03405451,63.984,202.699,2,989
2019-03-26,53.1621,0.03398989,64.061,202.314,2,990
2019-03-27,52.8438,0.03457041,63.677,205.77,2,991
2019-03-28,53.0718,0.03424053,63.952,203.806,2,992
2019-03-29,53.1652,0.03481363,64.065,207.217,2,993
2019-03-30,53.1029,0.03472911,63.99,206.714,2,994
2019-03-31,53.1239,0.03450557,64.015,205.384,2,995
2019-04-01,53.0693,0.03414244,63.949,203.222,2,996
2019-04-02,53.8039,0.03374314,64.834,200.846,2,997
2019-04-03,54.6864,0.03230488,65.898,192.285,2,998
2019-04-04,54.9835,0.03214357,66.256,191.325,2,999
2019-04-05,53.7084,0.03296872,64.719,196.236,2,1000
2019-04-06,54.1861,0.03279086,65.295,195.177,2,1001
2019-04-07,54.0182,0.0336211,65.093,200.119,2,1002
2019-04-08,54.4472,0.03421636,65.609,203.662,2,1003
2019-04-09,54.7608,0.03386686,65.987,201.582,2,1004
2019-04-10,55.0505,0.03341181,66.336,198.873,2,1005
2019-04-11,55.7305,0.03277793,67.156,195.1,2,1006
2019-04-12,56.0845,0.03244075,67.582,193.093,2,1007
2019-04-13,55.9892,0.03234196,67.468,192.505,2,1008
2019-04-14,55.9449,0.03258086,67.414,193.927,2,1009
2019-04-15,56.3828,0.03183834,67.942,189.508,2,1010
2019-04-16,56.5208,0.03201374,68.108,190.552,2,1011
2019-04-17,56.2691,0.03183179,67.805,189.469,2,1012
2019-04-18,56.0975,0.03287788,67.598,195.695,2,1013
2019-04-19,56.3797,0.03282692,67.938,195.392,2,1014
2019-04-20,56.6626,0.03259621,68.279,194.019,2,1015
2019-04-21,57.1621,0.03209104,68.881,191.012,2,1016
2019-04-22,57.372,0.03186697,69.134,189.678,2,1017
2019-04-23,58.3992,0.03082807,70.372,183.495,2,1018
2019-04-24,59.2313,0.03040201,71.374,180.959,2,1019
2019-04-25,59.2517,0.02965195,71.399,176.494,2,1020
2019-04-26,59.011,0.0297002,71.109,176.781,2,1021
2019-04-27,59.0549,0.03005259,71.162,178.879,2,1022
2019-04-28,59.2611,0.02976533,71.41,177.169,2,1023
2019-04-29,59.505,0.02962733,71.704,176.347,2,1024
2019-04-30,58.669,0.03036835,70.697,180.758,2,1025
2019-05-01,59.1715,0.02976814,71.302,177.186,2,1026
2019-05-02,59.6594,0.02951749,71.89,175.694,2,1027
2019-05-03,60.159,0.02910621,72.492,173.246,2,1028
2019-05-04,60.9311,0.0280598,73.423,167.017,2,1029
2019-05-05,60.9765,0.02819059,73.477,167.796,2,1030
2019-05-06,60.3131,0.03023156,72.678,179.944,2,1031
2019-05-07,61.2488,0.02918942,73.805,173.741,2,1032
2019-05-08,61.7099,0.0285847,74.361,170.142,2,1033
2019-05-09,62.8398,0.02768235,75.723,164.771,2,1034
2019-05-10,63.1677,0.02708971,76.118,161.243,2,1035
2019-05-11,63.3176,0.02724973,76.298,162.196,2,1036
2019-05-12,63.7436,0.02696158,76.812,160.48,2,1037
2019-05-13,65.4627,0.02510932,78.883,149.455,2,1038
2019-05-14,62.2735,0.02742923,75.04,163.264,2,1039
2019-05-15,59.7032,0.03031712,71.943,180.453,2,1040
2019-05-16,59.574,0.03350014,71.787,199.399,2,1041
2019-05-17,59.6314,0.03306489,71.856,196.808,2,1042
2019-05-18,60.1235,0.03226734,72.449,192.061,2,1043
2019-05-19,60.3468,0.03187132,72.719,189.704,2,1044
2019-05-20,60.7884,0.03162674,73.251,188.248,2,1045
2019-05-21,60.6949,0.03216738,73.138,191.466,2,1046
2019-05-22,61.2591,0.03189275,73.818,189.832,2,1047
2019-05-23,61.6068,0.031129,74.237,185.286,2,1048
2019-05-24,61.5276,0.03115514,74.141,185.441,2,1049
2019-05-25,61.5149,0.0312455,74.126,185.979,2,1050
2019-05-26,61.9357,0.03072709,74.633,182.893,2,1051
2019-05-27,61.1258,0.03092015,73.657,184.043,2,1052
2019-05-28,60.6928,0.03110673,73.135,185.153,2,1053
2019-05-29,60.7341,0.03111642,73.185,185.211,2,1054
2019-05-30,61.0201,0.03074297,73.53,182.988,2,1055
2019-05-31,60.7405,0.03115556,73.193,185.444,2,1056
2019-06-01,61.0563,0.03099312,73.574,184.477,2,1057
2019-06-02,60.9145,0.0308733,73.403,183.764,2,1058
2019-06-03,60.7806,0.03071644,73.241,182.83,2,1059
2019-06-04,60.6621,0.03130182,73.098,186.314,2,1060
2019-06-05,60.6162,0.03158764,73.043,188.016,2,1061
2019-06-06,59.838,0.03182434,72.105,189.425,2,1062
2019-06-07,60.2649,0.03118488,72.62,185.618,2,1063
2019-06-08,60.5605,0.03081014,72.976,183.388,2,1064
2019-06-09,60.9695,0.03026429,73.469,180.139,2,1065
2019-06-10,60.7747,0.03086913,73.234,183.739,2,1066
2019-06-11,60.6576,0.03102574,73.093,184.671,2,1067
2019-06-12,60.6405,0.0318724,73.072,189.711,2,1068
2019-06-13,61.1626,0.0310146,73.702,184.605,2,1069
2019-06-14,62.0576,0.03043956,74.78,181.182,2,1070
2019-06-15,62.027,0.03039993,74.743,180.946,2,1071
2019-06-16,61.8899,0.02991829,74.578,178.079,2,1072
2019-06-17,62.2508,0.02930378,75.013,174.422,2,1073
2019-06-18,62.4647,0.02914761,75.271,173.492,2,1074
2019-06-19,62.6325,0.02896448,75.473,172.402,2,1075
2019-06-20,63.3875,0.02850586,76.383,169.672,2,1076
2019-06-21,63.6695,0.02924117,76.722,174.049,2,1077
2019-06-22,63.8516,0.02882557,76.942,171.575,2,1078
2019-06-23,64.3534,0.02839924,77.547,169.038,2,1079
2019-06-24,64.6564,0.02815276,77.912,167.571,2,1080
2019-06-25,66.1362,0.02696272,79.695,160.487,2,1081
2019-06-26,67.991,0.02596774,81.93,154.565,2,1082
2019-06-27,67.5854,0.02639247,81.441,157.093,2,1083
2019-06-28,68.933,0.02503973,83.065,149.041,2,1084
2019-06-29,67.56,0.02666782,81.411,158.732,2,1085
2019-06-30,67.3002,0.02689947,81.097,160.111,2,1086
2019-07-01,66.3764,0.02780273,79.984,165.487,2,1087
2019-07-02,67.2555,0.02698956,81.044,160.647,2,1088
2019-07-03,68.8763,0.02527247,82.997,150.427,2,1089
2019-07-04,68.5109,0.0253636,82.556,150.969,2,1090
2019-07-05,68.2332,0.02617277,82.222,155.785,2,1091
2019-07-06,68.3508,0.02563065,82.363,152.558,2,1092
2019-07-07,68.0017,0.0267278,81.943,159.089,2,1093
2019-07-08,69.2802,0.02543311,83.483,151.383,2,1094
2019-07-09,70.1641,0.02451232,84.549,145.902,2,1095
2019-07-10,70.9772,0.02384871,85.528,141.952,2,1096
2019-07-11,71.2648,0.02368696,85.875,140.989,2,1097
2019-07-12,71.1503,0.02335267,85.737,139.0,2,1098
2019-07-13,70.9939,0.02367961,85.548,140.946,2,1099
2019-07-14,71.2499,0.02239952,85.857,133.326,2,1100
2019-07-15,72.2196,0.0211029,87.025,125.608,2,1101
2019-07-16,71.3968,0.02101137,86.034,125.064,2,1102
2019-07-17,70.7764,0.02180195,85.286,129.769,2,1103
2019-07-18,71.4223,0.02127754,86.065,126.648,2,1104
2019-07-19,71.3324,0.02098625,85.956,124.914,2,1105
2019-07-20,71.1307,0.02123534,85.713,126.397,2,1106
2019-07-21,71.0622,0.02131051,85.631,126.844,2,1107
2019-07-22,71.2312,0.02103138,85.834,125.183,2,1108
2019-07-23,71.0388,0.02152316,85.603,128.11,2,1109
2019-07-24,70.3908,0.02214369,84.822,131.803,2,1110
2019-07-25,70.6231,0.02219203,85.102,132.091,2,1111
2019-07-26,70.1328,0.02230071,84.511,132.738,2,1112
2019-07-27,70.3446,0.02187498,84.766,130.204,2,1113
2019-07-28,70.3212,0.0221335,84.738,131.743,2,1114
2019-07-29,70.3385,0.02218405,84.759,132.044,2,1115
2019-07-30,70.2774,0.02190293,84.685,130.37,2,1116
2019-07-31,70.8181,0.0216809,85.337,129.049,2,1117
2019-08-01,71.6365,0.02089873,86.323,124.393,2,1118
2019-08-02,72.0833,0.02067175,86.861,123.042,2,1119
2019-08-03,72.3676,0.02052051,87.204,122.142,2,1120
2019-08-04,72.5717,0.02027837,87.45,120.701,2,1121
2019-08-05,73.5654,0.01970309,88.647,117.277,2,1122
2019-08-06,73.6058,0.01976008,88.696,117.616,2,1123
2019-08-07,74.4696,0.01888842,89.737,112.427,2,1124
2019-08-08,74.7752,0.01847426,90.105,109.962,2,1125
2019-08-09,75.5284,0.01769369,91.013,105.316,2,1126
2019-08-10,74.598,0.01825277,89.891,108.644,2,1127
2019-08-11,74.3553,0.01871518,89.599,111.396,2,1128
2019-08-12,74.4796,0.01853124,89.749,110.301,2,1129
2019-08-13,73.8815,0.01919542,89.028,114.255,2,1130
2019-08-14,74.4162,0.01859285,89.672,110.668,2,1131
2019-08-15,74.7467,0.01823619,90.071,108.545,2,1132
2019-08-16,75.1205,0.01788992,90.521,106.484,2,1133
2019-08-17,74.79,0.0181782,90.123,108.2,2,1134
2019-08-18,73.9694,0.01884622,89.134,112.176,2,1135
2019-08-19,74.6821,0.01862875,89.993,110.882,2,1136
2019-08-20,75.0471,0.01826299,90.433,108.705,2,1137
2019-08-21,74.6076,0.01847087,89.903,109.942,2,1138
2019-08-22,74.2081,0.01893295,89.422,112.693,2,1139
2019-08-23,74.401,0.01868846,89.654,111.237,2,1140
2019-08-24,74.1986,0.01883441,89.41,112.106,2,1141
2019-08-25,74.4176,0.01844732,89.674,109.802,2,1142
2019-08-26,74.7819,0.01819708,90.113,108.312,2,1143
2019-08-27,74.5807,0.01837915,89.871,109.396,2,1144
2019-08-28,74.9336,0.01780765,90.296,105.995,2,1145
2019-08-29,74.8109,0.0177948,90.148,105.918,2,1146
2019-08-30,75.0064,0.01757967,90.384,104.638,2,1147
2019-08-31,74.8448,0.01792579,90.189,106.698,2,1148
2019-09-01,75.1379,0.01753688,90.542,104.383,2,1149
2019-09-02,75.7931,0.01720867,91.332,102.429,2,1150
2019-09-03,76.1096,0.01687893,91.713,100.467,2,1151
2019-09-04,76.4133,0.01651941,92.079,98.327,2,1152
2019-09-05,76.5769,0.01649702,92.276,98.193,2,1153
2019-09-06,76.5649,0.0163811,92.262,97.503,2,1154
2019-09-07,76.0799,0.01698865,91.677,101.12,2,1155
2019-09-08,75.7059,0.01744979,91.226,103.864,2,1156
2019-09-09,75.7504,0.01755518,91.28,104.492,2,1157
2019-09-10,75.4376,0.01780653,90.903,105.988,2,1158
2019-09-11,75.7583,0.01755633,91.29,104.499,2,1159
2019-09-12,76.136,0.01738347,91.745,103.47,2,1160
2019-09-13,75.9704,0.01754541,91.545,104.434,2,1161
2019-09-14,75.48,0.01819818,90.954,108.319,2,1162
2019-09-15,75.4582,0.01838157,90.928,109.411,2,1163
2019-09-16,75.0274,0.01924683,90.409,114.561,2,1164
2019-09-17,73.5295,0.02052722,88.604,122.182,2,1165
2019-09-18,71.9097,0.02073759,86.652,123.434,2,1166
2019-09-19,72.2695,0.02157711,87.086,128.431,2,1167
2019-09-20,72.7891,0.02135623,87.712,127.116,2,1168
2019-09-21,72.713,0.02157934,87.62,128.444,2,1169
2019-09-22,73.4078,0.02100642,88.457,125.034,2,1170
2019-09-23,73.6147,0.02076056,88.707,123.571,2,1171
2019-09-24,74.2713,0.01955477,89.498,116.394,2,1172
2019-09-25,73.3096,0.02016185,88.339,120.007,2,1173
2019-09-26,72.7321,0.02055621,87.643,122.354,2,1174
2019-09-27,72.6868,0.021264,87.588,126.567,2,1175
2019-09-28,72.7565,0.02118987,87.672,126.126,2,1176
2019-09-29,72.7035,0.02106183,87.609,125.364,2,1177
2019-09-30,72.1123,0.02167361,86.896,129.005,2,1178
2019-10-01,72.6648,0.0212441,87.562,126.449,2,1179
2019-10-02,72.4246,0.02161205,87.272,128.639,2,1180
2019-10-03,72.6103,0.02125756,87.496,126.529,2,1181
2019-10-04,72.1622,0.0215786,86.956,128.44,2,1182
2019-10-05,72.0677,0.02163998,86.842,128.805,2,1183
2019-10-06,71.6654,0.02162487,86.358,128.715,2,1184
2019-10-07,71.1398,0.02200353,85.724,130.969,2,1185
2019-10-08,71.0977,0.02205936,85.674,131.301,2,1186
2019-10-09,71.3018,0.02258916,85.919,134.455,2,1187
2019-10-10,71.8281,0.02233295,86.554,132.93,2,1188
2019-10-11,71.7661,0.02182212,86.479,129.889,2,1189
2019-10-12,71.6549,0.02166329,86.345,128.944,2,1190
2019-10-13,71.3307,0.02188748,85.954,130.278,2,1191
2019-10-14,70.5026,0.02234752,84.956,133.017,2,1192
2019-10-15,70.6873,0.02209157,85.179,131.493,2,1193
2019-10-16,70.7099,0.02186392,85.206,130.138,2,1194
2019-10-17,70.0157,0.02193502,84.37,130.561,2,1195
2019-10-18,70.2125,0.0217519,84.607,129.471,2,1196
2019-10-19,70.4094,0.02159069,84.844,128.512,2,1197
2019-10-20,70.7959,0.02132871,85.31,126.953,2,1198
2019-10-21,70.8362,0.02121355,85.358,126.267,2,1199
2019-10-22,70.6427,0.02132984,85.125,126.959,2,1200
2019-10-23,70.4313,0.02163084,84.87,128.751,2,1201
2019-10-24,70.1783,0.02160135,84.566,128.575,2,1202
2019-10-25,71.4412,0.02092748,86.087,124.564,2,1203
2019-10-26,72.9798,0.01943,87.941,115.651,2,1204
2019-10-27,73.1671,0.01931047,88.167,114.94,2,1205
2019-10-28,72.7943,0.01961699,87.718,116.764,2,1206
2019-10-29,72.5355,0.02023394,87.406,120.436,2,1207
2019-10-30,72.6131,0.01995861,87.5,118.797,2,1208
2019-10-31,72.575,0.01992627,87.454,118.605,2,1209
2019-11-01,72.6573,0.01981999,87.553,117.972,2,1210
2019-11-02,72.6096,0.01967688,87.495,117.121,2,1211
2019-11-03,72.6641,0.01975181,87.561,117.567,2,1212
2019-11-04,72.4316,0.01975232,87.281,117.57,2,1213
2019-11-05,71.7896,0.02027881,86.507,120.703,2,1214
2019-11-06,71.6569,0.02047654,86.347,121.88,2,1215
2019-11-07,72.2586,0.02027746,87.072,120.695,2,1216
2019-11-08,72.0288,0.02093405,86.795,124.603,2,1217
2019-11-09,71.8206,0.02099275,86.545,124.953,2,1218
2019-11-10,71.9639,0.02090538,86.717,124.433,2,1219
2019-11-11,71.5767,0.02116544,86.251,125.981,2,1220
2019-11-12,71.8644,0.02122867,86.597,126.357,2,1221
2019-11-13,71.7781,0.02144852,86.493,127.666,2,1222
2019-11-14,71.8555,0.02137156,86.587,127.208,2,1223
2019-11-15,71.9538,0.02126062,86.705,126.547,2,1224
2019-11-16,71.8732,0.02150198,86.608,127.984,2,1225
2019-11-17,71.8176,0.02161391,86.541,128.65,2,1226
2019-11-18,71.907,0.02175862,86.649,129.511,2,1227
2019-11-19,71.8853,0.02161378,86.623,128.649,2,1228
2019-11-20,72.0198,0.02159457,86.785,128.535,2,1229
2019-11-21,71.9106,0.02111435,86.653,125.677,2,1230
2019-11-22,72.1032,0.02058065,86.885,122.5,2,1231
2019-11-23,71.8633,0.02079597,86.596,123.782,2,1232
2019-11-24,72.1395,0.02039016,86.929,121.366,2,1233
2019-11-25,72.469,0.02052967,87.326,122.196,2,1234
2019-11-26,72.3707,0.02064673,87.207,122.893,2,1235
2019-11-27,72.8589,0.02036018,87.796,121.188,2,1236
2019-11-28,72.8084,0.0203071,87.735,120.872,2,1237
2019-11-29,73.1015,0.01990985,88.088,118.507,2,1238
2019-11-30,72.996,0.02011809,87.961,119.747,2,1239
2019-12-01,72.6909,0.0204079,87.593,121.472,2,1240
2019-12-02,72.8763,0.02036709,87.817,121.229,2,1241
2019-12-03,72.9391,0.02018291,87.892,120.133,2,1242
2019-12-04,73.0283,0.0201936,88.0,120.196,2,1243
2019-12-05,73.1061,0.01999199,88.094,118.996,2,1244
2019-12-06,73.2391,0.01973667,88.254,117.476,2,1245
2019-12-07,73.1569,0.01963711,88.155,116.884,2,1246
2019-12-08,72.9525,0.02003448,87.909,119.249,2,1247
2019-12-09,72.9351,0.02007778,87.888,119.507,2,1248
2019-12-10,72.8545,0.02014581,87.79,119.912,2,1249
2019-12-11,72.9907,0.01987794,87.955,118.317,2,1250
2019-12-12,73.0332,0.02012196,88.006,119.77,2,1251
2019-12-13,73.0502,0.01995882,88.026,118.799,2,1252
2019-12-14,72.9899,0.02005944,87.954,119.398,2,1253
2019-12-15,73.0165,0.02001108,87.986,119.11,2,1254
2019-12-16,73.6619,0.01923458,88.763,114.488,2,1255
2019-12-17,74.8123,0.01838502,90.15,109.431,2,1256
2019-12-18,75.1364,0.01824166,90.54,108.578,2,1257
2019-12-19,75.4798,0.01789,90.954,106.485,2,1258
2019-12-20,75.1544,0.01784711,90.562,106.229,2,1259
2019-12-21,75.3566,0.01779998,90.806,105.949,2,1260
2019-12-22,75.6104,0.01765655,91.111,105.095,2,1261
2019-12-23,75.866,0.0174568,91.419,103.906,2,1262
2019-12-24,75.6426,0.01764276,91.15,105.013,2,1263
2019-12-25,75.7864,0.01736587,91.323,103.365,2,1264
2019-12-26,75.7556,0.01741692,91.286,103.669,2,1265
2019-12-27,75.7139,0.01743526,91.236,103.778,2,1266
2019-12-28,75.579,0.01752345,91.074,104.303,2,1267
2019-12-29,75.2911,0.01821522,90.727,108.42,2,1268
2019-12-30,75.2872,0.01816022,90.722,108.093,2,1269
2019-12-31,75.3492,0.01792996,90.797,106.723,2,1270
2020-01-01,75.262,0.01812447,90.692,107.88,2,1271
2020-01-02,75.2142,0.01824299,90.634,108.586,2,1272
2020-01-03,75.3449,0.01829051,90.791,108.869,2,1273
2020-01-04,75.3871,0.01825512,90.842,108.658,2,1274
2020-01-05,75.2275,0.0183761,90.65,109.378,2,1275
2020-01-06,74.4106,0.01854141,89.666,110.362,2,1276
2020-01-07,75.6818,0.01760662,91.197,104.798,2,1277
2020-01-08,75.9263,0.01747863,91.492,104.036,2,1278
2020-01-09,75.7444,0.01758619,91.273,104.676,2,1279
2020-01-10,75.7138,0.01768667,91.236,105.274,2,1280
2020-01-11,75.4344,0.01778461,90.899,105.857,2,1281
2020-01-12,75.4571,0.01781447,90.927,106.035,2,1282
2020-01-13,75.6069,0.01771873,91.107,105.465,2,1283
2020-01-14,74.8755,0.01880462,90.226,111.929,2,1284
2020-01-15,74.6995,0.01882253,90.014,112.035,2,1285
2020-01-16,74.7962,0.01881624,90.13,111.998,2,1286
2020-01-17,74.2295,0.01919031,89.447,114.224,2,1287
2020-01-18,74.0351,0.01960926,89.213,116.718,2,1288
2020-01-19,74.2293,0.01919938,89.447,114.278,2,1289
2020-01-20,74.0718,0.01932867,89.257,115.048,2,1290
2020-01-21,74.0534,0.01937627,89.235,115.331,2,1291
2020-01-22,74.0407,0.01937409,89.22,115.318,2,1292
2020-01-23,74.2594,0.01938191,89.483,115.365,2,1293
2020-01-24,74.546,0.01926155,89.829,114.648,2,1294
2020-01-25,74.5476,0.01923616,89.831,114.497,2,1295
2020-01-26,74.2614,0.01949633,89.486,116.046,2,1296
2020-01-27,74.7049,0.01908954,90.02,113.625,2,1297
2020-01-28,74.9693,0.0188522,90.339,112.212,2,1298
2020-01-29,75.065,0.01875835,90.454,111.653,2,1299
2020-01-30,74.5859,0.01937725,89.877,115.337,2,1300
2020-01-31,74.6976,0.01925384,90.011,114.603,2,1301
2020-02-01,74.4203,0.01956563,89.677,116.458,2,1302
2020-02-02,73.7994,0.02017243,88.929,120.07,2,1303
2020-02-03,73.5477,0.02040361,88.626,121.446,2,1304
2020-02-04,72.9707,0.02055057,87.93,122.321,2,1305
2020-02-05,72.6812,0.02130475,87.582,126.81,2,1306
2020-02-06,72.4456,0.02185476,87.298,130.084,2,1307
2020-02-07,72.2929,0.02274048,87.114,135.356,2,1308
2020-02-08,72.4605,0.0225978,87.316,134.506,2,1309
2020-02-09,72.5322,0.02250667,87.402,133.964,2,1310
2020-02-10,72.5192,0.02270377,87.386,135.137,2,1311
2020-02-11,72.4363,0.02313516,87.287,137.705,2,1312
2020-02-12,70.7968,0.02573803,85.311,153.198,2,1313
2020-02-13,69.9154,0.02617753,84.249,155.814,2,1314
2020-02-14,69.2929,0.02748902,83.499,163.62,2,1315
2020-02-15,70.0774,0.02673943,84.444,159.158,2,1316
2020-02-16,70.8385,0.02623869,85.361,156.178,2,1317
2020-02-17,70.4698,0.02753341,84.917,163.884,2,1318
2020-02-18,70.447,0.02781329,84.889,165.55,2,1319
2020-02-19,70.9349,0.02709395,85.477,161.268,2,1320
2020-02-20,71.1707,0.0269015,85.761,160.123,2,1321
2020-02-21,70.9138,0.02740826,85.452,163.139,2,1322
2020-02-22,71.0221,0.02705495,85.582,161.036,2,1323
2020-02-23,70.766,0.02757285,85.274,164.119,2,1324
2020-02-24,71.0967,0.02740122,85.672,163.097,2,1325
2020-02-25,71.6824,0.02659776,86.378,158.315,2,1326
2020-02-26,72.4478,0.02565171,87.3,152.684,2,1327
2020-02-27,72.111,0.0257886,86.895,153.499,2,1328
2020-02-28,72.03,0.02613239,86.797,155.545,2,1329
2020-02-29,72.2894,0.0256467,87.11,152.654,2,1330
2020-03-01,72.4325,0.02559464,87.282,152.344,2,1331
2020-03-02,72.1886,0.02595883,86.988,154.512,2,1332
2020-03-03,72.3305,0.02557742,87.159,152.242,2,1333
2020-03-04,72.328,0.0255992,87.156,152.371,2,1334
2020-03-05,72.6394,0.02513773,87.531,149.625,2,1335
2020-03-06,71.99,0.02671127,86.749,158.991,2,1336
2020-03-07,72.0726,0.02675339,86.848,159.241,2,1337
2020-03-08,73.2075,0.02500316,88.216,148.824,2,1338
2020-03-09,72.7141,0.02534718,87.621,150.871,2,1339
2020-03-10,72.5887,0.02539228,87.47,151.14,2,1340
2020-03-11,73.1812,0.024465,88.184,145.62,2,1341
2020-03-12,73.165,0.02224667,88.165,132.416,2,1342
2020-03-13,72.2745,0.02394587,87.092,142.53,2,1343
2020-03-14,72.4624,0.02372674,87.318,141.226,2,1344
2020-03-15,72.5576,0.02309456,87.433,137.463,2,1345
2020-03-16,73.1593,0.0220129,88.158,131.025,2,1346
2020-03-17,73.3988,0.02174429,88.446,129.426,2,1347
2020-03-18,73.444,0.02182357,88.501,129.898,2,1348
2020-03-19,73.5935,0.02214175,88.681,131.792,2,1349
2020-03-20,74.4277,0.02130372,89.686,126.804,2,1350
2020-03-21,74.245,0.02145649,89.466,127.713,2,1351
2020-03-22,74.5328,0.02100005,89.813,124.996,2,1352
2020-03-23,74.9201,0.02090367,90.28,124.423,2,1353
2020-03-24,75.2169,0.02057765,90.637,122.482,2,1354
2020-03-25,75.2815,0.02034322,90.715,121.087,2,1355
2020-03-26,74.4718,0.02052099,89.739,122.145,2,1356
2020-03-27,74.0249,0.02059557,89.201,122.589,2,1357
2020-03-28,73.6017,0.0210256,88.691,125.148,2,1358
2020-03-29,73.6757,0.02119928,88.78,126.182,2,1359
2020-03-30,74.2766,0.02064693,89.504,122.894,2,1360
2020-03-31,74.0584,0.02075562,89.241,123.541,2,1361
2020-04-01,74.5057,0.02045048,89.78,121.725,2,1362
2020-04-02,74.4878,0.02077979,89.759,123.685,2,1363
2020-04-03,74.2415,0.02099071,89.462,124.941,2,1364
2020-04-04,74.2873,0.02104031,89.517,125.236,2,1365
2020-04-05,74.2049,0.02105383,89.418,125.316,2,1366
2020-04-06,73.1382,0.02324002,88.132,138.329,2,1367
2020-04-07,73.343,0.02284732,88.379,135.992,2,1368
2020-04-08,72.8445,0.02350654,87.778,139.915,2,1369
2020-04-09,72.8535,0.02332787,87.789,138.852,2,1370
2020-04-10,73.0675,0.02296715,88.047,136.705,2,1371
2020-04-11,72.9724,0.02301721,87.933,137.003,2,1372
2020-04-12,73.026,0.02302006,87.997,137.02,2,1373
2020-04-13,73.0607,0.02290331,88.039,136.325,2,1374
2020-04-14,73.1063,0.02312636,88.094,137.652,2,1375
2020-04-15,73.0848,0.02308531,88.068,137.408,2,1376
2020-04-16,72.8368,0.02426704,87.769,144.442,2,1377
2020-04-17,72.7956,0.02432179,87.719,144.768,2,1378
2020-04-18,72.2433,0.02590043,87.054,154.164,2,1379
2020-04-19,72.5586,0.0253461,87.434,150.865,2,1380
2020-04-20,72.6045,0.02495359,87.489,148.528,2,1381
2020-04-21,72.4725,0.0249605,87.33,148.57,2,1382
2020-04-22,72.281,0.02563035,87.099,152.557,2,1383
2020-04-23,72.623,0.02479051,87.512,147.558,2,1384
2020-04-24,72.5372,0.02499477,87.408,148.774,2,1385
2020-04-25,72.2773,0.02570867,87.095,153.023,2,1386
2020-04-26,72.3799,0.02564559,87.219,152.647,2,1387
2020-04-27,72.4357,0.02527366,87.286,150.434,2,1388
2020-04-28,71.628,0.02541428,86.313,151.271,2,1389
2020-04-29,72.7397,0.02458205,87.652,146.317,2,1390
2020-04-30,73.5263,0.02391066,88.6,142.321,2,1391
2020-05-01,73.3682,0.02402041,88.409,142.974,2,1392
2020-05-02,73.2345,0.02385286,88.248,141.977,2,1393
2020-05-03,73.4709,0.02361418,88.533,140.556,2,1394
2020-05-04,73.633,0.0233014,88.729,138.694,2,1395
2020-05-05,74.0263,0.02280082,89.202,135.715,2,1396
2020-05-06,74.8008,0.02187765,90.136,130.22,2,1397
2020-05-07,75.6013,0.02131241,91.1,126.856,2,1398
2020-05-08,75.3302,0.02154439,90.774,128.236,2,1399
2020-05-09,74.9883,0.02200767,90.362,130.994,2,1400
2020-05-10,75.2332,0.02151942,90.657,128.088,2,1401
2020-05-11,75.2945,0.02161579,100.0,100.0,3,0
2020-05-12,75.0924,0.02152808,99.732,99.594,3,1
2020-05-13,75.5326,0.02144568,100.316,99.213,3,2
2020-05-14,76.2453,0.02076597,101.263,96.069,3,3
2020-05-15,75.9761,0.0209204,100.905,96.783,3,4
2020-05-16,75.7818,0.02137409,100.647,98.882,3,5
2020-05-17,76.0084,0.0213862,100.948,98.938,3,6
2020-05-18,75.6234,0.02207787,100.437,102.138,3,7
2020-05-19,75.7292,0.02192086,100.577,101.411,3,8
2020-05-20,75.5238,0.02204827,100.305,102.001,3,9
2020-05-21,75.5129,0.02193427,100.29,101.473,3,10
2020-05-22,75.0734,0.02260073,99.706,104.557,3,11
2020-05-23,75.1905,0.02252981,99.862,104.228,3,12
2020-05-24,74.8936,0.02298104,99.468,106.316,3,13
2020-05-25,74.8904,0.0229305,99.463,106.082,3,14
2020-05-26,75.0096,0.02273428,99.622,105.174,3,15
2020-05-27,75.2382,0.02263024,99.925,104.693,3,16
2020-05-28,75.3416,0.02292773,100.063,106.069,3,17
2020-05-29,75.1867,0.02340703,99.857,108.287,3,18
2020-05-30,74.3291,0.02513211,98.718,116.267,3,19
2020-05-31,74.5462,0.02453312,99.006,113.496,3,20
2020-06-01,74.8331,0.02442118,99.387,112.978,3,21
2020-06-02,74.1491,0.02493387,98.479,115.35,3,22
2020-06-03,73.9876,0.02529841,98.264,117.037,3,23
2020-06-04,74.3004,0.02482817,98.68,114.861,3,24
2020-06-05,74.2508,0.02492384,98.614,115.304,3,25
2020-06-06,74.1969,0.02503133,98.542,115.801,3,26
2020-06-07,74.3482,0.02507131,98.743,115.986,3,27
2020-06-08,74.2686,0.02517757,98.637,116.478,3,28
2020-06-09,74.4713,0.0249837,98.907,115.581,3,29
2020-06-10,74.4782,0.02504993,98.916,115.887,3,30
2020-06-11,74.7156,0.02488878,99.231,115.142,3,31
2020-06-12,74.5838,0.0250802,99.056,116.027,3,32
2020-06-13,74.5225,0.02516457,98.975,116.418,3,33
2020-06-14,74.7053,0.02484624,99.217,114.945,3,34
2020-06-15,74.8671,0.02448771,99.432,113.286,3,35
2020-06-16,74.8934,0.02469899,99.467,114.264,3,36
2020-06-17,74.7606,0.02473229,99.291,114.418,3,37
2020-06-18,74.889,0.02463592,99.461,113.972,3,38
2020-06-19,74.939,0.02463692,99.528,113.976,3,39
2020-06-20,75.0045,0.02446432,99.615,113.178,3,40
2020-06-21,75.0466,0.02451101,99.671,113.394,3,41
2020-06-22,74.9615,0.02511412,99.558,116.184,3,42
2020-06-23,74.8936,0.02527342,99.468,116.921,3,43
2020-06-24,74.8439,0.02526904,99.402,116.901,3,44
2020-06-25,74.9705,0.02513446,99.57,116.278,3,45
2020-06-26,74.8742,0.02507732,99.442,116.014,3,46
2020-06-27,75.372,0.02451626,100.103,113.418,3,47
2020-06-28,75.322,0.02464228,100.037,114.001,3,48
2020-06-29,75.2488,0.02482733,99.939,114.857,3,49
2020-06-30,75.2806,0.02468543,99.982,114.201,3,50
2020-07-01,75.1478,0.02501217,99.805,115.712,3,51
2020-07-02,75.1278,0.02492763,99.779,115.321,3,52
2020-07-03,75.1205,0.02482701,99.769,114.856,3,53
2020-07-04,74.9874,0.02507788,99.592,116.016,3,54
2020-07-05,75.0087,0.02507455,99.62,116.001,3,55
2020-07-06,74.4053,0.0258251,98.819,119.473,3,56
2020-07-07,74.3606,0.02583326,98.76,119.511,3,57
2020-07-08,73.3249,0.0261638,97.384,121.04,3,58
2020-07-09,72.9997,0.02617687,96.952,121.101,3,59
2020-07-10,73.3229,0.02595885,97.381,120.092,3,60
2020-07-11,72.9912,0.02590696,96.941,119.852,3,61
2020-07-12,73.0495,0.02597772,97.018,120.179,3,62
2020-07-13,73.2684,0.02591059,97.309,119.869,3,63
2020-07-14,73.1848,0.02598591,97.198,120.217,3,64
2020-07-15,73.1424,0.02592025,97.142,119.913,3,65
2020-07-16,73.0787,0.02557321,97.057,118.308,3,66
2020-07-17,73.0391,0.02542961,97.005,117.644,3,67
2020-07-18,72.8593,0.02570972,96.766,118.94,3,68
2020-07-19,72.8758,0.02596401,96.788,120.116,3,69
2020-07-20,73.2267,0.02578339,97.254,119.28,3,70
2020-07-21,73.1396,0.02612224,97.138,120.848,3,71
2020-07-22,72.5614,0.02771924,96.37,128.236,3,72
2020-07-23,72.1914,0.0286418,95.879,132.504,3,73
2020-07-24,72.1309,0.02931552,95.798,135.621,3,74
2020-07-25,71.0642,0.0314768,94.382,145.619,3,75
2020-07-26,71.4014,0.03131094,94.83,144.852,3,76
2020-07-27,72.9319,0.02926118,96.862,135.369,3,77
2020-07-28,72.5929,0.02905681,96.412,134.424,3,78
2020-07-29,72.6688,0.02861034,96.513,132.359,3,79
2020-07-30,72.0547,0.03017084,95.697,139.578,3,80
2020-07-31,71.7518,0.03053219,95.295,141.249,3,81
2020-08-01,70.3075,0.03281909,93.377,151.829,3,82
2020-08-02,69.7604,0.03354786,92.65,155.201,3,83
2020-08-03,69.0663,0.03430799,91.728,158.717,3,84
2020-08-04,68.9511,0.03487236,91.575,161.328,3,85
2020-08-05,69.6361,0.03417679,92.485,158.11,3,86
2020-08-06,69.8541,0.03347656,92.775,154.871,3,87
2020-08-07,70.2042,0.03278999,93.239,151.695,3,88
2020-08-08,70.1639,0.03341224,93.186,154.573,3,89
2020-08-09,70.2408,0.033319,93.288,154.142,3,90
2020-08-10,70.2175,0.03331049,93.257,154.103,3,91
2020-08-11,70.2856,0.03327685,93.348,153.947,3,92
2020-08-12,70.3729,0.03345063,93.464,154.751,3,93
2020-08-13,69.4566,0.03608114,92.247,166.92,3,94
2020-08-14,68.9014,0.03720585,91.509,172.123,3,95
2020-08-15,69.1178,0.03645508,91.797,168.65,3,96
2020-08-16,68.8864,0.03638254,91.489,168.315,3,97
2020-08-17,69.2115,0.03514532,91.921,162.591,3,98
2020-08-18,69.3614,0.03530035,92.12,163.308,3,99
2020-08-19,69.8258,0.03466684,92.737,160.377,3,100
2020-08-20,69.6044,0.03507555,92.443,162.268,3,101
2020-08-21,70.2948,0.03360093,93.36,155.446,3,102
2020-08-22,70.0824,0.03388998,93.078,156.783,3,103
2020-08-23,70.1233,0.03359855,93.132,155.435,3,104
2020-08-24,69.7649,0.03472755,92.656,160.658,3,105
2020-08-25,70.1631,0.03377264,93.185,156.241,3,106
2020-08-26,70.2988,0.03367697,93.365,155.798,3,107
2020-08-27,70.5946,0.03379233,93.758,156.332,3,108
2020-08-28,70.339,0.03426819,93.419,158.533,3,109
2020-08-29,69.9752,0.03484261,92.935,161.191,3,110
2020-08-30,69.3556,0.03660119,92.112,169.326,3,111
2020-08-31,69.1618,0.03734182,91.855,172.753,3,112
2020-09-01,68.1737,0.04016161,90.543,185.798,3,113
2020-09-02,68.8095,0.03865376,91.387,178.822,3,114
2020-09-03,69.4079,0.03737687,92.182,172.915,3,115
2020-09-04,69.4771,0.03692421,92.274,170.821,3,116
2020-09-05,71.2137,0.03272107,94.58,151.376,3,117
2020-09-06,70.539,0.03445009,93.684,159.375,3,118
2020-09-07,70.6642,0.0340288,93.85,157.426,3,119
2020-09-08,70.8565,0.03330979,94.106,154.099,3,120
2020-09-09,70.5073,0.03443706,93.642,159.314,3,121
2020-09-10,70.0684,0.03554852,93.059,164.456,3,122
2020-09-11,69.9104,0.03600326,92.849,166.56,3,123
2020-09-12,69.5076,0.03700459,92.314,171.192,3,124
2020-09-13,70.1954,0.03542173,93.228,163.87,3,125
2020-09-14,70.4349,0.03524438,93.546,163.049,3,126
2020-09-15,71.1489,0.03376229,94.494,156.193,3,127
2020-09-16,71.3167,0.03330702,94.717,154.087,3,128
2020-09-17,70.4254,0.03561043,93.533,164.743,3,129
2020-09-18,70.7457,0.03500529,93.959,161.943,3,130
2020-09-19,70.8531,0.03478908,94.101,160.943,3,131
2020-09-20,71.1655,0.03398953,94.516,157.244,3,132
2020-09-21,71.7682,0.03275408,95.317,151.528,3,133
2020-09-22,71.7757,0.03265294,95.327,151.061,3,134
2020-09-23,72.429,0.03132798,96.194,144.931,3,135
2020-09-24,72.0548,0.03251165,95.697,150.407,3,136
2020-09-25,71.4891,0.03292083,94.946,152.3,3,137
2020-09-26,71.5048,0.03301062,94.967,152.715,3,138
2020-09-27,71.4909,0.03310046,94.948,153.131,3,139
2020-09-28,71.4689,0.03313578,94.919,153.294,3,140
2020-09-29,71.4917,0.03317929,94.949,153.496,3,141
2020-09-30,71.3359,0.03341673,94.743,154.594,3,142
2020-10-01,71.4018,0.03322085,94.83,153.688,3,143
2020-10-02,71.7239,0.03271503,95.258,151.348,3,144
2020-10-03,71.6697,0.03284034,95.186,151.928,3,145
2020-10-04,71.2338,0.03303506,94.607,152.828,3,146
2020-10-05,71.3252,0.03278601,94.728,151.676,3,147
2020-10-06,71.5759,0.03209622,95.061,148.485,3,148
2020-10-07,71.5701,0.03198216,95.054,147.957,3,149
2020-10-08,71.6212,0.03215103,95.121,148.739,3,150
2020-10-09,71.3434,0.03307246,94.752,153.001,3,151
2020-10-10,71.5171,0.03284859,94.983,151.966,3,152
2020-10-11,71.4746,0.03288247,94.927,152.122,3,153
2020-10-12,71.371,0.03356923,94.789,155.3,3,154
2020-10-13,71.3741,0.03336645,94.793,154.361,3,155
2020-10-14,71.6606,0.03318082,95.174,153.503,3,156
2020-10-15,71.9417,0.03281897,95.547,151.829,3,157
2020-10-16,72.0573,0.03230447,95.701,149.448,3,158
2020-10-17,71.9738,0.03241439,95.59,149.957,3,159
2020-10-18,71.9285,0.03289243,95.53,152.169,3,160
2020-10-19,72.0503,0.03230624,95.691,149.457,3,161
2020-10-20,72.8839,0.03091875,96.798,143.038,3,162
2020-10-21,73.3539,0.03054625,97.423,141.315,3,163
2020-10-22,72.8072,0.03188586,96.697,147.512,3,164
2020-10-23,72.9509,0.0316009,96.887,146.194,3,165
2020-10-24,73.0001,0.03143763,96.953,145.438,3,166
2020-10-25,73.1534,0.03118801,97.156,144.283,3,167
2020-10-26,73.7065,0.03012164,97.891,139.35,3,168
2020-10-27,74.2066,0.02954515,98.555,136.683,3,169
2020-10-28,74.3242,0.02926213,98.711,135.374,3,170
2020-10-29,74.7633,0.02870369,99.295,132.79,3,171
2020-10-30,75.1166,0.02819878,99.764,130.455,3,172
2020-10-31,75.2533,0.02799875,99.945,129.529,3,173
2020-11-01,74.9105,0.02879673,99.49,133.221,3,174
2020-11-02,75.2421,0.02823335,99.93,130.614,3,175
2020-11-03,75.5721,0.02775956,100.369,128.423,3,176
2020-11-04,75.4855,0.02843736,100.254,131.558,3,177
2020-11-05,76.5385,0.02671952,101.652,123.611,3,178
2020-11-06,75.2115,0.02922394,99.89,135.197,3,179
2020-11-07,75.1257,0.0293799,99.776,135.919,3,180
2020-11-08,75.2663,0.02937908,99.963,135.915,3,181
2020-11-09,75.449,0.02901783,100.205,134.244,3,182
2020-11-10,75.2102,0.02947278,99.888,136.348,3,183
2020-11-11,75.3679,0.02950917,100.097,136.517,3,184
2020-11-12,76.04,0.02841447,100.99,131.452,3,185
2020-11-13,75.4744,0.02918368,100.239,135.011,3,186
2020-11-14,75.4793,0.02872632,100.245,132.895,3,187
2020-11-15,75.6695,0.02810737,100.498,130.032,3,188
2020-11-16,75.6871,0.02760875,100.521,127.725,3,189
2020-11-17,75.8696,0.0272984,100.764,126.289,3,190
2020-11-18,76.2983,0.02693065,101.333,124.588,3,191
2020-11-19,76.2828,0.02644137,101.313,122.324,3,192
2020-11-20,75.8266,0.02730224,100.707,126.307,3,193
2020-11-21,72.5923,0.02925993,96.411,135.364,3,194
2020-11-22,72.4034,0.03057623,96.16,141.453,3,195
2020-11-23,68.74,0.0330488,91.295,152.892,3,196
2020-11-24,67.5009,0.03157001,89.649,146.051,3,197
2020-11-25,68.5224,0.03030912,91.006,140.217,3,198
2020-11-26,69.4765,0.03029134,92.273,140.135,3,199
2020-11-27,68.5253,0.03023353,91.01,139.868,3,200
2020-11-28,67.8504,0.03047719,90.113,140.995,3,201
2020-11-29,68.1796,0.03160232,90.551,146.2,3,202
2020-11-30,68.2451,0.03119695,90.638,144.325,3,203
2020-12-01,68.6921,0.03125572,91.231,144.597,3,204
2020-12-02,68.6434,0.03116994,91.167,144.2,3,205
2020-12-03,68.6345,0.03171774,91.155,146.734,3,206
2020-12-04,69.8933,0.03054386,92.827,141.303,3,207
2020-12-05,69.4522,0.03112357,92.241,143.985,3,208
2020-12-06,69.0198,0.03111371,91.666,143.94,3,209
2020-12-07,69.2636,0.0308526,91.99,142.732,3,210
2020-12-08,69.9248,0.03022295,92.868,139.819,3,211
2020-12-09,69.2266,0.03091378,91.941,143.015,3,212
2020-12-10,69.4203,0.03063433,92.198,141.722,3,213
2020-12-11,69.9038,0.03020102,92.841,139.717,3,214
2020-12-12,70.783,0.03022042,94.008,139.807,3,215
2020-12-13,70.4656,0.0308269,93.587,142.613,3,216
2020-12-14,70.9062,0.03040793,94.172,140.675,3,217
2020-12-15,71.5248,0.03030995,94.993,140.221,3,218
2020-12-16,71.116,0.02976994,94.45,137.723,3,219
2020-12-17,71.9757,0.02820574,95.592,130.487,3,220
2020-12-18,71.9623,0.02828829,95.574,130.869,3,221
2020-12-19,72.5142,0.02765311,96.307,127.93,3,222
2020-12-20,72.9097,0.02713988,96.833,125.556,3,223
2020-12-21,73.4769,0.02670512,97.586,123.545,3,224
2020-12-22,74.7572,0.0266944,99.286,123.495,3,225
2020-12-23,78.1533,0.02525001,103.797,116.813,3,226
2020-12-24,76.3756,0.02580998,101.436,119.403,3,227
2020-12-25,77.3287,0.02536933,102.702,117.365,3,228
2020-12-26,78.6539,0.02401258,104.462,111.088,3,229
2020-12-27,78.0174,0.02604837,103.616,120.506,3,230
2020-12-28,78.3406,0.02701686,104.046,124.987,3,231
2020-12-29,78.8716,0.02687859,104.751,124.347,3,232
2020-12-30,79.7425,0.02604327,105.907,120.483,3,233
2020-12-31,79.9557,0.02546374,106.191,117.802,3,234
2021-01-01,80.0287,0.02487737,106.288,115.089,3,235
2021-01-02,80.8867,0.02421086,107.427,112.005,3,236
2021-01-03,78.6059,0.02976051,104.398,137.679,3,237
2021-01-04,77.0591,0.03239776,102.344,149.88,3,238
2021-01-05,77.1984,0.03238627,102.529,149.827,3,239
2021-01-06,75.8239,0.03273049,100.703,151.419,3,240
2021-01-07,76.5406,0.03111549,101.655,143.948,3,241
2021-01-08,77.3317,0.02991707,102.706,138.404,3,242
2021-01-09,76.3149,0.03187883,101.355,147.479,3,243
2021-01-10,75.8585,0.03301482,100.749,152.735,3,244
2021-01-11,76.8566,0.03070373,102.075,142.043,3,245
2021-01-12,76.4032,0.03081469,101.472,142.556,3,246
2021-01-13,76.7855,0.03024212,101.98,139.908,3,247
2021-01-14,76.8761,0.03105655,102.101,143.675,3,248
2021-01-15,76.5619,0.03180705,101.683,147.147,3,249
2021-01-16,75.5845,0.03404099,100.385,157.482,3,250
2021-01-17,75.3173,0.03443447,100.03,159.302,3,251
2021-01-18,75.398,0.03421726,100.137,158.298,3,252
2021-01-19,73.8602,0.03823668,98.095,176.892,3,253
2021-01-20,73.7616,0.03851343,97.964,178.173,3,254
2021-01-21,74.3372,0.0365115,98.729,168.911,3,255
2021-01-22,74.1711,0.03745091,98.508,173.257,3,256
2021-01-23,73.655,0.03848017,97.823,178.019,3,257
2021-01-24,72.1334,0.04306015,95.802,199.207,3,258
2021-01-25,73.017,0.04088895,96.975,189.162,3,259
2021-01-26,72.7855,0.0417225,96.668,193.019,3,260
2021-01-27,73.0612,0.04104025,97.034,189.862,3,261
2021-01-28,72.9896,0.04003949,96.939,185.233,3,262
2021-01-29,72.6076,0.04049063,96.431,187.32,3,263
2021-01-30,71.4986,0.04017094,94.959,185.841,3,264
2021-01-31,70.946,0.03972957,94.225,183.799,3,265
2021-02-01,71.4938,0.04080858,94.952,188.791,3,266
2021-02-02,71.1276,0.04281835,94.466,198.088,3,267
2021-02-03,70.7478,0.04416157,93.961,204.302,3,268
2021-02-04,70.5599,0.04331893,93.712,200.404,3,269
2021-02-05,70.0089,0.0452217,92.98,209.207,3,270
2021-02-06,70.7526,0.042797,93.968,197.99,3,271
2021-02-07,70.9906,0.04143379,94.284,191.683,3,272
2021-02-08,73.0416,0.03780294,97.008,174.886,3,273
2021-02-09,72.8667,0.03804302,96.776,175.996,3,274
2021-02-10,72.0017,0.03878182,95.627,179.414,3,275
2021-02-11,72.5574,0.03728288,96.365,172.48,3,276
2021-02-12,70.9731,0.0388521,94.261,179.739,3,277
2021-02-13,70.488,0.03853984,93.616,178.295,3,278
2021-02-14,71.8211,0.03709959,95.387,171.632,3,279
2021-02-15,72.1031,0.03715489,95.761,171.888,3,280
2021-02-16,72.8641,0.03623537,96.772,167.634,3,281
2021-02-17,73.3164,0.03533254,97.373,163.457,3,282
2021-02-18,72.5351,0.03741353,96.335,173.084,3,283
2021-02-19,73.5201,0.0351309,97.643,162.524,3,284
2021-02-20,74.342,0.03424168,98.735,158.41,3,285
2021-02-21,74.479,0.03363234,98.917,155.592,3,286
2021-02-22,74.4219,0.03282925,98.841,151.876,3,287
2021-02-23,75.2077,0.0321876,99.885,148.908,3,288
2021-02-24,74.9971,0.03261348,99.605,150.878,3,289
2021-02-25,75.5124,0.03135427,100.289,145.053,3,290
2021-02-26,75.4418,0.03119723,100.196,144.326,3,291
2021-02-27,74.8001,0.03172352,99.343,146.761,3,292
2021-02-28,75.1441,0.03142422,99.8,145.376,3,293
2021-03-01,75.3449,0.03149498,100.067,145.704,3,294
2021-03-02,75.4693,0.03084335,100.232,142.689,3,295
2021-03-03,75.4801,0.0312498,100.246,144.569,3,296
2021-03-04,74.9991,0.03172961,99.608,146.789,3,297
2021-03-05,75.3502,0.03136915,100.074,145.121,3,298
2021-03-06,74.4382,0.03389464,98.863,156.805,3,299
2021-03-07,74.7334,0.03365198,99.255,155.682,3,300
2021-03-08,74.22,0.03505814,98.573,162.188,3,301
2021-03-09,74.7521,0.03401641,99.28,157.368,3,302
2021-03-10,75.8911,0.03213741,100.792,148.676,3,303
2021-03-11,76.3738,0.03159551,101.433,146.169,3,304
2021-03-12,76.8126,0.03084529,102.016,142.698,3,305
2021-03-13,76.7246,0.0314447,101.899,145.471,3,306
2021-03-14,76.8449,0.03128503,102.059,144.732,3,307
2021-03-15,76.3181,0.03201834,101.359,148.125,3,308
2021-03-16,76.24,0.0318042,101.256,147.134,3,309
2021-03-17,76.662,0.03099476,101.816,143.389,3,310
2021-03-18,76.6852,0.0308609,101.847,142.77,3,311
2021-03-19,76.6386,0.03112313,101.785,143.983,3,312
2021-03-20,76.2089,0.03112122,101.214,143.974,3,313
2021-03-21,76.2728,0.03106684,101.299,143.723,3,314
2021-03-22,75.8736,0.03101959,100.769,143.504,3,315
2021-03-23,76.0213,0.03063859,100.965,141.742,3,316
2021-03-24,76.6128,0.0301715,101.751,139.581,3,317
2021-03-25,76.1156,0.03082484,101.091,142.603,3,318
2021-03-26,75.9732,0.03093279,100.901,143.103,3,319
2021-03-27,76.2942,0.03066983,101.328,141.886,3,320
2021-03-28,76.3352,0.03024718,101.382,139.931,3,321
2021-03-29,75.9241,0.03145917,100.836,145.538,3,322
2021-03-30,76.0942,0.03136897,101.062,145.121,3,323
2021-03-31,75.606,0.03260433,100.414,150.836,3,324
2021-04-01,75.0884,0.03351369,99.726,155.043,3,325
2021-04-02,73.9379,0.03615134,98.198,167.245,3,326
2021-04-03,74.3349,0.03535378,98.726,163.555,3,327
2021-04-04,73.929,0.03569273,98.186,165.123,3,328
2021-04-05,72.0714,0.03573308,95.719,165.31,3,329
2021-04-06,70.747,0.03644547,93.96,168.606,3,330
2021-04-07,71.9101,0.0352854,95.505,163.239,3,331
2021-04-08,71.2898,0.03585973,94.681,165.896,3,332
2021-04-09,71.6071,0.03558985,95.103,164.647,3,333
2021-04-10,69.7704,0.03571051,92.663,165.206,3,334
2021-04-11,69.6539,0.03577953,92.509,165.525,3,335
2021-04-12,69.2731,0.03576989,92.003,165.48,3,336
2021-04-13,67.9512,0.03621828,90.247,167.555,3,337
2021-04-14,66.8632,0.03865625,88.802,178.833,3,338
2021-04-15,66.5286,0.03984716,88.358,184.343,3,339
2021-04-16,66.0658,0.03943981,87.743,182.458,3,340
2021-04-17,66.5353,0.03885412,88.367,179.749,3,341
2021-04-18,66.2509,0.03978543,87.989,184.057,3,342
2021-04-19,66.5996,0.03886555,88.452,179.802,3,343
2021-04-20,66.0816,0.04123118,87.764,190.746,3,344
2021-04-21,65.5497,0.04375678,87.058,202.43,3,345
2021-04-22,65.4496,0.04663857,86.925,215.762,3,346
2021-04-23,65.6156,0.04625904,87.145,214.006,3,347
2021-04-24,66.3684,0.04448267,88.145,205.788,3,348
2021-04-25,65.7648,0.04700103,87.343,217.438,3,349
2021-04-26,64.8433,0.04682799,86.12,216.638,3,350
2021-04-27,64.3144,0.04809181,85.417,222.485,3,351
2021-04-28,63.7467,0.05001573,84.663,231.385,3,352
2021-04-29,63.1096,0.05153365,83.817,238.407,3,353
2021-04-30,63.6663,0.0479775,84.556,221.956,3,354
2021-05-01,62.4063,0.0509702,82.883,235.801,3,355
2021-05-02,62.2444,0.05218917,82.668,241.44,3,356
2021-05-03,60.2112,0.05993127,79.968,277.257,3,357
2021-05-04,59.5393,0.06095758,79.075,282.005,3,358
2021-05-05,58.5191,0.06148935,77.72,284.465,3,359
2021-05-06,58.3364,0.06192654,77.478,286.488,3,360
2021-05-07,58.5136,0.06073539,77.713,280.977,3,361
2021-05-08,57.892,0.06617336,76.887,306.134,3,362
2021-05-09,57.848,0.06718455,76.829,310.812,3,363
2021-05-10,57.5859,0.07073481,76.481,327.237,3,364
2021-05-11,56.5192,0.07340784,75.064,339.603,3,365
2021-05-12,55.8809,0.0779933,74.216,360.816,3,366
2021-05-13,55.8263,0.0746863,74.144,345.517,3,367
2021-05-14,53.942,0.08173845,71.641,378.142,3,368
2021-05-15,54.0035,0.0780608,71.723,361.129,3,369
2021-05-16,53.8889,0.07748042,71.571,358.444,3,370
2021-05-17,53.9391,0.07541618,71.638,348.894,3,371
2021-05-18,52.8579,0.07871593,70.202,364.159,3,372
2021-05-19,57.4275,0.06736362,76.271,311.641,3,373
2021-05-20,57.21,0.0680874,75.982,314.989,3,374
2021-05-21,58.5158,0.06493686,77.716,300.414,3,375
2021-05-22,60.0395,0.06165333,79.74,285.224,3,376
2021-05-23,60.7047,0.06055058,80.623,280.122,3,377
2021-05-24,58.2702,0.0679819,77.39,314.501,3,378
2021-05-25,57.7782,0.07046257,76.736,325.977,3,379
2021-05-26,56.9925,0.07319122,75.693,338.601,3,380
2021-05-27,57.7404,0.07122935,76.686,329.525,3,381
2021-05-28,58.4031,0.06785185,77.566,313.899,3,382
2021-05-29,59.1353,0.06599591,78.539,305.313,3,383
2021-05-30,58.701,0.06708462,77.962,310.35,3,384
2021-05-31,57.0226,0.07233984,75.733,334.662,3,385
2021-06-01,56.7718,0.07163401,75.4,331.397,3,386
2021-06-02,56.5129,0.07208287,75.056,333.473,3,387
2021-06-03,56.7408,0.0729977,75.358,337.705,3,388
2021-06-04,56.9074,0.07291102,75.58,337.304,3,389
2021-06-05,56.7709,0.07356686,75.398,340.339,3,390
2021-06-06,56.255,0.07575736,74.713,350.472,3,391
2021-06-07,56.3209,0.07709907,74.801,356.679,3,392
2021-06-08,56.5524,0.0752518,75.108,348.133,3,393
2021-06-09,58.374,0.06971963,77.528,322.54,3,394
2021-06-10,59.1498,0.06738121,78.558,311.722,3,395
2021-06-11,60.5869,0.06306324,80.467,291.746,3,396
2021-06-12,59.3831,0.06674785,78.868,308.792,3,397
2021-06-13,60.3014,0.06434475,80.087,297.675,3,398
2021-06-14,60.698,0.06370058,80.614,294.695,3,399
2021-06-15,60.9132,0.06341481,80.9,293.373,3,400
2021-06-16,61.2927,0.0617004,81.404,285.441,3,401
2021-06-17,61.0393,0.06229545,81.067,288.194,3,402
2021-06-18,60.9692,0.06228806,80.974,288.16,3,403
2021-06-19,61.4589,0.06116425,81.625,282.961,3,404
2021-06-20,60.9771,0.06299627,80.985,291.436,3,405
2021-06-21,63.0857,0.05992065,83.785,277.208,3,406
2021-06-22,64.2927,0.0576524,85.388,266.714,3,407
2021-06-23,63.2124,0.05837789,83.954,270.071,3,408
2021-06-24,63.1803,0.05732038,83.911,265.178,3,409
2021-06-25,63.1358,0.05737519,83.852,265.432,3,410
2021-06-26,63.4186,0.0565048,84.227,261.405,3,411
2021-06-27,63.5043,0.05693195,84.341,263.381,3,412
2021-06-28,62.5569,0.06048601,83.083,279.823,3,413
2021-06-29,62.3789,0.06038859,82.847,279.373,3,414
2021-06-30,61.2098,0.06480077,81.294,299.784,3,415
2021-07-01,61.6217,0.06311151,81.841,291.969,3,416
2021-07-02,61.6616,0.06364157,81.894,294.422,3,417
2021-07-03,61.6291,0.06406525,81.851,296.382,3,418
2021-07-04,61.1939,0.06578638,81.273,304.344,3,419
2021-07-05,61.3596,0.06542369,81.493,302.666,3,420
2021-07-06,60.7659,0.06793189,80.704,314.27,3,421
2021-07-07,60.7878,0.06828674,80.733,315.911,3,422
2021-07-08,61.8577,0.06456265,82.154,298.683,3,423
2021-07-09,62.1163,0.06350527,82.498,293.791,3,424
2021-07-10,62.3059,0.06298734,82.75,291.395,3,425
2021-07-11,62.5159,0.06247199,83.029,289.011,3,426
2021-07-12,62.6654,0.06135557,83.227,283.846,3,427
2021-07-13,63.2246,0.05942166,83.97,274.899,3,428
2021-07-14,62.9247,0.06074836,83.571,281.037,3,429
2021-07-15,63.0165,0.0603284,83.693,279.094,3,430
2021-07-16,63.2896,0.0597064,84.056,276.217,3,431
2021-07-17,63.1662,0.06012961,83.892,278.174,3,432
2021-07-18,63.3579,0.05969174,84.147,276.149,3,433
2021-07-19,63.7228,0.05900273,84.631,272.961,3,434
2021-07-20,63.4999,0.05997764,84.335,277.471,3,435
2021-07-21,62.9987,0.06181548,83.67,285.974,3,436
2021-07-22,62.4364,0.06255377,82.923,289.389,3,437
2021-07-23,62.3868,0.06318008,82.857,292.287,3,438
2021-07-24,62.3704,0.06378504,82.835,295.085,3,439
2021-07-25,62.9825,0.06228499,83.648,288.146,3,440
2021-07-26,63.8895,0.05985238,84.853,276.892,3,441
2021-07-27,64.4835,0.05843167,85.642,270.319,3,442
2021-07-28,64.391,0.05751321,85.519,266.07,3,443
2021-07-29,63.66,0.05948322,84.548,275.184,3,444
2021-07-30,64.1351,0.05865814,85.179,271.367,3,445
2021-07-31,63.5053,0.06087996,84.343,281.646,3,446
2021-08-01,62.5834,0.0641432,83.118,296.742,3,447
2021-08-02,61.7965,0.06663517,82.073,308.271,3,448
2021-08-03,62.0642,0.06563051,82.429,303.623,3,449
2021-08-04,61.4487,0.06858602,81.611,317.296,3,450
2021-08-05,61.5312,0.06901371,81.721,319.275,3,451
2021-08-06,62.0948,0.06749264,82.469,312.238,3,452
2021-08-07,60.8532,0.07066174,80.82,326.899,3,453
2021-08-08,61.5338,0.06884671,81.724,318.502,3,454
2021-08-09,61.702,0.06826381,81.948,315.805,3,455
2021-08-10,61.1857,0.06906589,81.262,319.516,3,456
2021-08-11,60.2703,0.06936992,80.046,320.922,3,457
2021-08-12,60.5493,0.06841595,80.417,316.509,3,458
2021-08-13,60.0099,0.06950238,79.7,321.535,3,459
2021-08-14,58.9482,0.0693691,78.29,320.919,3,460
2021-08-15,58.4948,0.07032972,77.688,325.363,3,461
2021-08-16,59.2218,0.06867007,78.654,317.685,3,462
2021-08-17,59.8714,0.067553,79.516,312.517,3,463
2021-08-18,59.613,0.0676535,79.173,312.982,3,464
2021-08-19,59.4305,0.06804256,78.931,314.782,3,465
2021-08-20,59.9258,0.0665752,79.589,307.993,3,466
2021-08-21,60.2604,0.06591994,80.033,304.962,3,467
2021-08-22,60.3282,0.06575517,80.123,304.2,3,468
2021-08-23,59.9369,0.06700099,79.603,309.963,3,469
2021-08-24,60.4598,0.06642779,80.298,307.311,3,470
2021-08-25,60.6481,0.06588879,80.548,304.818,3,471
2021-08-26,60.8315,0.06612786,80.791,305.924,3,472
2021-08-27,60.4701,0.06666901,80.311,308.427,3,473
2021-08-28,60.7372,0.06637682,80.666,307.076,3,474
2021-08-29,60.86,0.06600661,80.829,305.363,3,475
2021-08-30,60.2274,0.0687174,79.989,317.904,3,476
2021-08-31,58.9564,0.07268112,78.301,336.241,3,477
2021-09-01,57.7652,0.07792039,76.719,360.479,3,478
2021-09-02,57.9525,0.07680631,76.968,355.325,3,479
2021-09-03,57.4704,0.07859087,76.327,363.581,3,480
2021-09-04,57.719,0.07784982,76.658,360.153,3,481
2021-09-05,57.9285,0.07642122,76.936,353.543,3,482
2021-09-06,58.104,0.07463507,77.169,345.28,3,483
2021-09-07,59.1711,0.07326632,78.586,338.948,3,484
2021-09-08,58.5692,0.07594566,77.787,351.343,3,485
2021-09-09,59.1239,0.07390644,78.524,341.91,3,486
2021-09-10,59.689,0.07157728,79.274,331.134,3,487
2021-09-11,59.4478,0.07226855,78.954,334.332,3,488
2021-09-12,58.9396,0.07400767,78.279,342.378,3,489
2021-09-13,59.3099,0.07311488,78.771,338.248,3,490
2021-09-14,59.5459,0.07272405,79.084,336.439,3,491
2021-09-15,59.1312,0.07455403,78.533,344.905,3,492
2021-09-16,59.2481,0.07464269,78.688,345.316,3,493
2021-09-17,59.9411,0.07193917,79.609,332.808,3,494
2021-09-18,60.2258,0.07105268,79.987,328.707,3,495
2021-09-19,60.4551,0.07031126,80.292,325.277,3,496
2021-09-20,60.9188,0.06919456,80.907,320.111,3,497
2021-09-21,61.2414,0.0677544,81.336,313.449,3,498
2021-09-22,60.2537,0.070305,80.024,325.248,3,499
2021-09-23,60.4571,0.07016059,80.294,324.58,3,500
2021-09-24,60.9558,0.06851245,80.957,316.956,3,501
2021-09-25,60.9537,0.0686201,80.954,317.454,3,502
2021-09-26,60.5986,0.07068176,80.482,326.991,3,503
2021-09-27,60.9048,0.06947576,80.889,321.412,3,504
2021-09-28,61.1854,0.06830025,81.261,315.974,3,505
2021-09-29,60.9534,0.06858869,80.953,317.308,3,506
2021-09-30,61.1317,0.06855691,81.19,317.161,3,507
2021-10-01,61.1954,0.06862666,81.275,317.484,3,508
2021-10-02,60.5134,0.07101243,80.369,328.521,3,509
2021-10-03,60.5302,0.0709596,80.391,328.277,3,510
2021-10-04,61.1349,0.06881165,81.194,318.34,3,511
2021-10-05,61.361,0.0682806,81.495,315.883,3,512
2021-10-06,62.5845,0.06475004,83.12,299.55,3,513
2021-10-07,62.036,0.06670935,82.391,308.614,3,514
2021-10-08,62.2827,0.06602746,82.719,305.459,3,515
2021-10-09,62.1661,0.06507566,82.564,301.056,3,516
2021-10-10,62.9694,0.06274079,83.631,290.254,3,517
2021-10-11,63.6484,0.0614351,84.533,284.214,3,518
2021-10-12,63.5146,0.06212629,84.355,287.412,3,519
2021-10-13,63.2382,0.06273117,83.988,290.21,3,520
2021-10-14,62.4114,0.06598599,82.89,305.268,3,521
2021-10-15,63.651,0.06284717,84.536,290.747,3,522
2021-10-16,63.4294,0.06296797,84.242,291.305,3,523
2021-10-17,63.8685,0.06241879,84.825,288.765,3,524
2021-10-18,64.4376,0.06044279,85.581,279.623,3,525
2021-10-19,64.7282,0.0602736,85.967,278.841,3,526
2021-10-20,63.9289,0.06287123,84.905,290.858,3,527
2021-10-21,63.2371,0.06517419,83.986,301.512,3,528
2021-10-22,63.0061,0.06544,83.68,302.742,3,529
2021-10-23,62.3934,0.06791141,82.866,314.175,3,530
2021-10-24,62.519,0.06697714,83.033,309.853,3,531
2021-10-25,62.7419,0.06686179,83.329,309.319,3,532
2021-10-26,62.1082,0.06839477,82.487,316.411,3,533
2021-10-27,62.815,0.06740774,83.426,311.845,3,534
2021-10-28,61.7102,0.07064807,81.958,326.835,3,535
2021-10-29,61.7279,0.07091643,81.982,328.077,3,536
2021-10-30,62.0664,0.06982734,82.432,323.039,3,537
2021-10-31,61.7514,0.06989676,82.013,323.36,3,538
2021-11-01,61.6217,0.07080766,81.841,327.574,3,539
2021-11-02,61.1751,0.07277109,81.248,336.657,3,540
2021-11-03,60.8655,0.07304869,80.837,337.941,3,541
2021-11-04,60.6228,0.07387709,80.514,341.774,3,542
2021-11-05,60.8708,0.07338473,80.844,339.496,3,543
2021-11-06,60.941,0.07341369,80.937,339.63,3,544
2021-11-07,60.9321,0.07311249,80.925,338.236,3,545
2021-11-08,61.4633,0.07123233,81.631,329.538,3,546
2021-11-09,61.4656,0.07058135,81.634,326.527,3,547
2021-11-10,61.494,0.07134396,81.671,330.055,3,548
2021-11-11,60.993,0.07277606,81.006,336.68,3,549
2021-11-12,61.0761,0.07276586,81.116,336.633,3,550
2021-11-13,61.2279,0.07212891,81.318,333.686,3,551
2021-11-14,61.568,0.0708805,81.77,327.911,3,552
2021-11-15,61.3249,0.07167305,81.447,331.577,3,553
2021-11-16,61.8513,0.07019158,82.146,324.724,3,554
2021-11-17,61.6836,0.07091095,81.923,328.052,3,555
2021-11-18,61.8785,0.07017754,82.182,324.659,3,556
2021-11-19,60.7537,0.07396975,80.688,342.202,3,557
2021-11-20,60.9422,0.07386081,80.938,341.698,3,558
2021-11-21,61.1803,0.07301184,81.255,337.771,3,559
2021-11-22,61.1852,0.07265898,81.261,336.138,3,560
2021-11-23,60.533,0.07543347,80.395,348.974,3,561
2021-11-24,60.8816,0.0745858,80.858,345.052,3,562
2021-11-25,60.4499,0.07670134,80.285,354.839,3,563
2021-11-26,60.772,0.07531528,80.712,348.427,3,564
2021-11-27,60.992,0.07480292,81.005,346.057,3,565
2021-11-28,61.1446,0.07495522,81.207,346.761,3,566
2021-11-29,60.6183,0.07680172,80.508,355.304,3,567
2021-11-30,59.4491,0.08135371,78.955,376.362,3,568
2021-12-01,59.8183,0.08017638,79.446,370.916,3,569
2021-12-02,59.8132,0.08001614,79.439,370.174,3,570
2021-12-03,60.0473,0.07886726,79.75,364.859,3,571
2021-12-04,59.1361,0.08335605,78.54,385.626,3,572
2021-12-05,59.0683,0.08495495,78.45,393.023,3,573
2021-12-06,58.8238,0.08591876,78.125,397.481,3,574
2021-12-07,59.088,0.08509753,78.476,393.682,3,575
2021-12-08,58.2651,0.08766842,77.383,405.576,3,576
2021-12-09,58.3263,0.08672249,77.464,401.2,3,577
2021-12-10,59.435,0.08288033,78.937,383.425,3,578
2021-12-11,59.4891,0.08271368,79.009,382.654,3,579
2021-12-12,59.5795,0.08259415,79.129,382.101,3,580
2021-12-13,59.9868,0.08096731,79.67,374.575,3,581
2021-12-14,60.0993,0.07973803,79.819,368.888,3,582
2021-12-15,59.5655,0.08223615,79.11,380.445,3,583
2021-12-16,59.3569,0.08336471,78.833,385.666,3,584
2021-12-17,59.1663,0.08385612,78.58,387.939,3,585
2021-12-18,58.9417,0.08455137,78.282,391.156,3,586
2021-12-19,59.0107,0.08399885,78.373,388.599,3,587
2021-12-20,58.8875,0.08390361,78.21,388.159,3,588
2021-12-21,59.213,0.08208697,78.642,379.755,3,589
2021-12-22,59.1816,0.0818349,78.6,378.589,3,590
2021-12-23,59.3338,0.08088364,78.802,374.188,3,591
2021-12-24,59.9569,0.07965457,79.63,368.502,3,592
2021-12-25,59.485,0.08104141,79.003,374.918,3,593
2021-12-26,59.7369,0.08012771,79.338,370.691,3,594
2021-12-27,59.7918,0.07961962,79.411,368.34,3,595
2021-12-28,59.8447,0.07983778,79.481,369.349,3,596
2021-12-29,60.2695,0.0783008,80.045,362.239,3,597
2021-12-30,60.1346,0.07872279,79.866,364.191,3,598
2021-12-31,59.8895,0.0795371,79.54,367.958,3,599
2022-01-01,60.0064,0.0790803,79.696,365.845,3,600
2022-01-02,59.4448,0.0809326,78.95,374.414,3,601
2022-01-03,59.4511,0.08105839,78.958,374.996,3,602
2022-01-04,59.115,0.08270474,78.512,382.613,3,603
2022-01-05,59.4405,0.08145374,78.944,376.825,3,604
2022-01-06,59.8611,0.07911091,79.503,365.987,3,605
2022-01-07,60.3283,0.07684685,80.123,355.513,3,606
2022-01-08,61.1272,0.07399268,81.184,342.308,3,607
2022-01-09,60.773,0.07531878,80.714,348.443,3,608
2022-01-10,61.3382,0.07365113,81.464,340.728,3,609
2022-01-11,60.6969,0.07580295,80.613,350.683,3,610
2022-01-12,60.354,0.07672359,80.157,354.942,3,611
2022-01-13,60.3708,0.07631505,80.18,353.052,3,612
2022-01-14,60.2239,0.07676363,79.984,355.128,3,613
2022-01-15,60.1522,0.07717434,79.889,357.028,3,614
2022-01-16,60.0744,0.07774893,79.786,359.686,3,615
2022-01-17,60.4393,0.07607258,80.271,351.931,3,616
2022-01-18,60.9342,0.07461006,80.928,345.165,3,617
2022-01-19,61.0347,0.07431416,81.061,343.796,3,618
2022-01-20,61.214,0.07389995,81.299,341.879,3,619
2022-01-21,62.1372,0.07029035,82.526,325.181,3,620
2022-01-22,62.7242,0.06860218,83.305,317.371,3,621
2022-01-23,62.3134,0.06984893,82.76,323.138,3,622
2022-01-24,63.3666,0.06653413,84.158,307.803,3,623
2022-01-25,63.3412,0.06652801,84.125,307.775,3,624
2022-01-26,63.1856,0.06699396,83.918,309.931,3,625
2022-01-27,63.8203,0.06516743,84.761,301.481,3,626
2022-01-28,63.3004,0.06739814,84.07,311.8,3,627
2022-01-29,63.1138,0.06808384,83.823,314.973,3,628
2022-01-30,63.0809,0.06872865,83.779,317.956,3,629
2022-01-31,62.7665,0.0698409,83.361,323.101,3,630
2022-02-01,62.1672,0.07207334,82.565,333.429,3,631
2022-02-02,61.9883,0.07272547,82.328,336.446,3,632
2022-02-03,62.1251,0.07206753,82.509,333.402,3,633
2022-02-04,62.2566,0.07229647,82.684,334.461,3,634
2022-02-05,62.0886,0.07269846,82.461,336.321,3,635
2022-02-06,62.1991,0.07199008,82.608,333.044,3,636
2022-02-07,61.6299,0.07166659,81.852,331.547,3,637
2022-02-08,61.6754,0.07079047,81.912,327.494,3,638
2022-02-09,61.1716,0.07300346,81.243,337.732,3,639
2022-02-10,61.9219,0.07063194,82.24,326.761,3,640
2022-02-12,62.326,0.06902057,82.776,319.306,3,642
2022-02-13,62.561,0.06827008,83.088,315.834,3,643
2022-02-14,62.5406,0.06885258,83.061,318.529,3,644
2022-02-16,61.9072,0.07126917,82.22,329.709,3,646
2022-02-17,61.97,0.07111503,82.303,328.996,3,647
2022-02-18,62.1851,0.06954108,82.589,321.714,3,648
2022-02-19,62.1759,0.06877501,82.577,318.17,3,649
2022-02-20,62.314,0.06838594,82.76,316.37,3,650
2022-02-21,62.3723,0.06951506,82.838,321.594,3,651
2022-02-22,62.5452,0.06900655,83.067,319.241,3,652
2022-02-23,62.4493,0.06946964,82.94,321.384,3,653
2022-02-24,63.111,0.06775849,83.819,313.468,3,654
2022-02-25,62.0565,0.0709136,82.418,328.064,3,655
2022-02-26,62.0021,0.0711195,82.346,329.016,3,656
2022-02-27,62.4708,0.06941451,82.969,321.129,3,657
2022-02-28,63.2694,0.06749688,84.029,312.257,3,658
2022-03-01,63.5207,0.06698029,84.363,309.867,3,659
2022-03-02,63.5451,0.06717483,84.395,310.767,3,660
2022-03-03,63.5644,0.06676321,84.421,308.863,3,661
2022-03-04,63.3857,0.06694102,84.184,309.686,3,662
2022-03-05,62.9754,0.06761359,83.639,312.797,3,663
2022-03-06,63.3032,0.06661323,84.074,308.169,3,664
2022-03-07,63.5878,0.06556264,84.452,303.309,3,665
2022-03-08,63.3883,0.06656509,84.187,307.947,3,666
2022-03-09,63.9383,0.06494427,84.918,300.448,3,667
2022-03-10,63.4894,0.06614139,84.321,305.986,3,668
2022-03-11,63.0559,0.06600342,83.746,305.348,3,669
2022-03-12,63.0911,0.06619018,83.792,306.212,3,670
2022-03-13,63.0484,0.06655922,83.736,307.919,3,671
2022-03-14,63.5362,0.06530744,84.384,302.128,3,672
2022-03-15,63.2026,0.06660186,83.941,308.117,3,673
2022-03-16,63.0724,0.06736731,83.768,311.658,3,674
2022-03-17,62.7052,0.06874097,83.28,318.013,3,675
2022-03-18,62.3518,0.07043223,82.811,325.837,3,676
2022-03-19,62.3622,0.06988877,82.824,323.323,3,677
2022-03-20,62.463,0.0693022,82.958,320.609,3,678
2022-03-21,61.924,0.07057964,82.242,326.519,3,679
2022-03-22,62.1454,0.07023153,82.536,324.908,3,680
2022-03-23,62.0286,0.07069577,82.381,327.056,3,681
2022-03-24,62.0857,0.07072433,82.457,327.188,3,682
2022-03-25,62.467,0.07000368,82.964,323.854,3,683
2022-03-26,62.2353,0.07065692,82.656,326.876,3,684
2022-03-27,62.3745,0.07030646,82.841,325.255,3,685
2022-03-28,62.2251,0.0708645,82.642,327.837,3,686
2022-03-29,62.1258,0.0716057,82.51,331.266,3,687
2022-03-30,61.9775,0.07191877,82.313,332.714,3,688
2022-03-31,62.0404,0.07202872,82.397,333.223,3,689
2022-04-01,61.4408,0.07451881,81.601,344.742,3,690
2022-04-02,61.2583,0.07514091,81.358,347.62,3,691
2022-04-03,61.0246,0.07582884,81.048,350.803,3,692
2022-04-04,61.1999,0.07555034,81.281,349.515,3,693
2022-04-05,61.1512,0.07496449,81.216,346.804,3,694
2022-04-06,61.7224,0.07351825,81.975,340.114,3,695
2022-04-07,61.3899,0.07432315,81.533,343.837,3,696
2022-04-08,61.2119,0.07545263,81.297,349.063,3,697
2022-04-09,60.9705,0.07633288,80.976,353.135,3,698
2022-04-10,60.9592,0.07614273,80.961,352.255,3,699
2022-04-11,61.2219,0.07549304,81.31,349.25,3,700
2022-04-12,61.1268,0.07551694,81.184,349.36,3,701
2022-04-13,61.1322,0.0757796,81.191,350.575,3,702
2022-04-14,60.9663,0.07565261,80.97,349.988,3,703
2022-04-15,60.8568,0.07499451,80.825,346.943,3,704
2022-04-16,60.6516,0.07580828,80.552,350.708,3,705
2022-04-17,60.8389,0.07547017,80.801,349.144,3,706
2022-04-18,60.9945,0.07492242,81.008,346.61,3,707
2022-04-19,61.0725,0.07482299,81.112,346.15,3,708
2022-04-20,61.3002,0.07436862,81.414,344.048,3,709
2022-04-21,61.4683,0.07376385,81.637,341.25,3,710
2022-04-22,61.2326,0.07458702,81.324,345.058,3,711
2022-04-23,61.356,0.07431107,81.488,343.781,3,712
2022-04-24,61.5089,0.07400786,81.691,342.379,3,713
2022-04-25,61.3982,0.07442393,81.544,344.304,3,714
2022-04-26,61.7624,0.07357963,82.028,340.398,3,715
2022-04-27,61.8242,0.07360921,82.11,340.534,3,716
2022-04-28,61.8887,0.07381756,82.196,341.498,3,717
2022-04-29,62.186,0.07292575,82.59,337.373,3,718
2022-04-30,62.4567,0.07237964,82.95,334.846,3,719
2022-05-01,62.0768,0.0735608,82.445,340.31,3,720
2022-05-02,61.9358,0.07419808,82.258,343.259,3,721
2022-05-03,61.9896,0.07375594,82.33,341.213,3,722
2022-05-04,61.8224,0.07408245,82.107,342.724,3,723
2022-05-05,61.5018,0.07524611,81.682,348.107,3,724
2022-05-06,61.4807,0.07484065,81.654,346.231,3,725
2022-05-07,61.7066,0.07425026,81.954,343.5,3,726
2022-05-08,61.6597,0.07397879,81.891,342.244,3,727
2022-05-09,61.8154,0.07413344,82.098,342.96,3,728
2022-05-10,61.4018,0.0756009,81.549,349.748,3,729
2022-05-11,63.11,0.0718237,83.818,332.274,3,730
2022-05-12,64.5337,0.06746145,85.708,312.093,3,731
2022-05-13,63.751,0.06884027,84.669,318.472,3,732
2022-05-14,63.9219,0.06831812,84.896,316.057,3,733
2022-05-15,63.8034,0.06859475,84.738,317.336,3,734
2022-05-16,64.1184,0.06766964,85.157,313.057,3,735
2022-05-17,63.7143,0.06875837,84.62,318.093,3,736
2022-05-18,64.3549,0.06676839,85.471,308.887,3,737
2022-05-19,64.4957,0.06663956,85.658,308.291,3,738
2022-05-20,64.2877,0.06713709,85.382,310.593,3,739
2022-05-21,64.2735,0.06708937,85.363,310.372,3,740
2022-05-22,64.2168,0.06740647,85.288,311.839,3,741
2022-05-23,64.1322,0.06774627,85.175,313.411,3,742
2022-05-24,64.4151,0.06671925,85.551,308.66,3,743
2022-05-25,64.6844,0.06573727,85.909,304.117,3,744
2022-05-26,65.9805,0.06162729,87.63,285.103,3,745
2022-05-27,66.3856,0.06015922,88.168,278.311,3,746
2022-05-28,65.9596,0.06175335,87.602,285.686,3,747
2022-05-29,65.9794,0.06153766,87.628,284.688,3,748
2022-05-30,65.6015,0.0629097,87.127,291.036,3,749
2022-05-31,66.0209,0.06117596,87.684,283.015,3,750
2022-06-01,65.9981,0.0612768,87.653,283.482,3,751
2022-06-02,66.2957,0.06016827,88.049,278.353,3,752
2022-06-03,66.3942,0.05978337,88.179,276.573,3,753
2022-06-04,66.2402,0.06038613,87.975,279.361,3,754
2022-06-05,66.248,0.06035983,87.985,279.24,3,755
2022-06-06,66.735,0.05926706,88.632,274.184,3,756
2022-06-07,67.0329,0.05814131,89.028,268.976,3,757
2022-06-08,66.596,0.05936463,88.447,274.635,3,758
2022-06-09,66.5735,0.05944497,88.417,275.007,3,759
2022-06-10,67.2909,0.05718886,89.37,264.57,3,760
2022-06-11,68.4599,0.05393012,90.923,249.494,3,761
2022-06-12,68.3811,0.05402015,90.818,249.911,3,762
2022-06-13,68.2375,0.05342132,90.627,247.14,3,763
2022-06-14,67.5792,0.05461659,89.753,252.67,3,764
2022-06-15,67.2796,0.05455067,89.355,252.365,3,765
2022-06-16,67.937,0.05229183,90.228,241.915,3,766
2022-06-17,67.4756,0.05311587,89.616,245.727,3,767
2022-06-18,67.553,0.052214,89.718,241.555,3,768
2022-06-19,66.8256,0.05486788,88.752,253.832,3,769
2022-06-20,66.9798,0.05455981,88.957,252.407,3,770
2022-06-21,66.893,0.05436849,88.842,251.522,3,771
2022-06-22,67.3116,0.05261594,89.398,243.414,3,772
2022-06-23,66.9274,0.05426093,88.888,251.025,3,773
2022-06-24,65.4419,0.05793305,86.915,268.013,3,774
2022-06-25,65.5084,0.05787421,87.003,267.74,3,775
2022-06-26,65.6704,0.0571625,87.218,264.448,3,776
2022-06-27,65.5684,0.05758271,87.083,266.392,3,777
2022-06-28,66.0915,0.05639783,87.777,260.91,3,778
2022-06-29,66.6387,0.05457038,88.504,252.456,3,779
2022-06-30,66.6559,0.05387388,88.527,249.234,3,780
2022-07-01,66.4525,0.05511894,88.257,254.994,3,781
2022-07-02,66.3153,0.05545585,88.075,256.553,3,782
2022-07-03,66.1781,0.05570002,87.892,257.682,3,783
2022-07-04,66.03,0.0568647,87.696,263.07,3,784
2022-07-05,66.3369,0.05618471,88.103,259.924,3,785
2022-07-06,65.8569,0.05787797,87.466,267.758,3,786
2022-07-07,66.1748,0.05719926,87.888,264.618,3,787
2022-07-08,66.4461,0.05644472,88.248,261.127,3,788
2022-07-09,66.3752,0.05637329,88.154,260.797,3,789
2022-07-10,66.5618,0.05602164,88.402,259.17,3,790
2022-07-11,66.9174,0.05490562,88.874,254.007,3,791
2022-07-12,67.0934,0.0537929,89.108,248.859,3,792
2022-07-13,66.7601,0.05506764,88.665,254.757,3,793
2022-07-14,65.9398,0.05793719,87.576,268.032,3,794
2022-07-15,65.5972,0.05930601,87.121,274.364,3,795
2022-07-16,64.2801,0.06381166,85.372,295.209,3,796
2022-07-17,64.0632,0.06459122,85.084,298.815,3,797
2022-07-18,62.6865,0.07031913,83.255,325.314,3,798
2022-07-19,63.8671,0.06613626,84.823,305.963,3,799
2022-07-20,64.194,0.06542578,85.257,302.676,3,800
2022-07-21,63.3854,0.06817892,84.183,315.413,3,801
2022-07-22,63.5361,0.06767292,84.383,313.072,3,802
2022-07-23,63.1376,0.06895646,83.854,319.01,3,803
2022-07-24,62.6913,0.07077648,83.261,327.43,3,804
2022-07-25,63.4389,0.06795325,84.254,314.369,3,805
2022-07-26,63.5056,0.0675682,84.343,312.587,3,806
2022-07-27,62.642,0.07128625,83.196,329.788,3,807
2022-07-28,62.3905,0.07234546,82.862,334.688,3,808
2022-07-29,62.285,0.07290281,82.722,337.266,3,809
2022-07-30,62.3796,0.07166178,82.847,331.525,3,810
2022-07-31,62.3071,0.07204487,82.751,333.297,3,811
2022-08-01,62.7572,0.07011308,83.349,324.36,3,812
2022-08-02,62.5294,0.07123103,83.046,329.532,3,813
2022-08-03,62.6301,0.07085675,83.18,327.801,3,814
2022-08-04,62.4908,0.07101501,82.995,328.533,3,815
2022-08-05,61.7048,0.07422384,81.951,343.378,3,816
2022-08-06,61.794,0.07373082,82.07,341.097,3,817
2022-08-07,61.9096,0.07331382,82.223,339.168,3,818
2022-08-08,61.6151,0.07461303,81.832,345.178,3,819
2022-08-09,61.9411,0.07349137,82.265,339.989,3,820
2022-08-10,61.0128,0.07736594,81.032,357.914,3,821
2022-08-11,60.783,0.07846907,80.727,363.017,3,822
2022-08-12,60.4618,0.080126,80.3,370.683,3,823
2022-08-13,60.2426,0.08111109,80.009,375.24,3,824
2022-08-14,60.4866,0.07963822,80.333,368.426,3,825
2022-08-15,60.7012,0.0789632,80.618,365.303,3,826
2022-08-16,60.5953,0.07862206,80.478,363.725,3,827
2022-08-17,60.5487,0.07855587,80.416,363.419,3,828
2022-08-18,60.4584,0.07963426,80.296,368.408,3,829
2022-08-19,60.9592,0.07728841,80.961,357.555,3,830
2022-08-20,61.6152,0.07451936,81.832,344.745,3,831
2022-08-21,61.4374,0.07522678,81.596,348.018,3,832
2022-08-22,61.3589,0.07548628,81.492,349.218,3,833
2022-08-23,60.9353,0.07726584,80.929,357.451,3,834
2022-08-24,60.9055,0.07742112,80.89,358.169,3,835
2022-08-25,60.638,0.07852096,80.534,363.257,3,836
2022-08-26,61.5136,0.07452332,81.697,344.763,3,837
2022-08-27,61.448,0.07447931,81.61,344.56,3,838
2022-08-28,61.7692,0.07324144,82.037,338.833,3,839
2022-08-29,61.0265,0.07647798,81.05,353.806,3,840
2022-08-30,60.8776,0.07715269,80.853,356.927,3,841
2022-08-31,60.8436,0.07749087,80.807,358.492,3,842
2022-09-01,60.4279,0.0789014,80.255,365.017,3,843
2022-09-02,60.3644,0.0790319,80.171,365.621,3,844
2022-09-03,60.4295,0.078523,80.258,363.267,3,845
2022-09-04,60.3309,0.07895186,80.127,365.251,3,846
2022-09-05,59.7208,0.08147679,79.316,376.932,3,847
2022-09-06,59.3471,0.08307773,78.82,384.338,3,848
2022-09-07,58.8844,0.08468849,78.205,391.79,3,849
2022-09-08,58.862,0.08460859,78.176,391.42,3,850
2022-09-09,60.068,0.08039596,79.777,371.932,3,851
2022-09-10,59.7537,0.08195907,79.36,379.163,3,852
2022-09-11,60.0567,0.08091281,79.762,374.323,3,853
2022-09-12,61.2027,0.07649256,81.284,353.874,3,854
2022-09-13,60.6785,0.07805801,80.588,361.116,3,855
2022-09-14,59.9662,0.08069395,79.642,373.31,3,856
2022-09-15,61.4344,0.07476089,81.592,345.862,3,857
2022-09-16,61.626,0.0724392,81.847,335.122,3,858
2022-09-17,61.3104,0.07302778,81.427,337.845,3,859
2022-09-18,62.4295,0.06886557,82.914,318.589,3,860
2022-09-19,61.7373,0.07053088,81.994,326.293,3,861
2022-09-20,61.2503,0.07012199,81.348,324.402,3,862
2022-09-21,62.0531,0.06749591,82.414,312.253,3,863
2022-09-22,61.0478,0.06843682,81.079,316.606,3,864
2022-09-23,60.6065,0.06886554,80.493,318.589,3,865
2022-09-24,60.5445,0.06959176,80.41,321.949,3,866
2022-09-25,60.6584,0.06888407,80.562,318.675,3,867
2022-09-26,60.9655,0.06949521,80.969,321.502,3,868
2022-09-27,61.1285,0.06963641,81.186,322.155,3,869
2022-09-28,61.4396,0.06883275,81.599,318.437,3,870
2022-09-29,61.1955,0.06824889,81.275,315.736,3,871
2022-09-30,61.2034,0.0682821,81.285,315.89,3,872
2022-10-01,61.2506,0.06789726,81.348,314.11,3,873
2022-10-02,61.6529,0.06713297,81.882,310.574,3,874
2022-10-03,61.6364,0.06745687,81.86,312.072,3,875
2022-10-04,61.7275,0.06700324,81.981,309.974,3,876
2022-10-05,61.5654,0.06710744,81.766,310.456,3,877
2022-10-06,61.3281,0.06773517,81.451,313.36,3,878
2022-10-07,60.8083,0.06819853,80.761,315.503,3,879
2022-10-08,60.8376,0.06775068,80.8,313.431,3,880
2022-10-09,60.577,0.06799,80.453,314.539,3,881
2022-10-10,61.0452,0.06745442,81.075,312.061,3,882
2022-10-11,61.2873,0.06715292,81.397,310.666,3,883
2022-10-12,61.2076,0.06758052,81.291,312.644,3,884
2022-10-13,61.6935,0.06644378,81.936,307.385,3,885
2022-10-14,61.2745,0.06764746,81.38,312.954,3,886
2022-10-15,61.4958,0.06685922,81.674,309.307,3,887
2022-10-16,61.3664,0.06778251,81.502,313.579,3,888
2022-10-17,61.3383,0.06812742,81.465,315.174,3,889
2022-10-18,61.495,0.06779752,81.673,313.648,3,890
2022-10-19,61.7725,0.06714688,82.041,310.638,3,891
2022-10-20,61.739,0.06735054,81.997,311.58,3,892
2022-10-21,61.5308,0.06779054,81.72,313.616,3,893
2022-10-22,61.3324,0.06842627,81.457,316.557,3,894
2022-10-23,61.0977,0.06970772,81.145,322.485,3,895
2022-10-24,61.2541,0.06951663,81.353,321.601,3,896
2022-10-25,60.6218,0.07271924,80.513,336.417,3,897
2022-10-26,59.9913,0.07555211,79.676,349.523,3,898
2022-10-27,60.0525,0.07469279,79.757,345.547,3,899
2022-10-28,59.7629,0.0755155,79.372,349.353,3,900
2022-10-29,58.9171,0.0778169,78.249,360.0,3,901
2022-10-30,59.1772,0.07709819,78.594,356.675,3,902
2022-10-31,59.0499,0.07667829,78.425,354.733,3,903
2022-11-01,58.7636,0.07714599,78.045,356.896,3,904
2022-11-02,59.3122,0.07541969,78.774,348.91,3,905
2022-11-03,59.2722,0.07573958,78.72,350.39,3,906
2022-11-04,58.5951,0.07774007,77.821,359.645,3,907
2022-11-05,59.0252,0.07646075,78.392,353.726,3,908
2022-11-06,59.5553,0.07518926,79.096,347.844,3,909
2022-11-07,59.2984,0.07620677,78.755,352.551,3,910
2022-11-08,60.587,0.0719113,80.467,332.679,3,911
2022-11-09,61.4068,0.06936023,81.555,320.878,3,912
2022-11-10,59.8427,0.07397067,79.478,342.207,3,913
2022-11-11,59.425,0.07571747,78.923,350.288,3,914
2022-11-12,59.8194,0.07465184,79.447,345.358,3,915
2022-11-13,59.9976,0.07476166,79.684,345.866,3,916
2022-11-14,59.6743,0.07460995,79.255,345.164,3,917
2022-11-15,59.7096,0.07413256,79.301,342.956,3,918
2022-11-16,60.0766,0.0729185,79.789,337.339,3,919
2022-11-17,60.2085,0.07194661,79.964,332.843,3,920
2022-11-18,60.0645,0.07259113,79.773,335.825,3,921
2022-11-19,59.9372,0.0729879,79.604,337.66,3,922
2022-11-20,60.8482,0.07014549,80.814,324.51,3,923
2022-11-21,60.6335,0.07020159,80.528,324.77,3,924
2022-11-22,60.5239,0.07016517,80.383,324.601,3,925
2022-11-23,60.2083,0.07138665,79.964,330.252,3,926
2022-11-24,59.7223,0.07252297,79.318,335.509,3,927
2022-11-25,59.5232,0.07257194,79.054,335.736,3,928
2022-11-26,59.4756,0.07324735,78.991,338.86,3,929
2022-11-27,59.3916,0.07281951,78.879,336.881,3,930
2022-11-28,59.6373,0.07209938,79.205,333.55,3,931
2022-11-29,59.0822,0.07401801,78.468,342.426,3,932
2022-11-30,58.839,0.0755689,78.145,349.6,3,933
2022-12-01,59.0763,0.07521308,78.46,347.954,3,934
2022-12-02,59.0064,0.07571672,78.367,350.284,3,935
2022-12-03,59.5777,0.07343003,79.126,339.706,3,936
2022-12-04,59.2757,0.07476082,78.725,345.862,3,937
2022-12-05,59.3641,0.07419984,78.843,343.267,3,938
2022-12-06,59.3754,0.07440816,78.858,344.231,3,939
2022-12-07,59.7532,0.0731561,79.359,338.438,3,940
2022-12-08,59.4554,0.07437752,78.964,344.089,3,941
2022-12-09,59.6667,0.07371602,79.244,341.029,3,942
2022-12-10,59.6349,0.07397545,79.202,342.229,3,943
2022-12-11,59.7647,0.07388809,79.375,341.825,3,944
2022-12-12,59.714,0.07413442,79.307,342.964,3,945
2022-12-13,59.8346,0.07428456,79.467,343.659,3,946
2022-12-14,60.1949,0.07345134,79.946,339.804,3,947
2022-12-15,60.3117,0.0728854,80.101,337.186,3,948
2022-12-16,61.2481,0.07012769,81.345,324.428,3,949
2022-12-17,61.0671,0.07076763,81.104,327.389,3,950
2022-12-18,61.0958,0.07077925,81.142,327.442,3,951
2022-12-19,61.2034,0.07106219,81.285,328.751,3,952
2022-12-20,60.924,0.07205075,80.914,333.325,3,953
2022-12-21,60.9436,0.07216301,80.94,333.844,3,954
2022-12-22,60.79,0.07237005,80.736,334.802,3,955
2022-12-23,60.6603,0.07269547,80.564,336.307,3,956
2022-12-24,60.7608,0.07249132,80.698,335.363,3,957
2022-12-25,60.8534,0.07238004,80.821,334.848,3,958
2022-12-26,60.5932,0.0725345,80.475,335.563,3,959
2022-12-27,60.5424,0.07255417,80.407,335.654,3,960
2022-12-28,60.8782,0.0718485,80.853,332.389,3,961
2022-12-29,60.978,0.07221155,80.986,334.069,3,962
2022-12-30,60.96,0.07223128,80.962,334.16,3,963
2022-12-31,60.9354,0.07233812,80.929,334.654,3,964
2023-01-01,60.975,0.07226012,80.982,334.293,3,965
2023-01-02,60.6929,0.07279395,80.607,336.763,3,966
2023-01-03,60.7465,0.07283864,80.679,336.97,3,967
2023-01-04,60.3416,0.07454267,80.141,344.853,3,968
2023-01-05,60.5274,0.07430389,80.388,343.748,3,969
2023-01-06,60.3254,0.07484742,80.119,346.263,3,970
2023-01-07,60.3891,0.07457545,80.204,345.005,3,971
2023-01-08,60.2163,0.07530465,79.974,348.378,3,972
2023-01-09,59.7655,0.07685933,79.376,355.57,3,973
2023-01-10,59.8634,0.07661254,79.506,354.429,3,974
2023-01-11,59.5547,0.07741037,79.096,358.12,3,975
2023-01-12,60.3878,0.07510158,80.202,347.439,3,976
2023-01-13,61.029,0.07297318,81.054,337.592,3,977
2023-01-14,61.0114,0.0738464,81.03,341.632,3,978
2023-01-15,60.964,0.07435902,80.967,344.003,3,979
2023-01-16,61.0668,0.07450053,81.104,344.658,3,980
2023-01-17,61.1403,0.07414146,81.202,342.997,3,981
2023-01-18,61.3757,0.07339462,81.514,339.542,3,982
2023-01-19,61.27,0.07357332,81.374,340.368,3,983
2023-01-20,61.4984,0.07316947,81.677,338.5,3,984
2023-01-21,62.0497,0.07139909,82.409,330.31,3,985
2023-01-22,61.9436,0.07167842,82.268,331.602,3,986
2023-01-23,61.8996,0.0709989,82.21,328.459,3,987
2023-01-24,62.6543,0.06871582,83.212,317.896,3,988
2023-01-25,62.423,0.06957142,82.905,321.855,3,989
2023-01-26,62.4698,0.06962305,82.967,322.093,3,990
2023-01-27,62.5135,0.06926679,83.025,320.445,3,991
2023-01-28,62.7761,0.06824288,83.374,315.708,3,992
2023-01-29,62.5989,0.06924488,83.139,320.344,3,993
2023-01-30,62.7512,0.06868543,83.341,317.756,3,994
2023-01-31,62.6499,0.06851784,83.206,316.981,3,995
2023-02-01,62.543,0.06919914,83.065,320.132,3,996
2023-02-02,62.3749,0.07004022,82.841,324.023,3,997
2023-02-03,62.0576,0.07104063,82.42,328.652,3,998
2023-02-04,61.8747,0.07154825,82.177,331.0,3,999
2023-02-05,62.0932,0.07105045,82.467,328.697,3,1000
2023-02-06,62.169,0.07097222,82.568,328.335,3,1001
2023-02-07,61.8789,0.07189474,82.182,332.603,3,1002
2023-02-08,61.8853,0.07194451,82.191,332.833,3,1003
2023-02-09,62.2163,0.07084107,82.631,327.728,3,1004
2023-02-10,62.3429,0.07003748,82.799,324.011,3,1005
2023-02-11,62.2587,0.07044094,82.687,325.877,3,1006
2023-02-12,62.5724,0.06952802,83.104,321.654,3,1007
2023-02-13,62.7204,0.06909686,83.3,319.659,3,1008
2023-02-14,62.4429,0.07008359,82.932,324.224,3,1009
2023-02-15,62.9828,0.06882822,83.649,318.416,3,1010
2023-02-16,62.9838,0.06923868,83.65,320.315,3,1011
2023-02-17,63.1214,0.0689244,83.833,318.861,3,1012
2023-02-18,63.1815,0.06863534,83.913,317.524,3,1013
2023-02-19,63.1205,0.06907736,83.831,319.569,3,1014
2023-02-20,63.2132,0.06859003,83.955,317.314,3,1015
2023-02-21,63.4131,0.06783067,84.22,313.801,3,1016
2023-02-22,63.3,0.06795063,84.07,314.356,3,1017
2023-02-23,63.078,0.06898329,83.775,319.134,3,1018
2023-02-24,62.96,0.06939555,83.618,321.041,3,1019
2023-02-25,63.1134,0.06882196,83.822,318.387,3,1020
2023-02-26,62.9501,0.06968702,83.605,322.389,3,1021
2023-02-27,62.9805,0.06950375,83.646,321.542,3,1022
2023-02-28,62.9538,0.06941442,83.61,321.128,3,1023
2023-03-01,62.7325,0.07037957,83.316,325.593,3,1024
2023-03-02,62.8367,0.07021104,83.455,324.814,3,1025
2023-03-03,62.6564,0.0702086,83.215,324.802,3,1026
2023-03-04,62.7733,0.07011118,83.37,324.352,3,1027
2023-03-05,62.9471,0.06974321,83.601,322.649,3,1028
2023-03-06,62.8688,0.06993338,83.497,323.529,3,1029
2023-03-07,62.6456,0.07035187,83.201,325.465,3,1030
2023-03-08,62.4274,0.07069722,82.911,327.063,3,1031
2023-03-09,62.3913,0.07059863,82.863,326.607,3,1032
2023-03-10,62.3296,0.07085575,82.781,327.796,3,1033
2023-03-11,62.272,0.07176239,82.705,331.991,3,1034
2023-03-12,62.4333,0.071898,82.919,332.618,3,1035
2023-03-13,63.4676,0.06946496,84.292,321.362,3,1036
2023-03-14,63.6695,0.06891242,84.561,318.806,3,1037
2023-03-15,64.1562,0.06781835,85.207,313.744,3,1038
2023-03-16,64.4082,0.06697449,85.542,309.841,3,1039
2023-03-17,65.1202,0.06524515,86.487,301.84,3,1040
2023-03-18,65.1189,0.0653814,86.486,302.471,3,1041
2023-03-19,65.5519,0.0639254,87.061,295.735,3,1042
2023-03-20,66.1143,0.06241849,87.808,288.763,3,1043
2023-03-21,64.842,0.06407212,86.118,296.414,3,1044
2023-03-22,65.208,0.06357609,86.604,294.119,3,1045
2023-03-23,65.0079,0.06408511,86.338,296.474,3,1046
2023-03-24,65.1204,0.06376074,86.488,294.973,3,1047
2023-03-25,65.0845,0.063388,86.44,293.249,3,1048
2023-03-26,65.121,0.06340706,86.488,293.337,3,1049
2023-03-27,64.8201,0.06315129,86.089,292.154,3,1050
2023-03-28,64.0061,0.06505362,85.008,300.954,3,1051
2023-03-29,64.4385,0.06321922,85.582,292.468,3,1052
2023-03-30,64.2522,0.0639435,85.335,295.818,3,1053
2023-03-31,64.237,0.06396712,85.314,295.928,3,1054
2023-04-01,64.4197,0.06395662,85.557,295.879,3,1055
2023-04-02,64.3768,0.06372971,85.5,294.829,3,1056
2023-04-03,63.9554,0.0650313,84.94,300.851,3,1057
2023-04-04,63.6356,0.06645066,84.516,307.417,3,1058
2023-04-05,63.3003,0.0677937,84.07,313.63,3,1059
2023-04-06,63.6569,0.06674331,84.544,308.771,3,1060
2023-04-07,63.5697,0.06680587,84.428,309.061,3,1061
2023-04-08,63.8124,0.06621895,84.75,306.345,3,1062
2023-04-09,64.0203,0.06563035,85.027,303.622,3,1063
2023-04-10,64.4841,0.06440798,85.643,297.967,3,1064
2023-04-11,65.1085,0.06254231,86.472,289.336,3,1065
2023-04-12,64.7107,0.06424562,85.943,297.216,3,1066
2023-04-13,64.1777,0.06621036,85.236,306.306,3,1067
2023-04-14,63.3713,0.06901845,84.165,319.296,3,1068
2023-04-15,63.3642,0.06902921,84.155,319.346,3,1069
2023-04-16,63.0977,0.06991628,83.801,323.45,3,1070
2023-04-17,62.8922,0.0704656,83.528,325.991,3,1071
2023-04-18,63.1834,0.06920843,83.915,320.175,3,1072
2023-04-19,63.8604,0.06723943,84.814,311.066,3,1073
2023-04-20,63.5363,0.06877568,84.384,318.173,3,1074
2023-04-21,63.8925,0.06777039,84.857,313.523,3,1075
2023-04-22,63.8595,0.06739927,84.813,311.806,3,1076
2023-04-23,63.8799,0.06748192,84.84,312.188,3,1077
2023-04-24,64.013,0.06696418,85.017,309.793,3,1078
2023-04-25,64.3222,0.06600275,85.427,305.345,3,1079
2023-04-26,64.5123,0.06577232,85.68,304.279,3,1080
2023-04-27,64.9158,0.06479992,86.216,299.78,3,1081
2023-04-28,64.8742,0.06452753,86.161,298.52,3,1082
2023-04-29,64.6454,0.06522074,85.857,301.727,3,1083
2023-04-30,65.008,0.06421725,86.338,297.085,3,1084
2023-05-01,64.6193,0.065153,85.822,301.414,3,1085
2023-05-02,64.6958,0.06525877,85.924,301.903,3,1086
2023-05-03,64.6761,0.0655911,85.898,303.441,3,1087
2023-05-04,64.814,0.06504903,86.081,300.933,3,1088
2023-05-05,64.2331,0.06752604,85.309,312.392,3,1089
2023-05-06,64.7186,0.06575641,85.954,304.205,3,1090
2023-05-07,64.6489,0.06606997,85.861,305.656,3,1091
2023-05-08,64.5805,0.06673024,85.771,308.711,3,1092
2023-05-09,64.5057,0.06686171,85.671,309.319,3,1093
2023-05-10,64.5404,0.06664478,85.717,308.315,3,1094
2023-05-11,64.5269,0.06653725,85.699,307.818,3,1095
2023-05-12,64.156,0.06752478,85.207,312.386,3,1096
2023-05-13,64.3571,0.06704506,85.474,310.167,3,1097
2023-05-14,64.3885,0.0668657,85.516,309.337,3,1098
2023-05-15,64.4351,0.06680875,85.577,309.074,3,1099
2023-05-16,64.0972,0.06750187,85.129,312.28,3,1100
2023-05-17,64.3187,0.06650074,85.423,307.649,3,1101
2023-05-18,63.9613,0.06719777,84.948,310.874,3,1102
2023-05-19,63.8447,0.06743011,84.793,311.948,3,1103
2023-05-20,63.9605,0.06713152,84.947,310.567,3,1104
2023-05-21,63.9143,0.06746373,84.886,312.104,3,1105
2023-05-22,63.8437,0.06769512,84.792,313.174,3,1106
2023-05-23,63.7891,0.0681152,84.719,315.118,3,1107
2023-05-24,63.6951,0.06837673,84.595,316.328,3,1108
2023-05-25,63.7552,0.06822539,84.674,315.628,3,1109
2023-05-26,63.621,0.06845842,84.496,316.706,3,1110
2023-05-27,63.666,0.06817372,84.556,315.389,3,1111
2023-05-28,63.8528,0.06802332,84.804,314.693,3,1112
2023-05-29,63.6485,0.06824611,84.533,315.723,3,1113
2023-05-30,63.3329,0.06859119,84.114,317.32,3,1114
2023-05-31,63.21,0.06881344,83.95,318.348,3,1115
2023-06-01,63.0525,0.06940732,83.741,321.095,3,1116
2023-06-02,62.8569,0.06996647,83.481,323.682,3,1117
2023-06-03,62.8772,0.06986459,83.508,323.211,3,1118
2023-06-04,62.8198,0.06967706,83.432,322.343,3,1119
2023-06-05,62.701,0.0702999,83.274,325.225,3,1120
2023-06-06,63.0681,0.06919854,83.762,320.13,3,1121
2023-06-07,62.9332,0.06954904,83.583,321.751,3,1122
2023-06-08,62.9121,0.06964998,83.555,322.218,3,1123
2023-06-09,62.82,0.06945126,83.432,321.299,3,1124
2023-06-10,63.5363,0.06777582,84.384,313.548,3,1125
2023-06-11,63.4857,0.06762054,84.317,312.829,3,1126
2023-06-12,63.5361,0.06725864,84.383,311.155,3,1127
2023-06-13,63.6252,0.06711232,84.502,310.478,3,1128
2023-06-14,64.1827,0.06574953,85.242,304.174,3,1129
2023-06-15,64.4678,0.06509779,85.621,301.159,3,1130
2023-06-16,64.6338,0.06519185,85.841,301.594,3,1131
2023-06-17,64.6217,0.06515672,85.825,301.431,3,1132
2023-06-18,64.4911,0.06526984,85.652,301.954,3,1133
2023-06-19,64.6536,0.06479122,85.868,299.74,3,1134
2023-06-20,65.3464,0.06323168,86.788,292.525,3,1135
2023-06-21,65.6236,0.06293494,87.156,291.153,3,1136
2023-06-22,65.7262,0.06257775,87.292,289.5,3,1137
2023-06-23,65.9961,0.06173886,87.651,285.619,3,1138
2023-06-24,66.1457,0.061413,87.849,284.112,3,1139
2023-06-25,65.8452,0.06235512,87.45,288.47,3,1140
2023-06-26,66.1705,0.06139527,87.882,284.03,3,1141
2023-06-27,66.0614,0.06159518,87.737,284.955,3,1142
2023-06-28,66.3879,0.06077817,88.171,281.175,3,1143
2023-06-29,66.3396,0.06083806,88.107,281.452,3,1144
2023-06-30,65.4084,0.06346233,86.87,293.592,3,1145
2023-07-01,65.6083,0.06288518,87.136,290.922,3,1146
2023-07-02,65.3957,0.06326678,86.853,292.688,3,1147
2023-07-03,65.6424,0.06276478,87.181,290.365,3,1148
2023-07-04,65.5553,0.06293454,87.065,291.151,3,1149
2023-07-05,65.6983,0.06269778,87.255,290.055,3,1150
2023-07-06,66.0196,0.06185431,87.682,286.153,3,1151
2023-07-07,66.0983,0.06163319,87.786,285.13,3,1152
2023-07-08,66.0616,0.06159397,87.738,284.949,3,1153
2023-07-09,66.0402,0.06175179,87.709,285.679,3,1154
2023-07-10,65.9788,0.06186412,87.628,286.199,3,1155
2023-07-11,66.1749,0.06135197,87.888,283.829,3,1156
2023-07-12,66.1302,0.06159464,87.829,284.952,3,1157
2023-07-13,62.9492,0.06368809,83.604,294.637,3,1158
2023-07-14,63.4406,0.06384343,84.257,295.356,3,1159
2023-07-15,63.5273,0.06373922,84.372,294.873,3,1160
2023-07-16,63.3102,0.06362184,84.083,294.33,3,1161
2023-07-17,63.4124,0.06343891,84.219,293.484,3,1162
2023-07-18,63.0445,0.06359482,83.731,294.205,3,1163
2023-07-19,62.6757,0.06316699,83.241,292.226,3,1164
2023-07-20,62.687,0.06347721,83.256,293.661,3,1165
2023-07-21,62.9409,0.06323962,83.593,292.562,3,1166
2023-07-22,63.3734,0.06261467,84.167,289.671,3,1167
2023-07-23,63.352,0.06279305,84.139,290.496,3,1168
2023-07-24,63.2934,0.06340056,84.061,293.307,3,1169
2023-07-25,63.1407,0.06356857,83.858,294.084,3,1170
2023-07-26,63.0595,0.06372843,83.75,294.824,3,1171
2023-07-27,63.0292,0.06366214,83.71,294.517,3,1172
2023-07-28,62.9794,0.06395809,83.644,295.886,3,1173
2023-07-29,62.9305,0.06406603,83.579,296.385,3,1174
2023-07-30,63.1184,0.06361334,83.829,294.291,3,1175
2023-07-31,63.2252,0.06352487,83.971,293.882,3,1176
2023-08-01,63.2865,0.06328868,84.052,292.789,3,1177
2023-08-02,63.5303,0.06307811,84.376,291.815,3,1178
2023-08-03,63.7983,0.06289033,84.732,290.946,3,1179
2023-08-04,64.0155,0.06285087,85.02,290.764,3,1180
2023-08-05,63.9415,0.06317332,84.922,292.255,3,1181
2023-08-06,64.0702,0.06289382,85.093,290.962,3,1182
2023-08-07,64.1694,0.06260607,85.225,289.631,3,1183
2023-08-08,64.2011,0.06234829,85.267,288.439,3,1184
2023-08-09,64.0563,0.06271605,85.074,290.14,3,1185
2023-08-10,64.0776,0.06289094,85.103,290.949,3,1186
2023-08-11,64.0933,0.06280949,85.123,290.572,3,1187
2023-08-12,64.1253,0.06284414,85.166,290.733,3,1188
2023-08-13,64.1428,0.06279279,85.189,290.495,3,1189
2023-08-14,64.1486,0.06269658,85.197,290.05,3,1190
2023-08-15,64.3995,0.0626422,85.53,289.798,3,1191
2023-08-16,64.5044,0.06284077,85.669,290.717,3,1192
2023-08-17,64.7414,0.06334821,85.984,293.065,3,1193
2023-08-18,64.4519,0.06377966,85.6,295.061,3,1194
2023-08-19,64.2384,0.06395583,85.316,295.876,3,1195
2023-08-20,63.9413,0.06431584,84.922,297.541,3,1196
2023-08-21,64.2246,0.06381006,85.298,295.201,3,1197
2023-08-22,64.5331,0.06281755,85.708,290.61,3,1198
2023-08-23,64.3368,0.06346901,85.447,293.623,3,1199
2023-08-24,64.4224,0.06340771,85.561,293.34,3,1200
2023-08-25,64.3117,0.0634759,85.414,293.655,3,1201
2023-08-26,64.3936,0.06328991,85.522,292.795,3,1202
2023-08-27,64.3513,0.06351035,85.466,293.815,3,1203
2023-08-28,64.4073,0.06331825,85.541,292.926,3,1204
2023-08-29,64.81,0.06240752,86.075,288.713,3,1205
2023-08-30,64.8505,0.06245809,86.129,288.947,3,1206
2023-08-31,64.5069,0.06340533,85.673,293.329,3,1207
2023-09-01,64.6704,0.06312316,85.89,292.023,3,1208
2023-09-02,64.6358,0.06327759,85.844,292.738,3,1209
2023-09-03,64.6402,0.06299708,85.85,291.44,3,1210
2023-09-04,64.511,0.06307937,85.678,291.821,3,1211
2023-09-05,64.4787,0.06332711,85.635,292.967,3,1212
2023-09-06,64.4667,0.06338223,85.619,293.222,3,1213
2023-09-07,64.6985,0.06280211,85.927,290.538,3,1214
2023-09-08,64.5149,0.06316943,85.683,292.237,3,1215
2023-09-09,64.4921,0.06312802,85.653,292.046,3,1216
2023-09-10,64.6788,0.06261423,85.901,289.669,3,1217
2023-09-11,65.0351,0.06164143,86.374,285.169,3,1218
2023-09-12,65.2101,0.06164067,86.607,285.165,3,1219
2023-09-13,65.349,0.06130047,86.791,283.591,3,1220
2023-09-14,65.3707,0.06128633,86.82,283.526,3,1221
2023-09-15,65.1853,0.06163336,86.574,285.131,3,1222
2023-09-16,65.2149,0.06155832,86.613,284.784,3,1223
2023-09-17,65.4149,0.06114837,86.879,282.888,3,1224
2023-09-18,65.3428,0.061187,86.783,283.066,3,1225
2023-09-19,65.553,0.06038869,87.062,279.373,3,1226
2023-09-20,65.6594,0.05980336,87.203,276.665,3,1227
2023-09-21,65.7278,0.05963843,87.294,275.902,3,1228
2023-09-22,65.5971,0.05995323,87.121,277.358,3,1229
2023-09-23,65.6449,0.05993931,87.184,277.294,3,1230
2023-09-24,65.5871,0.06015378,87.107,278.286,3,1231
2023-09-25,65.4917,0.06038889,86.981,279.374,3,1232
2023-09-26,65.416,0.06077744,86.88,281.171,3,1233
2023-09-27,65.5088,0.06061919,87.003,280.439,3,1234
2023-09-28,65.4167,0.0611426,86.881,282.861,3,1235
2023-09-29,65.0804,0.06196509,86.434,286.666,3,1236
2023-09-30,65.1465,0.06194508,86.522,286.573,3,1237
2023-10-01,65.2583,0.06195133,86.671,286.602,3,1238
2023-10-02,65.7461,0.06033517,87.319,279.125,3,1239
2023-10-03,65.4784,0.06038464,86.963,279.354,3,1240
2023-10-04,65.9109,0.05932135,87.537,274.435,3,1241
2023-10-05,66.0558,0.05881247,87.73,272.081,3,1242
2023-10-06,66.1133,0.05889803,87.806,272.477,3,1243
2023-10-07,66.2759,0.05845495,88.022,270.427,3,1244
2023-10-08,66.3111,0.058454,88.069,270.423,3,1245
2023-10-09,66.7672,0.05724819,88.675,264.844,3,1246
2023-10-10,66.7954,0.05719692,88.712,264.607,3,1247
2023-10-11,66.4489,0.05834585,88.252,269.922,3,1248
2023-10-12,66.7203,0.05751772,88.612,266.091,3,1249
2023-10-13,66.643,0.05775408,88.51,267.185,3,1250
2023-10-14,66.5655,0.05791315,88.407,267.921,3,1251
2023-10-15,66.7612,0.05736374,88.667,265.379,3,1252
2023-10-16,67.2918,0.05616184,89.371,259.819,3,1253
2023-10-17,67.7026,0.05505163,89.917,254.682,3,1254
2023-10-18,67.6875,0.05518939,89.897,255.32,3,1255
2023-10-19,67.6297,0.05459773,89.82,252.583,3,1256
2023-10-20,67.9978,0.05405065,90.309,250.052,3,1257
2023-10-21,67.8524,0.05443231,90.116,251.817,3,1258
2023-10-22,67.5513,0.05546362,89.716,256.588,3,1259
2023-10-23,68.4048,0.05350039,90.85,247.506,3,1260
2023-10-24,68.7415,0.05267334,91.297,243.68,3,1261
2023-10-25,69.1198,0.05179349,91.799,239.61,3,1262
2023-10-26,68.753,0.05279503,91.312,244.243,3,1263
2023-10-27,68.8922,0.0525371,91.497,243.05,3,1264
2023-10-28,69.0274,0.05210112,91.677,241.033,3,1265
2023-10-29,69.0207,0.05199577,91.668,240.545,3,1266
2023-10-30,68.6949,0.0524534,91.235,242.662,3,1267
2023-10-31,68.6049,0.05235941,91.115,242.228,3,1268
2023-11-01,68.7358,0.05210211,91.289,241.037,3,1269
2023-11-02,68.8446,0.05157886,91.434,238.617,3,1270
2023-11-03,68.3916,0.05280056,90.832,244.268,3,1271
2023-11-04,68.3554,0.05299152,90.784,245.152,3,1272
2023-11-05,67.7422,0.05402499,89.97,249.933,3,1273
2023-11-06,67.1975,0.05422584,89.246,250.862,3,1274
2023-11-07,67.8032,0.05325443,90.051,246.368,3,1275
2023-11-08,67.9355,0.05287057,90.226,244.592,3,1276
2023-11-09,66.9435,0.05769021,88.909,266.889,3,1277
2023-11-10,67.6222,0.05568318,89.81,257.604,3,1278
2023-11-11,67.6133,0.0553361,89.798,255.999,3,1279
2023-11-12,67.6746,0.05518925,89.88,255.319,3,1280
2023-11-13,67.2523,0.05644092,89.319,261.11,3,1281
2023-11-14,67.5991,0.05570122,89.78,257.688,3,1282
2023-11-15,68.1759,0.05434053,90.546,251.393,3,1283
2023-11-16,68.2049,0.05419295,90.584,250.71,3,1284
2023-11-17,68.3692,0.05356488,90.802,247.804,3,1285
2023-11-18,68.4139,0.05365041,90.862,248.2,3,1286
2023-11-19,68.4186,0.05367615,90.868,248.319,3,1287
2023-11-20,68.4814,0.05395745,90.951,249.621,3,1288
2023-11-21,68.5536,0.05398963,91.047,249.769,3,1289
2023-11-22,68.1577,0.05519338,90.521,255.338,3,1290
2023-11-23,68.0525,0.05529695,90.382,255.817,3,1291
2023-11-24,68.1282,0.0551264,90.482,255.028,3,1292
2023-11-25,68.0968,0.05514629,90.441,255.12,3,1293
2023-11-26,68.1157,0.05510204,90.466,254.916,3,1294
2023-11-27,68.3823,0.05445292,90.82,251.913,3,1295
2023-11-28,68.4679,0.05418507,90.933,250.674,3,1296
2023-11-29,68.651,0.05360671,91.177,247.998,3,1297
2023-11-30,68.4025,0.05438605,90.847,251.603,3,1298
2023-12-01,68.6272,0.05389967,91.145,249.353,3,1299
2023-12-02,68.3864,0.05485617,90.825,253.778,3,1300
2023-12-03,68.4374,0.05486875,90.893,253.836,3,1301
2023-12-04,69.0892,0.05340025,91.759,247.043,3,1302
2023-12-05,69.7661,0.05200055,92.658,240.567,3,1303
2023-12-06,69.9083,0.05101339,92.846,236.001,3,1304
2023-12-07,68.8059,0.05439591,91.382,251.649,3,1305
2023-12-08,68.9623,0.05337167,91.59,246.911,3,1306
2023-12-09,68.93,0.05354275,91.547,247.702,3,1307
2023-12-10,68.8444,0.05375946,91.434,248.705,3,1308
2023-12-11,68.8429,0.0539158,91.432,249.428,3,1309
2023-12-12,69.1289,0.05308379,91.811,245.579,3,1310
2023-12-13,69.3644,0.05265296,92.124,243.586,3,1311
2023-12-14,68.963,0.05390161,91.591,249.362,3,1312
2023-12-15,69.2903,0.05291959,92.026,244.819,3,1313
2023-12-16,69.3152,0.05271396,92.059,243.868,3,1314
2023-12-17,69.2018,0.05310497,91.908,245.677,3,1315
2023-12-18,69.6981,0.05197271,92.567,240.439,3,1316
2023-12-19,69.8775,0.05147813,92.806,238.151,3,1317
2023-12-20,70.2935,0.05035854,93.358,232.971,3,1318
2023-12-21,70.0396,0.05100766,93.021,235.974,3,1319
2023-12-22,69.465,0.05285907,92.258,244.539,3,1320
2023-12-23,69.4965,0.05280071,92.3,244.269,3,1321
2023-12-24,69.5271,0.05262958,92.34,243.477,3,1322
2023-12-25,69.4995,0.0521335,92.304,241.182,3,1323
2023-12-26,69.4461,0.05246851,92.233,242.732,3,1324
2023-12-27,68.7556,0.05475905,91.316,253.329,3,1325
2023-12-28,68.5556,0.05510662,91.05,254.937,3,1326
2023-12-29,68.7262,0.05466714,91.277,252.904,3,1327
2023-12-30,68.8339,0.05434858,91.42,251.43,3,1328
2023-12-31,69.0271,0.05398458,91.676,249.746,3,1329
2024-01-01,69.3187,0.05329095,92.063,246.537,3,1330
2024-01-02,69.7251,0.05246039,92.603,242.695,3,1331
2024-01-03,70.1558,0.05160521,93.175,238.738,3,1332
2024-01-04,70.3352,0.05134784,93.413,237.548,3,1333
2024-01-05,70.4251,0.05136653,93.533,237.634,3,1334
2024-01-06,70.5863,0.05097989,93.747,235.846,3,1335
2024-01-07,70.8597,0.05059891,94.11,234.083,3,1336
2024-01-08,71.2681,0.0496432,94.652,229.662,3,1337
2024-01-09,70.9352,0.05076949,94.21,234.872,3,1338
2024-01-10,69.3591,0.05533848,92.117,256.01,3,1339
2024-01-11,68.9565,0.05646075,91.582,261.201,3,1340
2024-01-12,68.1122,0.0588345,90.461,272.183,3,1341
2024-01-13,67.6817,0.06021473,89.889,278.568,3,1342
2024-01-14,67.8758,0.05918383,90.147,273.799,3,1343
2024-01-15,67.9817,0.05908305,90.288,273.333,3,1344
2024-01-16,67.7838,0.06000693,90.025,277.607,3,1345
2024-01-17,68.0324,0.05913714,90.355,273.583,3,1346
2024-01-18,67.8288,0.05978228,90.085,276.568,3,1347
2024-01-19,67.8737,0.05984734,90.144,276.869,3,1348
2024-01-20,67.9098,0.05927079,90.192,274.201,3,1349
2024-01-21,67.9965,0.0590939,90.307,273.383,3,1350
2024-01-22,68.152,0.05842282,90.514,270.278,3,1351
2024-01-23,68.8636,0.05634478,91.459,260.665,3,1352
2024-01-24,69.0671,0.05569942,91.729,257.679,3,1353
2024-01-25,69.1296,0.05556684,91.812,257.066,3,1354
2024-01-26,69.6299,0.05415298,92.477,250.525,3,1355
2024-01-27,69.7574,0.05380694,92.646,248.924,3,1356
2024-01-28,69.8371,0.05371447,92.752,248.496,3,1357
2024-01-29,69.9113,0.05356358,92.85,247.798,3,1358
2024-01-30,69.7411,0.05467565,92.624,252.943,3,1359
2024-01-31,70.0847,0.05363286,93.081,248.119,3,1360
2024-02-01,70.1606,0.05346705,93.182,247.352,3,1361
2024-02-02,70.1526,0.05343955,93.171,247.225,3,1362
2024-02-03,70.0894,0.05339071,93.087,246.999,3,1363
2024-02-04,70.0658,0.05372832,93.056,248.561,3,1364
2024-02-05,70.0101,0.053891,92.982,249.313,3,1365
2024-02-06,69.769,0.05508326,92.661,254.829,3,1366
2024-02-07,69.8874,0.05479169,92.819,253.48,3,1367
2024-02-08,70.4004,0.05342549,93.5,247.16,3,1368
2024-02-09,70.6887,0.05279676,93.883,244.251,3,1369
2024-02-10,70.9113,0.05232004,94.179,242.045,3,1370
2024-02-11,71.0544,0.05195912,94.369,240.376,3,1371
2024-02-12,70.8014,0.0531077,94.033,245.689,3,1372
2024-02-13,70.8202,0.05316316,94.058,245.946,3,1373
2024-02-14,70.7492,0.05361037,93.963,248.015,3,1374
2024-02-15,70.387,0.05439863,93.482,251.662,3,1375
2024-02-16,70.6036,0.05373578,93.77,248.595,3,1376
2024-02-17,70.604,0.05392662,93.77,249.478,3,1377
2024-02-18,70.2046,0.05517429,93.24,255.25,3,1378
2024-02-19,69.5892,0.05691597,92.423,263.307,3,1379
2024-02-20,69.4451,0.0576226,92.231,266.576,3,1380
2024-02-21,69.6022,0.05730142,92.44,265.091,3,1381
2024-02-22,69.4058,0.05795186,92.179,268.1,3,1382
2024-02-23,69.5156,0.05755575,92.325,266.267,3,1383
2024-02-24,69.3774,0.05797285,92.141,268.197,3,1384
2024-02-25,68.7675,0.06013417,91.331,278.196,3,1385
2024-02-26,69.4631,0.05821753,92.255,269.329,3,1386
2024-02-27,69.7945,0.05686863,92.695,263.088,3,1387
2024-02-28,70.9596,0.05405958,94.243,250.093,3,1388
2024-02-29,70.6569,0.05456875,93.841,252.449,3,1389
2024-03-01,70.3714,0.05498953,93.462,254.395,3,1390
2024-03-02,70.043,0.05512266,93.025,255.011,3,1391
2024-03-03,70.0757,0.05528502,93.069,255.762,3,1392
2024-03-04,70.7313,0.05332108,93.94,246.677,3,1393
2024-03-05,70.245,0.0555578,93.294,257.024,3,1394
2024-03-06,69.5743,0.05779953,92.403,267.395,3,1395
2024-03-07,69.587,0.05768103,92.42,266.847,3,1396
2024-03-08,69.8538,0.05699744,92.774,263.684,3,1397
2024-03-09,69.7388,0.05713948,92.621,264.341,3,1398
2024-03-10,70.1673,0.05621627,93.19,260.07,3,1399
2024-03-11,69.7335,0.0564129,92.614,260.98,3,1400
2024-03-12,70.1571,0.05559211,93.177,257.183,3,1401
2024-03-13,70.4746,0.05479627,93.599,253.501,3,1402
2024-03-14,70.5968,0.05430223,93.761,251.216,3,1403
2024-03-15,70.871,0.0538268,94.125,249.016,3,1404
2024-03-16,70.9365,0.05378696,94.212,248.832,3,1405
2024-03-17,71.116,0.05328327,94.45,246.502,3,1406
2024-03-18,71.3657,0.05208651,94.782,240.965,3,1407
2024-03-19,71.7736,0.05108711,95.324,236.342,3,1408
2024-03-20,71.5803,0.05186692,95.067,239.949,3,1409
2024-03-21,70.8422,0.05331231,94.087,246.636,3,1410
2024-03-22,71.2106,0.05224508,94.576,241.699,3,1411
2024-03-23,71.1734,0.05212326,94.527,241.135,3,1412
2024-03-24,71.4523,0.0513499,94.897,237.557,3,1413
2024-03-25,71.5963,0.05133995,95.088,237.511,3,1414
2024-03-26,71.5973,0.05128032,95.09,237.235,3,1415
2024-03-27,71.8607,0.05050439,95.44,233.646,3,1416
2024-03-28,71.7715,0.05035031,95.321,232.933,3,1417
2024-03-29,71.6883,0.0502925,95.211,232.666,3,1418
2024-03-30,71.8081,0.05033061,95.37,232.842,3,1419
2024-03-31,71.488,0.05117025,94.945,236.726,3,1420
2024-04-01,71.851,0.05029959,95.427,232.698,3,1421
2024-04-02,71.8786,0.05009641,95.463,231.758,3,1422
2024-04-03,72.013,0.05016264,95.642,232.065,3,1423
2024-04-04,72.5531,0.04862496,96.359,224.951,3,1424
2024-04-05,72.4539,0.04894611,96.227,226.437,3,1425
2024-04-06,72.5099,0.0487187,96.302,225.385,3,1426
2024-04-07,72.1467,0.04968127,95.819,229.838,3,1427
2024-04-08,71.5563,0.05159727,95.035,238.702,3,1428
2024-04-09,71.8034,0.05065896,95.363,234.361,3,1429
2024-04-10,71.9864,0.05017489,95.606,232.121,3,1430
2024-04-11,72.0622,0.05002536,95.707,231.43,3,1431
2024-04-12,72.9262,0.04821196,96.855,223.04,3,1432
2024-04-13,73.6655,0.04694505,97.836,217.179,3,1433
2024-04-14,73.1498,0.04811741,97.152,222.603,3,1434
2024-04-15,72.8049,0.04894976,96.694,226.454,3,1435
2024-04-16,73.0176,0.0484201,96.976,224.003,3,1436
2024-04-17,72.8582,0.0486734,96.764,225.175,3,1437
2024-04-18,73.0394,0.04830419,97.005,223.467,3,1438
2024-04-19,73.155,0.04792728,97.158,221.723,3,1439
2024-04-20,72.8079,0.04861541,100.0,100.0,4,0
2024-04-21,72.9241,0.04844924,100.16,99.658,4,1
2024-04-22,73.0484,0.04788732,100.33,98.502,4,2
2024-04-23,72.8899,0.04847115,100.113,99.703,4,3
2024-04-24,72.8002,0.04880859,99.989,100.397,4,4
2024-04-25,72.7717,0.0489545,99.95,100.697,4,5
2024-04-26,72.6982,0.04907438,99.849,100.944,4,6
2024-04-27,72.0102,0.05128644,98.904,105.494,4,7
2024-04-28,71.8644,0.0518092,98.704,106.57,4,8
2024-04-29,72.3629,0.05039168,99.389,103.654,4,9
2024-04-30,72.564,0.04968041,99.665,102.191,4,10
2024-05-01,71.8759,0.05108813,98.72,105.086,4,11
2024-05-02,72.0995,0.05050787,99.027,103.893,4,12
2024-05-03,72.5669,0.04933671,99.669,101.484,4,13
2024-05-04,72.7311,0.04879149,99.895,100.362,4,14
2024-05-05,72.6698,0.04899235,99.81,100.775,4,15
2024-05-06,72.7584,0.04851523,99.932,99.794,4,16
2024-05-07,72.8858,0.04831415,100.107,99.38,4,17
2024-05-08,72.7768,0.04863198,99.957,100.034,4,18
2024-05-09,72.9703,0.04816747,100.223,99.079,4,19
2024-05-10,73.0996,0.04779995,100.401,98.323,4,20
2024-05-11,73.0705,0.04784912,100.361,98.424,4,21
2024-05-12,73.2042,0.0477041,100.544,98.125,4,22
2024-05-13,73.5001,0.04688566,100.951,96.442,4,23
2024-05-14,73.5055,0.04680404,100.958,96.274,4,24
2024-05-15,73.982,0.04569686,101.613,93.997,4,25
2024-05-16,74.1831,0.04506478,101.889,92.696,4,26
2024-05-17,73.8222,0.04618658,101.393,95.004,4,27
2024-05-18,73.7096,0.0466214,101.238,95.898,4,28
2024-05-19,73.8556,0.04633535,101.439,95.31,4,29
2024-05-20,72.2243,0.05142975,99.198,105.789,4,30
2024-05-21,71.3128,0.0540734,97.947,111.227,4,31
2024-05-22,71.3012,0.05415812,97.931,111.401,4,32
2024-05-23,70.8281,0.05559345,97.281,114.354,4,33
2024-05-24,71.2032,0.05433721,97.796,111.77,4,34
2024-05-25,71.2416,0.0540981,97.849,111.278,4,35
2024-05-26,70.7412,0.05587737,97.161,114.938,4,36
2024-05-27,70.6886,0.05606108,97.089,115.315,4,37
2024-05-28,70.6306,0.05625966,97.01,115.724,4,38
2024-05-29,70.7667,0.05578142,97.196,114.74,4,39
2024-05-30,71.1399,0.05480892,97.709,112.74,4,40
2024-05-31,70.816,0.05573774,97.264,114.65,4,41
2024-06-01,70.6471,0.05631542,97.032,115.839,4,42
2024-06-02,70.8584,0.05576704,97.322,114.711,4,43
2024-06-03,71.2009,0.05473347,97.793,112.585,4,44
2024-06-04,71.4605,0.05403215,98.149,111.142,4,45
2024-06-05,71.3704,0.05434619,98.026,111.788,4,46
2024-06-06,71.548,0.05384854,98.27,110.764,4,47
2024-06-07,71.9111,0.05307207,98.768,109.167,4,48
2024-06-08,71.9371,0.05309499,98.804,109.214,4,49
2024-06-09,71.8812,0.05320826,98.727,109.447,4,50
2024-06-10,72.0285,0.0527765,98.93,108.559,4,51
2024-06-11,72.3165,0.05191911,99.325,106.796,4,52
2024-06-12,72.1612,0.05220052,99.112,107.374,4,53
2024-06-13,72.2621,0.05196,99.25,106.88,4,54
2024-06-14,72.0322,0.05274005,98.935,108.484,4,55
2024-06-15,71.5878,0.0538897,98.324,110.849,4,56
2024-06-16,71.4791,0.05433132,98.175,111.757,4,57
2024-06-17,71.9579,0.05278767,98.833,108.582,4,58
2024-06-18,71.8269,0.05341032,98.653,109.863,4,59
2024-06-19,71.3494,0.05483409,97.997,112.792,4,60
2024-06-20,71.5662,0.05412621,98.295,111.336,4,61
2024-06-21,71.3012,0.05489957,97.931,112.926,4,62
2024-06-22,71.4713,0.05440869,98.164,111.917,4,63
2024-06-23,71.6029,0.05398941,98.345,111.054,4,64
2024-06-24,71.006,0.05555477,97.525,114.274,4,65
2024-06-25,71.2076,0.05495174,97.802,113.034,4,66
2024-06-26,71.0592,0.05541552,97.598,113.988,4,67
2024-06-27,70.8864,0.0559332,97.361,115.052,4,68
2024-06-28,70.8563,0.05592973,97.32,115.045,4,69
2024-06-29,71.0545,0.05540404,97.592,113.964,4,70
2024-06-30,71.3129,0.05477548,97.947,112.671,4,71
2024-07-01,71.3429,0.05470858,97.988,112.533,4,72
2024-07-02,71.1208,0.05510619,97.683,113.351,4,73
2024-07-03,71.2806,0.0547137,97.902,112.544,4,74
2024-07-04,71.704,0.0536536,98.484,110.363,4,75
2024-07-05,72.0473,0.05264782,98.955,108.295,4,76
2024-07-06,71.9415,0.05265989,98.81,108.319,4,77
2024-07-07,72.174,0.05226765,99.129,107.513,4,78
2024-07-08,71.7987,0.05327859,98.614,109.592,4,79
2024-07-09,71.9802,0.05284753,98.863,108.705,4,80
2024-07-10,71.6679,0.05372556,98.434,110.511,4,81
2024-07-11,71.4996,0.05403865,98.203,111.155,4,82
2024-07-12,71.3714,0.05410339,98.027,111.289,4,83
2024-07-13,71.2975,0.0536307,97.925,110.316,4,84
2024-07-14,71.4624,0.0533749,98.152,109.79,4,85
2024-07-15,71.412,0.05388123,98.083,110.832,4,86
2024-07-16,71.5494,0.05292979,98.271,108.875,4,87
2024-07-17,71.3208,0.05286647,97.958,108.744,4,88
2024-07-18,71.3509,0.05362441,97.999,110.303,4,89
2024-07-19,71.7916,0.05254215,98.604,108.077,4,90
2024-07-20,71.7222,0.0524007,98.509,107.786,4,91
2024-07-21,71.8933,0.05187566,98.744,106.706,4,92
2024-07-22,72.1484,0.05096511,99.094,104.833,4,93
2024-07-23,71.5481,0.05283553,98.27,108.681,4,94
2024-07-24,72.0383,0.05098007,98.943,104.864,4,95
2024-07-25,73.0171,0.04829,100.287,99.331,4,96
2024-07-26,73.0624,0.0482819,100.35,99.314,4,97
2024-07-27,73.2706,0.04780258,100.636,98.328,4,98
2024-07-28,73.2253,0.04797794,100.573,98.689,4,99
2024-07-29,72.5914,0.04969781,99.703,102.226,4,100
2024-07-30,72.5289,0.049499,99.617,101.818,4,101
2024-07-31,72.3261,0.04995713,99.338,102.76,4,102
2024-08-01,72.7638,0.0491466,99.939,101.093,4,103
2024-08-02,72.9627,0.04853125,100.213,99.827,4,104
2024-08-03,73.1892,0.04786389,100.524,98.454,4,105
2024-08-04,73.7515,0.04628079,101.296,95.198,4,106
2024-08-05,74.2181,0.04479405,101.937,92.14,4,107
2024-08-06,74.5478,0.04386696,102.39,90.233,4,108
2024-08-07,74.3745,0.0425597,102.152,87.544,4,109
2024-08-08,74.4473,0.04339748,102.252,89.267,4,110
2024-08-09,74.8118,0.04270291,102.752,87.838,4,111
2024-08-10,74.7396,0.04282596,102.653,88.091,4,112
2024-08-11,74.5807,0.04349376,102.435,89.465,4,113
2024-08-12,73.6561,0.04594484,101.165,94.507,4,114
2024-08-13,74.1424,0.04464275,101.833,91.828,4,115
2024-08-14,73.8597,0.04532205,101.445,93.226,4,116
2024-08-15,74.0545,0.04464899,101.712,91.841,4,117
2024-08-16,74.3407,0.04402881,102.105,90.566,4,118
2024-08-17,74.3644,0.04396533,102.138,90.435,4,119
2024-08-18,74.1167,0.04464457,101.798,91.832,4,120
2024-08-19,74.1092,0.04430048,101.787,91.124,4,121
2024-08-20,74.3192,0.04360461,102.076,89.693,4,122
2024-08-21,74.6186,0.0429938,102.487,88.437,4,123
2024-08-22,74.4268,0.04343525,102.224,89.345,4,124
2024-08-23,74.6407,0.0431478,102.517,88.753,4,125
2024-08-24,74.6383,0.0431407,102.514,88.739,4,126
2024-08-25,74.873,0.04276327,102.836,87.962,4,127
2024-08-26,74.9287,0.04265169,102.913,87.733,4,128
2024-08-27,75.3195,0.04133383,103.45,85.022,4,129
2024-08-28,74.7666,0.04279919,102.69,88.036,4,130
2024-08-29,74.8883,0.04258808,102.857,87.602,4,131
2024-08-30,74.7768,0.04272348,102.704,87.881,4,132
2024-08-31,74.8056,0.04262892,102.744,87.686,4,133
2024-09-01,74.9498,0.04230134,102.942,87.012,4,134
2024-09-02,74.7288,0.04291159,102.638,88.267,4,135
2024-09-03,74.875,0.04232997,102.839,87.071,4,136
2024-09-04,74.9188,0.04226752,102.899,86.943,4,137
2024-09-05,74.8756,0.04218574,102.84,86.774,4,138
2024-09-06,75.2127,0.0412449,103.303,84.839,4,139
2024-09-07,74.9402,0.0419796,102.929,86.35,4,140
2024-09-08,74.9788,0.04192671,102.982,86.242,4,141
2024-09-09,75.2276,0.04134085,103.323,85.037,4,142
2024-09-10,75.2341,0.04143826,103.332,85.237,4,143
2024-09-11,75.4735,0.04080022,103.661,83.924,4,144
2024-09-12,75.4253,0.04064251,103.595,83.6,4,145
2024-09-13,75.6149,0.0403518,103.855,83.002,4,146
2024-09-14,75.4843,0.04028161,103.676,82.858,4,147
2024-09-15,75.9511,0.03922364,104.317,80.681,4,148
2024-09-16,75.7719,0.03941768,104.071,81.081,4,149
2024-09-17,76.1338,0.03879706,104.568,79.804,4,150
2024-09-18,76.3021,0.03847561,104.799,79.143,4,151
2024-09-19,76.1316,0.03918484,104.565,80.602,4,152
2024-09-20,75.7071,0.04045247,103.982,83.209,4,153
2024-09-21,75.3883,0.0411052,103.544,84.552,4,154
2024-09-22,75.6558,0.04060137,103.912,83.515,4,155
2024-09-23,75.2275,0.04180777,103.323,85.997,4,156
2024-09-24,75.4423,0.04127095,103.618,84.893,4,157
2024-09-25,75.5642,0.04083107,103.786,83.988,4,158
2024-09-26,75.7324,0.04042112,104.017,83.145,4,159
2024-09-27,75.518,0.04102619,103.722,84.389,4,160
2024-09-28,75.5122,0.04066712,103.714,83.651,4,161
2024-09-29,75.4631,0.04048142,103.647,83.269,4,162
2024-09-30,75.3251,0.04104099,103.457,84.42,4,163
2024-10-01,75.5977,0.04025465,103.832,82.802,4,164
2024-10-02,76.3299,0.03902178,104.837,80.266,4,165
2024-10-03,76.5435,0.03866532,105.131,79.533,4,166
2024-10-04,76.4385,0.03892072,104.987,80.058,4,167
2024-10-05,76.4448,0.03892172,104.995,80.06,4,168
2024-10-06,76.4915,0.03883592,105.059,79.884,4,169
2024-10-07,76.4952,0.03887724,105.064,79.969,4,170
2024-10-08,76.3609,0.03926821,104.88,80.773,4,171
2024-10-09,76.3624,0.03905245,104.882,80.329,4,172
2024-10-10,76.1406,0.03955628,104.577,81.366,4,173
2024-10-11,76.3909,0.03902648,104.921,80.276,4,174
2024-10-12,76.3627,0.03921089,104.882,80.655,4,175
2024-10-13,76.3645,0.03927917,104.885,80.796,4,176
2024-10-14,76.244,0.03980842,104.719,81.884,4,177
2024-10-15,76.6596,0.03885206,105.29,79.917,4,178
2024-10-16,76.6863,0.03860291,105.327,79.405,4,179
2024-10-17,76.6397,0.03865942,105.263,79.521,4,180
2024-10-18,76.6409,0.038623,105.265,79.446,4,181
2024-10-19,76.5448,0.03876218,105.133,79.732,4,182
2024-10-20,76.2187,0.03979167,104.685,81.85,4,183
2024-10-21,76.2377,0.03955083,104.711,81.355,4,184
2024-10-22,76.5427,0.03890625,105.13,80.029,4,185
2024-10-23,76.9204,0.03783624,105.648,77.828,4,186
2024-10-24,77.1971,0.03716575,106.028,76.448,4,187
2024-10-25,77.5991,0.03644964,106.581,74.975,4,188
2024-10-26,77.3232,0.03701068,106.202,76.13,4,189
2024-10-27,77.3478,0.03688955,106.235,75.88,4,190
2024-10-28,77.399,0.03673193,106.306,75.556,4,191
2024-10-29,77.5852,0.03625844,106.562,74.582,4,192
2024-10-30,77.4765,0.0367268,106.412,75.546,4,193
2024-10-31,77.8343,0.03578074,106.904,73.6,4,194
2024-11-01,77.6408,0.03615956,106.638,74.379,4,195
2024-11-02,77.7325,0.03594473,106.764,73.937,4,196
2024-11-03,77.882,0.03570699,106.969,73.448,4,197
2024-11-04,77.9133,0.03536001,107.012,72.734,4,198
2024-11-05,78.0285,0.03493015,107.17,71.85,4,199
2024-11-06,77.6733,0.03597262,106.683,73.994,4,200
2024-11-07,76.8848,0.03806487,105.6,78.298,4,201
2024-11-08,76.6352,0.03869253,105.257,79.589,4,202
2024-11-09,75.7543,0.04088564,104.047,84.1,4,203
2024-11-10,75.9312,0.0396414,104.29,81.541,4,204
2024-11-11,76.4947,0.03792752,105.064,78.015,4,205
2024-11-12,76.2257,0.03696966,104.694,76.045,4,206
2024-11-13,76.9911,0.03530957,105.746,72.63,4,207
2024-11-14,76.786,0.03504886,105.464,72.094,4,208
2024-11-15,76.8554,0.03398607,105.559,69.908,4,209
2024-11-16,75.6377,0.03460821,103.887,71.188,4,210
2024-11-17,76.0103,0.03421475,104.398,70.378,4,211
2024-11-18,75.377,0.03520222,103.529,72.41,4,212
2024-11-19,75.9778,0.03373066,104.354,69.383,4,213
2024-11-20,76.487,0.03264048,105.053,67.14,4,214
2024-11-21,75.7932,0.03414998,104.1,70.245,4,215
2024-11-22,74.9589,0.03361058,102.954,69.136,4,216
2024-11-23,73.8416,0.034771,101.42,71.523,4,217
2024-11-24,74.0151,0.03433222,101.658,70.62,4,218
2024-11-25,73.2411,0.03674514,100.595,75.583,4,219
2024-11-26,73.5451,0.03618442,101.013,74.43,4,220
2024-11-27,72.7772,0.03822549,99.958,78.628,4,221
2024-11-28,72.8129,0.0374377,100.007,77.008,4,222
2024-11-29,72.1362,0.03691636,99.077,75.936,4,223
2024-11-30,71.2435,0.03849328,97.851,79.179,4,224
2024-12-01,70.4379,0.03812554,96.745,78.423,4,225
2024-12-02,69.1657,0.03799459,94.998,78.153,4,226
2024-12-03,69.8617,0.0377448,95.953,77.64,4,227
2024-12-04,70.3213,0.03886627,96.585,79.946,4,228
2024-12-05,70.3009,0.03914079,96.557,80.511,4,229
2024-12-06,69.7819,0.0401535,95.844,82.594,4,230
2024-12-07,69.2968,0.04007087,95.178,82.424,4,231
2024-12-08,69.4166,0.03969927,95.342,81.66,4,232
2024-12-09,71.0089,0.03813706,97.529,78.446,4,233
2024-12-10,70.7799,0.03751054,97.215,77.158,4,234
2024-12-11,70.8524,0.03787227,97.314,77.902,4,235
2024-12-12,70.732,0.03873529,97.149,79.677,4,236
2024-12-13,70.6417,0.0385572,97.025,79.311,4,237
2024-12-14,70.9063,0.03816437,97.388,78.503,4,238
2024-12-15,71.1377,0.0377582,97.706,77.667,4,239
2024-12-16,71.2022,0.03774174,97.795,77.633,4,240
2024-12-17,71.4368,0.03654248,98.117,75.166,4,241
2024-12-18,71.9127,0.03619534,98.77,74.452,4,242
2024-12-19,72.4212,0.03510721,99.469,72.214,4,243
2024-12-20,72.1989,0.03556254,99.164,73.151,4,244
2024-12-21,72.7299,0.03428502,99.893,70.523,4,245
2024-12-22,72.6093,0.03445483,99.727,70.872,4,246
2024-12-23,71.8001,0.03610221,98.616,74.261,4,247
2024-12-24,72.0339,0.03543013,98.937,72.878,4,248
2024-12-25,72.3073,0.0351765,99.312,72.357,4,249
2024-12-26,72.6897,0.03477249,99.838,71.526,4,250
2024-12-27,72.4685,0.03525892,99.534,72.526,4,251
2024-12-28,72.2084,0.03571244,99.177,73.459,4,252
2024-12-29,72.3873,0.03581227,99.422,73.664,4,253
2024-12-30,72.2804,0.03626624,99.275,74.598,4,254
2024-12-31,72.4581,0.03568331,99.52,73.399,4,255
2025-01-01,71.6359,0.03547575,98.39,72.972,4,256
2025-01-02,71.5143,0.03559668,98.223,73.221,4,257
2025-01-03,70.9193,0.03675321,97.406,75.6,4,258
2025-01-04,70.8195,0.037237,97.269,76.595,4,259
2025-01-05,71.0233,0.03696825,97.549,76.042,4,260
2025-01-06,71.5931,0.03604513,98.331,74.143,4,261
2025-01-07,72.0869,0.03488082,99.01,71.748,4,262
2025-01-08,71.6191,0.03499125,98.367,71.976,4,263
2025-01-09,71.8586,0.03483996,98.696,71.664,4,264
2025-01-10,71.8938,0.03450617,98.745,70.978,4,265
2025-01-11,71.0653,0.03473735,97.607,71.453,4,266
2025-01-12,71.3914,0.03453144,98.054,71.03,4,267
2025-01-13,71.7581,0.03319857,98.558,68.288,4,268
2025-01-14,71.4108,0.033412,98.081,68.727,4,269
2025-01-15,69.9478,0.0343512,96.072,70.659,4,270
2025-01-16,70.1721,0.0330387,96.38,67.959,4,271
2025-01-17,70.1977,0.03335587,96.415,68.612,4,272
2025-01-18,70.9161,0.03164206,97.402,65.086,4,273
2025-01-19,71.6262,0.03173755,98.377,65.283,4,274
2025-01-20,71.224,0.03202516,97.825,65.875,4,275
2025-01-21,71.6225,0.03134925,98.372,64.484,4,276
2025-01-22,71.4987,0.03121341,98.202,64.205,4,277
2025-01-23,71.4177,0.03201856,98.091,65.861,4,278
2025-01-24,71.6849,0.03161335,98.458,65.027,4,279
2025-01-25,71.6354,0.03169247,98.39,65.19,4,280
2025-01-26,71.8103,0.03151721,98.63,64.83,4,281
2025-01-27,71.8413,0.03111152,98.672,63.995,4,282
2025-01-28,72.0591,0.03036203,98.972,62.454,4,283
2025-01-29,72.3339,0.03005904,99.349,61.83,4,284
2025-01-30,71.8319,0.03101181,98.659,63.79,4,285
2025-01-31,71.5056,0.03219759,98.211,66.229,4,286
2025-02-01,72.2854,0.03101026,99.282,63.787,4,287
2025-02-02,73.7798,0.02919442,101.335,60.052,4,288
2025-02-03,73.9184,0.02832754,101.525,58.269,4,289
2025-02-04,74.3665,0.0278351,102.141,57.256,4,290
2025-02-05,74.4094,0.02879949,102.2,59.239,4,291
2025-02-06,74.9788,0.0278133,102.982,57.211,4,292
2025-02-07,75.0041,0.02710979,103.016,55.764,4,293
2025-02-08,74.7872,0.02729885,102.719,56.153,4,294
2025-02-09,74.9554,0.02723965,102.95,56.031,4,295
2025-02-10,74.904,0.02730588,102.879,56.167,4,296
2025-02-11,74.7727,0.0271795,102.699,55.907,4,297
2025-02-12,74.4396,0.02801497,102.241,57.626,4,298
2025-02-13,74.2064,0.02770932,101.921,56.997,4,299
2025-02-14,73.5759,0.02797414,101.055,57.542,4,300
2025-02-15,73.6251,0.0276095,101.122,56.792,4,301
2025-02-16,73.5925,0.02767733,101.078,56.931,4,302
2025-02-17,73.5198,0.0286394,100.978,58.91,4,303
2025-02-18,74.0399,0.02794438,101.692,57.48,4,304
2025-02-19,73.52,0.0281246,100.978,57.851,4,305
2025-02-20,73.909,0.02785502,101.512,57.297,4,306
2025-02-21,74.2183,0.02764984,101.937,56.875,4,307
2025-02-22,73.8636,0.02863556,101.45,58.902,4,308
2025-02-23,73.6009,0.02936634,101.089,60.405,4,309
2025-02-24,74.9585,0.02742468,102.954,56.411,4,310
2025-02-25,74.2561,0.02815569,101.989,57.915,4,311
2025-02-26,74.342,0.02774719,102.107,57.075,4,312
2025-02-27,74.6001,0.02716083,102.462,55.869,4,313
2025-02-28,74.9795,0.02646995,102.983,54.448,4,314
2025-03-01,75.1676,0.02573207,103.241,52.93,4,315
2025-03-02,73.2266,0.0267084,100.575,54.938,4,316
2025-03-03,74.9125,0.0249502,102.891,51.322,4,317
2025-03-04,74.8923,0.02485081,102.863,51.117,4,318
2025-03-05,75.1167,0.02473056,103.171,50.87,4,319
2025-03-06,74.8775,0.0244545,102.843,50.302,4,320
2025-03-07,75.1894,0.02466378,103.271,50.732,4,321
2025-03-08,75.0559,0.02552761,103.088,52.509,4,322
2025-03-09,75.4417,0.02499377,103.617,51.411,4,323
2025-03-10,76.1901,0.02379179,104.645,48.939,4,324
2025-03-11,76.2346,0.02323962,104.706,47.803,4,325
2025-03-12,76.2214,0.02279702,104.688,46.893,4,326
2025-03-13,75.7784,0.02297521,104.08,47.259,4,327
2025-03-14,75.7857,0.02276541,104.09,46.828,4,328
2025-03-15,75.6142,0.02299439,103.854,47.299,4,329
2025-03-16,75.8491,0.02284702,104.177,46.995,4,330
2025-03-17,75.7791,0.02294708,104.081,47.201,4,331
2025-03-18,75.6965,0.02334894,103.967,48.028,4,332
2025-03-19,75.0698,0.0237048,103.107,48.76,4,333
2025-03-20,75.2888,0.02351507,103.407,48.37,4,334
2025-03-21,75.515,0.02338669,103.718,48.106,4,335
2025-03-22,75.4683,0.02360658,103.654,48.558,4,336
2025-03-23,75.5385,0.02329599,103.75,47.919,4,337
2025-03-24,75.4451,0.02375,103.622,48.853,4,338
2025-03-25,75.4259,0.02362206,103.596,48.59,4,339
2025-03-26,75.8983,0.0230943,104.245,47.504,4,340
2025-03-27,76.0137,0.02297145,104.403,47.251,4,341
2025-03-28,76.4276,0.022489,104.972,46.259,4,342
2025-03-29,76.6988,0.02210498,105.344,45.469,4,343
2025-03-30,76.7319,0.02192748,105.39,45.104,4,344
2025-03-31,76.8714,0.02211268,105.581,45.485,4,345
2025-04-01,76.8381,0.02239069,105.535,46.057,4,346
2025-04-02,77.2774,0.02174884,106.139,44.737,4,347
2025-04-03,77.1676,0.02186791,105.988,44.981,4,348
2025-04-04,77.0553,0.02164148,105.834,44.516,4,349
2025-04-05,76.9969,0.0216438,105.753,44.52,4,350
2025-04-06,78.0366,0.02012981,107.182,41.406,4,351
2025-04-07,78.3651,0.01964496,107.633,40.409,4,352
2025-04-08,78.6833,0.01926736,108.07,39.632,4,353
2025-04-09,77.9112,0.02010272,107.009,41.351,4,354
2025-04-10,78.3062,0.01913384,107.552,39.358,4,355
2025-04-11,78.6324,0.01878086,108.0,38.631,4,356
2025-04-12,78.062,0.01930884,107.216,39.718,4,357
2025-04-13,78.1819,0.01906583,107.381,39.218,4,358
2025-04-14,78.1938,0.01919224,107.397,39.478,4,359
2025-04-15,78.3528,0.01901253,107.616,39.108,4,360
2025-04-16,78.518,0.01874906,107.843,38.566,4,361
2025-04-17,78.6793,0.01865504,108.064,38.373,4,362
2025-04-18,78.5679,0.01882134,107.911,38.715,4,363
2025-04-19,78.4879,0.01896937,107.801,39.019,4,364
2025-04-20,78.6724,0.01862809,108.055,38.317,4,365
2025-04-21,79.0817,0.01805127,108.617,37.131,4,366
2025-04-22,78.7855,0.01880307,108.21,38.677,4,367
2025-04-23,78.6451,0.0191879,108.017,39.469,4,368
2025-04-24,78.7754,0.01885434,108.196,38.783,4,369
2025-04-25,78.913,0.01888298,108.385,38.842,4,370
2025-04-26,78.718,0.01922023,108.117,39.535,4,371
2025-04-27,78.4935,0.01911678,107.809,39.322,4,372
2025-04-28,78.5508,0.01893308,107.888,38.945,4,373
2025-04-29,78.6506,0.01905306,108.025,39.191,4,374
2025-04-30,78.8257,0.01905078,108.265,39.187,4,375
2025-05-01,78.9129,0.0190662,108.385,39.218,4,376
2025-05-02,78.9873,0.01901355,108.487,39.11,4,377
2025-05-03,78.9656,0.01913039,108.457,39.35,4,378
2025-05-04,78.9474,0.01917049,108.432,39.433,4,379
2025-05-05,79.0646,0.01921304,108.593,39.52,4,380
2025-05-06,79.3284,0.01876568,108.956,38.6,4,381
2025-05-07,79.4896,0.01868026,109.177,38.425,4,382
2025-05-08,78.2284,0.02127759,107.445,43.767,4,383
2025-05-09,77.5191,0.02275296,106.471,46.802,4,384
2025-05-10,76.3342,0.02471355,104.843,50.835,4,385
2025-05-11,76.8859,0.0241175,105.601,49.609,4,386
2025-05-12,76.234,0.02422838,104.706,49.837,4,387
2025-05-13,75.6368,0.02569959,103.885,52.863,4,388
2025-05-14,75.9694,0.02513268,104.342,51.697,4,389
2025-05-15,76.8152,0.0244965,105.504,50.388,4,390
2025-05-16,76.7121,0.0245901,105.362,50.581,4,391
2025-05-17,77.0529,0.0239811,105.83,49.328,4,392
2025-05-18,77.2816,0.02326009,106.145,47.845,4,393
2025-05-19,77.1542,0.0239212,105.97,49.205,4,394
2025-05-20,77.4256,0.0236247,106.342,48.595,4,395
2025-05-21,77.5631,0.02331703,106.531,47.962,4,396
2025-05-22,77.3743,0.02383831,106.272,49.034,4,397
2025-05-23,77.6549,0.02350448,106.657,48.348,4,398
2025-05-24,77.632,0.02344062,106.626,48.216,4,399
2025-05-25,77.7028,0.02338519,106.723,48.102,4,400
2025-05-26,77.8226,0.02342399,106.888,48.182,4,401
2025-05-27,77.4176,0.02440188,106.331,50.194,4,402
2025-05-28,77.3402,0.02481216,106.225,51.038,4,403
2025-05-29,77.2534,0.02490587,106.106,51.23,4,404
2025-05-30,77.8113,0.0242859,106.872,49.955,4,405
2025-05-31,77.8054,0.02418665,106.864,49.751,4,406
2025-06-01,77.9124,0.02401169,107.011,49.391,4,407
2025-06-02,77.6177,0.02463078,106.606,50.665,4,408
2025-06-03,77.4637,0.02460164,106.395,50.605,4,409
2025-06-04,77.4927,0.02490803,106.434,51.235,4,410
2025-06-05,78.0649,0.02381505,107.22,48.987,4,411
2025-06-06,78.0512,0.02374937,107.202,48.852,4,412
2025-06-07,78.0095,0.02391156,107.144,49.185,4,413
2025-06-08,77.8285,0.02373614,106.896,48.824,4,414
2025-06-09,77.7493,0.02428996,106.787,49.963,4,415
2025-06-10,77.297,0.02549386,106.166,52.44,4,416
2025-06-11,77.3106,0.02553771,106.184,52.53,4,417
2025-06-12,77.5927,0.02502796,106.572,51.482,4,418
2025-06-13,78.0207,0.02431527,107.16,50.016,4,419
2025-06-14,78.1298,0.02401783,107.31,49.404,4,420
2025-06-15,78.0224,0.02413536,107.162,49.645,4,421
2025-06-16,77.9534,0.02391764,107.067,49.198,4,422
2025-06-17,78.0568,0.02402216,107.209,49.413,4,423
2025-06-18,78.0289,0.02406653,107.171,49.504,4,424
2025-06-19,78.0323,0.02409562,107.176,49.564,4,425
2025-06-20,78.4328,0.02326966,107.726,47.865,4,426
2025-06-21,78.9492,0.02231491,108.435,45.901,4,427
2025-06-22,79.1218,0.022075,108.672,45.407,4,428
2025-06-23,78.5657,0.02295282,107.908,47.213,4,429
2025-06-24,78.4814,0.02305657,107.792,47.426,4,430
2025-06-25,78.815,0.02253376,108.251,46.351,4,431
2025-06-26,79.049,0.02256977,108.572,46.425,4,432
2025-06-27,78.9351,0.02261664,108.416,46.522,4,433
2025-06-28,78.76,0.02271118,108.175,46.716,4,434
2025-06-29,78.5823,0.02310081,107.931,47.517,4,435
2025-06-30,78.3746,0.0232281,107.646,47.779,4,436
2025-07-01,78.7298,0.02274119,108.134,46.778,4,437
2025-07-02,78.3343,0.02368518,107.59,48.719,4,438
2025-07-03,78.3237,0.02362738,107.576,48.601,4,439
2025-07-04,78.519,0.02322404,107.844,47.771,4,440
2025-07-05,78.5182,0.02326633,107.843,47.858,4,441
2025-07-06,78.2687,0.02353683,107.5,48.414,4,442
2025-07-07,78.2317,0.02349003,107.449,48.318,4,443
2025-07-08,77.9467,0.02400433,107.058,49.376,4,444
2025-07-09,77.388,0.02491397,106.291,51.247,4,445
2025-07-10,77.0643,0.02546244,105.846,52.375,4,446
2025-07-11,76.6412,0.02515454,105.265,51.742,4,447
2025-07-12,76.5858,0.02504972,105.189,51.526,4,448
2025-07-13,76.2631,0.024976,104.746,51.375,4,449
2025-07-14,76.0365,0.02512519,104.434,51.682,4,450
2025-07-15,75.4436,0.02661492,103.62,54.746,4,451
2025-07-16,74.5849,0.02835258,102.441,58.32,4,452
2025-07-17,73.1151,0.02919956,100.422,60.062,4,453
2025-07-18,73.0179,0.03003038,100.288,61.771,4,454
2025-07-19,72.7809,0.03046525,99.963,62.666,4,455
2025-07-20,72.0653,0.03201096,98.98,65.845,4,456
2025-07-21,71.8192,0.03206869,98.642,65.964,4,457
2025-07-22,72.3262,0.03119816,99.338,64.173,4,458
2025-07-23,73.4397,0.03059026,100.868,62.923,4,459
2025-07-24,73.3039,0.03133638,100.681,64.458,4,460
2025-07-25,73.106,0.03167591,100.409,65.156,4,461
2025-07-26,73.0409,0.03172789,100.32,65.263,4,462
2025-07-27,72.7844,0.03234729,99.968,66.537,4,463
2025-07-28,73.1145,0.03212014,100.421,66.07,4,464
2025-07-29,73.0815,0.03216109,100.376,66.154,4,465
2025-07-30,73.15,0.03228381,100.47,66.407,4,466
2025-07-31,73.3305,0.03195081,100.718,65.722,4,467
2025-08-01,73.7744,0.03074008,101.327,63.231,4,468
2025-08-02,74.4573,0.03015239,102.265,62.022,4,469
2025-08-03,73.8461,0.0306674,101.426,63.082,4,470
2025-08-04,72.9998,0.03228415,100.264,66.407,4,471
2025-08-05,73.4561,0.03167152,100.89,65.147,4,472
2025-08-06,73.3294,0.0320079,100.716,65.839,4,473
2025-08-07,72.2468,0.03324319,99.229,68.38,4,474
2025-08-08,71.8173,0.03440322,98.639,70.766,4,475
2025-08-09,71.2353,0.03657935,97.84,75.242,4,476
2025-08-10,71.8584,0.0356468,98.696,73.324,4,477
2025-08-11,72.0087,0.03560358,98.902,73.235,4,478
2025-08-12,70.9039,0.03827922,97.385,78.739,4,479
2025-08-13,70.9852,0.0385671,97.497,79.331,4,480
2025-08-14,71.2241,0.03848413,97.825,79.16,4,481
2025-08-15,71.3598,0.03776269,98.011,77.676,4,482
2025-08-16,71.3322,0.03765179,97.973,77.448,4,483
2025-08-17,71.1869,0.03816016,97.774,78.494,4,484
2025-08-18,71.5419,0.03715431,98.261,76.425,4,485
2025-08-19,72.1205,0.03626235,99.056,74.59,4,486
2025-08-20,71.4169,0.03795728,98.089,78.077,4,487
2025-08-21,71.6848,0.03758517,98.457,77.311,4,488
2025-08-22,70.1859,0.04136185,96.399,85.08,4,489
2025-08-23,70.1398,0.04144994,96.335,85.261,4,490
2025-08-24,69.8605,0.04217246,95.952,86.747,4,491
2025-08-25,70.861,0.03976315,97.326,81.791,4,492
2025-08-26,70.1681,0.04112744,96.374,84.598,4,493
2025-08-27,70.4425,0.04051183,96.751,83.331,4,494
2025-08-28,70.6588,0.04004266,97.048,82.366,4,495
2025-08-29,70.7127,0.04025684,97.122,82.807,4,496
2025-08-30,70.7575,0.04020471,97.184,82.7,4,497
2025-08-31,70.717,0.04059046,97.128,83.493,4,498
2025-09-01,71.2023,0.03945765,97.795,81.163,4,499
2025-09-02,71.2292,0.03889058,97.832,79.996,4,500
2025-09-03,70.9976,0.03986261,97.514,81.996,4,501
2025-09-04,71.3674,0.03892586,98.022,80.069,4,502
2025-09-05,71.2844,0.03891899,97.908,80.055,4,503
2025-09-06,71.3178,0.0387973,97.953,79.805,4,504
2025-09-07,71.1775,0.03877629,97.761,79.761,4,505
2025-09-08,71.0829,0.03840005,97.631,78.987,4,506
2025-09-09,71.0301,0.03865704,97.558,79.516,4,507
2025-09-10,71.2313,0.03816883,97.835,78.512,4,508
2025-09-11,71.0033,0.03864996,97.521,79.501,4,509
2025-09-12,70.2673,0.04048999,96.511,83.286,4,510
2025-09-13,70.2446,0.04023911,96.479,82.77,4,511
2025-09-14,70.5533,0.03994849,96.903,82.172,4,512
2025-09-15,70.9223,0.03919672,97.41,80.626,4,513
2025-09-16,71.0926,0.03858626,97.644,79.37,4,514
2025-09-17,70.6711,0.03941682,97.065,81.079,4,515
2025-09-18,70.7949,0.03919463,97.235,80.622,4,516
2025-09-19,71.133,0.03860833,97.7,79.416,4,517
2025-09-20,71.1217,0.03873715,97.684,79.681,4,518
2025-09-21,71.17,0.03860994,97.75,79.419,4,519
2025-09-22,71.7735,0.0372987,98.579,76.722,4,520
2025-09-23,71.8168,0.0372187,98.639,76.557,4,521
2025-09-24,71.8264,0.03664809,98.652,75.384,4,522
2025-09-25,72.4287,0.03549975,99.479,73.022,4,523
2025-09-26,71.9081,0.0367625,98.764,75.619,4,524
2025-09-27,71.885,0.03666492,98.732,75.418,4,525
2025-09-28,71.8444,0.03687684,98.677,75.854,4,526
2025-09-29,71.9487,0.03691079,98.82,75.924,4,527
2025-09-30,72.2261,0.03633393,99.201,74.737,4,528
2025-10-01,72.0725,0.03664301,98.99,75.373,4,529
2025-10-02,71.7801,0.03714888,98.588,76.414,4,530
2025-10-03,71.9676,0.03694231,98.846,75.989,4,531
2025-10-04,72.2659,0.03667885,99.256,75.447,4,532
2025-10-05,72.3618,0.03657672,99.387,75.237,4,533
2025-10-06,72.0107,0.03761911,98.905,77.381,4,534
2025-10-07,72.4856,0.03671434,99.557,75.52,4,535
2025-10-08,72.5018,0.03670621,99.58,75.503,4,536
2025-10-09,72.8354,0.03592753,100.038,73.902,4,537
2025-10-10,74.2828,0.03399484,102.026,69.926,4,538
2025-10-11,74.2046,0.03380103,101.918,69.527,4,539
2025-10-12,73.2869,0.03601803,100.658,74.088,4,540
2025-10-13,72.7899,0.03684613,99.975,75.791,4,541
2025-10-14,73.076,0.0364889,100.368,75.056,4,542
2025-10-15,73.3808,0.0359387,100.787,73.925,4,543
2025-10-16,73.4774,0.03597452,100.92,73.998,4,544
2025-10-17,73.4452,0.03600031,100.875,74.051,4,545
2025-10-18,73.1918,0.03629388,100.527,74.655,4,546
2025-10-19,73.058,0.03668809,100.344,75.466,4,547
2025-10-20,73.144,0.03599185,100.462,74.034,4,548
2025-10-21,73.2995,0.03570734,100.675,73.449,4,549
2025-10-22,73.5727,0.03528505,101.05,72.58,4,550
2025-10-23,73.7066,0.03503601,101.234,72.068,4,551
2025-10-24,73.3365,0.03542385,100.726,72.865,4,552
2025-10-25,73.142,0.03543464,100.459,72.888,4,553
2025-10-26,72.8603,0.03636843,100.072,74.808,4,554
2025-10-27,72.9889,0.03610303,100.249,74.263,4,555
2025-10-28,73.2942,0.03526592,100.668,72.541,4,556
2025-10-29,73.1639,0.03541397,100.489,72.845,4,557
2025-10-30,73.5252,0.03509621,100.985,72.192,4,558
2025-10-31,73.3867,0.03515286,100.795,72.308,4,559
2025-11-01,73.3941,0.03519555,100.805,72.396,4,560
2025-11-02,73.3578,0.03526585,100.755,72.54,4,561
2025-11-03,74.2727,0.03376362,102.012,69.45,4,562
2025-11-04,74.635,0.03239003,102.509,66.625,4,563
2025-11-05,74.2056,0.03298838,101.92,67.856,4,564
2025-11-06,74.5589,0.03263152,102.405,67.122,4,565
2025-11-07,74.0571,0.033241,101.716,68.375,4,566
2025-11-08,74.0898,0.03327603,101.761,68.447,4,567
2025-11-09,73.7138,0.03416334,101.244,70.273,4,568
2025-11-10,73.5356,0.03365861,100.999,69.234,4,569
2025-11-11,73.8992,0.03320945,101.499,68.311,4,570
2025-11-12,73.7273,0.03354111,101.263,68.993,4,571
2025-11-13,74.1409,0.03246544,101.831,66.78,4,572
2025-11-14,73.7965,0.03293354,101.358,67.743,4,573
2025-11-15,73.7801,0.03317858,101.335,68.247,4,574
2025-11-16,73.9011,0.0328141,101.501,67.497,4,575
2025-11-17,73.9303,0.03283724,101.542,67.545,4,576
2025-11-18,73.5198,0.03357991,100.978,69.073,4,577
2025-11-19,73.9736,0.03302034,101.601,67.922,4,578
2025-11-20,74.0423,0.03273193,101.695,67.328,4,579
2025-11-21,74.2532,0.03245556,101.985,66.76,4,580
2025-11-22,74.1101,0.03269981,101.789,67.262,4,581
2025-11-23,74.0545,0.03225726,101.712,66.352,4,582
2025-11-24,73.1767,0.0334775,100.507,68.862,4,583
2025-11-25,73.0356,0.03388288,100.313,69.696,4,584
2025-11-26,73.3707,0.03343706,100.773,68.779,4,585
2025-11-27,73.6764,0.03301035,101.193,67.901,4,586
2025-11-28,73.6088,0.03336001,101.1,68.62,4,587
2025-11-29,73.6847,0.03292888,101.204,67.733,4,588
2025-11-30,73.7142,0.03313858,101.245,68.165,4,589
2025-12-01,74.1065,0.03242359,101.784,66.694,4,590
2025-12-02,73.9385,0.03281377,101.553,67.497,4,591
2025-12-03,73.5336,0.03407524,100.997,70.091,4,592
2025-12-04,73.7859,0.03401616,101.343,69.97,4,593
2025-12-05,73.8579,0.03384249,101.442,69.613,4,594
2025-12-06,73.7948,0.03404991,101.355,70.039,4,595
2025-12-07,73.9535,0.03384222,101.573,69.612,4,596
2025-12-08,73.6472,0.03446605,101.153,70.895,4,597
2025-12-09,73.1965,0.03583641,100.534,73.714,4,598
2025-12-10,73.2453,0.03615312,100.601,74.366,4,599
2025-12-11,73.739,0.03495302,101.279,71.897,4,600
2025-12-12,73.923,0.03418293,101.532,70.313,4,601
2025-12-13,73.7568,0.03451557,101.303,70.997,4,602
2025-12-14,73.6822,0.03474258,101.201,71.464,4,603
2025-12-15,73.9888,0.03430371,101.622,70.561,4,604
2025-12-16,74.1915,0.0337116,101.9,69.343,4,605
2025-12-17,74.6164,0.03284571,102.484,67.562,4,606
2025-12-18,74.6839,0.03308482,102.577,68.054,4,607
2025-12-19,74.2624,0.03380444,101.998,69.534,4,608
2025-12-20,74.2052,0.03370003,101.919,69.32,4,609
2025-12-21,74.211,0.03389609,101.927,69.723,4,610
2025-12-22,74.2314,0.03396196,101.955,69.858,4,611
2025-12-23,74.2722,0.03391772,102.011,69.767,4,612
2025-12-24,74.4626,0.03362863,102.273,69.173,4,613
2025-12-25,74.6513,0.03330472,102.532,68.507,4,614
2025-12-26,74.5545,0.03350423,102.399,68.917,4,615
2025-12-27,74.4453,0.03355142,102.249,69.014,4,616
2025-12-28,74.4643,0.03357451,102.275,69.061,4,617
2025-12-29,74.4522,0.03367139,102.258,69.261,4,618
2025-12-30,74.5262,0.03357741,102.36,69.067,4,619
2025-12-31,74.5154,0.03391488,102.345,69.762,4,620
2026-01-01,74.4533,0.03383791,102.26,69.603,4,621
2026-01-02,73.7424,0.03473711,101.284,71.453,4,622
2026-01-03,73.836,0.0344957,101.412,70.956,4,623
2026-01-04,73.6725,0.0343709,101.188,70.7,4,624
2026-01-05,73.0452,0.03437683,100.326,70.712,4,625
2026-01-06,72.9329,0.03517032,100.172,72.344,4,626
2026-01-07,73.327,0.03468331,100.713,71.342,4,627
2026-01-08,73.6459,0.03412967,101.151,70.203,4,628
2026-01-09,73.7282,0.03407352,101.264,70.088,4,629
2026-01-10,73.7289,0.03409122,101.265,70.124,4,630
2026-01-11,73.7213,0.03431043,101.255,70.575,4,631
2026-01-12,73.92,0.03391523,101.527,69.762,4,632
2026-01-13,73.4933,0.03485983,100.941,71.705,4,633
2026-01-14,73.7807,0.03458739,101.336,71.145,4,634
2026-01-15,73.8796,0.03469047,101.472,71.357,4,635
2026-01-16,73.9929,0.03451088,101.628,70.988,4,636
2026-01-17,73.9091,0.03477058,101.512,71.522,4,637
2026-01-18,73.9703,0.03502954,101.597,72.054,4,638
2026-01-19,74.1012,0.03442378,101.776,70.808,4,639
2026-01-20,74.555,0.03329479,102.4,68.486,4,640
2026-01-21,74.3981,0.03339282,102.184,68.688,4,641
2026-01-22,74.6376,0.03297578,102.513,67.83,4,642
2026-01-23,74.6356,0.03300092,102.51,67.882,4,643
2026-01-24,74.6119,0.03308472,102.478,68.054,4,644
2026-01-25,74.9323,0.03246924,102.918,66.788,4,645
2026-01-26,74.5815,0.0331703,102.436,68.23,4,646
2026-01-27,74.3625,0.03386524,102.135,69.659,4,647
2026-01-28,74.426,0.0337353,102.222,69.392,4,648
2026-01-29,74.5767,0.03334739,102.429,68.594,4,649
2026-01-30,75.2225,0.03213206,103.316,66.094,4,650
2026-01-31,75.5284,0.03105679,103.737,63.883,4,651
2026-02-01,76.1232,0.02951757,104.553,60.716,4,652
2026-02-02,76.0765,0.02979822,104.489,61.294,4,653
2026-02-03,76.0845,0.0294832,104.5,60.646,4,654
2026-02-04,76.1137,0.02937804,104.54,60.429,4,655
2026-02-05,76.6437,0.02913688,105.268,59.933,4,656
2026-02-06,76.1988,0.02921648,104.657,60.097,4,657
2026-02-07,75.9108,0.03016368,104.262,62.046,4,658
2026-02-08,76.2015,0.02968996,104.661,61.071,4,659
2026-02-09,76.0341,0.0299958,104.431,61.7,4,660
2026-02-10,76.2803,0.02936807,104.769,60.409,4,661
2026-02-11,76.4064,0.02896054,104.942,59.571,4,662
2026-02-12,76.1703,0.02936894,104.618,60.411,4,663
2026-02-13,76.0755,0.02974858,104.488,61.192,4,664
2026-02-14,75.5587,0.02989537,103.778,61.494,4,665
2026-02-15,76.1453,0.02856307,104.584,58.753,4,666
2026-02-16,75.9387,0.02903951,104.3,59.733,4,667
2026-02-17,75.6866,0.02953016,103.954,60.742,4,668
2026-02-18,75.8834,0.02940424,104.224,60.483,4,669
2026-02-19,76.1148,0.02910194,104.542,59.862,4,670
2026-02-20,76.1642,0.02893767,104.61,59.524,4,671
2026-02-21,76.1392,0.02902853,104.575,59.711,4,672
2026-02-22,76.3549,0.02890883,104.872,59.464,4,673
2026-02-23,76.3095,0.02870331,104.809,59.042,4,674
2026-02-24,76.1833,0.028935,104.636,59.518,4,675
2026-02-25,75.6689,0.03023708,103.93,62.196,4,676
2026-02-26,75.8422,0.03004272,104.168,61.797,4,677
2026-02-27,76.1565,0.02929828,104.599,60.265,4,678
2026-02-28,76.174,0.02932084,104.623,60.312,4,679
2026-03-01,76.1261,0.02948977,104.557,60.659,4,680
2026-03-02,76.2855,0.02949958,104.776,60.679,4,681
2026-03-03,76.5701,0.02903948,105.167,59.733,4,682
2026-03-04,76.5443,0.0292782,105.132,60.224,4,683
2026-03-05,76.5251,0.02925354,105.105,60.173,4,684
2026-03-06,76.5149,0.02905847,105.091,59.772,4,685
2026-03-07,76.3946,0.02927088,104.926,60.209,4,686
2026-03-08,76.316,0.02934792,104.818,60.368,4,687
2026-03-09,76.5442,0.02914126,105.132,59.942,4,688
2026-03-10,76.5321,0.02911577,105.115,59.89,4,689
2026-03-11,76.5333,0.02924338,105.117,60.152,4,690
2026-03-12,76.47,0.02947254,105.03,60.624,4,691
2026-03-13,76.4218,0.02949518,104.964,60.67,4,692
2026-03-14,76.4182,0.02946927,104.959,60.617,4,693
2026-03-15,76.2208,0.02995115,104.688,61.608,4,694
2026-03-16,75.4308,0.03146731,103.602,64.727,4,695
2026-03-17,75.5198,0.0313597,103.725,64.506,4,696
2026-03-18,75.6918,0.03088225,103.961,63.524,4,697
2026-03-19,75.7648,0.03056547,104.061,62.872,4,698
2026-03-20,75.8658,0.03044345,104.2,62.621,4,699
2026-03-21,75.8558,0.03047883,104.186,62.694,4,700
2026-03-22,75.9561,0.03025887,104.324,62.241,4,701
2026-03-23,75.9719,0.03037242,104.346,62.475,4,702
2026-03-24,75.9223,0.03054893,104.278,62.838,4,703
2026-03-25,76.0175,0.03042217,104.408,62.577,4,704
2026-03-26,76.1918,0.02996133,104.648,61.629,4,705
2026-03-27,76.0935,0.03003736,104.513,61.786,4,706
2026-03-28,76.0409,0.03005822,104.44,61.829,4,707
2026-03-29,76.0495,0.03005868,104.452,61.83,4,708
2026-03-30,76.0318,0.03034873,104.428,62.426,4,709
2026-03-31,75.9564,0.03080607,104.324,63.367,4,710
2026-04-01,75.6718,0.03142952,103.934,64.649,4,711
2026-04-02,75.9667,0.03073484,104.339,63.22,4,712
2026-04-03,75.9939,0.03067076,104.376,63.089,4,713
2026-04-04,76.037,0.03067444,104.435,63.096,4,714
2026-04-05,76.1769,0.03062725,104.627,62.999,4,715
2026-04-06,76.2446,0.03057559,104.72,62.893,4,716
2026-04-07,76.0184,0.03119615,104.41,64.169,4,717
2026-04-08,76.2956,0.0307889,104.79,63.332,4,718
2026-04-09,76.4437,0.03050969,104.994,62.757,4,719
2026-04-10,76.4052,0.03077018,104.941,63.293,4,720
2026-04-11,76.2581,0.03127566,104.739,64.333,4,721
2026-04-12,76.2889,0.03098435,104.781,63.734,4,722
2026-04-13,76.1154,0.03179817,104.543,65.408,4,723
2026-04-14,76.3152,0.0313213,104.817,64.427,4,724
2026-04-15,76.1687,0.03152374,104.616,64.843,4,725
2026-04-16,75.9645,0.03128845,104.336,64.359,4,726
2026-04-17,75.997,0.0314113,104.38,64.612,4,727
2026-04-18,76.1949,0.03105765,104.652,63.884,4,728
2026-04-19,76.349,0.03065895,104.864,63.064,4,729
2026-04-20,76.423,0.03051894,104.965,62.776,4,730
2026-04-21,76.384,0.03053192,104.912,62.803,4,731
2026-04-22,76.6342,0.03041141,105.255,62.555,4,732
2026-04-23,76.8152,0.029789,105.504,61.275,4,733
2026-04-24,76.7278,0.02990045,105.384,61.504,4,734
2026-04-25,76.8012,0.02987807,105.485,61.458,4,735
2026-04-26,76.734,0.03016118,105.392,62.04,4,736
2026-04-27,76.9165,0.02974433,105.643,61.183,4,737
2026-04-28,76.8345,0.02998197,105.53,61.672,4,738
2026-04-29,76.9051,0.02973948,105.627,61.173,4,739
2026-04-30,77.0063,0.02957571,105.766,60.836,4,740
2026-05-01,77.1702,0.0293451,105.992,60.362,4,741
2026-05-02,77.1346,0.02946051,105.943,60.599,4,742
2026-05-03,77.1078,0.02957486,105.906,60.834,4,743
2026-05-04,77.2456,0.02940649,106.095,60.488,4,744
2026-05-05,77.3037,0.02916653,106.175,59.994,4,745
2026-05-06,77.4147,0.02886484,106.327,59.374,4,746
2026-05-07,77.5699,0.02863241,106.54,58.896,4,747
2026-05-08,77.3879,0.02876494,106.291,59.168,4,748
2026-05-09,77.393,0.02884062,106.298,59.324,4,749
2026-05-10,77.2714,0.02887044,106.131,59.385,4,750
2026-05-11,77.3154,0.02862495,106.191,58.88,4,751
2026-05-12,77.516,0.02828315,106.466,58.177,4,752
2026-05-13,77.3936,0.02846708,106.298,58.556,4,753
2026-05-14,77.3885,0.02819594,106.291,57.998,4,754
2026-05-15,77.4952,0.02811733,106.438,57.836,4,755
2026-05-16,77.6047,0.02789629,106.588,57.382,4,756
2026-05-17,77.7051,0.02765428,106.726,56.884,4,757
2026-05-18,77.7237,0.02767356,106.752,56.923,4,758
2026-05-19,77.9005,0.02749743,106.995,56.561,4,759
2026-05-20,77.9513,0.02745406,107.064,56.472,4,760
2026-05-21,77.9148,0.0274776,107.014,56.52,4,761
2026-05-22,77.9597,0.02734993,107.076,56.258,4,762
2026-05-23,77.8451,0.02761906,106.918,56.811,4,763
2026-05-24,78.0493,0.02725149,107.199,56.055,4,764
2026-05-25,78.0525,0.02730572,107.203,56.167,4,765
2026-05-26,78.022,0.02732449,107.161,56.205,4,766
2026-05-27,77.9492,0.02720015,107.061,55.95,4,767
2026-05-28,77.6626,0.02729012,106.668,56.135,4,768
2026-05-29,77.287,0.027396,106.152,56.353,4,769
2026-05-30,77.4266,0.02738133,106.344,56.322,4,770
2026-05-31,77.3789,0.02722481,106.278,56.0,4,771
2026-06-01,77.0615,0.02806421,105.842,57.727,4,772
2026-06-02,77.1917,0.02786189,106.021,57.311,4,773
2026-06-03,76.8287,0.02826875,105.522,58.148,4,774
2026-06-04,77.174,0.02774319,105.997,57.067,4,775
2026-06-05,77.9728,0.02588657,107.094,53.248,4,776
2026-06-06,77.9822,0.02574423,107.107,52.955,4,777
2026-06-07,77.6261,0.02663231,106.618,54.782,4,778
2026-06-08,77.4683,0.02684959,106.401,55.229,4,779
2026-06-09,77.6344,0.02655209,106.629,54.617,4,780
2026-06-10,77.929,0.02635755,107.034,54.216,4,781
2026-06-11,77.8419,0.02634442,106.914,54.189,4,782
2026-06-12,77.9969,0.02619585,107.127,53.884,4,783
2026-06-13,78.0518,0.02607504,107.202,53.635,4,784
2026-06-14,77.9537,0.02624845,107.068,53.992,4,785
2026-06-15,77.3657,0.02703331,106.26,55.606,4,786
2026-06-16,77.2787,0.02730203,106.141,56.159,4,787
2026-06-17,77.3187,0.02713058,106.195,55.807,4,788
2026-06-18,77.304,0.02717756,106.175,55.903,4,789
2026-06-19,77.5797,0.02695581,106.554,55.447,4,790
2026-06-20,77.5591,0.02708306,106.526,55.709,4,791
2026-06-21,77.6726,0.02693767,106.682,55.41,4,792
2026-06-22,77.7462,0.02698489,106.783,55.507,4,793
2026-06-23,77.9126,0.02657021,107.011,54.654,4,794
2026-06-24,77.971,0.02655768,107.091,54.628,4,795
2026-06-25,78.1648,0.02622029,107.358,53.934,4,796
2026-06-26,78.1195,0.02627913,107.295,54.055,4,797
2026-06-27,78.1756,0.02621627,107.372,53.926,4,798
2026-06-28,78.0884,0.02637291,107.253,54.248,4,799
2026-06-29,77.9601,0.02674165,107.076,55.007,4,800
2026-06-30,77.7915,0.02679539,106.845,55.117,4,801
2026-07-01,77.8305,0.02681575,106.898,55.159,4,802
2026-07-02,77.5142,0.02761154,106.464,56.796,4,803
2026-07-03,77.1832,0.02808652,106.009,57.773,4,804
2026-07-04,77.077,0.02819399,105.864,57.994,4,805
2026-07-05,77.1854,0.02809532,106.012,57.791,4,806
2026-07-06,77.3211,0.02811039,106.199,57.822,4,807
2026-07-07,77.5223,0.02794866,106.475,57.489,4,808
2026-07-08,77.5599,0.02797577,106.527,57.545,4,809
2026-07-09,77.7616,0.02761213,106.804,56.797,4,810
2026-07-10,77.6298,0.02799374,106.623,57.582,4,811
2026-07-11,77.6217,0.02805457,106.612,57.707,4,812
2026-07-12,77.5925,0.02830558,106.572,58.223,4,813
2026-07-13,77.4997,0.02846061,106.444,58.542,4,814
2026-07-14,77.3131,0.02906462,106.188,59.785,4,815
2026-07-15,77.0639,0.0296253,105.846,60.938,4,816
2026-07-16,77.2657,0.02918615,106.123,60.035,4,817
2026-07-17,77.4125,0.02879544,106.324,59.231,4,818
2026-07-18,77.4918,0.028728,106.433,59.092,4,819
2026-07-19,77.3943,0.02891704,106.299,59.481,4,820
2026-07-20,77.2802,0.02916624,106.143,59.994,4,821
2026-07-21,77.3199,0.02896188,106.197,59.573,4,822
2026-07-22,77.2007,0.02925314,106.033,60.173,4,823
2026-07-23,77.4334,0.02887403,106.353,59.393,4,824
2026-07-24,77.3757,0.02900705,106.274,59.666,4,825
2026-07-25,77.3105,0.02911538,106.184,59.889,4,826
2026-07-26,77.0459,0.02988516,105.821,61.473,4,827
2026-07-27,77.2614,0.02964678,106.117,60.982,4,828
2026-07-28,77.1188,0.03003427,105.921,61.779,4,829
2026-07-29,77.1761,0.02984235,106.0,61.385,4,830
2026-07-30,77.2591,0.02967125,106.114,61.033,4,831
2026-07-31,77.2018,0.02960298,106.035,60.892,4,832
2026-08-01,77.2849,0.02937678,106.149,60.427,4,833
2026-08-02,77.1168,0.02965452,105.918,60.998,4,834
2026-08-03,77.3268,0.02926527,106.207,60.198,4,835
2026-08-04,77.4608,0.02914819,106.391,59.957,4,836
2026-08-05,77.4369,0.02953353,106.358,60.749,4,837
2026-08-06,77.5297,0.02959385,106.485,60.873,4,838
2026-08-07,77.6648,0.02950647,106.671,60.694,4,839
