date,dominance_btc,ratio_eth_btc
2016-07-09,82.9868,0.01680054
2016-07-10,82.9178,0.01686497
2016-07-11,83.2917,0.01624935
2016-07-12,83.4365,0.01575072
2016-07-13,83.1675,0.01586927
2016-07-14,82.7508,0.01745539
2016-07-15,82.5736,0.01798778
2016-07-16,82.5686,0.01761475
2016-07-17,83.2762,0.01652747
2016-07-18,83.2407,0.0164159
2016-07-19,83.0764,0.01730593
2016-07-20,82.5305,0.01873731
2016-07-21,82.3321,0.01911308
2016-07-22,81.0291,0.02278778
2016-07-23,81.0554,0.02197283
2016-07-24,82.069,0.01923306
2016-07-25,81.515,0.02112636
2016-07-26,82.8927,0.01827498
2016-07-27,82.3241,0.01990257
2016-07-28,82.3579,0.01964077
2016-07-29,82.1992,0.01958462
2016-07-30,82.4194,0.01910206
2016-07-31,82.2608,0.01911977
2016-08-01,82.4733,0.01814816
2016-08-02,82.8842,0.01585656
2016-08-03,82.145,0.01848353
2016-08-04,81.681,0.01929676
2016-08-05,81.6047,0.01921029
2016-08-06,81.4887,0.01860223
2016-08-07,81.9024,0.01853489
2016-08-08,81.9003,0.01911651
2016-08-09,80.956,0.02093281
2016-08-10,81.1348,0.0205004
2016-08-11,81.3145,0.01985353
2016-08-12,81.1317,0.02009231
2016-08-13,81.0894,0.01977765
2016-08-14,80.9984,0.01970746
2016-08-15,80.9043,0.01969678
2016-08-16,81.1768,0.019294
2016-08-17,81.3502,0.01882869
2016-08-18,81.343,0.0187645
2016-08-19,81.3114,0.01872316
2016-08-20,81.2273,0.01941477
2016-08-21,81.35,0.0192178
2016-08-22,81.3906,0.01895329
2016-08-23,81.2584,0.01887792
2016-08-24,81.1503,0.01903586
2016-08-25,80.9841,0.01968446
2016-08-26,81.0825,0.01948517
2016-08-27,80.9549,0.01961377
2016-08-28,80.8417,0.0191393
2016-08-29,80.7137,0.01910985
2016-08-30,80.7675,0.01954329
2016-08-31,80.4529,0.02028146
2016-09-01,80.2177,0.02117318
2016-09-02,80.1181,0.02104872
2016-09-03,80.7797,0.01981174
2016-09-04,80.8114,0.01924809
2016-09-05,80.7945,0.0193803
2016-09-06,81.1271,0.01912883
2016-09-07,81.2709,0.01881949
2016-09-08,81.5631,0.01809532
2016-09-09,81.2456,0.01871709
2016-09-10,81.0451,0.01944975
2016-09-11,81.1509,0.01917407
2016-09-12,81.0097,0.01958661
2016-09-13,80.9114,0.01960901
2016-09-14,80.8602,0.01956297
2016-09-15,78.8456,0.01972925
2016-09-16,79.7447,0.02074107
2016-09-17,79.6764,0.02109016
2016-09-18,80.1513,0.02034791
2016-09-19,79.6801,0.02139662
2016-09-20,78.8014,0.02419002
2016-09-21,79.0394,0.02306809
2016-09-22,79.2979,0.02215826
2016-09-23,78.9859,0.02219455
2016-09-24,79.0769,0.02150597
2016-09-25,78.4452,0.0217871
2016-09-26,79.0498,0.02119742
2016-09-27,78.3856,0.02164431
2016-09-28,77.301,0.0220252
2016-09-29,77.7258,0.02170099
2016-09-30,78.1114,0.0217777
2016-10-01,78.8185,0.02150997
2016-10-02,78.4839,0.02171476
2016-10-03,78.5456,0.02203843
2016-10-04,78.9216,0.02184568
2016-10-05,79.503,0.02137305
2016-10-06,79.6565,0.02104251
2016-10-07,79.9041,0.02053784
2016-10-08,80.2407,0.01976988
2016-10-09,80.0917,0.01958478
2016-10-10,80.0617,0.01904794
2016-10-11,80.4905,0.01829723
2016-10-12,80.3545,0.01857783
2016-10-13,80.2931,0.01881923
2016-10-14,80.3127,0.01861357
2016-10-15,80.4252,0.01876263
2016-10-16,80.599,0.01860563
2016-10-17,80.6122,0.01872668
2016-10-18,79.9013,0.01974597
2016-10-19,79.8507,0.01904659
2016-10-20,79.2649,0.01918946
2016-10-21,79.5414,0.01915009
2016-10-22,80.3772,0.01840137
2016-10-23,80.2536,0.01834005
2016-10-24,80.2926,0.01834761
2016-10-25,80.8705,0.01727169
2016-10-26,81.2954,0.01702545
2016-10-27,81.8172,0.01671596
2016-10-28,82.4471,0.01611893
2016-10-29,83.6158,0.01455504
2016-10-30,82.4394,0.01606746
2016-10-31,82.678,0.01570614
2016-11-01,83.4656,0.01479266
2016-11-02,83.528,0.01463339
2016-11-03,82.5649,0.01575336
2016-11-04,82.6922,0.01581187
2016-11-05,82.6569,0.01576432
2016-11-06,83.0203,0.01535684
2016-11-07,82.6592,0.01545734
2016-11-08,82.8375,0.01525465
2016-11-09,83.2413,0.01477123
2016-11-10,83.208,0.0147467
2016-11-11,83.2686,0.01437754
2016-11-12,83.2672,0.01404908
2016-11-13,83.0872,0.01437933
2016-11-14,83.2654,0.01419588
2016-11-15,83.3992,0.01437744
2016-11-16,84.2956,0.01350661
2016-11-17,84.2457,0.01351623
2016-11-18,84.6036,0.01269806
2016-11-19,84.6835,0.01291308
2016-11-20,84.417,0.01312919
2016-11-21,84.609,0.01294973
2016-11-22,84.6883,0.01317358
2016-11-23,84.7608,0.01320779
2016-11-24,85.1634,0.01250603
2016-11-25,85.0697,0.01272685
2016-11-26,84.9853,0.01267545
2016-11-27,85.0985,0.01224974
2016-11-28,85.372,0.01189139
2016-11-29,85.7294,0.01116432
2016-11-30,85.5622,0.01159683
2016-12-01,85.9167,0.01122021
2016-12-02,86.7295,0.00993295
2016-12-03,86.4996,0.01030397
2016-12-04,86.894,0.00975298
2016-12-05,87.2414,0.00894617
2016-12-06,85.8931,0.0102448
2016-12-07,85.2872,0.01092225
2016-12-08,85.7373,0.01076554
2016-12-09,85.5887,0.01100194
2016-12-10,86.1321,0.01047341
2016-12-11,85.8143,0.01068104
2016-12-12,85.907,0.01094553
2016-12-13,85.9893,0.01079693
2016-12-14,86.1452,0.01060525
2016-12-15,85.8804,0.01006542
2016-12-16,85.8021,0.01004501
2016-12-17,86.203,0.00987434
2016-12-18,85.976,0.01000134
2016-12-19,86.214,0.0096294
2016-12-20,86.3535,0.00953464
2016-12-21,86.7281,0.00952333
2016-12-22,87.2763,0.00883387
2016-12-23,88.2192,0.00782795
2016-12-24,87.6402,0.00812727
2016-12-25,87.7703,0.00803719
2016-12-26,87.8455,0.0080163
2016-12-27,88.1696,0.00772583
2016-12-28,88.2973,0.00777951
2016-12-29,87.8406,0.00852893
2016-12-30,87.7938,0.00855086
2016-12-31,87.8512,0.00838656
2017-01-01,88.2246,0.00820034
2017-01-02,88.1934,0.00823777
2017-01-03,87.684,0.00939123
2017-01-04,87.8111,0.00975643
2017-01-05,87.2113,0.0102197
2017-01-06,86.263,0.01134593
2017-01-07,86.4926,0.01098534
2017-01-08,86.4053,0.01143975
2017-01-09,86.2585,0.01147175
2017-01-10,85.852,0.01172463
2017-01-11,85.0656,0.01265032
2017-01-12,85.2495,0.01210773
2017-01-13,85.4226,0.01186944
2017-01-14,85.2094,0.01192479
2017-01-15,85.3032,0.01197188
2017-01-16,85.5744,0.01157101
2017-01-17,86.0949,0.01130611
2017-01-18,85.8366,0.01162172
2017-01-19,86.0392,0.01156488
2017-01-20,85.9534,0.01189805
2017-01-21,86.1271,0.0118578
2017-01-22,86.2034,0.01160377
2017-01-23,86.1516,0.01174913
2017-01-24,86.1012,0.01187955
2017-01-25,86.2375,0.01173771
2017-01-26,86.3863,0.01159184
2017-01-27,86.421,0.01144448
2017-01-28,86.4248,0.01144794
2017-01-29,86.3417,0.01146202
2017-01-30,86.1531,0.01149537
2017-01-31,86.7494,0.01105431
2017-02-01,86.8269,0.01085818
2017-02-02,86.9787,0.01074518
2017-02-03,87.0064,0.01079197
2017-02-04,87.0268,0.01102354
2017-02-05,86.9933,0.01108297
2017-02-06,87.0501,0.01107834
2017-02-07,87.3064,0.01090227
2017-02-08,87.37,0.01083347
2017-02-09,86.9649,0.01118278
2017-02-10,86.9074,0.0114116
2017-02-11,86.9463,0.01135437
2017-02-12,86.9565,0.01139201
2017-02-13,86.9586,0.0113894
2017-02-14,86.2757,0.0129361
2017-02-15,86.2316,0.0128358
2017-02-16,86.6694,0.01242804
2017-02-17,86.9873,0.0120663
2017-02-18,87.1593,0.01216051
2017-02-19,86.9389,0.01214732
2017-02-20,87.3935,0.01166757
2017-02-21,87.7907,0.01135021
2017-02-22,87.7491,0.01127276
2017-02-23,87.9838,0.01114784
2017-02-24,88.1265,0.01111573
2017-02-25,87.668,0.01184906
2017-02-26,87.5256,0.0124049
2017-02-27,87.3795,0.01311126
2017-02-28,87.1795,0.01317179
2017-03-01,86.7902,0.01405474
2017-03-02,86.0555,0.01520634
2017-03-03,85.8524,0.01524373
2017-03-04,86.1664,0.01472427
2017-03-05,85.9841,0.01512302
2017-03-06,85.7642,0.01538777
2017-03-07,85.3621,0.01526081
2017-03-08,85.7065,0.01447552
2017-03-09,85.479,0.01491307
2017-03-10,84.1467,0.01746055
2017-03-11,83.4929,0.01822383
2017-03-12,83.2197,0.01885094
2017-03-13,81.4853,0.02303122
2017-03-14,81.3179,0.02292451
2017-03-15,79.5162,0.02754788
2017-03-16,75.5894,0.03801002
2017-03-17,74.0932,0.04116087
2017-03-18,75.087,0.03349543
2017-03-19,72.6156,0.04248426
2017-03-20,73.5259,0.04030526
2017-03-21,74.752,0.03813476
2017-03-22,73.597,0.0397175
2017-03-23,71.8531,0.04195887
2017-03-24,67.1234,0.0566679
2017-03-25,69.3237,0.05178634
2017-03-26,68.853,0.05231863
2017-03-27,71.3858,0.04683082
2017-03-28,70.7135,0.04804665
2017-03-29,69.7285,0.05093346
2017-03-30,68.351,0.04994085
2017-03-31,67.9758,0.04625118
2017-04-01,67.3499,0.04652084
2017-04-02,59.1438,0.04413522
2017-04-03,67.378,0.03854771
2017-04-04,65.8218,0.03873599
2017-04-05,65.5303,0.03992383
2017-04-06,68.2418,0.03618864
2017-04-07,67.5045,0.03560482
2017-04-08,66.847,0.0376765
2017-04-09,68.0876,0.03618971
2017-04-10,68.0262,0.03630318
2017-04-11,68.6172,0.03570446
2017-04-12,67.1663,0.03811882
2017-04-13,65.692,0.04256786
2017-04-14,66.3768,0.04011619
2017-04-15,65.7818,0.0417872
2017-04-16,66.0816,0.04104753
2017-04-17,66.3518,0.04014518
2017-04-18,66.3415,0.04150232
2017-04-19,67.5089,0.03973913
2017-04-20,67.7414,0.03992881
2017-04-21,67.0736,0.03891826
2017-04-22,67.137,0.03909183
2017-04-23,66.997,0.03909659
2017-04-24,66.8801,0.03985339
2017-04-25,66.8995,0.03929706
2017-04-26,66.2825,0.04127067
2017-04-27,64.7012,0.04709447
2017-04-28,61.0611,0.05436981
2017-04-29,59.6095,0.05190952
2017-04-30,59.0457,0.05825367
2017-05-01,59.981,0.05453643
2017-05-02,60.7352,0.05305151
2017-05-03,59.3952,0.05341225
2017-05-04,55.1753,0.06198489
2017-05-05,53.2886,0.05965416
2017-05-06,51.0739,0.06071385
2017-05-07,46.9166,0.05021107
2017-05-08,43.462,0.05305171
2017-05-09,47.9714,0.05014855
2017-05-10,45.8589,0.04939659
2017-05-11,46.8049,0.04807433
2017-05-12,43.39,0.05014782
2017-05-13,43.8594,0.0496018
2017-05-14,43.6048,0.04986087
2017-05-15,39.9933,0.05230716
2017-05-16,36.2339,0.0502316
2017-05-17,34.7884,0.04800677
2017-05-18,36.3251,0.05059288
2017-05-19,37.5867,0.0633318
2017-05-20,37.0982,0.06084649
2017-05-21,36.4355,0.07223261
2017-05-22,38.2345,0.07390045
2017-05-23,38.1365,0.07490244
2017-05-24,40.4137,0.07945097
2017-05-25,42.7703,0.07789756
2017-05-26,41.8851,0.07221278
2017-05-27,43.4893,0.07617571
2017-05-28,43.0153,0.0778257
2017-05-29,42.6619,0.08486007
2017-05-30,41.8098,0.10523575
2017-05-31,40.8084,0.09963443
2017-06-01,38.0612,0.09208193
2017-06-02,40.3587,0.08932199
2017-06-03,41.5594,0.08797914
2017-06-04,39.9987,0.09721556
2017-06-05,41.2953,0.09237503
2017-06-06,42.4008,0.09208386
2017-06-07,41.4753,0.09494077
2017-06-08,41.7546,0.0921916
2017-06-09,41.4561,0.09926619
2017-06-10,41.0988,0.11828299
2017-06-11,40.8619,0.11566984
2017-06-12,38.052,0.14601518
2017-06-13,37.8846,0.14304833
2017-06-14,37.2618,0.13971815
2017-06-15,37.6182,0.1419649
2017-06-16,37.5561,0.14239846
2017-06-17,37.8827,0.13873773
2017-06-18,37.0983,0.1397546
2017-06-19,36.9357,0.13811999
2017-06-20,37.4964,0.12779362
2017-06-21,39.1666,0.12135133
2017-06-22,39.1503,0.11916188
2017-06-23,38.4035,0.12137277
2017-06-24,38.7508,0.11894865
2017-06-25,40.2638,0.11059741
2017-06-26,40.9758,0.10510925
2017-06-27,40.4874,0.1110844
2017-06-28,38.9104,0.1239961
2017-06-29,40.1937,0.11572757
2017-06-30,40.5003,0.11287378
2017-07-01,41.3185,0.10828346
2017-07-02,40.5087,0.11375458
2017-07-03,41.0801,0.10830313
2017-07-04,41.7114,0.10362742
2017-07-05,41.7993,0.10209033
2017-07-06,41.7783,0.10243411
2017-07-07,43.1868,0.09622696
2017-07-08,43.3389,0.09563212
2017-07-09,43.5241,0.09494984
2017-07-10,46.1567,0.08781172
2017-07-11,47.2231,0.08317294
2017-07-12,44.8856,0.09279397
2017-07-13,45.6517,0.08783476
2017-07-14,45.4367,0.08905752
2017-07-15,45.1096,0.08573169
2017-07-16,46.9969,0.0811833
2017-07-17,46.322,0.08539861
2017-07-18,44.776,0.09931049
2017-07-19,47.4783,0.0849119
2017-07-20,49.2856,0.07936092
2017-07-21,48.4796,0.0810963
2017-07-22,47.9837,0.08198019
2017-07-23,47.6251,0.08301611
2017-07-24,48.0006,0.08192417
2017-07-25,48.6118,0.07983265
2017-07-26,48.3452,0.0802659
2017-07-27,49.7128,0.07612711
2017-07-28,52.2621,0.06853956
2017-07-29,50.2503,0.07611256
2017-07-30,51.7246,0.07156944
2017-07-31,52.2962,0.07013206
2017-08-01,48.818,0.08276616
2017-08-02,49.0287,0.08088211
2017-08-03,49.3289,0.0803044
2017-08-04,49.906,0.07743006
2017-08-05,50.9566,0.07689438
2017-08-06,50.3478,0.08235961
2017-08-07,51.3269,0.07948153
2017-08-08,49.613,0.08597485
2017-08-09,49.405,0.08867933
2017-08-10,50.0557,0.08770282
2017-08-11,51.4015,0.0846505
2017-08-12,53.2861,0.07988828
2017-08-13,55.542,0.07309489
2017-08-14,56.723,0.06966951
2017-08-15,57.0696,0.06880682
2017-08-16,57.3454,0.06886681
2017-08-17,57.0922,0.06998366
2017-08-18,56.4738,0.07121101
2017-08-19,56.5021,0.07066896
2017-08-20,55.5043,0.07292231
2017-08-21,52.2832,0.08021488
2017-08-22,50.8984,0.07723162
2017-08-23,50.9612,0.07666216
2017-08-24,52.9845,0.07499271
2017-08-25,52.7252,0.07586029
2017-08-26,52.4151,0.07656247
2017-08-27,52.2455,0.07944006
2017-08-28,51.3926,0.07929929
2017-08-29,51.9464,0.0811377
2017-08-30,50.8875,0.08396058
2017-08-31,50.2764,0.08198308
2017-09-01,50.9454,0.07962337
2017-09-02,52.0869,0.07597373
2017-09-03,51.8877,0.07629219
2017-09-04,53.2002,0.07160623
2017-09-05,52.8412,0.07222048
2017-09-06,52.3349,0.07345056
2017-09-07,52.7694,0.0725795
2017-09-08,52.983,0.07134236
2017-09-09,53.2366,0.07040177
2017-09-10,52.9865,0.07070384
2017-09-11,52.9452,0.0707433
2017-09-12,53.136,0.07058245
2017-09-13,52.8557,0.07125005
2017-09-14,53.299,0.06938848
2017-09-15,53.6365,0.06998774
2017-09-16,53.9143,0.06876001
2017-09-17,53.7927,0.06993678
2017-09-18,53.5944,0.072686
2017-09-19,53.7512,0.07251792
2017-09-20,53.6783,0.07310068
2017-09-21,53.9308,0.07152321
2017-09-22,53.5252,0.07283143
2017-09-23,53.1404,0.07551085
2017-09-24,52.785,0.07743233
2017-09-25,53.3125,0.07517884
2017-09-26,53.0927,0.07425876
2017-09-27,53.0165,0.07376487
2017-09-28,53.6999,0.07222794
2017-09-29,54.3384,0.07015238
2017-09-30,54.8138,0.06959291
2017-10-01,54.8208,0.06912716
2017-10-02,55.3341,0.06756132
2017-10-03,55.1844,0.06771688
2017-10-04,54.2796,0.06928503
2017-10-05,53.6192,0.06832033
2017-10-06,53.4079,0.07040118
2017-10-07,53.3113,0.07018464
2017-10-08,53.0499,0.06712208
2017-10-09,55.7543,0.06199221
2017-10-10,55.053,0.06281393
2017-10-11,54.9511,0.06272882
2017-10-12,58.2349,0.0561255
2017-10-13,57.598,0.05987073
2017-10-14,58.1444,0.05863381
2017-10-15,57.5432,0.05892809
2017-10-16,57.4755,0.05809215
2017-10-17,58.337,0.05646698
2017-10-18,59.0393,0.05610677
2017-10-19,60.0806,0.05401967
2017-10-20,61.8904,0.05067668
2017-10-21,61.8038,0.04974364
2017-10-22,62.403,0.04917163
2017-10-23,62.579,0.04844772
2017-10-24,59.9186,0.05386253
2017-10-25,60.9941,0.05194614
2017-10-26,61.8323,0.05018996
2017-10-27,61.3691,0.05146895
2017-10-28,61.627,0.05120455
2017-10-29,62.7934,0.04928749
2017-10-30,62.4118,0.05003171
2017-10-31,63.9296,0.04740734
2017-11-01,65.9921,0.04319095
2017-11-02,66.9143,0.04039127
2017-11-03,66.2002,0.04248855
2017-11-04,67.342,0.04043352
2017-11-05,67.4363,0.04019849
2017-11-06,65.8649,0.04265942
2017-11-07,66.1683,0.04102989
2017-11-08,65.8102,0.04158077
2017-11-09,64.0465,0.04488021
2017-11-10,64.0185,0.04526262
2017-11-11,62.1175,0.04981278
2017-11-12,60.9766,0.05269715
2017-11-13,62.9487,0.04839937
2017-11-14,62.186,0.05069713
2017-11-15,64.3586,0.04557904
2017-11-16,65.4882,0.04208252
2017-11-17,65.2359,0.0429907
2017-11-18,64.6383,0.04456426
2017-11-19,64.8734,0.0443899
2017-11-20,64.6588,0.04468744
2017-11-21,64.7341,0.04463633
2017-11-22,63.8213,0.04616214
2017-11-23,62.2858,0.05141194
2017-11-24,61.2191,0.05751048
2017-11-25,62.0986,0.053287
2017-11-26,63.4659,0.05067413
2017-11-27,63.9121,0.04908659
2017-11-28,63.1814,0.04711187
2017-11-29,65.389,0.04378015
2017-11-30,65.1814,0.04387027
2017-12-01,65.4305,0.04270404
2017-12-02,65.6291,0.04205423
2017-12-03,66.1167,0.04141149
2017-12-04,66.4624,0.04038187
2017-12-05,66.5291,0.03902925
2017-12-06,70.6704,0.03103413
2017-12-07,75.1679,0.0253489
2017-12-08,72.0519,0.02840349
2017-12-09,70.0473,0.03209698
2017-12-10,72.2,0.02874816
2017-12-11,70.9961,0.03000791
2017-12-12,65.0145,0.03922844
2017-12-13,62.6913,0.04248208
2017-12-14,57.5319,0.04204624
2017-12-15,60.2376,0.03894838
2017-12-16,61.911,0.03553002
2017-12-17,60.6608,0.03788642
2017-12-18,58.6957,0.04149865
2017-12-19,56.8053,0.0466681
2017-12-20,55.6172,0.04845663
2017-12-21,50.4513,0.05077123
2017-12-22,50.4984,0.04769663
2017-12-23,50.7219,0.0486324
2017-12-24,50.431,0.04911406
2017-12-25,50.0941,0.05240378
2017-12-26,52.0171,0.04768844
2017-12-27,50.1546,0.04813319
2017-12-28,48.2732,0.05013156
2017-12-29,41.9763,0.05127047
2017-12-30,39.4273,0.05512383
2017-12-31,40.4551,0.05331728
2018-01-01,38.455,0.05615234
2018-01-02,38.2221,0.05855357
2018-01-03,33.4358,0.06286676
2018-01-04,34.2066,0.06319413
2018-01-05,38.8413,0.05639466
2018-01-06,37.4786,0.05882727
2018-01-07,35.1741,0.06794666
2018-01-08,35.317,0.07596355
2018-01-09,35.8787,0.08960595
2018-01-10,37.2971,0.08397027
2018-01-11,35.9917,0.08558314
2018-01-12,34.7584,0.09117345
2018-01-13,34.8967,0.09698002
2018-01-14,35.2502,0.09954744
2018-01-15,36.8152,0.0943018
2018-01-16,39.3268,0.09283382
2018-01-17,37.7997,0.09074
2018-01-18,35.7176,0.09058895
2018-01-19,36.2331,0.09002722
2018-01-20,37.2713,0.09021844
2018-01-21,37.7007,0.09099872
2018-01-22,37.0974,0.09239127
2018-01-23,37.0214,0.09080811
2018-01-24,36.734,0.0932772
2018-01-25,36.5427,0.09376264
2018-01-26,36.9247,0.09428327
2018-01-27,37.1917,0.09652602
2018-01-28,35.8595,0.10458296
2018-01-29,36.3123,0.10437931
2018-01-30,36.7885,0.10562062
2018-01-31,36.1475,0.10907857
2018-02-01,36.6474,0.11274184
2018-02-02,37.8802,0.10389402
2018-02-03,37.3544,0.10522156
2018-02-04,38.0915,0.10140837
2018-02-05,38.3615,0.10114001
2018-02-06,38.0258,0.10196141
2018-02-07,39.0513,0.09896087
2018-02-08,39.1427,0.09836864
2018-02-09,37.7396,0.10086855
2018-02-10,36.4718,0.09972868
2018-02-11,36.6451,0.10063117
2018-02-12,37.2134,0.09739611
2018-02-13,36.9653,0.09855632
2018-02-14,36.5168,0.09722556
2018-02-15,38.057,0.09200492
2018-02-16,38.1194,0.09218866
2018-02-17,38.9424,0.08797286
2018-02-18,39.4862,0.08757203
2018-02-19,40.3625,0.0841916
2018-02-20,42.3599,0.07874431
2018-02-21,42.0313,0.08037842
2018-02-22,42.0277,0.08170317
2018-02-23,41.4553,0.0842368
2018-02-24,41.2793,0.0860986
2018-02-25,40.812,0.08771132
2018-02-26,41.9451,0.08396357
2018-02-27,42.6085,0.08213292
2018-02-28,42.9555,0.08259645
2018-03-01,43.6598,0.07957997
2018-03-02,44.3727,0.0776601
2018-03-03,45.0443,0.07477783
2018-03-04,43.7976,0.07512536
2018-03-05,44.7126,0.07379202
2018-03-06,44.0989,0.0760835
2018-03-07,43.6599,0.07591112
2018-03-08,43.6717,0.07495196
2018-03-09,42.9422,0.07817418
2018-03-10,43.0505,0.07794638
2018-03-11,43.8084,0.07547717
2018-03-12,43.734,0.07616393
2018-03-13,43.9332,0.07531236
2018-03-14,44.3618,0.07447375
2018-03-15,44.645,0.07391422
2018-03-16,45.2095,0.07216082
2018-03-17,46.0278,0.06989199
2018-03-18,46.5701,0.06572967
2018-03-19,46.0081,0.06444151
2018-03-20,46.6905,0.06246234
2018-03-21,47.2009,0.0627729
2018-03-22,47.5833,0.06189126
2018-03-23,48.1941,0.06128687
2018-03-24,47.9585,0.06097818
2018-03-25,47.422,0.06187026
2018-03-26,48.1866,0.0599445
2018-03-27,48.5733,0.05748811
2018-03-28,48.9792,0.05614799
2018-03-29,49.4908,0.05421012
2018-03-30,48.6563,0.05744417
2018-03-31,48.505,0.05699167
2018-04-01,48.9189,0.05556098
2018-04-02,48.8651,0.05451209
2018-04-03,48.0374,0.05595285
2018-04-04,48.6063,0.05582589
2018-04-05,48.6241,0.05629259
2018-04-06,48.882,0.05596206
2018-04-07,49.018,0.05583518
2018-04-08,48.6813,0.056978
2018-04-09,48.3475,0.05880536
2018-04-10,48.1261,0.06065275
2018-04-11,46.9331,0.06188779
2018-04-12,46.4763,0.06244238
2018-04-13,46.2314,0.06267378
2018-04-14,46.3857,0.06285225
2018-04-15,45.3967,0.06368337
2018-04-16,45.5252,0.06350005
2018-04-17,44.9467,0.06365914
2018-04-18,43.5741,0.06431523
2018-04-19,42.3041,0.06848601
2018-04-20,41.0674,0.06972309
2018-04-21,42.3331,0.06830186
2018-04-22,41.9565,0.0705763
2018-04-23,41.7617,0.07195132
2018-04-24,41.8546,0.07304097
2018-04-25,43.4623,0.06939708
2018-04-26,42.5689,0.07143187
2018-04-27,42.4265,0.07225099
2018-04-28,41.8695,0.07306234
2018-04-29,41.5892,0.07324745
2018-04-30,42.3629,0.0722812
2018-05-01,41.5934,0.07402107
2018-05-02,41.4596,0.07459825
2018-05-03,41.5992,0.07982786
2018-05-04,41.3576,0.08078994
2018-05-05,41.1803,0.0828259
2018-05-06,41.6564,0.0817997
2018-05-07,42.0403,0.08007221
2018-05-08,42.0454,0.08159369
2018-05-09,42.5798,0.08052635
2018-05-10,42.9911,0.08032539
2018-05-11,43.4968,0.08070688
2018-05-12,42.8461,0.08081497
2018-05-13,42.0289,0.08411232
2018-05-14,42.1367,0.0837753
2018-05-15,42.6713,0.08322722
2018-05-16,42.3143,0.08470356
2018-05-17,43.0,0.0829816
2018-05-18,42.7255,0.08425172
2018-05-19,42.8259,0.0843078
2018-05-20,42.7959,0.08383904
2018-05-21,43.2111,0.08309047
2018-05-22,43.7124,0.08038286
2018-05-23,44.2928,0.07688341
2018-05-24,43.2411,0.07928199
2018-05-25,43.6757,0.07792121
2018-05-26,43.2526,0.07975201
2018-05-27,43.711,0.07772879
2018-05-28,45.292,0.07222751
2018-05-29,44.1643,0.07565481
2018-05-30,44.1327,0.07549659
2018-05-31,43.7131,0.07694742
2018-06-01,43.6964,0.07697343
2018-06-02,43.3356,0.07748818
2018-06-03,42.621,0.08026748
2018-06-04,42.8999,0.07879124
2018-06-05,42.7004,0.07977511
2018-06-06,42.8057,0.07913308
2018-06-07,42.949,0.07854989
2018-06-08,42.9472,0.07873009
2018-06-09,43.1217,0.07886978
2018-06-10,43.6839,0.07728648
2018-06-11,43.4439,0.07728669
2018-06-12,44.2048,0.07505111
2018-06-13,44.336,0.0752319
2018-06-14,43.7558,0.07809052
2018-06-15,44.1499,0.07601938
2018-06-16,44.2669,0.07656626
2018-06-17,44.3099,0.07686471
2018-06-18,44.5583,0.07709801
2018-06-19,44.1288,0.07977335
2018-06-20,44.4463,0.07926145
2018-06-21,44.689,0.07821161
2018-06-22,44.9924,0.07640256
2018-06-23,45.0815,0.07697244
2018-06-24,45.8731,0.07392658
2018-06-25,45.9223,0.07354716
2018-06-26,46.7661,0.07094553
2018-06-27,46.2196,0.07194356
2018-06-28,46.5249,0.07165345
2018-06-29,47.0599,0.07020455
2018-06-30,47.0012,0.07085256
2018-07-01,46.8853,0.07102183
2018-07-02,46.3404,0.0720283
2018-07-03,46.5424,0.07105722
2018-07-04,46.5061,0.07078668
2018-07-05,46.8099,0.07146708
2018-07-06,46.9182,0.07100339
2018-07-07,47.0656,0.07131845
2018-07-08,46.8531,0.07250378
2018-07-09,47.2057,0.07078629
2018-07-10,47.7235,0.06865156
2018-07-11,47.5766,0.06998255
2018-07-12,47.8402,0.06881793
2018-07-13,47.2224,0.06947249
2018-07-14,47.2108,0.06937033
2018-07-15,46.7996,0.07069251
2018-07-16,46.4505,0.07113381
2018-07-17,47.2392,0.06822379
2018-07-18,47.3883,0.06494023
2018-07-19,47.9504,0.06272978
2018-07-20,49.3186,0.06108125
2018-07-21,48.5814,0.06234164
2018-07-22,48.9612,0.06177935
2018-07-23,50.2248,0.05818383
2018-07-24,51.091,0.05692532
2018-07-25,49.8831,0.0576268
2018-07-26,50.1183,0.05855919
2018-07-27,50.4177,0.05741678
2018-07-28,50.6255,0.05705754
2018-07-29,50.8721,0.05673647
2018-07-30,51.3686,0.05578862
2018-07-31,51.1717,0.05589529
2018-08-01,50.7132,0.05515817
2018-08-02,51.4512,0.05448639
2018-08-03,50.7809,0.0562993
2018-08-04,50.3004,0.05804158
2018-08-05,50.1034,0.05815897
2018-08-06,50.545,0.05849619
2018-08-07,51.4141,0.05631167
2018-08-08,52.4476,0.05654176
2018-08-09,52.1251,0.05565656
2018-08-10,52.2239,0.05388777
2018-08-11,53.6138,0.05114268
2018-08-12,53.8477,0.05035157
2018-08-13,55.2784,0.04538757
2018-08-14,55.6401,0.04466447
2018-08-15,55.4882,0.04483892
2018-08-16,55.1932,0.04542643
2018-08-17,52.7456,0.04798826
2018-08-18,54.031,0.04616669
2018-08-19,53.6486,0.04622988
2018-08-20,54.8766,0.04329972
2018-08-21,54.6542,0.04340144
2018-08-22,55.3479,0.04243216
2018-08-23,55.3277,0.0422331
2018-08-24,55.6618,0.04205676
2018-08-25,55.93,0.04127588
2018-08-26,56.1991,0.04085131
2018-08-27,55.4836,0.04155537
2018-08-28,55.2391,0.04181969
2018-08-29,55.7934,0.0410326
2018-08-30,56.1128,0.04074721
2018-08-31,56.1319,0.04017226
2018-09-01,55.7031,0.04100748
2018-09-02,56.3547,0.04031857
2018-09-03,56.5976,0.03977173
2018-09-04,56.7908,0.03877066
2018-09-05,58.7093,0.03448759
2018-09-06,57.1914,0.03531012
2018-09-07,57.7787,0.03359202
2018-09-08,58.3688,0.03178013
2018-09-09,58.6863,0.03129799
2018-09-10,59.1272,0.0311533
2018-09-11,59.3504,0.02935509
2018-09-12,59.4863,0.02886886
2018-09-13,58.325,0.03275379
2018-09-14,58.6103,0.03259549
2018-09-15,58.1842,0.03415195
2018-09-16,58.0543,0.03386313
2018-09-17,58.7106,0.03144662
2018-09-18,56.6817,0.0330455
2018-09-19,56.81,0.03275168
2018-09-20,52.4714,0.03441539
2018-09-21,49.9208,0.03660112
2018-09-22,50.0034,0.03581793
2018-09-23,48.8893,0.03649794
2018-09-24,51.2224,0.03463826
2018-09-25,50.0961,0.03391644
2018-09-26,50.8592,0.03326983
2018-09-27,50.3215,0.03420787
2018-09-28,50.5342,0.03337427
2018-09-29,49.4709,0.03513191
2018-09-30,49.1862,0.03516033
2018-10-01,49.3046,0.03503881
2018-10-02,50.6435,0.03462132
2018-10-03,50.6982,0.03387534
2018-10-04,50.8715,0.03375481
2018-10-05,50.9766,0.03440062
2018-10-06,51.8529,0.0341456
2018-10-07,51.963,0.03418064
2018-10-08,51.6643,0.03446483
2018-10-09,51.9794,0.03434773
2018-10-10,52.4292,0.0342524
2018-10-11,55.1581,0.0309296
2018-10-12,53.9367,0.03137012
2018-10-13,53.9316,0.03172812
2018-10-14,54.5143,0.03106685
2018-10-15,53.7434,0.03179492
2018-10-16,53.0043,0.0318293
2018-10-17,52.6786,0.03159983
2018-10-18,52.9246,0.03112715
2018-10-19,52.7602,0.0313619
2018-10-20,52.6269,0.0316187
2018-10-21,52.8616,0.03151786
2018-10-22,52.9488,0.03136484
2018-10-23,52.6573,0.03144256
2018-10-24,53.0223,0.03126828
2018-10-25,53.0102,0.03121721
2018-10-26,52.9942,0.03132718
2018-10-27,53.2281,0.03142545
2018-10-28,52.9502,0.03160023
2018-10-29,53.5071,0.03102667
2018-10-30,53.3349,0.03119479
2018-10-31,53.1855,0.03122233
2018-11-01,53.1519,0.03118712
2018-11-02,52.768,0.03148158
2018-11-03,52.8241,0.03132361
2018-11-04,52.2347,0.03270651
2018-11-05,51.512,0.03249685
2018-11-06,49.6794,0.03385885
2018-11-07,50.5067,0.03334678
2018-11-08,51.3354,0.03287829
2018-11-09,50.9985,0.03286849
2018-11-10,50.7225,0.03314357
2018-11-11,50.5078,0.0329993
2018-11-12,50.2853,0.03295376
2018-11-13,50.7777,0.03248593
2018-11-14,50.6619,0.03169457
2018-11-15,49.8058,0.03206355
2018-11-16,50.0129,0.03130035
2018-11-17,49.3228,0.03132575
2018-11-18,48.8691,0.03148077
2018-11-19,47.8554,0.03064091
2018-11-20,48.5134,0.02934541
2018-11-21,48.3058,0.02965164
2018-11-22,48.5514,0.02904142
2018-11-23,49.4019,0.02831412
2018-11-24,49.2786,0.02921667
2018-11-25,49.6434,0.02896692
2018-11-26,49.7316,0.02864
2018-11-27,49.6512,0.02884616
2018-11-28,50.0639,0.02871421
2018-11-29,50.6839,0.02747086
2018-11-30,50.1909,0.02809516
2018-12-01,50.4327,0.0281996
2018-12-02,50.5529,0.02802658
2018-12-03,50.4586,0.02794921
2018-12-04,50.7509,0.02784342
2018-12-05,50.9463,0.02726301
2018-12-06,51.9713,0.02585809
2018-12-07,51.4911,0.02731368
2018-12-08,51.608,0.02658464
2018-12-09,51.892,0.02626623
2018-12-10,52.0189,0.02617143
2018-12-11,51.9971,0.02599265
2018-12-12,52.0666,0.0259579
2018-12-13,51.8725,0.02608011
2018-12-14,52.355,0.02597309
2018-12-15,52.5766,0.02600573
2018-12-16,52.3716,0.02622051
2018-12-17,51.3571,0.02681895
2018-12-18,51.0087,0.02740182
2018-12-19,51.163,0.02703
2018-12-20,51.375,0.02804605
2018-12-21,51.2893,0.0280827
2018-12-22,51.4758,0.02906227
2018-12-23,50.2404,0.03289494
2018-12-24,48.7098,0.03474526
2018-12-25,49.1004,0.0340069
2018-12-26,49.3896,0.034223
2018-12-27,50.7773,0.03182782
2018-12-28,49.7445,0.03484158
2018-12-29,49.4745,0.03664497
2018-12-30,49.6803,0.0361796
2018-12-31,50.0905,0.03547149
2019-01-01,49.7929,0.03654158
2019-01-02,49.1198,0.03961481
2019-01-03,49.6721,0.0388602
2019-01-04,49.5459,0.04008919
2019-01-05,49.5398,0.04062054
2019-01-06,50.0535,0.0385419
2019-01-07,50.0536,0.03757697
2019-01-08,49.9866,0.03733204
2019-01-09,49.8131,0.03736768
2019-01-10,50.73,0.0349871
2019-01-11,50.9508,0.03448262
2019-01-12,50.8629,0.03437339
2019-01-13,51.3095,0.03287282
2019-01-14,50.72,0.03499468
2019-01-15,51.0268,0.03359956
2019-01-16,50.8938,0.03393994
2019-01-17,51.0223,0.03369324
2019-01-18,51.3325,0.03310365
2019-01-19,51.2961,0.03349007
2019-01-20,51.2478,0.03321221
2019-01-21,51.2793,0.03278597
2019-01-22,51.4352,0.03297891
2019-01-23,51.5752,0.03274688
2019-01-24,51.5756,0.03260644
2019-01-25,51.7498,0.03228196
2019-01-26,51.8654,0.03234151
2019-01-27,52.3809,0.03160946
2019-01-28,52.9583,0.03076144
2019-01-29,53.3036,0.03069296
2019-01-30,51.7939,0.03131854
2019-01-31,52.4147,0.03100738
2019-02-01,52.6725,0.03095309
2019-02-02,52.5389,0.0313614
2019-02-03,52.895,0.03106389
2019-02-04,53.1142,0.03108022
2019-02-05,53.2206,0.03097524
2019-02-06,53.6056,0.03070364
2019-02-07,53.4045,0.03075408
2019-02-08,52.9444,0.03252655
2019-02-09,52.9052,0.03261398
2019-02-10,52.8333,0.03393111
2019-02-11,53.2415,0.03334429
2019-02-12,53.0572,0.0336767
2019-02-13,53.0711,0.03374926
2019-02-14,53.1677,0.03360015
2019-02-15,52.9611,0.03376151
2019-02-16,53.1034,0.03397876
2019-02-17,52.6712,0.03665895
2019-02-18,52.6408,0.037354
2019-02-19,52.4438,0.03674488
2019-02-20,52.1423,0.0374381
2019-02-21,52.7466,0.03689405
2019-02-22,52.6504,0.03724724
2019-02-23,52.5143,0.03832718
2019-02-24,53.3145,0.03606193
2019-02-25,52.3033,0.03608692
2019-02-26,52.7672,0.03575333
2019-02-27,53.1392,0.03526804
2019-02-28,52.9058,0.0355277
2019-03-01,52.8069,0.03539165
2019-03-02,53.0384,0.0347007
2019-03-03,53.0159,0.03427623
2019-03-04,53.3424,0.03383314
2019-03-05,52.8952,0.03533936
2019-03-06,52.7651,0.03561328
2019-03-07,52.9615,0.03530735
2019-03-08,53.2545,0.03449684
2019-03-09,53.0548,0.03485534
2019-03-10,52.5795,0.0346385
2019-03-11,52.5249,0.03429255
2019-03-12,52.3075,0.03438691
2019-03-13,52.0843,0.0340434
2019-03-14,52.2869,0.03407282
2019-03-15,52.2089,0.03475293
2019-03-16,52.2025,0.03524713
2019-03-17,52.288,0.03482179
2019-03-18,52.1464,0.03452961
2019-03-19,52.3909,0.03451509
2019-03-20,52.563,0.03440778
2019-03-21,52.8899,0.03384741
2019-03-22,52.7145,0.03411074
2019-03-23,52.7234,0.03427492
2019-03-24,52.9754,0.03410496
2019-03-25,53.0983,0.03405451
2019-03-26,53.1621,0.03398989
2019-03-27,52.8438,0.03457041
2019-03-28,53.0718,0.03424053
2019-03-29,53.1652,0.03481363
2019-03-30,53.1029,0.03472911
2019-03-31,53.1239,0.03450557
2019-04-01,53.0693,0.03414244
2019-04-02,53.8039,0.03374314
2019-04-03,54.6864,0.03230488
2019-04-04,54.9835,0.03214357
2019-04-05,53.7084,0.03296872
2019-04-06,54.1861,0.03279086
2019-04-07,54.0182,0.0336211
2019-04-08,54.4472,0.03421636
2019-04-09,54.7608,0.03386686
2019-04-10,55.0505,0.03341181
2019-04-11,55.7305,0.03277793
2019-04-12,56.0845,0.03244075
2019-04-13,55.9892,0.03234196
2019-04-14,55.9449,0.03258086
2019-04-15,56.3828,0.03183834
2019-04-16,56.5208,0.03201374
2019-04-17,56.2691,0.03183179
2019-04-18,56.0975,0.03287788
2019-04-19,56.3797,0.03282692
2019-04-20,56.6626,0.03259621
2019-04-21,57.1621,0.03209104
2019-04-22,57.372,0.03186697
2019-04-23,58.3992,0.03082807
2019-04-24,59.2313,0.03040201
2019-04-25,59.2517,0.02965195
2019-04-26,59.011,0.0297002
2019-04-27,59.0549,0.03005259
2019-04-28,59.2611,0.02976533
2019-04-29,59.505,0.02962733
2019-04-30,58.669,0.03036835
2019-05-01,59.1715,0.02976814
2019-05-02,59.6594,0.02951749
2019-05-03,60.159,0.02910621
2019-05-04,60.9311,0.0280598
2019-05-05,60.9765,0.02819059
2019-05-06,60.3131,0.03023156
2019-05-07,61.2488,0.02918942
2019-05-08,61.7099,0.0285847
2019-05-09,62.8398,0.02768235
2019-05-10,63.1677,0.02708971
2019-05-11,63.3176,0.02724973
2019-05-12,63.7436,0.02696158
2019-05-13,65.4627,0.02510932
2019-05-14,62.2735,0.02742923
2019-05-15,59.7032,0.03031712
2019-05-16,59.574,0.03350014
2019-05-17,59.6314,0.03306489
2019-05-18,60.1235,0.03226734
2019-05-19,60.3468,0.03187132
2019-05-20,60.7884,0.03162674
2019-05-21,60.6949,0.03216738
2019-05-22,61.2591,0.03189275
2019-05-23,61.6068,0.031129
2019-05-24,61.5276,0.03115514
2019-05-25,61.5149,0.0312455
2019-05-26,61.9357,0.03072709
2019-05-27,61.1258,0.03092015
2019-05-28,60.6928,0.03110673
2019-05-29,60.7341,0.03111642
2019-05-30,61.0201,0.03074297
2019-05-31,60.7405,0.03115556
2019-06-01,61.0563,0.03099312
2019-06-02,60.9145,0.0308733
2019-06-03,60.7806,0.03071644
2019-06-04,60.6621,0.03130182
2019-06-05,60.6162,0.03158764
2019-06-06,59.838,0.03182434
2019-06-07,60.2649,0.03118488
2019-06-08,60.5605,0.03081014
2019-06-09,60.9695,0.03026429
2019-06-10,60.7747,0.03086913
2019-06-11,60.6576,0.03102574
2019-06-12,60.6405,0.0318724
2019-06-13,61.1626,0.0310146
2019-06-14,62.0576,0.03043956
2019-06-15,62.027,0.03039993
2019-06-16,61.8899,0.02991829
2019-06-17,62.2508,0.02930378
2019-06-18,62.4647,0.02914761
2019-06-19,62.6325,0.02896448
2019-06-20,63.3875,0.02850586
2019-06-21,63.6695,0.02924117
2019-06-22,63.8516,0.02882557
2019-06-23,64.3534,0.02839924
2019-06-24,64.6564,0.02815276
2019-06-25,66.1362,0.02696272
2019-06-26,67.991,0.02596774
2019-06-27,67.5854,0.02639247
2019-06-28,68.933,0.02503973
2019-06-29,67.56,0.02666782
2019-06-30,67.3002,0.02689947
2019-07-01,66.3764,0.02780273
2019-07-02,67.2555,0.02698956
2019-07-03,68.8763,0.02527247
2019-07-04,68.5109,0.0253636
2019-07-05,68.2332,0.02617277
2019-07-06,68.3508,0.02563065
2019-07-07,68.0017,0.0267278
2019-07-08,69.2802,0.02543311
2019-07-09,70.1641,0.02451232
2019-07-10,70.9772,0.02384871
2019-07-11,71.2648,0.02368696
2019-07-12,71.1503,0.02335267
2019-07-13,70.9939,0.02367961
2019-07-14,71.2499,0.02239952
2019-07-15,72.2196,0.0211029
2019-07-16,71.3968,0.02101137
2019-07-17,70.7764,0.02180195
2019-07-18,71.4223,0.02127754
2019-07-19,71.3324,0.02098625
2019-07-20,71.1307,0.02123534
2019-07-21,71.0622,0.02131051
2019-07-22,71.2312,0.02103138
2019-07-23,71.0388,0.02152316
2019-07-24,70.3908,0.02214369
2019-07-25,70.6231,0.02219203
2019-07-26,70.1328,0.02230071
2019-07-27,70.3446,0.02187498
2019-07-28,70.3212,0.0221335
2019-07-29,70.3385,0.02218405
2019-07-30,70.2774,0.02190293
2019-07-31,70.8181,0.0216809
2019-08-01,71.6365,0.02089873
2019-08-02,72.0833,0.02067175
2019-08-03,72.3676,0.02052051
2019-08-04,72.5717,0.02027837
2019-08-05,73.5654,0.01970309
2019-08-06,73.6058,0.01976008
2019-08-07,74.4696,0.01888842
2019-08-08,74.7752,0.01847426
2019-08-09,75.5284,0.01769369
2019-08-10,74.598,0.01825277
2019-08-11,74.3553,0.01871518
2019-08-12,74.4796,0.01853124
2019-08-13,73.8815,0.01919542
2019-08-14,74.4162,0.01859285
2019-08-15,74.7467,0.01823619
2019-08-16,75.1205,0.01788992
2019-08-17,74.79,0.0181782
2019-08-18,73.9694,0.01884622
2019-08-19,74.6821,0.01862875
2019-08-20,75.0471,0.01826299
2019-08-21,74.6076,0.01847087
2019-08-22,74.2081,0.01893295
2019-08-23,74.401,0.01868846
2019-08-24,74.1986,0.01883441
2019-08-25,74.4176,0.01844732
2019-08-26,74.7819,0.01819708
2019-08-27,74.5807,0.01837915
2019-08-28,74.9336,0.01780765
2019-08-29,74.8109,0.0177948
2019-08-30,75.0064,0.01757967
2019-08-31,74.8448,0.01792579
2019-09-01,75.1379,0.01753688
2019-09-02,75.7931,0.01720867
2019-09-03,76.1096,0.01687893
2019-09-04,76.4133,0.01651941
2019-09-05,76.5769,0.01649702
2019-09-06,76.5649,0.0163811
2019-09-07,76.0799,0.01698865
2019-09-08,75.7059,0.01744979
2019-09-09,75.7504,0.01755518
2019-09-10,75.4376,0.01780653
2019-09-11,75.7583,0.01755633
2019-09-12,76.136,0.01738347
2019-09-13,75.9704,0.01754541
2019-09-14,75.48,0.01819818
2019-09-15,75.4582,0.01838157
2019-09-16,75.0274,0.01924683
2019-09-17,73.5295,0.02052722
2019-09-18,71.9097,0.02073759
2019-09-19,72.2695,0.02157711
2019-09-20,72.7891,0.02135623
2019-09-21,72.713,0.02157934
2019-09-22,73.4078,0.02100642
2019-09-23,73.6147,0.02076056
2019-09-24,74.2713,0.01955477
2019-09-25,73.3096,0.02016185
2019-09-26,72.7321,0.02055621
2019-09-27,72.6868,0.021264
2019-09-28,72.7565,0.02118987
2019-09-29,72.7035,0.02106183
2019-09-30,72.1123,0.02167361
2019-10-01,72.6648,0.0212441
2019-10-02,72.4246,0.02161205
2019-10-03,72.6103,0.02125756
2019-10-04,72.1622,0.0215786
2019-10-05,72.0677,0.02163998
2019-10-06,71.6654,0.02162487
2019-10-07,71.1398,0.02200353
2019-10-08,71.0977,0.02205936
2019-10-09,71.3018,0.02258916
2019-10-10,71.8281,0.02233295
2019-10-11,71.7661,0.02182212
2019-10-12,71.6549,0.02166329
2019-10-13,71.3307,0.02188748
2019-10-14,70.5026,0.02234752
2019-10-15,70.6873,0.02209157
2019-10-16,70.7099,0.02186392
2019-10-17,70.0157,0.02193502
2019-10-18,70.2125,0.0217519
2019-10-19,70.4094,0.02159069
2019-10-20,70.7959,0.02132871
2019-10-21,70.8362,0.02121355
2019-10-22,70.6427,0.02132984
2019-10-23,70.4313,0.02163084
2019-10-24,70.1783,0.02160135
2019-10-25,71.4412,0.02092748
2019-10-26,72.9798,0.01943
2019-10-27,73.1671,0.01931047
2019-10-28,72.7943,0.01961699
2019-10-29,72.5355,0.02023394
2019-10-30,72.6131,0.01995861
2019-10-31,72.575,0.01992627
2019-11-01,72.6573,0.01981999
2019-11-02,72.6096,0.01967688
2019-11-03,72.6641,0.01975181
2019-11-04,72.4316,0.01975232
2019-11-05,71.7896,0.02027881
2019-11-06,71.6569,0.02047654
2019-11-07,72.2586,0.02027746
2019-11-08,72.0288,0.02093405
2019-11-09,71.8206,0.02099275
2019-11-10,71.9639,0.02090538
2019-11-11,71.5767,0.02116544
2019-11-12,71.8644,0.02122867
2019-11-13,71.7781,0.02144852
2019-11-14,71.8555,0.02137156
2019-11-15,71.9538,0.02126062
2019-11-16,71.8732,0.02150198
2019-11-17,71.8176,0.02161391
2019-11-18,71.907,0.02175862
2019-11-19,71.8853,0.02161378
2019-11-20,72.0198,0.02159457
2019-11-21,71.9106,0.02111435
2019-11-22,72.1032,0.02058065
2019-11-23,71.8633,0.02079597
2019-11-24,72.1395,0.02039016
2019-11-25,72.469,0.02052967
2019-11-26,72.3707,0.02064673
2019-11-27,72.8589,0.02036018
2019-11-28,72.8084,0.0203071
2019-11-29,73.1015,0.01990985
2019-11-30,72.996,0.02011809
2019-12-01,72.6909,0.0204079
2019-12-02,72.8763,0.02036709
2019-12-03,72.9391,0.02018291
2019-12-04,73.0283,0.0201936
2019-12-05,73.1061,0.01999199
2019-12-06,73.2391,0.01973667
2019-12-07,73.1569,0.01963711
2019-12-08,72.9525,0.02003448
2019-12-09,72.9351,0.02007778
2019-12-10,72.8545,0.02014581
2019-12-11,72.9907,0.01987794
2019-12-12,73.0332,0.02012196
2019-12-13,73.0502,0.01995882
2019-12-14,72.9899,0.02005944
2019-12-15,73.0165,0.02001108
2019-12-16,73.6619,0.01923458
2019-12-17,74.8123,0.01838502
2019-12-18,75.1364,0.01824166
2019-12-19,75.4798,0.01789
2019-12-20,75.1544,0.01784711
2019-12-21,75.3566,0.01779998
2019-12-22,75.6104,0.01765655
2019-12-23,75.866,0.0174568
2019-12-24,75.6426,0.01764276
2019-12-25,75.7864,0.01736587
2019-12-26,75.7556,0.01741692
2019-12-27,75.7139,0.01743526
2019-12-28,75.579,0.01752345
2019-12-29,75.2911,0.01821522
2019-12-30,75.2872,0.01816022
2019-12-31,75.3492,0.01792996
2020-01-01,75.262,0.01812447
2020-01-02,75.2142,0.01824299
2020-01-03,75.3449,0.01829051
2020-01-04,75.3871,0.01825512
2020-01-05,75.2275,0.0183761
2020-01-06,74.4106,0.01854141
2020-01-07,75.6818,0.01760662
2020-01-08,75.9263,0.01747863
2020-01-09,75.7444,0.01758619
2020-01-10,75.7138,0.01768667
2020-01-11,75.4344,0.01778461
2020-01-12,75.4571,0.01781447
2020-01-13,75.6069,0.01771873
2020-01-14,74.8755,0.01880462
2020-01-15,74.6995,0.01882253
2020-01-16,74.7962,0.01881624
2020-01-17,74.2295,0.01919031
2020-01-18,74.0351,0.01960926
2020-01-19,74.2293,0.01919938
2020-01-20,74.0718,0.01932867
2020-01-21,74.0534,0.01937627
2020-01-22,74.0407,0.01937409
2020-01-23,74.2594,0.01938191
2020-01-24,74.546,0.01926155
2020-01-25,74.5476,0.01923616
2020-01-26,74.2614,0.01949633
2020-01-27,74.7049,0.01908954
2020-01-28,74.9693,0.0188522
2020-01-29,75.065,0.01875835
2020-01-30,74.5859,0.01937725
2020-01-31,74.6976,0.01925384
2020-02-01,74.4203,0.01956563
2020-02-02,73.7994,0.02017243
2020-02-03,73.5477,0.02040361
2020-02-04,72.9707,0.02055057
2020-02-05,72.6812,0.02130475
2020-02-06,72.4456,0.02185476
2020-02-07,72.2929,0.02274048
2020-02-08,72.4605,0.0225978
2020-02-09,72.5322,0.02250667
2020-02-10,72.5192,0.02270377
2020-02-11,72.4363,0.02313516
2020-02-12,70.7968,0.02573803
2020-02-13,69.9154,0.02617753
2020-02-14,69.2929,0.02748902
2020-02-15,70.0774,0.02673943
2020-02-16,70.8385,0.02623869
2020-02-17,70.4698,0.02753341
2020-02-18,70.447,0.02781329
2020-02-19,70.9349,0.02709395
2020-02-20,71.1707,0.0269015
2020-02-21,70.9138,0.02740826
2020-02-22,71.0221,0.02705495
2020-02-23,70.766,0.02757285
2020-02-24,71.0967,0.02740122
2020-02-25,71.6824,0.02659776
2020-02-26,72.4478,0.02565171
2020-02-27,72.111,0.0257886
2020-02-28,72.03,0.02613239
2020-02-29,72.2894,0.0256467
2020-03-01,72.4325,0.02559464
2020-03-02,72.1886,0.02595883
2020-03-03,72.3305,0.02557742
2020-03-04,72.328,0.0255992
2020-03-05,72.6394,0.02513773
2020-03-06,71.99,0.02671127
2020-03-07,72.0726,0.02675339
2020-03-08,73.2075,0.02500316
2020-03-09,72.7141,0.02534718
2020-03-10,72.5887,0.02539228
2020-03-11,73.1812,0.024465
2020-03-12,73.165,0.02224667
2020-03-13,72.2745,0.02394587
2020-03-14,72.4624,0.02372674
2020-03-15,72.5576,0.02309456
2020-03-16,73.1593,0.0220129
2020-03-17,73.3988,0.02174429
2020-03-18,73.444,0.02182357
2020-03-19,73.5935,0.02214175
2020-03-20,74.4277,0.02130372
2020-03-21,74.245,0.02145649
2020-03-22,74.5328,0.02100005
2020-03-23,74.9201,0.02090367
2020-03-24,75.2169,0.02057765
2020-03-25,75.2815,0.02034322
2020-03-26,74.4718,0.02052099
2020-03-27,74.0249,0.02059557
2020-03-28,73.6017,0.0210256
2020-03-29,73.6757,0.02119928
2020-03-30,74.2766,0.02064693
2020-03-31,74.0584,0.02075562
2020-04-01,74.5057,0.02045048
2020-04-02,74.4878,0.02077979
2020-04-03,74.2415,0.02099071
2020-04-04,74.2873,0.02104031
2020-04-05,74.2049,0.02105383
2020-04-06,73.1382,0.02324002
2020-04-07,73.343,0.02284732
2020-04-08,72.8445,0.02350654
2020-04-09,72.8535,0.02332787
2020-04-10,73.0675,0.02296715
2020-04-11,72.9724,0.02301721
2020-04-12,73.026,0.02302006
2020-04-13,73.0607,0.02290331
2020-04-14,73.1063,0.02312636
2020-04-15,73.0848,0.02308531
2020-04-16,72.8368,0.02426704
2020-04-17,72.7956,0.02432179
2020-04-18,72.2433,0.02590043
2020-04-19,72.5586,0.0253461
2020-04-20,72.6045,0.02495359
2020-04-21,72.4725,0.0249605
2020-04-22,72.281,0.02563035
2020-04-23,72.623,0.02479051
2020-04-24,72.5372,0.02499477
2020-04-25,72.2773,0.02570867
2020-04-26,72.3799,0.02564559
2020-04-27,72.4357,0.02527366
2020-04-28,71.628,0.02541428
2020-04-29,72.7397,0.02458205
2020-04-30,73.5263,0.02391066
2020-05-01,73.3682,0.02402041
2020-05-02,73.2345,0.02385286
2020-05-03,73.4709,0.02361418
2020-05-04,73.633,0.0233014
2020-05-05,74.0263,0.02280082
2020-05-06,74.8008,0.02187765
2020-05-07,75.6013,0.02131241
2020-05-08,75.3302,0.02154439
2020-05-09,74.9883,0.02200767
2020-05-10,75.2332,0.02151942
2020-05-11,75.2945,0.02161579
2020-05-12,75.0924,0.02152808
2020-05-13,75.5326,0.02144568
2020-05-14,76.2453,0.02076597
2020-05-15,75.9761,0.0209204
2020-05-16,75.7818,0.02137409
2020-05-17,76.0084,0.0213862
2020-05-18,75.6234,0.02207787
2020-05-19,75.7292,0.02192086
2020-05-20,75.5238,0.02204827
2020-05-21,75.5129,0.02193427
2020-05-22,75.0734,0.02260073
2020-05-23,75.1905,0.02252981
2020-05-24,74.8936,0.02298104
2020-05-25,74.8904,0.0229305
2020-05-26,75.0096,0.02273428
2020-05-27,75.2382,0.02263024
2020-05-28,75.3416,0.02292773
2020-05-29,75.1867,0.02340703
2020-05-30,74.3291,0.02513211
2020-05-31,74.5462,0.02453312
2020-06-01,74.8331,0.02442118
2020-06-02,74.1491,0.02493387
2020-06-03,73.9876,0.02529841
2020-06-04,74.3004,0.02482817
2020-06-05,74.2508,0.02492384
2020-06-06,74.1969,0.02503133
2020-06-07,74.3482,0.02507131
2020-06-08,74.2686,0.02517757
2020-06-09,74.4713,0.0249837
2020-06-10,74.4782,0.02504993
2020-06-11,74.7156,0.02488878
2020-06-12,74.5838,0.0250802
2020-06-13,74.5225,0.02516457
2020-06-14,74.7053,0.02484624
2020-06-15,74.8671,0.02448771
2020-06-16,74.8934,0.02469899
2020-06-17,74.7606,0.02473229
2020-06-18,74.889,0.02463592
2020-06-19,74.939,0.02463692
2020-06-20,75.0045,0.02446432
2020-06-21,75.0466,0.02451101
2020-06-22,74.9615,0.02511412
2020-06-23,74.8936,0.02527342
2020-06-24,74.8439,0.02526904
2020-06-25,74.9705,0.02513446
2020-06-26,74.8742,0.02507732
2020-06-27,75.372,0.02451626
2020-06-28,75.322,0.02464228
2020-06-29,75.2488,0.02482733
2020-06-30,75.2806,0.02468543
2020-07-01,75.1478,0.02501217
2020-07-02,75.1278,0.02492763
2020-07-03,75.1205,0.02482701
2020-07-04,74.9874,0.02507788
2020-07-05,75.0087,0.02507455
2020-07-06,74.4053,0.0258251
2020-07-07,74.3606,0.02583326
2020-07-08,73.3249,0.0261638
2020-07-09,72.9997,0.02617687
2020-07-10,73.3229,0.02595885
2020-07-11,72.9912,0.02590696
2020-07-12,73.0495,0.02597772
2020-07-13,73.2684,0.02591059
2020-07-14,73.1848,0.02598591
2020-07-15,73.1424,0.02592025
2020-07-16,73.0787,0.02557321
2020-07-17,73.0391,0.02542961
2020-07-18,72.8593,0.02570972
2020-07-19,72.8758,0.02596401
2020-07-20,73.2267,0.02578339
2020-07-21,73.1396,0.02612224
2020-07-22,72.5614,0.02771924
2020-07-23,72.1914,0.0286418
2020-07-24,72.1309,0.02931552
2020-07-25,71.0642,0.0314768
2020-07-26,71.4014,0.03131094
2020-07-27,72.9319,0.02926118
2020-07-28,72.5929,0.02905681
2020-07-29,72.6688,0.02861034
2020-07-30,72.0547,0.03017084
2020-07-31,71.7518,0.03053219
2020-08-01,70.3075,0.03281909
2020-08-02,69.7604,0.03354786
2020-08-03,69.0663,0.03430799
2020-08-04,68.9511,0.03487236
2020-08-05,69.6361,0.03417679
2020-08-06,69.8541,0.03347656
2020-08-07,70.2042,0.03278999
2020-08-08,70.1639,0.03341224
2020-08-09,70.2408,0.033319
2020-08-10,70.2175,0.03331049
2020-08-11,70.2856,0.03327685
2020-08-12,70.3729,0.03345063
2020-08-13,69.4566,0.03608114
2020-08-14,68.9014,0.03720585
2020-08-15,69.1178,0.03645508
2020-08-16,68.8864,0.03638254
2020-08-17,69.2115,0.03514532
2020-08-18,69.3614,0.03530035
2020-08-19,69.8258,0.03466684
2020-08-20,69.6044,0.03507555
2020-08-21,70.2948,0.03360093
2020-08-22,70.0824,0.03388998
2020-08-23,70.1233,0.03359855
2020-08-24,69.7649,0.03472755
2020-08-25,70.1631,0.03377264
2020-08-26,70.2988,0.03367697
2020-08-27,70.5946,0.03379233
2020-08-28,70.339,0.03426819
2020-08-29,69.9752,0.03484261
2020-08-30,69.3556,0.03660119
2020-08-31,69.1618,0.03734182
2020-09-01,68.1737,0.04016161
2020-09-02,68.8095,0.03865376
2020-09-03,69.4079,0.03737687
2020-09-04,69.4771,0.03692421
2020-09-05,71.2137,0.03272107
2020-09-06,70.539,0.03445009
2020-09-07,70.6642,0.0340288
2020-09-08,70.8565,0.03330979
2020-09-09,70.5073,0.03443706
2020-09-10,70.0684,0.03554852
2020-09-11,69.9104,0.03600326
2020-09-12,69.5076,0.03700459
2020-09-13,70.1954,0.03542173
2020-09-14,70.4349,0.03524438
2020-09-15,71.1489,0.03376229
2020-09-16,71.3167,0.03330702
2020-09-17,70.4254,0.03561043
2020-09-18,70.7457,0.03500529
2020-09-19,70.8531,0.03478908
2020-09-20,71.1655,0.03398953
2020-09-21,71.7682,0.03275408
2020-09-22,71.7757,0.03265294
2020-09-23,72.429,0.03132798
2020-09-24,72.0548,0.03251165
2020-09-25,71.4891,0.03292083
2020-09-26,71.5048,0.03301062
2020-09-27,71.4909,0.03310046
2020-09-28,71.4689,0.03313578
2020-09-29,71.4917,0.03317929
2020-09-30,71.3359,0.03341673
2020-10-01,71.4018,0.03322085
2020-10-02,71.7239,0.03271503
2020-10-03,71.6697,0.03284034
2020-10-04,71.2338,0.03303506
2020-10-05,71.3252,0.03278601
2020-10-06,71.5759,0.03209622
2020-10-07,71.5701,0.03198216
2020-10-08,71.6212,0.03215103
2020-10-09,71.3434,0.03307246
2020-10-10,71.5171,0.03284859
2020-10-11,71.4746,0.03288247
2020-10-12,71.371,0.03356923
2020-10-13,71.3741,0.03336645
2020-10-14,71.6606,0.03318082
2020-10-15,71.9417,0.03281897
2020-10-16,72.0573,0.03230447
2020-10-17,71.9738,0.03241439
2020-10-18,71.9285,0.03289243
2020-10-19,72.0503,0.03230624
2020-10-20,72.8839,0.03091875
2020-10-21,73.3539,0.03054625
2020-10-22,72.8072,0.03188586
2020-10-23,72.9509,0.0316009
2020-10-24,73.0001,0.03143763
2020-10-25,73.1534,0.03118801
2020-10-26,73.7065,0.03012164
2020-10-27,74.2066,0.02954515
2020-10-28,74.3242,0.02926213
2020-10-29,74.7633,0.02870369
2020-10-30,75.1166,0.02819878
2020-10-31,75.2533,0.02799875
2020-11-01,74.9105,0.02879673
2020-11-02,75.2421,0.02823335
2020-11-03,75.5721,0.02775956
2020-11-04,75.4855,0.02843736
2020-11-05,76.5385,0.02671952
2020-11-06,75.2115,0.02922394
2020-11-07,75.1257,0.0293799
2020-11-08,75.2663,0.02937908
2020-11-09,75.449,0.02901783
2020-11-10,75.2102,0.02947278
2020-11-11,75.3679,0.02950917
2020-11-12,76.04,0.02841447
2020-11-13,75.4744,0.02918368
2020-11-14,75.4793,0.02872632
2020-11-15,75.6695,0.02810737
2020-11-16,75.6871,0.02760875
2020-11-17,75.8696,0.0272984
2020-11-18,76.2983,0.02693065
2020-11-19,76.2828,0.02644137
2020-11-20,75.8266,0.02730224
2020-11-21,72.5923,0.02925993
2020-11-22,72.4034,0.03057623
2020-11-23,68.74,0.0330488
2020-11-24,67.5009,0.03157001
2020-11-25,68.5224,0.03030912
2020-11-26,69.4765,0.03029134
2020-11-27,68.5253,0.03023353
2020-11-28,67.8504,0.03047719
2020-11-29,68.1796,0.03160232
2020-11-30,68.2451,0.03119695
2020-12-01,68.6921,0.03125572
2020-12-02,68.6434,0.03116994
2020-12-03,68.6345,0.03171774
2020-12-04,69.8933,0.03054386
2020-12-05,69.4522,0.03112357
2020-12-06,69.0198,0.03111371
2020-12-07,69.2636,0.0308526
2020-12-08,69.9248,0.03022295
2020-12-09,69.2266,0.03091378
2020-12-10,69.4203,0.03063433
2020-12-11,69.9038,0.03020102
2020-12-12,70.783,0.03022042
2020-12-13,70.4656,0.0308269
2020-12-14,70.9062,0.03040793
2020-12-15,71.5248,0.03030995
2020-12-16,71.116,0.02976994
2020-12-17,71.9757,0.02820574
2020-12-18,71.9623,0.02828829
2020-12-19,72.5142,0.02765311
2020-12-20,72.9097,0.02713988
2020-12-21,73.4769,0.02670512
2020-12-22,74.7572,0.0266944
2020-12-23,78.1533,0.02525001
2020-12-24,76.3756,0.02580998
2020-12-25,77.3287,0.02536933
2020-12-26,78.6539,0.02401258
2020-12-27,78.0174,0.02604837
2020-12-28,78.3406,0.02701686
2020-12-29,78.8716,0.02687859
2020-12-30,79.7425,0.02604327
2020-12-31,79.9557,0.02546374
2021-01-01,80.0287,0.02487737
2021-01-02,80.8867,0.02421086
2021-01-03,78.6059,0.02976051
2021-01-04,77.0591,0.03239776
2021-01-05,77.1984,0.03238627
2021-01-06,75.8239,0.03273049
2021-01-07,76.5406,0.03111549
2021-01-08,77.3317,0.02991707
2021-01-09,76.3149,0.03187883
2021-01-10,75.8585,0.03301482
2021-01-11,76.8566,0.03070373
2021-01-12,76.4032,0.03081469
2021-01-13,76.7855,0.03024212
2021-01-14,76.8761,0.03105655
2021-01-15,76.5619,0.03180705
2021-01-16,75.5845,0.03404099
2021-01-17,75.3173,0.03443447
2021-01-18,75.398,0.03421726
2021-01-19,73.8602,0.03823668
2021-01-20,73.7616,0.03851343
2021-01-21,74.3372,0.0365115
2021-01-22,74.1711,0.03745091
2021-01-23,73.655,0.03848017
2021-01-24,72.1334,0.04306015
2021-01-25,73.017,0.04088895
2021-01-26,72.7855,0.0417225
2021-01-27,73.0612,0.04104025
2021-01-28,72.9896,0.04003949
2021-01-29,72.6076,0.04049063
2021-01-30,71.4986,0.04017094
2021-01-31,70.946,0.03972957
2021-02-01,71.4938,0.04080858
2021-02-02,71.1276,0.04281835
2021-02-03,70.7478,0.04416157
2021-02-04,70.5599,0.04331893
2021-02-05,70.0089,0.0452217
2021-02-06,70.7526,0.042797
2021-02-07,70.9906,0.04143379
2021-02-08,73.0416,0.03780294
2021-02-09,72.8667,0.03804302
2021-02-10,72.0017,0.03878182
2021-02-11,72.5574,0.03728288
2021-02-12,70.9731,0.0388521
2021-02-13,70.488,0.03853984
2021-02-14,71.8211,0.03709959
2021-02-15,72.1031,0.03715489
2021-02-16,72.8641,0.03623537
2021-02-17,73.3164,0.03533254
2021-02-18,72.5351,0.03741353
2021-02-19,73.5201,0.0351309
2021-02-20,74.342,0.03424168
2021-02-21,74.479,0.03363234
2021-02-22,74.4219,0.03282925
2021-02-23,75.2077,0.0321876
2021-02-24,74.9971,0.03261348
2021-02-25,75.5124,0.03135427
2021-02-26,75.4418,0.03119723
2021-02-27,74.8001,0.03172352
2021-02-28,75.1441,0.03142422
2021-03-01,75.3449,0.03149498
2021-03-02,75.4693,0.03084335
2021-03-03,75.4801,0.0312498
2021-03-04,74.9991,0.03172961
2021-03-05,75.3502,0.03136915
2021-03-06,74.4382,0.03389464
2021-03-07,74.7334,0.03365198
2021-03-08,74.22,0.03505814
2021-03-09,74.7521,0.03401641
2021-03-10,75.8911,0.03213741
2021-03-11,76.3738,0.03159551
2021-03-12,76.8126,0.03084529
2021-03-13,76.7246,0.0314447
2021-03-14,76.8449,0.03128503
2021-03-15,76.3181,0.03201834
2021-03-16,76.24,0.0318042
2021-03-17,76.662,0.03099476
2021-03-18,76.6852,0.0308609
2021-03-19,76.6386,0.03112313
2021-03-20,76.2089,0.03112122
2021-03-21,76.2728,0.03106684
2021-03-22,75.8736,0.03101959
2021-03-23,76.0213,0.03063859
2021-03-24,76.6128,0.0301715
2021-03-25,76.1156,0.03082484
2021-03-26,75.9732,0.03093279
2021-03-27,76.2942,0.03066983
2021-03-28,76.3352,0.03024718
2021-03-29,75.9241,0.03145917
2021-03-30,76.0942,0.03136897
2021-03-31,75.606,0.03260433
2021-04-01,75.0884,0.03351369
2021-04-02,73.9379,0.03615134
2021-04-03,74.3349,0.03535378
2021-04-04,73.929,0.03569273
2021-04-05,72.0714,0.03573308
2021-04-06,70.747,0.03644547
2021-04-07,71.9101,0.0352854
2021-04-08,71.2898,0.03585973
2021-04-09,71.6071,0.03558985
2021-04-10,69.7704,0.03571051
2021-04-11,69.6539,0.03577953
2021-04-12,69.2731,0.03576989
2021-04-13,67.9512,0.03621828
2021-04-14,66.8632,0.03865625
2021-04-15,66.5286,0.03984716
2021-04-16,66.0658,0.03943981
2021-04-17,66.5353,0.03885412
2021-04-18,66.2509,0.03978543
2021-04-19,66.5996,0.03886555
2021-04-20,66.0816,0.04123118
2021-04-21,65.5497,0.04375678
2021-04-22,65.4496,0.04663857
2021-04-23,65.6156,0.04625904
2021-04-24,66.3684,0.04448267
2021-04-25,65.7648,0.04700103
2021-04-26,64.8433,0.04682799
2021-04-27,64.3144,0.04809181
2021-04-28,63.7467,0.05001573
2021-04-29,63.1096,0.05153365
2021-04-30,63.6663,0.0479775
2021-05-01,62.4063,0.0509702
2021-05-02,62.2444,0.05218917
2021-05-03,60.2112,0.05993127
2021-05-04,59.5393,0.06095758
2021-05-05,58.5191,0.06148935
2021-05-06,58.3364,0.06192654
2021-05-07,58.5136,0.06073539
2021-05-08,57.892,0.06617336
2021-05-09,57.848,0.06718455
2021-05-10,57.5859,0.07073481
2021-05-11,56.5192,0.07340784
2021-05-12,55.8809,0.0779933
2021-05-13,55.8263,0.0746863
2021-05-14,53.942,0.08173845
2021-05-15,54.0035,0.0780608
2021-05-16,53.8889,0.07748042
2021-05-17,53.9391,0.07541618
2021-05-18,52.8579,0.07871593
2021-05-19,57.4275,0.06736362
2021-05-20,57.21,0.0680874
2021-05-21,58.5158,0.06493686
2021-05-22,60.0395,0.06165333
2021-05-23,60.7047,0.06055058
2021-05-24,58.2702,0.0679819
2021-05-25,57.7782,0.07046257
2021-05-26,56.9925,0.07319122
2021-05-27,57.7404,0.07122935
2021-05-28,58.4031,0.06785185
2021-05-29,59.1353,0.06599591
2021-05-30,58.701,0.06708462
2021-05-31,57.0226,0.07233984
2021-06-01,56.7718,0.07163401
2021-06-02,56.5129,0.07208287
2021-06-03,56.7408,0.0729977
2021-06-04,56.9074,0.07291102
2021-06-05,56.7709,0.07356686
2021-06-06,56.255,0.07575736
2021-06-07,56.3209,0.07709907
2021-06-08,56.5524,0.0752518
2021-06-09,58.374,0.06971963
2021-06-10,59.1498,0.06738121
2021-06-11,60.5869,0.06306324
2021-06-12,59.3831,0.06674785
2021-06-13,60.3014,0.06434475
2021-06-14,60.698,0.06370058
2021-06-15,60.9132,0.06341481
2021-06-16,61.2927,0.0617004
2021-06-17,61.0393,0.06229545
2021-06-18,60.9692,0.06228806
2021-06-19,61.4589,0.06116425
2021-06-20,60.9771,0.06299627
2021-06-21,63.0857,0.05992065
2021-06-22,64.2927,0.0576524
2021-06-23,63.2124,0.05837789
2021-06-24,63.1803,0.05732038
2021-06-25,63.1358,0.05737519
2021-06-26,63.4186,0.0565048
2021-06-27,63.5043,0.05693195
2021-06-28,62.5569,0.06048601
2021-06-29,62.3789,0.06038859
2021-06-30,61.2098,0.06480077
2021-07-01,61.6217,0.06311151
2021-07-02,61.6616,0.06364157
2021-07-03,61.6291,0.06406525
2021-07-04,61.1939,0.06578638
2021-07-05,61.3596,0.06542369
2021-07-06,60.7659,0.06793189
2021-07-07,60.7878,0.06828674
2021-07-08,61.8577,0.06456265
2021-07-09,62.1163,0.06350527
2021-07-10,62.3059,0.06298734
2021-07-11,62.5159,0.06247199
2021-07-12,62.6654,0.06135557
2021-07-13,63.2246,0.05942166
2021-07-14,62.9247,0.06074836
2021-07-15,63.0165,0.0603284
2021-07-16,63.2896,0.0597064
2021-07-17,63.1662,0.06012961
2021-07-18,63.3579,0.05969174
2021-07-19,63.7228,0.05900273
2021-07-20,63.4999,0.05997764
2021-07-21,62.9987,0.06181548
2021-07-22,62.4364,0.06255377
2021-07-23,62.3868,0.06318008
2021-07-24,62.3704,0.06378504
2021-07-25,62.9825,0.06228499
2021-07-26,63.8895,0.05985238
2021-07-27,64.4835,0.05843167
2021-07-28,64.391,0.05751321
2021-07-29,63.66,0.05948322
2021-07-30,64.1351,0.05865814
2021-07-31,63.5053,0.06087996
2021-08-01,62.5834,0.0641432
2021-08-02,61.7965,0.06663517
2021-08-03,62.0642,0.06563051
2021-08-04,61.4487,0.06858602
2021-08-05,61.5312,0.06901371
2021-08-06,62.0948,0.06749264
2021-08-07,60.8532,0.07066174
2021-08-08,61.5338,0.06884671
2021-08-09,61.702,0.06826381
2021-08-10,61.1857,0.06906589
2021-08-11,60.2703,0.06936992
2021-08-12,60.5493,0.06841595
2021-08-13,60.0099,0.06950238
2021-08-14,58.9482,0.0693691
2021-08-15,58.4948,0.07032972
2021-08-16,59.2218,0.06867007
2021-08-17,59.8714,0.067553
2021-08-18,59.613,0.0676535
2021-08-19,59.4305,0.06804256
2021-08-20,59.9258,0.0665752
2021-08-21,60.2604,0.06591994
2021-08-22,60.3282,0.06575517
2021-08-23,59.9369,0.06700099
2021-08-24,60.4598,0.06642779
2021-08-25,60.6481,0.06588879
2021-08-26,60.8315,0.06612786
2021-08-27,60.4701,0.06666901
2021-08-28,60.7372,0.06637682
2021-08-29,60.86,0.06600661
2021-08-30,60.2274,0.0687174
2021-08-31,58.9564,0.07268112
2021-09-01,57.7652,0.07792039
2021-09-02,57.9525,0.07680631
2021-09-03,57.4704,0.07859087
2021-09-04,57.719,0.07784982
2021-09-05,57.9285,0.07642122
2021-09-06,58.104,0.07463507
2021-09-07,59.1711,0.07326632
2021-09-08,58.5692,0.07594566
2021-09-09,59.1239,0.07390644
2021-09-10,59.689,0.07157728
2021-09-11,59.4478,0.07226855
2021-09-12,58.9396,0.07400767
2021-09-13,59.3099,0.07311488
2021-09-14,59.5459,0.07272405
2021-09-15,59.1312,0.07455403
2021-09-16,59.2481,0.07464269
2021-09-17,59.9411,0.07193917
2021-09-18,60.2258,0.07105268
2021-09-19,60.4551,0.07031126
2021-09-20,60.9188,0.06919456
2021-09-21,61.2414,0.0677544
2021-09-22,60.2537,0.070305
2021-09-23,60.4571,0.07016059
2021-09-24,60.9558,0.06851245
2021-09-25,60.9537,0.0686201
2021-09-26,60.5986,0.07068176
2021-09-27,60.9048,0.06947576
2021-09-28,61.1854,0.06830025
2021-09-29,60.9534,0.06858869
2021-09-30,61.1317,0.06855691
2021-10-01,61.1954,0.06862666
2021-10-02,60.5134,0.07101243
2021-10-03,60.5302,0.0709596
2021-10-04,61.1349,0.06881165
2021-10-05,61.361,0.0682806
2021-10-06,62.5845,0.06475004
2021-10-07,62.036,0.06670935
2021-10-08,62.2827,0.06602746
2021-10-09,62.1661,0.06507566
2021-10-10,62.9694,0.06274079
2021-10-11,63.6484,0.0614351
2021-10-12,63.5146,0.06212629
2021-10-13,63.2382,0.06273117
2021-10-14,62.4114,0.06598599
2021-10-15,63.651,0.06284717
2021-10-16,63.4294,0.06296797
2021-10-17,63.8685,0.06241879
2021-10-18,64.4376,0.06044279
2021-10-19,64.7282,0.0602736
2021-10-20,63.9289,0.06287123
2021-10-21,63.2371,0.06517419
2021-10-22,63.0061,0.06544
2021-10-23,62.3934,0.06791141
2021-10-24,62.519,0.06697714
2021-10-25,62.7419,0.06686179
2021-10-26,62.1082,0.06839477
2021-10-27,62.815,0.06740774
2021-10-28,61.7102,0.07064807
2021-10-29,61.7279,0.07091643
2021-10-30,62.0664,0.06982734
2021-10-31,61.7514,0.06989676
2021-11-01,61.6217,0.07080766
2021-11-02,61.1751,0.07277109
2021-11-03,60.8655,0.07304869
2021-11-04,60.6228,0.07387709
2021-11-05,60.8708,0.07338473
2021-11-06,60.941,0.07341369
2021-11-07,60.9321,0.07311249
2021-11-08,61.4633,0.07123233
2021-11-09,61.4656,0.07058135
2021-11-10,61.494,0.07134396
2021-11-11,60.993,0.07277606
2021-11-12,61.0761,0.07276586
2021-11-13,61.2279,0.07212891
2021-11-14,61.568,0.0708805
2021-11-15,61.3249,0.07167305
2021-11-16,61.8513,0.07019158
2021-11-17,61.6836,0.07091095
2021-11-18,61.8785,0.07017754
2021-11-19,60.7537,0.07396975
2021-11-20,60.9422,0.07386081
2021-11-21,61.1803,0.07301184
2021-11-22,61.1852,0.07265898
2021-11-23,60.533,0.07543347
2021-11-24,60.8816,0.0745858
2021-11-25,60.4499,0.07670134
2021-11-26,60.772,0.07531528
2021-11-27,60.992,0.07480292
2021-11-28,61.1446,0.07495522
2021-11-29,60.6183,0.07680172
2021-11-30,59.4491,0.08135371
2021-12-01,59.8183,0.08017638
2021-12-02,59.8132,0.08001614
2021-12-03,60.0473,0.07886726
2021-12-04,59.1361,0.08335605
2021-12-05,59.0683,0.08495495
2021-12-06,58.8238,0.08591876
2021-12-07,59.088,0.08509753
2021-12-08,58.2651,0.08766842
2021-12-09,58.3263,0.08672249
2021-12-10,59.435,0.08288033
2021-12-11,59.4891,0.08271368
2021-12-12,59.5795,0.08259415
2021-12-13,59.9868,0.08096731
2021-12-14,60.0993,0.07973803
2021-12-15,59.5655,0.08223615
2021-12-16,59.3569,0.08336471
2021-12-17,59.1663,0.08385612
2021-12-18,58.9417,0.08455137
2021-12-19,59.0107,0.08399885
2021-12-20,58.8875,0.08390361
2021-12-21,59.213,0.08208697
2021-12-22,59.1816,0.0818349
2021-12-23,59.3338,0.08088364
2021-12-24,59.9569,0.07965457
2021-12-25,59.485,0.08104141
2021-12-26,59.7369,0.08012771
2021-12-27,59.7918,0.07961962
2021-12-28,59.8447,0.07983778
2021-12-29,60.2695,0.0783008
2021-12-30,60.1346,0.07872279
2021-12-31,59.8895,0.0795371
2022-01-01,60.0064,0.0790803
2022-01-02,59.4448,0.0809326
2022-01-03,59.4511,0.08105839
2022-01-04,59.115,0.08270474
2022-01-05,59.4405,0.08145374
2022-01-06,59.8611,0.07911091
2022-01-07,60.3283,0.07684685
2022-01-08,61.1272,0.07399268
2022-01-09,60.773,0.07531878
2022-01-10,61.3382,0.07365113
2022-01-11,60.6969,0.07580295
2022-01-12,60.354,0.07672359
2022-01-13,60.3708,0.07631505
2022-01-14,60.2239,0.07676363
2022-01-15,60.1522,0.07717434
2022-01-16,60.0744,0.07774893
2022-01-17,60.4393,0.07607258
2022-01-18,60.9342,0.07461006
2022-01-19,61.0347,0.07431416
2022-01-20,61.214,0.07389995
2022-01-21,62.1372,0.07029035
2022-01-22,62.7242,0.06860218
2022-01-23,62.3134,0.06984893
2022-01-24,63.3666,0.06653413
2022-01-25,63.3412,0.06652801
2022-01-26,63.1856,0.06699396
2022-01-27,63.8203,0.06516743
2022-01-28,63.3004,0.06739814
2022-01-29,63.1138,0.06808384
2022-01-30,63.0809,0.06872865
2022-01-31,62.7665,0.0698409
2022-02-01,62.1672,0.07207334
2022-02-02,61.9883,0.07272547
2022-02-03,62.1251,0.07206753
2022-02-04,62.2566,0.07229647
2022-02-05,62.0886,0.07269846
2022-02-06,62.1991,0.07199008
2022-02-07,61.6299,0.07166659
2022-02-08,61.6754,0.07079047
2022-02-09,61.1716,0.07300346
2022-02-10,61.9219,0.07063194
2022-02-12,62.326,0.06902057
2022-02-13,62.561,0.06827008
2022-02-14,62.5406,0.06885258
2022-02-16,61.9072,0.07126917
2022-02-17,61.97,0.07111503
2022-02-18,62.1851,0.06954108
2022-02-19,62.1759,0.06877501
2022-02-20,62.314,0.06838594
2022-02-21,62.3723,0.06951506
2022-02-22,62.5452,0.06900655
2022-02-23,62.4493,0.06946964
2022-02-24,63.111,0.06775849
2022-02-25,62.0565,0.0709136
2022-02-26,62.0021,0.0711195
2022-02-27,62.4708,0.06941451
2022-02-28,63.2694,0.06749688
2022-03-01,63.5207,0.06698029
2022-03-02,63.5451,0.06717483
2022-03-03,63.5644,0.06676321
2022-03-04,63.3857,0.06694102
2022-03-05,62.9754,0.06761359
2022-03-06,63.3032,0.06661323
2022-03-07,63.5878,0.06556264
2022-03-08,63.3883,0.06656509
2022-03-09,63.9383,0.06494427
2022-03-10,63.4894,0.06614139
2022-03-11,63.0559,0.06600342
2022-03-12,63.0911,0.06619018
2022-03-13,63.0484,0.06655922
2022-03-14,63.5362,0.06530744
2022-03-15,63.2026,0.06660186
2022-03-16,63.0724,0.06736731
2022-03-17,62.7052,0.06874097
2022-03-18,62.3518,0.07043223
2022-03-19,62.3622,0.06988877
2022-03-20,62.463,0.0693022
2022-03-21,61.924,0.07057964
2022-03-22,62.1454,0.07023153
2022-03-23,62.0286,0.07069577
2022-03-24,62.0857,0.07072433
2022-03-25,62.467,0.07000368
2022-03-26,62.2353,0.07065692
2022-03-27,62.3745,0.07030646
2022-03-28,62.2251,0.0708645
2022-03-29,62.1258,0.0716057
2022-03-30,61.9775,0.07191877
2022-03-31,62.0404,0.07202872
2022-04-01,61.4408,0.07451881
2022-04-02,61.2583,0.07514091
2022-04-03,61.0246,0.07582884
2022-04-04,61.1999,0.07555034
2022-04-05,61.1512,0.07496449
2022-04-06,61.7224,0.07351825
2022-04-07,61.3899,0.07432315
2022-04-08,61.2119,0.07545263
2022-04-09,60.9705,0.07633288
2022-04-10,60.9592,0.07614273
2022-04-11,61.2219,0.07549304
2022-04-12,61.1268,0.07551694
2022-04-13,61.1322,0.0757796
2022-04-14,60.9663,0.07565261
2022-04-15,60.8568,0.07499451
2022-04-16,60.6516,0.07580828
2022-04-17,60.8389,0.07547017
2022-04-18,60.9945,0.07492242
2022-04-19,61.0725,0.07482299
2022-04-20,61.3002,0.07436862
2022-04-21,61.4683,0.07376385
2022-04-22,61.2326,0.07458702
2022-04-23,61.356,0.07431107
2022-04-24,61.5089,0.07400786
2022-04-25,61.3982,0.07442393
2022-04-26,61.7624,0.07357963
2022-04-27,61.8242,0.07360921
2022-04-28,61.8887,0.07381756
2022-04-29,62.186,0.07292575
2022-04-30,62.4567,0.07237964
2022-05-01,62.0768,0.0735608
2022-05-02,61.9358,0.07419808
2022-05-03,61.9896,0.07375594
2022-05-04,61.8224,0.07408245
2022-05-05,61.5018,0.07524611
2022-05-06,61.4807,0.07484065
2022-05-07,61.7066,0.07425026
2022-05-08,61.6597,0.07397879
2022-05-09,61.8154,0.07413344
2022-05-10,61.4018,0.0756009
2022-05-11,63.11,0.0718237
2022-05-12,64.5337,0.06746145
2022-05-13,63.751,0.06884027
2022-05-14,63.9219,0.06831812
2022-05-15,63.8034,0.06859475
2022-05-16,64.1184,0.06766964
2022-05-17,63.7143,0.06875837
2022-05-18,64.3549,0.06676839
2022-05-19,64.4957,0.06663956
2022-05-20,64.2877,0.06713709
2022-05-21,64.2735,0.06708937
2022-05-22,64.2168,0.06740647
2022-05-23,64.1322,0.06774627
2022-05-24,64.4151,0.06671925
2022-05-25,64.6844,0.06573727
2022-05-26,65.9805,0.06162729
2022-05-27,66.3856,0.06015922
2022-05-28,65.9596,0.06175335
2022-05-29,65.9794,0.06153766
2022-05-30,65.6015,0.0629097
2022-05-31,66.0209,0.06117596
2022-06-01,65.9981,0.0612768
2022-06-02,66.2957,0.06016827
2022-06-03,66.3942,0.05978337
2022-06-04,66.2402,0.06038613
2022-06-05,66.248,0.06035983
2022-06-06,66.735,0.05926706
2022-06-07,67.0329,0.05814131
2022-06-08,66.596,0.05936463
2022-06-09,66.5735,0.05944497
2022-06-10,67.2909,0.05718886
2022-06-11,68.4599,0.05393012
2022-06-12,68.3811,0.05402015
2022-06-13,68.2375,0.05342132
2022-06-14,67.5792,0.05461659
2022-06-15,67.2796,0.05455067
2022-06-16,67.937,0.05229183
2022-06-17,67.4756,0.05311587
2022-06-18,67.553,0.052214
2022-06-19,66.8256,0.05486788
2022-06-20,66.9798,0.05455981
2022-06-21,66.893,0.05436849
2022-06-22,67.3116,0.05261594
2022-06-23,66.9274,0.05426093
2022-06-24,65.4419,0.05793305
2022-06-25,65.5084,0.05787421
2022-06-26,65.6704,0.0571625
2022-06-27,65.5684,0.05758271
2022-06-28,66.0915,0.05639783
2022-06-29,66.6387,0.05457038
2022-06-30,66.6559,0.05387388
2022-07-01,66.4525,0.05511894
2022-07-02,66.3153,0.05545585
2022-07-03,66.1781,0.05570002
2022-07-04,66.03,0.0568647
2022-07-05,66.3369,0.05618471
2022-07-06,65.8569,0.05787797
2022-07-07,66.1748,0.05719926
2022-07-08,66.4461,0.05644472
2022-07-09,66.3752,0.05637329
2022-07-10,66.5618,0.05602164
2022-07-11,66.9174,0.05490562
2022-07-12,67.0934,0.0537929
2022-07-13,66.7601,0.05506764
2022-07-14,65.9398,0.05793719
2022-07-15,65.5972,0.05930601
2022-07-16,64.2801,0.06381166
2022-07-17,64.0632,0.06459122
2022-07-18,62.6865,0.07031913
2022-07-19,63.8671,0.06613626
2022-07-20,64.194,0.06542578
2022-07-21,63.3854,0.06817892
2022-07-22,63.5361,0.06767292
2022-07-23,63.1376,0.06895646
2022-07-24,62.6913,0.07077648
2022-07-25,63.4389,0.06795325
2022-07-26,63.5056,0.0675682
2022-07-27,62.642,0.07128625
2022-07-28,62.3905,0.07234546
2022-07-29,62.285,0.07290281
2022-07-30,62.3796,0.07166178
2022-07-31,62.3071,0.07204487
2022-08-01,62.7572,0.07011308
2022-08-02,62.5294,0.07123103
2022-08-03,62.6301,0.07085675
2022-08-04,62.4908,0.07101501
2022-08-05,61.7048,0.07422384
2022-08-06,61.794,0.07373082
2022-08-07,61.9096,0.07331382
2022-08-08,61.6151,0.07461303
2022-08-09,61.9411,0.07349137
2022-08-10,61.0128,0.07736594
2022-08-11,60.783,0.07846907
2022-08-12,60.4618,0.080126
2022-08-13,60.2426,0.08111109
2022-08-14,60.4866,0.07963822
2022-08-15,60.7012,0.0789632
2022-08-16,60.5953,0.07862206
2022-08-17,60.5487,0.07855587
2022-08-18,60.4584,0.07963426
2022-08-19,60.9592,0.07728841
2022-08-20,61.6152,0.07451936
2022-08-21,61.4374,0.07522678
2022-08-22,61.3589,0.07548628
2022-08-23,60.9353,0.07726584
2022-08-24,60.9055,0.07742112
2022-08-25,60.638,0.07852096
2022-08-26,61.5136,0.07452332
2022-08-27,61.448,0.07447931
2022-08-28,61.7692,0.07324144
2022-08-29,61.0265,0.07647798
2022-08-30,60.8776,0.07715269
2022-08-31,60.8436,0.07749087
2022-09-01,60.4279,0.0789014
2022-09-02,60.3644,0.0790319
2022-09-03,60.4295,0.078523
2022-09-04,60.3309,0.07895186
2022-09-05,59.7208,0.08147679
2022-09-06,59.3471,0.08307773
2022-09-07,58.8844,0.08468849
2022-09-08,58.862,0.08460859
2022-09-09,60.068,0.08039596
2022-09-10,59.7537,0.08195907
2022-09-11,60.0567,0.08091281
2022-09-12,61.2027,0.07649256
2022-09-13,60.6785,0.07805801
2022-09-14,59.9662,0.08069395
2022-09-15,61.4344,0.07476089
2022-09-16,61.626,0.0724392
2022-09-17,61.3104,0.07302778
2022-09-18,62.4295,0.06886557
2022-09-19,61.7373,0.07053088
2022-09-20,61.2503,0.07012199
2022-09-21,62.0531,0.06749591
2022-09-22,61.0478,0.06843682
2022-09-23,60.6065,0.06886554
2022-09-24,60.5445,0.06959176
2022-09-25,60.6584,0.06888407
2022-09-26,60.9655,0.06949521
2022-09-27,61.1285,0.06963641
2022-09-28,61.4396,0.06883275
2022-09-29,61.1955,0.06824889
2022-09-30,61.2034,0.0682821
2022-10-01,61.2506,0.06789726
2022-10-02,61.6529,0.06713297
2022-10-03,61.6364,0.06745687
2022-10-04,61.7275,0.06700324
2022-10-05,61.5654,0.06710744
2022-10-06,61.3281,0.06773517
2022-10-07,60.8083,0.06819853
2022-10-08,60.8376,0.06775068
2022-10-09,60.577,0.06799
2022-10-10,61.0452,0.06745442
2022-10-11,61.2873,0.06715292
2022-10-12,61.2076,0.06758052
2022-10-13,61.6935,0.06644378
2022-10-14,61.2745,0.06764746
2022-10-15,61.4958,0.06685922
2022-10-16,61.3664,0.06778251
2022-10-17,61.3383,0.06812742
2022-10-18,61.495,0.06779752
2022-10-19,61.7725,0.06714688
2022-10-20,61.739,0.06735054
2022-10-21,61.5308,0.06779054
2022-10-22,61.3324,0.06842627
2022-10-23,61.0977,0.06970772
2022-10-24,61.2541,0.06951663
2022-10-25,60.6218,0.07271924
2022-10-26,59.9913,0.07555211
2022-10-27,60.0525,0.07469279
2022-10-28,59.7629,0.0755155
2022-10-29,58.9171,0.0778169
2022-10-30,59.1772,0.07709819
2022-10-31,59.0499,0.07667829
2022-11-01,58.7636,0.07714599
2022-11-02,59.3122,0.07541969
2022-11-03,59.2722,0.07573958
2022-11-04,58.5951,0.07774007
2022-11-05,59.0252,0.07646075
2022-11-06,59.5553,0.07518926
2022-11-07,59.2984,0.07620677
2022-11-08,60.587,0.0719113
2022-11-09,61.4068,0.06936023
2022-11-10,59.8427,0.07397067
2022-11-11,59.425,0.07571747
2022-11-12,59.8194,0.07465184
2022-11-13,59.9976,0.07476166
2022-11-14,59.6743,0.07460995
2022-11-15,59.7096,0.07413256
2022-11-16,60.0766,0.0729185
2022-11-17,60.2085,0.07194661
2022-11-18,60.0645,0.07259113
2022-11-19,59.9372,0.0729879
2022-11-20,60.8482,0.07014549
2022-11-21,60.6335,0.07020159
2022-11-22,60.5239,0.07016517
2022-11-23,60.2083,0.07138665
2022-11-24,59.7223,0.07252297
2022-11-25,59.5232,0.07257194
2022-11-26,59.4756,0.07324735
2022-11-27,59.3916,0.07281951
2022-11-28,59.6373,0.07209938
2022-11-29,59.0822,0.07401801
2022-11-30,58.839,0.0755689
2022-12-01,59.0763,0.07521308
2022-12-02,59.0064,0.07571672
2022-12-03,59.5777,0.07343003
2022-12-04,59.2757,0.07476082
2022-12-05,59.3641,0.07419984
2022-12-06,59.3754,0.07440816
2022-12-07,59.7532,0.0731561
2022-12-08,59.4554,0.07437752
2022-12-09,59.6667,0.07371602
2022-12-10,59.6349,0.07397545
2022-12-11,59.7647,0.07388809
2022-12-12,59.714,0.07413442
2022-12-13,59.8346,0.07428456
2022-12-14,60.1949,0.07345134
2022-12-15,60.3117,0.0728854
2022-12-16,61.2481,0.07012769
2022-12-17,61.0671,0.07076763
2022-12-18,61.0958,0.07077925
2022-12-19,61.2034,0.07106219
2022-12-20,60.924,0.07205075
2022-12-21,60.9436,0.07216301
2022-12-22,60.79,0.07237005
2022-12-23,60.6603,0.07269547
2022-12-24,60.7608,0.07249132
2022-12-25,60.8534,0.07238004
2022-12-26,60.5932,0.0725345
2022-12-27,60.5424,0.07255417
2022-12-28,60.8782,0.0718485
2022-12-29,60.978,0.07221155
2022-12-30,60.96,0.07223128
2022-12-31,60.9354,0.07233812
2023-01-01,60.975,0.07226012
2023-01-02,60.6929,0.07279395
2023-01-03,60.7465,0.07283864
2023-01-04,60.3416,0.07454267
2023-01-05,60.5274,0.07430389
2023-01-06,60.3254,0.07484742
2023-01-07,60.3891,0.07457545
2023-01-08,60.2163,0.07530465
2023-01-09,59.7655,0.07685933
2023-01-10,59.8634,0.07661254
2023-01-11,59.5547,0.07741037
2023-01-12,60.3878,0.07510158
2023-01-13,61.029,0.07297318
2023-01-14,61.0114,0.0738464
2023-01-15,60.964,0.07435902
2023-01-16,61.0668,0.07450053
2023-01-17,61.1403,0.07414146
2023-01-18,61.3757,0.07339462
2023-01-19,61.27,0.07357332
2023-01-20,61.4984,0.07316947
2023-01-21,62.0497,0.07139909
2023-01-22,61.9436,0.07167842
2023-01-23,61.8996,0.0709989
2023-01-24,62.6543,0.06871582
2023-01-25,62.423,0.06957142
2023-01-26,62.4698,0.06962305
2023-01-27,62.5135,0.06926679
2023-01-28,62.7761,0.06824288
2023-01-29,62.5989,0.06924488
2023-01-30,62.7512,0.06868543
2023-01-31,62.6499,0.06851784
2023-02-01,62.543,0.06919914
2023-02-02,62.3749,0.07004022
2023-02-03,62.0576,0.07104063
2023-02-04,61.8747,0.07154825
2023-02-05,62.0932,0.07105045
2023-02-06,62.169,0.07097222
2023-02-07,61.8789,0.07189474
2023-02-08,61.8853,0.07194451
2023-02-09,62.2163,0.07084107
2023-02-10,62.3429,0.07003748
2023-02-11,62.2587,0.07044094
2023-02-12,62.5724,0.06952802
2023-02-13,62.7204,0.06909686
2023-02-14,62.4429,0.07008359
2023-02-15,62.9828,0.06882822
2023-02-16,62.9838,0.06923868
2023-02-17,63.1214,0.0689244
2023-02-18,63.1815,0.06863534
2023-02-19,63.1205,0.06907736
2023-02-20,63.2132,0.06859003
2023-02-21,63.4131,0.06783067
2023-02-22,63.3,0.06795063
2023-02-23,63.078,0.06898329
2023-02-24,62.96,0.06939555
2023-02-25,63.1134,0.06882196
2023-02-26,62.9501,0.06968702
2023-02-27,62.9805,0.06950375
2023-02-28,62.9538,0.06941442
2023-03-01,62.7325,0.07037957
2023-03-02,62.8367,0.07021104
2023-03-03,62.6564,0.0702086
2023-03-04,62.7733,0.07011118
2023-03-05,62.9471,0.06974321
2023-03-06,62.8688,0.06993338
2023-03-07,62.6456,0.07035187
2023-03-08,62.4274,0.07069722
2023-03-09,62.3913,0.07059863
2023-03-10,62.3296,0.07085575
2023-03-11,62.272,0.07176239
2023-03-12,62.4333,0.071898
2023-03-13,63.4676,0.06946496
2023-03-14,63.6695,0.06891242
2023-03-15,64.1562,0.06781835
2023-03-16,64.4082,0.06697449
2023-03-17,65.1202,0.06524515
2023-03-18,65.1189,0.0653814
2023-03-19,65.5519,0.0639254
2023-03-20,66.1143,0.06241849
2023-03-21,64.842,0.06407212
2023-03-22,65.208,0.06357609
2023-03-23,65.0079,0.06408511
2023-03-24,65.1204,0.06376074
2023-03-25,65.0845,0.063388
2023-03-26,65.121,0.06340706
2023-03-27,64.8201,0.06315129
2023-03-28,64.0061,0.06505362
2023-03-29,64.4385,0.06321922
2023-03-30,64.2522,0.0639435
2023-03-31,64.237,0.06396712
2023-04-01,64.4197,0.06395662
2023-04-02,64.3768,0.06372971
2023-04-03,63.9554,0.0650313
2023-04-04,63.6356,0.06645066
2023-04-05,63.3003,0.0677937
2023-04-06,63.6569,0.06674331
2023-04-07,63.5697,0.06680587
2023-04-08,63.8124,0.06621895
2023-04-09,64.0203,0.06563035
2023-04-10,64.4841,0.06440798
2023-04-11,65.1085,0.06254231
2023-04-12,64.7107,0.06424562
2023-04-13,64.1777,0.06621036
2023-04-14,63.3713,0.06901845
2023-04-15,63.3642,0.06902921
2023-04-16,63.0977,0.06991628
2023-04-17,62.8922,0.0704656
2023-04-18,63.1834,0.06920843
2023-04-19,63.8604,0.06723943
2023-04-20,63.5363,0.06877568
2023-04-21,63.8925,0.06777039
2023-04-22,63.8595,0.06739927
2023-04-23,63.8799,0.06748192
2023-04-24,64.013,0.06696418
2023-04-25,64.3222,0.06600275
2023-04-26,64.5123,0.06577232
2023-04-27,64.9158,0.06479992
2023-04-28,64.8742,0.06452753
2023-04-29,64.6454,0.06522074
2023-04-30,65.008,0.06421725
2023-05-01,64.6193,0.065153
2023-05-02,64.6958,0.06525877
2023-05-03,64.6761,0.0655911
2023-05-04,64.814,0.06504903
2023-05-05,64.2331,0.06752604
2023-05-06,64.7186,0.06575641
2023-05-07,64.6489,0.06606997
2023-05-08,64.5805,0.06673024
2023-05-09,64.5057,0.06686171
2023-05-10,64.5404,0.06664478
2023-05-11,64.5269,0.06653725
2023-05-12,64.156,0.06752478
2023-05-13,64.3571,0.06704506
2023-05-14,64.3885,0.0668657
2023-05-15,64.4351,0.06680875
2023-05-16,64.0972,0.06750187
2023-05-17,64.3187,0.06650074
2023-05-18,63.9613,0.06719777
2023-05-19,63.8447,0.06743011
2023-05-20,63.9605,0.06713152
2023-05-21,63.9143,0.06746373
2023-05-22,63.8437,0.06769512
2023-05-23,63.7891,0.0681152
2023-05-24,63.6951,0.06837673
2023-05-25,63.7552,0.06822539
2023-05-26,63.621,0.06845842
2023-05-27,63.666,0.06817372
2023-05-28,63.8528,0.06802332
2023-05-29,63.6485,0.06824611
2023-05-30,63.3329,0.06859119
2023-05-31,63.21,0.06881344
2023-06-01,63.0525,0.06940732
2023-06-02,62.8569,0.06996647
2023-06-03,62.8772,0.06986459
2023-06-04,62.8198,0.06967706
2023-06-05,62.701,0.0702999
2023-06-06,63.0681,0.06919854
2023-06-07,62.9332,0.06954904
2023-06-08,62.9121,0.06964998
2023-06-09,62.82,0.06945126
2023-06-10,63.5363,0.06777582
2023-06-11,63.4857,0.06762054
2023-06-12,63.5361,0.06725864
2023-06-13,63.6252,0.06711232
2023-06-14,64.1827,0.06574953
2023-06-15,64.4678,0.06509779
2023-06-16,64.6338,0.06519185
2023-06-17,64.6217,0.06515672
2023-06-18,64.4911,0.06526984
2023-06-19,64.6536,0.06479122
2023-06-20,65.3464,0.06323168
2023-06-21,65.6236,0.06293494
2023-06-22,65.7262,0.06257775
2023-06-23,65.9961,0.06173886
2023-06-24,66.1457,0.061413
2023-06-25,65.8452,0.06235512
2023-06-26,66.1705,0.06139527
2023-06-27,66.0614,0.06159518
2023-06-28,66.3879,0.06077817
2023-06-29,66.3396,0.06083806
2023-06-30,65.4084,0.06346233
2023-07-01,65.6083,0.06288518
2023-07-02,65.3957,0.06326678
2023-07-03,65.6424,0.06276478
2023-07-04,65.5553,0.06293454
2023-07-05,65.6983,0.06269778
2023-07-06,66.0196,0.06185431
2023-07-07,66.0983,0.06163319
2023-07-08,66.0616,0.06159397
2023-07-09,66.0402,0.06175179
2023-07-10,65.9788,0.06186412
2023-07-11,66.1749,0.06135197
2023-07-12,66.1302,0.06159464
2023-07-13,62.9492,0.06368809
2023-07-14,63.4406,0.06384343
2023-07-15,63.5273,0.06373922
2023-07-16,63.3102,0.06362184
2023-07-17,63.4124,0.06343891
2023-07-18,63.0445,0.06359482
2023-07-19,62.6757,0.06316699
2023-07-20,62.687,0.06347721
2023-07-21,62.9409,0.06323962
2023-07-22,63.3734,0.06261467
2023-07-23,63.352,0.06279305
2023-07-24,63.2934,0.06340056
2023-07-25,63.1407,0.06356857
2023-07-26,63.0595,0.06372843
2023-07-27,63.0292,0.06366214
2023-07-28,62.9794,0.06395809
2023-07-29,62.9305,0.06406603
2023-07-30,63.1184,0.06361334
2023-07-31,63.2252,0.06352487
2023-08-01,63.2865,0.06328868
2023-08-02,63.5303,0.06307811
2023-08-03,63.7983,0.06289033
2023-08-04,64.0155,0.06285087
2023-08-05,63.9415,0.06317332
2023-08-06,64.0702,0.06289382
2023-08-07,64.1694,0.06260607
2023-08-08,64.2011,0.06234829
2023-08-09,64.0563,0.06271605
2023-08-10,64.0776,0.06289094
2023-08-11,64.0933,0.06280949
2023-08-12,64.1253,0.06284414
2023-08-13,64.1428,0.06279279
2023-08-14,64.1486,0.06269658
2023-08-15,64.3995,0.0626422
2023-08-16,64.5044,0.06284077
2023-08-17,64.7414,0.06334821
2023-08-18,64.4519,0.06377966
2023-08-19,64.2384,0.06395583
2023-08-20,63.9413,0.06431584
2023-08-21,64.2246,0.06381006
2023-08-22,64.5331,0.06281755
2023-08-23,64.3368,0.06346901
2023-08-24,64.4224,0.06340771
2023-08-25,64.3117,0.0634759
2023-08-26,64.3936,0.06328991
2023-08-27,64.3513,0.06351035
2023-08-28,64.4073,0.06331825
2023-08-29,64.81,0.06240752
2023-08-30,64.8505,0.06245809
2023-08-31,64.5069,0.06340533
2023-09-01,64.6704,0.06312316
2023-09-02,64.6358,0.06327759
2023-09-03,64.6402,0.06299708
2023-09-04,64.511,0.06307937
2023-09-05,64.4787,0.06332711
2023-09-06,64.4667,0.06338223
2023-09-07,64.6985,0.06280211
2023-09-08,64.5149,0.06316943
2023-09-09,64.4921,0.06312802
2023-09-10,64.6788,0.06261423
2023-09-11,65.0351,0.06164143
2023-09-12,65.2101,0.06164067
2023-09-13,65.349,0.06130047
2023-09-14,65.3707,0.06128633
2023-09-15,65.1853,0.06163336
2023-09-16,65.2149,0.06155832
2023-09-17,65.4149,0.06114837
2023-09-18,65.3428,0.061187
2023-09-19,65.553,0.06038869
2023-09-20,65.6594,0.05980336
2023-09-21,65.7278,0.05963843
2023-09-22,65.5971,0.05995323
2023-09-23,65.6449,0.05993931
2023-09-24,65.5871,0.06015378
2023-09-25,65.4917,0.06038889
2023-09-26,65.416,0.06077744
2023-09-27,65.5088,0.06061919
2023-09-28,65.4167,0.0611426
2023-09-29,65.0804,0.06196509
2023-09-30,65.1465,0.06194508
2023-10-01,65.2583,0.06195133
2023-10-02,65.7461,0.06033517
2023-10-03,65.4784,0.06038464
2023-10-04,65.9109,0.05932135
2023-10-05,66.0558,0.05881247
2023-10-06,66.1133,0.05889803
2023-10-07,66.2759,0.05845495
2023-10-08,66.3111,0.058454
2023-10-09,66.7672,0.05724819
2023-10-10,66.7954,0.05719692
2023-10-11,66.4489,0.05834585
2023-10-12,66.7203,0.05751772
2023-10-13,66.643,0.05775408
2023-10-14,66.5655,0.05791315
2023-10-15,66.7612,0.05736374
2023-10-16,67.2918,0.05616184
2023-10-17,67.7026,0.05505163
2023-10-18,67.6875,0.05518939
2023-10-19,67.6297,0.05459773
2023-10-20,67.9978,0.05405065
2023-10-21,67.8524,0.05443231
2023-10-22,67.5513,0.05546362
2023-10-23,68.4048,0.05350039
2023-10-24,68.7415,0.05267334
2023-10-25,69.1198,0.05179349
2023-10-26,68.753,0.05279503
2023-10-27,68.8922,0.0525371
2023-10-28,69.0274,0.05210112
2023-10-29,69.0207,0.05199577
2023-10-30,68.6949,0.0524534
2023-10-31,68.6049,0.05235941
2023-11-01,68.7358,0.05210211
2023-11-02,68.8446,0.05157886
2023-11-03,68.3916,0.05280056
2023-11-04,68.3554,0.05299152
2023-11-05,67.7422,0.05402499
2023-11-06,67.1975,0.05422584
2023-11-07,67.8032,0.05325443
2023-11-08,67.9355,0.05287057
2023-11-09,66.9435,0.05769021
2023-11-10,67.6222,0.05568318
2023-11-11,67.6133,0.0553361
2023-11-12,67.6746,0.05518925
2023-11-13,67.2523,0.05644092
2023-11-14,67.5991,0.05570122
2023-11-15,68.1759,0.05434053
2023-11-16,68.2049,0.05419295
2023-11-17,68.3692,0.05356488
2023-11-18,68.4139,0.05365041
2023-11-19,68.4186,0.05367615
2023-11-20,68.4814,0.05395745
2023-11-21,68.5536,0.05398963
2023-11-22,68.1577,0.05519338
2023-11-23,68.0525,0.05529695
2023-11-24,68.1282,0.0551264
2023-11-25,68.0968,0.05514629
2023-11-26,68.1157,0.05510204
2023-11-27,68.3823,0.05445292
2023-11-28,68.4679,0.05418507
2023-11-29,68.651,0.05360671
2023-11-30,68.4025,0.05438605
2023-12-01,68.6272,0.05389967
2023-12-02,68.3864,0.05485617
2023-12-03,68.4374,0.05486875
2023-12-04,69.0892,0.05340025
2023-12-05,69.7661,0.05200055
2023-12-06,69.9083,0.05101339
2023-12-07,68.8059,0.05439591
2023-12-08,68.9623,0.05337167
2023-12-09,68.93,0.05354275
2023-12-10,68.8444,0.05375946
2023-12-11,68.8429,0.0539158
2023-12-12,69.1289,0.05308379
2023-12-13,69.3644,0.05265296
2023-12-14,68.963,0.05390161
2023-12-15,69.2903,0.05291959
2023-12-16,69.3152,0.05271396
2023-12-17,69.2018,0.05310497
2023-12-18,69.6981,0.05197271
2023-12-19,69.8775,0.05147813
2023-12-20,70.2935,0.05035854
2023-12-21,70.0396,0.05100766
2023-12-22,69.465,0.05285907
2023-12-23,69.4965,0.05280071
2023-12-24,69.5271,0.05262958
2023-12-25,69.4995,0.0521335
2023-12-26,69.4461,0.05246851
2023-12-27,68.7556,0.05475905
2023-12-28,68.5556,0.05510662
2023-12-29,68.7262,0.05466714
2023-12-30,68.8339,0.05434858
2023-12-31,69.0271,0.05398458
2024-01-01,69.3187,0.05329095
2024-01-02,69.7251,0.05246039
2024-01-03,70.1558,0.05160521
2024-01-04,70.3352,0.05134784
2024-01-05,70.4251,0.05136653
2024-01-06,70.5863,0.05097989
2024-01-07,70.8597,0.05059891
2024-01-08,71.2681,0.0496432
2024-01-09,70.9352,0.05076949
2024-01-10,69.3591,0.05533848
2024-01-11,68.9565,0.05646075
2024-01-12,68.1122,0.0588345
2024-01-13,67.6817,0.06021473
2024-01-14,67.8758,0.05918383
2024-01-15,67.9817,0.05908305
2024-01-16,67.7838,0.06000693
2024-01-17,68.0324,0.05913714
2024-01-18,67.8288,0.05978228
2024-01-19,67.8737,0.05984734
2024-01-20,67.9098,0.05927079
2024-01-21,67.9965,0.0590939
2024-01-22,68.152,0.05842282
2024-01-23,68.8636,0.05634478
2024-01-24,69.0671,0.05569942
2024-01-25,69.1296,0.05556684
2024-01-26,69.6299,0.05415298
2024-01-27,69.7574,0.05380694
2024-01-28,69.8371,0.05371447
2024-01-29,69.9113,0.05356358
2024-01-30,69.7411,0.05467565
2024-01-31,70.0847,0.05363286
2024-02-01,70.1606,0.05346705
2024-02-02,70.1526,0.05343955
2024-02-03,70.0894,0.05339071
2024-02-04,70.0658,0.05372832
2024-02-05,70.0101,0.053891
2024-02-06,69.769,0.05508326
2024-02-07,69.8874,0.05479169
2024-02-08,70.4004,0.05342549
2024-02-09,70.6887,0.05279676
2024-02-10,70.9113,0.05232004
2024-02-11,71.0544,0.05195912
2024-02-12,70.8014,0.0531077
2024-02-13,70.8202,0.05316316
2024-02-14,70.7492,0.05361037
2024-02-15,70.387,0.05439863
2024-02-16,70.6036,0.05373578
2024-02-17,70.604,0.05392662
2024-02-18,70.2046,0.05517429
2024-02-19,69.5892,0.05691597
2024-02-20,69.4451,0.0576226
2024-02-21,69.6022,0.05730142
2024-02-22,69.4058,0.05795186
2024-02-23,69.5156,0.05755575
2024-02-24,69.3774,0.05797285
2024-02-25,68.7675,0.06013417
2024-02-26,69.4631,0.05821753
2024-02-27,69.7945,0.05686863
2024-02-28,70.9596,0.05405958
2024-02-29,70.6569,0.05456875
2024-03-01,70.3714,0.05498953
2024-03-02,70.043,0.05512266
2024-03-03,70.0757,0.05528502
2024-03-04,70.7313,0.05332108
2024-03-05,70.245,0.0555578
2024-03-06,69.5743,0.05779953
2024-03-07,69.587,0.05768103
2024-03-08,69.8538,0.05699744
2024-03-09,69.7388,0.05713948
2024-03-10,70.1673,0.05621627
2024-03-11,69.7335,0.0564129
2024-03-12,70.1571,0.05559211
2024-03-13,70.4746,0.05479627
2024-03-14,70.5968,0.05430223
2024-03-15,70.871,0.0538268
2024-03-16,70.9365,0.05378696
2024-03-17,71.116,0.05328327
2024-03-18,71.3657,0.05208651
2024-03-19,71.7736,0.05108711
2024-03-20,71.5803,0.05186692
2024-03-21,70.8422,0.05331231
2024-03-22,71.2106,0.05224508
2024-03-23,71.1734,0.05212326
2024-03-24,71.4523,0.0513499
2024-03-25,71.5963,0.05133995
2024-03-26,71.5973,0.05128032
2024-03-27,71.8607,0.05050439
2024-03-28,71.7715,0.05035031
2024-03-29,71.6883,0.0502925
2024-03-30,71.8081,0.05033061
2024-03-31,71.488,0.05117025
2024-04-01,71.851,0.05029959
2024-04-02,71.8786,0.05009641
2024-04-03,72.013,0.05016264
2024-04-04,72.5531,0.04862496
2024-04-05,72.4539,0.04894611
2024-04-06,72.5099,0.0487187
2024-04-07,72.1467,0.04968127
2024-04-08,71.5563,0.05159727
2024-04-09,71.8034,0.05065896
2024-04-10,71.9864,0.05017489
2024-04-11,72.0622,0.05002536
2024-04-12,72.9262,0.04821196
2024-04-13,73.6655,0.04694505
2024-04-14,73.1498,0.04811741
2024-04-15,72.8049,0.04894976
2024-04-16,73.0176,0.0484201
2024-04-17,72.8582,0.0486734
2024-04-18,73.0394,0.04830419
2024-04-19,73.155,0.04792728
2024-04-20,72.8079,0.04861541
2024-04-21,72.9241,0.04844924
2024-04-22,73.0484,0.04788732
2024-04-23,72.8899,0.04847115
2024-04-24,72.8002,0.04880859
2024-04-25,72.7717,0.0489545
2024-04-26,72.6982,0.04907438
2024-04-27,72.0102,0.05128644
2024-04-28,71.8644,0.0518092
2024-04-29,72.3629,0.05039168
2024-04-30,72.564,0.04968041
2024-05-01,71.8759,0.05108813
2024-05-02,72.0995,0.05050787
2024-05-03,72.5669,0.04933671
2024-05-04,72.7311,0.04879149
2024-05-05,72.6698,0.04899235
2024-05-06,72.7584,0.04851523
2024-05-07,72.8858,0.04831415
2024-05-08,72.7768,0.04863198
2024-05-09,72.9703,0.04816747
2024-05-10,73.0996,0.04779995
2024-05-11,73.0705,0.04784912
2024-05-12,73.2042,0.0477041
2024-05-13,73.5001,0.04688566
2024-05-14,73.5055,0.04680404
2024-05-15,73.982,0.04569686
2024-05-16,74.1831,0.04506478
2024-05-17,73.8222,0.04618658
2024-05-18,73.7096,0.0466214
2024-05-19,73.8556,0.04633535
2024-05-20,72.2243,0.05142975
2024-05-21,71.3128,0.0540734
2024-05-22,71.3012,0.05415812
2024-05-23,70.8281,0.05559345
2024-05-24,71.2032,0.05433721
2024-05-25,71.2416,0.0540981
2024-05-26,70.7412,0.05587737
2024-05-27,70.6886,0.05606108
2024-05-28,70.6306,0.05625966
2024-05-29,70.7667,0.05578142
2024-05-30,71.1399,0.05480892
2024-05-31,70.816,0.05573774
2024-06-01,70.6471,0.05631542
2024-06-02,70.8584,0.05576704
2024-06-03,71.2009,0.05473347
2024-06-04,71.4605,0.05403215
2024-06-05,71.3704,0.05434619
2024-06-06,71.548,0.05384854
2024-06-07,71.9111,0.05307207
2024-06-08,71.9371,0.05309499
2024-06-09,71.8812,0.05320826
2024-06-10,72.0285,0.0527765
2024-06-11,72.3165,0.05191911
2024-06-12,72.1612,0.05220052
2024-06-13,72.2621,0.05196
2024-06-14,72.0322,0.05274005
2024-06-15,71.5878,0.0538897
2024-06-16,71.4791,0.05433132
2024-06-17,71.9579,0.05278767
2024-06-18,71.8269,0.05341032
2024-06-19,71.3494,0.05483409
2024-06-20,71.5662,0.05412621
2024-06-21,71.3012,0.05489957
2024-06-22,71.4713,0.05440869
2024-06-23,71.6029,0.05398941
2024-06-24,71.006,0.05555477
2024-06-25,71.2076,0.05495174
2024-06-26,71.0592,0.05541552
2024-06-27,70.8864,0.0559332
2024-06-28,70.8563,0.05592973
2024-06-29,71.0545,0.05540404
2024-06-30,71.3129,0.05477548
2024-07-01,71.3429,0.05470858
2024-07-02,71.1208,0.05510619
2024-07-03,71.2806,0.0547137
2024-07-04,71.704,0.0536536
2024-07-05,72.0473,0.05264782
2024-07-06,71.9415,0.05265989
2024-07-07,72.174,0.05226765
2024-07-08,71.7987,0.05327859
2024-07-09,71.9802,0.05284753
2024-07-10,71.6679,0.05372556
2024-07-11,71.4996,0.05403865
2024-07-12,71.3714,0.05410339
2024-07-13,71.2975,0.0536307
2024-07-14,71.4624,0.0533749
2024-07-15,71.412,0.05388123
2024-07-16,71.5494,0.05292979
2024-07-17,71.3208,0.05286647
2024-07-18,71.3509,0.05362441
2024-07-19,71.7916,0.05254215
2024-07-20,71.7222,0.0524007
2024-07-21,71.8933,0.05187566
2024-07-22,72.1484,0.05096511
2024-07-23,71.5481,0.05283553
2024-07-24,72.0383,0.05098007
2024-07-25,73.0171,0.04829
2024-07-26,73.0624,0.0482819
2024-07-27,73.2706,0.04780258
2024-07-28,73.2253,0.04797794
2024-07-29,72.5914,0.04969781
2024-07-30,72.5289,0.049499
2024-07-31,72.3261,0.04995713
2024-08-01,72.7638,0.0491466
2024-08-02,72.9627,0.04853125
2024-08-03,73.1892,0.04786389
2024-08-04,73.7515,0.04628079
2024-08-05,74.2181,0.04479405
2024-08-06,74.5478,0.04386696
2024-08-07,74.3745,0.0425597
2024-08-08,74.4473,0.04339748
2024-08-09,74.8118,0.04270291
2024-08-10,74.7396,0.04282596
2024-08-11,74.5807,0.04349376
2024-08-12,73.6561,0.04594484
2024-08-13,74.1424,0.04464275
2024-08-14,73.8597,0.04532205
2024-08-15,74.0545,0.04464899
2024-08-16,74.3407,0.04402881
2024-08-17,74.3644,0.04396533
2024-08-18,74.1167,0.04464457
2024-08-19,74.1092,0.04430048
2024-08-20,74.3192,0.04360461
2024-08-21,74.6186,0.0429938
2024-08-22,74.4268,0.04343525
2024-08-23,74.6407,0.0431478
2024-08-24,74.6383,0.0431407
2024-08-25,74.873,0.04276327
2024-08-26,74.9287,0.04265169
2024-08-27,75.3195,0.04133383
2024-08-28,74.7666,0.04279919
2024-08-29,74.8883,0.04258808
2024-08-30,74.7768,0.04272348
2024-08-31,74.8056,0.04262892
2024-09-01,74.9498,0.04230134
2024-09-02,74.7288,0.04291159
2024-09-03,74.875,0.04232997
2024-09-04,74.9188,0.04226752
2024-09-05,74.8756,0.04218574
2024-09-06,75.2127,0.0412449
2024-09-07,74.9402,0.0419796
2024-09-08,74.9788,0.04192671
2024-09-09,75.2276,0.04134085
2024-09-10,75.2341,0.04143826
2024-09-11,75.4735,0.04080022
2024-09-12,75.4253,0.04064251
2024-09-13,75.6149,0.0403518
2024-09-14,75.4843,0.04028161
2024-09-15,75.9511,0.03922364
2024-09-16,75.7719,0.03941768
2024-09-17,76.1338,0.03879706
2024-09-18,76.3021,0.03847561
2024-09-19,76.1316,0.03918484
2024-09-20,75.7071,0.04045247
2024-09-21,75.3883,0.0411052
2024-09-22,75.6558,0.04060137
2024-09-23,75.2275,0.04180777
2024-09-24,75.4423,0.04127095
2024-09-25,75.5642,0.04083107
2024-09-26,75.7324,0.04042112
2024-09-27,75.518,0.04102619
2024-09-28,75.5122,0.04066712
2024-09-29,75.4631,0.04048142
2024-09-30,75.3251,0.04104099
2024-10-01,75.5977,0.04025465
2024-10-02,76.3299,0.03902178
2024-10-03,76.5435,0.03866532
2024-10-04,76.4385,0.03892072
2024-10-05,76.4448,0.03892172
2024-10-06,76.4915,0.03883592
2024-10-07,76.4952,0.03887724
2024-10-08,76.3609,0.03926821
2024-10-09,76.3624,0.03905245
2024-10-10,76.1406,0.03955628
2024-10-11,76.3909,0.03902648
2024-10-12,76.3627,0.03921089
2024-10-13,76.3645,0.03927917
2024-10-14,76.244,0.03980842
2024-10-15,76.6596,0.03885206
2024-10-16,76.6863,0.03860291
2024-10-17,76.6397,0.03865942
2024-10-18,76.6409,0.038623
2024-10-19,76.5448,0.03876218
2024-10-20,76.2187,0.03979167
2024-10-21,76.2377,0.03955083
2024-10-22,76.5427,0.03890625
2024-10-23,76.9204,0.03783624
2024-10-24,77.1971,0.03716575
2024-10-25,77.5991,0.03644964
2024-10-26,77.3232,0.03701068
2024-10-27,77.3478,0.03688955
2024-10-28,77.399,0.03673193
2024-10-29,77.5852,0.03625844
2024-10-30,77.4765,0.0367268
2024-10-31,77.8343,0.03578074
2024-11-01,77.6408,0.03615956
2024-11-02,77.7325,0.03594473
2024-11-03,77.882,0.03570699
2024-11-04,77.9133,0.03536001
2024-11-05,78.0285,0.03493015
2024-11-06,77.6733,0.03597262
2024-11-07,76.8848,0.03806487
2024-11-08,76.6352,0.03869253
2024-11-09,75.7543,0.04088564
2024-11-10,75.9312,0.0396414
2024-11-11,76.4947,0.03792752
2024-11-12,76.2257,0.03696966
2024-11-13,76.9911,0.03530957
2024-11-14,76.786,0.03504886
2024-11-15,76.8554,0.03398607
2024-11-16,75.6377,0.03460821
2024-11-17,76.0103,0.03421475
2024-11-18,75.377,0.03520222
2024-11-19,75.9778,0.03373066
2024-11-20,76.487,0.03264048
2024-11-21,75.7932,0.03414998
2024-11-22,74.9589,0.03361058
2024-11-23,73.8416,0.034771
2024-11-24,74.0151,0.03433222
2024-11-25,73.2411,0.03674514
2024-11-26,73.5451,0.03618442
2024-11-27,72.7772,0.03822549
2024-11-28,72.8129,0.0374377
2024-11-29,72.1362,0.03691636
2024-11-30,71.2435,0.03849328
2024-12-01,70.4379,0.03812554
2024-12-02,69.1657,0.03799459
2024-12-03,69.8617,0.0377448
2024-12-04,70.3213,0.03886627
2024-12-05,70.3009,0.03914079
2024-12-06,69.7819,0.0401535
2024-12-07,69.2968,0.04007087
2024-12-08,69.4166,0.03969927
2024-12-09,71.0089,0.03813706
2024-12-10,70.7799,0.03751054
2024-12-11,70.8524,0.03787227
2024-12-12,70.732,0.03873529
2024-12-13,70.6417,0.0385572
2024-12-14,70.9063,0.03816437
2024-12-15,71.1377,0.0377582
2024-12-16,71.2022,0.03774174
2024-12-17,71.4368,0.03654248
2024-12-18,71.9127,0.03619534
2024-12-19,72.4212,0.03510721
2024-12-20,72.1989,0.03556254
2024-12-21,72.7299,0.03428502
2024-12-22,72.6093,0.03445483
2024-12-23,71.8001,0.03610221
2024-12-24,72.0339,0.03543013
2024-12-25,72.3073,0.0351765
2024-12-26,72.6897,0.03477249
2024-12-27,72.4685,0.03525892
2024-12-28,72.2084,0.03571244
2024-12-29,72.3873,0.03581227
2024-12-30,72.2804,0.03626624
2024-12-31,72.4581,0.03568331
2025-01-01,71.6359,0.03547575
2025-01-02,71.5143,0.03559668
2025-01-03,70.9193,0.03675321
2025-01-04,70.8195,0.037237
2025-01-05,71.0233,0.03696825
2025-01-06,71.5931,0.03604513
2025-01-07,72.0869,0.03488082
2025-01-08,71.6191,0.03499125
2025-01-09,71.8586,0.03483996
2025-01-10,71.8938,0.03450617
2025-01-11,71.0653,0.03473735
2025-01-12,71.3914,0.03453144
2025-01-13,71.7581,0.03319857
2025-01-14,71.4108,0.033412
2025-01-15,69.9478,0.0343512
2025-01-16,70.1721,0.0330387
2025-01-17,70.1977,0.03335587
2025-01-18,70.9161,0.03164206
2025-01-19,71.6262,0.03173755
2025-01-20,71.224,0.03202516
2025-01-21,71.6225,0.03134925
2025-01-22,71.4987,0.03121341
2025-01-23,71.4177,0.03201856
2025-01-24,71.6849,0.03161335
2025-01-25,71.6354,0.03169247
2025-01-26,71.8103,0.03151721
2025-01-27,71.8413,0.03111152
2025-01-28,72.0591,0.03036203
2025-01-29,72.3339,0.03005904
2025-01-30,71.8319,0.03101181
2025-01-31,71.5056,0.03219759
2025-02-01,72.2854,0.03101026
2025-02-02,73.7798,0.02919442
2025-02-03,73.9184,0.02832754
2025-02-04,74.3665,0.0278351
2025-02-05,74.4094,0.02879949
2025-02-06,74.9788,0.0278133
2025-02-07,75.0041,0.02710979
2025-02-08,74.7872,0.02729885
2025-02-09,74.9554,0.02723965
2025-02-10,74.904,0.02730588
2025-02-11,74.7727,0.0271795
2025-02-12,74.4396,0.02801497
2025-02-13,74.2064,0.02770932
2025-02-14,73.5759,0.02797414
2025-02-15,73.6251,0.0276095
2025-02-16,73.5925,0.02767733
2025-02-17,73.5198,0.0286394
2025-02-18,74.0399,0.02794438
2025-02-19,73.52,0.0281246
2025-02-20,73.909,0.02785502
2025-02-21,74.2183,0.02764984
2025-02-22,73.8636,0.02863556
2025-02-23,73.6009,0.02936634
2025-02-24,74.9585,0.02742468
2025-02-25,74.2561,0.02815569
2025-02-26,74.342,0.02774719
2025-02-27,74.6001,0.02716083
2025-02-28,74.9795,0.02646995
2025-03-01,75.1676,0.02573207
2025-03-02,73.2266,0.0267084
2025-03-03,74.9125,0.0249502
2025-03-04,74.8923,0.02485081
2025-03-05,75.1167,0.02473056
2025-03-06,74.8775,0.0244545
2025-03-07,75.1894,0.02466378
2025-03-08,75.0559,0.02552761
2025-03-09,75.4417,0.02499377
2025-03-10,76.1901,0.02379179
2025-03-11,76.2346,0.02323962
2025-03-12,76.2214,0.02279702
2025-03-13,75.7784,0.02297521
2025-03-14,75.7857,0.02276541
2025-03-15,75.6142,0.02299439
2025-03-16,75.8491,0.02284702
2025-03-17,75.7791,0.02294708
2025-03-18,75.6965,0.02334894
2025-03-19,75.0698,0.0237048
2025-03-20,75.2888,0.02351507
2025-03-21,75.515,0.02338669
2025-03-22,75.4683,0.02360658
2025-03-23,75.5385,0.02329599
2025-03-24,75.4451,0.02375
2025-03-25,75.4259,0.02362206
2025-03-26,75.8983,0.0230943
2025-03-27,76.0137,0.02297145
2025-03-28,76.4276,0.022489
2025-03-29,76.6988,0.02210498
2025-03-30,76.7319,0.02192748
2025-03-31,76.8714,0.02211268
2025-04-01,76.8381,0.02239069
2025-04-02,77.2774,0.02174884
2025-04-03,77.1676,0.02186791
2025-04-04,77.0553,0.02164148
2025-04-05,76.9969,0.0216438
2025-04-06,78.0366,0.02012981
2025-04-07,78.3651,0.01964496
2025-04-08,78.6833,0.01926736
2025-04-09,77.9112,0.02010272
2025-04-10,78.3062,0.01913384
2025-04-11,78.6324,0.01878086
2025-04-12,78.062,0.01930884
2025-04-13,78.1819,0.01906583
2025-04-14,78.1938,0.01919224
2025-04-15,78.3528,0.01901253
2025-04-16,78.518,0.01874906
2025-04-17,78.6793,0.01865504
2025-04-18,78.5679,0.01882134
2025-04-19,78.4879,0.01896937
2025-04-20,78.6724,0.01862809
2025-04-21,79.0817,0.01805127
2025-04-22,78.7855,0.01880307
2025-04-23,78.6451,0.0191879
2025-04-24,78.7754,0.01885434
2025-04-25,78.913,0.01888298
2025-04-26,78.718,0.01922023
2025-04-27,78.4935,0.01911678
2025-04-28,78.5508,0.01893308
2025-04-29,78.6506,0.01905306
2025-04-30,78.8257,0.01905078
2025-05-01,78.9129,0.0190662
2025-05-02,78.9873,0.01901355
2025-05-03,78.9656,0.01913039
2025-05-04,78.9474,0.01917049
2025-05-05,79.0646,0.01921304
2025-05-06,79.3284,0.01876568
2025-05-07,79.4896,0.01868026
2025-05-08,78.2284,0.02127759
2025-05-09,77.5191,0.02275296
2025-05-10,76.3342,0.02471355
2025-05-11,76.8859,0.0241175
2025-05-12,76.234,0.02422838
2025-05-13,75.6368,0.02569959
2025-05-14,75.9694,0.02513268
2025-05-15,76.8152,0.0244965
2025-05-16,76.7121,0.0245901
2025-05-17,77.0529,0.0239811
2025-05-18,77.2816,0.02326009
2025-05-19,77.1542,0.0239212
2025-05-20,77.4256,0.0236247
2025-05-21,77.5631,0.02331703
2025-05-22,77.3743,0.02383831
2025-05-23,77.6549,0.02350448
2025-05-24,77.632,0.02344062
2025-05-25,77.7028,0.02338519
2025-05-26,77.8226,0.02342399
2025-05-27,77.4176,0.02440188
2025-05-28,77.3402,0.02481216
2025-05-29,77.2534,0.02490587
2025-05-30,77.8113,0.0242859
2025-05-31,77.8054,0.02418665
2025-06-01,77.9124,0.02401169
2025-06-02,77.6177,0.02463078
2025-06-03,77.4637,0.02460164
2025-06-04,77.4927,0.02490803
2025-06-05,78.0649,0.02381505
2025-06-06,78.0512,0.02374937
2025-06-07,78.0095,0.02391156
2025-06-08,77.8285,0.02373614
2025-06-09,77.7493,0.02428996
2025-06-10,77.297,0.02549386
2025-06-11,77.3106,0.02553771
2025-06-12,77.5927,0.02502796
2025-06-13,78.0207,0.02431527
2025-06-14,78.1298,0.02401783
2025-06-15,78.0224,0.02413536
2025-06-16,77.9534,0.02391764
2025-06-17,78.0568,0.02402216
2025-06-18,78.0289,0.02406653
2025-06-19,78.0323,0.02409562
2025-06-20,78.4328,0.02326966
2025-06-21,78.9492,0.02231491
2025-06-22,79.1218,0.022075
2025-06-23,78.5657,0.02295282
2025-06-24,78.4814,0.02305657
2025-06-25,78.815,0.02253376
2025-06-26,79.049,0.02256977
2025-06-27,78.9351,0.02261664
2025-06-28,78.76,0.02271118
2025-06-29,78.5823,0.02310081
2025-06-30,78.3746,0.0232281
2025-07-01,78.7298,0.02274119
2025-07-02,78.3343,0.02368518
2025-07-03,78.3237,0.02362738
2025-07-04,78.519,0.02322404
2025-07-05,78.5182,0.02326633
2025-07-06,78.2687,0.02353683
2025-07-07,78.2317,0.02349003
2025-07-08,77.9467,0.02400433
2025-07-09,77.388,0.02491397
2025-07-10,77.0643,0.02546244
2025-07-11,76.6412,0.02515454
2025-07-12,76.5858,0.02504972
2025-07-13,76.2631,0.024976
2025-07-14,76.0365,0.02512519
2025-07-15,75.4436,0.02661492
2025-07-16,74.5849,0.02835258
2025-07-17,73.1151,0.02919956
2025-07-18,73.0179,0.03003038
2025-07-19,72.7809,0.03046525
2025-07-20,72.0653,0.03201096
2025-07-21,71.8192,0.03206869
2025-07-22,72.3262,0.03119816
2025-07-23,73.4397,0.03059026
2025-07-24,73.3039,0.03133638
2025-07-25,73.106,0.03167591
2025-07-26,73.0409,0.03172789
2025-07-27,72.7844,0.03234729
2025-07-28,73.1145,0.03212014
2025-07-29,73.0815,0.03216109
2025-07-30,73.15,0.03228381
2025-07-31,73.3305,0.03195081
2025-08-01,73.7744,0.03074008
2025-08-02,74.4573,0.03015239
2025-08-03,73.8461,0.0306674
2025-08-04,72.9998,0.03228415
2025-08-05,73.4561,0.03167152
2025-08-06,73.3294,0.0320079
2025-08-07,72.2468,0.03324319
2025-08-08,71.8173,0.03440322
2025-08-09,71.2353,0.03657935
2025-08-10,71.8584,0.0356468
2025-08-11,72.0087,0.03560358
2025-08-12,70.9039,0.03827922
2025-08-13,70.9852,0.0385671
2025-08-14,71.2241,0.03848413
2025-08-15,71.3598,0.03776269
2025-08-16,71.3322,0.03765179
2025-08-17,71.1869,0.03816016
2025-08-18,71.5419,0.03715431
2025-08-19,72.1205,0.03626235
2025-08-20,71.4169,0.03795728
2025-08-21,71.6848,0.03758517
2025-08-22,70.1859,0.04136185
2025-08-23,70.1398,0.04144994
2025-08-24,69.8605,0.04217246
2025-08-25,70.861,0.03976315
2025-08-26,70.1681,0.04112744
2025-08-27,70.4425,0.04051183
2025-08-28,70.6588,0.04004266
2025-08-29,70.7127,0.04025684
2025-08-30,70.7575,0.04020471
2025-08-31,70.717,0.04059046
2025-09-01,71.2023,0.03945765
2025-09-02,71.2292,0.03889058
2025-09-03,70.9976,0.03986261
2025-09-04,71.3674,0.03892586
2025-09-05,71.2844,0.03891899
2025-09-06,71.3178,0.0387973
2025-09-07,71.1775,0.03877629
2025-09-08,71.0829,0.03840005
2025-09-09,71.0301,0.03865704
2025-09-10,71.2313,0.03816883
2025-09-11,71.0033,0.03864996
2025-09-12,70.2673,0.04048999
2025-09-13,70.2446,0.04023911
2025-09-14,70.5533,0.03994849
2025-09-15,70.9223,0.03919672
2025-09-16,71.0926,0.03858626
2025-09-17,70.6711,0.03941682
2025-09-18,70.7949,0.03919463
2025-09-19,71.133,0.03860833
2025-09-20,71.1217,0.03873715
2025-09-21,71.17,0.03860994
2025-09-22,71.7735,0.0372987
2025-09-23,71.8168,0.0372187
2025-09-24,71.8264,0.03664809
2025-09-25,72.4287,0.03549975
2025-09-26,71.9081,0.0367625
2025-09-27,71.885,0.03666492
2025-09-28,71.8444,0.03687684
2025-09-29,71.9487,0.03691079
2025-09-30,72.2261,0.03633393
2025-10-01,72.0725,0.03664301
2025-10-02,71.7801,0.03714888
2025-10-03,71.9676,0.03694231
2025-10-04,72.2659,0.03667885
2025-10-05,72.3618,0.03657672
2025-10-06,72.0107,0.03761911
2025-10-07,72.4856,0.03671434
2025-10-08,72.5018,0.03670621
2025-10-09,72.8354,0.03592753
2025-10-10,74.2828,0.03399484
2025-10-11,74.2046,0.03380103
2025-10-12,73.2869,0.03601803
2025-10-13,72.7899,0.03684613
2025-10-14,73.076,0.0364889
2025-10-15,73.3808,0.0359387
2025-10-16,73.4774,0.03597452
2025-10-17,73.4452,0.03600031
2025-10-18,73.1918,0.03629388
2025-10-19,73.058,0.03668809
2025-10-20,73.144,0.03599185
2025-10-21,73.2995,0.03570734
2025-10-22,73.5727,0.03528505
2025-10-23,73.7066,0.03503601
2025-10-24,73.3365,0.03542385
2025-10-25,73.142,0.03543464
2025-10-26,72.8603,0.03636843
2025-10-27,72.9889,0.03610303
2025-10-28,73.2942,0.03526592
2025-10-29,73.1639,0.03541397
2025-10-30,73.5252,0.03509621
2025-10-31,73.3867,0.03515286
2025-11-01,73.3941,0.03519555
2025-11-02,73.3578,0.03526585
2025-11-03,74.2727,0.03376362
2025-11-04,74.635,0.03239003
2025-11-05,74.2056,0.03298838
2025-11-06,74.5589,0.03263152
2025-11-07,74.0571,0.033241
2025-11-08,74.0898,0.03327603
2025-11-09,73.7138,0.03416334
2025-11-10,73.5356,0.03365861
2025-11-11,73.8992,0.03320945
2025-11-12,73.7273,0.03354111
2025-11-13,74.1409,0.03246544
2025-11-14,73.7965,0.03293354
2025-11-15,73.7801,0.03317858
2025-11-16,73.9011,0.0328141
2025-11-17,73.9303,0.03283724
2025-11-18,73.5198,0.03357991
2025-11-19,73.9736,0.03302034
2025-11-20,74.0423,0.03273193
2025-11-21,74.2532,0.03245556
2025-11-22,74.1101,0.03269981
2025-11-23,74.0545,0.03225726
2025-11-24,73.1767,0.0334775
2025-11-25,73.0356,0.03388288
2025-11-26,73.3707,0.03343706
2025-11-27,73.6764,0.03301035
2025-11-28,73.6088,0.03336001
2025-11-29,73.6847,0.03292888
2025-11-30,73.7142,0.03313858
2025-12-01,74.1065,0.03242359
2025-12-02,73.9385,0.03281377
2025-12-03,73.5336,0.03407524
2025-12-04,73.7859,0.03401616
2025-12-05,73.8579,0.03384249
2025-12-06,73.7948,0.03404991
2025-12-07,73.9535,0.03384222
2025-12-08,73.6472,0.03446605
2025-12-09,73.1965,0.03583641
2025-12-10,73.2453,0.03615312
2025-12-11,73.739,0.03495302
2025-12-12,73.923,0.03418293
2025-12-13,73.7568,0.03451557
2025-12-14,73.6822,0.03474258
2025-12-15,73.9888,0.03430371
2025-12-16,74.1915,0.0337116
2025-12-17,74.6164,0.03284571
2025-12-18,74.6839,0.03308482
2025-12-19,74.2624,0.03380444
2025-12-20,74.2052,0.03370003
2025-12-21,74.211,0.03389609
2025-12-22,74.2314,0.03396196
2025-12-23,74.2722,0.03391772
2025-12-24,74.4626,0.03362863
2025-12-25,74.6513,0.03330472
2025-12-26,74.5545,0.03350423
2025-12-27,74.4453,0.03355142
2025-12-28,74.4643,0.03357451
2025-12-29,74.4522,0.03367139
2025-12-30,74.5262,0.03357741
2025-12-31,74.5154,0.03391488
2026-01-01,74.4533,0.03383791
2026-01-02,73.7424,0.03473711
2026-01-03,73.836,0.0344957
2026-01-04,73.6725,0.0343709
2026-01-05,73.0452,0.03437683
2026-01-06,72.9329,0.03517032
2026-01-07,73.327,0.03468331
2026-01-08,73.6459,0.03412967
2026-01-09,73.7282,0.03407352
2026-01-10,73.7289,0.03409122
2026-01-11,73.7213,0.03431043
2026-01-12,73.92,0.03391523
2026-01-13,73.4933,0.03485983
2026-01-14,73.7807,0.03458739
2026-01-15,73.8796,0.03469047
2026-01-16,73.9929,0.03451088
2026-01-17,73.9091,0.03477058
2026-01-18,73.9703,0.03502954
2026-01-19,74.1012,0.03442378
2026-01-20,74.555,0.03329479
2026-01-21,74.3981,0.03339282
2026-01-22,74.6376,0.03297578
2026-01-23,74.6356,0.03300092
2026-01-24,74.6119,0.03308472
2026-01-25,74.9323,0.03246924
2026-01-26,74.5815,0.0331703
2026-01-27,74.3625,0.03386524
2026-01-28,74.426,0.0337353
2026-01-29,74.5767,0.03334739
2026-01-30,75.2225,0.03213206
2026-01-31,75.5284,0.03105679
2026-02-01,76.1232,0.02951757
2026-02-02,76.0765,0.02979822
2026-02-03,76.0845,0.0294832
2026-02-04,76.1137,0.02937804
2026-02-05,76.6437,0.02913688
2026-02-06,76.1988,0.02921648
2026-02-07,75.9108,0.03016368
2026-02-08,76.2015,0.02968996
2026-02-09,76.0341,0.0299958
2026-02-10,76.2803,0.02936807
2026-02-11,76.4064,0.02896054
2026-02-12,76.1703,0.02936894
2026-02-13,76.0755,0.02974858
2026-02-14,75.5587,0.02989537
2026-02-15,76.1453,0.02856307
2026-02-16,75.9387,0.02903951
2026-02-17,75.6866,0.02953016
2026-02-18,75.8834,0.02940424
2026-02-19,76.1148,0.02910194
2026-02-20,76.1642,0.02893767
2026-02-21,76.1392,0.02902853
2026-02-22,76.3549,0.02890883
2026-02-23,76.3095,0.02870331
2026-02-24,76.1833,0.028935
2026-02-25,75.6689,0.03023708
2026-02-26,75.8422,0.03004272
2026-02-27,76.1565,0.02929828
2026-02-28,76.174,0.02932084
2026-03-01,76.1261,0.02948977
2026-03-02,76.2855,0.02949958
2026-03-03,76.5701,0.02903948
2026-03-04,76.5443,0.0292782
2026-03-05,76.5251,0.02925354
2026-03-06,76.5149,0.02905847
2026-03-07,76.3946,0.02927088
2026-03-08,76.316,0.02934792
2026-03-09,76.5442,0.02914126
2026-03-10,76.5321,0.02911577
2026-03-11,76.5333,0.02924338
2026-03-12,76.47,0.02947254
2026-03-13,76.4218,0.02949518
2026-03-14,76.4182,0.02946927
2026-03-15,76.2208,0.02995115
2026-03-16,75.4308,0.03146731
2026-03-17,75.5198,0.0313597
2026-03-18,75.6918,0.03088225
2026-03-19,75.7648,0.03056547
2026-03-20,75.8658,0.03044345
2026-03-21,75.8558,0.03047883
2026-03-22,75.9561,0.03025887
2026-03-23,75.9719,0.03037242
2026-03-24,75.9223,0.03054893
2026-03-25,76.0175,0.03042217
2026-03-26,76.1918,0.02996133
2026-03-27,76.0935,0.03003736
2026-03-28,76.0409,0.03005822
2026-03-29,76.0495,0.03005868
2026-03-30,76.0318,0.03034873
2026-03-31,75.9564,0.03080607
2026-04-01,75.6718,0.03142952
2026-04-02,75.9667,0.03073484
2026-04-03,75.9939,0.03067076
2026-04-04,76.037,0.03067444
2026-04-05,76.1769,0.03062725
2026-04-06,76.2446,0.03057559
2026-04-07,76.0184,0.03119615
2026-04-08,76.2956,0.0307889
2026-04-09,76.4437,0.03050969
2026-04-10,76.4052,0.03077018
2026-04-11,76.2581,0.03127566
2026-04-12,76.2889,0.03098435
2026-04-13,76.1154,0.03179817
2026-04-14,76.3152,0.0313213
2026-04-15,76.1687,0.03152374
2026-04-16,75.9645,0.03128845
2026-04-17,75.997,0.0314113
2026-04-18,76.1949,0.03105765
2026-04-19,76.349,0.03065895
2026-04-20,76.423,0.03051894
2026-04-21,76.384,0.03053192
2026-04-22,76.6342,0.03041141
2026-04-23,76.8152,0.029789
2026-04-24,76.7278,0.02990045
2026-04-25,76.8012,0.02987807
2026-04-26,76.734,0.03016118
2026-04-27,76.9165,0.02974433
2026-04-28,76.8345,0.02998197
2026-04-29,76.9051,0.02973948
2026-04-30,77.0063,0.02957571
2026-05-01,77.1702,0.0293451
2026-05-02,77.1346,0.02946051
2026-05-03,77.1078,0.02957486
2026-05-04,77.2456,0.02940649
2026-05-05,77.3037,0.02916653
2026-05-06,77.4147,0.02886484
2026-05-07,77.5699,0.02863241
2026-05-08,77.3879,0.02876494
2026-05-09,77.393,0.02884062
2026-05-10,77.2714,0.02887044
2026-05-11,77.3154,0.02862495
2026-05-12,77.516,0.02828315
2026-05-13,77.3936,0.02846708
2026-05-14,77.3885,0.02819594
2026-05-15,77.4952,0.02811733
2026-05-16,77.6047,0.02789629
2026-05-17,77.7051,0.02765428
2026-05-18,77.7237,0.02767356
2026-05-19,77.9005,0.02749743
2026-05-20,77.9513,0.02745406
2026-05-21,77.9148,0.0274776
2026-05-22,77.9597,0.02734993
2026-05-23,77.8451,0.02761906
2026-05-24,78.0493,0.02725149
2026-05-25,78.0525,0.02730572
2026-05-26,78.022,0.02732449
2026-05-27,77.9492,0.02720015
2026-05-28,77.6626,0.02729012
2026-05-29,77.287,0.027396
2026-05-30,77.4266,0.02738133
2026-05-31,77.3789,0.02722481
2026-06-01,77.0615,0.02806421
2026-06-02,77.1917,0.02786189
2026-06-03,76.8287,0.02826875
2026-06-04,77.174,0.02774319
2026-06-05,77.9728,0.02588657
2026-06-06,77.9822,0.02574423
2026-06-07,77.6261,0.02663231
2026-06-08,77.4683,0.02684959
2026-06-09,77.6344,0.02655209
2026-06-10,77.929,0.02635755
2026-06-11,77.8419,0.02634442
2026-06-12,77.9969,0.02619585
2026-06-13,78.0518,0.02607504
2026-06-14,77.9537,0.02624845
2026-06-15,77.3657,0.02703331
2026-06-16,77.2787,0.02730203
2026-06-17,77.3187,0.02713058
2026-06-18,77.304,0.02717756
2026-06-19,77.5797,0.02695581
2026-06-20,77.5591,0.02708306
2026-06-21,77.6726,0.02693767
2026-06-22,77.7462,0.02698489
2026-06-23,77.9126,0.02657021
2026-06-24,77.971,0.02655768
2026-06-25,78.1648,0.02622029
2026-06-26,78.1195,0.02627913
2026-06-27,78.1756,0.02621627
2026-06-28,78.0884,0.02637291
2026-06-29,77.9601,0.02674165
2026-06-30,77.7915,0.02679539
2026-07-01,77.8305,0.02681575
2026-07-02,77.5142,0.02761154
2026-07-03,77.1832,0.02808652
2026-07-04,77.077,0.02819399
2026-07-05,77.1854,0.02809532
2026-07-06,77.3211,0.02811039
2026-07-07,77.5223,0.02794866
2026-07-08,77.5599,0.02797577
2026-07-09,77.7616,0.02761213
2026-07-10,77.6298,0.02799374
2026-07-11,77.6217,0.02805457
2026-07-12,77.5925,0.02830558
2026-07-13,77.4997,0.02846061
2026-07-14,77.3131,0.02906462
2026-07-15,77.0639,0.0296253
2026-07-16,77.2657,0.02918615
2026-07-17,77.4125,0.02879544
2026-07-18,77.4918,0.028728
2026-07-19,77.3943,0.02891704
2026-07-20,77.2802,0.02916624
2026-07-21,77.3199,0.02896188
2026-07-22,77.2007,0.02925314
2026-07-23,77.4334,0.02887403
2026-07-24,77.3757,0.02900705
2026-07-25,77.3105,0.02911538
2026-07-26,77.0459,0.02988516
2026-07-27,77.2614,0.02964678
2026-07-28,77.1188,0.03003427
2026-07-29,77.1761,0.02984235
2026-07-30,77.2591,0.02967125
2026-07-31,77.2018,0.02960298
2026-08-01,77.2849,0.02937678
2026-08-02,77.1168,0.02965452
2026-08-03,77.3268,0.02926527
2026-08-04,77.4608,0.02914819
2026-08-05,77.4369,0.02953353
2026-08-06,77.5297,0.02959385
2026-08-07,77.6648,0.02950647
