date,price_usd,market_cap_usd,mvrv,supply,realized_price_usd
2015-09-30,0.00192578360813816,192578360.8138159422264917558552,1,99999999999.99997,0.0019257836081381602
2015-10-01,0.00215206816813831,215329958.016780954450623779587625,1,100057219936.0471375,0.0021520681681383097
2015-10-02,0.00208897928928483,209017460.189815661879384116800525,0.99998273,100057219936.0452175,0.002089015366580211
2015-10-03,0.00205693400244302,205811097.87637102286130218725685,0.98464283,100057219936.0452175,0.0020890153665598927
2015-10-04,0.00203349869238165,203466225.903291111427697167258875,0.97342448,100057219936.0452175,0.002089015361912462
2015-10-05,0.00203669684587697,203786224.250961576426902361890975,0.97495541,100057219936.0452175,0.0020890153795617896
2015-10-06,0.00211663857388816,211784971.3126447208910725478748,1.01322307,100057219936.0452175,0.002089015377322745
2015-10-07,0.00204567722347267,204684775.867163264285001495455725,0.97925427,100057219936.0452175,0.0020890153723533626
2015-10-08,0.00203172773157218,203289028.48807985496768284504915,0.97257673,100057219936.0452175,0.0020890153639314193
2015-10-09,0.00213368290109074,213490379.30821433280641227423995,1.0213821,100057219936.0448175,0.002089015365641066
2015-10-10,0.00211907703773799,212028957.226372409107707462366825,1.01439035,100057219936.0448175,0.0020890153753315875
2015-10-11,0.002129886377481,213110509.7104021908439387547175,1.01956472,100057219936.0448175,0.0020890153765628534
2015-10-12,0.0020424707555572,204363945.601726393061426384811,0.97771935,100057219936.0448175,0.0020890153759943486
2015-10-13,0.00211666035336374,211787150.50642207401290751941745,1.0132335,100057219936.0448175,0.0020890153684848954
2015-10-14,0.00204590529996485,204707596.566902741880030774664875,0.97936345,100057219936.0448175,0.002089015370100702
2015-10-15,0.00192162322155731,192272277.313570553284942149009925,0.91987031,100057219936.0447175,0.002089015376045032
2015-10-16,0.00191660334209003,191770002.129660483332787990916525,0.91746732,100057219936.0447175,0.002089015379959288
2015-10-17,0.00196190573083577,198751295.318020987292127030078472,0.93880988,101305221853.5256136,0.0020897795950291552
2015-10-18,0.00196098263396585,198657780.78482060339496371738006,0.9383682,101305221853.5251836,0.00208977950655814
2015-10-19,0.00194835330704851,197378364.019598777386956671856436,0.93232483,101305221853.5251836,0.002089779489245728
2015-10-20,0.00185520065127119,187941513.559832310374072018140484,0.88774947,101305221853.5251836,0.0020897795087066514
2015-10-21,0.00190308554573349,192792503.416768251379973248918764,0.91066332,101305221853.5251836,0.002089779508999539
2015-10-22,0.00195820034041788,198375919.919681870832233527722768,0.93703682,101305221853.5251836,0.0020897795034541763
2015-10-23,0.00197257846843034,199832499.367822496511768068007024,0.94391703,101305221853.5251736,0.002089779509996064
2015-10-24,0.00193626432589159,196153687.101513891883496329530024,0.92654001,101305221853.5251736,0.0020897795076238426
2015-10-25,0.00187022666671951,189463727.388398658922162443305936,0.89494355,101305221853.5250736,0.0020897705410799486
2015-10-26,0.00185058973741255,187474403.90843508775200141231368,0.88554686,101305221853.5250736,0.0020897705372842153
2015-10-27,0.00194880884160338,197424512.048741615208835656508768,0.9325468,101305221853.5250736,0.0020897705526450577
2015-10-28,0.00197673043655254,200253115.419570534157206833766944,0.94590789,101305221853.5250736,0.002089770534161143
2015-10-29,0.00199821310566625,202429421.980140796573520608286,0.9561878,101305221853.5250736,0.002089770551000808
2015-10-30,0.00211672119452871,214434910.213789549578495174775956,1.01289646,101305221853.5250636,0.0020897705521931726
2015-10-31,0.0021465645743146,217458200.42385814133997589140856,1.02717716,101305221853.5250636,0.0020897705458273624
2015-11-01,0.002124989951327,215272578.4556931616227385793972,1.01685324,101305221853.5250636,0.002089770546757563
2015-11-02,0.00220415866058633,223377963.47862544564986450350164,1.05470855,101343867604.886708,0.0020898272424039136
2015-11-03,0.00215764513370881,218664102.76888964000991972117788,1.00003428,101343867604.875548,0.0021575711721690282
2015-11-04,0.00201039429173603,203741132.93527021051681387132284,0.93201269,101343867604.863828,0.002157046050237825
2015-11-05,0.00194476052322442,197089552.98825238656187628020876,0.90167183,101343867604.571278,0.0021568385065599983
2015-11-06,0.00186321341415003,188825253.56206075252169586683754,0.96031889,101343867604.237918,0.0019402028154939552
2015-11-07,0.00191706257220339,194282535.50622568358570673426042,0.98789682,101343867604.136478,0.0019405493907788769
2015-11-08,0.00184338064225599,186815323.75281228039705900328032,0.94994007,101343867604.132768,0.0019405230924262303
2015-11-09,0.00189106335246932,191647674.02367183345695858037616,0.97459615,101343867604.129388,0.00194035586172726
2015-11-10,0.00189491103223596,192037612.77252117311953883435928,0.97655372,101343867604.127218,0.0019404063426597363
2015-11-11,0.00180637057347841,183064580.24258425075036576828228,0.93097638,101343867604.125508,0.001940296888604639
2015-11-12,0.00206651921662755,209429049.8912773257195043090689,1.0649091,101343867604.122478,0.0019405592614689367
2015-11-13,0.00196633632637347,199276128.32515800701113816505916,1.01329622,101343867604.116628,0.001940534552051788
2015-11-14,0.00193633516239832,196235694.33528491263358391655696,0.99786925,101343867604.113478,0.0019404698184640123
2015-11-15,0.0018648320166252,188989288.9967733785529381241416,0.96102548,101343867604.111958,0.0019404605345377524
2015-11-16,0.00189296250922073,191840141.91399183215248406024034,0.97555429,101343867604.100658,0.0019403968888504707
2015-11-17,0.00189233001478083,191776042.48118914660926283936374,0.97523198,101343867604.087378,0.0019403896237906696
2015-11-18,0.00189553498422327,192100846.48001540812264233010536,0.97688591,101343867604.074968,0.0019403852229000517
2015-11-19,0.0018301623364173,185475729.5158169064133178918754,0.94320021,101343867604.062698,0.0019403752427252956
2015-11-20,0.00176862036205975,179341060.331875541297811292643625,0.9394517,101401671143.8363455,0.0018826091453767657
2015-11-21,0.00183280930559196,185849926.47499449029710154028018,0.97930565,101401671143.8338955,0.001871539601136744
2015-11-22,0.00181648298259603,184194410.039565808541466357853065,0.97057639,101401671143.8298355,0.001871550762321789
2015-11-23,0.00182179081776505,184732633.395851648001365991608275,0.97353903,101401671143.8250155,0.0018713074274639507
2015-11-24,0.00180184695157274,182710292.03486931819355350451107,0.96289841,101401671143.8176555,0.0018712741997078798
2015-11-25,0.00189152262967563,191803555.655440339453527861146565,1.01032669,101401671143.8086255,0.0018721891130834421
2015-11-26,0.0018575382070219,188357478.40549160074855851192045,0.99217594,101401671143.8070055,0.0018721863050034252
2015-11-27,0.00173407722823749,175838328.835693862047489680784995,0.926243,101401671143.8021255,0.0018721623032373685
2015-11-28,0.00165079833726607,167393710.120185334817770423160285,0.88189996,101401671143.7996755,0.0018718657581819937
2015-11-29,0.00163419481285335,165710084.997856805099806434802425,0.87357813,101401671143.7985455,0.0018706910770000047
2015-11-30,0.00168426659294308,170787447.17609845454887880748694,0.90025054,101401671143.7975055,0.0018708865122625533
2015-12-01,0.00159514245353594,161750110.50096145697141433156607,0.85261389,101401671143.7973655,0.0018708849014129245
2015-12-02,0.00165461912358118,167781144.23761441273045735111689,0.88610674,101401671143.7957855,0.00186729098074706
2015-12-03,0.00166207294769141,168536974.458802454725174374737355,0.89012635,101401671143.7950655,0.0018672326099451052
2015-12-04,0.00176960771806721,179441179.880969408997716944964855,0.94770668,101401671143.7931255,0.0018672525533609302
2015-12-05,0.00181325055549784,183866636.52989032806471901430212,0.97107955,101401671143.7921055,0.001867252333238652
2015-12-06,0.00186676339267849,189292927.647652341046737438513995,0.99971678,101401671143.7912755,0.0018672922471887387
2015-12-07,0.00185718022027945,188321177.951523108088410950165975,0.9942061,101401671143.7872255,0.0018680032442764632
2015-12-08,0.00230241831155829,233469064.464062127154735823059995,1.23250868,101401671143.7848655,0.0018680747234642518
2015-12-09,0.00234709561239626,237999417.43121646977013454383783,1.24198221,101401671143.7808455,0.001889798093320725
2015-12-10,0.0022781999852367,231013285.70271025432530153695385,1.20555111,101401671143.7685655,0.001889758108419559
2015-12-11,0.00213211152104104,216199671.29842985039793141025772,1.12828625,101401671143.7620555,0.0018896902457519447
2015-12-12,0.00200929488019287,203745858.672157862383930812973785,1.06336016,101401671143.7599055,0.0018895713378925818
2015-12-13,0.00202858015054354,205701417.31417173898261270893607,1.07354734,101401671143.7582955,0.0018896047476989137
2015-12-14,0.00201477591489913,204301644.750964959738959851824515,1.06625111,101401671143.7576155,0.0018895885744016998
2015-12-15,0.0018398867719813,186567593.39419569599555191729015,0.97376722,101401671143.7566155,0.0018894523600633218
2015-12-16,0.00181913804441847,184463637.745217027216529040882785,0.96280966,101401671143.7559655,0.0018894056842122565
2015-12-17,0.00184321014382981,186904588.853462596754029514833655,0.97555156,101401671143.7543755,0.0018894031022100054
2015-12-18,0.00183880780580947,186458184.421259256576039913775185,0.97322501,101401671143.7537355,0.0018893963748521734
2015-12-19,0.00182982088754302,185546895.89060796705800189501101,0.96846824,101401671143.7532255,0.0018893968970454002
2015-12-20,0.00172882210115137,175305450.167003297666383436428835,0.91505256,101401671143.7529955,0.001889314534185195
2015-12-21,0.00178557172818235,181059957.184728885208807973494925,0.94507986,101401671143.7527255,0.001889334228519429
2015-12-22,0.0017134762587927,173749356.10672429954885233193485,0.90694805,101401671143.7522555,0.00188927718494207
2015-12-23,0.00175295627915839,177752696.148591062560786721133045,0.92783849,101401671143.7502155,0.001889290321592921
2015-12-24,0.00178345374421067,180845190.070538055604268216028385,0.94397667,101401671143.7489155,0.0018892985397728844
2015-12-25,0.00175549319906487,178009944.066662206761751471508985,0.92918608,101401671143.7480655,0.001889280561612449
2015-12-26,0.00167278713166553,169623410.618640247401781814831715,0.88545805,101401671143.7472155,0.001889177168433366
2015-12-27,0.00174198408501339,176640097.326167632094685280932345,0.92209841,101401671143.7463355,0.0018891520320628143
2015-12-28,0.00171733934868452,174141079.87752028136599024504726,0.91846622,101401671143.7446255,0.0018697904302724603
2015-12-29,0.00175138342628995,177593206.239256008482288591826725,0.93665082,101401671143.7433655,0.0018698360038695635
2015-12-30,0.00179364375382817,181878474.074710568852503462870735,0.95923542,101401671143.7417455,0.0018698681433470942
2015-12-31,0.00175776604090831,178240414.027819592920753976545105,0.94003956,101401671143.7407455,0.0018698851789900315
2016-01-01,0.00175609914597312,178071388.09576916559415616896416,0.93914944,101401671143.7401055,0.0018698825460334832
2016-01-02,0.0017806372776585,180559595.65541029054056124349175,0.95225751,101401671143.7392255,0.0018699115091867324
2016-01-03,0.0017518358073209,177639078.43177962412302441775095,0.93685107,101401671143.7385455,0.001869919204256126
2016-01-04,0.0017641508440678,178887843.7381104047005191804669,0.9434328,101401671143.7377355,0.0018699274013663717
2016-01-05,0.00170039114533606,172422503.73508855375436207409593,0.90960986,101401671143.7364655,0.0018693631413978517
2016-01-06,0.00165285155117046,167601909.44120035099033786033653,0.88420982,101401671143.7356555,0.0018692978903700256
2016-01-07,0.00173345470386948,175775203.82433265789931456695254,0.92728477,101401671143.7344855,0.0018693876573315012
2016-01-08,0.00174387618711864,176831959.64159273194283220718452,0.93292031,101401671143.7338055,0.0018692659688356876
2016-01-09,0.00176160438337151,178629628.367996490781346690233705,0.94239379,101401671143.7330455,0.0018692869181274104
2016-01-10,0.00176292024985389,178763059.428310861099970621543595,0.94309936,101401671143.7324855,0.0018692836880452237
2016-01-11,0.0017179847375105,174206523.38298981895207498831775,0.91908766,101401671143.7316255,0.001869228379707002
2016-01-12,0.00173271902256547,175700604.510670483046067905240785,0.92696364,101401671143.7308155,0.001869241626959036
2016-01-13,0.00180177551445865,182703048.191961137166853395301075,0.96387988,101401671143.7300955,0.0018692946619641546
2016-01-14,0.00181497918554853,184041922.505705891077186263784215,0.97093505,101401671143.7294155,0.0018693106048118563
2016-01-15,0.0016523544683455,167551504.41204036358051805318525,0.883993,101401671143.7282755,0.0018691940641447386
2016-01-16,0.00176255976018422,178726505.17336779309273539238061,0.94291879,101401671143.7276755,0.0018692593454248802
2016-01-17,0.00168945511917375,171313572.406543035538211364718125,0.90383721,101401671143.7271955,0.0018692028835300446
2016-01-18,0.00168109554629067,170465897.746149946099096115420685,0.89937183,101401671143.7266055,0.0018691885716396856
2016-01-19,0.00184213627152484,186795696.40709110558012791850062,0.98547884,101401671143.7258555,0.0018692803911698806
2016-01-20,0.00182233714181788,184788031.56761302677936588289874,0.97489175,101401671143.7253355,0.0018692712722390768
2016-01-21,0.00171242007283067,173940252.968480675149593405298916,0.91592474,101575691460.4215148,0.0018696078379001643
2016-01-22,0.00173311755306016,176042613.834278416481754284227968,0.9271131,101575691460.4208748,0.0018693701481083162
2016-01-23,0.00165670475459275,168280930.9935243969441203333777,0.88626735,101575691460.4202348,0.001869305864187313
2016-01-24,0.00167816708380102,170460981.923204337136804054114496,0.89774644,101575691460.4194848,0.001869310764185286
2016-01-25,0.00171170466041649,173867584.457825597431136216920452,0.91552537,101575691460.4183748,0.001869641974439758
2016-01-26,0.00179872050873489,182706279.418778777174836797101472,0.96199305,101575691460.4166048,0.0018697853469262485
2016-01-27,0.00198590642413008,201719818.206694296945464579673984,1.06169387,101575691460.4156248,0.0018705075730823236
2016-01-28,0.00192915260635429,195955009.923097820211103700162692,1.03138083,101575691460.4144948,0.0018704561401963326
2016-01-29,0.0018938935422185,192373546.1032563527531147960988,1.01254926,101575691460.4137048,0.001870421141010463
2016-01-30,0.0018108613395675,183939492.705499125635941073349,0.96825777,101575691460.4133148,0.0018702264992590761
2016-01-31,0.001648200371474,167417092.3977811900048354040352,0.88131856,101575691460.4130448,0.001870152798636171
2016-02-01,0.00177956790904995,180760840.86250896527604516281976,0.95154639,101575691460.4124048,0.0018701851299650772
2016-02-02,0.00180614061011973,183459981.347640505704049759156104,0.96574782,101575691460.4111848,0.0018701990030065305
2016-02-03,0.00182325194629257,185198077.151206998420975716337936,0.9748735,101575691460.4104848,0.0018702446484518966
2016-02-04,0.00178985598051041,181805858.834895261702694040903268,0.9570428,101575691460.4101348,0.0018701942906946376
2016-02-05,0.00177207668846186,179999914.951385540183068528491728,0.94754719,101575691460.4091848,0.0018701724907884112
2016-02-06,0.00182837496519513,185718451.338596303455309661837124,0.97762525,101575691460.4088548,0.0018702206854775182
2016-02-07,0.0017561222379725,178447357.610690874865159167677,0.93898107,101614428513.0823972,0.0018702424298846622
2016-02-08,0.00181796774075335,184731753.03187048678437805812412,0.97203567,101614428513.0820072,0.0018702685476072601
2016-02-09,0.00178768683568606,181654776.168597744499188701060032,0.95585374,101614428513.0813472,0.001870251442115046
2016-02-10,0.00182602365884324,185550350.544720813194199704922528,0.97630369,101614428513.0808872,0.0018703439078912422
2016-02-11,0.0018805697656734,191093022.01788015217770728114448,1.00544843,101614428513.0804472,0.0018703791358781077
2016-02-12,0.00223024218047335,226624784.61456300780295671506062,1.19200097,101614428513.0791572,0.0018710070181179046
2016-02-13,0.00224617978178986,228244274.864208458679599470868992,1.20049808,101614428513.0787072,0.0018710398785392976
2016-02-14,0.0021240597578958,215835118.42620876076326731882976,1.13534511,101614428513.0781072,0.001870849435283867
2016-02-15,0.0022132253507875,224895629.19092748496192411992,1.1738581,101614428513.0775872,0.0018854283586640498
2016-02-16,0.00267050573417776,271361914.019366620220203346943872,1.41560548,101614428513.0764072,0.0018864759792945702
2016-02-17,0.00202870002893517,206145194.064706416038318053765524,1.0762942,101614428513.0751972,0.0018848935810814274
2016-02-18,0.00212120748789507,215545286.640112330408020826672104,1.12527277,101614428513.0746872,0.001885060711008825
2016-02-19,0.0022035535687223,223912836.58366108864432554721656,1.16887748,101614428513.0739272,0.0018851878031924268
2016-02-20,0.00205780506512401,209102685.683884163645076306187272,1.09169698,101614428513.0734472,0.0018849599319437618
2016-02-21,0.00212753373266292,216188124.386827556369878595187024,1.12864878,101614428513.0729572,0.0018850272736421335
2016-02-22,0.00194970279293025,198117935.0739485614313702971053,1.03437915,101614428513.0724372,0.001884901482140519
2016-02-23,0.00187827479288071,190969021.07288367238762942558908,0.99651078,101672567718.376548,0.001884851454271985
2016-02-24,0.00190397223130118,193581745.62087693911044440324284,1.01012117,101672567718.376138,0.0018848948896904914
2016-02-25,0.00190844237742109,194036236.85496374246395629130352,1.0124876,101672567718.375728,0.0018849044446777323
2016-02-26,0.00191854649917214,195063548.85793028329430824800632,1.0178443,101672567718.374788,0.0018849115716147746
2016-02-27,0.00203124377232016,206521769.99374767424515083365888,1.0775388,101672567718.374368,0.0018850771520433046
2016-02-28,0.00194462915957627,197715439.91414296883840027853936,1.03168276,101672567718.373968,0.0018849100081659502
2016-02-29,0.00189119176958504,192282323.26156538047220053891552,1.00336686,101672567718.373388,0.001884845757796944
2016-03-01,0.00186387177605411,189504629.36922578072296993470948,0.98889281,101672567718.373068,0.0018848066819841778
2016-03-02,0.00182458265310762,185510003.35585243343919375299676,0.96807675,101672567718.372598,0.0018847499984971435
2016-03-03,0.00185013602641194,188108080.43356186218954343948392,0.98162602,101672567718.368868,0.0018847666919138309
2016-03-04,0.00190579306919929,193766874.88536038110937966462672,1.0111338,101672567718.367568,0.0018848079939561807
2016-03-05,0.00173807007520008,176714047.42004589446161255089264,0.92226667,101672567718.366158,0.001884563469262182
2016-03-06,0.00189209566551093,192374224.68128641338345365206284,1.00387251,101672567718.365788,0.0018847967711666197
2016-03-07,0.00240070804883732,244086151.66743435392144523752296,1.27301276,101672567718.364178,0.0018858475926331797
2016-03-08,0.0022158132216322,225287419.8276447747661698655716,1.175179,101672567718.363378,0.00188551124690979
2016-03-09,0.00227724324889431,231621493.337615499814023957416796,1.20762353,101711353607.0758916,0.0018857228203348355
2016-03-10,0.00232433066549534,236410818.217964814475825764640144,1.23132561,101711353607.0751416,0.0018876653312646847
2016-03-11,0.00258537310113131,262961797.695384656116105063698996,1.36854424,101711353607.0741916,0.0018891410489815879
2016-03-12,0.00219023156247904,222771416.932677400448856877192064,1.15976862,101711353607.0728916,0.0018885073494047803
2016-03-13,0.0020958329685631,213170008.16688115457745690610396,1.1098578,101711353607.0721316,0.0018883797262704285
2016-03-14,0.00207403779081573,210953191.136087485817004655281168,1.09831783,101711353607.0712016,0.0018883766922146114
2016-03-15,0.00217140980433435,220857030.43451090711425583864046,1.14979958,101711353607.0705316,0.0018885115650628002
2016-03-16,0.00211400981019169,215018799.333221431889798600518004,1.11943909,101711353607.0697716,0.001888454520729386
2016-03-17,0.00213704937513156,217362184.669772314430093770215696,1.13163711,101711353607.0691716,0.0018884581958712545
2016-03-18,0.00199639496549904,203056034.275244278728154183990464,1.05727515,101711353607.0685516,0.0018882454255158083
2016-03-19,0.00204457052498974,207956035.641818514488994830306384,1.08290237,101711353607.0672216,0.0018880469575385083
2016-03-20,0.00204612118435503,208113755.304844408426188837066648,1.08371526,101711353607.0666216,0.001888061615331531
2016-03-21,0.00206760489290875,210298892.382341496504971765279,1.00053051,101711353607.0659016,0.002066508589436968
2016-03-22,0.00207874245260257,211431708.654678512513905278396312,1.00588823,101711353607.0654616,0.0020665739896395547
2016-03-23,0.00211413451840548,215031483.574441911636913497813168,1.02300529,101711353607.0650316,0.0020665919708054295
2016-03-24,0.00207698218857572,211252669.817798597409109187500752,1.00503621,101711353607.0639316,0.0020665744854861693
2016-03-25,0.00209069547342653,212647466.582372367319664898300848,1.01166682,101711353607.0632816,0.002066584998237394
2016-03-26,0.00206404609681487,209936922.414415478473231118011192,0.99879763,101711353607.0630216,0.0020665308314907296
2016-03-27,0.00200277414559243,203704869.317434485320279376460288,0.96919792,101711353607.0626816,0.0020664243125825426
2016-03-28,0.00211606386109133,215227719.630585130415101317466228,1.02392186,101711353607.0619716,0.0020666263156949596
2016-03-29,0.00205412669149593,208928006.272445272412708682268788,0.99401146,101711353607.0612116,0.0020665020215118344
2016-03-30,0.0020128309515473,204727760.66406411755680421378868,0.97406104,101711353607.0608116,0.0020664320498305733
2016-03-31,0.0019916481318624,202573227.40069729085648269709184,0.96382425,101711353607.0601316,0.0020664017655318383
2016-04-01,0.00202886802442346,206358913.054191260188388116577936,0.98180851,101711353607.0597416,0.0020664600110498737
2016-04-02,0.00207246564503744,210793286.060885201499459580379904,1.0028729,101711353607.0592516,0.002066528714692998
2016-04-03,0.0021736868151579,221088628.28752628291228506350864,1.05022111,101711353607.0586416,0.002069742070941518
2016-04-04,0.00227787247481492,231685492.757682668498498576083472,1.10041689,101711353607.0571316,0.002070008644464663
2016-04-05,0.00214612049721208,218284820.775290043328317503508928,1.0373229,101711353607.0566216,0.002068903036086526
2016-04-06,0.00213513544007309,217167515.744231548889021239582244,1.03202642,101711353607.0561716,0.0020688767251453603
2016-04-07,0.00214491787161198,218162500.097617019375891752567368,1.03674428,101711353607.0545916,0.002068897714691978
2016-04-08,0.0021621053166241,219910658.39484617420777472387956,1.045044,101711353607.0544116,0.0020689131908552174
2016-04-09,0.00201086379280819,204527678.285933857134973225709704,0.97211407,101711353607.0531416,0.0020685471539447936
2016-04-10,0.00186029894148929,189213523.452640210072662173137964,0.89950554,101711353607.0511916,0.0020681350572774567
2016-04-11,0.00190131307506216,193385126.495356745195355706529856,0.9193015,101711353607.0509416,0.002068214916501452
2016-04-12,0.00187480865321197,190689325.872400722839410711145352,0.90650148,101711353607.0504616,0.0020681804658630783
2016-04-13,0.0018422450036957,187377233.00171446130071665395612,0.89077142,101711353607.0499916,0.002068145612143349
2016-04-14,0.0018714996079293,190352758.39755134843101618010688,0.90489821,101711353607.0494016,0.002068187987607247
2016-04-15,0.00186668159200303,189862711.475988798125650304765848,0.90257174,101711353607.0487016,0.0020681808539707103
2016-04-16,0.00191588229524165,194866981.60080660441499682233314,0.9263194,101711353607.0482116,0.0020682739617044073
2016-04-17,0.00188627290821261,191855370.766607479850369717789676,0.91202896,101711353607.0479516,0.0020682160226717034
2016-04-18,0.00190338021613384,193595378.211846967337975065738944,0.92028554,101711353607.0472216,0.002068249617541356
2016-04-19,0.00191655102068381,194934998.570717084194048168640096,0.92666703,101711353607.0466016,0.002068219714997101
2016-04-20,0.00190081630437218,193334599.276036724508847417952288,0.91906977,101711353607.0457616,0.0020681958719762704
2016-04-21,0.00185163718514433,188332524.490168643309883369843828,0.89532765,101711353607.0451316,0.0020681112497132528
2016-04-22,0.00191353397909001,194628131.186319365763044923591416,0.92520983,101711353607.0447416,0.002068216221924501
2016-04-23,0.00193821586707773,197138559.423127281963467773200168,0.93713742,101711353607.0444616,0.002068230150363359
2016-04-24,0.00194241082320694,197565234.089351087983757964573104,0.93915204,101711353607.0443016,0.0020682602395315462
2016-04-25,0.00185553908962229,188729392.476264896395478925920564,0.89721074,101711353607.0438116,0.0020681195697928117
2016-04-26,0.00181999717398754,185114376.127263771345444515433864,0.88005663,101711353607.0419716,0.00206804552337449
2016-04-27,0.00181939043697009,185052664.083933321907372078525044,0.87980443,101711353607.0408116,0.0020679487110221643
2016-04-28,0.00192474525285726,196029910.691494056405249019657596,0.93039075,101847197908.6531746,0.002068749343066083
2016-04-29,0.00187831095707481,191300707.779188898768534045046326,0.90800162,101847197908.6526246,0.002068620711353808
2016-04-30,0.00188966486291795,192457071.31244284650796584928697,0.91348305,101847197928.6622366,0.0020686370293547867
2016-05-01,0.00188691806698163,192177317.843045893765366305914958,0.9121574,101847197928.6617466,0.0020686320880383474
2016-05-02,0.00185801809986671,189233937.172159984840357195776186,0.89820564,101847197928.6612966,0.0020685887697907464
2016-05-03,0.00186938683591066,190391811.082226529814154493442956,0.9036942,101847197928.6611166,0.0020686055481053877
2016-05-04,0.00186756238395144,190205995.762423078891146547969104,0.90284419,101847197928.6603466,0.0020685323166907015
2016-05-05,0.0018635295762669,189795265.59996689610991032003054,0.9008964,101847197928.6600166,0.0020685281640229662
2016-05-06,0.00182887354651629,186265646.078534202990623741565714,0.88419073,101847197928.6595866,0.0020684152010011347
2016-05-07,0.00180751889647782,184090734.809368475115974327370612,0.87387666,101847197928.6593566,0.002068391317921021
2016-05-08,0.0018207938330606,185442749.90300448770815638875196,0.88030422,101847197928.6589266,0.0020683688566897934
2016-05-09,0.00180286808122502,183617062.307785501348259445256332,0.87167039,101847197928.6585666,0.002068291067251946
2016-05-10,0.00176526429578844,179787222.129557811472436729191704,0.85352395,101847197928.6577066,0.002068207102786559
2016-05-11,0.00178835144272472,182138583.353184140412086231731152,0.86467935,101847197928.6571566,0.002068224993143088
2016-05-12,0.00179053651581356,182361126.924550986508414291085896,0.86574288,101847197928.6566966,0.0020682081911127703
2016-05-13,0.00176954059418337,180222751.138576551780492131983542,0.85561423,101847197928.6510966,0.002068152366029922
2016-05-14,0.00179419231970994,182733460.307562166881563456278404,0.86752383,101847197928.6501266,0.0020681764092981055
2016-05-15,0.0017764672591224,180928212.55360486558730515981584,0.85896047,101847197928.6496766,0.002068159503454682
2016-05-16,0.00170630488874853,173782371.730993009452602564166198,0.82507358,101847197928.6490366,0.0020680639037654438
2016-05-17,0.001683470738046,171456777.4648585734896553319836,0.8141365,101847197928.6482866,0.002067799119737292
2016-05-18,0.00170884175524709,174040744.475388580158115009067194,0.82639043,101847197928.6479666,0.002067838267738761
2016-05-19,0.00163031256112645,166042766.09860500737935853911357,0.78844691,101847197928.6470266,0.0020677518555135815
2016-05-20,0.00162990797049167,166001559.676143057458705852898822,0.78825114,101847197928.6461466,0.002067752125917217
2016-05-21,0.00162468386919182,165469499.597056523421735902357412,0.78574834,101847197928.6452766,0.002067689852442857
2016-05-22,0.00163080168250276,166092581.740223981936818136489016,0.78870442,101847197928.6438366,0.002067696897784293
2016-05-23,0.00157215670812821,160150293.630050635332095775767367,0.76039622,101866622329.7317227,0.002067549347007814
2016-05-24,0.00159575158185038,162553823.720423361499870370745626,0.77180774,101866622329.7309227,0.002067550633594812
2016-05-25,0.0015315057935132,156009322.26359879239114723061764,0.74077804,101866622329.7275127,0.0020674287179371573
2016-05-26,0.00147701238316807,150458262.612510781303663433794789,0.71448381,101866622329.7263027,0.0020672440193824264
2016-05-27,0.0014202678983197,144677893.60516586179553556781319,0.68723621,101866622329.7255027,0.002066637173148516
2016-05-28,0.00138878206861119,141470538.481510064154123171874113,0.67202882,101866622329.7248127,0.0020665513550612163
2016-05-29,0.00143979693841373,146667250.956867045565779479477071,0.6966989,101866622329.7120027,0.0020665985527086807
2016-05-30,0.00145454209997639,148169290.760947343335572393202953,0.70383066,101866622329.7025327,0.002066608038894455
2016-05-31,0.00153187433606969,156046864.448973638493045458164263,0.7412451,101866622329.7016927,0.00206662322094229
2016-06-01,0.00150028151100418,152945233.93953300995421761334745,0.7259705,101944356987.4846525,0.0020665874315887217
2016-06-02,0.00150999001147739,153934960.777586187879054589322975,0.73075276,101944356987.4840525,0.0020663486942935254
2016-06-03,0.00151957765917442,154912367.35708080239966815756345,0.73539171,101944356987.4829725,0.00206635135875331
2016-06-04,0.00151994435538394,154949749.96636921496293043495525,0.73558382,101944356987.4824125,0.002066310207018882
2016-06-05,0.00149282839619736,152185430.9429935149588933886734,0.72247235,101944356987.4817525,0.0020662775484727685
2016-06-06,0.00149570151923879,152478329.623997535579586658766675,0.7238621,101944356987.4814325,0.002066279639780547
2016-06-07,0.00149240499901608,152142267.9895961654797904084826,0.72230761,101944356987.4807825,0.002066162640894895
2016-06-08,0.00146940591503214,149797641.16155161437900775410095,0.71119141,101944356987.4802925,0.0020661187612377664
2016-06-09,0.00154086153821975,157082138.720550661832700439526875,0.74574249,101944356987.4792925,0.002066211271158426
2016-06-10,0.00157638616179923,160703673.628581860408137671999175,0.76293424,101944356987.4785725,0.0020662149883314057
2016-06-11,0.00159417309968173,162516951.573789132122489027480625,0.7713789,101944356987.4783125,0.002066653754311571
2016-06-12,0.00159553385093513,162655672.485335432393185859048525,0.77202766,101944356987.4773925,0.002066679645823998
2016-06-13,0.00154631808756352,157638403.1347675560582804812704,0.74823114,101944356987.4765825,0.0020666315592846353
2016-06-14,0.0017521736617636,178624217.278880751054505504933,0.84759518,101944356987.4755925,0.002067229383918394
2016-06-15,0.00165978130349261,169205337.724385348472105371832225,0.80300403,101944356987.4738725,0.002066965097911912
2016-06-16,0.00168488121890122,171764132.46114728736526524400605,0.81514493,101944356987.4686525,0.0020669713530589214
2016-06-17,0.00164264645731324,167458536.8485242958903192185271,0.79471931,101944356987.4581025,0.002066951735843993
2016-06-18,0.00172895425994757,176257130.291070980920596140984625,0.83643939,101944356987.4520125,0.0020670406972913722
2016-06-19,0.00182735799653418,186288835.94251565209865972488785,0.88397337,101944356987.4301825,0.0020672093284147012
2016-06-20,0.00171430699133591,174763923.910758892343957988579675,0.82933296,101944356987.4088925,0.0020670913541599866
2016-06-21,0.00168659249601421,171938587.505938777782856321494625,0.81596954,101944356987.3977125,0.0020669797257557064
2016-06-22,0.00161940374448137,165089073.434095914826700513794125,0.78349946,101944356987.3721125,0.0020668855910652064
2016-06-23,0.00164088674914913,167279144.531086533202597397212225,0.79388636,101944356987.3593825,0.0020669038187646027
2016-06-24,0.00181450205465695,184978245.214218324129837931903875,0.87773173,101944356987.3445725,0.0020672626870364475
2016-06-25,0.00181269774879448,184794306.413235562358829713363,0.87678878,101944356987.3309125,0.002067428085467152
2016-06-26,0.00208394368138463,212446298.596537843224721222706675,1.00751665,101944356987.3167725,0.0020683962705575435
2016-06-27,0.00299763288955786,305591757.40996207866813161826985,1.44682286,101944356987.3013225,0.002071872772011537
2016-06-28,0.00236439758937658,241036991.91128117647414322057785,1.14243239,101944356987.2845825,0.002069617082002183
2016-06-29,0.00201662656807378,205583698.76572401837370574708385,0.97499167,101944356987.2687325,0.002068352612770302
2016-06-30,0.00212314987688389,216608291.904341344326045767424544,1.02660382,102022139022.1652896,0.002068129725918894
2016-07-01,0.00204893842140113,209037080.476010747278450730996048,0.99083792,102022139022.1500496,0.00206788454503349
2016-07-02,0.00203416212289372,207529570.895418462773511251254512,0.98371525,102022139022.1320996,0.0020678363204125584
2016-07-03,0.00196294654922209,200264005.737721131448062251491964,0.94937926,102022139022.1171196,0.0020676105239776253
2016-07-04,0.00192174336369404,196060368.615611934922191553929184,0.94592434,102022139022.1106696,0.002031603673179654
2016-07-05,0.0018520077056079,188945787.61154106825885216457884,0.91173048,102022139022.1061796,0.002031310509228451
2016-07-06,0.001855606189825,189312912.66859786257199869482,0.91357425,102022139022.1013096,0.0020311498379305243
2016-07-07,0.00178281909750903,181887017.817312449256178030110588,0.87782899,102022139022.0951396,0.0020309412400575082
2016-07-08,0.00186844897607122,190623161.192412748558932913720912,0.9197926,102022139022.0862696,0.0020313807439538215
2016-07-09,0.0017756965917225,181160364.541740664663701479061,0.87426376,102022139022.0766996,0.0020310765159961565
2016-07-10,0.0018298589089997,186686120.00473741770335452594312,0.90090383,102022139022.0681896,0.0020311367851546373
2016-07-11,0.00179458513750926,183087414.385884488748155179852296,0.88357686,102022139022.0555996,0.002031045875861054
2016-07-12,0.00196919503619786,200901489.744493592921494265105856,0.96937856,102022139022.0422496,0.002031399411389767
2016-07-13,0.00214605407383638,218945027.069727684912028781673648,1.05572748,102022139022.0293896,0.002032772769954212
2016-07-14,0.00204326358762791,208458121.795598029386395270578936,1.00539501,102022139022.0161096,0.0020322993125139045
2016-07-15,0.00198268621040481,202277888.194922482557146561329176,0.97574137,102022139022.0003096,0.002031979243029134
2016-07-16,0.0019715713294208,201143924.26191533387341416583168,0.97033232,102022139021.9782496,0.002031851654102174
2016-07-17,0.00192227409400865,196114514.85721279360238985184254,0.94615265,102022139021.9340396,0.002031674375174714
2016-07-18,0.00199518413192484,203552952.881504365279122836626464,0.9818305,102022139021.8897096,0.002032106490809605
2016-07-19,0.00191241883368509,195109060.118215840825433426419164,0.94127826,102022139021.8454796,0.0020317252771620263
2016-07-20,0.00187691821651536,191487211.217880096075237470609856,0.92387174,102022139021.8005996,0.0020315787736026646
2016-07-21,0.00187429145962303,191219223.860946521351227905013288,0.92260264,102022139021.7537496,0.0020315262263102024
2016-07-22,0.00184904618101495,188643646.53707114181721796794102,0.91022963,102022139021.7110596,0.00203140627383768
2016-07-23,0.00216134341438475,220504878.2959207872137143729786,1.06318309,102022139021.6648696,0.0020328985992288024
2016-07-24,0.0022836753201126,232985440.98876920470487023328496,1.12303401,102022139021.6195496,0.002033487231711353
2016-07-25,0.00217705118696619,222107418.853739945713674292889424,1.07086764,102022139021.5706096,0.0020329787787463542
2016-07-26,0.00193274237180983,197182510.949575634906750164120668,0.95126436,102022139021.5256196,0.0020317615723665183
2016-07-27,0.00191503619368971,195376088.783758840711603955548716,0.9425858,102022139021.4702596,0.0020316836872459887
2016-07-28,0.00194466446040328,198398827.929341088968475727612288,0.95711821,102022139021.4523696,0.002031791308623498
2016-07-29,0.00201038599252738,205260354.390438362557371553760894,0.98933899,102099972419.9196863,0.00203204969464246
2016-07-30,0.001935499217219,197614416.6968349000519598791897,0.95260887,102099972419.9190963,0.002031787943795862
2016-07-31,0.00191403103221188,195422515.599701289528723055902844,0.94208772,102099972419.9186063,0.002031690883532459
2016-08-01,0.00188721609001698,192684710.741158136405082965577774,0.92894538,102099972419.9174663,0.002031568411500125
2016-08-02,0.00169443226945207,173001487.978472813315042671620241,0.83431478,102099972419.9164663,0.0020309268277041307
2016-08-03,0.00180709776466993,184504631.932871153803252299497159,0.88961797,102099972419.9046263,0.002031318864512067
2016-08-04,0.001908287901188,194836142.0804824494483893166844,0.93927659,102099972419.8784063,0.0020316570449051647
2016-08-05,0.00192510053410646,196552711.437674604893562484531298,0.94752514,102099972419.8326163,0.002031714466284726
2016-08-06,0.00194886518641931,198979081.783297225027923363287053,0.95914549,102099972419.7883463,0.0020318765054291293
2016-08-07,0.00190579557458345,194581675.602630535248835668570235,0.93801835,102099972419.7388163,0.0020317252584487818
2016-08-08,0.00184768522434965,188648610.446361576712940785120795,0.90952083,102099972419.6865263,0.002031493027322585
2016-08-09,0.00186928710929422,190854162.303314062571833703859586,0.99662632,102099972419.6323063,0.001875614833545857
2016-08-10,0.00188141381840274,192092298.968767353316506878128062,0.99713523,102099972419.5964263,0.0018868191212166277
2016-08-11,0.00189471986995312,193450846.465073666963853130538256,1.00416827,102099972419.5957863,0.001886854949074541
2016-08-12,0.00187676712468359,191617871.668197311506093806243817,0.99472035,102099972419.5950863,0.0018867283902290624
2016-08-13,0.00204828843906018,209130193.135417390723581645777534,1.08515405,102099972419.5938863,0.001887555448058439
2016-08-14,0.00201216007859751,205441488.528611544859680932992713,1.06611349,102099972419.5928463,0.0018873788742674196
2016-08-15,0.00203721506657089,207999602.109665182434298461985507,1.07931886,102099972419.5920163,0.0018875006655316763
2016-08-16,0.00201483452285697,205714549.213736804648590507523511,1.06752211,102099972419.5911863,0.00188739371670435
2016-08-17,0.00201388529959838,205735285.86845588953418041079143,1.06702799,102158392987.6665485,0.0018873781367238363
2016-08-18,0.00197329185320031,201588324.618597090689112256675035,1.04562885,102158392987.6660485,0.0018871819127793863
2016-08-19,0.00196565508769091,200808164.926531913427616823795835,1.04160148,102158392987.6654185,0.0018871469803315851
2016-08-20,0.00193636788385001,197816231.247042631973124816375285,1.02613431,102158392987.6650285,0.0018870511052788111
2016-08-21,0.00191998697146432,196142783.56204786267076028201632,1.01751656,102158392987.6645385,0.0018869343723155916
2016-08-22,0.00192229594846673,196378664.942048278446714653016305,1.01873895,102158392987.6586785,0.001886936735330214
2016-08-23,0.00187966539810314,192023596.42468182605572069885389,0.99622074,102158392987.6359885,0.0018867960910983843
2016-08-24,0.00188077486491352,192136937.77105939259831661411692,0.99680788,102158392987.6126085,0.0018867977497464407
2016-08-25,0.0018899650321117,193075790.48327065320625396164045,1.00168888,102158392987.5902385,0.0018867784896560897
2016-08-26,0.00189870886321449,193969046.217240772719272690112165,1.00631267,102158392987.5661085,0.001886798129267805
2016-08-27,0.0018756686706689,191615297.17261234413326035585365,0.99414506,102158392987.5411285,0.0018867152754034708
2016-08-28,0.00180202451756738,184091928.83879070302583990272953,0.9552838,102158392987.5178685,0.0018863760879933064
2016-08-29,0.0018209623427066,186026586.6216478767387775178321,0.9652931,102158392987.4936185,0.0018864346411536555
2016-08-30,0.00186280659911729,190301328.612275701286652881324865,0.98716662,102158392987.4695185,0.00188702348861562
2016-08-31,0.0018999455576505,194095384.93320929934368984630925,1.00672785,102158392987.4445685,0.0018872484332786662
2016-09-01,0.00190628352588101,194742861.582398499668589121857185,1.01007134,102158392987.4208685,0.0018872761263387693
2016-09-02,0.00189922769337744,194022049.07260108796067394120584,1.00634706,102158392987.3975485,0.0018872492094103598
2016-09-03,0.00190919061355932,195039844.98779969060129315618742,1.01160663,102158392987.3745185,0.0018872855880346696
2016-09-04,0.00195539056950691,199759558.243447986998041689673735,1.03598504,102158392987.3515085,0.0018874698900158927
2016-09-05,0.00192017507505474,196161999.92190707855543677014729,1.01740035,102158392987.3243085,0.0018873347891562452
2016-09-06,0.0019029227684295,194399532.00169754534997065245575,1.00829464,102158392987.2977985,0.0018872685551809538
2016-09-07,0.00193883798932878,198068573.25252622936115174008263,1.02727317,102158392987.2846085,0.0018873636009872428
2016-09-08,0.00196625075576772,200869017.41926267296415084670202,1.04176053,102158392987.2838785,0.0018874306514259282
2016-09-09,0.00201703016846619,206056560.617370272428972952776515,1.06848984,102158392987.2808185,0.001887739211882623
2016-09-10,0.00202533121587531,206904582.280783308872355346114635,1.07397068,102158392987.2739585,0.0018858347379421103
2016-09-11,0.00196230971311188,200466406.83481606922060669620218,1.04068074,102158392987.2677485,0.0018856020272959794
2016-09-12,0.00195134695305214,199346468.88439524611845896938979,1.03488942,102158392987.2611985,0.0018855608293416892
2016-09-13,0.00195849364272411,200076563.216450313465652890169335,1.03866499,102158392987.2550485,0.0018855874238373144
2016-09-14,0.00195643042794201,199865788.509902611452931534751085,1.03757867,102158392987.2444085,0.001885573098704901
2016-09-15,0.00233405246284646,238625005.20431292790671634022193,1.22183945,102236350297.4998455,0.0019102775432946282
2016-09-16,0.00208976393183029,213649837.373591650011874873966095,1.09450026,102236350297.4565555,0.001909331599272795
2016-09-17,0.00217663040936058,222530748.99939547129790614295439,1.13984812,102236350297.4156455,0.0019095793300607277
2016-09-18,0.00209871385511476,214564844.86546204773039554074038,1.09917423,102236350297.3726755,0.001909355039295963
2016-09-19,0.00213668670263781,218447050.206539724768005688279555,1.1189981,102236350297.3363655,0.0019094641024303884
2016-09-20,0.00205296522168856,209887671.55272348353426931609988,1.07532831,102236350297.2988855,0.001909152026034319
2016-09-21,0.0020853694688947,213200563.52116009023980584143485,1.0922152,102236350297.2746255,0.0019093027352985932
2016-09-22,0.00213437132563588,218210334.51213402277199483320654,1.11774093,102236350297.2585955,0.001909540277491565
2016-09-23,0.00207848528934475,212496750.129041042432837655353625,1.08856535,102236350297.2067755,0.0019093803503342725
2016-09-24,0.00224446479096568,229465888.59879342217449360141044,1.17507307,102236350297.1529455,0.0019100640192236556
2016-09-25,0.00248895158634441,254461326.254026242315857736499755,1.30223437,102236350297.0985555,0.0019112931156504568
2016-09-26,0.00241011798853593,246401666.933169802262999678169615,1.26121937,102236350297.0454055,0.0019109427319816139
2016-09-27,0.00258690855542353,264476089.258561923694778929412115,1.35290161,102236350296.9905955,0.0019121187648106425
2016-09-28,0.00317772100526725,324878597.840426601681799086242375,1.65564946,102236350296.9336155,0.0019193199297556926
2016-09-29,0.00309539923043126,316462320.03109110221916363907493,1.61330987,102236350296.8890555,0.0019186637905037177
2016-09-30,0.00282853608267209,289179205.775363762775845343035495,1.47535248,102236350296.8571055,0.0019171934307333051
2016-10-01,0.00274043229984765,280171796.571948615252075889066575,1.42964432,102236350296.8215355,0.0019168629997758115
2016-10-02,0.00286101330872792,292499558.83487310801570873555956,1.49214466,102236350296.7855555,0.0019173833378379815
2016-10-03,0.00276232311351741,282409833.458067013116660174007455,1.44105884,102236350293.7423755,0.0019168704544482097
2016-10-04,0.00258992482967979,264784462.121502700545240751960545,1.35174718,102236350293.7032355,0.0019159831572053215
2016-10-05,0.00248677397578829,254238695.289952974826755753577295,1.2983605,102236350293.7017355,0.0019153185696794456
2016-10-06,0.00230108288693871,235254316.083904969907419001066205,1.20192341,102236350293.7002355,0.0019145004313866473
2016-10-07,0.00238616909785283,244092617.177309422520500835990295,1.24591601,102294769216.8814365,0.0019151925801586176
2016-10-08,0.00231230923356588,236537139.40568430170416193225862,1.20780477,102294769216.8808365,0.001914472678863389
2016-10-09,0.00236480260238491,241906936.454442912494467098462775,1.23509255,102294769216.8805525,0.0019146764365026005
2016-10-10,0.00246064594888089,251711209.465220607494235733373445,1.21341028,102294769216.8797005,0.0020278762999114282
2016-10-11,0.00266388428857427,272501428.520174675130908201715315,1.31297095,102294769216.8789345,0.002028898117337836
2016-10-12,0.00262720059970258,268748879.03302036875785107913093,1.29453411,102294769216.8785585,0.0020294564503229506
2016-10-13,0.00252834886448483,258636863.592231938031169719765155,1.24617329,102294769216.8782785,0.0020288902713400557
2016-10-14,0.00247944388471573,253634139.973193942376834141787905,1.22220578,102294769216.8775485,0.00202866319672922
2016-10-15,0.00242802095353448,248373843.09555165031613855417508,1.19697345,102294769216.8771585,0.002028466841544798
2016-10-16,0.00241735040971169,247282302.277780458851138868913165,1.19173876,102294769216.8770285,0.0020284230830183705
2016-10-17,0.00228754010779435,234003387.401171935888906575800975,1.12826989,102294769216.8765485,0.0020274759860819734
2016-10-18,0.0023816827379325,243633686.02461761217586676012625,1.17450324,102294769216.8739685,0.002027821343372795
2016-10-19,0.00235908304710433,241321855.866967728000848179140405,1.16332969,102294769216.8699285,0.0020278714343689875
2016-10-20,0.00268038024869895,274188878.954103693203806742155575,1.32054538,102294769216.8655185,0.0020297524714364226
2016-10-21,0.00246337198056183,252086068.801515857036240307306111,1.21412831,102333740413.8297017,0.0020289222813376535
2016-10-22,0.00239144983284436,244726006.406982247555019851864612,1.17911219,102333740413.8259717,0.0020281783643033664
2016-10-23,0.00242377621843529,248034086.358557383902504338652193,1.19496285,102333740413.8241817,0.002028327674316645
2016-10-24,0.00245616583211327,251348636.676776740004318732110859,1.21096345,102333740413.8212917,0.002028274125130094
2016-10-25,0.00234529184021833,240002486.371549280822585121476161,1.15659846,102333740413.8185017,0.002027749405976496
2016-10-26,0.00230420640753624,235798060.368666190372779126684408,1.13645995,102333740413.8164717,0.002027529793316729
2016-10-27,0.00217195376957215,222264153.246201689784418089967155,1.07166926,102333740413.8142317,0.0020267015679559107
2016-10-28,0.00208789951302813,213662566.776346251527567608616721,1.03043691,102333740413.8125317,0.0020262274116599048
2016-10-29,0.00194051641975584,198580303.568028175888386505703328,0.95812524,102333740413.8090117,0.002025326480028686
2016-10-30,0.00212274298420079,217228229.510434680243071797050543,1.0475971,102333740413.8074817,0.002026297117661733
2016-10-31,0.00206568393733445,211389163.820152620079872710336065,1.01958644,102333740413.8061517,0.00202600177512605
2016-11-01,0.00198623494342311,203258851.101088030992582817734387,0.98052216,102333740413.8044117,0.0020256910291788915
2016-11-02,0.00201677673494048,206384306.865995859116948906742816,0.99563385,102333740413.8028017,0.0020256208996314055
2016-11-03,0.00200750453756331,205435448.226530885764258564340127,0.99108181,102333740413.8007517,0.002025568946284374
2016-11-04,0.00200581245018608,205262290.596110798624197600949936,0.99025083,102333740413.8001717,0.002025559978764249
2016-11-05,0.00201913495132058,206625631.968868634844340915783786,0.99680347,102333740413.7988617,0.0020256098740512813
2016-11-06,0.00197686241375067,202299725.082549669836907346160139,0.97603135,102333740413.7952017,0.002025408726626117
2016-11-07,0.00202549488540152,207276467.812146921672108390320984,0.99991253,102333740413.7941717,0.002025672070937565
2016-11-08,0.00200103005774083,204772890.489047718894713914515411,0.98790025,102333740413.7932017,0.002025538568029343
2016-11-09,0.00195015364200349,199566516.567792459604776678785133,0.96288158,102333740413.7900817,0.0020253307182421017
2016-11-10,0.00193983411106081,198623987.828271119486874393601834,0.96108733,102392254417.9060714,0.0020183744499688806
2016-11-11,0.00189574748355855,194109858.64862975630541142509447,0.93932391,102392254417.9047514,0.002018204224737077
2016-11-12,0.00187649294883074,192138343.430079369465750118256636,0.92988089,102392254417.9036414,0.0020179928085528676
2016-11-13,0.00188055206546515,192553965.53321779856685727437621,0.93188232,102392254417.9015014,0.0020180145337075927
2016-11-14,0.00186855204676102,191325256.565039879148506542631228,0.92596095,102392254417.8987914,0.002017959879151513
2016-11-15,0.00184278712831989,188687128.480952115422489579208846,0.91329554,102392254417.8949014,0.0020177336334303024
2016-11-16,0.00174058502264376,178222424.474511400891244995929264,0.86291063,102392254417.8915514,0.0020171092603688983
2016-11-17,0.00177223948524198,181463596.262328362825096856405972,0.87852838,102392254417.8906414,0.0020172819974717034
2016-11-18,0.00179919397346836,184223527.078505238852066809833304,0.89181829,102392254417.8891614,0.0020174445777158935
2016-11-19,0.00176450379277446,180671521.271090942328306416831844,0.87471379,102392254417.8880614,0.002017235595170461
2016-11-20,0.00174994146537783,179180451.739377256904693602531362,0.86753433,102392254417.8872814,0.00201714376580098
2016-11-21,0.00173574292586857,177726631.269581241890649980092498,0.8605189,102392254417.8864514,0.0020170886727398666
2016-11-22,0.00170440385916736,174517753.578687419683358185643904,0.84506912,102392254417.8838614,0.0020168810087006373
2016-11-23,0.00171967753762712,176081659.949432627169543315907568,0.85233476,102392254417.8818314,0.0020176081257405483
2016-11-24,0.0016723646114423,171237182.77425928169335661078722,0.82900128,102392254417.8801614,0.002017324522638011
2016-11-25,0.0016868090839926,172716184.88255790713786570098164,0.83612629,102392254417.8779214,0.0020174094561631354
2016-11-26,0.00164635291321738,168573786.351764182923058975565932,0.81616828,102392254417.8753214,0.002017173361867702
2016-11-27,0.00163937360730084,167859159.484692407137068611810376,0.81271478,102392254417.8721314,0.0020171573689121785
2016-11-28,0.00161946973351783,165821156.976396389957202423691162,0.80289212,102392254417.8691414,0.0020170452457770167
2016-11-29,0.00164716703799052,168657146.422649082006953657723928,0.81656592,102392254417.8666114,0.002017188077100401
2016-11-30,0.00161162257207183,165017668.425154161819073104906062,0.79889378,102392254417.8658514,0.002017317711588429
2016-12-01,0.00156010706392987,159742879.409015019238430084402518,0.77343528,102392254417.8646114,0.002017113912789019
2016-12-02,0.00150227663673709,153821491.594796230703273522825226,0.74481093,102392254417.8633714,0.002016990589460187
2016-12-03,0.00158956795404656,162759446.365215348593450278745184,0.78809846,102392254417.8617514,0.0020169661974045227
2016-12-04,0.00152367255953115,156012268.36502688182313388162461,0.75556477,102392254417.8609414,0.002016600852804651
2016-12-05,0.00151398110944675,155019938.94230518035240405207045,0.75077007,102392254417.8597414,0.0020165709448789694
2016-12-06,0.00260981719304326,267225066.014181592486665042450564,1.29028744,102392254417.8565014,0.0020226634098238295
2016-12-07,0.00274431338738645,280996434.56358607038631858623403,1.35679718,102392254417.8503414,0.0020226408396474185
2016-12-08,0.00239471519455374,245200287.459027915741695806578636,1.18545897,102392254417.8459114,0.0020200742962480935
2016-12-09,0.00253966352670699,260041873.962297137385878071115286,1.25656154,102392254417.8424514,0.0020211214857865137
2016-12-10,0.00221449134129424,226746760.823902047964607626386336,1.09692281,102392254417.8393114,0.002018821489630834
2016-12-11,0.00235649020006288,241286344.097976233021727822859232,1.16667449,102392254417.8362414,0.002019835198473295
2016-12-12,0.0022846964203026,234113779.60221618183960183956544,1.13146957,102470410301.2550944,0.0020192292226671195
2016-12-13,0.00214537999479027,219837968.318256060750332322717288,1.06298038,102470410301.2516344,0.002018268667188636
2016-12-14,0.00211991869590075,217228938.5742385895557342577208,1.05046303,102470410301.2490144,0.002018080251620802
2016-12-15,0.00282221938006195,289193977.83507378301912820993458,1.39504759,102470410301.2451644,0.0020230273148330014
2016-12-16,0.0031092151540644,318602552.55181318495160429384736,1.53391141,102470410301.2403144,0.0020269848270210076
2016-12-17,0.00274838444766675,281628082.0179505138221803394837,1.35774202,102470410301.2370044,0.0020242317076308433
2016-12-18,0.00289834169860849,296994263.049587765606403211386356,1.43099519,102470410301.2341044,0.002025402823756864
2016-12-19,0.00284840118966625,291876838.607612901722879551944,1.40658421,102470410301.2302144,0.0020250484609565258
2016-12-20,0.00288027230040189,295142684.401442991804544570348116,1.42215371,102470410301.2278244,0.0020252890247720763
2016-12-21,0.00279993976240208,286910976.272056989671982703609152,1.38290829,102470410301.2255044,0.002024674942401336
2016-12-22,0.0027457138769373,281354427.53952740766960076388412,1.35639858,102470410301.2232044,0.002024267731788174
2016-12-23,0.00253208772007057,259464067.594313378341911901818308,1.25187057,102470410301.2205444,0.0020226433792357385
2016-12-24,0.00268421020082255,275052120.61300442845861265432422,1.32633326,102470410301.2191044,0.0020237826206835454
2016-12-25,0.00260886881654452,267331858.053369301919549551135488,1.29011845,102470410301.2177344,0.0020221932463213126
2016-12-26,0.0027210360189354,278825677.30469788059728449777776,1.34486412,102470410301.2160344,0.002023279510896164
2016-12-27,0.0025193809202742,258161996.60553329349359539248648,1.24615518,102470410301.2084044,0.0020217232658569857
2016-12-28,0.00250555688720908,256745442.265292661042162561894752,1.23965389,102470410301.1923144,0.0020211745451055533
2016-12-29,0.00254461463100793,260747705.297781654449092905308792,1.25877013,102470410301.1852344,0.002021508590299906
2016-12-30,0.00254627454120282,260917796.976509678604860213578008,1.25958309,102470410301.1830844,0.002021521693501633
2016-12-31,0.00246398915829097,252485980.027737423282051263689068,1.21926241,102470410301.1810444,0.002020885035150858
2017-01-01,0.00246669713231392,252763467.236950596260006174770048,1.22059321,102470410301.1796444,0.0020209002574362346
2017-01-02,0.00246022788836698,252100561.155363253269361201340512,1.2174096,102470410301.1772144,0.002020871108924211
2017-01-03,0.0025238570601801,258620668.49816874960011083735644,1.24850498,102470410301.1736444,0.002021503398552803
2017-01-04,0.00267566046836226,274176026.019694395255926745004944,1.32259694,102470410301.1673544,0.0020230354293442263
2017-01-05,0.00257550438684126,263912991.252071551322173449853344,1.27371534,102470410301.1639344,0.0020220408013938655
2017-01-06,0.00245309914002985,251370075.38828144048154304153434,1.21376477,102470410301.1599844,0.0020210663554107353
2017-01-07,0.00236962331622652,242816273.472920432846434893931888,1.17306509,102470410301.1572644,0.002020027137817664
2017-01-08,0.00235833374075243,241659426.041944950750134963759192,1.1675351,102470410301.1489544,0.002019925345929583
2017-01-09,0.00235449289204055,241265852.69852897618081258893492,1.16564376,102470410301.1468344,0.0020199077735727337
2017-01-10,0.0023370316381463,239476590.84760772619633165891672,1.15707956,102470410301.1447144,0.0020197674550108727
2017-01-11,0.00211454095467268,216677879.223878946127430910372192,1.04783416,102470410301.1424344,0.00201801108934326
2017-01-12,0.00249399084884011,255560265.567933413982396970648084,1.23401597,102470410301.1395644,0.0020210361206590465
2017-01-13,0.0023949280854879,245409263.56166146481128733429376,1.18532692,102470410301.1369344,0.0020204789455789125
2017-01-14,0.00247799817376487,253921489.591146985458402327145428,1.22603728,102470410301.1340044,0.002021144229615
2017-01-15,0.00245768806514011,251858533.948160138420984167579711,1.21606446,102477827646.4478701,0.002021017919675171
2017-01-16,0.00238326400224568,244276047.521399042843097759181528,1.17955725,102496428130.1714221,0.002020473361717441
2017-01-17,0.00252520797137125,258824797.351381067448665029279625,1.24909876,102496428130.1681621,0.002021623951793251
2017-01-18,0.00248530513574947,254858592.395798827017067128299871,1.22942351,102546197941.5833493,0.002021520749793918
2017-01-19,0.0023661086902683,242635450.10354039349818362982019,1.17102413,102546197941.5777593,0.0020205464854667855
2017-01-20,0.00234558534234545,240530858.805012747699201217018685,1.16096977,102546197941.5746893,0.0020203672851408097
2017-01-21,0.00231795530563092,237697503.590941866089229445918356,1.14742887,102546197941.5704993,0.0020201298452869852
2017-01-22,0.00234790838521214,240769078.018630973411959027686302,1.16211932,102546197941.5678193,0.0020203677409064503
2017-01-23,0.00233950518225693,239907361.505033295912773024138349,1.15801312,102546197941.5637393,0.002020275195376828
2017-01-24,0.00224131082044014,229978494.952395707750070369734334,1.10982013,102608925480.1497881,0.002019526191546138
2017-01-25,0.00214639055413942,220238828.420981557850822437310102,1.06325045,102608925480.1462481,0.0020187064620000115
2017-01-26,0.00218055917805886,223744834.206480924970098010979166,1.08001857,102608925480.1418481,0.002019001560370263
2017-01-27,0.00219450223533581,225175516.331548813244421699216761,1.08686021,102608925480.1290781,0.00201912096435641
2017-01-28,0.0021964956098961,225380054.35322908559859027295641,1.08783827,102608925480.1151881,0.0020191380193823297
2017-01-29,0.00221476509385036,227254666.470805400027308887092716,1.09679922,102608925480.0941881,0.0020192985675631316
2017-01-30,0.00244704626326035,251088787.673190306036120436324335,1.21060052,102608925480.0803381,0.0020213490931429217
2017-01-31,0.00235975797671072,242132230.383322632581220611392032,1.16786974,102608925480.0749181,0.0020205660750408005
2017-02-01,0.00234507072893191,240625187.670467666425921202133871,1.16067101,102608925480.0699481,0.0020204439576137173
2017-02-02,0.0024139001523387,247793345.21866411552650086648346,1.19453878,102652690492.8483758,0.0020207800640333336
2017-02-03,0.0023699962301927,243286489.48716631700114439885566,1.17277664,102652690492.8389458,0.0020208419483804694
2017-02-04,0.00236645391116711,242922860.908586860568426231534738,1.17104277,102652690492.8310558,0.002020809121401356
2017-02-05,0.00230567991508761,236684246.699006189689889355131238,1.14135234,102652690492.8227158,0.0020201298357066582
2017-02-06,0.00234327322902887,240543301.519606996963960416048346,1.15976119,102652690492.8180758,0.002020479085896011
2017-02-07,0.00230428408143268,236952834.095565899884047120138172,1.1581694,102831432983.8365079,0.0019895915756647344
2017-02-08,0.00220947385664948,227203362.819571985518445002742092,1.11111553,102831432983.8284479,0.0019885185626462086
2017-02-09,0.00212851893380668,218878652.096534353535184988943972,1.07083555,102831432983.8203479,0.0019877178468782437
2017-02-10,0.00215285869505833,221575375.138668156761282681901697,1.08289568,102921466999.7952409,0.001988057330747067
2017-02-11,0.00213282622821574,219513604.263575905733683984861166,1.07292761,102921466999.7820509,0.0019878565975347956
2017-02-12,0.00211934681065385,218126282.833782367999873584480965,1.0662351,102921466999.7720509,0.00198769184268446
2017-02-13,0.00209464711271996,215584153.687953428020127853381164,1.05384114,102921466999.7616709,0.0019876308043164457
2017-02-14,0.00210904584288106,217066092.119043363961609569804954,1.06111683,102921466999.7502009,0.00198757175765562
2017-02-15,0.00224131828945645,230679766.364197253690943638129805,1.12690017,102921466999.7362209,0.0019889235525241333
2017-02-16,0.00215596928028957,221895521.133727152385253279238813,1.08445886,102921466999.7172609,0.001988059999149779
2017-02-17,0.00211347269456334,217712632.503828059890226402848446,1.06325678,103011802832.3092169,0.0019877349802211843
2017-02-18,0.00203295246879404,209418098.882838934984288804717276,1.02320616,103011802832.2949669,0.001986845416171107
2017-02-19,0.00205396764643691,211582910.218651640056028579086579,1.03367195,103011802832.2850969,0.001987059479012573
2017-02-20,0.00206161829120303,212371016.928822410165176232671507,1.0374806,103011802832.2770269,0.0019871391245320923
2017-02-21,0.00203078791055861,209195123.836605839523183526807209,1.02214551,103011802832.2624869,0.0019867894450356777
2017-02-22,0.00203569819719541,209722418.051328042699161325864928,1.02459182,103022352891.1424608,0.0019868382290963538
2017-02-23,0.00196719868757479,202872978.018377953166463274775742,0.99051662,103127853480.0593298,0.001986032993141286
2017-02-24,0.00189554055535419,195483028.658047798032108709534962,0.95509331,103127853480.0438198,0.0019846653049576802
2017-02-25,0.00189865093161028,195803795.084832484847979921525544,0.95667468,103127853480.0326698,0.001984635917833929
2017-02-26,0.00189805418545471,195742253.934714508230430148232058,0.95639171,103127853480.0212998,0.001984599161210536
2017-02-27,0.00178472120739616,184054467.179017620566494076351168,0.89991579,103127853480.0099398,0.001983209126040738
2017-02-28,0.00184623938776737,190398705.070684256056103844072726,0.93059259,103127853480.0032598,0.001983939489317629
2017-03-01,0.0017311265881429,178527369.13731825266601572057042,0.8732509,103127853479.9913098,0.001982393133683458
2017-03-02,0.00179861148887118,185658388.863195012486489152528076,0.90703097,103223175217.0755882,0.001982965905641766
2017-03-03,0.00178896421481535,184662566.60292068749093146522537,0.90207602,103223175217.0519782,0.0019831634753081566
2017-03-04,0.00175000934558315,180641521.31059016223351555945183,0.8826359,103223175217.0418082,0.0019827080969436546
2017-03-05,0.0017420427145515,179819180.3597034551992285342323,0.87866624,103223175217.0319482,0.0019825988927849327
2017-03-06,0.00183910366033962,189838119.373505533574170071327084,0.92708259,103223175217.0233182,0.0019837538534076236
2017-03-07,0.00201932066624458,208440690.951097242679245021912156,1.01674521,103223175217.0117782,0.0019860636139555354
2017-03-08,0.0018146535433455,187487459.3218982904948610548051,0.91494668,103318597651.5637922,0.0019833434920442576
2017-03-09,0.00177377972845185,183264434.08638393778924997736207,0.89458998,103318597651.5452822,0.0019827851508596706
2017-03-10,0.00168187887098585,173947246.395042339391859087452715,0.848872,103424360336.4143779,0.001981310340058159
2017-03-11,0.00176418892864377,182460111.457535951176170853231383,0.88994955,103424360336.3972879,0.0019823471214112866
2017-03-12,0.00184233563193601,190542384.257920269247810550912179,0.92886315,103424360336.3897779,0.001983430639848303
2017-03-13,0.00195289305722397,202183083.451173234040301345311755,0.98381221,103530033405.1961415,0.00198502624522618
2017-03-14,0.00190294388619629,197011844.106064555282538587265635,0.95895298,103530033405.1692815,0.0019843974896415566
2017-03-15,0.00192615371203641,199414758.150583512006906005380215,0.97053732,103530033405.1501615,0.0019846261162181893
2017-03-16,0.00196410931531933,203344303.026351156193326596735395,0.99409612,103530033405.1370815,0.0019757740482070586
2017-03-17,0.00186695811677847,193286236.196043049127048927912205,0.94560039,103530033405.1243515,0.001974362676371644
2017-03-18,0.00182868177320841,189636265.307644506046389657046434,0.9266203,103701074777.4496274,0.0019734963427937096
2017-03-19,0.00185765177529552,192640485.660362839327381627959648,0.94060568,103701074777.4388974,0.0019749527509716077
2017-03-20,0.00193274325633375,200427552.95063243709697329111975,0.97822332,103701074777.4262074,0.0019757689443896612
2017-03-21,0.00215766366169062,224005588.52528609100218379173076,1.09048356,103818585121.727598,0.001978630160816565
2017-03-22,0.0019194822722679,199277933.6711354034895490276022,0.97161541,103818585120.708218,0.001975557666657325
2017-03-23,0.00214053089557457,222226888.98567124328589042621356,1.08180378,103818585120.688108,0.001978668345542821
2017-03-24,0.00207260430840663,215174846.81377107828995982126384,1.04792224,103818585120.665168,0.001977822618218915
2017-03-25,0.00198655475889547,206347987.416868340311370272351725,1.00499915,103872287684.4323175,0.001976673073699087
2017-03-26,0.00199227270871171,207109912.550594147374397584127637,1.00786139,103956607770.0880647,0.001976732840923403
2017-03-27,0.00184511819866458,191812228.867987437965253845977326,0.93446143,103956607770.0676147,0.0019745257957458767
2017-03-28,0.00204767270902208,213069276.21307029208776570879648,1.03534537,104054361458.3929935,0.001977767775232414
2017-03-29,0.00194758074870604,202948898.43907171437976431908956,0.98558101,104205640035.161389,0.0019760737361468033
2017-03-30,0.00229138536542598,239138921.79901875353129247479841,1.15594934,104364340196.6834295,0.001982254140502368
2017-03-31,0.00232709808429113,242866056.139953164009068721637435,1.1735462,104364340196.6590995,0.0019829624809752948
2017-04-01,0.00267260681240379,279553849.595389648029683514813975,1.3368526,104599692067.6685525,0.0019991783779332068
2017-04-02,0.00428317284318849,448018560.470002911438881676090825,2.10854249,104599692067.6420425,0.002031342912700085
2017-04-03,0.00303475450820178,317493798.969109972122057142013652,1.5121034,104619269239.4214234,0.00200697552045831
2017-04-04,0.00295878009108565,309545410.96941625739887303734521,1.47523904,104619269239.3831634,0.002005627570082236
2017-04-05,0.00312135544376047,326553925.562403984742095285922498,1.55177565,104619269239.3232734,0.002011473400655868
2017-04-06,0.00282816557550886,296345980.937316069286764043076412,1.16148375,104783815878.2467242,0.0024349592282361765
2017-04-07,0.00271008175491578,283984852.673283467562387914514936,1.13916414,104788297311.7572012,0.0023790090117441548
2017-04-08,0.00293334382185823,308127924.509555648620780232271576,1.22972241,105043235032.1487912,0.002385370712938565
2017-04-09,0.00279740875506098,293848865.338647577383008281025176,1.17408964,105043235032.0724012,0.0023826194012417827
2017-04-10,0.00285054371548304,299486226.326583069492023856981264,1.19553285,105062842818.3335241,0.002384329059199871
2017-04-11,0.00282279378170115,296626071.526087983464231750363355,1.18451989,105082444721.6002377,0.0023830699725110992
2017-04-12,0.00305539459475014,320762794.240498536397208547087678,1.20123091,104982444752.5179477,0.0025435530915118893
2017-04-13,0.00307146757143373,322450174.627067638281890580090921,1.20732732,104982444752.4774477,0.0025440222552354152
2017-04-14,0.00313204144923462,328809368.406629168396934267027174,1.23028484,104982444752.4411377,0.0025457856159835472
2017-04-15,0.00338586026293416,355455887.992853516002495640509032,1.32670788,104982444752.4063577,0.0025520766959898963
2017-04-16,0.00374091216007692,392730104.168732391946542086079084,1.46128601,104982444752.3667977,0.0025600136691084317
2017-04-17,0.00353038662904193,370628619.237709387755874201406361,1.3815454,104982444752.3159577,0.0025553895145551714
2017-04-18,0.00365495739361745,383777967.022938760089195031745305,1.42869504,105002035781.0790089,0.002558248815378718
2017-04-19,0.00351406993794589,368984497.361282595377732420707521,1.374529,105002035781.0431989,0.002556562966620486
2017-04-20,0.00338779775744893,355725661.346464667345974511811277,1.3266944,105002035781.0060689,0.002553563019071257
2017-04-21,0.00346610490791612,363948071.561619822220920618554668,1.35637817,105002035780.9745189,0.002555411893658035
2017-04-22,0.00350556928347323,368091911.335841709430830045814747,1.37132358,105002035780.9461089,0.002556339973001288
2017-04-23,0.00356763244777411,374608669.934335454028400301852479,1.39478523,105002035780.9163989,0.0025578364116847657
2017-04-24,0.00385452639161019,404733118.090202948796252501701691,1.50306824,105002035780.8809089,0.0025644387187704733
2017-04-25,0.00382793742001621,401941221.943386875397106974822469,1.49303488,105002035780.8474289,0.00256386335730898
2017-04-26,0.00388524538749683,399639663.469811118418187374736086,1.52072677,102860855264.3541842,0.00255486091528252
2017-04-27,0.00402360131876949,413871072.891272387909172120039858,1.57290214,102860855264.3192042,0.0025580747946401102
2017-04-28,0.00461834131657046,475046537.724789624851660048817332,1.79587097,102860855264.2780942,0.002571644284984717
2017-04-29,0.00512130749054703,526782068.548686885545470882811226,1.98213065,102860855264.2127942,0.0025837386100391662
2017-04-30,0.00497556536594568,511790908.963892760829419269176656,1.92799452,102860855264.1573642,0.0025806947656395207
2017-05-01,0.00514524099988733,529243889.788315604761806232798786,1.99068666,102860855264.0984042,0.002584656391823779
2017-05-02,0.0049462181107947,508869146.71306604950111931432382,1.90534432,102880450338.9170106,0.0025959707433849542
2017-05-03,0.00524239498334722,539339956.741097274975334202614932,2.01253636,102880450338.8895306,0.0026048696995204703
2017-05-04,0.00663654512773523,682770751.435502060153925090368738,2.49528051,102880450338.8501206,0.0026596389067837624
2017-05-05,0.0106349301563551,1094126403.80669615551108618057906,3.78688839,102880450338.7246606,0.0028083558481519174
2017-05-06,0.0212335108792586,2184513161.52796538981958677521516,7.13055249,102880450338.6131006,0.002977821271077776
2017-05-07,0.0426936777818004,4392344796.78956303600869485594024,3.72118808,102880450338.2921506,0.011473130856046492
2017-05-08,0.0400381918983591,4119147213.22998294336048110522646,3.50346055,102880450338.1882106,0.011428184027463675
2017-05-09,0.0280758495585994,2889006383.26404479431079354426102,2.5225157,102900052133.2101983,0.011130099035101901
2017-05-10,0.0318004294902054,3272265852.39810225121804183977882,2.83381701,102900052133.1313183,0.011221765335583682
2017-05-11,0.0368569316733288,3792580190.65001526545930276827704,3.25421861,102900052133.0559683,0.01132589296861307
2017-05-12,0.0401008878557122,4126383450.93137217853837034014326,3.50703805,102900052132.9750683,0.011434403415073355
2017-05-13,0.0376996458279981,3879295521.09160672022459508609123,3.30296978,102900052132.8664783,0.011413863383272643
2017-05-14,0.0388124256991451,3993800627.84262022459848200087333,3.39453986,102900052132.8041983,0.011433781101378819
2017-05-15,0.04316375058481,4441552185.421503216556364798323,3.70985612,102900052132.7392483,0.011634885340192117
2017-05-16,0.0501159261990999,5156931418.56413123446035441511017,4.2395191,102900052132.6641983,0.011821134665745437
2017-05-17,0.0482890884467485,4969897179.84631145592848091408145,4.09397993,102919672739.8765957,0.011795145377458776
2017-05-18,0.0459047672295567,4724503620.46108026825344343325119,3.90786968,102919672739.7653457,0.011746749760999374
2017-05-19,0.0496203180356713,5106906893.46878641645281293838341,4.19347905,102919672739.6528957,0.011832733022875434
2017-05-20,0.0535158312078052,5507831834.29509272736471564904564,4.48046438,102919672739.6020357,0.011944259940262086
2017-05-21,0.062551576612252,6437787794.2751121149807756532364,4.88002401,102919672739.5379557,0.012817882962066002
2017-05-22,0.0511076809308897,5259985795.88116025175387635682429,4.10610165,102919672739.4844957,0.012446764665674969
2017-05-23,0.0551911252462092,5680252548.46078776376522716466044,4.40165252,102919672739.4307957,0.012538728351553112
2017-05-24,0.0509538690841783,5244155530.94801860581262322892231,4.0930939,102919672739.3638257,0.012448741790208698
2017-05-25,0.0406151812576227,4180897883.64767025484330756060869,3.32353563,102939289058.6446647,0.012220474151385193
2017-05-26,0.0412272023180013,4243898896.48939025119739845159611,3.36941801,102939289058.5823047,0.01223570426573499
2017-05-27,0.0330913735657452,3406402468.82798300536796134383444,2.7447618,102939289058.5281647,0.012056191384529324
2017-05-28,0.0366485448684354,3772575153.78340885672304420753838,3.06913583,102939289058.4489847,0.01194099801977008
2017-05-29,0.0377556866377353,3886543540.39719361328780932718091,3.16317879,102939289058.3202547,0.011935995131573104
2017-05-30,0.0310476963295094,3196027787.05407890205286530094418,2.62327463,102939289058.1837547,0.011835473104662852
2017-05-31,0.0342614621230139,3526850553.03328004587417425665833,2.87928177,102939289058.0768747,0.01189930852895092
2017-06-01,0.0424352549341558,4368254973.91381154448895841980826,1.44338272,102939289057.9252247,0.02939986349161489
2017-06-02,0.0405926771219757,4178581323.88961024594313634902879,1.38175183,102939289057.8149947,0.029377690147134237
2017-06-03,0.0389708761008799,4011634279.78153637231897706973453,1.32820616,102939289057.7320147,0.029340984309905553
2017-06-04,0.0398924143223338,4107281290.54625244498559978667236,1.35896187,102958954987.2590122,0.029355065217785543
2017-06-05,0.0412485322844307,4246905778.76115301817206318140654,1.40341912,102958954987.2093722,0.02939145669073591
2017-06-06,0.0442758771477983,4558598042.27690400316301034218926,1.50285788,102958954987.1535122,0.029461120533764838
2017-06-07,0.048039836851401,4946131399.9709465925206059314822,1.62565294,102958954987.0984022,0.0295511026181277
2017-06-08,0.0502783229285548,5176603587.22449347001692752367656,1.69819737,102958954987.0312222,0.029606878338620204
2017-06-09,0.0469551519343532,4834453374.41637723128711776609304,1.59003612,102958954986.9906322,0.029530871244832602
2017-06-10,0.042502270986016,4375989405.2925692159321526233152,1.44422872,102958954986.9546322,0.029429044304018548
2017-06-11,0.0458230657702089,4718795156.54399756016609162592494,1.5533645,102978599908.7787646,0.029499235865251782
2017-06-12,0.0401281173520078,4132337341.88377027855046358736388,1.36621084,102978599908.7497646,0.029371833524617474
2017-06-13,0.0414471740266567,4268171951.43798735219935832430582,1.40970545,102978599908.7155546,0.029401300836750473
2017-06-14,0.0390482304682266,4021132102.52948980106375787681636,1.33030514,102978599908.6813946,0.0293528374010692
2017-06-15,0.0364229137636632,3750780663.97572615151030449791472,1.24343039,102978599908.6552746,0.029292282106490253
2017-06-16,0.0370755432063455,3817987530.2415004726208592908843,1.26498344,102978599908.6332946,0.02930911349032798
2017-06-17,0.0403081853530433,4150880492.51318302914135319333018,1.37214421,102978599908.6110746,0.02937605614576277
2017-06-18,0.0382274170731324,3936605888.31300736185718330988904,1.30334607,102978599908.5927046,0.029330212407156303
2017-06-19,0.0418292828794039,4308342624.1892237338698530887539,1.39596457,102998242561.566501,0.029964430171321537
2017-06-20,0.0415514421102795,4279725513.2560376042646489021045,1.38706385,102998242561.532351,0.029956401870237986
2017-06-21,0.0385233602634047,3967838404.6942040086264729729347,1.28933351,102998242561.499901,0.029878506968615666
2017-06-22,0.0394893593619067,4067334614.1547161901430163058347,1.32087171,102998242561.469841,0.02989643813471234
2017-06-23,0.0400354597541175,4123581994.8134085658917111068925,1.33838649,102998242561.441131,0.029913227646311265
2017-06-24,0.0369279762580603,3803516655.9301833149174556757133,1.23755207,102998242561.423511,0.02983953334429015
2017-06-25,0.0322882842054771,3325636528.4871908939737429370811,1.08717994,102998242561.401241,0.02969911696998116
2017-06-26,0.0297781546028917,3067681538.48220213715475495792308,1.10150568,103017852495.9469924,0.02703404543759747
2017-06-27,0.0289807997898701,2985539757.96506932269591630225513,1.07956753,103017852495.8662413,0.026844823491375385
2017-06-28,0.0320383263519624,3300519578.29107883477532134139112,1.16546825,103017852494.3116013,0.027489660359226776
2017-06-29,0.0292127900287922,3009438894.13137402382283723099986,1.06528983,103017852494.2418513,0.027422387040710035
2017-06-30,0.026831944375121,2764692700.5537596082372007305643,1.01673909,103037359570.4538683,0.026390196500776814
2017-07-01,0.0243543215632606,2509404988.00682595206152762379098,0.92575363,103037359570.3998883,0.02630756258904499
2017-07-02,0.0257376462511839,2651939111.27778799233250662648708,0.9775222,103037359570.3531772,0.0263294749225991
2017-07-03,0.0261489844613451,2694322314.34225457262019069501272,0.99815596,103037359570.3172872,0.02619729331811544
2017-07-04,0.0258622118190352,2664774018.48074484775391215774144,0.98744856,103037359570.2826972,0.026190945905106386
2017-07-05,0.0254873375383169,2626147962.42391560263218235045768,0.97338545,103037359570.2510472,0.026184218737106555
2017-07-06,0.0255221338897228,2629733286.59455133006113416663216,0.97462904,103037359570.2155172,0.026186510807971415
2017-07-07,0.0203789192713458,2100190019.73614059754820480962136,0.81626945,103056987064.5278092,0.024965921818274343
2017-07-08,0.0215480124753772,2220673242.94035926364150688303024,0.86180082,103056987064.4873092,0.025003471771327855
2017-07-09,0.0196211792155452,2022099612.60560130391456506243984,0.78708127,103056987064.4451292,0.024929038414985023
2017-07-10,0.0145619451197151,1500710189.83510291384719237385992,0.58717442,103056987064.4083192,0.02480003321622066
2017-07-11,0.0144637425671985,1490873744.0309408378761991130378,0.61051093,103076623294.7210148,0.023691209864495792
2017-07-12,0.0176847586975931,1822885210.32912205301350714354988,0.72586833,103076623294.6801348,0.024363590429125215
2017-07-13,0.0172671354462011,1779838015.76567931988638401104528,0.7089222,103076623294.6448048,0.024356883514440795
2017-07-14,0.0163945550136037,1689895371.21928866794876951638176,0.67367257,103076623294.5673248,0.024336088099302752
2017-07-15,0.01742267203808,1795870202.453407042593372672384,0.71488369,103076623294.5353748,0.024371337997765762
2017-07-16,0.0154475322829017,1592279465.95395311482794262686123,0.63526227,103076623294.4784419,0.02431677908858289
2017-07-17,0.018711150242798,1928682184.9826748462146315009362,0.76671536,103076623294.4461919,0.024404298151530442
2017-07-18,0.018795964883465,1937793518.7334606151244826857545,0.77015411,103096251283.0696513,0.024405459426120574
2017-07-19,0.0171356026800675,1766616399.79038299066342033686275,0.7033467,103096251283.0289313,0.024362953121223857
2017-07-20,0.0186832750778326,1926175622.21360115468881683941838,0.76031994,103096251282.9978613,0.02457291213200669
2017-07-21,0.0190187113428629,1960757843.68205243767842641194977,0.77142693,103096251282.9693213,0.024653937532181956
2017-07-22,0.023004588610734,2371686848.0728053623619806867742,0.92895507,103096251282.9362313,0.024763941070620347
2017-07-23,0.0221069218199378,2279140767.03986420204124881520714,0.89300135,103096251282.9059613,0.024755754086976237
2017-07-24,0.0226957118857282,2339842815.61443894720700353939266,0.91609972,103096251282.8605313,0.024774280998282806
2017-07-25,0.0185590073672364,1913728795.16053441133547413121168,0.75299256,103115902553.0095212,0.024646999655928075
2017-07-26,0.0189021836655828,1949115728.89871283058242354337536,0.76601637,103115902552.9771712,0.024675952637386585
2017-07-27,0.018264094914128,1883318631.3831002374277173710336,0.74097316,103115902552.9526112,0.02464879418051796
2017-07-28,0.0169199392055952,1744714802.32556600884203571981824,0.68744349,103115902552.9247712,0.024612843748938837
2017-07-29,0.0173055829337645,1784480803.4191268517138713430274,0.7028599,103115902552.8963812,0.024621667751659325
2017-07-30,0.0160131397637019,1651209359.43925406049039050134428,0.65130643,103115902552.8625812,0.0245861840542583
2017-07-31,0.0162281824812247,1673383683.34354711969567594426764,0.65991072,103115902552.8323412,0.02459148183139789
2017-08-01,0.0178736510709318,1843409217.51541380706421277170292,0.72560063,103135571473.3280894,0.024632904564776632
2017-08-02,0.0185549662881237,1913677051.79329168076330923598778,0.75525749,103135571473.2912594,0.02456773555218062
2017-08-03,0.0188510835843914,1944217278.36609421839295095573916,0.76539238,103135571473.2439094,0.024629306584410208
2017-08-04,0.0222932375249158,2299225792.12001185198942716622452,0.90161064,103135571473.2015294,0.024726014241486544
2017-08-05,0.0240240372212798,2477732807.90816076222558365954212,0.96915194,103135571473.1184494,0.02478872117954982
2017-08-06,0.0229381683714822,2365741103.53800070437382493941602,0.92648523,103135571473.0562491,0.024758266649844162
2017-08-07,0.0223100040065676,2300955012.78223556827305813743508,0.90179391,103135571472.9984983,0.024739581581968765
2017-08-08,0.0236703390769726,2441718677.19011313165445917241,0.9553436,103155204885.32035,0.02477678091628248
2017-08-09,0.0230654659100966,2379322861.73011818452113513281,0.93155433,103155204885.26535,0.024760193976122252
2017-08-10,0.0221471554730115,2284594360.4433183152341454277,0.89539253,103155204885.2198,0.02473457699385933
2017-08-11,0.0215094038161677,2218806957.614338447331070924678,0.8703056,103155204885.15614,0.02471477124376506
2017-08-12,0.0202829758725321,2092294531.810564174425755946159,0.82183237,103155204885.09879,0.024680186146150584
2017-08-13,0.0181473432130467,1871992907.26039535178747648294,0.7369792,103155204885.0082,0.024623955754852652
2017-08-14,0.0177545110442607,1831470224.40282541265461974321,0.72137264,103155204884.9503,0.02461212147477717
2017-08-15,0.0173362550331818,1788665925.20063573304672423248516,0.71305151,103174873799.2783162,0.024312766735718434
2017-08-16,0.0175850312217254,1814333377.05696321355891711825548,0.72171577,103174873799.2257762,0.024365590933014256
2017-08-17,0.0172810731610056,1782972542.50110939615417547324272,0.71103753,103174873799.1776862,0.02430402395356768
2017-08-18,0.016858657004854,1739389808.8988505158285637947948,0.69400051,103174873799.1430562,0.024291995123827792
2017-08-19,0.0164680164026734,1699085514.06744000473889637205908,0.67827326,103174873799.1062662,0.024279324239722202
2017-08-20,0.0177187818891532,1828133085.28658948305772020817784,0.72871246,103174873799.0677962,0.024315189957302502
2017-08-21,0.0198605936591966,2049114244.36111950435079813327692,0.8148052,103174873799.0146362,0.024374652566277927
2017-08-22,0.0215838561062358,2227335485.41809273851506559475072,0.88389476,103194511418.8651584,0.02441903389746965
2017-08-23,0.0204357552415531,2108857777.62612230430823153814404,0.83817024,103194511418.7935884,0.024381389682307377
2017-08-24,0.0189099462409658,1951402663.28976158392840930568072,0.77712167,103194511418.6689684,0.02433331480894851
2017-08-25,0.0203582794029756,2100862696.31353889794829726639904,0.8162415,103194511418.6060984,0.024941490236621882
2017-08-26,0.0212448793366527,2192354943.29168411100616983737268,0.84571445,103194511418.5387084,0.025120629470919763
2017-08-27,0.0196987866184874,2032806660.63151973628972032708016,0.78545666,103194511418.4708984,0.025079406187080266
2017-08-28,0.0205709217704821,2122806221.53085003542680343224264,0.82318907,103194511418.3913384,0.02498930381872308
2017-08-29,0.0201249309842618,2077177009.42831663496668092018278,0.80845398,103214118401.3361871,0.024893106450241977
2017-08-30,0.0213025554304615,2198724478.44960763071333956220665,0.85460339,103214118401.2858271,0.024926832352562402
2017-08-31,0.0225254704202518,2324946570.90890292101774889381378,0.88958994,103214118397.2180771,0.025321183848202918
2017-09-01,0.0240438095492015,2481660605.52896730530491499578565,0.94792601,103214118397.1149771,0.02536464797416151
2017-09-02,0.0209113264754421,2158344126.67563583588294228748391,0.82724747,103214118397.0494571,0.025278199370548815
2017-09-03,0.0215026889864018,2219381086.89677222450139525534478,0.85002252,103214118397.0199471,0.025296610949086154
2017-09-04,0.0182786226729218,1886611924.69661131555757574918878,0.72545302,103214118396.9765871,0.02519614939768505
2017-09-05,0.0189753610538075,1958898658.08769164391744493845825,0.75258972,103233801587.9085971,0.02521342047272118
2017-09-06,0.0205392988601323,2120349903.28057018438451742531033,0.81313673,103233801587.8557771,0.0252593421282695
2017-09-07,0.0203265205457184,2098383988.98750764318909754768864,0.80489659,103233801587.8233271,0.02525358014713219
2017-09-08,0.0184556005774297,1905241808.19375206930785432633587,0.73263169,103233801587.7830571,0.02519083030305405
2017-09-09,0.0179333676389726,1851329716.64186809264065863602146,0.71233773,103233801587.7496671,0.02517537241635734
2017-09-10,0.0168138980410991,1735762614.29097556027089174596561,0.66877553,103233801587.7198271,0.025141317657210182
2017-09-11,0.0173889101302152,1795123298.20890857420678024777592,0.69187324,103233801587.6957471,0.025133086705615617
2017-09-12,0.0164135031989863,1694751644.72125894034925775464863,0.65396002,103253499522.6325001,0.025098634009746188
2017-09-13,0.0154764161196167,1597994124.41854379822844591710067,0.61732909,103253499522.6091701,0.02506996085283572
2017-09-14,0.0114794802824291,1185296511.86119944908396717775891,0.46019731,103253499522.5747601,0.024944692272167127
2017-09-15,0.0121623510298369,1255805306.25171400845876732485169,0.48716912,103253499522.4977201,0.02496535706088452
2017-09-16,0.0119441208072515,1233272272.06774193129516750755015,0.4785465,103253499522.4595501,0.024959164485063624
2017-09-17,0.011391044545382,1176165212.5265344277959593632782,0.4567077,103253499522.4260701,0.024941652057501984
2017-09-18,0.0135344639643127,1397480768.47490404896310119726527,0.54124759,103253499522.3854201,0.02500604938363365
2017-09-19,0.0118116350515292,1219825307.94483269130066608948204,0.47337834,103273196523.8722237,0.024951786031294127
2017-09-20,0.0122410006225314,1264167262.93914117881336175009018,0.4903842,103273196523.8406637,0.02496206162949663
2017-09-21,0.0105603551996308,1090601637.89271666283829136880596,0.42391897,103273196523.8105937,0.02491125886541666
2017-09-22,0.0108320718647418,1118662686.44713399014732084196266,0.43478307,103273196523.7750137,0.024913738855429215
2017-09-23,0.011890042613057,1227922707.4535706113235265414409,0.47666714,103273196523.7140937,0.024944120572391457
2017-09-24,0.0115960927125692,1197565561.61167682942281117790604,0.46504411,103273196523.6545037,0.024935468406575883
2017-09-25,0.0120409182073633,1243504112.35336899702271758708221,0.48266085,103273196523.5788637,0.024946954382903237
2017-09-26,0.0123735357729956,1278098362.84479597479423337349456,0.49588971,103292897543.0093876,0.02495219304509384
2017-09-27,0.0145003480001962,1497782960.32062514503752129491512,0.57963233,103292897542.8975276,0.025016458278295482
2017-09-28,0.0138474421262808,1430342420.77993723546183462228608,0.5539512,103292897542.8116976,0.0249975848527466
2017-09-29,0.0131838203976527,1361795009.55648997682625366776952,0.52781904,103292897542.7296776,0.02497791742725442
2017-09-30,0.0138033256517804,1425785502.29743768042236704143904,0.55223499,103292897542.6682776,0.024995384033489804
2017-10-01,0.0136752459402473,1412555777.77573299595429893326748,0.54720406,103292897542.5935676,0.024991126601376642
2017-10-02,0.0128461848164389,1326919652.05661367622416282108364,0.51457069,103292897542.5133276,0.02496485918472912
2017-10-03,0.0124445220309709,1285675913.46158358981928868602257,0.4987029,103312598930.0271573,0.02495377915582785
2017-10-04,0.0117984221399714,1218925654.55308921136932529669322,0.4731756,103312598929.9484373,0.024934553134124834
2017-10-05,0.0144609062280591,1493993805.30128500962833302951743,0.57817097,103312598929.8254673,0.025011470617521837
2017-10-06,0.0183803903154284,1898925892.82854840485131077724332,0.73156939,103312598929.6647473,0.02512460276041402
2017-10-07,0.0208496798976037,2154034617.06849710671446899259001,0.82744525,103312598929.4475973,0.02519765494768832
2017-10-08,0.0185178002127256,1913122066.42988683869674237264888,0.73693079,103312598929.2816773,0.025128275903257617
2017-10-09,0.0174045308327104,1798107313.46796307263939356236992,0.69361585,103312598929.0424673,0.025092464125077877
2017-10-10,0.0184447853948836,1905942266.36862656461450548713672,0.73427504,103332309135.8556002,0.025119722706199575
2017-10-11,0.0194470401177515,2009507561.2190820550457799019553,0.77322163,103332309135.5572702,0.02515066749717219
2017-10-12,0.0177704086586388,1836257360.96805271973887097241576,0.7080154,103332309134.9047602,0.025098901321410242
2017-10-13,0.0179170232393088,1851407384.12704224496514056824576,0.71373047,103332309134.0961802,0.02510334642054556
2017-10-14,0.0177037556470665,1829369951.3566742734665897087783,0.70537881,103332309134.0678102,0.025098224381118705
2017-10-15,0.0187642006063142,1938948177.70480103200503793125684,0.74667544,103332309134.0400702,0.025130330530644212
2017-10-16,0.0364601951088186,3767516152.06642929518158542896772,1.41762866,103332309133.8911402,0.02571914362172855
2017-10-17,0.0457629454563144,4729692617.64250724359072918150008,1.75994973,103352014833.8682007,0.026002416248738197
2017-10-18,0.0349720986691245,3614436860.42101080713799499444215,1.36192996,103352014833.8153907,0.025678338604963578
2017-10-19,0.0312524931713828,3230008137.84113674269600367866796,1.22247048,103352014833.7727507,0.02556502891700322
2017-10-20,0.0262666317928323,2714709318.68504795078420897759361,1.0335115,103352014833.7345707,0.025414939062441303
2017-10-21,0.0371913441845042,3843800355.84185404408953141908094,1.44475234,103352014833.6928407,0.02574236646296361
2017-10-22,0.0311761700296089,3222119987.35629605191575288590823,1.21888799,103352014833.6423807,0.025577551247845918
2017-10-23,0.0347433026136983,3590790327.09922921341658407917781,1.35339824,103352014833.6008307,0.025671159889862353
2017-10-24,0.0367786735695359,3801875023.82442892796490524560866,1.42890694,103371727548.4767774,0.02573902648239353
2017-10-25,0.0351264896500078,3631085917.83381825414826376740772,1.36735501,103371727548.4432574,0.025689370641211753
2017-10-26,0.0345704357382953,3573605664.36874847690883132901022,1.34658097,103371727548.4062574,0.02567274936188598
2017-10-27,0.0342165911886098,3537028141.98337732927216595179852,1.33321354,103371727548.3830774,0.025664749240852897
2017-10-28,0.0310858585404333,3213398899.64829615948589191145842,1.21568003,103371727548.3524474,0.02557075692066218
2017-10-29,0.0299674567534226,3097787774.83021193911624060000324,1.17360083,103371727548.2982674,0.025534624710023938
2017-10-30,0.0317300574566411,3279990854.49831564795453077897814,1.24004057,103371727548.2529474,0.02558791883449515
2017-10-31,0.0292201426282228,3021112752.58516488697218204790912,1.14537461,103391444423.2441504,0.02551142863924913
2017-11-01,0.0274481927979331,2837908300.18478548950916452244824,1.07792957,103391444423.2002504,0.02546380910390379
2017-11-02,0.0274138362090918,2834356122.83667572669452389463872,1.07704379,103391444423.1143904,0.025452852022935665
2017-11-03,0.0277722175016389,2871409682.32526436535375650276156,1.0906937,103391444423.0395404,0.0254628934792957
2017-11-04,0.0272163355814488,2813936247.66701650319124859892352,1.06957127,103391444422.9976304,0.025446023415951327
2017-11-05,0.0266808781217041,2758574527.47589750538762874332664,1.04922964,103391444422.9584504,0.025429016780067416
2017-11-06,0.0287776478883733,2975362582.27357103575570358281432,1.12884226,103391444422.9360504,0.025493063918756283
2017-11-07,0.030864106043941,3191693156.0785539771475033928361,1.20778215,103411164785.8701621,0.025554365117865834
2017-11-08,0.034126145203529,3529024425.1461327818055903409009,1.33023617,103411164785.7958121,0.025654200339123995
2017-11-09,0.0402389755874241,4161159335.27909003427178031948961,1.56102647,103411164785.7053921,0.025777253852347613
2017-11-10,0.0331785204846963,3431029449.18653771688348623266323,1.29353302,103411164785.6362721,0.02564953501124873
2017-11-11,0.0330040068495922,3412982790.90766468658733493851562,1.28765229,103411164785.5822621,0.02563114833554344
2017-11-12,0.0282600028449397,2922399811.03731659851315633284537,1.10667303,103411164785.5197621,0.025536000317040074
2017-11-13,0.030488158675237,3152816000.7704783141496562655677,1.19198154,103411164785.4696121,0.025577710436050043
2017-11-14,0.0362591476388178,3750315886.96946192772591715371168,1.41121936,103430889339.3429456,0.025693487962649406
2017-11-15,0.0371180707022328,3839155063.29018270139808555259168,1.08564451,103430889339.2792156,0.03418989398494061
2017-11-16,0.0373353987019623,3861633491.57851914120969155680188,1.0917963,103430889339.2253156,0.03419630447727502
2017-11-17,0.0355838435345366,3680468582.88296632900243944075896,1.04220363,103430889339.1691956,0.034142889652511194
2017-11-18,0.0363491955168956,3759629619.07450782165101621711136,1.06390262,103430889339.1321656,0.03416590469238209
2017-11-19,0.0364404463549711,3769067774.40679383775286044226916,1.06646675,103430889339.0552156,0.03416932253628263
2017-11-20,0.0383290546743197,3964408212.48823956837250396584232,1.11982782,103430889339.0051656,0.03422763213216091
2017-11-21,0.0376793864440344,3897955913.62597674312990951680544,1.1016821,103450620657.4157676,0.034201687078363525
2017-11-22,0.0421668090585774,4362182568.24971373948494206574424,1.22802875,103450620657.3479476,0.034336988493614176
2017-11-23,0.041219109429548,4264142453.4214381096510702104848,1.20114405,103450620657.1430476,0.03431654132537059
2017-11-24,0.0402279169724125,4161602978.536426410806389147335,1.17319652,103450620657.0519276,0.034289154703947215
2017-11-25,0.043826088844998,4533836091.9842945691073115025048,1.27401621,103450620657.0097476,0.03439994601402913
2017-11-26,0.0486471935658597,5032582367.60686833524577705156672,1.4081154,103450620656.9478976,0.03454773207214388
2017-11-27,0.0594853371602837,6153795049.21294089319639609641012,1.70573884,103450620656.8434276,0.034873648747004965
2017-11-28,0.07846764572097,8119075140.551625222389283825948,2.17998732,103470354767.9123484,0.035994542262277926
2017-11-29,0.0662824176141571,6858265265.38673656650513558385464,1.85734306,103470354767.5348584,0.03568668548187167
2017-11-30,0.0721759899666811,7468075287.52815241713652899821224,2.01329202,103470354767.2248184,0.0358497372709405
2017-12-01,0.0891746106263028,9226928597.70293197851939753813552,2.44877871,103470354766.8911484,0.03641595308802028
2017-12-02,0.0941590951353903,9742674978.15855907715247251589852,2.57165615,103470354766.5754084,0.036614185428868594
2017-12-03,0.0902242202871477,9335532081.62183842367413326450468,2.4719433,103470354766.2763284,0.036499308170680006
2017-12-04,0.0962742698449995,9961532855.6973966203786161100358,2.6225223,103470354765.9759284,0.03671056289778719
2017-12-05,0.122976018227951,12726801175.5097220087645235322267,3.26713228,103490106110.9252117,0.037640354809249106
2017-12-06,0.143861216710517,14888212582.5517793311830933011889,3.6711886,103490106110.4634317,0.039186550293416424
2017-12-07,0.135750922041749,14048877326.6318407618668738493533,3.48099959,103490106110.0066217,0.03899768400769878
2017-12-08,0.138366332135907,14319546394.7450629347198335358819,3.53554462,103490106109.6281217,0.03913579009954823
2017-12-09,0.135132238385682,13984849689.3302324890997656151994,3.4620719,103490106109.3649717,0.03903218716678934
2017-12-10,0.116078270039716,12012952483.3590593957078986144372,3.02120435,103490106108.9973717,0.038421191217904875
2017-12-11,0.143280724595906,14828137391.7450204166641015781402,3.64393811,103490106108.5833517,0.03932029586416493
2017-12-12,0.159290019442671,16488083048.7084126064112351213988,3.99634964,103509831352.8835228,0.03985887967567096
2017-12-13,0.149862606336511,15512253107.9260526687743877844608,3.78541477,103509831352.4179328,0.03958948105877206
2017-12-14,0.184344771659494,19081496225.0797751662720256028632,4.46879029,103509831351.9056228,0.041251604952689334
2017-12-15,0.198477646946222,20544387762.4165903328684227356816,4.73120804,103509831351.3518328,0.04195073335777938
2017-12-16,0.237685647823233,24602801320.6998886523460743274024,5.49399268,103509831350.8479528,0.04326282572026162
2017-12-17,0.266455810095043,27580795965.2395958686064373688304,5.98200437,103509831350.2779728,0.044542897934232537
2017-12-18,0.275918308131393,28560257541.0621612789456382658604,6.14097781,103509831350.0157228,0.044930679880016214
2017-12-19,0.26306245738448,27234742964.474647845284733752112,5.75896824,103529569499.4196719,0.04567874772382492
2017-12-20,0.251222722301385,26008980288.2783301009892081401315,5.54917443,103529569499.1955019,0.04527208965413348
2017-12-21,0.254232788509681,26320611146.9361492492791523739339,5.59845871,103529569498.9943419,0.04541121077763223
2017-12-22,0.224485286244957,23240865043.7472597962329033131843,5.05237303,103529569498.7642399,0.0444316531879193
2017-12-23,0.240820454378574,24932037968.2736614250882028476226,5.33724794,103529569498.6110199,0.045120717097241324
2017-12-24,0.223963205568887,23186814256.0520755650093616445513,5.02592254,103529569498.5051199,0.044561611084616315
2017-12-25,0.227734334001446,23577237559.1770810381453691227554,5.08949438,103529569498.4111499,0.04474596433318904
2017-12-26,0.222500624177463,23039782767.4014944809308782158989,4.98363129,103549294985.4618203,0.04464628525467481
2017-12-27,0.225198142419836,23319108879.5816914115585055415108,5.03150039,103549294985.3377103,0.04475765178661469
2017-12-28,0.221803931994319,22967640782.9621086530772869967657,4.96988069,103549294985.2231303,0.04462962912582897
2017-12-29,0.320426485127363,33179936629.4644165211487454113089,6.65347593,103549294985.0137003,0.04815926118896518
2017-12-30,0.325508606371869,33706186701.2507133465146609316207,6.71601703,103549294984.6737403,0.04846750758937087
2017-12-31,0.355560273226506,36818015617.0911949118790844143918,7.17492452,103549294984.4727403,0.04955596009900686
2018-01-01,0.487672943892147,50498189522.8643310886365423906141,8.96618938,103549294984.1245103,0.05439021229910126
2018-01-02,0.555742484043824,57557718962.2485346922513747045648,9.73678528,103569046122.6457627,0.057076588223153674
2018-01-03,0.880229965321243,91164577874.1378212873524768266861,12.51959002,103569046119.5183127,0.07030821008635896
2018-01-04,0.74158504273224,76805255491.748102520486648688248,11.20191758,103569046118.8006327,0.066201615699822
2018-01-05,0.644066625761424,66705366066.7310945981365212960048,10.16350359,103569046118.2818427,0.06337053163390716
2018-01-06,0.686767190389341,71127822813.7054226390326408490607,10.63390489,103569046117.9162427,0.06458278473368413
2018-01-07,0.68506979557154,70952025251.267490889994464340158,10.56517501,103569046117.5180527,0.06484225721988679
2018-01-08,0.622130918563598,64433505795.5905965309074497877294,9.48148859,103569046117.1056753,0.06561532112370533
2018-01-09,0.569939789170009,59039369989.4940245481708922772204,8.94753257,103588784484.5361356,0.06369798430026939
2018-01-10,0.559323676404319,57939659771.9075051671607621934364,8.807429,103588784484.1107556,0.06350589671563847
2018-01-11,0.540832391696989,56024170065.2472307866975726159284,8.60330068,103588784483.5961156,0.06286336044888635
2018-01-12,0.673537602749697,69770941572.4327936794258948163932,10.13036966,103588784482.9969756,0.06648697188308696
2018-01-13,0.661191520675834,68492025936.9067746421501250457104,9.93250687,103588784482.4415656,0.06656844332752362
2018-01-14,0.625985143047898,64845040072.1190693956174030916688,9.41160351,103588784481.9942856,0.06651206060505814
2018-01-15,0.593901010597243,61521483790.0537879494346196279008,9.08005899,103588784481.4173856,0.06540717535550317
2018-01-16,0.434347545331984,45002137081.8006551998402891926816,7.21279031,103608590782.7665074,0.06021907287805015
2018-01-17,0.474525151996282,49164882288.9092612864364011960268,7.72408384,103608590781.9159774,0.06143449007361915
2018-01-18,0.497480648143402,51543268894.8067641373949079586448,7.99418875,103608590780.6992424,0.06223028548624173
2018-01-19,0.498933170808452,51693762720.6565129265734381986048,8.00981332,103608590779.5906624,0.06229023709736745
2018-01-20,0.530899845344972,55005784820.8564230508358327794928,8.40034102,103608590778.7642324,0.06319979677979454
2018-01-21,0.458698074992737,47525061142.5272682445025826342888,7.54784735,103608590777.8875624,0.06077203919508746
2018-01-22,0.478455083835017,49572056986.2089463001762980393108,7.77513527,103608590776.9403124,0.06153656074398009
2018-01-23,0.487731503693913,50542823786.5959556775863498821327,7.88835805,103628376276.2949479,0.06182928064401349
2018-01-24,0.566938753650234,58750942488.0920219420420745647286,8.75868779,103628376274.9048279,0.06472873188807132
2018-01-25,0.605838706017065,62782081388.4733025926308860972135,9.17314472,103628376273.9729679,0.06604482154262416
2018-01-26,0.629440611769513,65227908558.0391866002542635824427,9.40575582,103628376273.1283379,0.06692079018584526
2018-01-27,0.606855806980976,62887481908.9869047022137701370704,9.15606661,103628376272.5176179,0.06627909481547295
2018-01-28,0.610755133445552,63291562778.7261372086475726881056,9.19461416,103628376271.9589078,0.06642531408251633
2018-01-29,0.571584966859634,59232422016.7828095325876286622652,4.26710809,103628376271.3596878,0.13395136818754316
2018-01-30,0.478242457903645,49568952740.237287526030053151722,4.00440059,103648164066.2366836,0.1194292247129164
2018-01-31,0.523111946306845,54219592835.419891167141810821592,4.36103522,103648164065.4713136,0.11995132346279126
2018-02-01,0.446529722459582,46281985933.2670282212570820623752,3.79719221,103648164064.7253436,0.11759471150384089
2018-02-02,0.407568343508428,42243710535.1492828754233979146608,3.50193419,103648164063.7424436,0.1163837814748963
2018-02-03,0.438401526844186,45439513379.8044396960520445007496,3.73723355,103648164062.9738836,0.11730643027224939
2018-02-04,0.383866526513259,39787060718.0442638214501502890924,3.3230494,103648164062.2290436,0.11551634667641685
2018-02-05,0.316664731851826,32821718079.4359516314014622878136,2.71887001,103648164061.3957436,0.11646924298959994
2018-02-06,0.365028292258536,37841730328.4009178045302436281496,2.75199039,103667937885.7544111,0.13264155775577982
2018-02-07,0.33605494655666,34838123325.556759461069606662726,2.5506495,103667937884.9224411,0.13175269536510603
2018-02-08,0.35127593370607,36416051675.711826850858017196477,2.65624349,103667937884.3611411,0.132245381505319
2018-02-09,0.390183330736247,40449501294.0394761634686812884117,2.92363959,103667937883.7488211,0.1334580815196332
2018-02-10,0.38987649602298,40417692371.800722171418358125278,2.9215356,103667937883.1250011,0.13344916831510797
2018-02-11,0.362205960058749,37549144968.0145747752731541394239,2.73146878,103667937882.4252011,0.1326048325028811
2018-02-12,0.3868745358337,40106485348.79807668527794241507,2.90136029,103667937881.6445411,0.13334246600366204
2018-02-13,0.399218479150689,41394049400.1667797004667490166338,2.98766863,103687708765.9616642,0.13362207412898028
2018-02-14,0.449616773116346,46619733026.0798463416319299033932,3.3266895,103687708763.5166942,0.1351544149570755
2018-02-15,0.445049778931818,46146191861.3785122849689043251556,3.29577159,103687708759.5366442,0.13503659667501955
2018-02-16,0.450307871534672,46691391432.4769548659236567856224,3.33042926,103687708752.1262542,0.13521015952600418
2018-02-17,0.474913776959835,49242721386.822260880530707606257,3.49344207,103687708750.1019742,0.13594436874684884
2018-02-18,0.435224980382118,45127481006.3545602319878428670156,3.23008887,103687708749.4693442,0.13474086871861146
2018-02-19,0.444512795692816,46090513294.9127287914989056003872,3.2923186,103687708748.8026642,0.13501512146874728
2018-02-20,0.391467069627755,40598061616.567644876151032607787,2.93238459,103707475714.8084874,0.13349786073857214
2018-02-21,0.37760256986301,39160209343.657220407271088051174,2.83435476,103707475714.1194974,0.13322346771545635
2018-02-22,0.349854678809888,36282545605.9202013372649834878912,2.62924412,103707475713.4696974,0.1330628358731056
2018-02-23,0.366943686160636,38054803420.4817184144655220247464,2.74685242,103707475712.8333974,0.13358696793788286
2018-02-24,0.342692817562258,35539807054.1084784467614041269292,2.57926526,103707475712.2735974,0.13286451102057567
2018-02-25,0.349856685677211,36282753732.4584867045895657803714,2.62926627,103707475711.7379174,0.13306247817845054
2018-02-26,0.356152482362836,36935674914.1114691934011711660628,2.67247457,103707475711.1552673,0.13326693034270332
2018-02-27,0.35741767136956,37073954785.940195716703828023008,2.68019905,103727257367.7722568,0.13335489816308976
2018-02-28,0.330602710107211,34292512397.2831492854576861746448,2.49489147,103727257366.2885168,0.1325118603685037
2018-03-01,0.337107437324396,34967229910.6284775815823292606128,2.54082607,103727257363.8883268,0.1326763139376935
2018-03-02,0.318209525425076,33007001338.4368083804513627867168,2.408844,103727257360.8374568,0.13210051187419192
2018-03-03,0.343801363624147,35661572524.7602436011652615254896,2.58773692,103727257358.2530768,0.13285792731362622
2018-03-04,0.360600359589058,37404086301.3700177364415338111744,2.70417512,103727257354.9175168,0.13334948499528315
2018-03-05,0.351133353589073,36422099732.2067000428685064450164,2.63870266,103727257350.8668468,0.13307045121524722
2018-03-06,0.331550155946045,34397347590.470724217479890232782,2.50163252,103747040903.4233596,0.13253351693159354
2018-03-07,0.324268724095072,33641920580.9965823675585157328512,2.45129186,103747040899.1190396,0.13228482882290157
2018-03-08,0.308009937204575,31955119551.20584314209826785617,2.33819325,103747040894.9234396,0.13172988896643809
2018-03-09,0.306050459278358,31751829513.5521907270566985772368,2.32399117,103747040891.2975096,0.1316917478986626
2018-03-10,0.288362654461897,29916772102.7970005957120013437715,2.20032539,103747040887.1897595,0.1310545502826275
2018-03-11,0.301404556764842,31269830872.780495906879791723199,2.2928772,103747040882.2566095,0.13145255086702506
2018-03-12,0.288194739441291,29899351413.6535512318535985946645,2.19927007,103747040878.0464095,0.13104108648252147
2018-03-13,0.284070948163673,29477142337.8008195481024149614561,2.16934059,103766831942.3392457,0.13094806296123054
2018-03-14,0.244977197457965,25420507677.3450886703753173475505,1.8873206,103766831938.3355157,0.12980158085381202
2018-03-15,0.239006267575418,24800923198.6145455067926871355826,1.8442968,103766831933.7636557,0.12959208494826754
2018-03-16,0.231349286215955,24006382499.7545665450985148966385,1.78805812,103766831929.3866347,0.12938577534378748
2018-03-17,0.205615821161496,21336102355.6865922371088482667792,1.59731656,103766831925.4901302,0.128725780668984
2018-03-18,0.219252092376668,22751095017.80546564591194718852,1.69937674,103766831920.21639,0.12901912049041464
2018-03-19,0.245621143104986,25487327871.4127647126677506514,1.89427079,103766831915.2749,0.12966527510303108
2018-03-20,0.264911362474578,27494255960.04123414218755935546,2.03554029,103786623960.60757,0.13014302088541707
2018-03-21,0.249532499655447,25898135706.65061120713639790912,1.85501625,103786623956.44096,0.13451768934932348
2018-03-22,0.240556764410711,24966574447.33789469202291672948,1.79137185,103786623953.38668,0.13428633726197664
2018-03-23,0.232606468402683,24141440064.66139948522400909433,1.73476999,103786623950.92251,0.13408490447928662
2018-03-24,0.234663878607523,24354971723.6377880025526165498065,1.74950102,103786623949.7884155,0.13413189013603602
2018-03-25,0.238693503016973,24773192836.2826126503106327728047,1.77916271,103786623947.2845739,0.13416058108421855
2018-03-26,0.227397667973768,23600836251.561606377782879268716,1.82232473,103786623943.2329495,0.12478438350214784
2018-03-27,0.216696503729272,22494488701.7254149742924642090824,1.74006559,103806421952.3759367,0.12453352619269485
2018-03-28,0.217761725093192,22605065519.121447642426050460724,1.74836912,103806421947.8768345,0.12455134479450884
2018-03-29,0.190307753269801,19755166935.2375681482161310808445,1.53666026,103806421944.5147445,0.12384504123884939
2018-03-30,0.186588708573716,19369106211.5573174093931266010764,1.50829874,103806421940.6134279,0.1237080583742422
2018-03-31,0.204630054893596,21241913819.430152421946738940226,1.64813652,103806421937.7528435,0.12415843736876603
2018-04-01,0.20496253288541,21276427169.546508972861569305225,1.65215285,103806421934.8893725,0.12405785147869944
2018-04-02,0.222936056846344,23142194380.7924180986627566804168,1.66122342,103806421931.7510297,0.13419992408146042
2018-04-03,0.232177800668943,24106133978.7689261721053193561024,1.72658459,103826179373.3730368,0.1344722998303506
2018-04-04,0.200832638481805,20851685546.2117873818595717730395,1.50229689,103826179369.2508039,0.13368372111973487
2018-04-05,0.196391583973746,20390587823.480343783978584441052,1.48178245,103826179365.232862,0.13253739371373038
2018-04-06,0.191778510692435,19911630048.6858880162887749347655,1.44833715,103826179360.7271613,0.1324128920482603
2018-04-07,0.201067168733921,20876035923.6145193806976059727573,1.51572561,103826179356.2154613,0.1326540683929732
2018-04-08,0.205958647683697,21383899493.8250628132909479992361,1.55112019,103826179353.5641913,0.13278058593492809
2018-04-09,0.195549207229976,20303127061.5605501920924830440888,1.47568313,103826179349.7481213,0.13251436114877588
2018-04-10,0.198379684987844,20600933160.2239400561096356034108,1.4955815,103845981817.5751807,0.13264384788648698
2018-04-11,0.212390220133634,22055870937.4308080564145176255838,1.59635409,103845981813.8210607,0.1330470610900831
2018-04-12,0.244071543739707,25345849091.4865597304498198646798,1.82965234,103845981809.8128714,0.13339777093374308
2018-04-13,0.249076487013577,25865592338.6179782249420123848065,2.37424295,103845981805.6132345,0.10490775049519552
2018-04-14,0.253949985995521,26371685624.2720105586052622997989,2.4174089,103845981801.8542309,0.10505048856050833
2018-04-15,0.295083328755608,30643217987.1684321085123841241416,2.78076919,103845981799.0855027,0.10611572144022782
2018-04-16,0.283704256978611,29461547105.1755993101485512838093,2.68048661,103845981794.3329663,0.1058405798112198
2018-04-17,0.300322203009945,31193205623.5527994778562133843875,2.76724779,103865799168.1016475,0.10852739826741176
2018-04-18,0.353974541817649,36765848669.3333829561662476949875,3.22278346,103865799163.2443875,0.10983503738648608
2018-04-19,0.365144335393517,37926008203.7923842338497976785175,3.31404518,103865799158.3504275,0.11018085619264761
2018-04-20,0.391775456518199,40692070879.8234698246523059034813,3.53449244,103865799153.0748587,0.11084348408401151
2018-04-21,0.370100725122823,38440807579.793316045977682943316,3.3546134,103865799147.073292,0.1103258948178121
2018-04-22,0.366017583864644,38016708847.8049297242334326111024,3.32012274,103865799141.1248396,0.110242184559913
2018-04-23,0.371183634380519,38553284810.9204617120537945481774,3.36321575,103865799135.4154146,0.11036569223384464
2018-04-24,0.399073814967,41458027796.2600534319683628424,3.59324165,103885612739.8092472,0.11106233697558303
2018-04-25,0.337034937177294,35013080960.9798533758400195818132,3.07622751,103885612732.6691878,0.10956112188766363
2018-04-26,0.385926750748599,40092236968.9789933237402453308027,3.48610276,103885612726.2759773,0.11070435306060773
2018-04-27,0.390252345603342,40541604039.6462335589912126945366,3.52293625,103885612723.1411773,0.11077473956655957
2018-04-28,0.427883983682968,44450989817.9939458663195834839864,3.83311138,103885612720.0334973,0.11162837216667781
2018-04-29,0.457286515252427,47505489824.1489845868010162995793,4.07078943,103885612716.8443859,0.11233362057059951
2018-04-30,0.419759926118558,43607017116.2574354625211306934816,3.76749602,103885612710.7783152,0.11141615648436917
2018-05-01,0.437518957920008,45460593936.8433836000913415701072,3.91124673,103905426528.1802634,0.11186176381156297
2018-05-02,0.437340558195834,45442057234.6999249123546082719062,3.90871215,103905426521.9822343,0.11188865831315668
2018-05-03,0.4347253613234,45170324085.74229013133972246638,3.88693414,103905426516.2581007,0.11184273920406584
2018-05-04,0.427684427805017,44438732882.8738032392587168146819,3.82877292,103905426510.2530107,0.11170274047096453
2018-05-05,0.427287776618415,44397518670.1029295029886176045405,3.82503261,103905426505.4525107,0.11170827027757417
2018-05-06,0.407508575634928,42342352353.9547239313126510039696,3.66292487,103905426500.4908407,0.11125223423840741
2018-05-07,0.392895951412021,40824021400.1412550770428008332346,3.54385193,103905426496.3143826,0.11086692084565199
2018-05-08,0.380743000909918,39568808878.1499918271199418629744,3.36715286,103925242968.5812808,0.11307565077693503
2018-05-09,0.371580652906869,38616609634.4755110387183433935969,3.2921592,103925242965.0963901,0.112868373105064
2018-05-10,0.349316759541758,36302829105.9296720131449728649326,3.10941702,103925242961.5818697,0.11234156026513227
2018-05-11,0.312180017663634,32443384182.2604484908743077118844,2.80044208,103925242957.7903566,0.11147526309975817
2018-05-12,0.356165929713651,37014630777.4361883629902708699968,3.16698598,103925242954.0216768,0.11246211128274429
2018-05-13,0.370290576202319,38482538094.0125396229630181691702,3.28283835,103925242950.2458858,0.11279586038780101
2018-05-14,0.361449207309808,37563696682.455680233532433821696,3.21026882,103925242946.400512,0.11259157023174401
2018-05-15,0.342485813520181,35599709888.6993513343693706398996,3.05246105,103945064243.0818116,0.1121998963820295
2018-05-16,0.33005647489047,34307741484.809469614287067569392,2.94935238,103945064238.4597136,0.1119081182461046
2018-05-17,0.305878172377055,31794526275.3789091420721165509595,2.74704288,103945064233.5665029,0.11134816081831785
2018-05-18,0.316239221365863,32871506176.8844757595986945657775,2.83441467,103945064229.8882425,0.11157126185981213
2018-05-19,0.312998322075701,32534630690.8252429786417733063657,2.80725846,103945064226.1158757,0.11149608293484349
2018-05-20,0.328289536815783,34124076987.8930280175400349535965,2.93531551,103945064222.5051355,0.11184131167411811
2018-05-21,0.313125503162404,32547850534.6766891446199718755628,2.8083288,103945064218.5334707,0.11149887547441167
2018-05-22,0.293056964294726,30467634247.2283225056791895269604,2.63913154,103964887238.0564454,0.11104295479516946
2018-05-23,0.272861519986067,28368017155.8864010360130071649454,2.46755142,103964887234.1359962,0.11057987192261508
2018-05-24,0.292731696685313,30433817834.1469332211861357076583,2.63608425,103964887228.6738791,0.11104792902021739
2018-05-25,0.284552751055883,29583494672.2092599458432612162284,2.56804079,103964887221.9105348,0.11080538602187973
2018-05-26,0.282423906743756,29362169611.493232649338247427632,2.55011908,103964887215.208772,0.1107493014576229
2018-05-27,0.273583838496844,28443112911.2690679864965149127232,2.47497729,103964887208.0474928,0.1105399389328716
2018-05-28,0.249460017861964,25935082618.1496345757716037249012,2.26901455,103964887200.8841583,0.10994200890512756
2018-05-29,0.282069231112891,29330893113.2343352852374252572082,2.5477204,103984730973.7069302,0.11071435904540036
2018-05-30,0.274358441032017,28529088678.937348256093666057925,2.48225103,103984730965.897525,0.11052808024497708
2018-05-31,0.294369468696581,30609930004.8205731347706500851955,2.65158858,103984730958.5340055,0.11101626810316893
2018-06-01,0.288525395588405,30002235632.959337621563931874445,2.60227074,103984730951.582969,0.11087447249566548
2018-06-02,0.298331994723899,31021972203.4514794508682684650348,2.68541976,103984730944.3352452,0.11109324477596716
2018-06-03,0.302929920655357,31500086290.6907482087091956335319,2.72424008,103984730932.3015267,0.11119795310234074
2018-06-04,0.290192996608882,30175640668.8818129600777945053862,2.61676853,103984730925.6470891,0.11089746505354144
2018-06-05,0.293301013179882,30504645044.4201195509692715153574,2.64244583,104004567572.7399207,0.11099603626685585
2018-06-06,0.29848788583683,31044103488.292638600938554526424,2.65879722,104004567559.7805128,0.11226425377292593
2018-06-07,0.291568308562536,30324435841.341150057880253030004,2.66690312,104004567543.1735765,0.10932842155981128
2018-06-08,0.287468918110438,29898080506.2356670222497942271556,2.63164337,104004567529.4523862,0.10923551473102451
2018-06-09,0.281444687483273,29271533002.5687561245255859380776,2.57980921,104004567520.2465512,0.10909515571629153
2018-06-10,0.24262172306496,25233767375.859247230946534208256,2.24249289,104004567509.8231436,0.1081928616794678
2018-06-11,0.249764580609448,25976657183.0485669984186078571712,2.30505192,104004567499.7759544,0.1083552949251781
2018-06-12,0.226316603410791,23542449405.3834901117324940838711,2.09889287,104024402322.1363121,0.10782665787548797
2018-06-13,0.218858698951881,22766645349.2647100870838171173781,2.03309165,104024402312.0609901,0.10764822085215933
2018-06-14,0.240367367879245,25004071776.5852154029493461621025,2.22280112,104024402302.1739045,0.10813714538673841
2018-06-15,0.229711638230262,23895615866.1508612010118554174358,2.12922468,104024402290.8321009,0.1078851097246637
2018-06-16,0.230362155344338,23963285517.4875618163291846057708,2.13500691,104024402279.3935366,0.10789761581817923
2018-06-17,0.22865056527022,23785238380.829529365767169693324,2.11994999,104024402269.5507242,0.10785658451793007
2018-06-18,0.232729869038423,24209585514.7581758215705509250962,2.15577533,104024402259.9490494,0.10795645807785682
2018-06-19,0.233798369691252,24325374299.6468606988363348487104,2.16462791,104044242617.1333552,0.10800857210200712
2018-06-20,0.230784434599934,24011791703.867047515902147901965,2.17511623,104044242608.8726975,0.10610211602344304
2018-06-21,0.22669208678055,23586006472.223037048812036799825,2.1410146,104044242598.7967815,0.10588068235524875
2018-06-22,0.200849194482286,20897202314.436209111598378547942,1.90769264,104044242588.581797,0.10528383360659502
2018-06-23,0.202324470392063,21050696277.1232611135008867520481,1.92115062,104044242578.9197087,0.10531421549449518
2018-06-24,0.193439932193635,20126311227.827543440976187889937,1.84068098,104044242569.7344462,0.10509150379422894
2018-06-25,0.197660411970221,20565427847.6513698083491565743673,1.87931925,104044242560.5674813,0.10517660156475332
2018-06-26,0.184150806697002,19163485805.652154261154024694021,1.75539288,104064088283.8127605,0.1049057500432621
2018-06-27,0.191074878727549,19884033046.8541372107203801000644,1.81880288,104064088274.0347156,0.10505529809120877
2018-06-28,0.176880561347908,18406914348.2995491703377101603688,1.68912139,104064088264.0281786,0.10471749537663956
2018-06-29,0.187404103362547,19502037151.4488453318955369503214,1.7859541,104064088253.8239962,0.10493220590750175
2018-06-30,0.192358010732494,20017561003.2953367020232351951598,1.83140908,104064088243.9416817,0.10503279296425352
2018-07-01,0.198814624450297,20689462620.9829133746407291214011,1.89060524,104064088233.8874963,0.10515924754884157
2018-07-02,0.214787720518739,22351688297.2598520167772601000373,2.03569471,104064088222.9102807,0.10551077205419422
2018-07-03,0.204306819980347,21265058036.9669833105427097013482,1.94010448,104083936302.3346206,0.1053071224186581
2018-07-04,0.209979833062475,21855527567.38734943582799051597,1.99159339,104083936293.4663612,0.10543308394012846
2018-07-05,0.20060124320557,20879367016.471834649586835227664,1.90652024,104083936284.8579152,0.1052185227289116
2018-07-06,0.206348249248703,21477538025.4336586276435416869026,1.95866535,104083936275.8424542,0.10535145743437133
2018-07-07,0.206640934761305,21508001883.56592144484922511449,1.96142347,104083936265.630218,0.1053525349940393
2018-07-08,0.210029062049832,21860651506.2095960601669382989696,1.9920734,104083936255.5591728,0.10543239122104235
2018-07-09,0.206631680885541,21507038699.5827768432137736594078,1.96139746,104083936245.4594758,0.10534921406778053
2018-07-10,0.191441215343198,19929755985.3786199902605193527342,1.82269103,104103789508.7032729,0.10503218164364259
2018-07-11,0.189635535836138,19741777904.048207249138603283479,1.80638754,104103789498.1184455,0.10498053802792395
2018-07-12,0.181994606152247,18946328166.6947314385456968782303,1.73654652,104103789487.2842649,0.10480260911884294
2018-07-13,0.204561704501348,21295648620.3254895210223118020144,1.94245379,104103789476.3198828,0.10531097602138993
2018-07-14,0.208790544771056,21735886915.2098066850926716097616,1.98085323,104103789465.3886011,0.10540434879723827
2018-07-15,0.220694507059587,22975134496.9205752577589791812803,2.0884389,104103789455.5179969,0.10567439011961854
2018-07-16,0.238317341509563,24809738341.7188021772563739235288,2.24676011,104103789445.4829576,0.10607155630405198
2018-07-17,0.253859037695487,26432728462.1332545314547481692588,2.3848342,104123645555.7680724,0.1064472480709506
2018-07-18,0.298990457735491,31131976442.8622914168623968349269,2.76993276,104123645545.9188359,0.10794141361593594
2018-07-19,0.304966625704652,31754236836.0147915207345872831468,2.82458785,104123645538.7334809,0.10796853980117915
2018-07-20,0.26882814256104,27991366225.002486109660520665416,2.5112789,104123645531.8169629,0.1070483021862048
2018-07-21,0.293300270749553,30539493424.0307610728332465264731,2.72486724,104123645525.4015627,0.10763837094300162
2018-07-22,0.284317671742863,29604192467.3734338501368503397421,2.64703408,104123645519.1131267,0.1074099022339988
2018-07-23,0.284750862863239,29649297904.1968059317159004529401,2.61019402,104123645512.6629759,0.10909183787925428
2018-07-24,0.300860929662077,31332711512.8884376290039289732989,2.7479291,104143504269.8329857,0.10948642367158491
2018-07-25,0.339472213131671,35353825875.4728508218289871438673,3.07395637,104143504263.0725463,0.1104349484087411
2018-07-26,0.304998182477179,31763579515.0369792178715911981604,2.78080762,104143504256.5004076,0.10967971329033505
2018-07-27,0.318239921129643,33142620578.5641741590343033906372,2.89280612,104143504249.6214604,0.11001080194397646
2018-07-28,0.313072506461115,32604467904.7840525255846682320305,2.84535204,104143504242.3109507,0.11002944523557621
2018-07-29,0.307941538224946,32070110890.3108475741146864378904,2.80157592,104143504235.1583724,0.10991725622232862
2018-07-30,0.294410936415677,30660986601.3731238039526583602446,2.68550946,104143504227.9919398,0.10962945422492647
2018-07-31,0.276079601273924,28757382503.6132314656192444126388,2.52714172,104163373066.7423837,0.10924579301944491
2018-08-01,0.277531206937847,28908586643.2142779086603338390308,2.5398605,104163373056.9562364,0.10927025596006042
2018-08-02,0.260325438136906,27116375727.135366612400213995999,2.39089842,104163373050.2924415,0.10888184791092298
2018-08-03,0.255814982778213,26646551481.0621929881025170460637,2.35163461,104163373042.7911449,0.10878177319316329
2018-08-04,0.238889077959374,24883492141.6309979193665470994644,2.20375449,104163373035.6761606,0.10840094894571219
2018-08-05,0.243047012887549,25316596666.8489961168608460340861,2.24024075,104163373028.4201089,0.10849147034199294
2018-08-06,0.232718655942019,24240760167.7967386742906762921243,2.14967912,104163373020.8386697,0.10825739236003697
2018-08-07,0.227848561504497,23738001473.4779785478878856094993,2.10620197,104183240467.8555169,0.10817982546303336
2018-08-08,0.196504930474798,20472520422.6601855425178017116528,1.82842127,104183240457.0928136,0.10747245927345726
2018-08-09,0.22270501940347,23202130585.65507403125689196911,2.06138919,104183240448.749213,0.10803637686848937
2018-08-10,0.221446665391852,23071031185.3022850778361257183924,2.05167065,104183240440.6626487,0.10793480200725783
2018-08-11,0.219308742738963,22848295473.6629950197670381126182,2.03322588,104183240432.2278914,0.10786245881296919
2018-08-12,0.222790226252043,23211007705.8021798364219291507716,2.06406233,104183240424.3062412,0.10793774151773942
2018-08-13,0.222131796649227,23142410374.1473463278298108935995,2.05872734,104183240415.1127185,0.10789762798274541
2018-08-14,0.216387840321759,22548292663.2804749223828319439997,2.00754272,104203141127.3026083,0.10778741501538708
2018-08-15,0.215410038326716,22446402621.3446305554751520258352,1.99889063,104203141114.9920372,0.10776479467849424
2018-08-16,0.213798497102583,22278474961.8139582927766534437053,1.9844569,104203141105.9194091,0.1077365283683324
2018-08-17,0.237495803275499,24747808698.8414583908001985636679,2.19708637,104203141097.7548821,0.10809579746994606
2018-08-18,0.222985421663407,23235781354.4845921561062600681333,2.0672919,104203141089.4593819,0.10786353957242661
2018-08-19,0.228479111139933,23808241052.1723034148741393636988,2.11671794,104203141080.9841836,0.1079402724483608
2018-08-20,0.212872436283965,22181976508.53270440049465195622,1.97837684,104203141072.443308,0.10759953916765674
2018-08-21,0.219366066334517,22862993675.4573422902466676059071,2.03648081,104223018890.2278563,0.10771820940189317
2018-08-22,0.208272886483582,21706828979.5116886666746356480332,1.93652687,104223018876.8369626,0.10754970132874118
2018-08-23,0.215606906949969,22471202729.7587473297725261411279,2.00278655,104223018861.6968991,0.10765346259688481
2018-08-24,0.21863405101619,22786700819.867740516464406301828,2.03008221,104223018847.9669612,0.10769714149467373
2018-08-25,0.217597436621518,22678661736.4727486535637200691162,2.0206913,104223018839.6901259,0.10768465060522503
2018-08-26,0.212007784056786,22096091270.2842168004252121168754,1.97042904,104223018832.0151889,0.10759473178328006
2018-08-27,0.224383908826316,23385968353.2969731903312178475664,2.08186143,104223018823.5059404,0.10778042457240586
2018-08-28,0.236649506405711,24669030189.4503864461748662398378,2.19129527,104242897287.7631798,0.10799526181869183
2018-08-29,0.226207314172644,23580505813.2383915680720936890288,2.09777482,104242897270.9586252,0.10783202849800819
2018-08-30,0.221152510828374,23053578465.6560674575785103644628,2.05169269,104242897262.6354622,0.10779027088524354
2018-08-31,0.22235449584643,23178876864.871119497606652306539,2.06255499,104242897255.7393273,0.10780536612331969
2018-09-01,0.229606181223182,23934813557.0070261453802006049998,2.12765578,104242897249.1027489,0.10791509763068065
2018-09-02,0.225038506792284,23458665939.1000276650146116244568,2.08667035,104242897242.2615002,0.1078457394059795
2018-09-03,0.220662428909911,23002490900.4615045395681645704528,2.03866637,104242897234.9100848,0.10823861724364003
2018-09-04,0.231259796701822,24111827348.0495607019438484520098,2.13283138,104262944497.6053359,0.10842854192337606
2018-09-05,0.206964515437933,21578729782.9227526222712001922757,1.91532872,104262944482.3551929,0.10805691643256568
2018-09-06,0.206792262052275,21560770135.615007984916558012615,1.95395554,104262944472.0937506,0.10583263427389704
2018-09-07,0.20592342671479,21470182802.916719894400473251949,1.94606811,104262944461.6495931,0.10581511800981622
2018-09-08,0.193305790478343,20154630894.9885143389343881653918,1.83019603,104262944452.4919026,0.10562026543044299
2018-09-09,0.189997510145552,19809699844.681026861425750443776,1.79981076,104262944443.352688,0.10556527073188071
2018-09-10,0.189546286535129,19762653940.688282084704577370554,1.79587861,104262944434.026826,0.1055451551567447
2018-09-11,0.200080157356063,20864926714.0446805400546408551031,1.89242433,104282838387.1840937,0.1057268997149614
2018-09-12,0.197143603792669,20558694569.3163242187788872816986,1.86570531,104282838366.5816994,0.1056670647481134
2018-09-13,0.207063338873938,21593152695.2719595928995855729194,1.95691506,104282838346.4736013,0.10581110192587408
2018-09-14,0.201565315635702,21019803224.3696680203395261204184,1.90642263,104282838334.9429892,0.10572960709960832
2018-09-15,0.202847257918601,21153487801.9387726892452667604487,1.9182773,104282838323.7366287,0.10574449164289282
2018-09-16,0.207063929685875,21593214299.94134123933444776845,1.95693288,104282838313.2648348,0.10581044030793484
2018-09-17,0.196003014606128,20439750679.0364054095903776848144,1.85509603,104282838302.8214923,0.10565653283519127
2018-09-18,0.207839355704501,21678212345.634603072768725768299,1.96321129,104302730693.872799,0.1058670336520431
2018-09-19,0.205809324237327,21466474515.3709087276093113237225,1.94503823,104302730670.3415175,0.10581248278977375
2018-09-20,0.233208740873374,24324308486.0972098919750005976998,2.19552948,104302730656.6722877,0.10621981758740677
2018-09-21,0.248513142367893,25920599349.7676896099752329487897,2.33796024,104302730643.4983029,0.10629485399969546
2018-09-22,0.23998436229875,25031024296.627118662759200283,2.25953498,104302730631.5345576,0.10620962473382464
2018-09-23,0.282062377919822,29419876221.8261428196612077818492,2.63850886,104302730618.6467986,0.10690219092909242
2018-09-24,0.257629627860293,26871473671.0186095655153693695843,2.41937156,104302730606.7081351,0.10648617687325919
2018-09-25,0.253189585659941,26413402243.8514000224616442453889,2.38003835,104322625178.3011629,0.10638046469290756
2018-09-26,0.244073195698095,25462356505.0886313456929797439835,2.29743286,104322625154.5628693,0.10623735733373946
2018-09-27,0.259257763428099,27046450470.0623028232008962512983,2.43515323,104322625145.0834717,0.1064646611285726
2018-09-28,0.252792235786039,26371949650.811456562220288061487,2.37665375,104322625134.469833,0.10636477264979763
2018-09-29,0.254210665207813,26519923929.1041859317942785620172,2.38950796,104322625124.4202844,0.10638619726875193
2018-09-30,0.259290912002601,27049908608.4788270010740071262679,2.43570311,104322625114.6337279,0.10645423530399031
2018-10-01,0.257107902315371,26822171305.0920999034700238289284,2.41684746,104322625106.2161804,0.10638151830871898
2018-10-02,0.246413661498829,25711421797.3744117405111602031265,2.31924955,104342517541.3685285,0.10624715287702827
2018-10-03,0.240091241382499,25051724560.2521612780259408991322,2.26194133,104342517519.5843678,0.10614388543070612
2018-10-04,0.242687299035533,25322603749.0888904600233573709596,2.26322474,104342517510.0790412,0.1072307556321309
2018-10-05,0.245515647629579,25617720759.2879442136408213078322,2.28851019,104342517499.8972118,0.10728186778560028
2018-10-06,0.239594451328559,24999888228.2743594397433166315084,2.23519111,104342517490.0719476,0.10719193104188705
2018-10-07,0.242705172710065,25324468726.035354332453229285052,2.26250797,104342517480.2018008,0.10727262662861028
2018-10-08,0.247513302825257,25826161124.1613005570359141305259,1.26139172,104342517470.2404787,0.19622239380583298
2018-10-09,0.244984673294139,25567165296.8180848966646032103655,1.24871859,104362305417.0456645,0.19618885732624433
2018-10-10,0.239295075695326,24973385768.6668808966004133535824,1.22030568,104362305392.6248024,0.1960943717768535
2018-10-11,0.205407621872667,21436812961.5446308852391926560681,1.05013388,104362305381.4108043,0.19560136643974102
2018-10-12,0.212051105934089,22130142271.5646698698978027912526,1.08360302,104362305370.1181534,0.19569076684013767
2018-10-13,0.211821675755762,22106198406.8814068334999678485054,1.08246342,104362305359.0164567,0.19568483501803877
2018-10-14,0.206433446460697,21543870373.5710762919712954673079,1.055354,104362305347.9990607,0.1956058786537001
2018-10-15,0.218278393766437,22780036378.505746961666085593854,1.11498299,104362305336.005542,0.19576836214015877
2018-10-16,0.226457766210664,23638161198.039596969486937824748,1.15605053,104382205978.5312195,0.19588915911025448
2018-10-17,0.239072300786388,24954894138.9965746496269472026116,1.21937423,104382205955.7366557,0.1960614673531259
2018-10-18,0.238626141525128,24908323047.9004178283760911647456,1.21755632,104382205942.3338652,0.1959877646769786
2018-10-19,0.244495080737396,25520935866.1173897178042946470676,1.24695365,104382205928.8324681,0.19607391240034944
2018-10-20,0.245352882672776,25610475121.3004519394661157332264,1.25123178,104382205916.2712789,0.19608907525732444
2018-10-21,0.240967932961806,25152764395.143306194652867489018,1.22925005,104382205905.920603,0.19602841013657554
2018-10-22,0.241410550771287,25198965816.1346596660515990235674,1.2314398,104382205896.2461302,0.1960392629597379
2018-10-23,0.239977900157622,25054199437.6017739337309703580992,1.22546113,104402111282.5210336,0.19582661112851618
2018-10-24,0.235776646003061,24615579628.1041970819060172925592,1.20438098,104402111258.2313272,0.1957658331693855
2018-10-25,0.233656529618572,24394234998.9210943523982175577352,1.19383373,104402111247.4065366,0.1957194907020863
2018-10-26,0.232202735155007,24242455785.3503265305427511751685,1.18656032,104402111237.6960955,0.1956939999097619
2018-10-27,0.227528362930781,23754441454.1628741132069801450309,1.16508255,104402111227.7306889,0.19528947792650486
2018-10-28,0.23128430569116,24146569805.719985006245463999988,1.18401724,104402111217.8858043,0.19533863011248045
2018-10-29,0.219946731501014,22962903122.1247547388338162345498,1.12762355,104402111208.5445607,0.1950533327376978
2018-10-30,0.221397700014905,23118795527.558276114381767185598,1.1356161,104422022116.7693516,0.1949582257726929
2018-10-31,0.224334188607158,23425429599.0344727180203316178696,1.15065079,104422022093.3681612,0.1949628771446444
2018-11-01,0.223841501241699,23373982185.636529045659340105584,1.14817882,104422022082.481616,0.19495351886189557
2018-11-02,0.234685071890718,24506289757.2409767369161569108278,1.20253599,104422022073.2762421,0.19515845998980702
2018-11-03,0.235224384577479,24562605876.3784684090833722194464,1.20522873,104422022064.1621216,0.1951699115050792
2018-11-04,0.242934419764531,25367703338.5746879445717882325019,1.2440638,104422022055.0173049,0.19527488844585866
2018-11-05,0.246310323247578,25720222004.1647853151888222540638,1.26066529,104422022045.3861771,0.1953812206946524
2018-11-06,0.265530601871919,27732531797.7631362728069695267212,1.35611724,104441942293.1152948,0.19580209884502245
2018-11-07,0.255563736356767,26691572998.2030078012050290704559,1.30620044,104441942267.3550577,0.19565430276287993
2018-11-08,0.255568380983563,26692058089.6064677058058595936661,1.30621174,104441942257.8068447,0.19565616596246718
2018-11-09,0.254776052255332,26609305735.9890211425351297635172,1.29744212,104441942248.6445121,0.19636795224077666
2018-11-10,0.261426396744935,27303880628.777892849081038405445,1.33059773,104441942239.740147,0.19647290150189495
2018-11-11,0.272181841988886,28427200217.2905379762487895575514,1.38419561,104441942230.8535399,0.19663538882982443
2018-11-12,0.266121998901913,27794298433.2729436255128215668431,1.35383054,104441942221.8354087,0.19656965258141765
2018-11-13,0.254142616113582,26548208320.164242721314959246026,1.29446479,104461851877.291043,0.19633026566414527
2018-11-14,0.226238565666262,23633299530.4118011051139321865964,1.15470479,104461851854.5361122,0.19592762377495807
2018-11-15,0.236468356425244,24701922414.728474821302572876506,1.20604277,104461851844.1710615,0.19606962730288907
2018-11-16,0.23512687948775,24561789247.369812679540425726275,1.20033401,104461851834.5516101,0.19588454340950484
2018-11-17,0.24261323660666,25343827973.224462047615225466754,1.23791085,104461851825.1478869,0.1959860329252789
2018-11-18,0.247440442202518,25848086797.2059911393759300581816,1.26212626,104461851777.8536212,0.19605046661695952
2018-11-19,0.221081808064938,23094615062.707767983007284310177,1.13068711,104461851768.1211665,0.19552872417988207
2018-11-20,0.186353434610049,19470537626.0439696912364701307641,0.95649913,104481775003.4322809,0.19482865040352831
2018-11-21,0.200706978505742,20970221365.0737465515981481183394,1.02920769,104481774979.6069607,0.19501115319663226
2018-11-22,0.184138006466328,19239065754.690531711550009130772,0.94539977,104481774968.1060115,0.19477263725833993
2018-11-23,0.178457107986531,18645515396.3757786781741639694892,0.91723258,104481774958.4008932,0.1945603676512788
2018-11-24,0.147051991672144,15364253099.7051450981877081458848,0.76007454,104481774949.0950242,0.19347048734475963
2018-11-25,0.156477011960571,16348995946.7879805018550434112584,0.80867811,104481774938.9769304,0.19349727663652352
2018-11-26,0.141084320975434,14740740270.1467566071691814979122,0.73015801,104481774928.8629733,0.19322436930526035
2018-11-27,0.143290939207933,14974150922.7592804936524584668436,0.74212395,104501729177.9344292,0.19308221922757376
2018-11-28,0.158771302700892,16591875672.1847239327160417603556,0.82136655,104501729153.4228143,0.1933013983840613
2018-11-29,0.163011926664501,17035028206.7088444131561200649955,0.84305422,104501729138.9302455,0.19335876957534356
2018-11-30,0.15683922486525,16389970193.414836536820525432575,0.81176864,104501729127.3687723,0.19320680442305582
2018-12-01,0.162662270766016,16998488557.344697954634978901888,0.84166193,104501729118.219618,0.19326319151207896
2018-12-02,0.158279711996109,16540503586.5518970582699109960983,0.81927648,104501729109.5305587,0.1931945025397397
2018-12-03,0.147607839650247,15425274472.074614093431307642217,0.76470916,104501729099.378511,0.19302480913167955
2018-12-04,0.1452789788174,15184799952.86898929916616187476,0.75285382,104521659475.2819974,0.19297103230133042
2018-12-05,0.132283608668635,13826502295.791619974264379792959,0.69823176,104521659447.8189634,0.1894551583683833
2018-12-06,0.118648427115144,12401330491.8239182520859031734696,0.62709892,104521659438.3411109,0.1892020912986806
2018-12-07,0.114040978279421,11919752292.3855960193448291761817,0.60308338,104521659426.4918477,0.1890965363353588
2018-12-08,0.116089924372531,12133911536.9863084371670499950675,0.61392658,104521659416.7875425,0.18909414929148533
2018-12-09,0.120940116435003,12640861658.8319074145962549795605,0.63934005,104521659408.4023535,0.18916399251853996
2018-12-10,0.115087376806718,12029123599.7636144893035695451596,0.60875639,104521659399.4124122,0.18905325463067088
2018-12-11,0.11036662488788,11537902345.692089768548100001208,0.58464428,104541589066.5614966,0.188775685768926
2018-12-12,0.111710137931216,11678355331.5654643622101605623168,0.5917105,104541589043.2097848,0.18879188037260788
2018-12-13,0.103394425540759,10809017543.2548320575558758456549,0.54827328,104541589033.6739811,0.1885819158299288
2018-12-14,0.0954532605118726,9978835531.52276740471612667897766,0.52217025,104541589024.9405041,0.18280103187010868
2018-12-15,0.0936940837205817,9794928393.55681199327452697220375,0.51265842,104541589016.0967375,0.18276123060766603
2018-12-16,0.0950064638686824,9932126698.84750133440153469179728,0.51980376,104541589007.8347922,0.18277371419683924
2018-12-17,0.108361393474007,11328272259.9037324539105672717228,0.59437887,104541588998.8631604,0.18231030567087117
2018-12-18,0.113350162453004,11852066148.4305695491779724947188,0.62142699,104561527676.1914047,0.18240302445345027
2018-12-19,0.113133598295354,11829421866.5538201215831315863722,0.62033508,104561527652.2112793,0.1823749807851492
2018-12-20,0.124297177523175,12996702763.46198805503603401164,0.67605658,104561527642.4018128,0.18385617594784004
2018-12-21,0.118192165931939,12358353424.0652051196518234634133,0.64323427,104561527632.7347047,0.18374668677391673
2018-12-22,0.120552928556925,12605198369.05743513863111318907,0.6559471,104561527620.6688764,0.18378452859525565
2018-12-23,0.124796288768234,13048890593.4556095096894774928136,0.67892935,104561527608.3202804,0.18381336551179295
2018-12-24,0.132518720295519,13856359828.9161095955227632575546,0.720452,104561527594.1104134,0.18393830580735288
2018-12-25,0.119229080472777,12469152439.30956707879799050595,0.6488921,104581469469.24235,0.18374253666021978
2018-12-26,0.119344330681936,12481205472.479988589034425143144,0.6495983,104581469443.6017165,0.1837202016722273
2018-12-27,0.107845846401568,11278677088.6329376349742939856256,0.58770309,104581469430.3234092,0.1835039635431694
2018-12-28,0.119783091078271,12527091676.4691259407224281831655,0.65209288,104581469418.6129305,0.18369022995354742
2018-12-29,0.118185404177625,12360003231.6378484502916127075875,0.64350914,104581469409.3829467,0.1836576931566582
2018-12-30,0.115971270957573,12128445924.507914586785429977176,0.63158781,104581469396.373112,0.18361860238811925
2018-12-31,0.109661805634126,11468592768.6599574945794305962356,0.59758684,104581469385.2807606,0.1835077319208134
2019-01-01,0.113944503008533,11918755628.3645518386007301439726,0.62068524,104601409578.0644022,0.18357856070257605
2019-01-02,0.118140705633788,12357684334.8931135824891830937956,0.64330204,104601409553.1086887,0.18364733560271004
2019-01-03,0.111916083631596,11706580098.091690647189563237256,0.60975244,104601409540.270086,0.1835434781230166
2019-01-04,0.113782152974541,11901773580.1102125144955773652965,0.61984725,104601409526.6175865,0.18356482661581705
2019-01-05,0.112230608460259,11739479835.5048651956234099517177,0.61148795,104601409513.5359603,0.1835369093704283
2019-01-06,0.120529753237208,12607582075.3402119278941918688256,0.65624124,104601409500.3407232,0.18366683757516977
2019-01-07,0.123073787393892,12873691632.4376188593440934072612,0.6699629,104601409488.0818161,0.18370239216812154
2019-01-08,0.122901963325753,12858170113.1303704846547557066551,0.66902921,104621356446.9238767,0.18370193930060694
2019-01-09,0.12339383149649,12909630024.571617933729787517765,0.67168408,104621356416.3362485,0.1837081377550142
2019-01-10,0.106979742954276,11192365815.482169110979271710264,0.5855364,104621356402.640414,0.18270383011931624
2019-01-11,0.104648271872534,10948444147.1955304190732240234498,0.57291025,104621356390.2058147,0.18266084761537085
2019-01-12,0.105333566135937,11020140561.4372230567474801964161,0.57979923,104621356379.5543553,0.18167248365600105
2019-01-13,0.101999729273428,10671350025.8648726955220165644124,0.56161002,104621356369.0788283,0.1816202091149086
2019-01-14,0.108409679328599,11341967693.7470237623615944589631,0.59665411,104621356358.4903769,0.18169602372905636
2019-01-15,0.104671097545699,10952920027.1473501109087416007775,0.57622217,104641302938.1424725,0.18165059068397005
2019-01-16,0.106089421980074,11101335340.1895482750644957072886,0.58395959,104641302902.7025039,0.1816725400126985
2019-01-17,0.107931861908123,11294130653.3875357566968862930942,0.59404956,104641302889.7960154,0.1816883121807598
2019-01-18,0.105816515576333,11072778055.4648586030752911973256,0.58253876,104641302873.7208232,0.18164716726545885
2019-01-19,0.106879899257551,11184051907.2578506912146779617857,0.58834096,104641302854.4065007,0.18166319621457427
2019-01-20,0.103067878736133,10785157111.4452002159764715940212,0.56754493,104641302835.5476964,0.1816030296246907
2019-01-21,0.101837784739782,10656438471.1757908782065370465678,0.56146855,104641302817.0766029,0.18137754062944758
2019-01-22,0.102294375617944,10706257731.2516653018928685727136,0.56393952,104661254996.4440444,0.18139245786133945
2019-01-23,0.100737422016456,10543305010.4672272488185240716008,0.5554954,104661254967.8402693,0.18134699588233497
2019-01-24,0.101010271427426,10571861771.0348730716146837381116,0.55698555,104661254955.9433566,0.1813516911299153
2019-01-25,0.099386607507357,10401927066.2101130887878554366151,0.5481695,104661254942.6251443,0.18130634321566053
2019-01-26,0.0980361619842357,10260587741.79703931136065872538847,0.54087358,104661254930.0629571,0.18125522415836196
2019-01-27,0.0938255738150998,9819902298.89658129197693238452498,0.51788103,104661254918.0724251,0.18117206149663337
2019-01-28,0.0863227512772386,9034647475.5506714751780270667608,0.47693404,104661254905.262828,0.18099515664102855
2019-01-29,0.081985816512256,8582374162.8381373986176829979392,0.45333644,104681206188.3309357,0.18084982648263617
2019-01-30,0.0846037458214129,8856422158.37482629704063859818389,0.46772698,104681206161.5987941,0.1808827573329486
2019-01-31,0.0808045613451878,8458718943.78539644340940417857698,0.44714355,104681206146.8995691,0.18071279647260438
2019-02-01,0.0806107116552126,8438426523.31812506786634382321626,0.44609502,104681206133.1363251,0.18070300729923547
2019-02-02,0.0819983145251728,8583682464.28972348155051274445984,0.45371696,104681206119.8477978,0.18072569851735937
2019-02-03,0.079016641644674,8271557349.8446199685510029434546,0.43737323,104681206106.4373529,0.18066181518396543
2019-02-04,0.0775783497118627,8120995214.59839931324983336974673,0.42947135,104681206093.7227899,0.18063684506978803
2019-02-05,0.0761802512784697,7976160989.20737442681751428336764,0.42171108,104701164085.8373212,0.18064560048664052
2019-02-06,0.0731779707051609,7661818716.00052955968303789973706,0.40518973,104701164054.8291034,0.18060174107858284
2019-02-07,0.0734430563304672,7689573488.59431005026663772644224,0.4066518,104701164041.8940292,0.1806042819199797
2019-02-08,0.0799822971893023,8374239616.45347175633941999522151,0.44305061,104701164016.7486137,0.1805263222395796
2019-02-09,0.0796358316915761,8337964273.40493973029109731958538,0.44149399,104701163989.8140458,0.1803780651500513
2019-02-10,0.0795650212522756,8330550335.8921892002764712870524,0.44115907,104701163963.478879,0.1803544949269106
2019-02-11,0.0762880914062729,7987451965.07098419666419528680022,0.42316369,104701163940.9582118,0.1802803340860198
2019-02-12,0.0761644496837768,7976027409.13002731023702543888576,0.42247154,104721132263.7435032,0.18028303086114822
2019-02-13,0.0756334178658446,7920417153.1395481916799573163346,0.4195616,104721132227.403151,0.18026773152224754
2019-02-14,0.075432726070802,7899400479.4508389552106332823154,0.41845989,104721132205.0905777,0.18026273932921505
2019-02-15,0.0787735287266896,8249253113.82605119533539477177072,0.43699273,104721132176.8690307,0.1802627900164142
2019-02-16,0.0772931995313878,8094231361.68235377605573568659218,0.42883772,104721132140.4205531,0.18023880812393978
2019-02-17,0.0789388347224694,8266564139.46976716903783529790454,0.43793418,104721132108.5887041,0.18025273734621355
2019-02-18,0.0826321008328618,8653327145.2362820705583612998965,0.45827462,104721132078.4301925,0.18031131820667223
2019-02-19,0.0897195211973577,9397321363.67642432889386782006548,0.49711433,104741100245.1179124,0.180480657633341
2019-02-20,0.0910681344589558,9538576591.61240062028400226138834,0.5045027,104741100147.5100523,0.18051069787922996
2019-02-21,0.087486951847902,9163479575.7488457083838809813358,0.48480304,104741100040.6067129,0.18045875258517768
2019-02-22,0.0901373490318093,9441085082.85733909059343833461277,0.49934916,104741099935.4507089,0.18050966388290168
2019-02-23,0.0937854375449604,9823189876.1866125055766244249702,0.5194132,104741099826.6912255,0.18056036609189063
2019-02-24,0.0826605535029484,8657957277.01749091150788187966012,0.45828279,104741099715.8236093,0.18037018912045202
2019-02-25,0.0856178866643572,8967711595.55025410004007532982676,0.47453875,104741099610.4803433,0.18042338305218952
2019-02-26,0.0841407765319685,8814677624.6734861608273826168208,0.46805714,104761068152.5435168,0.1797660356852339
2019-02-27,0.0835634732677521,8754198707.56837921171282871919849,0.46487768,104761068026.9162969,0.1797536790059529
2019-02-28,0.0839848011814879,8798337458.81382719390808743839811,0.46721753,104761067896.0942109,0.17975524416108254
2019-03-01,0.0847754363230359,8881165223.90483499358522096789554,0.47159167,104761067699.6488606,0.17976449058787636
2019-03-02,0.0832099786244808,8717166191.79421869991004023943352,0.4629746,104761067553.3761519,0.1797290361598256
2019-03-03,0.0873178054879772,9147506505.55622519131715814140468,0.48567117,104761067395.5353419,0.17978791182514953
2019-03-04,0.0815664097848502,8544984139.78754509138990497730048,0.45390993,104761067237.4433024,0.1796973460898954
2019-03-05,0.0852162915501412,8929052474.1585937402369187909374,0.47401534,104781049629.5153395,0.17977538775462668
2019-03-06,0.0844582012312311,8849618949.20167801314915416297946,0.46990335,104781049326.0807286,0.17973526094510942
2019-03-07,0.0848056701376936,8886027015.18612058138062168949256,0.47184509,104781048257.2502621,0.17973201784868334
2019-03-08,0.0857647648717999,8986521946.46054862483207708282322,0.4770696,104781048020.0521678,0.17977411445164374
2019-03-09,0.089602422621581,9388635729.2191370063625122694649,0.49822408,104781047816.8684829,0.17984362101001017
2019-03-10,0.101152180816575,10598831478.72043200467022768528,0.56175063,104781047656.6975424,0.18006598553627792
2019-03-11,0.101743373239236,10660777223.6108361050606601239256,0.56499439,104781047494.3015446,0.18007855483173205
2019-03-12,0.105401420672242,11046176828.9575058578945810200652,0.58573196,104801024108.6491606,0.17994821500305702
2019-03-13,0.108053387800583,11324105680.9452314843482771062702,0.60038716,104801023933.1351394,0.17997284918715284
2019-03-14,0.105997947629822,11108693417.9233547140596264079842,0.58714102,104801023664.3296911,0.18053234916174313
2019-03-15,0.105557174097508,11062499862.1647537202979990897816,0.58472039,104801023300.8494102,0.18052589904981423
2019-03-16,0.107959870579764,11314304880.3568127189414091615372,0.59779403,104801023006.0202223,0.1805971039552938
2019-03-17,0.10839854401759,11360278289.731504385421909685067,0.60019358,104801022861.4145813,0.1806059705230269
2019-03-18,0.115402810810035,12094332579.3025648862591127976875,0.6375534,104801022560.9763625,0.18100885480343293
2019-03-19,0.111197216076866,11655802667.3627770372626276547598,0.90482183,104820993533.7374503,0.1228940465294322
2019-03-20,0.108617054033778,11385347481.3054641261765686695042,0.88414403,104820993191.0399689,0.1228499547000029
2019-03-21,0.105276602003727,11035197924.1276641619761017157612,0.85738679,104820992643.1420756,0.12278775837417207
2019-03-22,0.10816364799661,11337820922.439179510865833478628,0.88052332,104820992379.9400948,0.1228401855349044
2019-03-23,0.106301559026432,11142634876.3896792287342285197824,0.86566772,104820992076.1279782,0.12279718484412472
2019-03-24,0.103860700599814,10886781652.5908536542399613408718,0.84612485,104820991864.2735437,0.12274867071900084
2019-03-25,0.0999147830627056,10473166579.55982233754140327152064,0.81970773,104820991033.7988644,0.12189074154846095
2019-03-26,0.101661463846337,10658266010.4706867080037081873692,0.83361456,104840768637.5717916,0.12195260102743045
2019-03-27,0.107418783546039,11261867796.5487032881753677014157,0.88015359,104840768297.4918363,0.12204549838402523
2019-03-28,0.105957659740074,11108682435.9499686596590546301292,0.86876617,104840768125.6910558,0.12196338140108978
2019-03-29,0.107167372560161,11235509621.7468856435433386462216,0.87806027,104840767794.6901256,0.12205013280029287
2019-03-30,0.106779200257704,11194813297.8445172607248972383176,0.87494655,104840767404.3880469,0.12204082667415969
2019-03-31,0.107747551383569,11296335947.3513826053616128886905,0.88275854,104840767166.3712745,0.12205778420854362
2019-04-01,0.110289594149487,11562845639.8546048115927266840161,0.90293907,104840766973.7389103,0.12214511234903923
2019-04-02,0.122466501934444,12841928101.5790227758095577738652,0.99885801,104860740681.9970533,0.1226065173511939
2019-04-03,0.121045778898387,12692949830.0692721890885381131246,0.98721927,104860739016.1410458,0.12261286076636956
2019-04-04,0.117714718527064,12343652332.3284057273960717913536,0.96058373,104860738629.6426024,0.12254498473242305
2019-04-05,0.127992298032816,13421366744.500331697750906341616,1.04268974,104860737331.704301,0.12275204514126707
2019-04-06,0.12474334328537,13080678820.153406821730583210604,1.01664915,104860736257.7199692,0.1227004845136299
2019-04-07,0.132179518999944,13860441593.583193015075950665436,1.07609391,104860735599.9613315,0.1228326986814227
2019-04-08,0.131115035380604,13748818815.689587067194129546822,1.06741608,104860733750.1696305,0.12283404553977113
2019-04-09,0.125295438849693,13141074098.5113907480966659162285,1.02062108,104880706106.7537745,0.12276391435075298
2019-04-10,0.12606791937376,13222092371.440791320284538703968,1.02684691,104880705869.6715593,0.12277187392399128
2019-04-11,0.115400819394875,12103319383.8521709500173271928375,0.94293146,104880705763.7728053,0.12238516190230303
2019-04-12,0.114012937253429,11957757312.11308564507876156161,0.93178978,104880705647.75709,0.1223590768010237
2019-04-13,0.115819777304838,12147259962.2402194359025689909846,0.94634046,104880705566.1020217,0.12238700784793455
2019-04-14,0.117979319306677,12373754241.2554841695388501591593,0.96372189,104880705482.7209509,0.1224205038101573
2019-04-15,0.112543809128175,11803674089.7999286513494674072175,0.92003652,104880705400.3018881,0.12232537152783347
2019-04-16,0.11490205913158,12053309843.117943762416048886724,0.93903907,104900729666.7773878,0.12236131892955208
2019-04-17,0.116757450976896,12247941789.2041114205783272743936,0.95400001,104900729561.3856616,0.12238726389205802
2019-04-18,0.117929209572753,12370860109.7619356972134695895329,0.96343236,104900729467.9618193,0.12240528185367679
2019-04-19,0.11562309106333,12128946580.762158774433904985389,0.94492062,104900729337.1770833,0.12236275578717927
2019-04-20,0.115579319855585,12124354939.186167767359994789393,0.9445992,104900729251.0062058,0.12235805392973549
2019-04-21,0.111452514945056,11691450084.193658520238022168448,0.91141608,104900729157.680508,0.12228499956359778
2019-04-22,0.112879776093527,11841170809.0096115488453427000207,0.9229594,104900729065.9272841,0.12230199518367439
2019-04-23,0.109727551907477,11512696024.9920559677170018511535,0.89744103,104920740733.3723955,0.12226714429078087
2019-04-24,0.102493887997887,10753734638.8433869010095715100072,0.83916098,104920740630.5543256,0.12213852936523219
2019-04-25,0.096967162242688,10173866469.6174201145459136529664,0.79736789,104920740530.2262578,0.12160906334300471
2019-04-26,0.0969523914100691,10172316645.00586028154795422392678,0.79726963,104920739932.8718658,0.12160552435700968
2019-04-27,0.098245414054553,10307981524.6758034264163682411924,0.80780571,104920739801.1683508,0.12162010349562026
2019-04-28,0.0955291005922023,10022983888.22058400088124355664544,0.78576235,104920739607.9967328,0.12157505458514561
2019-04-29,0.0938409594871123,9845862865.86139517504449817487262,0.77220277,104920739511.5517994,0.12152372813569717
2019-04-30,0.0997113879495783,10463787894.84104878103007184562055,0.81969093,104940750600.4463585,0.1216451034166967
2019-05-01,0.0997215800608242,10464857450.61789649119835152721662,0.81977354,104940750479.8355511,0.12164527786640221
2019-05-02,0.0978128705148469,10264556028.58865355968533129258605,0.80429887,104940750379.3747545,0.12161259223806556
2019-05-03,0.100236958601359,10518941642.9092151667846707148212,0.82380155,104940750294.9376268,0.12167609857174827
2019-05-04,0.0974472932465396,10226192059.11233124335764849403996,0.80121383,104940750208.8362851,0.1216245771076363
2019-05-05,0.0962835966856319,10104072860.46129030177832777797877,0.79180768,104940750120.2028683,0.12159972568797502
2019-05-06,0.0962400917867477,10099507415.98585963634127047481818,0.79149704,104940750039.6478834,0.1215924847763773
2019-05-07,0.0931941901291823,9781733839.83598452019522514594994,0.76672462,104960768759.0493678,0.12154845129295876
2019-05-08,0.0914627833246135,9600004039.34670365386037386999365,0.75265444,104960768636.0803299,0.12152028668642877
2019-05-09,0.08850823235543,9289892090.438671071491115505596,0.72863261,104960768543.3425572,0.12147168702129595
2019-05-10,0.0919518964871831,9651341715.74400750587362970991092,0.75679907,104960768450.1567532,0.12150106961307854
2019-05-11,0.106334038441336,11160902371.2861933383081984125456,0.87347144,104960768300.3934046,0.12173728134870214
2019-05-12,0.0985443234157692,10343287880.43232669348349794568976,0.81041504,104960768128.6000828,0.12159735265496702
2019-05-13,0.0998233690379292,10477537479.04172105458230916775616,0.82076523,104960768004.7408848,0.1216223170637104
2019-05-14,0.112977223044099,11860436092.0959112318215821350065,0.92799912,104980771986.8133435,0.121742812691567
2019-05-15,0.139760784887189,14672195075.9910615107326295530349,1.14523248,104980771879.8520441,0.12203704254632124
2019-05-16,0.137390328071166,14423342662.4996603875228703432856,1.12693867,104980771681.6033716,0.12191464516091724
2019-05-17,0.13028863801235,13677801741.83774900282317748941,1.06927546,104980771543.1121206,0.12184759015450518
2019-05-18,0.131620900556926,13817663679.089474208128548643989,1.08008613,104980771447.5661015,0.1218614857658861
2019-05-19,0.143555865325758,15070605473.6449432256847654314532,1.17583122,104980771349.5134254,0.12208883629213213
2019-05-20,0.135725291119536,14248545738.722917590810247445184,1.27376718,104980771241.624644,0.1065542378941935
2019-05-21,0.134829016799649,14157172066.8683260184641180484889,1.26114163,105000929346.7248761,0.10691028952842435
2019-05-22,0.122710486275278,12884715092.3591901908137665263354,1.14891685,105000929288.5918843,0.10680536739910985
2019-05-23,0.125562813564324,13184212099.3472239868683662536904,1.17536527,105000929216.9384546,0.10682875933906401
2019-05-24,0.125410826066309,13168253265.931373093440348990892,0.98846234,105000929177.907388,0.1268746627881736
2019-05-25,0.125302057421446,13156832454.8861069008475114439238,0.98765352,105000929159.7973153,0.1268684360295157
2019-05-26,0.133348240648325,14001689158.8284463756688004932625,1.05046333,105000929076.7821085,0.12694230901741713
2019-05-27,0.139293006306139,14625895062.0571786311444210830029,1.0968036,105000928976.3787511,0.1269990418577574
2019-05-28,0.13908395777011,14606731172.230878228304999837021,1.09499197,105020962923.5180911,0.12701824449919025
2019-05-29,0.135983095702852,14281075624.8786229904596417715336,1.07061096,105020962723.8182018,0.1270144812480268
2019-05-30,0.128609855940679,13506730869.1876039968986633408476,1.01303504,105020962587.9493444,0.12695499253478834
2019-05-31,0.133796577989673,14051445398.6601715820354702670201,1.05344839,105020962492.3645137,0.12700819447801615
2019-06-01,0.133190122671762,13987754863.6951852033063770324402,1.04879926,105020962388.9832721,0.126992960189314
2019-06-02,0.136798974609206,14366759955.4186768284899056092256,1.07693455,105020962302.2412176,0.1270262659965789
2019-06-03,0.128607366496452,13506469375.3245305056072961164476,1.01385036,105020962198.9044063,0.12685044220574326
2019-06-04,0.119855443439563,12589734825.9226075835974626557875,0.94528459,105040993255.1037625,0.12679297293904157
2019-06-05,0.121794052998691,12793368282.7824782022479602108677,0.96052153,105040993117.4552247,0.12679991982968983
2019-06-06,0.124940944097874,13123920837.891103394168276379108,0.99951254,105040993027.956642,0.12500187751308653
2019-06-07,0.127632287148167,13406622170.0894368226509602230869,1.02085037,105040992915.2631107,0.1250254600467716
2019-06-08,0.124504357351095,13078061304.971402427461215313373,0.99610046,105040992807.1194734,0.12499176774910334
2019-06-09,0.118583332959236,12456111014.1147161167997555617472,0.94912964,105040992720.2552752,0.12493902620008368
2019-06-10,0.123335041683901,12955235207.9307303604845139890118,0.9868516,105040992657.4969918,0.12497830644840723
2019-06-11,0.123002505474507,12922769860.5630172177374858940905,0.98411058,105061029535.2181915,0.12498850025015176
2019-06-12,0.126715211141982,13312830536.870613193442237198853,1.01520288,105061029507.7663415,0.12481762378568312
2019-06-13,0.124528473483899,13083089625.0109394645823325148785,0.99784862,105061029489.7939715,0.12479695916590934
2019-06-14,0.125319367120313,13166181722.8526384189039823128195,1.00410037,105061029475.2959515,0.12480760974155702
2019-06-15,0.127092889607945,13352509819.3947283872080704191175,1.01818325,105061029461.0849615,0.12482319818946637
2019-06-16,0.130254692816334,13684692117.122546945645646928341,1.04325305,105061029443.4357615,0.1248543609015416
2019-06-17,0.130704696801228,13731969997.395683488252645446522,1.04696741,105061029430.9383115,0.12484122767606301
2019-06-18,0.123316661037323,12958244479.2277567935844993815705,0.98817264,105081052067.2937835,0.12479262837850176
2019-06-19,0.12421242851535,13052372665.440615631131798540225,0.99530915,105081052044.8653935,0.12479783644644481
2019-06-20,0.121173037372681,12732990245.0844732999871964142935,0.97118399,105081052032.4151135,0.12476836379137696
2019-06-21,0.123100441308675,12935523876.8252742807557885326125,0.98655698,105081052019.8654735,0.12477783220253025
2019-06-22,0.128586302345054,13511983924.128876960855041837749,1.03015632,105081052007.1588935,0.1248221263594772
2019-06-23,0.127525760100279,13400541027.7145289577440948578265,1.02178188,105081051994.3351535,0.12480722412133498
2019-06-24,0.127527542631604,13400728336.343068557778609132534,1.01788163,105081051981.4884835,0.12528720321989112
2019-06-25,0.1233266392987,12961763570.97178187930777457648,0.98427982,105101084767.0801104,0.12529632000247654
2019-06-26,0.121062244238182,12723773190.8714403755513269564328,0.93683484,105101084743.1363804,0.12922474599490985
2019-06-27,0.10733776481867,11281315514.856340496310072498368,0.83147459,105101084729.2592704,0.12909325926444726
2019-06-28,0.110864256405262,11651953604.3806930982284542436048,0.85868153,105101084715.5932504,0.12910986498715304
2019-06-29,0.115042693294005,12091111852.042292081453846229702,0.89078146,105101084700.2864204,0.1291480553423339
2019-06-30,0.104443153357319,10977088705.8942820857256007806776,0.80936339,105101084686.1322504,0.12904358493076762
2019-07-01,0.105600817423927,11098760453.4486162189079002057008,0.81839865,105101084671.4701904,0.1290334697203215
2019-07-02,0.102521520118068,10777177532.1513392856315527934324,0.79464176,105121125006.1440593,0.12901602367092813
2019-07-03,0.105723068186175,11113727864.2235418473653999526775,0.81931988,105121124981.4715593,0.12903759662974978
2019-07-04,0.0995046827006971,10460044184.41654091776501373462703,0.77158302,105121124961.3206493,0.12896173207738176
2019-07-05,0.100022292518745,10514455909.0181528158652736193785,0.77560894,105121124943.6984993,0.12895969522830023
2019-07-06,0.103295269704462,10858514950.8264848847275946169566,0.80076935,105121124925.6018393,0.1289950342186074
2019-07-07,0.105903914494375,11132738623.9184492360110099226875,0.82084729,105121124909.0302093,0.1290178036579435
2019-07-08,0.104361924520844,10970642901.5467232701905607518492,0.80941383,105121124892.2070093,0.12893518822237568
2019-07-09,0.101486631376025,10670423281.6912978377245307969,0.78721156,105141171177.074436,0.12891913245789352
2019-07-10,0.0947330471135143,9960343520.2498335615282913284948,0.73524325,105141171151.338636,0.12884585763081036
2019-07-11,0.0866041551653507,9105662299.1248277676670678156492,0.67259986,105141171133.644356,0.12876029317839985
2019-07-12,0.0980533883060427,10309448078.4293990174103195491652,0.76096924,105141171116.409676,0.12885328756001058
2019-07-13,0.0956540005452877,10057173637.7308456633052418391742,0.74249799,105141171099.992246,0.1288272855059011
2019-07-14,0.0864250285324592,9086828710.8097151773086639172832,0.67133888,105141171083.292346,0.1287353244496419
2019-07-15,0.0860584990207626,9048291367.2973313443600995587736,0.67176285,105141171066.838236,0.12810845229199946
2019-07-16,0.0788225028227005,8289070681.25691532770393332061305,0.62066511,105161221534.6922861,0.12699683219296876
2019-07-17,0.0805551033075599,8471273062.56178588609045153905339,0.63418505,105161221508.4426261,0.12702144793157755
2019-07-18,0.0888814169848849,9346878377.82719365242172556665689,0.69953764,105161221489.2649161,0.12705737604753464
2019-07-19,0.0934889039819849,9831407336.74355030256704061332189,0.73412482,105161221471.1388661,0.12734742299270702
2019-07-20,0.0954687190534753,10039607106.23888966806296430499833,0.74969331,105161221453.2318361,0.12734369878994292
2019-07-21,0.0910521973403478,9575160286.68501334667846827960158,0.71530584,105161221435.3666061,0.12729128192263578
2019-07-22,0.0882771787965995,9283335945.41302170760874454859695,0.69364849,105161221416.0453261,0.1272650053582608
2019-07-23,0.0842260818645312,8859008074.0842672588326059328064,0.66186694,105181291566.346997,0.12725530884581
2019-07-24,0.0857191591242957,9016051866.4659011161291234887579,0.67353872,105181291540.579847,0.12726686169474516
2019-07-25,0.0855994572667206,9003461468.9040173333872405013922,0.67263401,105181291522.094587,0.12726007902383732
2019-07-26,0.0880417674623331,9260346808.1202564831834246426747,0.69172932,105181291505.558537,0.1272777731357883
2019-07-27,0.0842441766211942,8860911297.3697127411250032060094,0.66210322,105181291488.110757,0.12723722536977572
2019-07-28,0.0838721936362677,8821785645.1094535193205459713269,0.65921272,105181291470.296897,0.12723084839180243
2019-07-29,0.0832219331703976,8753390407.8789249103703746285592,0.65417956,105181291450.611767,0.12721573442373774
2019-07-30,0.083518317101904,8786239801.0213343361252290760816,0.65642325,105201351103.6255179,0.12723241765416443
2019-07-31,0.0837274149172378,8808237170.85586573365288228272862,0.65816257,105201351069.5697579,0.12721388108904125
2019-08-01,0.0829003616452506,8721230047.26871691562455989621374,0.65170002,105201351045.8353979,0.1272063205479886
2019-08-02,0.0819962748548801,8626118893.59384282478414890714879,0.64465354,105201351023.0879679,0.12719432961599825
2019-08-03,0.0823340199059832,8661650127.41853531241750760036328,0.64730127,105201351000.5855379,0.1271958263050885
2019-08-04,0.0822718258410943,8655107225.90420502171691683189297,0.64684232,105201350977.9313679,0.1271899244951912
2019-08-05,0.0822423999448183,8652011579.98966847413646848599757,0.64663431,105201350955.1625179,0.12718533284263603
2019-08-06,0.0780449987437687,8212005336.8646556107033736597085,0.61366809,105221416734.538955,0.12717786701891035
2019-08-07,0.0785416948623529,8264268403.8277426792352581533865,0.61937928,105221416704.989185,0.12680710737103268
2019-08-08,0.0767235616401302,8072961848.551570372519581877625,0.60528273,105221416680.544375,0.12675656819108352
2019-08-09,0.0717271256601241,7547229774.6782326297113911985915,0.60345363,105221416656.795315,0.1188610393480011
2019-08-10,0.0736564478242273,7750235784.2956473033308323355665,0.61968204,105221416634.029105,0.11886167916731508
2019-08-11,0.0780347683923512,8210928875.995428635561269256652,0.65630842,105221416621.776585,0.11889953871436117
2019-08-12,0.0753449833503787,7927905881.6642522284757803546095,0.6337999,105221416597.796685,0.11887818750110042
2019-08-13,0.0741328228716843,7801847787.97986445771594374165867,0.62354557,105241477199.4315969,0.11888918218388482
2019-08-14,0.0691123511629228,7273485926.89978584795645185883532,0.58156044,105241477167.4248169,0.1188394987164581
2019-08-15,0.0702235205853342,7390427036.91080766605632877137398,0.59086453,105241477147.6760469,0.11884876654439587
2019-08-16,0.0687914686137207,7239715769.98529225535894137287983,0.57901115,105241477117.4300169,0.11880853868482619
2019-08-17,0.0676698463578169,7121674585.26587944530371432497561,0.56963525,105241477091.7123169,0.118795047107455
2019-08-18,0.0707765644771051,7448630187.43228304534655177527419,0.59567673,105241477068.8929969,0.11881707126129488
2019-08-19,0.0716034156720383,7535649227.05385159921029459840727,0.60273601,105241477048.6512169,0.11879730841374203
2019-08-20,0.0689357293909673,7256281389.11063029274441021874162,0.58026025,105261545111.9231394,0.11880139883951604
2019-08-21,0.0667587484134274,7027129005.52138624566153682801756,0.56202636,105261545078.7570094,0.11878223721290833
2019-08-22,0.0683501857661353,7194646157.80848826941587871639182,0.57524653,105261545044.3024094,0.11881894492459656
2019-08-23,0.0691867598576946,7282705237.41324279021374340677724,0.58227727,105261545018.0428894,0.118820986877428
2019-08-24,0.0704813278134169,7418973458.86064329219699831895886,0.5931399,105261544993.8836094,0.11882749383984605
2019-08-25,0.0692831560283153,7292852044.16148745904698903911182,0.5831266,105261544973.2251694,0.11881323202940029
2019-08-26,0.0694812674181608,7313705553.65577904201429656786352,0.58478281,105261544951.9584494,0.11881550933099555
2019-08-27,0.0681172161088234,7171490767.665228644103074495221,0.57324378,105281618617.650565,0.11882765846813621
2019-08-28,0.0640809236258737,6746543360.1672120949877223990345,0.53946279,105281618591.452185,0.11878654990434784
2019-08-29,0.0614479323037908,6469337770.79986787646365270901,0.51744234,105281618571.252825,0.11875319732009329
2019-08-30,0.0620000298098363,6527463488.8411231551833484141495,0.52214262,105281618555.053365,0.11874156108887703
2019-08-31,0.0620723150235576,6535073791.652971160168760827988,0.52275909,105281618531.108255,0.11873981000226624
2019-09-01,0.0623688126345219,6566289539.1531677484772033598325,0.52524771,105281618517.115175,0.11874171261883634
2019-09-02,0.0632036942305877,6654187223.4488228347494937069475,0.53221795,105281618494.833175,0.11875528480500835
2019-09-03,0.0630137661125044,6635455766.03762897339452876214028,0.5353542,105301685257.0075887,0.11770481321058919
2019-09-04,0.0617663719697112,6504103059.68513961626701400299944,0.52480504,105301685241.8432687,0.1176939382474513
2019-09-05,0.060409059183208,6361175735.2663262124044571462296,0.51528396,105301685231.9155487,0.11723450344390304
2019-09-06,0.0581964505260501,6128184314.36001539011006570557687,0.63828916,105301685222.4844187,0.09117568364477643
2019-09-07,0.0607265268440219,6394605613.84647685844742088299153,0.66598772,105301685213.6337987,0.09118265250299495
2019-09-08,0.0611754869200772,6441881865.89597413044729877258764,0.67299847,105301685204.5980387,0.0908998900399836
2019-09-09,0.0602400444520077,6343378196.97981679813869009626799,0.66284932,105301685194.3641387,0.09088044995204597
2019-09-10,0.0595303819994091,6269843656.56362981713501172865384,0.65489867,105321744057.1079224,0.09090014184852307
2019-09-11,0.058677452851877,6180011670.2999127464995288763448,0.64565349,105321744041.9659224,0.09088071815716041
2019-09-12,0.0584376880089944,6154759218.30635631079333244925056,0.64303885,105321744032.0200624,0.09087738323896666
2019-09-13,0.0578511655567314,6092985650.16454848152765658206136,0.63369867,105321744022.4172924,0.09129128447868037
2019-09-14,0.0589230093979557,6205874112.28444858534917007618968,0.64890968,105321744012.9552824,0.09080309820305917
2019-09-15,0.0583096373366162,6141272696.56513377655208721174688,0.64221689,105321744004.5481424,0.09079430679036829
2019-09-16,0.0586455711226977,6176653828.26053227862394780796848,0.64592039,105321743995.6002224,0.09079380683848315
2019-09-17,0.0639627893339285,6737953264.36698262277205990098095,0.70389937,105341767213.9087667,0.09086922372714795
2019-09-18,0.0836616477763828,8813065823.62390277225165922778476,0.91887601,105341767199.9496567,0.09104780935175662
2019-09-19,0.0809807873363626,8530659246.37309017234292513801942,0.88948473,105341767189.0501567,0.0910423581261059
2019-09-20,0.0721606023412069,7601525371.22013393485233741561423,0.79326933,105341767177.5631267,0.0909660812692795
2019-09-21,0.0697296533052566,7345444903.14382477324512017710322,0.7658273,105341767167.3707467,0.09105140715831964
2019-09-22,0.0682477671753459,7189340398.81381549176663973577553,0.74977299,105341767157.6356267,0.09102457421858569
2019-09-23,0.0637456443337673,6715078822.09174270079042063657491,0.70126726,105341767147.7615867,0.0909006422654999
2019-09-24,0.0541121144040134,5701350519.32974061047101474555606,0.59629517,105361813747.6971609,0.09074719556090552
2019-09-25,0.0571869103341853,6025316594.67078071840354856679077,0.63000373,105361813734.3040809,0.09077233611646285
2019-09-26,0.0589422849168564,6210266043.91830318818323792158276,0.64930136,105361813724.7048309,0.09077800933122394
2019-09-27,0.0587649571799566,6191582471.38137464645571622829494,0.64743893,105361813715.2864909,0.09076525129552622
2019-09-28,0.0583619367656788,6149119509.03191620927815232235492,0.64305179,105361813706.0876309,0.09075775493242745
2019-09-29,0.0580495340095956,6116204187.54898337691787404790404,0.63967549,105361813697.5565309,0.09074841058799298
2019-09-30,0.0615566560962896,6485720930.89867924344529684979664,0.67816469,105361813688.4081609,0.09076947975025004
2019-10-01,0.0588827861765905,6205180831.3723570601667240782767,0.64857566,105381916079.2241014,0.09078784451545792
2019-10-02,0.0597590309513441,6297521183.91040775402670261979074,0.65816486,105381916066.1734914,0.09079644718702257
2019-10-03,0.0586889679264016,6184755891.45323952498799717574624,0.64645736,105381916056.3392414,0.09078552052745072
2019-10-04,0.0588678309177561,6203604815.65133286063307551589554,0.64766714,105381916047.1251714,0.09089210688959162
2019-10-05,0.059004094231681,6217964504.1775270805027612537834,0.64916619,105381916037.2590314,0.09089212460630613
2019-10-06,0.0582579338056741,6139332688.23291382739445229677174,0.64101604,105381916027.2890814,0.09088373795712522
2019-10-07,0.0623902160537625,6574800508.4154716474167010243925,0.6861918,105381916016.2849314,0.09092241564787353
2019-10-08,0.0617854690569438,6512312153.74661796829392358310502,0.6936058,105402002333.9893629,0.08907865109683887
2019-10-09,0.0631878868520094,6660129796.41041563004136924348126,0.70864486,105402002317.4524129,0.08916721254707104
2019-10-10,0.061619203250658,6494787402.9598349420855474103282,0.69116863,105402002303.4049929,0.08915219900917379
2019-10-11,0.0600232458588172,6326570297.56029508853718921917388,0.67336974,105402002291.5995729,0.08913861478066595
2019-10-12,0.0609571116439847,6425001620.42199166649839562142663,0.68381545,105402002279.0239329,0.08914263584419554
2019-10-13,0.0614753419839714,6479624135.10531323947867356168306,0.68959067,105402002266.1241929,0.08914758371654218
2019-10-14,0.0657761873859355,6932941851.06333954378814581762795,0.73744054,105402002253.2617329,0.08919524194579198
2019-10-15,0.0634863571878242,6692859559.35825952622913114841524,0.71175863,105422012788.6288122,0.08919646985920522
2019-10-16,0.061838258446891,6519113671.4514800919348551188202,0.69344405,105422012766.5842622,0.0891755556153247
2019-10-17,0.0650342750552796,6856044173.90189278834442369893512,0.72913934,105422012747.4967022,0.08919320558849506
2019-10-18,0.0632697634138256,6670025804.10348181119309575246432,0.70949954,105422012731.0600822,0.08917520004850969
2019-10-19,0.0624444896788393,6583023784.91448089802902803952946,0.70031086,105422012715.1633122,0.08916681611768708
2019-10-20,0.0631786934857311,6660425026.58389094385853674488442,0.7085289,105422012693.0631622,0.08916883063729807
2019-10-21,0.0640157004073987,6748663979.79140693379965264849614,0.7178649,105422012675.6813722,0.08917513644614564
2019-10-22,0.0631983065590691,6663761871.10373747313532328111364,0.70854567,105442095428.2274604,0.08919440091853091
2019-10-23,0.0594674892599206,6270376676.27843470223968263162624,0.666984,105442095409.0034304,0.0891587943037923
2019-10-24,0.0604522699249786,6374214012.23076064100886998525344,0.6780161,105442095394.2866704,0.08916052277369017
2019-10-25,0.0642312025102213,6772672581.47314602323511154139352,0.72042249,105442095380.2848504,0.0891576864989616
2019-10-26,0.062845992193042,6626613102.1130300039568112180368,0.70495225,105442095364.7812104,0.0891492894632821
2019-10-27,0.0650150330637765,6855321315.6048176650890128188806,0.7291011,105442095351.7025804,0.08917149221661648
2019-10-28,0.0650964509371475,6863906185.788519657290353411234,0.73191162,105442095336.5924504,0.088940316232645
2019-10-29,0.0666325177336533,7025872286.51446860016601104616532,0.7486376,105442095323.4668804,0.08900503759583181
2019-10-30,0.064073890662431,6756085286.0394228379533227555024,0.72008345,105442095308.8896304,0.08898120164049181
2019-10-31,0.0649318410792586,6846549374.92896539256400372805744,0.72967628,105442095297.6178904,0.08898718905767172
2019-11-01,0.0693915049693541,7316785678.97263891729817117904064,0.78122214,105442095285.3523904,0.08882429390615337
2019-11-02,0.0709782340495595,7484093716.9003710199354454646238,0.79896127,105442095272.1184004,0.08883814111484968
2019-11-03,0.0686246658753406,7235928556.46783725348027660806224,0.77271828,105442095260.7942104,0.08880942466553347
2019-11-04,0.0746323514211933,7869391507.21957307741657026440432,0.89083773,105442095249.1241904,0.0837777172069186
2019-11-05,0.0827413399116792,8724420242.83472130106208539915968,0.98647611,105442095234.9508904,0.08387566518126748
2019-11-06,0.077046266788451,8123919798.5720859725246383156404,0.91911537,105442095213.7532604,0.08382654594107267
2019-11-07,0.074342269023777,7838804607.7642670318037734760408,0.88715257,105442095199.6658904,0.08379874165700381
2019-11-08,0.0713843124813263,7526911471.39787797135076637560252,0.85222534,105442095185.3654404,0.08376225058190159
2019-11-09,0.0731326583951647,7711260726.72862414439709858167888,0.87299781,105442095172.6057904,0.08377186925035322
2019-11-10,0.0790036427567427,8330309617.50332704236305888353908,0.94250784,105442095159.4964604,0.0838227963777391
2019-11-11,0.0797875092134649,8412962137.89676506994524934729896,0.95170481,105442095145.3513704,0.08383640428744382
2019-11-12,0.076889531164031,8107393259.5854501259170858181224,0.91739448,105442095131.1262104,0.083812942894567
2019-11-13,0.0759260509609898,8005801887.00952171057927929448592,0.89902743,105442095113.3470504,0.08445354215831859
2019-11-14,0.0740019198473945,7802917470.1567260590073969696928,0.87647914,105442095100.3402304,0.0844308968350285
2019-11-15,0.0721249060056306,7605001197.11148712313613768597024,0.85673528,105442095085.9580304,0.08418575456076773
2019-11-16,0.0712535549160692,7513124111.58022994801558619663168,0.84648174,105442095070.6258704,0.08417612755127973
2019-11-17,0.0715370580148464,7543017271.41175299960665235737856,0.85051234,105442095058.5683504,0.08411054684385462
2019-11-18,0.067019635088051,7066690732.8913808671004782861604,0.79728716,105442095045.8339404,0.08405959414679526
2019-11-19,0.0654486150222002,6901039084.97575879145400718245208,0.77880774,105442095033.4078604,0.08403693448424152
2019-11-20,0.063877422645167,6735369268.1130538899669220357668,0.76049711,105442095018.8831004,0.08399430031386576
2019-11-21,0.0606484080738244,6394895206.15330270054334848203376,0.72305466,105442095007.1616604,0.08387804052576663
2019-11-22,0.0593908458275964,6262295207.53895950587464604806256,0.70826338,105442094994.1941604,0.08385418123353547
2019-11-23,0.0611767641011608,6450606171.06074060169485784236032,0.72941379,105442094982.2408704,0.08387113726100626
2019-11-24,0.056095579870203,5914835460.0638142568309505469612,0.66921163,105442094969.8689604,0.08382337866752705
2019-11-25,0.0574586269466991,6058557998.63451116233559313181464,0.68522612,105442094957.3798504,0.08385352698857874
2019-11-26,0.0575978724317828,6073240333.63566079559746317037312,0.68692672,105442094945.9309504,0.08384864171797364
2019-11-27,0.05867417301662,6186727721.243634112874093517848,0.69956437,105442094931.4647604,0.08387244338447368
2019-11-28,0.0580357713880822,6119413315.41496900616189155741688,0.69199155,105442094919.2657204,0.08386774576666754
2019-11-29,0.0591872827144869,6240831081.29390171104616103445476,0.70565952,105442094907.4314004,0.08387512821266395
2019-11-30,0.0573463753012881,6046721946.42182450732575509881724,0.68385013,105442094895.3334204,0.08385810396978077
2019-12-01,0.0574723896200194,6060009159.49874892983685242237976,0.68536721,105442094883.5553804,0.08385634559321768
2019-12-02,0.0558510646309561,5889053255.50718452579291792433344,0.66659537,105442094871.7799104,0.08378555739286954
2019-12-03,0.055883124412812,5892433705.3924091450353959189648,0.68136549,105442094859.7048204,0.08201637041055895
2019-12-04,0.0547845310370289,5776595717.67837077803013095804056,0.66807434,105442094845.6046104,0.08200364503900703
2019-12-05,0.0554419137748193,5845911530.00585427755434717154472,0.67608074,105442094833.6916904,0.08200487086027522
2019-12-06,0.0554529706512903,5847077389.57350479931691808367912,0.68276547,105442094821.9742104,0.08121818265251507
2019-12-07,0.0555228634921648,5854447036.45133573513095400678592,0.68357906,105442094809.7804004,0.08122376289900513
2019-12-08,0.055877486685197,5891839248.1085619642427907399988,0.68793156,105442094797.5353604,0.08122535719279546
2019-12-09,0.0545286795688333,5749618199.61611632357309122467832,0.67158666,105442094785.3356504,0.08119380984850608
2019-12-10,0.0531769512733079,5607089135.88829882558263762083616,0.65503974,105442094772.7924704,0.08118125974052796
2019-12-11,0.0527305592386041,5560020623.85669093314332164726564,0.65209227,105442094757.5726404,0.08086364716239329
2019-12-12,0.051917240618433,5474262604.1487984509795988569532,0.64324827,105442094744.2492604,0.0807110458585967
2019-12-13,0.0526895439238122,5555695881.69868480519234279912488,0.65293278,105442094730.0680004,0.08069673561773419
2019-12-14,0.0508682891222167,5363658959.60451788726899626266368,0.63048833,105442094714.7983104,0.08068077821871295
2019-12-15,0.0509956556808085,5377088755.6097507505759149453334,0.63207047,105442094700.4970604,0.08068033249648335
2019-12-16,0.0470709715243985,4963261836.3580078646260803992644,0.58420065,105442094684.3083304,0.08057329536418437
2019-12-17,0.0433516683124433,4571090714.14497815896224948998032,0.53846942,105442094666.3529104,0.08050906272902797
2019-12-18,0.0467028308846346,4924444314.27021876505867480892784,0.57989872,105442094643.7826904,0.08053618549914131
2019-12-19,0.0451441467892307,4760093397.65010731939464876227328,0.56069137,105442094627.9938304,0.080515144702924
2019-12-20,0.0463141038535829,4883456120.45239906115096455548616,0.58178852,105442094613.1425704,0.07960642443337125
2019-12-21,0.0454575336572193,4793137564.14196430819297845191372,0.57140842,105442094599.4448204,0.07955348935393583
2019-12-22,0.0471571109541201,4972344553.57945521894433301159004,0.59265379,105442094584.9954204,0.07956940755262884
2019-12-23,0.0449186729617452,4736318962.35560675291066956989408,0.56554612,105442094569.2067304,0.07942530480404533
2019-12-24,0.0449793642981122,4742718383.27585504580402193605088,0.566301,105442094553.4552304,0.07942660228061084
2019-12-25,0.0443466626668596,4676004997.34021983143878725707984,0.55847764,105442094537.4681604,0.07940633517012355
2019-12-26,0.0446445101361409,4707410657.73430717170181577978136,0.56227999,105442094523.5892504,0.07939907329112122
2019-12-27,0.045726901928323,4821540314.7092481146937091293292,0.57590936,105442094508.5460004,0.07939947690435696
2019-12-28,0.0458698922124145,4836617509.0768563376897227565858,0.57776113,105442094493.6915604,0.0793924856322794
2019-12-29,0.0462197898221296,4873511445.13081838412826075280384,0.58217301,105442094476.9728704,0.07939184577129332
2019-12-30,0.0454782325155561,4795320088.99025470739674740061944,0.57294611,105442094464.6427704,0.07937610836655493
2019-12-31,0.0447600943801314,4719598099.16549355324591039919656,0.56399481,105442094448.7659604,0.07936259977309261
2020-01-01,0.0450786086991967,4753182915.30690079186853536229368,0.56798939,105442094431.6234504,0.07936523021881922
2020-01-02,0.0434955495367042,4586261840.94074603698992036210568,0.54819645,105442094416.3627204,0.07934299745411377
2020-01-03,0.0454794542954493,4795448913.11077677052339331272572,0.57328871,105442094400.6492204,0.07933080401225641
2020-01-04,0.0455768192566751,4805715277.78378315033287813959104,0.57451565,105442094383.9767104,0.07933085766536575
2020-01-05,0.0453682364324839,4783721867.18350998088533931146656,0.57188982,105442094367.1140704,0.07933037946449877
2020-01-06,0.0502222174442659,5295535790.21794791944442416307436,0.63267641,105442094349.8695204,0.07938057536279233
2020-01-07,0.0485537810935162,5119612366.27331581812726988284648,0.61139161,105442094332.7312004,0.07941519036140551
2020-01-08,0.0476017622689735,5019229506.6838234603179654844594,0.59945913,105442094314.1284204,0.07940785265706689
2020-01-09,0.0470754804198569,4963737245.53539442133959034497876,0.59291362,105442094297.6004404,0.0793968612491258
2020-01-10,0.0478729804558434,5047827318.76620330888680188256136,0.60316308,105442094281.5993604,0.0793698786335586
2020-01-11,0.0485910697235378,5123544154.28813977659141483122312,0.61215606,105442094266.2693604,0.07937693163331226
2020-01-12,0.0488847179584513,5154507038.25025869280302102576552,0.61734646,105442094247.7614504,0.0791852243851067
2020-01-13,0.0482052611748564,5082863691.24683334930171801495456,0.60889727,105442094231.3663304,0.07916813483965268
2020-01-14,0.0529189773533134,5579887795.62299262003324326994536,0.66771455,105442094210.7193004,0.07925389277995125
2020-01-15,0.0546191430959221,5759156830.80650524670187150244484,0.69209167,105442094188.3375604,0.07891894305839875
2020-01-16,0.0535680838322092,5648330939.66142468043472583560768,0.67896001,105442094164.7574704,0.07889725910692325
2020-01-17,0.0611634979475291,6449207308.80561369424473331681564,0.77445888,105442094144.7504404,0.07897578493454566
2020-01-18,0.0615847465017188,6493624637.32695959911171794410752,0.77490312,105442094125.4621504,0.07947412381268876
2020-01-19,0.0602570202220013,6353626396.78767995522428088211452,0.75834734,105442094105.8717804,0.07945833926443428
2020-01-20,0.0629193839119037,6634351598.27162210426466746338248,0.79140938,105442094085.9923304,0.07950295447838095
2020-01-21,0.0626864318802193,6609788647.14165052196333371154872,0.78854627,105442094068.6427704,0.07949619986182839
2020-01-22,0.060999276083372,6431891405.8583099201051213582288,0.76894234,105442094051.5325404,0.0793288038780281
2020-01-23,0.057934768291119,6108763286.1878074594155450282876,0.73084244,105442094037.4113604,0.07927121513512406
2020-01-24,0.0570335929470622,6013741469.85688018364304838820088,0.71958995,105442094020.6020804,0.07925846233269683
2020-01-25,0.0563425756089662,5940879153.79873361387671657944248,0.71095594,105442094004.1888804,0.07924903983356016
2020-01-26,0.0581653302235108,6133074216.24333359466407658839632,0.73384588,105442093987.5332404,0.07926096174786838
2020-01-27,0.059526958104875,6276647110.14620874903235680695,0.75101379,105442093968.3826804,0.07926213725699364
2020-01-28,0.0606283680001225,6392782074.572128393822195570224,0.76494125,105442093947.8234304,0.07925885550050085
2020-01-29,0.060901015117258,6421530556.1307476755783051196432,0.76861015,105442093925.1475304,0.07923524704592828
2020-01-30,0.0627980781283547,6621560851.04052450089938848306488,0.79245799,105442093904.6340904,0.07924467785144637
2020-01-31,0.060652157285195,6395290462.469189167131918722378,0.76488932,105442093879.6559404,0.07929533816107538
2020-02-01,0.0621312361506256,6551247633.76803792511126902295424,0.78343121,105442093858.9690904,0.07930656241104513
2020-02-02,0.0635298790465997,6698723468.09541453165166920419988,0.80080747,105442093840.3148004,0.07933227576735728
2020-02-03,0.0640873916730467,6757508765.61309333595616420010368,0.80773495,105442093822.2565504,0.07934210556698916
2020-02-04,0.0657382650843397,6931580312.97942584234388303447888,0.8283516,105442093795.5461904,0.07936034056593806
2020-02-05,0.0688485202444612,7259532127.03461138858175633936448,0.86714301,105442093762.6271504,0.07939696157437884
2020-02-06,0.0709155459468391,7477483642.98213942980238832625664,0.94288824,105442093734.8143104,0.0752109772276289
2020-02-07,0.0719133116868813,7582690149.19782712666197106176852,0.95538135,105442093700.4503204,0.07527183955064781
2020-02-08,0.0709807423639873,7484358085.16228429938924981464092,0.94313973,105442093670.7410204,0.07526004907458123
2020-02-09,0.0732151224810144,7719955800.63958369010565852178176,0.97251623,105442093641.8082904,0.0752842165739634
2020-02-10,0.0708756824911148,7473280347.89662207956509533638592,0.94176125,105442093609.9415504,0.07525865232946759
2020-02-11,0.0744186992729401,7846863453.12950633827306059263704,0.98829321,105442093583.9006104,0.07530022317257457
2020-02-12,0.0806221174367976,8500964849.65701932280644498416704,1.06930425,105442093558.5227304,0.07539679884073928
2020-02-13,0.0832455291685686,8777582872.38422304393007752605544,1.10390136,105442093528.0499804,0.07541029677558202
2020-02-14,0.0866595393996108,9137563255.82335374705939187344432,1.13705186,105442093497.4920004,0.07621423652533385
2020-02-15,0.0789484127264991,8324485913.78349366131368071721164,1.03679843,105442093467.0593204,0.07614634671707508
2020-02-16,0.0748468263051094,7892006052.59367043866060447978976,0.98338659,105442093435.2285904,0.07611129444536091
2020-02-17,0.0724454455420347,7638799435.55964676121326350804288,0.95212298,105442093404.3040704,0.07608832794061403
2020-02-18,0.0765657672127562,8073254775.52337148399366471204648,1.00588589,105442093371.7011204,0.07611774652963488
2020-02-19,0.0708626102020255,7471901959.1238479741175469598002,0.93193116,105442093338.3889804,0.07603845996739234
2020-02-20,0.0705398652364776,7437871052.16392261856720934819104,0.92732331,105442093307.5110004,0.0760682541631328
2020-02-21,0.0712401499389333,7511710534.88516472623110591183632,0.94109313,105442093276.3921104,0.07569936244134871
2020-02-22,0.0702522621034906,7407545571.43770994739866911333024,0.92816886,105442093245.7013904,0.0756890961667154
2020-02-23,0.073297404277491,7728631734.5284507106389833755964,0.96750769,105442093218.8706004,0.07575898882776942
2020-02-24,0.068854745317377,7260188472.8825932656552220328808,0.90934154,105442093198.0460904,0.07571934448015757
2020-02-25,0.0644714965349553,6798009544.38940181630806050349812,0.85211361,105442093169.0897204,0.07566068160201701
2020-02-26,0.0590879523086948,6230357370.57534629834747586414192,0.78171655,105442093136.4471804,0.0755874393457511
2020-02-27,0.0599756538109699,6323958473.16338338781833362234696,0.79352637,105442093104.8974104,0.07558117294951382
2020-02-28,0.0587411888702793,6193793904.11279150315917412699772,0.77779208,105442093073.5810204,0.07552299693033554
2020-02-29,0.0571918904671012,6030432636.01587755251510061471248,0.75742759,105442093044.3765604,0.07550806337421799
2020-03-01,0.0560742995301172,5912591506.73059260751751786407888,0.74273811,105442093013.6625604,0.07549673131774158
2020-03-02,0.0594090584288223,6264215462.85446266480265516083092,0.78659324,105442092982.4967404,0.0755270391451906
2020-03-03,0.0582745397354457,6144589435.45839171752967999153828,0.7755026,105442092950.9448004,0.07514422225721192
2020-03-04,0.058510467696,6169466171.4195219091349429184,0.77866008,105442092917.0130404,0.07514250338350464
2020-03-05,0.0595795612157909,6282193627.77182294055307398778336,0.79549403,105442092885.1486304,0.07489630213289081
2020-03-06,0.0612124267454764,6454366384.89337764651548864142256,0.81632605,105442092856.9108804,0.07498526691078448
2020-03-07,0.0584919226373367,6167510736.27306019602982146163968,0.78096726,105442092825.5861504,0.0748967666549001
2020-03-08,0.0505657897874217,5331762698.86081186550166998009268,0.67581406,105442092791.8957204,0.07482204467220126
2020-03-09,0.0519860109149846,5481513785.22715550122675567587384,0.69480597,105442092762.0578004,0.07482090419428118
2020-03-10,0.0519704658967688,5479874684.39041874674194984655552,0.69463119,105442092731.5782104,0.07481735148801597
2020-03-11,0.0504298931271148,5317433465.69306178482204042036192,0.67599046,105442092694.7001704,0.07460148642795167
2020-03-12,0.0333017942426149,3511410874.16877019826549741224896,0.44920611,105442092656.8384704,0.0741347757772371
2020-03-13,0.0403165304350179,4251059336.33812599284982923511216,0.54436328,105442092622.2799504,0.07406181114019648
2020-03-14,0.0365742291419792,3856463255.53779042541278767520768,0.49417163,105442092588.3962304,0.07401118745319152
2020-03-15,0.0378717432178127,3993275853.57699770364903151520308,0.51167329,105442092554.6091404,0.07401547815367243
2020-03-16,0.035105781361854,3701627046.3591698441696288405616,0.47447802,105442092520.4463304,0.07398821416818001
2020-03-17,0.0378696754196684,3993057817.89902062163921089423936,0.51167552,105442092482.9248304,0.07401111434775773
2020-03-18,0.0368345179954408,3883908651.58023387618862358090432,0.49777303,105442092443.3154104,0.07399862141072769
2020-03-19,0.041387221612831,4363955245.8096431599379026585024,0.55901315,105442092407.9792704,0.07403622189000564
2020-03-20,0.0396102336580235,4176585916.2391374919867463801694,0.53517345,105442092371.8313604,0.07401382422469481
2020-03-21,0.0395543908262337,4170697729.85348342530072990355748,0.53654741,105442092337.5047204,0.07372021575173329
2020-03-22,0.0368957489521168,3890364966.73245213293007938417472,0.5007088,105442092306.6599604,0.07368703915752389
2020-03-23,0.0394764292769788,4162477298.64439394824148825868752,0.53560796,105442092278.3864204,0.07370396301985281
2020-03-24,0.0405256348563973,4273107728.73124349732851269153892,0.54978529,105442092242.9226004,0.07371174819245764
2020-03-25,0.0405042239784076,4270850119.39923747782323569026304,0.5495217,105442092204.4077504,0.07370814287844793
2020-03-26,0.0428453266256089,4517700879.07472036779627634273656,0.58114777,105442092169.1483704,0.0737253566775433
2020-03-27,0.0414437909150089,4369920020.04758298635131133596156,0.56243185,105442092134.1202204,0.07368677807810653
2020-03-28,0.039957586720616,4213211538.9795185914858455755264,0.54236138,105442092097.2618304,0.0736733628058399
2020-03-29,0.0379632729664542,4002926923.02243618644533705514568,0.51537948,105442092059.8594204,0.0736608158447717
2020-03-30,0.0402057360701322,4239376922.49595754906399265441288,0.54696481,105442092021.4238004,0.07350698863082654
2020-03-31,0.0409238129050733,4315092444.71016345432357708315132,0.55672459,105442091984.9143404,0.07350818275347475
2020-04-01,0.0408963797412181,4312199833.14557673568383537930224,0.55635523,105442091951.2211504,0.07350767555688853
2020-04-02,0.0412294388455437,4347318280.23220320316589619147348,0.56044266,105442091912.0048804,0.07356584676395567
2020-04-03,0.0414286300143449,4368321412.11275226742135594992096,0.56311542,105442091872.2196704,0.07357040589359976
2020-04-04,0.0419050936222677,4418560729.96857625877148071815308,0.56958611,105442091832.4979804,0.07357112978451616
2020-04-05,0.0433882771666651,4574950703.66967997743214964786504,0.58967141,105442091791.2034904,0.07358043213705256
2020-04-06,0.0496986232521144,5240326793.04638602000330871515776,0.67495875,105442091754.9952304,0.07363208974195
2020-04-07,0.0484262288314569,5106162861.73275433192554524753976,0.65778441,105442091712.4125304,0.07362021369806697
2020-04-08,0.0513520332477693,5414665797.03669586770363078649572,0.69673132,105442091667.7511604,0.07370421247572062
2020-04-09,0.0521220722564765,5495860318.7204838882879710939256,0.70791985,105442091628.2273904,0.07362708116812447
2020-04-10,0.0476145927020756,5020582244.57023359433985712761264,0.64726876,105442091587.0058044,0.07356232162676227
2020-04-11,0.049741402271472,5244837492.0825961663936336051968,0.6760907,105442091548.9680144,0.07357208473873697
2020-04-12,0.0494351260089937,5212543080.51998343374057089459428,0.67191238,105442091511.4420644,0.07357376866458942
2020-04-13,0.0483487495404478,5097993271.64907835834096951231032,0.65660263,105442091473.0003044,0.07363471806448263
2020-04-14,0.0481840529411155,5080627315.8769026031013434260732,0.65441846,105442091433.9814344,0.0736288107476606
2020-04-15,0.0461157867124527,4862544997.18895676326452312902408,0.62583957,105442091392.8790904,0.07368627508237087
2020-04-16,0.049340024576538,5202515378.6292598177943600788152,0.66939494,105442091350.3789004,0.07370839190469232
2020-04-17,0.0490229262856731,5169079869.88749083040901176435624,0.66513052,105442091313.8787704,0.07370422016670218
2020-04-18,0.0506806788149474,5343876762.06976421929126614530296,0.68747339,105442091286.5452604,0.07372020437757948
2020-04-19,0.0491153556132035,5178825808.2441843597868268526164,0.66635688,105442091247.9758104,0.07370728372040444
2020-04-20,0.0498539992830432,5256709939.51981081328253492131328,0.67556423,105442091208.6740304,0.0737960908366081
2020-04-21,0.0511934653341004,5397946039.18557046976211901339616,0.69455939,105442091172.3268904,0.07370639008148808
2020-04-22,0.0548960087194199,5788349954.12115424671909773333096,0.74446154,105442091130.9983704,0.07373921387452723
2020-04-23,0.0619619675020612,6533399421.52333410715511215710048,0.83910771,105442091090.8937304,0.07384268641991289
2020-04-24,0.0611875789254828,6451746268.38041973126421825667712,0.82862418,105442091053.1150304,0.07384237680040039
2020-04-25,0.0616393173691666,6499378512.38750203081209374062064,0.82752702,105442091018.9806904,0.07448616888565958
2020-04-26,0.0621691847044199,6555248829.94830477974054315182996,0.83461409,105442090983.0953804,0.07448853961286456
2020-04-27,0.0674876560789511,7116039569.95899508978075025939044,0.90529169,105442090945.2571004,0.07454796815703799
2020-04-28,0.0686286040636513,7236343508.36709641032887815736052,0.92060036,105442090905.0630004,0.07454766155387045
2020-04-29,0.0722056379444649,7613513437.07474536043621383706196,0.96270633,105442090864.5732404,0.07500276636226635
2020-04-30,0.0682113654854018,7192348994.18423711038528077938472,0.91003118,105442090815.8406804,0.07495497625191458
2020-05-01,0.0724551482056439,7639822314.07477823694460782207056,0.96620197,105442090773.0566704,0.07498965066863185
2020-05-02,0.0753736186081668,7947551931.82834426010783076379872,1.0016633,105442090728.6414904,0.07524845784822784
2020-05-03,0.0728975998521253,7686475333.83106312252315814137812,0.96888326,105442090678.2017604,0.0752387855809639
2020-05-04,0.0732925231729504,7728116870.27346780875384426262016,0.97404245,105442090621.4023504,0.07524571765116644
2020-05-05,0.0721378906491511,7606369999.81440848613607125740444,0.95968341,105442090576.3470404,0.07516842523009863
2020-05-06,0.0708782272915222,7473548458.54652747108558027957288,0.94311405,105442090528.1366204,0.07515339983697857
2020-05-07,0.0721963810452914,7612537342.16923446119748081305856,0.96029098,105442090475.3330304,0.07518177567937939
2020-05-08,0.0729846663478717,7695655788.92855848310689810129668,0.96853174,105442090428.2584404,0.0753559881763624
2020-05-09,0.0717712270891258,7567708213.35174730822401457941032,0.95254771,105442090379.1172004,0.0753465955937533
2020-05-10,0.0640734459838497,6756038077.90281984929357543963988,0.85121017,105442090310.0130004,0.07527335579631256
2020-05-11,0.0622600465021314,6564829442.04956347984506678577056,0.82738451,105442090246.8298704,0.07524922904603495
2020-05-12,0.0702445782477865,7406735155.0552333857304388012596,0.93291552,105442090191.3327304,0.0752957548050937
2020-05-13,0.06994438934328,7375082606.367238007222866336512,0.92896889,105442090146.3743904,0.07529249913124647
2020-05-14,0.0693918807738774,7316824944.98592668601730166305296,0.92160742,105442090103.1457304,0.07529440330881602
2020-05-15,0.0674302351177808,7109984923.62185074724397974330432,0.88911451,105442090053.5612404,0.07583976457406011
2020-05-16,0.0681607130711801,7187008042.44195928685707533855604,0.89866071,105442090004.7888404,0.07584699354573997
2020-05-17,0.0692928056433493,7306378246.25187293519548739388072,0.91352683,105442089960.3613704,0.07585196555567975
2020-05-18,0.0701994409859809,7401975767.96167153616000479516536,0.92539613,105442089908.3779704,0.0758588011233426
2020-05-19,0.0697475068669135,7354322886.5435378102879571400754,0.91947259,105442089859.5910604,0.07585599356138882
2020-05-20,0.0709276634125918,7478761052.74823951706892080008072,0.93491044,105442089770.3015804,0.07586573042503601
2020-05-21,0.0665529508790408,7017482214.43819861034860782226432,0.87758126,105442089670.7103104,0.07583679587579252
2020-05-22,0.0680424778655037,7174541047.62036579147780539596848,0.898905,105442089598.8229104,0.07569484858300232
2020-05-23,0.0672377229784503,7089686007.81492612073072800808512,0.888393,105442089555.6973504,0.07568466093097345
2020-05-24,0.0648325654799395,6836081172.2748481007384757002908,0.85680904,105442089506.5469704,0.07566746200523222
2020-05-25,0.065963152715637,6955292649.3100530086621875225548,0.87175821,105442089453.9999004,0.07566679838396591
2020-05-26,0.0648879153602569,6841917372.46297886210782315082576,0.85771042,105442089401.0346704,0.07565247413020458
2020-05-27,0.0660130760683089,6960556664.03317703837819410130256,0.87868731,105442089334.4001104,0.07512692549105882
2020-05-28,0.0691955869082867,7296127251.58691978006526847360868,0.92079385,105442089265.8568204,0.07514775094152366
2020-05-29,0.0677747869735514,7146315133.94646319216639423621856,0.8998397,105442089205.4630704,0.07531873396289517
2020-05-30,0.072577205281061,7652692147.2419326316497914733844,0.96325181,105442089118.8393604,0.07534603571734892
2020-05-31,0.0702438859800458,7406662073.61397369536318982766432,0.93245757,105442088948.7518704,0.07533199176027473
2020-06-01,0.0760530024201514,8019187435.62973943009921130614056,1.00892923,105442088812.3272004,0.07537991779676302
2020-06-02,0.0794035288509986,8372473923.90293343421541436984344,1.0529771,105442088595.5075404,0.07540859991257036
2020-06-03,0.0827270385958316,8722911723.45230466595863162442864,1.09666074,105442088481.7195604,0.07543539727320922
2020-06-04,0.0823453531194711,8682666001.27520737449584233255344,1.07245062,105442088379.6311504,0.07678241924040392
2020-06-05,0.0793532702990658,8367174535.15105688737851323824032,1.03373021,105442088317.4308304,0.07676400431314259
2020-06-06,0.0800856056596982,8444393500.82659764822955831718128,1.04261319,105442088266.2576104,0.07681238490729068
2020-06-07,0.0786699603300919,8295124897.44281466616611337056376,1.02438743,105442088220.6783304,0.07679707699077477
2020-06-08,0.0798627944402507,8420899813.52069600934674628882328,1.0400709,105442088178.1288904,0.07678591376823513
2020-06-09,0.07843661961162,8270520956.776157380768705055448,1.02183955,105442088118.1233404,0.07676021114236575
2020-06-10,0.0788712666250884,8316351041.43360650458382781735936,1.02739812,105442088066.9391104,0.07676796860898324
2020-06-11,0.0711196271274363,7499001981.86317636350436674301752,0.93278678,105442087996.6936104,0.07624424858104904
2020-06-12,0.0727096211631368,7666654269.82092094851454059652672,0.95358888,105442087954.4872904,0.0762483945525212
2020-06-13,0.0740295910970113,7805834653.30332781086297050146252,0.97083856,105442087922.3046604,0.07625324554168028
2020-06-14,0.0709254444433975,7478526946.533651795497993544559,0.93043844,105442087888.5283204,0.0762279817710428
2020-06-15,0.0710194800153872,7488442249.06599772356853546121088,0.931808,105442087824.9677304,0.07621686014220441
2020-06-16,0.0710612697311144,7492848641.59540550279080716326976,0.93238003,105442087791.9472104,0.07621492035936721
2020-06-17,0.0716981334244534,7560000875.65311501278429504916136,0.94029204,105442087744.4307004,0.07625092032519323
2020-06-18,0.0705626794400332,7440276234.23573541085572476464128,0.92550201,105442087705.2827904,0.07624259988374656
2020-06-19,0.0693817784476508,7315759565.23552134104133543738032,0.91015935,105442087662.1854004,0.07623036388919237
2020-06-20,0.0698458522121419,7364692468.70455266902372267644976,0.91622522,105442087617.9714704,0.07623218689848105
2020-06-21,0.0684592329380797,7218484435.61737785379133199522788,0.89815197,105442087587.3146804,0.07622232676067024
2020-06-22,0.071951714437424,7586738973.0288123866195178727296,0.94363441,105442087549.2404904,0.07624956622493663
2020-06-23,0.0709093408654679,7476828924.90626176934370747614516,0.93002446,105442087511.3140204,0.07624459776624358
2020-06-24,0.0689908612115653,7274540422.84377156458323613826512,0.90507611,105442087474.9756304,0.07622658520018312
2020-06-25,0.0675282481323731,7120319444.59104955824605738607424,0.88601036,105442087445.1437504,0.07621609315310161
2020-06-26,0.0668191566370827,7045551354.26735420625582791465508,0.87684334,105442087402.1818604,0.07620421298641865
2020-06-27,0.0624955639412922,6589662712.54262935804467021357888,0.82045347,105442087357.3187104,0.07617197833448397
2020-06-28,0.0638454099040539,6731993286.21081530651010296750856,0.838175,105442087321.9793304,0.07617193295439963
2020-06-29,0.0650503550105929,6859045210.45562523330872399689016,0.85398685,105442087277.4435704,0.07617254880516358
2020-06-30,0.0668934394866532,7053383882.79622798153488274938128,0.87804751,105442087249.8796004,0.07618430520536776
2020-07-01,0.0684580342650992,7218358019.55310119191904867799168,0.89822234,105442087215.0738104,0.07621502073205974
2020-07-02,0.0676254845461203,7130572235.53311125208284126641512,0.8888311,105442087156.8038904,0.07608361650050308
2020-07-03,0.0671374471300482,7079112548.70153451582603512338328,0.8825847,105442087111.0720204,0.07606912643063969
2020-07-04,0.0676948515632382,7137886433.17787743477603616365728,0.88986475,105442087076.7389104,0.07607319153077836
2020-07-05,0.0671517676128328,7080622525.21840476704258923269312,0.88280266,105442087035.4764504,0.076066566918628
2020-07-06,0.0718899404602418,7580225356.69305151444276332181472,0.94371124,105442087003.6085104,0.07617789999008787
2020-07-07,0.0734711293110046,7746949206.74750922157721027898784,0.96726587,105442086972.0749104,0.07595753307309872
2020-07-08,0.0848696090221593,8948828691.07797640991561711246772,1.11559127,105442086916.4302804,0.07607589921545307
2020-07-09,0.0904281044400772,9534928041.33170386639706848178688,1.18532136,105442086842.0402304,0.07628994759706108
2020-07-10,0.0889505508399715,9379131702.0771606504229865936286,1.16614265,105442086794.3909604,0.07627758991575471
2020-07-11,0.0945325715730416,9967711612.05573022723915289955264,1.23777851,105442086745.2449604,0.0763727684794282
2020-07-12,0.0947794385955335,9993741782.2294667459233124417784,1.24086969,105442086704.8733904,0.07638146000288999
2020-07-13,0.0900314189101254,9493100674.80362805377693804627016,1.17867407,105442086659.5493004,0.0763836426045458
2020-07-14,0.0919913855737954,9699763646.15213713075847395344016,1.20429455,105442086622.0239304,0.07638611797570238
2020-07-15,0.0939393543887158,9905161538.67146920630072082999032,1.21580146,105442086579.4378804,0.07726537389477703
2020-07-16,0.101723196325887,10725906070.2206837183867780664348,1.31261653,105442086540.9938404,0.07749650716792894
2020-07-17,0.104429733417835,11011288980.676195974915648784134,1.34103088,105442086466.1102004,0.07787272834301548
2020-07-18,0.101095996724123,10659772821.8069974463596241710492,1.29918922,105442086405.2218004,0.07781468254803023
2020-07-19,0.0999217400460077,10535956743.85356498752880313267108,1.28416859,105442086366.8148404,0.07781045325677037
2020-07-20,0.0946176157439729,9976678804.19330716508053317581116,1.21731634,105442086293.8391804,0.07772639915765273
2020-07-21,0.0963467369886603,10159000932.95703493699449512873712,1.2393084,105442086057.9089104,0.07774234160654467
2020-07-22,0.0973898224802976,10268986037.19787026767916296815104,1.21651057,105442085996.9770704,0.08005670060088142
2020-07-23,0.0983248867830095,10367581149.9929947998800096255088,1.22812556,105442085815.6991904,0.08006094000926868
2020-07-24,0.095617203695768,10082077385.3713049958312341869472,1.18777742,105442085688.3679804,0.0805009441042986
2020-07-25,0.100788901556604,10627391986.2476352301015458794016,1.25106632,105442085607.8006904,0.08056239700914015
2020-07-26,0.0991311883563345,10452599225.7712714571425035212808,1.23122531,105442085372.7549264,0.08051425482500396
2020-07-27,0.0948288025702941,9998946685.50233957994986856109824,1.17869005,105442085257.6977664,0.08045270473802177
2020-07-28,0.0975686708841579,10287844101.63842513161875607894356,1.21227181,105442085132.5632764,0.08048415386658038
2020-07-29,0.0951358454386733,10031321907.81618512589098211686512,1.18272267,105442085068.5833264,0.08043799941593519
2020-07-30,0.0965668090016016,10182205679.61511320780033114263424,1.200747,105442084965.7177464,0.08042227796663377
2020-07-31,0.0967623956778336,10202828740.62945241525332924386304,1.20272802,105442084904.5464864,0.08045243319252976
2020-08-01,0.107656602821513,11351536619.2285493702109662963732,1.33586731,105442084570.0341364,0.08058929357400998
2020-08-02,0.102766807923311,10835946378.4536093767790354584704,1.27490221,105442083853.9604864,0.08060760042396585
2020-08-03,0.104808151488445,11051189889.047387864142512443948,1.29655198,105442083770.2282264,0.08083605833407852
2020-08-04,0.110196093087644,11619305668.3973189924175283422016,1.35988686,105442083678.5561264,0.08103328028895287
2020-08-05,0.107591379519245,11344659238.420711522867526824918,1.32766814,105442083641.9471564,0.0810378559805201
2020-08-06,0.106121125742616,11189632590.1998114443115258685824,1.31023551,105442083391.9432464,0.08099393195549706
2020-08-07,0.103014067624761,10862017884.6852909830325213056604,1.27439155,105442083155.5867964,0.0808339223724145
2020-08-08,0.102726581160984,10831704689.6175959485328907864576,1.26890641,105442082927.3302464,0.08095678322011471
2020-08-09,0.104825621163105,11053031809.447727986407545194722,1.29635317,105442082639.7927764,0.08086193144658643
2020-08-10,0.105766707994591,11152261947.0462797649820165165124,1.3076982,105442082470.9474364,0.08088005932453758
2020-08-11,0.100271807332036,10572868160.4874552605085060793504,1.24073517,105442082294.1476264,0.08081644637512451
2020-08-12,0.101564302808136,10709151566.1472399170556403289504,1.25701659,105442082208.5273364,0.08079790164753194
2020-08-13,0.101481946819992,10700467769.1564307684172150935488,1.25479846,105442082108.8193064,0.0808750967226976
2020-08-14,0.104992708070533,11070649727.2853391741953491782512,1.29738931,105442081938.1874864,0.08092613933325303
2020-08-15,0.107218704365575,11305363396.13347707504148059518,1.32458324,105442081799.3331464,0.08094523705854455
2020-08-16,0.114132791122651,12034399073.6446763847288720711264,1.41022696,105442081589.9621664,0.08093221471432585
2020-08-17,0.114550906244582,12078485980.9825085003987152397448,1.41218007,105442081402.5973164,0.08111635950547155
2020-08-18,0.108283766000365,11417665658.862625406160958220636,1.33119557,105442081307.2214264,0.08134324395352743
2020-08-19,0.102405495043139,10797848517.9452331070662369252296,1.25860625,105442081144.1472664,0.08136420349345874
2020-08-20,0.106807936252787,11262051066.2048633323726161806368,1.31385262,105442081003.7044064,0.08129369658888148
2020-08-21,0.0996185430287454,10503986451.93730805515308214331256,1.22725741,105442080686.7887364,0.08117167777275461
2020-08-22,0.10227237060329,10783811548.246476487367339578056,1.25838227,105442080638.5373064,0.08127289540029041
2020-08-23,0.102727920229822,10831845646.4396764522942918393808,1.26484398,105442080616.5136664,0.08121785916222014
2020-08-24,0.103269547491157,10888955941.1009371886541526027348,1.27207863,105442080512.9736964,0.08118173283923259
2020-08-25,0.0977321281765544,10305078911.77113820254379439532416,1.20482263,105442080347.9780464,0.08111744064481459
2020-08-26,0.0982335691931453,10357951888.56633347942405924350592,1.21353098,105442080275.0299264,0.08094854668905553
2020-08-27,0.0936985379243655,9879768742.5910274170237584706242,1.1570118,105442080116.1922764,0.08098321721901669
2020-08-28,0.0955555608793665,10075577057.3088035935959942391956,1.18101861,105442079608.8325064,0.08090944551616042
2020-08-29,0.0966575255578851,10191770490.89252947619916928207164,1.19328467,105442079466.3215764,0.08100122962099655
2020-08-30,0.0980818505587139,10341954276.84845890380277308212896,1.21188652,105442079425.8724064,0.0809331970774903
2020-08-31,0.0972175395652769,10250819519.87216205222156019831366,1.20069036,105442079337.8465414,0.08096803539363545
2020-09-01,0.0993508389855587,10475759037.10290861684363529117918,1.22622639,105442079242.2863114,0.08102161215561401
2020-09-02,0.0926665695448667,9770955748.39997439167535766644438,1.14466077,105442079019.3289314,0.0809554865280014
2020-09-03,0.0792083344953065,8351891423.9462539406083622110091,0.98322524,105442078503.0033214,0.08055970419891427
2020-09-04,0.081015821529905,8542476591.917112297146969590067,1.00576302,105442078233.6184414,0.08055160104206754
2020-09-05,0.0750563695474065,7914099572.6827128967902358757241,0.93270102,105442078006.2386714,0.08047205689493776
2020-09-06,0.0774342884573453,8164832276.16373562410311855953842,0.96210779,105442077906.6283514,0.08048400528733406
2020-09-07,0.0783307154078855,8259353358.2464273703046590247447,0.974321,105442077418.0107114,0.08039518332036925
2020-09-08,0.0773147627334211,8152229192.38395943920431436437754,0.96220116,105442077349.3490814,0.08035197414792257
2020-09-09,0.0781902358733499,8244540894.59834545282914224144286,0.97307491,105442077294.0574714,0.08035376831712772
2020-09-10,0.080922599364281,8532646969.0596398492731583985734,1.01222345,105442077195.8781814,0.07994539087617561
2020-09-11,0.0836205370783561,8817123122.32903588219127987078854,1.0467636,105442077154.6469014,0.07988483462584686
2020-09-12,0.0837280538086028,8828459906.82258840994725150918792,1.04721538,105442077120.3389814,0.0799530406138638
2020-09-13,0.0798928743335692,8424070614.00203224097313587146488,1.0005924,105442077084.7447914,0.07984557381564082
2020-09-14,0.0801144445179734,8447433431.14173434340363282056676,1.00344331,105442077043.2550614,0.07983953225815357
2020-09-15,0.0777923202905007,8202583827.25814193010245099625998,0.97465032,105442077015.1493714,0.07981562073513782
2020-09-16,0.0799977420749876,8435128077.69804842487233524849464,1.00270683,105442076975.0126214,0.07978178634226278
2020-09-17,0.080557385833681,8494138074.6166609464600924632034,1.00975488,105442076933.2520514,0.07977914980087147
2020-09-18,0.0778389131727361,8207496668.79858975369586504005054,0.98366145,105442076902.9102014,0.07913181224366991
2020-09-19,0.0785372791662581,8281133827.59976821230972410021434,0.9924151,105442076877.5191314,0.07913752941310355
2020-09-20,0.0769323862344437,8111910581.70548313300546952850318,0.97226721,105442076851.5518614,0.07912679296717585
2020-09-21,0.0703446428102411,7417285230.52124538611090107750654,0.8896152,105442076812.1577914,0.07907311252128009
2020-09-22,0.0714168518638495,7530341177.9726056080251290235743,0.90330963,105442076785.0226314,0.07906132016310898
2020-09-23,0.0673425372434468,7100736980.37715799385365612264152,0.85213739,105442076747.2366214,0.07902779297531681
2020-09-24,0.0702281095200425,7404997711.7669132307803545909595,0.88836354,105442076717.9214814,0.07905334512044754
2020-09-25,0.074331914161622,7837711393.6502733551734222957308,0.94003464,105442076691.4264314,0.07907359048132735
2020-09-26,0.0739010812793395,7792283477.7853807958555942126453,0.93453447,105442076663.6856614,0.07907796197109722
2020-09-27,0.0732081149874672,7719215670.76357226801324348800608,0.9260137,105442076634.3329114,0.07905726987350965
2020-09-28,0.073549691607383,7755232216.9087049553453097191962,0.93008874,105442076607.2964214,0.07907814431489946
2020-09-29,0.0740441276176939,7807366573.85863121295374933065846,0.93657509,105442076570.4713314,0.07905839949009737
2020-09-30,0.0746805227896672,7874469399.33040955637833703484608,0.9445678,105442076530.5612114,0.07906316813855734
2020-10-01,0.0729345752772981,7690373065.67445146550757439685834,0.92348564,105442076497.1286114,0.07897748716189902
2020-10-02,0.0709868618965103,7485002118.16232498305519369959842,0.89992955,105442076437.6722814,0.07888046558367852
2020-10-03,0.0711827553972303,7505657533.10153440735923626052642,0.90284553,105442076402.0266814,0.07884267356037117
2020-10-04,0.0730666088340578,7704294948.52139909370292770654892,0.92661009,105442076366.4930614,0.07885367278275353
2020-10-05,0.0732186659368178,7720328162.42786921424857622562692,0.92849021,105442076329.1416914,0.07885776839458307
2020-10-06,0.0722492972426567,7618115908.26203705764638181946438,0.92096112,105442076241.5973514,0.07844988857147053
2020-10-07,0.0722535690373527,7618566331.71854710121246344730478,0.9208517,105442076193.9109314,0.0784638493227006
2020-10-08,0.0730351077258468,7700973388.98107840195971535484552,0.93087739,105442076129.8574514,0.0784583539254797
2020-10-09,0.075200303005719,7929276070.6054067949381532103466,0.95836423,105442076077.8368614,0.07846735160985609
2020-10-10,0.0774681550344865,8168403092.3834960572254364033411,0.9870148,105442076021.3944414,0.07848732869505758
2020-10-11,0.0773052833426446,8151229559.58841543768428755085244,0.98491251,105442075976.3502514,0.07848949278006896
2020-10-12,0.0776068273290567,8183024979.71400446910432436017738,0.98884432,105442075927.3869414,0.07848235132609822
2020-10-13,0.0764021588116734,8056002224.59611927097760687348676,0.97346749,105442075850.9411614,0.07848455094445259
2020-10-14,0.0740252613960655,7805377224.3215805755548607967017,0.94334782,105442075814.6278214,0.07847080347953261
2020-10-15,0.0739629682063715,7798808897.5185034988614745892701,0.94271676,105442075766.3249014,0.0784572539119507
2020-10-16,0.078770367252442,8305711027.4493189912240565920188,1.00388909,105442075708.8933014,0.0784652089928002
2020-10-17,0.0815804080493037,8602007553.84336855086613047757318,1.03926919,105442075610.1720414,0.07849786064504011
2020-10-18,0.0794123843780397,8373406635.71044404880061780417058,1.01172601,105442075581.6769514,0.07849198655873214
2020-10-19,0.0853107991995529,8995347726.70339924045850445067606,1.08336488,105442075459.4283814,0.07874613694284875
2020-10-20,0.0810336344485581,8544354594.47181880442758060733034,1.02895498,105442075412.4752914,0.07875333325910731
2020-10-21,0.0837212647481449,8827743906.49277272904569096715786,1.06280659,105442075356.2299514,0.07877375388512119
2020-10-22,0.0853552502998307,9000034731.90810923780200041745898,1.08356585,105442075329.7932814,0.07877255480119709
2020-10-23,0.0838527269101153,8841605543.18917613523540320671242,1.06481355,105442075278.8016714,0.07874874142061332
2020-10-24,0.08544624306239,9009629189.085343831214711721646,1.08492674,105442075229.7653714,0.07875761552562527
2020-10-25,0.0830305753368402,8754916167.84159841382782747098228,1.0541525,105442075191.2710314,0.07876524064292424
2020-10-26,0.0813560211066534,8578347692.16169867490085321092676,1.0385042,105442075158.9601814,0.07833961683222215
2020-10-27,0.0818660910072279,8632130516.53268398316891561289606,1.04523628,105442075104.9486314,0.0783230476914061
2020-10-28,0.078455255920886,8272484984.1362944824870889689204,1.00201293,105442075066.0508814,0.07829764823582265
2020-10-29,0.0774942630902227,8171155902.07623530015425930041278,0.9898527,105442075016.0946314,0.07828868183137017
2020-10-30,0.076962874945094,8115125230.5339448433808904475516,0.98385257,105442074978.6614314,0.07822602419496041
2020-10-31,0.0777036397764259,8193233008.82336322142266155481926,0.9924744,105442074945.2339714,0.07829284037595922
2020-11-01,0.078621786143327,8290044264.1236145701265637703178,1.00425029,105442074910.5205814,0.07828903504058435
2020-11-02,0.0756445477488763,7976118068.25647508092503955696982,0.96654034,105442074883.3806114,0.07826320808180268
2020-11-03,0.07535238812523955,7945312148.63715830558251119079687,0.96159507,105442074847.4705314,0.07836187026753325
2020-11-04,0.07462528035030938,7868644389.975223045075890119024932,0.95265845,105442074763.9121114,0.078333720075972
2020-11-05,0.08046138488523544,8484015356.138318653143185044782416,1.02654982,105442074707.5051214,0.07838039938990533
2020-11-06,0.08418215025620483,8876340569.485577793701428328243562,1.07362165,105442074625.9249614,0.07840951256544132
2020-11-07,0.07986193775454542,8420808394.245639185851147569117588,1.01872047,105442074547.7887014,0.07839435851774472
2020-11-08,0.0817113473406726,8615813972.72759436614977642354164,1.04233453,105442074486.9910014,0.07839263210504271
2020-11-09,0.07975468457090482,8409499388.950968871861640374743948,1.01734296,105442074458.6434614,0.07839508180299869
2020-11-10,0.07984305109102605,8418816934.35004710503297460970947,1.01793269,105442074411.1102614,0.07843647411601061
2020-11-11,0.08058220533745256,8496754888.394291541826261698391984,1.02765844,105442074373.7726414,0.07841341266797999
2020-11-12,0.08066809536455369,8505811307.294516086953212812305366,1.02904441,105442074327.5915814,0.07839126725789579
2020-11-13,0.08249998209992507,8698969240.929669849479605843360398,1.05231174,105442074283.0387914,0.07839880423639965
2020-11-14,0.08123194851791425,8565265145.02684944188183502828995,1.03605178,105442074224.5021214,0.078405297964851
2020-11-15,0.08026473885552123,8463280549.844488753487293213238322,1.02355002,105442074197.4708214,0.07841799353931059
2020-11-16,0.08243607255465003,8692230475.780879094008901191224942,1.05081635,105442074160.1738314,0.07844955263081892
2020-11-17,0.08645408602706063,9115898145.890808915494290311719182,1.10179902,105442074108.9956114,0.07846629417682785
2020-11-18,0.08376949381879611,8832829170.298099362220371134034954,1.06884487,105442074049.1116414,0.07837385589809316
2020-11-19,0.08397919237226106,8854940212.381269493117056968593884,1.07224361,105442073950.0481414,0.07832100055346664
2020-11-20,0.08768238158507992,9245412157.559760953398140827555088,1.11903874,105442073885.6044614,0.0783550903564607
2020-11-21,0.10908235785306414,11501870003.261997997595716672318596,1.38851423,105442073582.1939214,0.07856048969196673
2020-11-22,0.10445608813607807,11014066518.278792014327497497529598,1.32921821,105442073457.0342914,0.07858460510865109
2020-11-23,0.13041753598650865,13751495382.96740249855798190660511,1.64621563,105442073253.0168214,0.07922263257001677
2020-11-24,0.19345178026305648,20397956747.995577750719520294458272,2.34877673,105442073059.5415414,0.08236277965128533
2020-11-25,0.1951884211088533,20581071713.54221049378488903238762,2.35875722,105442072826.9762114,0.08275053466878345
2020-11-26,0.16619283115562397,17523716558.428925967211337212250358,2.00845921,105442072540.5394414,0.08274643086011389
2020-11-27,0.202056209187028,21305225407.5827491293239864155192,2.42760709,105442072249.6190614,0.0832326656234259
2020-11-28,0.19930120946298246,21014732507.705900584628014818707844,2.39293445,105442072149.6379414,0.08328736688252472
2020-11-29,0.19436927545047702,20494699151.922661970519438542452228,2.33405735,105442072078.6422214,0.08327527832616322
2020-11-30,0.20257144571905072,21359552957.035407888729096408659808,2.42676194,105442071962.3992914,0.08347396684449844
2020-12-01,0.1843091729634286,19433941058.92206636712111224559804,2.21414088,105442071853.7879314,0.08324184546171633
2020-12-02,0.1857316853253585,19583933686.4727201505409625149319,2.23120722,105442071729.2595814,0.0832426874834864
2020-12-03,0.18464094253500185,19468923485.46208603053450549492709,2.21694084,105442071612.9707714,0.08328636434655688
2020-12-04,0.16321591634635538,17209824304.278569051160388180147732,1.90221473,105442071395.5257914,0.0858030977114531
2020-12-05,0.1708970948955562,18019743667.65477955963561771291068,1.99072689,105442071315.8848614,0.08584657983675312
2020-12-06,0.17565463180083998,18521388200.312026039880120804587372,2.04594238,105442071241.8894314,0.08585512158990517
2020-12-07,0.1682540491166183,17741055417.8658977562136080832656,1.96229858,105442071147.835632,0.0857433475371614
2020-12-08,0.15253791605501965,16083913785.1448714646232471631248,1.78104997,105442071067.389472,0.085644939010341
2020-12-09,0.1723488510863969,18172819774.5098590705900430357388,2.01649486,105442070892.599052,0.08546952164628721
2020-12-10,0.16186289496971623,17067158832.68503782067592844770786,1.89624246,105442070808.619982,0.08535980940418149
2020-12-11,0.152766995226384,16108068317.646947722497370459968,1.79346781,105442070741.632052,0.08517966945076309
2020-12-12,0.159172256892549,16783452361.085330563365131286618,1.86779037,105442070677.022482,0.08521955110655646
2020-12-13,0.175178836859891,18471219280.373894186699658366062,2.05227576,105442070580.405082,0.08535833257607203
2020-12-14,0.1702189704003,17948240682.7794657365211907086,1.99431667,105442070531.686362,0.08535202706814862
2020-12-15,0.166142371374106,17518395633.190957025292304047232,1.94775343,105442070486.308672,0.08529948853644478
2020-12-16,0.187758874759051,19797684458.684741155249422055102,2.19357309,105442070230.187002,0.0855949936726526
2020-12-17,0.186315320422256,19645473052.047001338752784864672,2.17305034,105442069967.855862,0.0857390723963882
2020-12-18,0.184688437102831,19473931091.204406194698805966832,2.14609434,105442069880.973072,0.0860579302878321
2020-12-19,0.181426932909928,19130031323.758517999344884180256,2.1073376,105442069801.488052,0.08609296057258599
2020-12-20,0.176157112118721,18574370504.358580783251762411042,2.04822587,105442069757.821602,0.08600472960470956
2020-12-21,0.167169283215873,17626675212.560262524040266208276,1.8358789,105442069700.078612,0.0910568138322593
2020-12-22,0.160765406797384,16951437209.045981513162289374048,1.76671688,105442069576.636172,0.09099670049984694
2020-12-23,0.129778280415574,13684090397.505480885683438600248,1.43709851,105442068994.029652,0.09030576506239228
2020-12-24,0.160094277994466,16880671768.349828098189540639212,1.7639398,105442068135.210582,0.09075949076859993
2020-12-25,0.151674345615831,15992856626.544213018282281660472,1.67318622,105442067751.205512,0.09065000882916129
2020-12-26,0.14646724030069,15443808646.65327089212298663286,1.61686465,105442067556.867294,0.09058719930619424
2020-12-27,0.145935044335816,15387692680.963197441274361201664,1.61167938,105442066715.339904,0.09054843422754222
2020-12-28,0.14318944784133,15098191217.17380110489796600162,1.58306124,105442066051.573114,0.09045098460077892
2020-12-29,0.137715658061966,14521023491.853275273624730463244,1.52615156,105442065892.895434,0.09023720950884197
2020-12-30,0.131013113539221,13814293336.031902458704316731334,1.45404183,105442065781.425454,0.09010271289046821
2020-12-31,0.12817079829215,13514593732.7295939032675573636,1.42338316,105442065687.417304,0.09004658892560595
2021-01-01,0.13239159548302,13959643297.98935278241322710228,1.46972844,105442065616.467014,0.09007895055975103
2021-01-02,0.127801587949406,13475663413.087465131100512615984,1.41988153,105442065543.209064,0.0900086276560031
2021-01-03,0.13627556061679,14369176581.40837957490791950516,1.51241388,105442065447.192204,0.09010467466537005
2021-01-04,0.163933414980166,17285477819.510052656947085562504,1.81444151,105442065131.147244,0.09034924194396654
2021-01-05,0.194206708552934,20477556268.794127688169374686296,2.13478903,105442064393.015844,0.09097231896162312
2021-01-06,0.339770451156826,35826096904.284651899020021260464,3.61743093,105442061787.028664,0.09392589871973754
2021-01-07,0.311837194813647,32880756129.125022689051293416498,3.30924265,105442059754.207534,0.0942321938264778
2021-01-08,0.298743857816891,31500167349.090321024971832294294,3.15169079,105442058555.720034,0.09478844141842069
2021-01-09,0.313389639349355,33044448425.19063893579114108578,3.29779723,105442057669.155836,0.0950299904731726
2021-01-10,0.286704833231926,30230747391.324180870396586685744,3.02698598,105442057081.993544,0.09471627391942065
2021-01-11,0.263483859859386,27782279818.551647095787712887508,2.7712407,105442055666.628978,0.09507794103175014
2021-01-12,0.277550467498963,29265491645.426826050936853864694,2.91598841,105442054950.010738,0.09518229446562272
2021-01-13,0.302839045994306,31931971287.486184399044872178648,3.16171245,105442054813.785708,0.09578323480818314
2021-01-14,0.301037176685525,31741978391.3702281835354185442,2.87804165,105442054502.554408,0.10459792223143295
2021-01-15,0.283820337972206,29926599507.954433951144300032028,2.71806848,105442054370.624738,0.10441986287711412
2021-01-16,0.292135537819964,30803371235.062066857934006271072,2.7953077,105442054277.030248,0.10450925950655236
2021-01-17,0.305483127166289,32210768442.804477253035131042592,2.91921872,105442054170.378528,0.10464550842777859
2021-01-18,0.303637270023813,32016137412.629889376519038471864,2.90107334,105442053968.272728,0.10466376903929392
2021-01-19,0.300925824500147,31730236887.145236756338397863026,2.87230937,105442053502.223558,0.10476790127246878
2021-01-20,0.293186862604606,30914224757.798841135551372356868,2.77384578,105442053177.839678,0.10569688650989315
2021-01-21,0.254319691650956,26815990375.879706511834121428288,2.42056576,105442052881.550448,0.10506621875497239
2021-01-22,0.270554824034247,28527856025.176613453982615273006,2.57149611,105442052741.094498,0.10521300148272322
2021-01-23,0.269395840653568,28405650418.836466981913176920064,2.56045319,105442052668.381648,0.10521412447831861
2021-01-24,0.271556813090024,28633507754.417856067535964736992,2.58041433,105442052543.625708,0.10523767828014814
2021-01-25,0.262182977068033,27645111170.772202722715924727274,2.4934762,105442052264.127978,0.10514757552850636
2021-01-26,0.261626901530482,27586477351.335991378158968500196,2.51370271,105442051983.029378,0.10408028781195133
2021-01-27,0.238404980143618,25137910164.146908188018208404976,2.24840739,105442051374.109432,0.10603282181153921
2021-01-28,0.294205599989449,31021641947.507860187646014371718,2.53082038,105442051234.308182,0.11624910337945397
2021-01-29,0.295384435545355,31145940545.78914526038005030211,2.53455089,105442050419.094682,0.11654310699019148
2021-01-30,0.324938516031623,34262183170.146919152289045300756,2.77681827,105442049740.919372,0.11701828655557751
2021-01-31,0.306441340678725,32311802891.2684415620253914227,2.62209979,105442049103.760892,0.1168686797685625
2021-02-01,0.321875328839494,33939193976.162593505115133526488,2.74573154,105442048318.921252,0.11722753086031637
2021-02-02,0.341446221350885,36002788899.26076787334644473567,2.90376933,105442048111.766142,0.11758724008249133
2021-02-03,0.345260341549297,36404957484.238686656672872984334,2.93145358,105442047936.573422,0.11777786416433617
2021-02-04,0.329139882211709,34705183185.406075739091386707258,2.797554736077,105442047776.765762,0.11765270504528556
2021-02-05,0.351475258753869,37060270802.716834491403869607488,2.90615920669,105442047141.842752,0.12094150174043126
2021-02-06,0.377423229710582,39796277854.053414806036608889084,3.112714766758,105442046809.281562,0.12125210884763506
2021-02-07,0.387906431876764,40901648043.523516690532468569128,3.188710267303,105442046541.052902,0.12164994601558889
2021-02-08,0.396286162156095,41785223857.44562125062211193749,3.252701324587,105442046298.317742,0.12183293902842798
2021-02-09,0.401187641576378,42302045812.535979356888049323516,3.28265597681,105442046136.614422,0.1222143424137432
2021-02-10,0.415884140496175,43851674650.70528291000223891435,3.395293849672,105442045946.709042,0.1224884086354856
2021-02-11,0.455194388297057,47996627509.538524726737020825044,3.702006987312,105442045735.889492,0.12295881392367936
2021-02-12,0.530134807402052,55898498339.508223796695174177504,4.217517442279,105442045228.912952,0.12569830822456196
2021-02-13,0.565889606338694,59668556987.904290876018381413128,4.479092926584,105442044383.815212,0.12634022459772276
2021-02-14,0.522685335604786,55113010121.499143951698859913592,4.150482997591,105442043935.916572,0.1259336168605341
2021-02-15,0.496580898308077,52360504795.597548746888227903774,3.796141015271,105442043731.439062,0.13081202629471525
2021-02-16,0.48647768003954,51295200696.00880298637565264208,3.717133462312,105442043490.750952,0.13087441841191205
2021-02-17,0.499003775118783,52615977622.131283740442014917976,3.802499077935,105442043218.223272,0.13123047892749892
2021-02-18,0.49680109454533,52383722347.82076372001091658606,3.659172663932,105442042948.319382,0.13576869423032023
2021-02-19,0.513581756425941,54153109464.561506799472021154562,3.755809714122,105442042648.511482,0.1367432845425721
2021-02-20,0.487688410353847,51422861871.791473620475874644334,3.571851189644,105442042049.925122,0.1365365981001168
2021-02-21,0.496837691858293,52387580562.648315667346872113146,3.637422235923,105442041578.419922,0.13659060170456672
2021-02-22,0.462341329058013,48750213523.209538039795238104866,3.390435170242,105442041321.580682,0.1363663676910868
2021-02-23,0.383900794152435,40479283334.25878711239794117852,2.850216629182,105442041149.270792,0.13469179508036655
2021-02-24,0.404967372851087,42700586344.430710478949493229294,2.999442601601,105442041031.123762,0.13501420985183357
2021-02-25,0.385265452081415,40623175555.02062034529838085771,2.858983998191,105442040898.170274,0.1347560715013406
2021-02-26,0.395165148491805,41667019696.46232662346308281917,2.928819084434,105442040765.713994,0.13492303112610024
2021-02-27,0.436725751464692,46049254376.374972581953715456328,3.226517511411,105442040506.965434,0.13535514681701072
2021-02-28,0.408510091219068,43074137511.256050361733323841586,3.022209035208,105442040324.4263395,0.13516936997409007
2021-03-01,0.430067080809665,45347150395.6881305567913126658175,3.17471369608,105442040135.4956095,0.13546641429137166
2021-03-02,0.417581364281538,44030630930.424385131193985373051,3.13908168297,105442040034.9533895,0.13302660027834923
2021-03-03,0.422731487279427,44573670366.5273243518786553440965,3.174937303786,105442039942.1630295,0.13314640474170458
2021-03-04,0.411305868617745,43368929784.6556681549594941814575,3.090927989609,105442039838.6326335,0.13306873210908254
2021-03-05,0.405826143219526,42791136327.676947965916057213681,3.050025069134,105442039756.7380935,0.13305665823092827
2021-03-06,0.402807570869365,42472851851.3665739291580307189075,3.027788889973,105442039631.2287655,0.13303687459958843
2021-03-07,0.411721242874026,43412727574.284522270992600703123,3.092850528467,105442039548.9952355,0.13312031702938437
2021-03-08,0.418091609117557,44084431921.4335612374356098106635,3.137349975977,105442039400.1213055,0.13326266190221872
2021-03-09,0.43138976604391,45486616592.555871826864606475905,3.229375282513,105442039132.4858455,0.1335830395370512
2021-03-10,0.410957668252913,43332214450.6316189397401973021915,3.080164911406,105442038920.5730955,0.1334206706696505
2021-03-11,0.405592122526656,42766460334.696615672932741766048,3.040507603769,105442038835.1747455,0.13339618753917465
2021-03-12,0.386228610671072,40724732143.430953180478337950736,2.898413880094,105442038777.6859755,0.13325516183994607
2021-03-13,0.407082852216928,42923645847.551600159678475095824,3.058254322418,105442038675.4052455,0.13310954855287152
2021-03-14,0.394801392108513,41628663630.1046299438269185310615,2.968221163097,105442038610.2964855,0.13300942565094537
2021-03-15,0.386104734056102,40711670210.005700245502106672961,2.90764603304,105442038439.4722055,0.13278945568640008
2021-03-16,0.395321446598935,41683499120.1376542406502408442925,2.975924029257,105442038317.8116955,0.13283989870454962
2021-03-17,0.403429552223988,42538434241.641975343079309514414,3.029298737151,105442038162.8964655,0.13317588895290206
2021-03-18,0.395741389637565,41727778663.3364852079610350322575,2.972447823009,105442038048.0100155,0.13313653029473776
2021-03-19,0.395705250628915,41723968042.3616474049760490828825,2.811501219905,105442037921.0221955,0.14074518190758095
2021-03-20,0.417533632011232,44025597002.794011148494081887888,2.957690998861,105442037784.4189715,0.14116878070495642
2021-03-21,0.404768763811881,42679643230.1266572154026309007815,2.877105515201,105442037641.9221615,0.14068610333312823
2021-03-22,0.394954962009773,41644855910.3662132260205544652595,2.810471055164,105442037488.1522015,0.1405298095079389
2021-03-23,0.395916188097401,41746209496.0132868246149433518015,2.817620177348,105442037358.0257015,0.14051439270641694
2021-03-24,0.36375321713318,38354880248.27852823548525140517,2.597426486336,105442037188.1845315,0.1400437005808392
2021-03-25,0.361108891934541,38076057170.6016020538570618458115,2.580354316664,105442037072.5840015,0.13994546779970862
2021-03-26,0.383932765566352,40482652873.630911484904731409528,2.740160016229,105442037003.3112515,0.1401132646606234
2021-03-27,0.382209837127281,40300983761.6190582483565369593915,2.727816473589,105442036930.6148715,0.1401156715739039
2021-03-28,0.39530903551118,41682189864.60632003905067778757,2.858181931283,105442036787.0075615,0.13830786318550792
2021-03-29,0.403712471682004,42568265259.761939609903727008142,2.912982585049,105442036710.9492855,0.13859076046457486
2021-03-30,0.400597950885097,42239863819.7206848324588956591335,2.891827684771,105442036651.4463055,0.1385276007262583
2021-03-31,0.404720109668439,42674512584.5696817298374717033945,2.907902971495,105442036521.3138255,0.1391793720890095
2021-04-01,0.426754950792462,44997911046.133142554561245134661,3.036856698734,105442036378.4282655,0.14052521838464319
2021-04-02,0.44118185972232,46519113646.67850525158043515196,3.125487305301,105442036252.2558155,0.1411561835410597
2021-04-03,0.411814124736338,43422519799.362073878111734539959,2.92378565215,105442036081.6014555,0.14084962912158466
2021-04-04,0.427131598789261,45037625419.0774197534955899293855,3.031404412674,105442036006.5614555,0.14090221581900003
2021-04-05,0.527579149049143,55629019544.9282015746401266284565,3.683460525601,105442035844.6471955,0.14322921214502826
2021-04-06,0.535404405067712,56454130449.665834487749296180896,3.72340771978,105442035805.6750455,0.1437941921384174
2021-04-07,0.488055986211283,51461616740.1696478593044327223165,3.399127262095,105442035737.8662255,0.14358273420762632
2021-04-08,0.501993230615438,52931188131.051260769541043582589,3.489843543177,105442035674.7803655,0.1438440504293913
2021-04-09,0.485128393477404,51152925304.560496021058502267882,3.337446565962,105442035535.9865455,0.1453591492445568
2021-04-10,0.565083304148269,59583533779.1236477586177606452495,3.837301615532,105442035433.9293355,0.14726059110418047
2021-04-11,0.58856311260324,62059292530.88977775009387028582,3.98294557321,105442035360.3182055,0.14777081478642845
2021-04-12,0.589014814235322,62106920810.137014517106116749591,3.84793564404,105442035258.0880655,0.1530729379914752
2021-04-13,0.657646336004561,69343568072.2048872384211677663255,4.268550482182,105442035142.3108455,0.15406783608387473
2021-04-14,0.635527305553232,67011292445.221615617574034893656,4.122105816177,105442035078.0800955,0.1541753981809823
2021-04-15,0.640712003468376,67557977513.405283782858325995748,4.142454530044,105442035029.2996855,0.15466965269539618
2021-04-16,0.610275671003208,64348708643.420038951640449281324,3.948242457779,105442034970.2614655,0.15456894492404238
2021-04-17,0.598256892451738,63081424146.362053581384430905099,3.872939107169,105442034922.2318355,0.15447102985542302
2021-04-18,0.54805436920201,57787967896.034042380757874466955,3.554003797438,105442034848.0675955,0.154207592461519
2021-04-19,0.502310329259497,52964623202.5868876277003199916735,3.271088961549,105442034768.9585255,0.15356058339105264
2021-04-20,0.52529694028078,55388378208.66991945118428969449,3.419302604481,105442034707.1960955,0.15362692368682954
2021-04-21,0.492594747438664,51940192431.478430382420958572212,3.17924393048,105442034657.3951705,0.15494084700958832
2021-04-22,0.451271194510046,47582952891.520062672835294817811,2.924783251738,105442034568.9952785,0.15429218361459304
2021-04-23,0.448844694359804,47327097691.307783601014834897574,3.014235278625,105442034374.0753185,0.1489083143385386
2021-04-24,0.429141609065561,45249564194.1921590781235510690185,2.887503209555,105442034140.4817585,0.14862030547550353
2021-04-25,0.415535504408576,43814908788.748866466921836240896,2.798943332243,105442034011.2930085,0.1484615639129702
2021-04-26,0.484780646665911,51116257320.6529908579897442160535,3.251030665012,105442033777.9697185,0.14911598708778148
2021-04-27,0.508272834210865,53593321255.4932881610208867262525,3.410489984488,105442033585.5668685,0.14903220256404578
2021-04-28,0.496079673751426,52307649422.369693689192750598691,3.32921297473,105442033185.5399535,0.14900809215777439
2021-04-29,0.492569793724955,51937560425.1649504059618362715425,3.306132663243,105442032960.2392435,0.14898669953606491
2021-04-30,0.528172495374202,55691581600.180608231334743148927,3.532534562518,105442032835.7386135,0.14951658250661792
2021-05-01,0.537305037903557,56654535392.3240605621586565581895,3.591193577093,105442032729.4478235,0.14961739777294175
2021-05-02,0.554356076994309,58452431565.0046055008657729914915,3.699888084405,105442032640.7004935,0.1498304987469528
2021-05-03,0.553379435990913,58349452494.0281248392304204932255,3.668649501412,105442032535.1343135,0.15084009409400564
2021-05-04,0.508260573829526,53592027924.027769933997443202321,3.378204928444,105442032460.3082335,0.15045285428069952
2021-05-05,0.596663159220717,62913376075.2542498526672783083229,3.917644320458,105442032247.1785137,0.15230151346433687
2021-05-06,0.655040555975736,69068807120.9534621794553208226392,4.11910627312,105442031780.8717597,0.1590249225299978
2021-05-07,0.63064521637357,66496512443.881181865766923850349,3.966732754,105442030982.5853057,0.15898354022908043
2021-05-08,0.616865364779459,65043536335.4515984031360430886503,3.872192227167,105442030059.0322317,0.15930649321890053
2021-05-09,0.625856744213921,65991605147.8075859332018009646097,3.925609685475,105442029278.9100657,0.15942918281703602
2021-05-10,0.66695427194977,70325011370.506803492290020868969,4.164836456663,105442028529.0610697,0.1601393665488981
2021-05-11,0.722723450767688,76205426520.6148771320407485950936,4.453646187903,105442028260.8351747,0.16227679978951864
2021-05-12,0.623043342427013,65694953575.0068226535435073427411,3.827580674474,105442028028.2550647,0.16277732474251083
2021-05-13,0.639480312247717,67428100899.5804111381545321710139,3.922465691322,105442027859.4294367,0.1630301862582235
2021-05-14,0.671462716892974,70800390349.4800435613032097616458,4.099365067082,105442027633.4792867,0.16379676020680267
2021-05-15,0.680828134826162,71787898882.5622128020712249307254,4.149661157076,105442027452.1881267,0.16406836824862536
2021-05-16,0.714121700811071,75298439866.1554508973911098399457,4.337842415941,105442027291.1948767,0.16462601273544833
2021-05-17,0.645399276327657,68052207977.0133148013473874661219,3.949591372354,105442027087.8402667,0.16340912653528306
2021-05-18,0.645447414670709,68057283705.7200713918248653757403,3.947547260367,105442026970.4561167,0.1635059372565187
2021-05-19,0.465101811413207,49041277428.5813905368205245974969,2.880996553809,105442026294.3504367,0.1614378228944045
2021-05-20,0.4929597814386,51978678139.24384122576881208702,3.075729199035,105442026097.0478007,0.16027411697793958
2021-05-21,0.417269236781598,43997713712.2998751725576534198186,2.632396058858,105442025996.5836507,0.15851309128711427
2021-05-22,0.392669310716311,41403847620.3843385082255863404656,2.48863733253,105442025873.7690896,0.15778486707708242
2021-05-23,0.364292407989301,38411729423.1855273186048825297193,2.316111842532,105442025638.6832293,0.15728619028649857
2021-05-24,0.432589798444762,45613144566.4209299125413783270536,2.733871860099,105442025517.9580628,0.15823338495063805
2021-05-25,0.428787008170079,45212170585.4245811649809054347642,2.716580710189,105442025350.4768198,0.15784070267518283
2021-05-26,0.441959171162116,46601070000.4244122934744240541516,2.798399188958,105442025058.3069651,0.15793285422108846
2021-05-27,0.419782232306601,44262688584.1679110076458319358651,2.662360091984,105442024882.6522051,0.15767297352845225
2021-05-28,0.397122087887438,41873357017.5840938664111746485318,2.621800198779,105442024744.4228261,0.1514692416578433
2021-05-29,0.367572007987731,38757536730.9298634762582719803891,2.432278678397,105442024660.9843361,0.1511224890685554
2021-05-30,0.374069028873476,39442595742.3254841554729928513636,2.475750046486,105442024593.9859161,0.15109321290508207
2021-05-31,0.400711999567378,42251884488.0541677723038402171058,2.650546582303,105442024530.5124561,0.1511808931194895
2021-06-01,0.418654867221254,44143816584.6679250164769516697594,2.766245595896,105442024065.4659711,0.15134407004293834
2021-06-02,0.420681756831492,44357536013.7455966099495886634512,2.779168430201,105442024269.9362436,0.15136965153316262
2021-06-03,0.425589041258843,44874969991.8843148541458204071148,2.809815119723,105442024209.9029636,0.15146514027613278
2021-06-04,0.386271982350685,40729299688.993406515662935334966,2.558619645191,105442024143.5385036,0.15096889569995073
2021-06-05,0.373563767188964,39389319763.4456808216343385330756,2.477740759226,105442024155.1984729,0.15076789845668048
2021-06-06,0.379087092193211,39971710307.6972476564970170906419,2.513555180091,105442024091.1940329,0.1508170957199701
2021-06-07,0.347516599998148,36642853685.0105561424195981404292,2.313340633077,105442024021.8908529,0.1502228400907446
2021-06-08,0.351322333016358,37044137852.3652118747788331101582,2.35001594714,105442023950.8098429,0.1494978506183849
2021-06-09,0.3613561340519,38102122114.78334590045427419551,2.414281606818,105442023876.9515529,0.1496743930084295
2021-06-10,0.339835280694325,35832919756.9742066294208768325425,2.289518684032,105442023805.6601229,0.1484308833400091
2021-06-11,0.317031623729514,33428455993.1744329652871781813506,2.140156025027,105442023732.2918429,0.14813481821986055
2021-06-12,0.330075961977835,34803877389.8144513372596994948715,2.230940055765,105442023651.9724929,0.1479537565901341
2021-06-13,0.344165117116904,36289466395.6472264606030694404616,2.324362715118,105442023583.4668629,0.14806859311518078
2021-06-14,0.343124826566709,36179776029.5876158003107067463061,2.317544673046,105442023509.6386529,0.1480553236178755
2021-06-15,0.334379780069118,35257680606.7060247973060173120022,2.261161709473,105442023436.3994229,0.14787964021690891
2021-06-16,0.316324348476012,33353879341.1782860937004205173148,2.141665882953,105442023359.4747429,0.14770013894037173
2021-06-17,0.316441005210436,33366179837.7276611576506985466644,2.145829631548,105442023278.6799029,0.1474679073110551
2021-06-18,0.297273216669001,31345089407.6907720787691995321429,2.026076118912,105442023196.4320429,0.14672361709126522
2021-06-19,0.290395374470168,30619875789.2801228632982266437272,1.980553106092,105442023121.5689329,0.14662337181312554
2021-06-20,0.296912080328099,31307010416.7577687227538308045471,2.029447480828,105442023046.5609429,0.1463019285460696
2021-06-21,0.239429853600744,25245968116.6626260839924387603176,1.652394779237,105442022943.2248929,0.1448986989121944
2021-06-22,0.232570375282039,24522690822.0146827046135176928431,1.609700389592,105442022838.3598729,0.14448053612075418
2021-06-23,0.254198447243143,26803198459.4710395939568638981447,1.737836086082,105442022758.8312129,0.14627297089695065
2021-06-24,0.266336924016399,28083103983.7092027498431289468471,1.819666034122,105442022683.9447129,0.14636582703754658
2021-06-25,0.244017438143023,25729692228.7757513660311647699167,1.670067473872,105442022605.3480529,0.14611232298134405
2021-06-26,0.246736966072726,26016444734.1272285749761813327454,1.68860276583,105442022523.9328429,0.14611901097499813
2021-06-27,0.257578397925512,27159587217.0745679867358492500648,1.762055217726,105442022451.4663429,0.14618066183982978
2021-06-28,0.263222218950192,27754683102.0286290455655641593968,1.799882633243,105442022382.1625229,0.14624410174785807
2021-06-29,0.280896213486549,29618264773.9541761588455744177411,1.920925445808,105442022184.3698039,0.14622962806783762
2021-06-30,0.281524704369058,29684534102.9208928024961366618822,1.924509287741,105442022111.1631859,0.14628388969715667
2021-07-01,0.270345057823592,28505729544.9509256190899284595928,1.8492752976,105442022038.1899559,0.1461897307417924
2021-07-02,0.262746239648557,27704494770.3449993920593808828663,1.798189570051,105442021957.7713459,0.14611709689824584
2021-07-03,0.262666137514696,27696048619.2456490138205669006264,1.798063709505,105442021881.0887759,0.14608277566928202
2021-07-04,0.267763978009319,28233575208.5784444402403022969621,1.833406265039,105442021807.7124259,0.1460472690179354
2021-07-05,0.255675610719841,26958953301.0686665636587233561419,1.752517350125,105442021728.8898859,0.145890487590097
2021-07-06,0.25902007000709,27311599830.893895798594930973531,1.780964700558,105442021655.4891359,0.14543807068491335
2021-07-07,0.258321739114508,27237966390.2432543224519224217724,1.776133525898,105442021579.7993653,0.14544049495597605
2021-07-08,0.243257267734789,25649538051.9721892137399452122866,1.676056485074,105442021489.5144394,0.14513667641938027
2021-07-09,0.247231485219509,26068587557.6443410402278700711379,1.703540740263,105442021409.6067431,0.14512801447961865
2021-07-10,0.245806428172057,25918326640.5647433451459972223987,1.694019745851,105442021322.6592491,0.14510245749737397
2021-07-11,0.245217856638716,25856266448.2152516690212833065956,1.690194665282,105442021240.3608391,0.14508261188826005
2021-07-12,0.23890785003387,25190926578.26886022572202273026,1.649284692679,105442021158.775398,0.1448554340523238
2021-07-13,0.23221258070671,24484963824.237321069523602417802,1.754738566254,105442021055.5362262,0.1323345740342593
2021-07-14,0.239786750569752,25283599602.0728973597412805934864,1.814737501185,105442021054.1120182,0.13213302222121623
2021-07-15,0.239573262665386,25261088979.4129206178126233171252,1.81700413538,105442020943.2773682,0.1318506975303514
2021-07-16,0.237444166744658,25036592774.5273872499364823798196,1.801486548154,105442020824.4204362,0.1318045738326324
2021-07-17,0.232429333043573,24507818548.2335682320294303281726,1.764121049727,105442020709.3187462,0.13175361921991793
2021-07-18,0.230141934712365,24266630621.192695301210295019863,1.747550223879,105442020601.4236862,0.13169403177524927
2021-07-19,0.213103795181836,22470094744.1224441780906197589432,1.621147305732,105442020518.4487162,0.13145245618849719
2021-07-20,0.211976139645453,22351192430.4815022728945115690873,1.612698243759,105442020351.2794141,0.13144191138409306
2021-07-21,0.227350472919356,23972293172.6319387744432075196888,1.729680144096,105442020264.1725098,0.13144076012861813
2021-07-22,0.262231739705811,27650244386.6008261209924847256478,1.988737519209,105442020167.4317098,0.13185839617995992
2021-07-23,0.268302735423807,28290382408.0113171549387604242279,2.026198098211,105442020049.9419097,0.13241683311256716
2021-07-24,0.266355737329407,28085086966.3565901777592858792779,2.013037177253,105442019939.0082997,0.13231535926866353
2021-07-25,0.26123447770918,27545090979.683711618037244469446,1.975164486604,105442019833.0342897,0.13225960646869145
2021-07-26,0.261634636111645,27587284465.196345146655897462921,1.978415739425,105442019738.6414498,0.13224451812523771
2021-07-27,0.261180171496414,27539364773.8792719147265857285172,1.974876782863,105442019645.2676998,0.1322513757631898
2021-07-28,0.266943707346308,28147083613.2689112629080845737968,2.017027421416,105442019566.8950396,0.1323451057293546
2021-07-29,0.273031716648594,28789015496.7231777628994982413484,2.062153762861,105442019154.7787686,0.13240124066684245
2021-07-30,0.278897240002559,29407488098.9625877336865069902633,2.102905938718,105442019070.1520087,0.1326246860915633
2021-07-31,0.286932262895662,30254717107.6752137302784486969194,2.162449984708,105442018971.1354387,0.13268850837001303
2021-08-01,0.277686037337425,29279776392.1515535615825465625975,2.093894240011,105442018881.8236487,0.1326170309996011
2021-08-02,0.276087216454482,29111193453.0483969357612657582534,2.127429548221,105442018746.4489387,0.12977502201440785
2021-08-03,0.2744228935834,28935703726.86518163479090248618,2.114620050214,105442018153.1659177,0.12977409041195287
2021-08-04,0.281166127607353,29646723908.4213141956893760910061,2.165987059156,105442018072.0446037,0.12980969873241643
2021-08-05,0.281051212468018,29634606674.6782198088841294183266,2.164582531857,105442016828.3403737,0.12984083920648826
2021-08-06,0.284675521264359,30016761123.8642866079576646708483,2.190846102001,105442016898.9160837,0.12993862097586492
2021-08-07,0.306920177428273,32362282497.7936838852601925949301,2.357963005425,105442016777.6578437,0.13016327089192548
2021-08-08,0.288961346164864,30468667081.8488418962216143741568,2.22071383016,105442016678.8164437,0.13012092879344328
2021-08-09,0.298982571547553,31525325255.1568307080955646417121,2.295141957008,105442016542.9032257,0.13026757261555774
2021-08-10,0.30985475578937,32671710250.677143078830090927046,2.375656748302,105442016429.4215158,0.13042909334896072
2021-08-11,0.336898464144097,35523253000.6682153291164384547147,2.573331187964,105442015269.8420651,0.13091920143036406
2021-08-12,0.32645682949462,34422266109.764599841881100743342,2.494809348954,105442015604.4916741,0.1308544196499399
2021-08-13,0.360219302278636,37982248907.0138123390965529023828,2.740454549745,105442014536.0058223,0.13144509268075782
2021-08-14,0.393706990045197,41513258108.9423853643925042846379,2.986756201526,105442014387.8490007,0.13181758519294054
2021-08-15,0.39172920987266,41304716941.537442933096953207262,2.969966290446,105442014280.6415407,0.13189685389117128
2021-08-16,0.373941016886654,39429093912.068988083184628920541,2.833205734955,105442013931.3586415,0.13198512634402573
2021-08-17,0.342942199548365,36160517063.083692584395921134913,2.605988317832,105442016499.2963762,0.13159775015172323
2021-08-18,0.345431325722328,36422975409.3254756956515167321856,2.592839174932,105442016103.0901152,0.1332251259785086
2021-08-19,0.366254308650491,38618592641.8353193717474819382441,2.738350441449,105442015915.4721451,0.13374997703240907
2021-08-20,0.383869368356489,40475959897.2685862726586658656629,2.860326011387,105442015523.5717261,0.13420476086582417
2021-08-21,0.373262530553224,39357553445.5035925553442153349064,2.783797032263,105442015267.8345161,0.13408396022672384
2021-08-22,0.372047375741446,39229425028.2214424270129164263406,2.774542339586,105442015146.7051261,0.13409324140894552
2021-08-23,0.378999172928868,39962436456.4920102115657394487228,2.825217850572,105442014946.0123271,0.13414865436027704
2021-08-24,0.353838952669657,37309491984.6485852497817687354912,2.642722174177,105442014518.6237216,0.13389184687181502
2021-08-25,0.358395384651495,37789931279.3417118221800250576415,2.676231744959,105442014316.3639817,0.13391791847868753
2021-08-26,0.33873583368637,35716988550.640153571479848040292,2.534040651896,105442014096.7723316,0.1336741908354642
2021-08-27,0.355423565923544,37476576554.4912919696831820175104,2.655817102653,105442013832.4563616,0.13382832935615085
2021-08-28,0.346763273973727,36563417855.8890598776529381465532,2.592625540392,105442013616.0651716,0.13374984878120774
2021-08-29,0.346241276235624,36508377242.9650601262721931205984,2.588863935973,105442013268.5751516,0.13374255457171894
2021-08-30,0.332053045517681,35012341459.2754302974952487746596,2.4864410042,105442012750.3727716,0.1335455154402577
2021-08-31,0.342119554146339,36073774265.7066898854377295344364,2.560377746875,105442012385.7533476,0.13362073411390324
2021-09-01,0.353653397988608,37289925678.7258706252935996583936,2.643866997718,105442011559.3716592,0.1337636871649961
2021-09-02,0.361251422138352,38091076515.1016740029438418493184,2.682715842401,105442011244.2174992,0.13465884698956268
2021-09-03,0.368701054567134,38876580094.174236206665247319738,2.724394107979,105442009488.734707,0.13533323005188938
2021-09-04,0.372157960426684,39241082645.2623120958127954638784,2.746614740363,105442008012.5973776,0.13549696466621985
2021-09-05,0.396055674638304,41760905141.1761289150189583133376,2.918245628751,105442006807.0330794,0.13571704545234411
2021-09-06,0.423454818254126,44649925723.0274995735104131259544,3.104437969036,105442006557.1953044,0.13640305346014647
2021-09-07,0.335566389784946,35382792849.702916070079624141412,2.488319849311,105442004702.493122,0.1348566141438217
2021-09-08,0.330220973723315,34819161265.8634287181619817619505,2.455389769977,105442004101.8886027,0.1344882094733205
2021-09-09,0.332217487029791,35029677523.7519477902131432814957,2.468746135886,105442003781.7296627,0.13456931929963814
2021-09-10,0.316030312053852,33322869252.534265145624175525276,2.353012617452,105442003445.720113,0.13430880468293913
2021-09-11,0.32333348328826,34092930170.55809470984530754598,2.405835174445,105442003172.196623,0.13439552581271472
2021-09-12,0.333837064196321,35200448690.553697639098796981503,2.482428868572,105442002898.315743,0.13448001206510235
2021-09-13,0.318729984246434,33607527860.1484764333142302966296,2.372248743744,105442002702.0864844,0.13435774182069904
2021-09-14,0.329885767710998,34783815942.6759208559513169307532,2.454715038577,105442002496.9033234,0.13438862048208783
2021-09-15,0.340494577304791,35902429956.4022477225884938070176,2.530594335951,105442002162.2384736,0.13455122872423275
2021-09-16,0.330827426812829,34883106130.7846395978165937745102,2.460974618781,105442001791.8294438,0.13442943469961444
2021-09-17,0.318814066226409,33616393220.8908757441909025433933,2.375481572457,105442001410.9975237,0.13421028810451024
2021-09-18,0.321688536892201,33919483043.2687916261139275282637,2.396214193874,105442001045.3631237,0.13424865678310738
2021-09-19,0.313404457604271,33045993093.6769694134997785764627,2.336151089487,105442000877.3564637,0.13415419020397865
2021-09-20,0.28153856959807,29685989978.783806000416847009159,2.112989483225,105442000437.6810937,0.13324182246679483
2021-09-21,0.264698881553136,27910379415.2512838463055258765968,1.989977742058,105441999797.9799463,0.13301600111335368
2021-09-22,0.292056969050233,30795070768.3351962320927476828867,2.190261560227,105441999444.4252699,0.13334342087433798
2021-09-23,0.301169592612502,31755923765.9036197199626418996516,2.267860741741,105441998610.9360758,0.13279897970335647
2021-09-24,0.281523485429271,29684398809.0973458338166780686889,2.123749597556,105441998076.4096959,0.13255964156661726
2021-09-25,0.277358192964605,29245201883.1193074381081781045195,2.093244257337,105441997478.1542759,0.13250159029097577
2021-09-26,0.275474251325647,29046555192.7170546068824656503573,2.079424184024,105441997039.4263259,0.13247621790786462
2021-09-27,0.267026098795063,28155764952.0031698695353355817796,2.019171564699,105441996415.5344092,0.13224537402539582
2021-09-28,0.257609289041881,27162837625.2685637327965456599609,1.980976647056,105441996002.1416289,0.13004155774613665
2021-09-29,0.269141492408102,28378815917.837041712312203901634,2.066778169189,105441995078.209467,0.1302227285058428
2021-09-30,0.277959576145885,29308612076.1848912545872594606565,2.133485248841,105441994417.2115369,0.1302842737238912
2021-10-01,0.299418953529521,31571331399.8448175306368998133749,2.292173018016,105441993660.3380869,0.13062668096001076
2021-10-02,0.317802814730004,33509762053.5811377522795704064276,2.4289137224,105441992645.8173569,0.13084154113798013
2021-10-03,0.314667818619007,33179201479.0741316842705627729903,2.401740875332,105441991572.8554129,0.1310165563033562
2021-10-04,0.310288413483395,32717427951.5041163942082763921455,2.368544866952,105441990515.2371429,0.13100381496369737
2021-10-05,0.318459829145275,33579038105.6365175171661715147975,2.427433874361,105441989954.4643429,0.1311919688148484
2021-10-06,0.355502082672573,37484846605.8887322156122813645517,2.686018152212,105441988761.6053329,0.13235282210576596
2021-10-07,0.343738162466686,36244435276.337547951562600868463,2.601633984635,105441988216.3949205,0.1321239515230699
2021-10-08,0.335199577547692,35344109704.1696943408946728415504,2.539309151219,105441987614.5009612,0.1320042411483371
2021-10-09,0.352589958845874,37177785742.5029167614812772747828,2.664108739636,105441986675.3898922,0.13234818594305903
2021-10-10,0.332686539257399,35079129483.3345893830300255503418,2.517819665261,105441986206.1023382,0.13213279086169674
2021-10-11,0.341759160297714,36035764503.5944200126598530156348,2.586700974655,105441985731.1296782,0.13212163433127247
2021-10-12,0.332995175356315,35111672422.0065807292532338745145,2.523178317059,105441985411.4583483,0.13197449149945614
2021-10-13,0.367120526824539,38709917113.1142336350967019977498,2.764008864934,105441985083.0492782,0.13282176171070467
2021-10-14,0.368379882077433,38842705905.6881441482563294697773,2.782029075436,105441984743.1392981,0.13241410211347285
2021-10-15,0.361618091534717,38129729127.2013514798597203414494,2.733668033821,105441984291.7088182,0.1322831035300447
2021-10-16,0.398575895964274,42026632836.4427590983609156793868,2.992620566993,105441982974.8304182,0.13318624497884976
2021-10-17,0.383417687382522,40428321134.8918039229001959858004,2.889432894273,105441982634.8749682,0.13269651914826436
2021-10-18,0.37976422278592,40043092431.548845878443118166336,2.859965397199,105441982232.5439683,0.1327862998474927
2021-10-19,0.374159273878486,39452095392.9979465782300798997538,2.775179095771,105441981924.0151283,0.13482346939289594
2021-10-20,0.389962807573029,41118451105.0256943000806066338107,2.886518500242,105441981405.6892383,0.13509797617452834
2021-10-21,0.374045033308563,39440049313.4745281869006136406429,2.764392941277,105441981048.6803983,0.13530820011997802
2021-10-22,0.372548963136325,39282300561.1106331014372286129975,2.75410102631,105441980647.0814283,0.13527062354552538
2021-10-23,0.377294452343986,39782674092.1538163567324909674438,2.788293178273,105441979984.0662683,0.135313766602432
2021-10-24,0.372182482228106,39243657721.9566803827853332673598,2.751761012278,105441979662.8276883,0.13525247307723168
2021-10-25,0.38495782295899,40590714633.259585712813273007437,2.842076235263,105441978867.3414263,0.1354495063090265
2021-10-26,0.373089026239277,39339244952.2337514672547560338251,2.755911192201,105441978148.6789463,0.13537773905599282
2021-10-27,0.332266280755448,35034813115.9609605525403963034024,2.477771413506,105441975743.9877163,0.13409884339786513
2021-10-28,0.342823552697036,36147992392.5037001977482385080748,2.557490010579,105441974765.5109993,0.13404687849373959
2021-10-29,0.361014555448302,38066087466.5341330929701933758686,2.708623438522,105441974269.6088393,0.13328340525816867
2021-10-30,0.357249975004315,37669142366.9865038251656134365795,2.674970640688,105441973415.2018393,0.13355285832686023
2021-10-31,0.373031261409423,39333151065.7312363145353305545739,2.782235576085,105441969976.2397893,0.13407608781077082
2021-11-01,0.366667195227518,38662110963.8277400244570558915754,2.735439635375,105441968812.7207403,0.13404324134436688
2021-11-02,0.380500090088478,40120677519.3358173173805776452956,2.834164283676,105441965887.5942002,0.1342547756599901
2021-11-03,0.384732247966495,40565444749.414670525111130921319,2.86387486085,105438119533.3211962,0.1343397552825706
2021-11-04,0.369413534422922,38950215752.4378162770873760575556,2.751660609609,105437977017.5008698,0.13425112571401535
2021-11-05,0.359840731416056,37940664984.3652381599554101403328,2.68371146186,105437382908.4328488,0.1340832412612126
2021-11-06,0.358952400916171,37846663825.5230706745753338603803,2.677478824333,105436441514.0426993,0.13406358162537155
2021-11-07,0.363123675368323,38286209477.4412640916121899996585,2.70783309016,105435729131.6983395,0.1341012031679053
2021-11-08,0.377490110700371,39800908564.0699415122444164437372,2.811794283643,105435632446.7040532,0.13425239282131604
2021-11-09,0.414222226647198,43673682732.3176024459516911314006,3.06850934384,105435391736.0292197,0.13499135255323394
2021-11-10,0.382615818361015,40340254818.925188219251702167891,2.84082215487,105432794158.1922994,0.13468488962080907
2021-11-11,0.391713188144584,41299501164.7424664790387315849384,2.902889932376,105433011740.9744701,0.13493904256437614
2021-11-12,0.379859504572504,40049663596.4992650807622965180312,2.817876365295,105432832703.6896953,0.13480346733833265
2021-11-13,0.378760198280015,39933735465.4427263850925808657295,2.81016712168,105432766290.6121153,0.13478209013191395
2021-11-14,0.376606981340341,39706689883.2759368813622098258387,2.794867451194,105432697349.2636007,0.1347494963238597
2021-11-15,0.377466080990112,39796990336.795048487795171291328,2.801994014418,105431964197.698494,0.1347133787751917
2021-11-16,0.345276524400935,36402742621.363959677191221827606,2.573155765074,105430691196.0603076,0.1341840743135134
2021-11-17,0.344965359596842,36369759286.5120775544487379249324,2.570037237216,105430178059.0871422,0.13422582155678284
2021-11-18,0.32692733299064,34467311316.594017912395956696768,2.440788934766,105428050329.4009512,0.1339433034679759
2021-11-19,0.354114793844788,37333493977.031573915938180750982,2.638724135821,105427659691.0413515,0.13419924767338756
2021-11-20,0.348422363052625,36733160676.75658786580837960865,2.596854767571,105427103917.5762852,0.13417090836332218
2021-11-21,0.345188351636147,36392025660.7791624906319182631556,2.573857761849,105426575051.8109548,0.13411321975623533
2021-11-22,0.337169543713987,35546482713.9342570758801753786019,2.517020457746,105426137611.3125537,0.13395582172419984
2021-11-23,0.341098793322374,35960571923.2261463845581563698504,2.545639931291,105425679091.2761996,0.13399333862169133
2021-11-24,0.327209286787293,34495856498.6685845841035890091331,2.460875712464,105424442066.9303967,0.13296457237967063
2021-11-25,0.34238577373611,36095209898.287196894114938746504,2.574650706257,105422633377.5981464,0.13298338796172735
2021-11-26,0.329252601996383,34710510156.3655101239258731039176,2.480297612438,105422128620.7081272,0.1327472156346372
2021-11-27,0.324807590107262,34241630922.3552000593358630783292,2.448942128748,105421276981.3892066,0.13263179488578483
2021-11-28,0.322647231921042,34013906019.1369364258044233067266,2.433250328592,105421347694.8743673,0.13259927600944443
2021-11-29,0.328848046836977,34665727108.7171790222927797047948,2.480452360122,105415639357.2936524,0.13257583661909264
2021-11-30,0.337048191603162,35530133429.2761060146459458542432,2.541009440563,105415588377.0740336,0.13264342360274103
2021-12-01,0.328021109144915,34578350232.121413486783598582004,2.475879466472,105415015278.3161176,0.13248670364891715
2021-12-02,0.337673390799601,35595711096.3615153687656288130339,2.543909581419,105414616804.9305939,0.1327379688594301
2021-12-03,0.326927516704257,34462807305.4633811094298424990016,2.480686282728,105414214297.0452288,0.13178914197273514
2021-12-04,0.292671665809468,30850622152.3465576079349928974476,2.230124514198,105410348032.9066157,0.13123557180156772
2021-12-05,0.286046038891058,30151837845.3273222375339704818846,2.181941625178,105409038217.1339687,0.13109701725761005
2021-12-06,0.296125093874388,31214076122.6810786283354390114708,2.259610008513,105408412756.5414641,0.1310514171732057
2021-12-07,0.286024192024266,30148604149.243000600502807011218,2.199946900093,105405783811.060373,0.13001413443759696
2021-12-08,0.304712649851688,32117612446.01363677184315658564,2.341868724754,105402950818.241905,0.13011517111562107
2021-12-09,0.276576487203256,29150653650.7321216130987667724336,2.131745173312,105398162893.3963306,0.12974181467175605
2021-12-10,0.262759874469253,27693532117.6093081805711303657832,2.034974303589,105394829303.9311944,0.12912196188710306
2021-12-11,0.273934410529145,28870773080.9606300951749497734595,2.117966123143,105393013696.9373211,0.12933842875760182
2021-12-12,0.276556255745986,29145545535.8187729586556073557498,2.137965759144,105387402852.9972893,0.12935485732788993
2021-12-13,0.254040705857114,26771952170.6208780626319172145644,1.971661883136,105384497654.7925646,0.12884597913565837
2021-12-14,0.266782905945469,28114472379.5173743091311809754578,2.072253988407,105383335112.4229562,0.12874044756963046
2021-12-15,0.271408312638975,28601204764.445960655814369352565,2.103778541123,105380725027.7224814,0.12900992539552042
2021-12-16,0.256504590414164,27030111712.8026255822789800995836,1.991730790062,105378666592.9002499,0.12878476935438615
2021-12-17,0.254567057548036,26825829670.562538083795060220156,1.978501297224,105378244651.708671,0.1286666113917714
2021-12-18,0.255689804969722,26943096411.508321284513073651674,1.987389268121,105374152147.751217,0.12865612644243915
2021-12-19,0.25406814086811,26772007883.492270534335966974969,1.975934145408,105373337215.8217979,0.12858127962338992
2021-12-20,0.257874702978112,27172856694.8024366027222413777024,2.015104673123,105372323771.9398402,0.1279708723906927
2021-12-21,0.268084571192447,28248896219.1039070622902335841556,2.049804270572,105373077210.1210348,0.13078544866024586
2021-12-22,0.268328385478405,28274991745.933485336911666947093,2.052180834212,105374583071.1192106,0.1307527977091932
2021-12-23,0.287808980128381,30328261808.1389410107382444541991,2.129608559703,105376356896.8925811,0.13514642341995445
2021-12-24,0.2784376155428,29340613427.11060512369782913704,2.059005056173,105375896751.2797018,0.13522920437132008
2021-12-25,0.290465508773267,30607845157.5510461545123426357615,2.143852076307,105375145182.7041845,0.13548766353022965
2021-12-26,0.291851542048446,30754208152.7204856502395078107316,2.153711784194,105376205782.1007846,0.13551095563962282
2021-12-27,0.300899917703978,31707944248.5622901975854153058862,2.21858638505,105377045266.4470779,0.13562686570673993
2021-12-28,0.276262295500881,29111538779.5344458003336523539313,2.040526017064,105376445695.3975073,0.13538778392954753
2021-12-29,0.267393847928107,28177007791.1262763172413169257412,1.977091083746,105376425110.2071116,0.13524609469254958
2021-12-30,0.267635801749916,28202674165.7149229877860108916852,1.982116766347,105377060846.5456347,0.13502524487654843
2021-12-31,0.267536578229185,28191908441.3852673539697852384385,1.981594501272,105375902719.4953921,0.13501075929381684
2022-01-01,0.275673318527507,29049495127.8392292100766106406082,2.041069218457,105376520596.9348726,0.13506318944729837
2022-01-02,0.291755514093706,30744497509.8296404680944405383598,2.15432595059,105377605648.1151083,0.13542774899675863
2022-01-03,0.290362195347181,30597472116.4101347332171968366865,2.144056016003,105376914098.0122165,0.13542659015433794
2022-01-04,0.279815021099228,29485920137.2964161640347875095792,2.067954432795,105376473433.9980964,0.13531005164414403
2022-01-05,0.267242152865442,28160728820.8761315659226144770118,1.979802875622,105375325407.7968179,0.13498422300325322
2022-01-06,0.268053757016577,28246145164.0433688307427852984322,1.986825025735,105374927322.1213186,0.13491563350799549
2022-01-07,0.256359328311151,27013995616.1670528762727243937423,1.903169883665,105375512543.7813473,0.13470123214511517
2022-01-08,0.255739100932605,26949085075.0919280704137568896425,1.899040659809,105377257434.6925085,0.1346675225786511
2022-01-09,0.260978574880569,27501490922.7079845484381417852155,1.938139163534,105378347380.7894995,0.13465419810448548
2022-01-10,0.252851505617945,26645096632.4703999379018696004475,1.878966103442,105378437701.4181555,0.13456948752548376
2022-01-11,0.262211888919067,27631616542.187111090374759767087,1.948231972414,105378961480.712061,0.13458966521023036
2022-01-12,0.282750566493904,29798232524.898322826108878735992,2.100928230403,105386994955.9968855,0.13458363898497702
2022-01-13,0.270373726193993,28494838139.801863112827206333723,2.009947708335,105390558990.028611,0.1345177912205314
2022-01-14,0.268970502439786,28348966710.0418667967372692639934,1.999055248043,105398050912.2494019,0.13454880884512724
2022-01-15,0.259723740669877,27372510629.4054514517556604771107,1.938691660252,105390868616.0399991,0.13396856549953745
2022-01-16,0.259163891024329,27312818044.6635554780336891149128,1.935038933446,105388207966.4391432,0.13393213260200343
2022-01-17,0.255771408481494,26954409103.773912587420615092647,1.910762880251,105384762369.6538505,0.13385826735753606
2022-01-18,0.25448058186402,26817981990.466297164084155953326,1.905533437065,105383215465.9105063,0.1335482111801638
2022-01-19,0.246746178415243,26002576238.4865689200413064936933,1.85086778141,105381880301.0090831,0.13331377902492342
2022-01-20,0.232683410408078,24520778350.9495781124439427618158,1.75071030266,105382581026.9209361,0.13290800314280593
2022-01-21,0.2039157681581,21488809023.567192286157045585,1.547368659749,105380810996.95285,0.13178227882111646
2022-01-22,0.191943198456545,20226998609.3551250797854442442935,1.461828356954,105380126891.7294743,0.13130351285324324
2022-01-23,0.200022119559309,21078329493.4293716507678159079246,1.522622920032,105379992672.1573894,0.13136681244434784
2022-01-24,0.197226895257265,20783811280.5117608719094696299535,1.502935875488,105380208178.0029119,0.1312277512792925
2022-01-25,0.196919548019506,20751364968.216585153214138553113,1.50434756296,105379913659.7705605,0.13090030048112095
2022-01-26,0.197164991584844,20777242617.5912914975276810866144,1.505675448473,105379978720.2609576,0.1309478691339501
2022-01-27,0.192710377816935,20307770773.679286338882279001504,1.472784018966,105379746559.2155584,0.13084768393415316
2022-01-28,0.198476529639065,20915456898.026087959652418808284,1.516810451479,105380001031.1618136,0.13085124080305224
2022-01-29,0.202334028105322,21322056137.0179722352339696399016,1.545870196992,105380475724.6225028,0.13088681604641164
2022-01-30,0.195718998392753,20624986173.4304957274084083857174,1.496535303543,105380603532.6317558,0.1307814108557242
2022-01-31,0.19978710567034,21053891848.251686801857636533638,1.527289012045,105381635003.9716607,0.13081159105756304
2022-02-01,0.202477876392436,21337482465.9486939222127628463036,1.548044471917,105381796994.9125851,0.13079590416527262
2022-02-02,0.193076523697175,20346555557.10264953140295404826,1.4774579216,105380784610.6375192,0.13068157195846533
2022-02-03,0.193473361253326,20388364667.1804058977865619231922,1.480532611073,105380733218.7955647,0.13067821661362006
2022-02-04,0.208256867527821,21946498782.3699802309760216043756,1.591940975288,105381873082.4718236,0.1308194655207898
2022-02-05,0.2136905806153,22519209913.11460630126371307044,1.632509648763,105382323583.3458948,0.13089697863483962
2022-02-06,0.223325210668454,23534744882.7098402878049943608326,1.704610105301,105383287503.7527569,0.131012487825783
2022-02-07,0.239367042883307,25225460869.0547697009555249207272,1.718148516335,105384018473.0541496,0.1393168521856907
2022-02-08,0.243119375571331,25620887223.0481370918982283264721,1.742950436966,105383979219.4225691,0.13948725701835524
2022-02-09,0.239645593282343,25254690973.1331169026578960761406,1.717986589876,105383498303.5921042,0.13949212100639274
2022-02-10,0.232654234150678,24517844345.8371170458930267510966,1.669316904342,105383185633.1408497,0.13937092085123529
2022-02-11,0.215301943398575,22688962098.3710791078093177663475,1.600187166012,105382058982.9438973,0.13454797536912655
2022-02-12,0.217709702715492,22942738271.9326597545960981496008,1.617914773764,105382249783.8543874,0.13456191033412776
2022-02-13,0.211419311458119,22279779582.4416468692297852750271,1.572379079865,105381951292.8228809,0.13445823221984796
2022-02-14,0.211035734554729,22239311216.1990444176395529031844,1.570028968296,105381731975.9730436,0.13441518520755222
2022-02-15,0.220467924871922,23233373435.664106300005083290263,1.638398775041,105382102404.0627915,0.1345630430335282
2022-02-16,0.219943742042757,23178124987.9693607575691062991634,1.634456283683,105382061670.4045162,0.13456691637364998
2022-02-17,0.202883894736909,21380105156.4414760287838762769718,1.510945966718,105380987407.4345102,0.1342760755221466
2022-02-18,0.201116658526994,21194118540.8517793429252807839734,1.498411462056,105382212970.7226211,0.13421991463615598
2022-02-19,0.20354323781917,21449898048.64901570518374620989,1.516216270674,105382513703.085217,0.1342441983746088
2022-02-20,0.195431068070345,20594963214.037568001083895426175,1.457192615497,105382237416.951815,0.13411478070364086
2022-02-21,0.180218320880307,18991473747.9148268578910480450823,1.346171168978,105380372290.3850589,0.1338747441880864
2022-02-22,0.185251140311845,19521782713.666169729230623594582,1.383728378175,105380094723.3248556,0.1338782547454673
2022-02-23,0.182195540074589,19199685572.7323244935207685258443,1.361524207347,105379558494.5282887,0.13381733434589926
2022-02-24,0.182406639652863,19222305806.2807374802011313450146,1.364194994566,105381612439.4517342,0.1337100930434752
2022-02-25,0.190156073017222,20039029969.4259596134027205539356,1.420467782637,105382014108.0167898,0.13386862788553391
2022-02-26,0.19237400112621,20272821323.123432766231183072693,1.436770036582,105382334434.1792233,0.1338933832333096
2022-02-27,0.180541462523223,19025730197.2517387504658064374396,1.34971690082,105381500356.4871652,0.13376246708738534
2022-02-28,0.196260952414055,20682553220.337195191737363851071,1.465881036514,105382924957.4967322,0.1338860027009979
2022-03-01,0.198393086444228,20907401602.6548185951950609669,1.48161279483,105383720659.702925,0.13390346461404012
2022-03-02,0.193601630582414,20402473537.2593369021151623737046,1.440450820712,105383789774.3027389,0.134403499098094
2022-03-03,0.188280981071811,19841667132.8412038904144062316507,1.401620866248,105383278862.7414537,0.13433089190218786
2022-03-04,0.175999982065745,18547220522.0714627558517168635455,1.31227244727,105381945522.8303759,0.13411847702196936
2022-03-05,0.179967977427144,18965331371.3768694384020108452032,1.342424517373,105381699802.9805528,0.13406189703635968
2022-03-06,0.173147486180619,18246459228.4094289072518312324271,1.292288780291,105381023027.8227309,0.13398513460871286
2022-03-07,0.170505639984861,17968164833.45525427027504525681,1.273308686085,105381645059.07621,0.1339075448461041
2022-03-08,0.172560636948203,18184808368.9487383257601371361992,1.28929057462,105382135176.0959064,0.13384154072410154
2022-03-09,0.188899823313111,19906973496.9329542095097996579326,1.410499688352,105383759221.0774066,0.13392404470065344
2022-03-10,0.179179124926546,18882461436.0590410662330777196796,1.341289681566,105383154671.6162126,0.13358719401863173
2022-03-11,0.184433423672036,19436267635.6383902284829273307176,1.379607884918,105383651448.1259866,0.13368539400816645
2022-03-12,0.18549392594352,19548079843.166990462923113175776,1.386783920494,105383935046.5797738,0.13375834778747894
2022-03-13,0.176641690698318,18615123764.736679914805543477875,1.322551920461,105383523511.0435625,0.13356125227714785
2022-03-14,0.180074159927281,18976947281.1075968543453924009744,1.344092140132,105384066702.1355024,0.13397456509908343
2022-03-15,0.182134495526487,19193836422.4898087981758472158701,1.359603877436,105382763254.1938523,0.13396144167370583
2022-03-16,0.188887422805236,19905569062.7739842101224558605112,1.409348797012,105383242394.5920742,0.1340246099515617
2022-03-17,0.189931912018988,20015644426.2215007049818054337316,1.416994018456,105383261893.4541307,0.13403861240426662
2022-03-18,0.193117956963306,20351435457.1969630127612881249308,1.43801017147,105383444280.4503318,0.13429526493953237
2022-03-19,0.199275583430742,21000452770.7269863195002569702326,1.483287372507,105383973335.7281553,0.13434725267965672
2022-03-20,0.197146219009965,20775997139.9701032690070091533965,1.467669199297,105383695636.1813601,0.1343260586952402
2022-03-21,0.203512746710968,21447051946.3126562046462222266128,1.514193674765,105384317655.4051246,0.1344033792391537
2022-03-22,0.207114928980244,21826760557.6277873799113135192708,1.540087008005,105384776776.3267757,0.13448261552997373
2022-03-23,0.209461198480421,22073933401.6746970735023254710484,1.556963742769,105384355488.3412804,0.134531840868627
2022-03-24,0.214917333723439,22649055835.5280313655390762453731,1.596883344828,105384965666.2566029,0.13458549393699618
2022-03-25,0.211430484424313,22281542123.845203151332774444589,1.571299360806,105384718691.412053,0.13455773590836279
2022-03-26,0.215023946451961,22660265862.4397452894533922792238,1.597690623396,105384847763.9318558,0.13458422006315152
2022-03-27,0.229564799298656,24192933474.4403653562257102068896,1.703998100087,105386076386.0672791,0.134721276559484
2022-03-28,0.232402584251853,24492220302.4294412127427546842549,1.708083572951,105387039396.6333833,0.13606042932099552
2022-03-29,0.233027542700851,24558100736.596251539179160110275,1.711937827911,105387116269.439025,0.1361191620990138
2022-03-30,0.234941652060687,24759880614.7895792143077897135906,1.724492065787,105387360638.7765438,0.13623817512518827
2022-03-31,0.228455575213029,24076320736.3627019996350282674117,1.678820282109,105387319674.3487073,0.13608101930126443
2022-04-01,0.232465946952974,24499091062.2578100078250804406566,1.707936485312,105387870281.1202709,0.13610924583680165
2022-04-02,0.23395252896925,24655820095.68127753316072308795,1.718355954023,105388132388.6948134,0.13614904899157965
2022-04-03,0.236989371129322,24975893390.5677758421142691032324,1.740278606623,105388242820.9776442,0.13617898319694824
2022-04-04,0.232372896393073,24489320962.9953905572221321689468,1.706723172492,105388026500.1741116,0.13615148615682265
2022-04-05,0.225834272296538,23800728339.1335370544524692777634,1.660098699407,105390240804.0234293,0.13603665395148357
2022-04-06,0.204036224935692,21503271642.9641419352908540424796,1.502614070752,105389479979.5552413,0.13578751118281476
2022-04-07,0.213331130809135,22483172229.9845660729197908290665,1.5701751551,105390957919.3109479,0.13586454359325825
2022-04-08,0.20123022830204,21207722742.717544120654298812248,1.483392088073,105390342801.2089962,0.13565545476479388
2022-04-09,0.204515365438473,21553974317.1485143546201693235175,1.508086000555,105390488733.8788975,0.13561253493713757
2022-04-10,0.202011471310403,21290058650.7854883296505773954174,1.489918310856,105390344977.3503658,0.1355856021356914
2022-04-11,0.186658730474392,19671830630.6104803765378424425648,1.380636060795,105389287608.5390994,0.13519763518773364
2022-04-12,0.192686968934643,20307165245.3410574231430283481628,1.430468181309,105389406235.5041396,0.1347020307423532
2022-04-13,0.1964073746492,20699391340.81354041316892989908,1.458100575462,105390092290.4976699,0.1347008415979592
2022-04-14,0.193959890807703,20441338483.878441582345318167982,1.440292496227,105389513258.411394,0.13466701473193926
2022-04-15,0.203724671897669,21470605758.092923270112750295469,1.510306083745,105390307212.656201,0.13488965852041543
2022-04-16,0.205920957186238,21702083917.9098215716896336271222,1.526250656719,105390360526.9381669,0.13491948801444503
2022-04-17,0.197476143344128,20811985750.9090653155508222323712,1.464561551866,105389873422.0338654,0.13483635637745875
2022-04-18,0.205002984950734,21605358696.2661077628427822734304,1.519291231278,105390459077.7459856,0.13493330358939098
2022-04-19,0.204018945566202,21501630036.4449564371369256144282,1.568377201494,105390359590.2465041,0.13008283043891372
2022-04-20,0.200449211606108,21125390427.0577778530769910905152,1.541321267463,105390239541.4263344,0.13005024704294485
2022-04-21,0.1948635429312,20536657096.76595669365778367872,1.499326186047,105389939995.1728506,0.1299674111908638
2022-04-22,0.19567578070313,20622263498.970651730948136135098,1.505902090235,105389964076.6363946,0.12993924503590687
2022-04-23,0.192401959729318,20277227807.5554317358842281691562,1.481231592163,105389923450.2735159,0.12989323259596358
2022-04-24,0.190128519118823,20037612189.2831307454551028751552,1.464082370573,105389829375.1522624,0.12986190049157692
2022-04-25,0.192277810991071,20264125492.6263839828430146403038,1.480596402761,105389828333.1684578,0.1298651074881132
2022-04-26,0.179941759528634,18963887728.0349824768536411999218,1.387710627512,105389031304.9721677,0.1296680705337309
2022-04-27,0.184176509173393,19410184994.9658707543515071517892,1.42037416961,105389037299.4970244,0.12966759964662225
2022-04-28,0.185707530883918,19571541658.751455743513254473613,1.432681041138,105389057544.3880535,0.12962238317637523
2022-04-29,0.177844512011603,18742731036.0815744116379201068158,1.373314296691,105388301410.4970186,0.12950022616098822
2022-04-30,0.168906574399274,17800613715.1615917272517178223132,1.305419196577,105387334853.4271318,0.12938876250799108
2022-05-01,0.175722805657165,18519010160.5233053300384927754695,1.361151344748,105387630770.3274083,0.12909865338280796
2022-05-02,0.173705195232594,18306349526.8796135136730539418242,1.346959984641,105387461223.4085593,0.1289609173348167
2022-05-03,0.171598804376148,18084327926.4140283103073649689844,1.331211829363,105387260663.9660553,0.12890420637131808
2022-05-04,0.184357626130745,19429106367.9773691452490179394645,1.428885028811,105388134875.4100221,0.1290220153570733
2022-05-05,0.170901342498941,18010866808.0179196238248232563191,1.32622492414,105387509218.2469251,0.12886301515541432
2022-05-06,0.171820226110272,18107708798.8082823007774508461056,1.333183811993,105387527468.3144048,0.12887962227310193
2022-05-07,0.167325619351428,17634013702.4175890675418175932,1.298957096694,105387410312.7119,0.12881535485451487
2022-05-08,0.16169156535574,17040198208.645248218188721111732,1.255964385759,105387056963.3911118,0.12873897316604813
2022-05-09,0.143889193834015,15163894272.8398323424657913230175,1.123756104504,105385914458.1233345,0.1280430809294908
2022-05-10,0.147959405586874,15592877628.7678655684209215866598,1.156106983992,105386187291.8416527,0.1279807211924064
2022-05-11,0.124867416186671,13159026727.2493115873060093984331,0.978531740219,105383991509.6599461,0.12760691457869835
2022-05-12,0.121008470946082,12752356190.8487179094440901546414,0.953099433689,105383995774.4017127,0.12696311283883055
2022-05-13,0.131533861498858,13861691601.6838285669289032626786,1.037275948934,105384966606.5203917,0.12680700987430998
2022-05-14,0.138008007853675,14544086473.615737468971386013965,1.087698181757,105385815648.0044038,0.12688079300706878
2022-05-15,0.144363258218219,15214012583.0863893723778863182394,1.134650326224,105387013086.7297326,0.12723149580245144
2022-05-16,0.135357438385698,14264782995.6376332667571994527364,1.064515254093,105386029506.4867618,0.1271540617809434
2022-05-17,0.141618761037812,14924572276.0130956800600806561336,1.146632394398,105385558852.8151078,0.12350842495790823
2022-05-18,0.1288381936942,13577535818.51368584416684030958,1.044639050366,105384400612.9132449,0.12333273741687162
2022-05-19,0.130196237555464,13720664387.4594143657744599345384,1.056124718958,105384492248.5902781,0.12327733194609722
2022-05-20,0.126897823886225,13373001201.647001012403566612855,1.031365278805,105384007322.5925958,0.12303868134212956
2022-05-21,0.130578329577319,13760910808.066526590258142990763,1.061220560896,105384337911.278877,0.12304541995216368
2022-05-22,0.135634392152867,14293795428.5864243728507069626237,1.102068544946,105384742038.5574111,0.12307255549110417
2022-05-23,0.128622189560559,13554725042.696119756721858112867,1.047882421003,105384032794.078413,0.12274486810976931
2022-05-24,0.132699647682069,13984471028.4654290468693964271266,1.08074949872,105384387017.8946714,0.12278483389465698
2022-05-25,0.132413019342818,13954228738.0790776598590126542608,1.078534686246,105384114094.9403656,0.12277122009279197
2022-05-26,0.125166183953294,13190423622.760855513969022974086,1.020437429085,105383284894.927269,0.12265934234255527
2022-05-27,0.119951500064985,12641185722.2554445255496882530865,0.979214923217,105385807725.6803609,0.12249762255553678
2022-05-28,0.122752346130502,12936488200.0576410702354115601304,1.00199947906,105386891638.7507652,0.12250739515918609
2022-05-29,0.13057895542704,13761419862.06226107901026897168,1.06539671322,105387731254.684067,0.1225636927604037
2022-05-30,0.143151937930025,15086691462.69426021513624675214,1.166962566369,105389362385.5017656,0.12267054835824062
2022-05-31,0.15053177229348,15864547722.502652407894319284488,1.224545278823,105390028170.0848306,0.12292871067876487
2022-06-01,0.13711471624555,14450391815.72687182832660642224,1.116839442828,105389065531.4385568,0.12277030250503654
2022-06-02,0.143359284717501,15108592382.822687565865703899032,1.167318417244,105389702610.439032,0.12281077947520737
2022-06-03,0.145611427126813,15346005171.214805086660575207878,1.183285179181,105390115831.019006,0.12305691788314008
2022-06-04,0.143188650479755,15090645951.438394259505961892736,1.163816616294,105389958637.6227072,0.12303368801840778
2022-06-05,0.14368339314815,15142806465.060760452250651150245,1.167798074184,105390095078.3311323,0.12303787471866566
2022-06-06,0.144544121752986,15233526317.4824639031446656073286,1.174691866719,105390147539.2773551,0.12304854221618837
2022-06-07,0.140763677475235,14835076974.832972807308033393251,1.144342015288,105389950311.8832266,0.12300839748491503
2022-06-08,0.140095756428549,14764695492.4471902014964332132415,1.138974953919,105390026570.7006835,0.12300161293846337
2022-06-09,0.139445720136231,14696250698.9829300629080649040633,1.133961742109,105390475122.6891743,0.12297215590085316
2022-06-10,0.132980870572764,14014917131.7187103197769145437124,1.081390088687,105390475121.3827991,0.12297215589817957
2022-06-11,0.12483536685738,13156458625.02357464721443963082,1.015151486514,105390475121.159889,0.12297215589572838
2022-06-12,0.119797201251601,12625483957.9376706702764729767928,0.974181515984,105390475119.8763128,0.12297215589293581
2022-06-13,0.105597222334093,11128941433.0030151115880057872318,0.858708392875,105390475118.6806326,0.12297215586835951
2022-06-14,0.112710931794272,11878658652.818598906904486882608,0.916556524464,105390475118.2464765,0.12297215587460367
2022-06-15,0.119780931848598,12623769317.4866586343100461180212,0.973730362047,105390475117.0494094,0.12301242368245718
2022-06-16,0.108053490780639,11387808732.8117381961091670659233,0.878394940991,105390475129.8622847,0.1230124238406174
2022-06-17,0.112175966381726,11822278396.3404496511936030750208,0.911907617769,105390475140.7281408,0.12301242384197505
2022-06-18,0.107717211752567,11352368127.1381062540002808762386,0.875661241302,105390475137.9490558,0.1230124238368765
2022-06-19,0.114116412122764,12026782894.8358574268455137379056,0.927682006187,105390475139.5242004,0.12301242382808562
2022-06-20,0.113017536962065,11910971453.117691108484026493758,0.918749000295,105390471012.6153132,0.12301241898034865
2022-06-21,0.114088503837824,12023841615.0521646563216767858304,0.927455132625,105390475031.0686021,0.12301242380848805
2022-06-22,0.113548750730681,11966956791.0021200811434504257161,0.923067338915,105390475139.4912081,0.12301242384347548
2022-06-23,0.117924181107965,12428085477.370210504730125363803,0.958636350873,105390475139.2059942,0.12301242384620106
2022-06-24,0.128264430861591,13517849312.2253377856222457240651,1.042694931502,105390475141.2519661,0.1230124238513621
2022-06-25,0.126638897423296,13346533570.5145585390713717033344,1.029480547259,105390475138.9550714,0.12301242384858367
2022-06-26,0.120562507982002,12706140151.8845591099053881207126,0.980083996733,105390476397.3670563,0.12301242381661533
2022-06-27,0.119034830987996,12545137545.9607488961292081890508,0.967665112952,105390476399.5158373,0.1230124238176401
2022-06-28,0.114353226179007,12051740984.637468004360697139687,0.929607129374,105390476397.857241,0.12301242381393178
2022-06-29,0.10949713511703,11539955363.817224660419949918916,0.890130703004,105390477581.7502172,0.12301242362217221
2022-06-30,0.110403276493388,11634980026.9841928944198126708368,0.90184270399,105386184147.1797836,0.12241965922098563
2022-07-01,0.109851170530231,11576795682.5219418091347458916342,0.897332759405,105386184112.9495482,0.12241965912742414
2022-07-02,0.108500671158157,11434473207.4795131943465796237059,0.88630105297,105386197941.6878287,0.12241965728752169
2022-07-03,0.108862981511432,11472661973.0301269512972685263824,0.889260682893,105386255398.7220282,0.12241964994704585
2022-07-04,0.110992075484179,11697031160.8294008733966103343582,0.906652380561,105386182840.5642858,0.12241965924746327
2022-07-05,0.108110892352601,11393399512.8099006095218955643568,0.883117131133,105386231348.9246768,0.12241965254812746
2022-07-06,0.109661428810924,11556799387.9138574986749401315356,0.895782830031,105386182846.8408469,0.1224196592461244
2022-07-07,0.114008980899879,12014974314.8738649203134080370554,0.931296358987,105386209227.0190326,0.12241965707230953
2022-07-08,0.113782618351728,11991115851.2006575851592677640656,0.929447272465,105386183099.8948027,0.12241965921311869
2022-07-09,0.11272989031217,11880172832.388384408658685672802,0.920847934104,105386182843.6981506,0.12241965924792783
2022-07-10,0.107275222114897,11305326171.9196228300080534745881,0.876290807991,105386182839.2307273,0.12241965924627018
2022-07-11,0.101440321169375,10690408175.31858187920951838375,0.828627703819,105386182260.491834,0.12241965927744672
2022-07-12,0.100594722299631,10601293809.8573114623462507169523,0.821720326394,105386182967.7340733,0.12241965918145933
2022-07-13,0.105215404711961,11088249882.7796323397110230500168,0.859464937173,105386182880.1111688,0.12241965921034706
2022-07-14,0.106748786765443,11249847142.9581284299192962860281,0.871990556296,105386182680.2509267,0.12241965924365673
2022-07-15,0.107469057200362,11325753718.9684339144630510317888,0.877874173727,105386182907.0766624,0.1224196592367035
2022-07-16,0.109475662657482,11537222201.3293583128093162468818,0.894265376418,105386182839.7972149,0.1224196592470003
2022-07-17,0.106717310768951,11246530024.8615499869764610611128,0.871733440742,105386182839.7355528,0.12241965924596813
2022-07-18,0.11386867631877,12000185312.665972676657547816531,0.930150239928,105386184336.3491703,0.12241966021272456
2022-07-19,0.118670825827179,12506265526.355272897936554662064,0.969377186799,105386184339.596816,0.12241966021404355
2022-07-20,0.111904086981339,11793144739.953772740275327623644,0.914102251131,105386184348.390996,0.12241966021075036
2022-07-21,0.113548061508723,11966396924.8617148459175593998591,0.927531258404,105386184192.5186117,0.12241966023237295
2022-07-22,0.11194409856323,11797361542.894923926149121600069,0.914429091667,105386185554.3135703,0.12241966007353991
2022-07-23,0.111640604043301,11765377278.3193131906243414310673,0.911949958455,105386184347.0139773,0.12241966021078543
2022-07-24,0.113570210148038,11968731098.5578501746933587047946,0.927712182397,105386184307.9861367,0.12241966021681215
2022-07-25,0.106868905319511,11262506158.2306994582546487598921,0.872971752567,105386184358.8521311,0.12241966020694225
2022-07-26,0.105243959061861,11091259272.415690662678450920556,0.859698179891,105386184359.487996,0.12241966020586988
2022-07-27,0.112188460788105,11823113825.406255052159253186763,0.916425193653,105386184482.3511806,0.12241966018077917
2022-07-28,0.116480849561956,12275472271.4400467506061235827508,0.951488097278,105386184232.0332693,0.12241966020928935
2022-07-29,0.118552082621668,12493751617.8616168812912742257636,0.968407218388,105386184211.8166977,0.12241966021175316
2022-07-30,0.11944521302664,12587875242.033081547443682922016,0.97570286356,105386184369.1098244,0.12241966021379297
2022-07-31,0.117518104264125,12384785499.4183775595925888342875,0.959961040691,105386191999.6875511,0.12241966005155065
2022-08-01,0.118590165125237,12497764987.2759352486012017442048,0.96871829998,105386184209.1010304,0.12241966021255653
2022-08-02,0.115407632895001,12162370239.6626538770766950163045,0.942721396091,105386185770.9888045,0.12241966011754846
2022-08-03,0.114051178448248,12019418679.2382924787919395868656,0.93164103181,105386185770.0333922,0.12241966009877046
2022-08-04,0.113759844631563,11988716249.9766437131323543707859,0.929261237114,105386186916.8757593,0.12241965992777891
2022-08-05,0.117982190719574,12433692899.92099746458599998953,0.963751986513,105386184339.245095,0.12241966021408822
2022-08-06,0.121977619628344,12854755934.2337116066256627419024,0.996389136212,105386184559.1110846,0.12241966034682963
2022-08-07,0.123451669405685,13010100388.949046154365958181558,1.008430093562,105386184339.0343468,0.1224196602162339
2022-08-08,0.13050170917016,13753077289.717239200418307727784,1.066019183546,105386185186.1627799,0.12241966297084811
2022-08-09,0.122164912738175,12874494013.9312060529050112525425,0.997919064006,105386184341.8489871,0.12241966021549068
2022-08-10,0.125589564680324,13235405015.0954865179339327970236,1.02589375315,105386184344.0967439,0.12241966021793392
2022-08-11,0.12509471799845,13183255051.151397709415504760425,1.021851537279,105386184661.4078965,0.12241966022926765
2022-08-12,0.126299561175498,13310228836.4561224210863471601974,1.031693446564,105386184342.8027263,0.12241966021605737
2022-08-13,0.126719967898744,13354535342.4831905540033876303632,1.035127586467,105386195750.5716478,0.12241966068284652
2022-08-14,0.125579059906487,13234297973.6680887924217860566933,1.025807926631,105386184476.3216659,0.1224196622450743
2022-08-15,0.123169091243994,12980320554.5796936405841856607006,1.00612181921,105386184337.9691499,0.12241966021639956
2022-08-16,0.121862248750209,12842597391.8214472781157353014395,0.995446716118,105386184183.6348155,0.12241966021591003
2022-08-17,0.121040641005898,12756012073.3187434690551695495066,0.988735308961,105386190681.9972617,0.12241966066033588
2022-08-18,0.116435679410185,12270711974.5412366223961298684055,0.95111911933,105386184344.0051103,0.12241966021270413
2022-08-19,0.108164451371355,11399039039.0637262420563281054985,0.883554581537,105386186446.1184107,0.12241965989604853
2022-08-20,0.109251275187545,11513575017.4081839979336375301295,0.892432432949,105386184258.6599751,0.12241966019380249
2022-08-21,0.11121849084334,11720892378.2036278694063545879,0.908501875038,105386184341.535685,0.12241966021114492
2022-08-22,0.109126472741052,11500422580.9501211327273275748316,0.891412968816,105386184415.9451833,0.12241966020081227
2022-08-23,0.110871445138252,11684318549.4225294107812808758496,0.905666989787,105386184286.2486248,0.1224196601935634
2022-08-24,0.109442947578457,11533774874.4872716716424071323178,0.893998134262,105386186407.4794554,0.12241965993452851
2022-08-25,0.110268057726575,11620729864.8904503967733218974275,0.900738145824,105386184398.9822317,0.12241966018403849
2022-08-26,0.103603906203971,10918420414.0402112068123519656177,0.846301214222,105386184885.1961787,0.12241965917443884
2022-08-27,0.105526037727228,11120986672.574026781366096688354,0.86200237654,105386186310.9124555,0.12241965985151922
2022-08-28,0.103361465960381,10892870705.6713648592200383248871,0.844320806902,105386186278.0338291,0.12241965982058067
2022-08-29,0.105718497253473,11141269021.6147643539649995181529,0.863574503428,105386184168.9086073,0.1224196601842903
2022-08-30,0.102515912487765,10803761076.3877715658361048188225,0.837413800164,105386186536.4283965,0.12241965975207023
2022-08-31,0.104084275659878,10969044972.563234836655688034154,0.850225167729,105386187327.732343,0.12241965965074057
2022-09-01,0.104939491723855,11058702538.9971635822207961447505,0.896875213538,105381704802.7809631,0.11700567719994058
2022-09-02,0.104326276131014,10994017549.7096492244026540749868,0.89164803472,105381098199.1080562,0.11700387604597266
2022-09-03,0.105221618614554,11088405191.3426288786784744799602,0.899024773885,105381435272.9307613,0.11703973201968022
2022-09-04,0.106295521676429,11201595962.2040370143192823963227,0.908135311321,105381635891.5145863,0.1170481098480891
2022-09-05,0.104948674880957,11059634092.3932418721019632619055,0.896749450013,105381360030.8737115,0.11703232701111282
2022-09-06,0.100080890356752,10546589399.6372040357458828247216,0.859409628772,105380651211.6593483,0.11645307081299097
2022-09-07,0.103131250276257,10868046068.2887728235288882384876,0.885432586884,105380726396.4764268,0.11647555308439102
2022-09-08,0.10438994201323,11000706504.00154186507420977743,0.89668592447,105380904441.994541,0.11641750936921563
2022-09-09,0.114131728609001,12027456406.2226023297585338832777,0.979237591233,105382232905.8639777,0.11655162100680065
2022-09-10,0.115198670351597,12139914045.0939264561983463911461,0.986843814341,105382414641.0873113,0.11673445045457878
2022-09-11,0.114164765687595,12030953438.051736197515405175577,0.978049556849,105382368768.4317166,0.11672697450566995
2022-09-12,0.113781493760627,11990575273.4590822375293870739941,0.974774967278,105382473697.2147783,0.11672590862520292
2022-09-13,0.104697412890813,11033152855.9098800902882062819309,0.898587411229,105381332272.4234993,0.11651333146056223
2022-09-14,0.105110433418922,11076682658.3181922956798616887572,0.902149466766,105381381258.0489826,0.11651110740631362
2022-09-15,0.102158049519881,10765518783.4978050057053573022799,0.87717339011,105381013381.6496279,0.11646277768078453
2022-09-16,0.107057891256935,11281929526.6358477672321653177135,0.91891541429,105381578080.5884921,0.11650462011201898
2022-09-17,0.113533073893682,11964401888.3699771687576418875304,0.974027152394,105382524035.0141172,0.11656048151700517
2022-09-18,0.107442191639428,11322469808.9626471643924558100376,0.922162906657,105381969933.7522342,0.11651107506473507
2022-09-19,0.111814429163747,11783323880.3675803864686436020649,0.95890065791,105382855938.1316867,0.11660689586703947
2022-09-20,0.117270293119104,12358401304.5907636092894054706944,1.003522002504,105383903935.8341086,0.11685871642723306
2022-09-21,0.110585854354643,11653893920.3788780477318996219139,0.946715442621,105383224539.7811473,0.11681002482486598
2022-09-22,0.123012608405691,12964622515.9491672795345229476456,1.051331137895,105392631568.2399416,0.11700653007575684
2022-09-23,0.123354249417872,13000629438.6967578922336565273648,1.054049534859,105392635438.5743659,0.11702889222789048
2022-09-24,0.118242765312336,12461860809.8232159474273027127104,1.010689359078,105392163122.2464164,0.11699219374408257
2022-09-25,0.117217091189301,12353747326.8283811097305158384449,1.001946394629,105392031157.6198749,0.1169893836812538
2022-09-26,0.113616367756713,11974198131.8062564775177127596697,0.971832331759,105391488640.4979569,0.11690943390519774
2022-09-27,0.110439242593212,11639302248.7664527614366115159596,0.945150580108,105391000295.4135333,0.11684830429939787
2022-09-28,0.10834946841758,11419031986.573253327402160802122,0.927816797619,105390752288.3654859,0.11677894676581699
2022-09-29,0.115408693525486,12163123505.8895988913497207386378,0.982732639642,105391744194.7610723,0.11743651209908756
2022-09-30,0.114326437844071,12049046287.8747178558827905295515,0.973576936537,105391600710.1377965,0.11742927913917989
2022-10-01,0.121318294420907,12786045080.9603067331073401578009,1.032337042866,105392555525.0541387,0.11751810637744832
2022-10-02,0.118493381676997,12488304966.9230677276395704906307,1.008530892013,105392426059.4160231,0.11749107797827338
2022-10-03,0.11695613957363,12326250527.227039288167597111727,0.995498236288,105392077510.1081429,0.11748502941575711
2022-10-04,0.119194107978317,12562148414.3049077740682800264045,1.014187294866,105392360640.7636385,0.11752672172260407
2022-10-05,0.118926277410517,12533925316.2896067150793721564541,1.011865368556,105392395938.0670473,0.11753172023293258
2022-10-06,0.119269062028607,12570061271.1995013749014511773973,1.014754046782,105392471923.5616939,0.117534945937722
2022-10-07,0.122297669712855,12889313232.185581243692599197602,1.040104916799,105392958528.5528524,0.1175820513273172
2022-10-08,0.126215250631333,13302260547.2931530076901850177348,1.073026739082,105393448737.4131956,0.11762544774915223
2022-10-09,0.128715454756391,13565801917.8563542298226970155492,1.093845101473,105393730251.9826812,0.1176724698799304
2022-10-10,0.123980421092655,13066720950.42326744303997585858,1.053427788878,105393422891.006636,0.11769237759021513
2022-10-11,0.115867726091859,12211602510.5460741145790344317336,0.985217556752,105392613822.9796104,0.11760623356514682
2022-10-12,0.11628278633366,12255343302.278139354006165282642,0.98950843629,105392583792.3495387,0.11751570989090633
2022-10-13,0.112160688087166,11820859803.1062525245485703730232,0.955133678272,105392183346.0903652,0.11742930925656798
2022-10-14,0.11234700533617,11840479667.127383123848212130739,0.956793035002,105392036322.6215267,0.11742038374676836
2022-10-15,0.111944669555145,11798032158.4898511442402002778215,0.953393843984,105391638613.7352367,0.1174170257774642
2022-10-16,0.113468844474267,11958678145.885140736612643234949,0.966279908449,105391732869.873247,0.11742854578897192
2022-10-17,0.114250697722771,12041082148.138887553879173312347,0.972999430606,105391760296.786457,0.11742113523295053
2022-10-18,0.112524692716399,11859144284.1712008257532833379497,0.958620767504,105391483396.9849703,0.1173818641644747
2022-10-19,0.110732730070371,11670269001.9402214785986102600778,0.943559543342,105391323726.2707118,0.11735637761467178
2022-10-20,0.109954890989747,11588277400.3754735056975000305099,0.939873902909,105391195389.8990217,0.11698898187238316
2022-10-21,0.110888844460116,11686718330.5438466511386775354588,0.947807690518,105391289695.9375643,0.1169950883174545
2022-10-22,0.111226076225253,11722273339.0605550962725496335805,0.950669473247,105391413029.0888185,0.11699763099088654
2022-10-23,0.111908425695705,11794192644.0917442131346659836545,0.956494150856,105391462445.9273449,0.11699854682389249
2022-10-24,0.11031101747966,11625814586.244497192935701421398,0.943086862725,105391236993.9671253,0.11696803533125474
2022-10-25,0.111880395602804,11791196917.173502056510858291868,0.956293459841,105391090670.026067,0.1169937893556294
2022-10-26,0.113595095923168,11971920269.3146968320431470640288,0.970793905225,105391171793.2974091,0.1170125763169477
2022-10-27,0.111169371740318,11716261735.640678658779046949957,0.950830030324,105391094257.5878615,0.11691823795514376
2022-10-28,0.112797822366525,11887897752.355417257487489132125,0.964591253031,105391199075.873185,0.11693846695383615
2022-10-29,0.113355924926214,11946709662.7699945759632161021316,0.969336255328,105391135668.8799894,0.11694179837300843
2022-10-30,0.111092329810682,11708101566.7849937705454259006882,0.950155149445,105390728475.4704101,0.11692019969114803
2022-10-31,0.111253924975418,11725131969.4697674324839255658254,0.951570975016,105390726413.1174003,0.11691605555071426
2022-11-01,0.109894588940546,11581833560.2089194677824241497874,0.941083067398,105390389753.1733769,0.11677458956348401
2022-11-02,0.107615032831109,11341553140.841277000944703251967,0.921770785453,105390044889.366963,0.11674814881252944
2022-11-03,0.108619185380848,11447383980.3438638703628580933632,0.930453246633,105390073956.1456384,0.11673792936281817
2022-11-04,0.115189105354047,12139885504.5797128266938336487732,0.986266237718,105390917546.1201356,0.11679311422093173
2022-11-05,0.113541270908952,11966150415.6021997373973511942752,0.972196764252,105390315960.0686276,0.11678836536378487
2022-11-06,0.109304280497939,11519555003.5199040836269943906212,0.936217092637,105389788497.2319308,0.11675099862796416
2022-11-07,0.10963263567068,11554169846.875495790743617066176,0.940645697187,105389875708.0190032,0.11655040362012635
2022-11-08,0.0990632129831784,10440128006.1075028989971268984564,0.85098454293,105388546279.8416085,0.11641012026152288
2022-11-09,0.0829047295527762,8737006093.09082108674178251781244,0.717037391013,105386099686.0130062,0.1156212083105623
2022-11-10,0.0968778292804607,10209786913.83783751472707204336087,0.836660483306,105388270873.4169641,0.11579108995043647
2022-11-11,0.094662740018534,9976364155.1690134127163092285672,0.817706896672,105388499775.2626108,0.11576610201504182
2022-11-12,0.090721983128756,9560990969.9823588295489204632152,0.784651714576,105387808337.6224942,0.1156207033559841
2022-11-13,0.0876398556035602,9236140619.01086818972449338501674,0.758238478814,105387446788.9432237,0.11558349787344245
2022-11-14,0.0909121346716417,9581171863.64632043320935026844883,0.786585508548,105389361917.9858899,0.11557819675506258
2022-11-15,0.0923090948810557,9728416629.38144624061202873983297,0.798697684268,105389578804.9588821,0.11557451173237875
2022-11-16,0.089804421248577,9464401919.7424245457106676996798,0.777239496538,105389041966.4877374,0.11554279169880861
2022-11-17,0.0902096118456606,9507106420.98843998348802991338786,0.780768920148,105389062500.9464031,0.11553945030055852
2022-11-18,0.0891217896058305,9392441423.471138080776434956587,0.772021982048,105388833247.314734,0.11543944560932129
2022-11-19,0.0902901005955027,9515583431.60887931301245599914078,0.782066294108,105389000220.9483114,0.1154506993534157
2022-11-20,0.0863986685116297,9105403557.18257109619147355387889,0.748723664391,105388239356.4541737,0.11539460099996307
2022-11-21,0.0843481526725783,8889266244.43323076945207998277142,0.731339257755,105387800002.4432474,0.11533382322658671
2022-11-22,0.0869602059864564,9164582669.50525358621139820834956,0.753872209411,105388235521.5739679,0.11535138833993941
2022-11-23,0.0885470751746737,9331839633.64312069893121682416984,0.768885277406,105388457103.0102232,0.11516292192953194
2022-11-24,0.0898768970559561,9472008568.2454609524511926594948,0.780277142681,105388691404.736868,0.11518586427784211
2022-11-25,0.0892053047117879,9401252926.53217503817278326234823,0.774526534982,105388944714.7402737,0.11517398137154981
2022-11-26,0.0879970858924439,9273888153.559537007907944441573,0.764144402014,105388582582.09507,0.11515766609101154
2022-11-27,0.0901337835197601,9499108019.46759559424072160537732,0.782556699764,105388985666.9014532,0.11517859798138877
2022-11-28,0.0872649220591632,9196716457.3452176287459640665656,0.757936334023,105388468130.5289955,0.11513489740751115
2022-11-29,0.0885991674477486,9337342852.51516371961909724259732,0.769470121904,105388607156.1774662,0.11514308993377957
2022-11-30,0.0898846226004107,9472827450.40866194425798160153446,0.780586276536,105388743662.2043378,0.11515014458016201
2022-12-01,0.0874423548695454,9215400861.97510232214257795748438,0.759737239733,105388296961.1636197,0.11509552289456798
2022-12-02,0.0880294353831451,9277279075.94382713949209868114222,0.765690091227,105388374190.5737322,0.11496744752446782
2022-12-03,0.0862936658277913,9094323554.15703058506131571415798,0.750698389697,105388077640.6668646,0.11495118014389441
2022-12-04,0.0877992509761626,9253012860.72234111996059756068956,0.763748203613,105388289283.1799206,0.11495837314028107
2022-12-05,0.0868020248462104,9147903091.54296120946751483652024,0.755386701045,105388130147.3157981,0.11491071358038035
2022-12-06,0.0860351395896188,9067075961.31484174050444284210536,0.748907504508,105388054282.9838822,0.11488086188445952
2022-12-07,0.084268399217882,8880857938.8818294178191192503956,0.733717263957,105387761264.0977458,0.11485132401466924
2022-12-08,0.0855506845405907,9016005942.44228810442334261501805,0.744839261987,105387887786.7367615,0.11485791486389697
2022-12-09,0.0850297358854303,8961101734.05304811642333400450244,0.746025157545,105387858032.7157948,0.11397703552684994
2022-12-10,0.0851457456100809,8973327619.80023482859639566774491,0.747063388018,105387856498.3501699,0.11397392373353649
2022-12-11,0.0837906097074321,8830486954.8069450027758100478791,0.735235764343,105387548624.362071,0.11396427346309335
2022-12-12,0.0842336650376644,8877187894.12897550734509210645664,0.739706274054,105387648633.8284456,0.11387447692719607
2022-12-13,0.0839737692022631,8849789963.08787983998006340956547,0.73745651238,105387551936.2703237,0.11386945235760927
2022-12-14,0.0829393391866825,8740751940.656504372804366008031,0.728433811269,105387286978.2883388,0.11385981526886346
2022-12-15,0.0817134207438906,8611500802.67733380712714745150014,0.717903639876,105386614882.6131819,0.1138222683451007
2022-12-16,0.0744785727730103,7848903591.61276284064470448872649,0.655217286426,105384720724.0934783,0.11367003636193271
2022-12-17,0.0756908977953215,7976677435.5021166707881047949855,0.665806703499,105384896570.683297,0.11368299147116528
2022-12-18,0.0767139074301906,8084488467.25525760173967897714562,0.674727459031,105384913089.0916377,0.11369613968336514
2022-12-19,0.0733143390387464,7726154015.58453524530951581738768,0.645257612438,105383941489.2806562,0.11362026208685894
2022-12-20,0.0759932741190979,8008502925.43664212700272272264003,0.669319086304,105384364843.7305857,0.11353818481217234
2022-12-21,0.0749989078742869,7903695184.50720003313722436900143,0.660622274664,105384137029.7733747,0.11352767042623896
2022-12-22,0.0756695479051851,7974378043.25800232227833816338241,0.668450664924,105384243252.6489891,0.11320139522007718
2022-12-23,0.0752772398973525,7932991455.44813629854690591210975,0.665755002288,105383665318.5678179,0.11307048334394369
2022-12-24,0.0743261436171618,7832731553.50108183371551191994106,0.657414069848,105383263173.8008717,0.11305834028521274
2022-12-25,0.0738193394184598,7779296136.574216650698494637687,0.652997393518,105382900983.111065,0.11304691282266957
2022-12-26,0.0750788165680576,7912046851.33761164479495314053952,0.683755490967,105383212109.7098427,0.1098036031299398
2022-12-27,0.0739873647116909,7797013344.74617679322371527878761,0.67398049459,105383039051.7227629,0.10977671506161221
2022-12-28,0.0716138152925437,7546828448.79538088033117162304927,0.65341796365,105382298345.1789771,0.10959878558053122
2022-12-29,0.0718540427079021,7572149034.86401189198502465997906,0.655488562715,105382366106.3300186,0.10961906400057744
2022-12-30,0.0722950758555003,7618646773.81369844149942444177764,0.659730739998,105382651358.4612588,0.10958270014175703
2022-12-31,0.0710034592597814,7482512496.93598044709463983916642,0.648256235991,105382365520.5248803,0.1095299286265056
2023-01-01,0.0724903519973208,7639215755.45737737947714423712384,0.661773417504,105382517051.9204848,0.1095395343480726
2023-01-02,0.0737835592176114,7775524994.84700092959767749899482,0.67352584655,105382893930.5365013,0.10954822238159496
2023-01-03,0.0736058664005256,7756791760.32321299045387747213736,0.672984357034,105382792699.0860581,0.109372328838257
2023-01-04,0.0737145452942662,7768234798.1942428436743180419559,0.674096214216,105382659109.9990945,0.1093531512856797
2023-01-05,0.0727703937155758,7668727105.10347989541138495559792,0.665827864308,105382514969.9865224,0.10929310354292039
2023-01-06,0.0750894192058548,7913127029.52862211752595319466032,0.686950316324,105382717208.6001084,0.10930836979255261
2023-01-07,0.0756129383435349,7968302004.2933987366532370698096,0.691682738779,105382784730.448304,0.1093173706734556
2023-01-08,0.0770634269905183,8121192040.12429510248182397181797,0.704886671058,105383219476.1272059,0.10932739992777833
2023-01-09,0.0793200281982837,8359039109.02928852318411494018512,0.725239402593,105383713280.2501776,0.10937082005567425
2023-01-10,0.0794884271567481,8376805924.42651458424163051190507,0.726813886314,105383968761.9906947,0.1093655867802274
2023-01-11,0.0812883367930298,8566523644.25104218508743293238284,0.743069318666,105384412847.1034558,0.10939536157806005
2023-01-12,0.0815399054945854,8593040086.81181424673798521447556,0.745140510606,105384474444.6316414,0.10942889875665394
2023-01-13,0.0844251676712947,8897159486.68380962847217745462669,0.772804020095,105385156252.5107327,0.10924524908775242
2023-01-14,0.0873102238144586,9201263946.113076418129918580008,0.798874087161,105385870567.30628,0.10929159578168002
2023-01-15,0.0880571159448051,9280006730.30811190305858439847025,0.805608795012,105386221553.3483275,0.10930505785192357
2023-01-16,0.0877518221699622,9247836790.5751022643439014941517,0.802612873885,105386265058.5582235,0.1093326870589612
2023-01-17,0.0866124628314789,9127722695.27378229246246962204589,0.79106516165,105385788567.5588201,0.10948840503963421
2023-01-18,0.0826438990551985,8709445972.0681756443093671606737,0.755268470389,105385225910.6394442,0.10942320816415503
2023-01-19,0.0843127329498989,8885337993.98627555597110413641605,0.770589484614,105385481920.8173945,0.10941329285349957
2023-01-20,0.088687894339234,9346506801.3335845589832693509252,0.810154247026,105386500276.8348578,0.10947038130676832
2023-01-21,0.0905041324389765,9537999953.29623155817551895965655,0.826502801141,105387452442.8742827,0.10950251144222879
2023-01-22,0.0910858275841413,9599310288.94951672317574737424311,0.831637711913,105387528922.4558347,0.10952585035449912
2023-01-23,0.0943540181860747,9943789672.59755032662454764108234,0.860505734842,105388089068.8459422,0.10964949374032855
2023-01-24,0.0903285342234295,9519488406.05897868966596293297545,0.824266334679,105387389354.8668351,0.10958658679006561
2023-01-25,0.0924501882989689,9743124019.04126741629652616758088,0.843304341963,105387822332.3200392,0.10962849792017929
2023-01-26,0.091871113393875,9682083586.3246167846863654788125,0.837930418256,105387680944.0095055,0.1096405040231002
2023-01-27,0.0925414388488557,9752737931.18749730719691223182559,0.843936105207,105387792242.0923387,0.10965455592891978
2023-01-28,0.0926980227604216,9769224190.86587171566850639089688,0.846241389303,105387622086.7673693,0.10954087560852065
2023-01-29,0.0943841072171687,9946929396.03873954630678639039534,0.861521297431,105387757423.5227682,0.1095551642177807
2023-01-30,0.089856594277482,9469715506.1782585158876844178532,0.820649288884,105386984475.9002026,0.10949451305767641
2023-01-31,0.0906239108441598,9550610396.74351604897903288701842,0.827616701068,105387312330.4852279,0.10949985751521683
2023-02-01,0.0922384165021026,9720776815.72378409253725037491112,0.84225391138,105387507552.2593812,0.10951378824821788
2023-02-02,0.0917297388358085,9667153946.0779845014742329192012,0.837481865655,105387348408.1502872,0.1095304180276979
2023-02-03,0.0927891525951346,9778822905.11055090942512787071984,0.847083125778,105387565589.4642104,0.10953960688322388
2023-02-04,0.093246012234649,9826979032.2122302159299350321015,0.85118651923,105387659983.6046735,0.10954827188640297
2023-02-05,0.0910386617154455,9594319493.5983601127072115629973,0.831117546753,105387308126.1540606,0.10953764852049418
2023-02-06,0.0889340961763852,9372498609.85523188803731530578092,0.81219680878,105387011425.4776121,0.10949820931945427
2023-02-07,0.0919660378607262,9692063049.07475544867610846052484,0.839621042759,105387415556.0823582,0.10953279298304057
2023-02-08,0.0909793617973175,9588068703.4275603682188567888235,0.830684663648,105387293491.7670722,0.1095233435486534
2023-02-09,0.0855640889582511,9017273293.01730712697506350986406,0.781942206979,105386189496.1221946,0.10942508051691477
2023-02-10,0.0856347757106608,9024719396.51108218997417746277552,0.782666844357,105386150913.7762769,0.10941408381878508
2023-02-11,0.0862597977734796,9090575267.96418823204212349048104,0.788341021277,105386002548.2121774,0.10941939521775872
2023-02-12,0.0850647546752837,8964621369.72131952987764677418853,0.777520767456,105385848744.7806369,0.10940512232697056
2023-02-13,0.0851728731138975,8975991159.99723814036227895902975,0.77849081466,105385562701.3319841,0.10940767894749806
2023-02-14,0.085895072387658,9052131624.497779151381319911736,0.785227444787,105385924627.248492,0.10938878022909378
2023-02-15,0.0900254081253127,9487462416.97176111226965099161593,0.824813081248,105386497151.6207359,0.10914643592836568
2023-02-16,0.0867567534125803,9142937864.56657078006712053221016,0.79520542087,105385892220.8214472,0.109099801303748
2023-02-17,0.0904498439038708,9532189473.36123715193354046277196,0.828580853057,105386466819.0246287,0.1091623630574632
2023-02-18,0.0921242720604648,9708669218.92065535988206381316088,0.843668223657,105386658714.0951531,0.10919490562432117
2023-02-19,0.090766164480655,9565529563.191805593667916463371,0.830686652853,105386512891.9324082,0.10926642936770185
2023-02-20,0.0944347132014352,9952197116.59140386622319095448832,0.863792974339,105387063498.1729616,0.10932563242216625
2023-02-21,0.0945432813534395,9963696272.1621461705030609335454,0.864701235511,105387671440.2790852,0.109336355114109
2023-02-22,0.0923062716463234,9727907437.1216515286158209208734,0.844455510583,105387285864.980751,0.10930862607859172
2023-02-23,0.0908555862704097,9575010262.13275829632476995242218,0.831457424358,105387138591.9524394,0.10927268625998833
2023-02-24,0.0890694636189587,9386738421.66132610558905855384824,0.815429725813,105386717739.9654952,0.10923009156939259
2023-02-25,0.0879594479338147,9269711929.94011354338568340622382,0.805406966609,105386199523.6160506,0.10921118338987036
2023-02-26,0.0888664799293489,9365309302.79453618651175181483884,0.813848189551,105386297625.8336556,0.10919294417596055
2023-02-27,0.0883189893338143,9307597797.8777825265549635635337,0.808925677082,105386144792.694359,0.10918059821317982
2023-02-28,0.087021591442457,9170848150.5017562953047800769963,0.797144981983,105385893299.4345059,0.10916657999399265
2023-03-01,0.0879755225478903,9271391310.32260691104234254764919,0.80282182495,105386032862.4435073,0.10958287357642457
2023-03-02,0.0874740783949867,9218541015.58426704420085805880175,0.800544239527,105385974733.6600525,0.10926826285911517
2023-03-03,0.0854047266737246,9000428787.76005124347613520912006,0.781968047339,105385604969.4390061,0.109217668118733
2023-03-04,0.0835010134273915,8799774749.6264537194883167039675,0.764931448333,105385244902.186945,0.10916143349755539
2023-03-05,0.0826455332066533,8709658959.084303469770867790171,0.757228795868,105385719241.54687,0.10914208975890564
2023-03-06,0.0835081777401867,8800571739.1560095106210930287562,0.765167570801,105385747567.581086,0.10913711051916102
2023-03-07,0.0825962623059607,8704460994.07217661513358319658864,0.756999422472,105385652462.4359952,0.10911007307804885
2023-03-08,0.0818005450068417,8620614405.75188357482394897279331,0.749932384625,105385782026.6462243,0.10907722707260559
2023-03-09,0.0769321759037255,8107483424.49711241474835489842955,0.706113231623,105384818890.9018141,0.10895161350665676
2023-03-10,0.0784094780446692,8263704242.12203820171121472148004,0.719607175347,105391649685.6958737,0.10896150112296969
2023-03-11,0.0794184252153427,8370077351.23376833982215176763999,0.729240383684,105392134489.4253637,0.1089056873319798
2023-03-12,0.082879393710741,8734860380.0671288581282931283868,0.760644403269,105392426138.5506348,0.10895944721942681
2023-03-13,0.0847109193977884,8927881596.6520995148475903512242,0.776561094447,105392335015.6105755,0.10908468117130206
2023-03-14,0.0886511028645311,9343186168.39264105018910209898113,0.812044757283,105392779858.2504383,0.10917021761355443
2023-03-15,0.0839655444731579,8849313144.29091799945195933788241,0.771276887698,105392196284.9876579,0.1088656302456652
2023-03-16,0.0847572111741975,8932753891.3175485250582515061595,0.778468877761,105392258281.8172322,0.10887681395558509
2023-03-17,0.0880039677846111,9274987768.03950932016397105899801,0.807988120148,105392836272.3366791,0.10891740310302002
2023-03-18,0.0857034132339301,9032506439.58140440283995065791133,0.786980614013,105392610384.4534233,0.10890155577900217
2023-03-19,0.0882928377815676,9305430094.13783420731061538852552,0.810552041248,105392807932.6098702,0.10892926461035604
2023-03-20,0.0868044446824921,9148563116.52639882734025433872095,0.797001908155,105392795841.1512695,0.10891372253228089
2023-03-21,0.0964893551176133,10169426863.5026122195011569118531,0.884525503369,105394287806.223207,0.1090860068478552
2023-03-22,0.0908591738835154,9575977887.10258673381056749127086,0.833057770101,105393627058.2794559,0.10906707451093052
2023-03-23,0.092617144814268,9761279259.6448309221645001815324,0.848950097564,105393869344.8156393,0.10909610008883455
2023-03-24,0.0888905549901091,9368467754.10707222122592223082243,0.815182796397,105393286780.0128673,0.10904370821243235
2023-03-25,0.0907096164015614,9560252825.6874989246455404312892,0.831621538031,105394038746.292578,0.10907559779696331
2023-03-26,0.0920771058229987,9704397189.46187357430371361745746,0.844034572822,105394246514.6199558,0.1090916282198514
2023-03-27,0.0925196571888221,9751041396.23068655732093044625739,0.847681057509,105394266391.7346759,0.10914441979003381
2023-03-28,0.0976982572697508,10296956031.09407556785522107284132,0.894146326163,105395493418.7163329,0.10926428304973063
2023-03-29,0.102289426525384,10780906223.2228553534452820931288,0.932165039933,105396096052.4837907,0.10973317185627998
2023-03-30,0.106046162768589,11176916257.6859975376677701990374,0.964151789661,105396706169.1421566,0.10998907423682251
2023-03-31,0.112104114191785,11815491655.416685281835672088711,1.017424607061,105397484656.1209046,0.11018419784008994
2023-04-01,0.108396338166805,11424670383.662750851414400850838,0.984519146046,105397198621.9863916,0.11010079245502083
2023-04-02,0.106498454096783,11224620454.5551630218914516102185,0.967330764458,105397027118.8586695,0.11009517944614795
2023-04-03,0.10695701398743,11272942090.88281305537893325639,0.972591482794,105396940982.361873,0.10997116043024617
2023-04-04,0.106009693888111,11173109370.8677272839712900016196,0.96390545909,105397053430.4202236,0.10997934796239478
2023-04-05,0.107308380189491,11310005638.3716102829329310042492,0.975218546033,105397226371.3214612,0.11003521274897889
2023-04-06,0.105718357770338,11142410842.7122707889699302616742,0.946125032901,105397123808.1278659,0.11173825244448435
2023-04-07,0.106310597538014,11204843751.4557359037238093447518,0.951324407223,105397241770.2681537,0.1117500998932047
2023-04-08,0.104434459529147,11007072568.2081552230794121244635,0.934744993857,105396940988.9668705,0.11172508033257644
2023-04-09,0.104851640668459,11051055599.6532070597608350807876,0.938417500021,105397068936.6383564,0.1117324012671467
2023-04-10,0.105778230979783,11148710980.42626375617929358292,0.946614490402,105397026185.44524,0.11174372677821785
2023-04-11,0.105097660106575,11076980271.27944985115449266959,0.940488086914,105397020828.5014372,0.11174799720369592
2023-04-12,0.103612256013955,10920405815.307928996073918451473,0.92771845516,105396853957.4808206,0.11168502193489876
2023-04-13,0.105344089617383,11102950915.4173893261580138169903,0.943036786588,105396999069.8488441,0.11170729616871923
2023-04-14,0.107064723324811,11284331625.8014593309041883817946,0.964647616651,105397289372.0302286,0.11098842880731025
2023-04-15,0.106620071300347,11237439557.400055513925252707525,0.960314188728,105397036602.464575,0.11102623761247594
2023-04-16,0.107429396845337,11322749823.1466801413684983628784,0.967502056197,105397127375.1794032,0.11103790028892976
2023-04-17,0.104162977785027,10978435950.3644401573259715123195,0.938464914772,105396717565.2551785,0.11099293766387996
2023-04-18,0.105546948333865,11124248475.890748335407875450267,0.950705392071,105396211368.4484958,0.11101961681730169
2023-04-19,0.0974633697440635,10272227091.20841271042275553622935,0.878824376881,105395771951.8936981,0.11090198714101081
2023-04-20,0.0956686280958647,10083064081.71116063788909358771303,0.862966303045,105395721485.7040849,0.11086021291711547
2023-04-21,0.092996410419745,9801402045.5419959986883246633895,0.839611856809,105395487861.3353671,0.11076119240762508
2023-04-22,0.0955429906805199,10069818200.19965422922256277472421,0.862439156274,105395677155.1298379,0.11078229691390026
2023-04-23,0.0945468533339596,9964817572.70365001645486111042912,0.853527203256,105395549627.7152072,0.1107719273308293
2023-04-24,0.093535552597175,9858201806.1173706123600571330425,0.844710477119,105395237772.0288591,0.11073090145180953
2023-04-25,0.094935332306597,10005737380.6348922428605988366056,0.857312585675,105395295276.5890248,0.11073596013040007
2023-04-26,0.0934559662613826,9849768945.79114199445162942494328,0.844098714227,105394757978.7767228,0.11071686840201711
2023-04-27,0.0943479258079282,9943818039.17714943747749479486202,0.852109196281,105395195008.5325061,0.11072281137171894
2023-04-28,0.0946103629363367,9971483484.53128396573545090286916,0.854496371542,105395256661.6945948,0.11072061402157334
2023-04-29,0.0957406044830651,10090612389.24785112966456386628084,0.864589969025,105395327758.0643484,0.11073527095281015
2023-04-30,0.0948190047157165,9993465561.82311524048703607882445,0.856287198021,105395174646.5302433,0.11073271320049692
2023-05-01,0.0926393227593952,9763715685.34749075395210507938816,0.836786978756,105394938072.9608608,0.11070837036340647
2023-05-02,0.0935242191283873,9856989902.20748413998026464220296,0.844800161931,105395051614.1289352,0.1107057305891307
2023-05-03,0.0935814838749623,9863024136.24180325813763274589133,0.845592396231,105395038931.2073371,0.11066973200335826
2023-05-04,0.0934344965911427,9847534181.75410539009519429531246,0.844368923935,105395057939.3138298,0.11065601059275287
2023-05-05,0.0943932562613376,9948589608.6928445070988923769536,0.852955402184,105395130994.8364735,0.11066610988059027
2023-05-06,0.0924990241881055,9748928975.61447766861257008613455,0.836155066973,105394938608.0993681,0.11062424643668678
2023-05-07,0.0924056776516546,9739086806.38353482831952594751798,0.835330547599,105394896221.6083963,0.11062169091895092
2023-05-08,0.089463298665003,9428933260.4786376015835891088568,0.809267148429,105394428790.1282856,0.11054853621412256
2023-05-09,0.0890475675983851,9385113630.00392612518217762083785,0.807222836164,105394385081.1499035,0.11031348917425038
2023-05-10,0.0891367376497683,9394519294.08350231110951374330201,0.808161337314,105394470807.2667747,0.11029572132963278
2023-05-11,0.0894636267209191,9428976005.77477823461286198312607,0.811122213636,105394520112.4963977,0.11029611224661502
2023-05-12,0.0890663525745722,9387138401.93855065136225057161184,0.807566022745,105394889659.1338672,0.11028987112635881
2023-05-13,0.0883911981492878,9315963152.60572760392525677801198,0.801563302711,105394692544.7439441,0.11027350909196607
2023-05-14,0.0887109287841982,9349655589.93869697951459162413766,0.804471071116,105394630831.5974013,0.11027236648936828
2023-05-15,0.0880981850230033,9285068700.88432040749689050596395,0.799194343061,105394551527.4792315,0.11023374450521987
2023-05-16,0.0879061835416132,9264798399.716484617978305267486,0.797688449837,105394160301.939355,0.11020114878130174
2023-05-17,0.0885291112935768,9330462518.70469485207391226405496,0.803400378769,105394286493.6639597,0.1101930166241948
2023-05-18,0.0887586786083797,9354662857.39045428043393434286117,0.805569903487,105394345702.9708561,0.11018122477537674
2023-05-19,0.0892333710580965,9404680252.45583156503570176095955,0.809906676414,105394205563.8892887,0.11017734963390162
2023-05-20,0.0887581123428092,9354596847.392808363925961289572,0.805642958672,105394274398.97191,0.11017053073872286
2023-05-21,0.0882093547375643,9296765017.49170313323875338222844,0.800759155537,105394320649.4473908,0.11015716039913388
2023-05-22,0.0881633655838571,9291916539.255570146962040944253,0.800540785493,105394303832.66743,0.11012976125827632
2023-05-23,0.0881896980054302,9294692353.43302329774513524723118,0.800965413833,105394309807.7137209,0.1101042522964888
2023-05-24,0.0865323478166888,9120005729.68989909744516102881176,0.786121515215,105394178706.5552927,0.11007502802289118
2023-05-25,0.0870269364884578,9172088279.7742702885550683493159,0.790725394964,105393670625.0799155,0.11005961999288004
2023-05-26,0.0877901821251857,9252466685.2689961236669704063087,0.797633475221,105392954670.891391,0.11006331210066339
2023-05-27,0.0881177283078469,9287030022.07106595162296301367513,0.800955057807,105393434447.4476677,0.11001582104882589
2023-05-28,0.0887119232927959,9349751225.7218929051470534226833,0.806263366064,105394527349.641687,0.11002846839720369
2023-05-29,0.0893181910591301,9413653725.23798786482292804127643,0.811736335904,105394585510.6491743,0.11003350116101408
2023-05-30,0.0908324412579849,9573266608.05605641353739139185305,0.825265167104,105394795906.2972945,0.11006455243559093
2023-05-31,0.092585175697275,9758022094.8316208409051971156775,0.841080274143,105395081030.4378181,0.1100788813429403
2023-06-01,0.0911219187741585,9603766813.13559984615040358100855,0.828174053894,105394694737.9158663,0.11002749765669598
2023-06-02,0.0920244215825077,9698897581.80748180770185562859059,0.836207744689,105394822537.5325767,0.1100497121283338
2023-06-03,0.0919302578906158,9688976266.53864907848178267111052,0.835464107398,105394855718.4205994,0.11003495790732022
2023-06-04,0.0914920907029494,9642780401.8002639802538106619041,0.831773323593,105394688521.3042015,0.10999642343388973
2023-06-05,0.087900898378906,9264242193.2304119311031332205338,0.799696854566,105394169616.9694273,0.10991777431288048
2023-06-06,0.0896361912612646,9447144267.4283165364654366850795,0.815351775859,105394307081.7513325,0.1099356056063408
2023-06-07,0.0873255425375661,9203606859.56396052577411489163172,0.794578822698,105394213332.3100852,0.10990167374591156
2023-06-08,0.087135585262635,9183585588.16650951592944529815,0.792947952143,105394203303.80869,0.10988815221370418
2023-06-09,0.0888483230168117,9364119603.75200457753817759651866,0.80991219976,105394443989.4509298,0.10970117877362509
2023-06-10,0.0823201299719475,8676016054.695837077988781606311,0.751152782536,105393614631.7114836,0.1095917260587425
2023-06-11,0.0834229219607591,8792272278.30505430883433593751484,0.761190565164,105393962134.7812324,0.10959531788571954
2023-06-12,0.0830848306758804,8756639557.86069337891811991902784,0.75821984841,105393962852.5084496,0.10957881259651894
2023-06-13,0.0824566603277745,8690439648.83138547109530581862045,0.752753022128,105394028987.9060141,0.10954012525206887
2023-06-14,0.079282156653676,8355824679.392317604573079354416,0.724245622137,105393508855.878116,0.10946860323399898
2023-06-15,0.0762429343966074,8035477081.89998423137160113820844,0.696916616986,105393072098.9870606,0.1094003680473858
2023-06-16,0.0774462662428053,8162306740.4291332501107611324823,0.708012476102,105393160140.724091,0.10938545415073728
2023-06-17,0.0796385254720757,8393388943.51870772206609778508434,0.727932881716,105393575455.6599562,0.10940366546478708
2023-06-18,0.0794834561922005,8377041674.68441729171341505220055,0.726547694679,105393525596.4175611,0.10939881410994982
2023-06-19,0.0799429138289688,8425470992.8093233443695177839108,0.730842325632,105393593869.1816535,0.10938462514446971
2023-06-20,0.0828586856664489,8732802523.08215588395373284415517,0.75704492422,105393930073.1418453,0.10945015680782749
2023-06-21,0.0868476082233343,9153256687.34764240402371171474619,0.792958535423,105394459036.9080133,0.1095235177423317
2023-06-22,0.0867754808854772,9145661505.3919696055515489108976,0.792203309179,105394535553.908908,0.10953688261591206
2023-06-23,0.0893984303872768,9422163976.03237608270691839583232,0.815925986505,105395183508.4270124,0.10956683800477159
2023-06-24,0.0904366067984516,9531601279.0776305643608836888586,0.825229372162,105395388178.5934585,0.10958966058311613
2023-06-25,0.0915844648010551,9652599658.64671617122905970139547,0.835564172966,105395600439.6011197,0.1096079364867428
2023-06-26,0.092001350132782,9696540549.43090191599641419383,0.838950225559,105395633166.646565,0.1096624654597127
2023-06-27,0.102111955553401,10762270834.8711205325753031330502,0.927916990503,105396775299.6643702,0.1100442783120597
2023-06-28,0.100861235507245,10630443219.5480401994288846454685,0.916588343217,105396718234.5732913,0.11003984095329734
2023-06-29,0.102389590805278,10791541367.7034707417999192529214,0.930141909902,105396860001.3897713,0.11007953702039487
2023-06-30,0.110817612091561,11679945443.1912625529436649443699,1.004804149932,105397916655.5305659,0.11028777309395128
2023-07-01,0.107197692416624,11298358589.93131738034442064416,0.971816888507,105397404880.88334,0.11030647201584608
2023-07-02,0.107098425255497,11287861083.1956577006430576378977,0.970828755665,105397078026.7498841,0.11031649467586746
2023-07-03,0.105339620609617,11102428441.5328748346165207296731,0.954840242172,105396510612.8289643,0.110321722898899
2023-07-04,0.103709812543775,10930604815.702593775778412674455,0.940213411998,105396052192.1576282,0.11030454492601474
2023-07-05,0.100509372508011,10593253368.4326783342516857351475,0.911579292035,105395677080.6459225,0.110258507829456
2023-07-06,0.0962312367942318,10142310399.79133068882178326912038,0.873276939711,105395199497.2101541,0.11019555471839014
2023-07-07,0.0970348566421011,10227019269.4245585263629351041,0.880443671136,105395314872.731,0.11021131711572309
2023-07-08,0.099404813892905,10476849024.0045641194841801056635,0.901704207476,105395791347.6094467,0.11024104475585558
2023-07-09,0.0989876126425396,10432876610.17561189792454816574896,0.897958796905,105395779650.2318876,0.11023625246917876
2023-07-10,0.0997975431233088,10518242691.861598699015456412736,0.905867262588,105395807979.61497,0.11016795423006472
2023-07-11,0.0984706040619521,10378379018.14914786529397351988167,0.893978043532,105395707856.3229127,0.1101487947879643
2023-07-12,0.0961949609795355,10138507986.36726638267868095521125,0.873727158185,105395416590.7310975,0.11009725413521769
2023-07-13,0.152838173484819,16109314003.5736361505321360160332,1.371638102754,105401115678.5626628,0.11142747724632884
2023-07-14,0.134879206259391,14216227536.9740759062639371516657,1.215923149097,105399697486.6114127,0.11092741046961599
2023-07-15,0.128032549542342,13494517633.5400299008838718201212,1.155707757957,105399116722.8706986,0.1107828070382354
2023-07-16,0.132017856907281,13914604875.0093202485073911951969,1.186472170884,105399414904.7719249,0.11126924014485648
2023-07-17,0.128834425786067,13579038268.5125923094439469684028,1.148231886388,105399144566.0723284,0.11220244561518165
2023-07-18,0.131222447585009,13830749131.5097445422932078196826,1.168333769135,105399261986.4056314,0.11231589041730965
2023-07-19,0.155668240335589,16407645526.9075696982760525273963,1.379520151388,105401368265.8455567,0.11284230982705391
2023-07-20,0.163758524199389,17260477350.9567099871698173695329,1.4411035492,105402008447.1493461,0.11363411344750089
2023-07-21,0.157154994052175,16564368769.97409863110548221414,1.383993090948,105401478774.9906088,0.11355186314154778
2023-07-22,0.155606794873055,16401164668.262283131453793494308,1.370560537798,105401339842.7906456,0.1135351490004662
2023-07-23,0.156134822947918,16456814610.6867898865141468738464,1.375159653877,105401308305.0428848,0.11353941522915227
2023-07-24,0.145829686775908,15370517003.5266117369462416672192,1.286767994809,105400466416.3203824,0.11333020976913095
2023-07-25,0.14571630745467,15358564811.850439265446614211656,1.287011455365,105400452976.9479768,0.11322067635625235
2023-07-26,0.155204691050198,16358769227.2266904253255015489004,1.365631196044,105401255055.7235298,0.11365051669865146
2023-07-27,0.159118859949442,16771388252.4577844603800007305762,1.398878689066,105401636599.1226961,0.11374743299269367
2023-07-28,0.160188995380984,16884197564.3530508730163868744584,1.407483076329,105401732024.0799151,0.11381237762289068
2023-07-29,0.158745867048312,16732083319.3191395311921076021544,1.394951729943,105401694106.6375787,0.11380025820305525
2023-07-30,0.156463764856895,16491511823.3684594131094822351835,1.375242483553,105401476427.7974373,0.11377176514549196
2023-07-31,0.15054663962058,15867793367.933336343352062647052,1.324591048256,105401179381.5169294,0.11365518423123473
2023-08-01,0.152499869498865,16073680467.482868912864107267328,1.340126191654,105401273589.9587072,0.11379515634318571
2023-08-02,0.143977919585784,15175429524.617870656564887815448,1.266795450428,105401089057.799197,0.113655223135779
2023-08-03,0.139258579417029,14677962288.1039448147705599054557,1.226649996978,105400775661.7189433,0.11352755860278749
2023-08-04,0.136682477187015,14406426888.7331563672931119492215,1.257859517448,105400686212.4809681,0.10866275231142054
2023-08-05,0.138895969141308,14639740637.2340395934896101512952,1.279923678855,105400759487.4122594,0.1085189464309014
2023-08-06,0.138987416421927,14649393936.148987056310641970458,1.280847635186,105400865152.263254,0.10851206076649683
2023-08-07,0.142522988694738,15022089311.680613595041469821811,1.311660075951,105401166852.1461095,0.1086584789061326
2023-08-08,0.143108223206397,15083782754.1592057133356550270127,1.3169236537,105401230035.5704091,0.10866857984084595
2023-08-09,0.141580810095076,14922833568.5448389650614401957472,1.302855652858,105401526933.7962072,0.10866960571149864
2023-08-10,0.13872603898559,14621899254.512088501482173385424,1.277150509167,105401259644.0594736,0.10862152736882338
2023-08-11,0.139456451949265,14698905338.131771835221138386138,1.283961019308,105401400456.3898692,0.10861424128313964
2023-08-12,0.137789975541325,14523233506.1498287198207989326075,1.268764174979,105401234372.0470631,0.10860172304566028
2023-08-13,0.137908748279706,14535757267.0353249930814024431216,1.269864891138,105401270393.3325336,0.10860111909710168
2023-08-14,0.136013993277395,14336026526.1221612287601193068255,1.252834344924,105401114846.2086469,0.10856502603753726
2023-08-15,0.130153358608586,13718228892.1969983214725892818106,1.199641882843,105400498602.9767321,0.10849350999661578
2023-08-16,0.126585460140269,13342137113.069504302179233819904,1.16735096907,105400233946.972416,0.1084382190911415
2023-08-17,0.113904352660544,12005421314.7601853183199386329792,1.053110913257,105399144407.9275643,0.1081598825220292
2023-08-18,0.116714606188107,12301632666.7510452687660206604792,1.082584489789,105399256087.3204456,0.10781108291220312
2023-08-19,0.123540236146416,13021131760.5901679533153554090864,1.14409848745,105399926103.0870329,0.10798042083052314
2023-08-20,0.129782848084865,13679196112.967900987532898738251,1.200834614077,105400646655.7358574,0.1080772044405301
2023-08-21,0.125051733108394,13180474740.4733050548033537071218,1.157600642649,105400176493.7440597,0.10802666178746356
2023-08-22,0.12071998366697,12723864972.897377073124335520258,1.118098920232,105399823512.2254514,0.10796896543100247
2023-08-23,0.127589781815915,13448019471.6185705509961126347165,1.18087354138,105400442576.3593751,0.10804694774244007
2023-08-24,0.123645695294813,13032281948.5972072182829370337005,1.144847722722,105400207565.0418385,0.10800187032807465
2023-08-25,0.123758887055279,13044211858.7347872529904984873114,1.145749505548,105400203323.6479366,0.10801565827085947
2023-08-26,0.120977633497608,12751043492.9388418600547122487784,1.120378527892,105400007623.6485373,0.1079792503032241
2023-08-27,0.120770796323364,12729239839.8159652256127711728568,1.118541577323,105399982672.4120062,0.10797166486417442
2023-08-28,0.119848142392494,12631968332.3806015204448123360628,1.110488351552,105399784095.2079062,0.10792381768345091
2023-08-29,0.124140160928362,13084386028.8012250613839523953914,1.149374903025,105400105259.6659497,0.10800667441201459
2023-08-30,0.120436876013048,12694041186.051279849698500979004,1.115707616191,105399953953.2727605,0.10794662890643043
2023-08-31,0.11504333145332,12125491047.059385245098280271612,1.066903446064,105399338613.3765291,0.10782918724064083
2023-09-01,0.113887496370001,12003653985.4604528659922053673509,1.056701130861,105399226149.1343509,0.10777644978689999
2023-09-02,0.113496220553378,11962405442.6504290356229921242572,1.05329026513,105399152362.2976774,0.10775398226942691
2023-09-03,0.11921815832524,12565565837.658881134459271166072,1.105615961036,105399764718.5478378,0.10782962848467609
2023-09-04,0.124052118794366,13075129004.8389945604250702077544,1.149634968036,105400287652.5863884,0.10790565896433431
2023-09-05,0.122094410407923,12868772675.9647053274302066873747,1.13245205956,105400178705.7208289,0.10781419785254419
2023-09-06,0.123409033065916,13007350742.4149150878548158865628,1.144529688174,105400313245.0389433,0.10782510435601252
2023-09-07,0.125178572828385,13193876601.450206230363297078455,1.160655665136,105400439574.738583,0.10785160197681642
2023-09-08,0.126769949687297,13361618909.7824467361595120685161,1.175086952805,105400522306.2839913,0.10788133540644787
2023-09-09,0.131625200109652,13873434965.7635160582067662062064,1.219552430398,105401055073.0869132,0.10792910319296087
2023-09-10,0.133607245579876,14082375050.5203186151798113482256,1.237651332646,105401282613.0846756,0.10795224960024433
2023-09-11,0.128156221339648,13507762410.232694854971284417536,1.186885049004,105400754399.8471945,0.1079769447320893
2023-09-12,0.12129325807514,12784324327.415752464863596075128,1.125424634194,105400123059.5684652,0.1077755492370283
2023-09-13,0.120714200205897,12723276339.7790679889541373797988,1.120248312301,105399997001.8235204,0.10775664545117586
2023-09-14,0.120206855795596,12669752922.2444496201521701321508,1.11551127394,105399586723.9764323,0.107759427093035
2023-09-15,0.120395258786743,12689609924.5099272453260690167277,1.117238411755,105399581780.7670139,0.10776147465035829
2023-09-16,0.11914733763544,12558039413.365372076000578461384,1.105721359261,105399244855.8919611,0.10775530077041395
2023-09-17,0.116121629451512,12239096433.88378316834453546248,1.078114654373,105398938093.56479,0.10770805218211689
2023-09-18,0.118000747133626,12437173491.2223511056213730567756,1.095509530114,105399108000.0391006,0.10771311785972935
2023-09-19,0.118425276928161,12481948380.6801418907503814801463,1.104933455776,105399359870.2068183,0.10717865072244588
2023-09-20,0.11690553021626,12321762095.205948736560663593198,1.090760302865,105399308932.7108323,0.1071780206056225
2023-09-21,0.113782974533451,11992582366.7979545446963713871473,1.061992092112,105398741911.7107123,0.10714107513472067
2023-09-22,0.114357941185163,12053193482.9429942122531644091207,1.067585772587,105398832455.6055989,0.10711827013959546
2023-09-23,0.11410174707778,12026190921.052557633433910457366,1.065321609772,105398832437.2863147,0.10710544687270546
2023-09-24,0.11236617722908,11843239504.13564004738926265008,1.049323631103,105398615456.953076,0.1070843864546974
2023-09-25,0.112910658092083,11900640076.7035457020601283206914,1.054542920319,105398730977.1776758,0.10707070894556617
2023-09-26,0.111717423867868,11774864373.5107460988737305645528,1.043668058941,105398638509.9362746,0.10704306116374453
2023-09-27,0.112211368436981,11826944193.3212032685924436417221,1.04823643395,105398805469.1921041,0.10704776594545784
2023-09-28,0.114195762334242,12036111826.9152043867442095718082,1.066628850068,105398935835.1709521,0.10706232287544235
2023-09-29,0.112903451950801,11899899537.5203880827497421710233,1.054802600954,105398899076.2293833,0.10703751758735446
2023-09-30,0.112344474680879,11840974251.7732164017509515133539,1.049649461657,105398812762.3382541,0.10703046948981378
2023-10-01,0.11431624220159,12048815914.982991216154402166275,1.067888169487,105398985156.7689725,0.10704888907656508
2023-10-02,0.111614619007498,11764037837.4494801090456589774846,1.043114357211,105398718752.5963827,0.10700132563214325
2023-10-03,0.114778128599107,12097567396.6470410152668196748287,1.07254131598,105399587397.8830741,0.10701511157566196
2023-10-04,0.112609627155116,11869021963.1448458972265998236708,1.05259074155,105399709269.9335963,0.10698329627077272
2023-10-05,0.110767861463545,11674887685.3228373952792418799975,1.035608461517,105399594530.9929055,0.10695920860021545
2023-10-06,0.11185082670733,11789041238.060449054101649365638,1.045625022425,105399679064.5792286,0.10697030418029496
2023-10-07,0.111122901637681,11712316437.8690799100618913174454,1.040265376037,105399663483.0269334,0.10682168627106992
2023-10-08,0.110737183734713,11671661407.7432722339450220013728,1.036879042989,105399659031.4634656,0.10679855522539265
2023-10-09,0.106004321975293,11172763007.5774876785424301560012,0.994213732816,105399127124.0957884,0.10662126107939339
2023-10-10,0.104347201814041,10998077909.7776366630641205187473,0.979075591392,105398877196.3191353,0.10657726812051913
2023-10-11,0.103188980140366,10875990109.0606915206648433736658,0.968426409138,105398755703.0439663,0.10655324882374377
2023-10-12,0.102300255925935,10782315697.449074120922027451728,0.960319438328,105398716746.6661088,0.10652731980938412
2023-10-13,0.102897921962209,10845280049.9501314708377529813942,0.966959317606,105398436072.7250038,0.10641391017045465
2023-10-14,0.10430675609033,10993833685.881262995218353948846,0.980095606064,105399056570.7993662,0.10642508286433314
2023-10-15,0.106205163870287,11193936963.9266058870822044784868,0.997791770088,105399177930.7289564,0.10644020832214345
2023-10-16,0.107581054432335,11338968682.275096059962858052718,1.009741571022,105399307918.1701108,0.10654315670439111
2023-10-17,0.103047296516987,10861056169.002551848406963998679,0.967876393352,105398749274.437717,0.10646741384001342
2023-10-18,0.103340485172782,10891950376.8828968525344144021054,0.971139932047,105398676604.5456697,0.10641152913458887
2023-10-19,0.107289375916361,11308202278.0224012838470068468117,1.007855066637,105399087108.4745197,0.1064531791008037
2023-10-20,0.107660286139802,11347300142.7782641392394949349234,1.011203539533,105399126731.3116317,0.10646747359045275
2023-10-21,0.110678438650713,11665443574.5339612678703275819924,1.039214806645,105399423019.9488948,0.10650198394307636
2023-10-22,0.110781344625301,11676290444.9035204769324010893609,1.040165198101,105399428797.2995909,0.10650360618443239
2023-10-23,0.115664261487282,12190992866.023872999648660256422,1.084909034417,105399824537.541771,0.10661194424418886
2023-10-24,0.114429881042328,12060874235.4169739027153650246368,1.072362133687,105399692156.9429556,0.10670824476885872
2023-10-25,0.114151778678336,12031559051.669670975144209003456,1.069850053082,105399663421.565671,0.1066988577973989
2023-10-26,0.113101791869488,11920894033.6737788484834358258992,1.060171512067,105399692052.8872209,0.10668254200584505
2023-10-27,0.112029191696997,11807832203.0847302913606677895504,1.050253175912,105399601873.6002832,0.10666874832319845
2023-10-28,0.113914994884208,12006613005.4412452944592333563264,1.067913440281,105399758983.8431208,0.106670625714977
2023-10-29,0.116028988231363,12229458003.6994048887168480456778,1.087404970865,105400022788.3892206,0.10670264652097848
2023-10-30,0.119046741264117,12547569067.2235202305822001870157,1.114263356005,105400357321.7136121,0.10683896282018883
2023-10-31,0.121148461083391,12769103470.043117950557490909209,1.133297086789,105400459534.138599,0.10689911982977392
2023-11-01,0.122382459465401,12899177432.7707291394539242918418,1.144419516319,105400540969.0061218,0.10693845894820236
2023-11-02,0.119767789503646,12623571487.7665209623057108829296,1.12037015175,105400388034.9000776,0.10690019661499432
2023-11-03,0.122441883420943,12905446884.3922753066982482017417,1.144784559571,105400591070.8236519,0.106956267358137
2023-11-04,0.123775692347434,13046057182.085387090337752238308,1.156357289151,105400801519.781162,0.10703931519151004
2023-11-05,0.125699170328748,13248815167.0273753773230055809724,1.173809144207,105400975458.9232013,0.10708654890712037
2023-11-06,0.130948259958491,13802142406.5456194685696018206346,1.221498107487,105401495299.9049406,0.10720299864229192
2023-11-07,0.12656526410757,13340117172.171178801543798629687,1.18127315621,105401092995.2564491,0.10714309678689588
2023-11-08,0.128061304683436,13497822164.4964609002205448506896,1.194941169953,105401254484.0356236,0.10716954767611946
2023-11-09,0.122551022605353,12916950918.9408463890507422124819,1.144458041515,105400596782.7528923,0.10708214557444458
2023-11-10,0.123834749691817,13052261735.5502936403405926669861,1.156371684019,105400638900.0904733,0.10708905398083261
2023-11-11,0.124692984756985,13142730390.418224868342252534696,1.164232539336,105400720145.0200336,0.107103160703704
2023-11-12,0.124208096876989,13091610227.3592529276005158195058,1.159720602018,105400618450.2181722,0.10710174214449383
2023-11-13,0.122371696640008,12898037900.4510867121343367939048,1.142902898007,105400499090.8512381,0.10707094789364906
2023-11-14,0.118034756767827,12440867437.2588823518883911809766,1.103524902776,105400034514.6635458,0.10696157057344306
2023-11-15,0.1215527656056,12811901360.23324220229053881776,1.135817257291,105401973343.8544746,0.10701788938786815
2023-11-16,0.11818081283865,12456455906.753806961174677156215,1.104837600166,105401677375.1621391,0.10696668254311179
2023-11-17,0.118023582698508,12439812885.7856052428463882947388,1.124670083948,105401078338.4129861,0.10494062604048505
2023-11-18,0.119257487751865,12569870854.875961294914748048367,1.136243696624,105401103878.9418758,0.10495766718548327
2023-11-19,0.121148641710923,12769222622.4477067825757194250197,1.153945490455,105401285908.8985439,0.10498645101785022
2023-11-20,0.119780172265768,12624965136.4067496921391153490688,1.141006680699,105401126894.3118816,0.10497762571590609
2023-11-21,0.114162830477292,12032836849.5427196906418031262364,1.089741765045,105400652727.6507717,0.10476136102994799
2023-11-22,0.118078945686474,12445638800.1433895399420370835272,1.127351711917,105400998694.4611028,0.10474011299072514
2023-11-23,0.117272872123344,12360670537.0049971103738460378384,1.119728757108,105400936407.5642661,0.10473328596671275
2023-11-24,0.117921691364794,12429066275.299060242267416412761,1.125829705192,105401017670.6964065,0.10474203231711986
2023-11-25,0.120878747130787,12740762417.1390908980876356915182,1.153554563699,105401178615.4102586,0.10478806199090919
2023-11-26,0.120023492130123,12650612075.7276368993773963177047,1.145442480867,105401133154.9370789,0.1047835174047986
2023-11-27,0.116320397518115,12260255479.2430551476556740709195,1.110660176767,105400735733.6766393,0.10473086183454411
2023-11-28,0.118434631227863,12483115499.4528774448673704450429,1.130504125374,105400889672.5140683,0.10476267053751949
2023-11-29,0.118533348025356,12493518875.3809510008889739194764,1.131434233828,105400877335.4516769,0.10476379844396275
2023-11-30,0.118249336406655,12463597428.709040400397695531975,1.128793218986,105400992575.951545,0.10475730578261173
2023-12-01,0.119730458278198,12619682385.744011684235307281742,1.142686961915,105400769087.693029,0.10477975357095592
2023-12-02,0.12140729909453,12796438542.870468968446004094917,1.158379372119,105400899602.4771289,0.10480789110776556
2023-12-03,0.122008021745799,12859753453.7068413339587934557604,1.163918465831,105400884873.7819196,0.10482523074216306
2023-12-04,0.12209797829023,12869219477.803135237821256640135,1.164486018019,105400758128.9566745,0.10485139057138754
2023-12-05,0.122395371403068,12900550121.0461381006247951589696,1.164046972888,105400637076.0746672,0.1051464195636411
2023-12-06,0.125158227029877,13191791387.7305654939441080891218,1.190098545659,105400912914.6700234,0.10516627172296258
2023-12-07,0.126003833139083,13280912790.0416455207596110235194,1.196155275003,105400863284.7079918,0.10534069929906631
2023-12-08,0.132256716733664,13940033524.7612644531072502768608,1.253956834639,105401327577.4373897,0.10547150673790077
2023-12-09,0.133762523781981,14098769733.5416843439936872104342,1.267410840275,105401493145.5779982,0.10553998713862783
2023-12-10,0.133007018781609,14019111763.5863139076768050682938,1.260217449288,105401293044.5799082,0.1055429115481265
2023-12-11,0.12336962547909,13003211451.900710466099806074308,1.170650339191,105400429006.7706612,0.10538554626341023
2023-12-12,0.123018961826177,12966252996.778528648862462100357,1.167788823117,105400442373.262341,0.10534349994703777
2023-12-13,0.124927004256533,13167381101.2889986981252400500258,1.18593541772,105400599171.0988826,0.1053404784020274
2023-12-14,0.127595589346505,13448680725.6651752787154758404455,1.21069372562,105400827681.7724591,0.1053904770846672
2023-12-15,0.122964787479935,12960546195.3543983304124205027255,1.167574605588,105400468385.8723273,0.10531642851037253
2023-12-16,0.124617955130868,13134798657.668352104988694790268,1.18306342883,105400531118.287051,0.10533497367432779
2023-12-17,0.122250344836748,12885217682.7737163575030619778072,1.161096164312,105400256334.4955714,0.10528873369346341
2023-12-18,0.121113304868013,12765350848.6503860506380405437184,1.15069619707,105400070310.7047168,0.10525219877879317
2023-12-19,0.119323476172755,12576662781.1156812791221620209055,1.13401606439,105399735110.8624261,0.10522203337299321
2023-12-20,0.121698090366616,12826963601.1136338042984103188736,1.156241425372,105399875729.1289696,0.10525318302573515
2023-12-21,0.124417321257084,13113545730.7413696488507480626632,1.181419432493,105399679065.9461198,0.10531172743158781
2023-12-22,0.126628984750687,13346648470.6584356536381773260718,1.201432837707,105399632611.2535314,0.1053983050707731
2023-12-23,0.126700574366947,13354196459.4539860204651897596372,1.201930656051,105399652102.4277276,0.10541421314872501
2023-12-24,0.1260008615171,13280429593.52962098852592332171,1.195394420494,105399514206.7127001,0.10540526152450151
2023-12-25,0.130972838758728,13804522066.727933062582601753556,1.241309572141,105399884415.4090145,0.105511825332038
2023-12-26,0.125874105937527,13267039754.9644383659118128571363,1.193169852801,105399276969.2366069,0.10549554670865509
2023-12-27,0.13093195026768,13800196222.011850972222324133664,1.240037472431,105399760668.0297898,0.10558709166344608
2023-12-28,0.13254831707855,13970606718.854233486556210457405,1.253557041163,105400106367.0620211,0.1057377628030209
2023-12-29,0.129289492658978,13627082478.1731726705783981446128,1.223082696902,105399767590.6797176,0.10570789120511723
2023-12-30,0.132694276878592,13985980426.8248263155348909088,1.253717692226,105400027460.2742125,0.10584063517759788
2023-12-31,0.128604905433537,13554877242.6554582934493347288726,1.215747713419,105399379572.3493398,0.10578255999500623
2024-01-01,0.131973721814403,13909952677.6088937444334686670422,1.245891798315,105399411991.8108274,0.10592711340815487
2024-01-02,0.12939333604342,13637903170.274604936867795973736,1.221636537097,105398806362.7804508,0.10591803053869037
2024-01-03,0.120301998467305,12679609967.6414519571458789109965,1.137338257064,105398165692.8787013,0.10577503897377065
2024-01-04,0.121643362521453,12821036830.5941998570666858876062,1.149543954569,105398573048.5959254,0.10581880061042197
2024-01-05,0.118927807558893,12534747024.174432589395255341223,1.12420993595,105397949238.803811,0.10578789935564348
2024-01-06,0.119804598033615,12627137565.8466332549398977730545,1.13243507479,105397770812.6334783,0.10579378959613353
2024-01-07,0.115125159503058,12133820710.489422645320132008776,1.088921230232,105396776541.856772,0.1057240471641186
2024-01-08,0.11973925240944,12620179211.293466140785479544144,1.132145302873,105397177260.9674051,0.10576314904595945
2024-01-09,0.11627731842011,12255208456.567020047892947159514,1.100032795152,105396380163.2313774,0.10570350168882289
2024-01-10,0.121078459734707,12761284765.6478942430729971940609,1.157506667621,105396821148.9387387,0.10460281838683236
2024-01-11,0.123523524223682,13019030672.5997030247870809167142,1.180419998495,105397176403.6156531,0.10464370680026668
2024-01-12,0.118793722881154,12520464473.6831336663188718812688,1.136492667863,105396684016.7902472,0.104526607377527
2024-01-13,0.120113338515969,12659562668.7173756607972891071475,1.151002845819,105396809589.4220275,0.10435537926972017
2024-01-14,0.118295716017142,12467963534.8692869515291406698936,1.133952002909,105396576939.9677908,0.1043216253542217
2024-01-15,0.118151597558706,12452777936.749946734061935807251,1.132680141634,105396610744.6201335,0.10431152910323029
2024-01-16,0.118704885415242,12511065575.4041244281575938897036,1.138020248915,105396383069.1476558,0.10430823663148037
2024-01-17,0.118602415722898,12500273522.140968148032937799152,1.137109384446,105396449523.815224,0.10430167699361756
2024-01-18,0.114198911121904,12036127031.1943755429111617526112,1.10091103444,105396162826.3351978,0.10373128032093303
2024-01-19,0.113912481066622,12005866487.3056169870147171889598,1.098539800221,105395531507.0695009,0.10369445061863532
2024-01-20,0.115358571446425,12158252685.1038916303114748659075,1.112319256349,105395312482.2670459,0.10370994729073557
2024-01-21,0.115559046247716,12179388964.0754992058890575464232,1.114244796423,105395374568.6631802,0.10371064475121533
2024-01-22,0.112613109838615,11868878828.579390796782337905477,1.086422985893,105395178639.4016798,0.10365494038774517
2024-01-23,0.111481939002212,11749641916.0681329511254163062456,1.076274894272,105395026505.9078238,0.10358128726733812
2024-01-24,0.112591988491096,11866619815.204833590901641797596,1.086929716404,105394886210.2499385,0.10358718396585523
2024-01-25,0.111785268302615,11781585220.339436794716218769488,1.080792895598,105394793063.8354912,0.10342894439620137
2024-01-26,0.115649240901077,12188879937.6327238611839791209018,1.117597696443,105395243779.0641234,0.10348020693775237
2024-01-27,0.116268336831738,12254121047.1859135173842725178988,1.12348521458,105395169322.1510126,0.10348897815731678
2024-01-28,0.113708187710726,11984293729.707441967233463073117,1.099073521359,105395169609.0304795,0.10345821776338154
2024-01-29,0.116360482724904,12263865825.3598502447083473811704,1.124411713647,105395453320.2970451,0.10348565504310855
2024-01-30,0.11293060508371,11902386463.566422129609805791419,1.092028372895,105395578592.2138489,0.10341361807690726
2024-01-31,0.10996507466412,11589811393.381467273695048750928,1.064093480081,105395385114.6072444,0.10334155478121089
2024-02-01,0.10978487653634,11570786168.440425174188623906424,1.062598916342,105395082943.0533436,0.10331732401372551
2024-02-02,0.110400089156576,11635625391.7484891162866920819008,1.068693806163,105395072419.2455158,0.10330376064679606
2024-02-03,0.111053720409264,11704508465.2983979472609485461072,1.075376222226,105395014432.3307023,0.1032696447196738
2024-02-04,0.109209417589531,11510019576.7797569147947602656714,1.057849835936,105394020321.9536894,0.10323716455738825
2024-02-05,0.108315090180551,11415754028.0545595148899560441772,1.049458292772,105393939191.9037172,0.10321047623002869
2024-02-06,0.108151773983517,11398540173.1137128452129713099927,1.048046137855,105393927009.0097731,0.10319371454854796
2024-02-07,0.109059615543881,11494194537.8970925193350762578254,1.056743603727,105393682900.6362334,0.10320347826969725
2024-02-08,0.109857298765489,11578238397.8205652589699026159192,1.064448646376,105393437922.9229528,0.10320582316442124
2024-02-09,0.112134090426517,11818178938.9573524791187974756248,1.086099671751,105393274195.2543544,0.10324475123515638
2024-02-10,0.111632196434236,11765193832.0743310484954735192356,1.081388562207,105392478226.5245671,0.10323042090107414
2024-02-11,0.11107006252576,11705937377.726880483732453002112,1.076046110756,105392372269.6381212,0.10322054177373986
2024-02-12,0.113045487248786,11914099172.9564459319960043730744,1.094889697254,105392081213.6124604,0.10324828841873825
2024-02-13,0.111048461768661,11703655703.9982177639728080107891,1.075983945781,105392326175.3915431,0.10320642998818796
2024-02-14,0.114345977708999,12051152722.6736450913588422407911,1.107282274779,105392012593.0693089,0.10326723394160811
2024-02-15,0.116762091416564,12305849720.1310193228306226105084,1.13005899474,105392508568.7981931,0.10332389013321222
2024-02-16,0.115430537683086,12165412746.4380969243462184402722,1.117501765842,105391631977.3037927,0.10329338280384101
2024-02-17,0.114207165055326,12036266227.611106173531688443195,1.105894643649,105389764484.3938825,0.10327128873550656
2024-02-18,0.115955794341357,12220665865.6463051954466109190703,1.122584479628,105390730450.8685579,0.10329360190315673
2024-02-19,0.118636115996542,12503097580.7360189279072766080178,1.147937662669,105390314540.4765159,0.10334717629240284
2024-02-20,0.117798787062865,12414831352.020262845642178644399,1.13984793655,105390145871.3230326,0.1033460545793581
2024-02-21,0.114334487304884,12049683799.9704361333094132006908,1.106747056496,105389756704.2810587,0.10330679140622338
2024-02-22,0.115261695072186,12147432873.8451178931047228231818,1.115750610162,105390024554.4491913,0.10330417390984058
2024-02-23,0.114791690673288,12097819454.2848665418246903326448,1.111299611629,105389330737.5080446,0.10329499756147711
2024-02-24,0.116496793262059,12277562710.9296015236595488810724,1.127717782911,105389705305.5467436,0.10330314465853642
2024-02-25,0.116458100340497,12273481040.9484447098553644654042,1.127422557059,105389672380.5692986,0.1032958757223114
2024-02-26,0.117893848675643,12424815417.3122187129990190445526,1.140986296729,105389853303.5099682,0.10332626168572155
2024-02-27,0.122640602699502,12925216145.7241955804669409123012,1.18582048629,105391003152.4713006,0.10342257037842191
2024-02-28,0.120987790359325,12751050354.9521846873782041671225,1.170055776568,105391216064.7160013,0.10340343835078154
2024-02-29,0.122003718900526,12858119801.9681309593408734241612,1.177129106611,105391211987.9871562,0.10364514666685917
2024-03-01,0.127150611822348,13400565723.1439714716692872748204,1.225224446512,105391279924.5271673,0.10377740354783453
2024-03-02,0.137879057700006,14531552256.826934649099267127332,1.325706587916,105393469459.621222,0.10400420346160516
2024-03-03,0.135488709088462,14279592794.582381045428522603783,1.302886216587,105393230850.3956965,0.1039912061111399
2024-03-04,0.146019448892502,15389609679.5784244574682264601266,1.393832428022,105394245741.2511883,0.10476112189448734
2024-03-05,0.132224895305386,13935612179.8370671993204923270962,1.264640127189,105393255541.2612917,0.10455535330773592
2024-03-06,0.137950632063824,14539127962.77488313290544556068,1.305436488175,105393703133.2211325,0.10567395144338196
2024-03-07,0.142170785812253,14983946100.1557034178511211818449,1.343997997279,105393988044.3729733,0.10578199230957622
2024-03-08,0.141791221831924,14943877699.8870513116128124497084,1.339808232037,105393532172.2608091,0.10582948995346099
2024-03-09,0.142665080640784,15035929567.6991382444775522847936,1.34778654539,105393201336.7592204,0.10585139102980284
2024-03-10,0.13961604864622,14714605713.75487665577445084205,1.319474149483,105393368860.0580775,0.10581188627372863
2024-03-11,0.157385219943652,16587704660.655100163148271807148,1.481525985375,105395568062.832899,0.10623183224411352
2024-03-12,0.149247081563763,15729895999.7301389993340729954006,1.404520047816,105394998916.6778962,0.10626198023719145
2024-03-13,0.150881391751205,15902168157.680373864969399596054,1.419263947015,105395158230.6594988,0.10630960651719448
2024-03-14,0.144699016844267,15250495732.6269231073184171112886,1.363638231374,105394605058.3076258,0.106112467012947
2024-03-15,0.136699738564712,14407337078.276488964717290096736,1.290715938958,105394035347.450428,0.10591001043581302
2024-03-16,0.128902274409958,13585539029.8431989094401930278694,1.218659506405,105394098684.6829793,0.1057738225751136
2024-03-17,0.131883894476589,13899778265.5583567896795512866592,1.246540828505,105394053767.6928928,0.10579989957870845
2024-03-18,0.135344887882429,14264571604.5339412619854791843505,1.27886108658,105394240061.1779845,0.10583236076435454
2024-03-19,0.120385414264719,12687774379.2133043904799257229437,1.140835746251,105392953595.8051123,0.10552387989272605
2024-03-20,0.130889928356018,13794950614.2113970652767999667828,1.238398969651,105393522538.1849546,0.1056928595417879
2024-03-21,0.133083233429318,14026128811.490992136120929090518,1.258553513543,105393658164.613401,0.10574300734711752
2024-03-22,0.127922447930994,13482191251.6555351202685652083246,1.211452441313,105393474481.7290959,0.10559427969978641
2024-03-23,0.133175964444286,14035941740.7962807277427548342356,1.260180975799,105393956029.2668246,0.1056800308859191
2024-03-24,0.135047684446906,14233264560.1454436879609498563462,1.277412506954,105394362135.4074527,0.10571971364906096
2024-03-25,0.136773189516573,14415096537.54691921264009713768,1.292820880794,105394168173.58216,0.10579438462702757
2024-03-26,0.13832595030125,14578828365.676344318578177796,1.306859760879,105394745772.0418848,0.10584605513311644
2024-03-27,0.133591639029967,14079759739.7171135424874206029067,1.263224298585,105394018981.6727301,0.10575448808229039
2024-03-28,0.138177690904704,14563149241.490111470801373702592,1.305329980108,105394359582.5014355,0.10585652134740021
2024-03-29,0.142772209217939,15047504348.4901888487852229896511,1.347549977022,105395191619.6832549,0.10594947248892135
2024-03-30,0.138895173570323,14638842233.9370096540199399082485,1.311496837611,105394894996.2996695,0.10590583948592057
2024-03-31,0.140914727173601,14851698129.9139687460275521573575,1.330134040387,105394932295.5953575,0.10594024579101978
2024-04-01,0.13576601758402,14308992869.897266878943128000836,1.283507933374,105394509793.6014818,0.105777310800976
2024-04-02,0.128843313887354,13579316927.91265182257387959568,1.220032673339,105394036509.99592,0.10560644538701909
2024-04-03,0.126394277222858,13321131449.5822765992511580054098,1.20136429655,105393469880.7169781,0.10520895084515904
2024-04-04,0.1288659531375,13581651042.7408181111403394125,1.224522820467,105393633555.398403,0.10523769013006552
2024-04-05,0.127585031118439,13446641283.2844546474309017079238,1.212784557235,105393565102.4903242,0.10520007890710384
2024-04-06,0.129379851943494,13635802027.101754032441366557466,1.229543804232,105393551022.589839,0.10522589882375723
2024-04-07,0.12924529639845,13621605146.504831233055368246245,1.22831889814,105393430369.1085121,0.10522128788717784
2024-04-08,0.133500992322486,14070171427.9682577129447895836126,1.267464642341,105393759126.3759741,0.10532916490349618
2024-04-09,0.132098559125452,13922324672.7320519724791357190756,1.254380142492,105393463523.7787203,0.10530982965261224
2024-04-10,0.129555479429428,13654166688.2726379490794635237752,1.230890681875,105392429161.6734934,0.10525344072966561
2024-04-11,0.130179129933963,13719891579.9443337271705021093389,1.236724298026,105392404964.6370503,0.10526123740088933
2024-04-12,0.114970908457716,12116875501.4023727998578453648372,1.095340583614,105390795497.2689217,0.10496361604568462
2024-04-13,0.105617720877983,11131057593.0118682236811910701214,1.009950969042,105390056710.9495458,0.10457707761612213
2024-04-14,0.110800349763691,11677285961.1377016362547507736741,1.059321726729,105390334832.3573551,0.10459556050627138
2024-04-15,0.107478043900521,11327080562.246296327795577280585,1.03203680873,105389716365.980385,0.10414167691633103
2024-04-16,0.109764175625541,11568046547.3873502636259072797933,1.054019319256,105390000712.5419913,0.10413867527876072
2024-04-17,0.107519245524299,11331419223.1445850092785397166246,1.033523247443,105389683194.7515954,0.10403176299160005
2024-04-18,0.110580526970617,11654069943.8417797739279484464745,1.062560593269,105389893348.3871985,0.10406985509448703
2024-04-19,0.111596817686284,11761178583.7373670549517584300324,1.072092938223,105389910102.9911811,0.1040924846228876
2024-04-20,0.115900817376286,12214798652.7466666729528039352478,1.112883302289,105390099304.3892673,0.10414462786700003
2024-04-21,0.113840354178206,11997616912.5653290791102763541336,1.093263824705,105389841758.4350356,0.10412889515385186
2024-04-22,0.118335323429216,12471405983.2160034003371235196736,1.135705895384,105390390813.2380846,0.10419539416866809
2024-04-23,0.117356120165889,12368205386.2498595130218141375346,1.126365434028,105390373921.4176114,0.10419009374800439
2024-04-24,0.114210973422507,12036705869.2573991517172766818122,1.096914723643,105390099642.4340446,0.10412019363109387
2024-04-25,0.113781978860201,11991459098.066051705846139091663,1.093088208801,105389792111.099063,0.10409222050341899
2024-04-26,0.113950007505265,12009162321.507024539762543674467,1.095118537423,105389745770.3295678,0.10405266974423492
2024-04-27,0.114369785697441,12053401013.9042234362028474812491,1.099122794065,105389731565.9123051,0.10405551255511256
2024-04-28,0.112206777571728,11825416139.4248003056988488425888,1.078591123282,105389499594.7586346,0.10403087430415585
2024-04-29,0.112279689957282,11833068612.0822656792694581020398,1.079615218599,105389217022.1015239,0.10399972881355418
2024-04-30,0.107629532088952,11342956840.065060545084002846388,1.035923455274,105388889275.2084815,0.10389718616853227
2024-05-01,0.110712592996276,11667931105.8917633883276169414364,1.065336488138,105389376132.5257139,0.10392265188417603
2024-05-02,0.110439485973174,11639146071.3447182239566618931086,1.062729774094,105389353896.2313989,0.10392057196978982
2024-05-03,0.111869182618395,11789817095.5562492705451366009975,1.076112083286,105389320093.3928405,0.10395681300854175
2024-05-04,0.111074019677435,11705963092.167972799410962836823,1.06862558684,105388849041.0514258,0.10394100707048254
2024-05-05,0.110958655978613,11693792843.3958120705734097416258,1.067630289171,105388739078.1820666,0.10392985015886995
2024-05-06,0.109827265045163,11574511750.2189979969039817928142,1.057187807514,105388327256.0720234,0.10388623881637851
2024-05-07,0.108183919091612,11401187310.8928174821531273111292,1.041719257666,105387079767.7249641,0.10385131914907762
2024-05-08,0.107280133005145,11305843542.3644754394794174546305,1.033392023159,105386181258.9500009,0.10381358729400474
2024-05-09,0.108259903722365,11408983571.6205202967227637350565,1.042804853037,105385125788.3908681,0.10381607201680697
2024-05-10,0.10631162734056,11203601338.2018601268848481238,1.024403704686,105384534302.2744175,0.1037790344316908
2024-05-11,0.105853201105982,11155262255.751845798509819535802,1.020121327781,105384269339.035011,0.1037653053840539
2024-05-12,0.104578414549624,11020919513.1597809683021395108504,1.008090059892,105384266539.3458621,0.1037391585438585
2024-05-13,0.103928890709632,10952406150.4084155204661414815104,1.002194225009,105383652953.7148247,0.10370134662140831
2024-05-14,0.101813749969169,10729467422.3226704367225079216664,0.982278466841,105383284925.3832856,0.10365059746916905
2024-05-15,0.106707633139451,11245209023.1453760265937642604152,1.028751362093,105383360986.4587752,0.10372538698014822
2024-05-16,0.106635946094555,11237681566.5625309686092036700005,1.04134346119,105383615733.0848191,0.10240228134980198
2024-05-17,0.108827511579283,11468704335.2729383620479272153892,1.062350096641,105384237577.8091724,0.10244034610000989
2024-05-18,0.108043360188837,11386074871.0477373446611150448053,1.054687235226,105384309143.5445969,0.10244113760008226
2024-05-19,0.105503024108882,11118277594.4687673770917972515564,1.030166783919,105383496713.7472902,0.1024135370658364
2024-05-20,0.112158915306073,11819801429.8601002779701475528951,1.094253170508,105384412800.3982287,0.10249814058478253
2024-05-21,0.112224136905973,11826689438.1547642000768061255024,1.094686561518,105384543505.6787888,0.10251714129965384
2024-05-22,0.110594843898644,11654934241.0448519147253965085064,1.079002657508,105384065207.6525306,0.10249728592334262
2024-05-23,0.108819199061093,11467768873.0572358160726215494836,1.061968167787,105383691223.6326052,0.10246936053446658
2024-05-24,0.110146668258625,11607667387.7265874355160762592375,1.074844412798,105383735806.4405431,0.10247684869282131
2024-05-25,0.110816851782894,11678262011.0002261711175765095002,1.081276758552,105383448664.2844283,0.10248703757518587
2024-05-26,0.108681696719483,11453217329.6329136424293805739412,1.060689447878,105383129591.6797564,0.10246325815431653
2024-05-27,0.110296114709767,11623367239.2876297102330284962339,1.074875797833,105383288159.0918917,0.10261289251477163
2024-05-28,0.107733990055945,11353329417.575710191357038616418,1.050384195674,105382984624.2588724,0.10256627098888835
2024-05-29,0.106593291650691,11233091145.14727560791011739107,1.039588226573,105382721287.54977,0.10253414662272149
2024-05-30,0.106874931073882,11262751757.8731129209748009962596,1.042298031208,105382540551.8833978,0.10253778465840177
2024-05-31,0.106259477447432,11197895706.8624064172313799419976,1.036803159707,105382559521.8285993,0.1024876095839261
2024-06-01,0.106308426191368,11203045931.2048306527815406528288,1.037282015658,105382483144.2617316,0.10248748612876626
2024-06-02,0.10514919890806,11080865390.88428768727156658708,1.026235398061,105382309194.510718,0.10246109138968706
2024-06-03,0.105321515328799,11099021534.1456306880240942331837,1.028029675513,105382281098.9382563,0.10244987847869487
2024-06-04,0.106357850190022,11208258939.9629406378838409192198,1.038064026213,105382526253.9431009,0.10245789036542381
2024-06-05,0.106924368085575,11267615347.13209947275645820234,1.043610070911,105379302668.5391832,0.10245624401864707
2024-06-06,0.105310797604072,11097438816.9588330583176652241208,1.028347360848,105377977087.2206739,0.10240780655792239
2024-06-07,0.100243215072868,10563435241.0473471436024797823332,0.980117775407,105378057092.1299649,0.10227670346172571
2024-06-08,0.0982728066979449,10355756163.91770156241643808355449,0.961282087219,105377637129.5424001,0.10223097673883558
2024-06-09,0.099775800192634,10514101936.1486898145903012475276,0.975886665894,105377275009.0647614,0.10224117582468492
2024-06-10,0.0999435206653954,10531787162.27808998176635525645756,0.977614413125,105377388070.3867614,0.10223204498992629
2024-06-11,0.0967755115347274,10197934918.11662797406382954481368,0.947548995193,105377225667.8503932,0.10213246177841796
2024-06-12,0.1000577736537,10543843335.94560882290633798589,0.9799659249,105377552896.9678597,0.10210331921889051
2024-06-13,0.0974818169859082,10272377825.63111442188224801995776,0.955117297042,105377373373.2935168,0.10206266527452655
2024-06-14,0.0966404200147779,10183704119.11784926538132969776995,0.947200362264,105377275032.1303905,0.10202743143360693
2024-06-15,0.0981974368631952,10347807658.57097320798167271193424,0.962208848627,105377573887.0570637,0.10205418189961107
2024-06-16,0.0989692582878113,10429127591.04158664364417233608,0.969693518423,105377445193.2616,0.10206241086231423
2024-06-17,0.0967701843123944,10197366315.95640193836545548985224,0.948848159511,105377150910.8339621,0.10198700744939637
2024-06-18,0.0912034740620056,9610695086.92860074596307948276312,0.895434421432,105376414503.6259577,0.10185388441528842
2024-06-19,0.0931949464352757,9820585062.03519761307789648135489,0.914847823686,105376798181.3867677,0.10186934266267948
2024-06-20,0.0939157441925578,9896582194.97669115907500106231874,0.921818523216,105377242975.2085133,0.1018809470923937
2024-06-21,0.0920244405571798,9697203679.22952646707053671572444,0.90822100761,105376393711.4523978,0.10132384054773605
2024-06-22,0.0909283007004543,9581669381.90211088006448774414874,0.897656385814,105376096419.8271718,0.10129521957112797
2024-06-23,0.0895495680962031,9436378515.47176189248759079232907,0.884278958094,105376036044.4648997,0.10126845977339637
2024-06-24,0.0891134705276954,9390384913.85401293113564658320534,0.881101775092,105375594264.7929271,0.10113868005587737
2024-06-25,0.0916929251969874,9662215122.45967506307287314114166,0.906281290326,105375797551.4683459,0.10117490692542529
2024-06-26,0.0902595442925567,9511160708.25443293347723717219915,0.892509048247,105375678359.5768245,0.1011301167980737
2024-06-27,0.0913496471886465,9626058589.2072296124911787439479,0.903122291367,105375979934.8586406,0.10114870163416766
2024-06-28,0.0909023259220749,9578932090.28369523200972814691473,0.898900686315,105376094540.1456277,0.10112610581567649
2024-06-29,0.0899465031404924,9478205156.11855220410186028973168,0.88956994477,105376027140.4216932,0.10111234498120127
2024-06-30,0.0910344740081454,9592843510.39950623970884030370624,0.900251182116,105375942629.6149856,0.10112119352531473
2024-07-01,0.0914000500624281,9631373871.46482973511231059082133,0.903869236165,105376024027.1904093,0.10112087723023594
2024-07-02,0.0934093981701136,9843170832.3173972076510064011544,0.923889891059,105376664716.2354415,0.10110447042887759
2024-07-03,0.0902613252303258,9511425131.65951605681235062709812,0.893559888488,105376528733.5254914,0.10101317929910407
2024-07-04,0.087642307460358,9235410399.3700661046482389992192,0.868089727662,105376166682.3684224,0.10095996377748
2024-07-05,0.0855595699865346,9015856592.24751779521476783853446,0.851658343952,105375197580.6614851,0.10046231636680449
2024-07-06,0.0905284227125469,9539489756.84619144442804839628674,0.90058926025,105375631995.0115946,0.10052132165935065
2024-07-07,0.0840846295439326,8860386837.05189410480188665734096,0.837253235755,105374631310.2623896,0.100429148497836
2024-07-08,0.0855717936093333,9017100282.05056794281788382214258,0.852378349918,105374678988.4637226,0.10039179622237639
2024-07-09,0.0878276841520096,9254654715.5210659630725225209424,0.874591156358,105372865115.0971815,0.10042141806892309
2024-07-10,0.0874485196687789,9214690197.31547136196216060056605,0.866740459831,105372740810.4464945,0.1008935474015254
2024-07-11,0.0887162761818732,9348328973.41818911856064259658624,0.879321901597,105373324667.6585632,0.10089169395274833
2024-07-12,0.0912114110014677,9611288523.82214312052184960319073,0.903805143498,105373751138.0838749,0.1009193316254562
2024-07-13,0.102317730146561,10781833401.8495291855596178742093,1.012314630549,105376002638.1108813,0.10107305284234792
2024-07-14,0.104774746538931,11040757238.2702317664616209777053,1.032601855566,105376129296.2692463,0.10146674245660815
2024-07-15,0.10449641733361,11011432950.80387807327384708565,1.028967908386,105376176827.664165,0.10155459318213249
2024-07-16,0.106786521530395,11252798113.245274766594358019803,1.050391655293,105376577043.4085514,0.10166352806811625
2024-07-17,0.110214979697856,11614139857.9587162766661405558016,1.08209558053,105377144647.6494236,0.10185327588517988
2024-07-18,0.10326488443827,10881678167.954524989973961464125,1.015571548475,105376365132.7127375,0.10168154532621002
2024-07-19,0.105282999122624,11094180109.4950284786827503062848,1.034800862081,105374848759.5185527,0.10174228006623254
2024-07-20,0.105282536051928,11094082000.1743772492996695525392,1.034655807887,105374380369.2427814,0.10175609632631225
2024-07-21,0.105274311120274,11093244621.1551974421291345159632,1.034561472031,105374658861.2806568,0.10175742473147069
2024-07-22,0.103405943799191,10896354570.6658594740274032473256,1.016456131166,105374547828.9528216,0.10173183143730136
2024-07-23,0.100918236053814,10634173943.5689909443964039642504,0.992638234583,105374155944.4061836,0.10166668231977684
2024-07-24,0.102644511316647,10816106953.1261557045250209844406,1.0094219272,105374430784.3179098,0.10168642918365069
2024-07-25,0.10205989163185,10754474862.77216089345163814113,1.003781774919,105374155222.1675498,0.10167537823655518
2024-07-26,0.103177531092568,10872220278.557536215144051210448,1.014457205457,105373913907.702286,0.10170713021461349
2024-07-27,0.101705415637515,10717056167.5032844826483448783045,1.000209432217,105373505435.5374703,0.10168411970689108
2024-07-28,0.100163315359267,10554593304.8332258447223200731322,0.985231111409,105373841380.7079166,0.10166479133613766
2024-07-29,0.0992730172547784,10460763509.50908251488245884376312,0.976816244655,105373683592.8149943,0.10162916290344912
2024-07-30,0.102347127804696,10784685667.0884572720105485607784,1.005697553088,105373603523.7680879,0.10176730319213623
2024-07-31,0.100718285028073,10613039928.0336051597350710596775,0.990060598735,105373517083.5708175,0.10172941449923441
2024-08-01,0.0992664035240008,10460053910.99869245991041833867168,0.976065143551,105373555801.9853396,0.10170059260887239
2024-08-02,0.0954945041352385,10062522118.83476363900227843883805,0.939615214095,105372787784.5651293,0.1016315005363286
2024-08-03,0.093450867609558,9847175066.9483788833218466798306,0.919607405713,105372751680.4908307,0.10162039477825068
2024-08-04,0.0882752711586271,9301745793.86260195466714606555505,0.869352522876,105372044421.6788655,0.10154139872579428
2024-08-05,0.0883087072596686,9305334629.743698699092046526381,0.870307364682,105372787333.209335,0.10146841316450947
2024-08-06,0.09221661639863,9717164808.018449254810677458632,0.911269363198,105373252538.4959864,0.10119578263336527
2024-08-07,0.101732394144438,10719972513.0798478070031732785346,1.00170421374,105374228172.1966067,0.10155931536377005
2024-08-08,0.102865362939876,10839310494.2533858433441453124108,1.012356440395,105373764156.0539483,0.10160982716694142
2024-08-09,0.0998244256880916,10518803099.78301335678276176466652,0.982396660415,105373038985.9667147,0.10161315658984645
2024-08-10,0.101248128034516,10668868006.0411969247309603108648,0.996387507112,105373484064.8522978,0.10161521226614005
2024-08-11,0.0978380791655236,10309493844.69662330401981595659368,0.963204976719,105373019714.0818938,0.10157555404125194
2024-08-12,0.0987699204280597,10407685693.04208024291852862263582,0.97236686988,105373029034.9140006,0.10157680551194523
2024-08-13,0.0992598080401046,10459304192.9185296482822132930246,0.977129551849,105373004435.920201,0.10158305810348028
2024-08-14,0.0967012444686955,10189722032.80678653525484709386845,0.952416355192,105373225430.4694359,0.10153253242821648
2024-08-15,0.095565204952445,10069942072.427816670660917309979,0.942384099493,105372473981.9142822,0.10140791318938724
2024-08-16,0.0948449103785193,9993999359.74921433002662386916219,0.935679260806,105372015428.8076483,0.1013647671284488
2024-08-17,0.095539250149553,10067171955.3558122005830968816467,0.942786216856,105372105596.3606339,0.10133713077409737
2024-08-18,0.0936275468644558,9865718390.7465510109836597771339,0.924162158147,105371962858.6350705,0.1013107343111566
2024-08-19,0.0959547201800775,10110962978.70078569203742324501025,0.947006690379,105372231399.6186711,0.10132422627518675
2024-08-20,0.0976727106680179,10292086349.84046409531335302354424,0.963604762375,105373202806.0783656,0.10136179736937333
2024-08-21,0.0986017260835197,10389953698.65894043769019725691369,0.972710644447,105372939312.0179677,0.10136799329421979
2024-08-22,0.0990444324679359,10436601647.10168077892730277411319,0.976893047444,105372925938.8746441,0.10138718125498133
2024-08-23,0.101880131717527,10735425529.8422295002641858417227,1.004164433185,105373102182.5461101,0.10145761824523548
2024-08-24,0.102471441033147,10797735428.3203064264725180891506,1.009934210008,105373119763.4617398,0.1014634814997853
2024-08-25,0.101197349610396,10663479387.9256115932163360086392,0.997356997033,105373109364.8143602,0.10146552328949834
2024-08-26,0.0971824607446136,10240341698.55369220488038232423592,0.958615910292,105372323566.3310747,0.10137789254406518
2024-08-27,0.0938462281176005,9888785011.0943023090744570071128,0.926799347327,105372215905.1771056,0.10125840980387421
2024-08-28,0.0929276067717118,9791934954.41876402298712752949848,0.918721802598,105371646753.7345236,0.10114879880822161
2024-08-29,0.0930336803180472,9803091987.70341354419500378740504,0.919846727811,105371430585.0346357,0.10114041557710769
2024-08-30,0.0932133986935034,9822022698.53102411250017117270202,0.921673118584,105371361158.3565153,0.10113498681258117
2024-08-31,0.0925356986645731,9750615408.76300243294993796029232,0.915066322496,105371392332.6758672,0.10112458123490561
2024-09-01,0.0899588805694468,9479056202.77919099074568591047452,0.889985974492,105370988864.8682439,0.10107898680178068
2024-09-02,0.0924091604254795,9737301679.5490713199521372438279,0.914149880145,105371606393.9506962,0.10108753764844536
2024-09-03,0.091550901554791,9646855143.6840568564554097118409,0.905705515297,105371492577.9365199,0.10108241587197303
2024-09-04,0.0917489044025295,9667655073.9257082310467680906844,0.907778734023,105370795835.4560232,0.1010696780656297
2024-09-05,0.0902618714307002,9510956860.16178212761711992613466,0.893512060845,105370703148.6041233,0.10101919759800329
2024-09-06,0.0880439384714399,9277215321.87787309511354387374675,0.872092101382,105370289913.6805325,0.10095715616724094
2024-09-07,0.0884810913019839,9323273396.52610781120654416911531,0.877565640615,105370235146.6935829,0.10082561030987511
2024-09-08,0.0899150551886848,9474372324.62444108690705912087552,0.891592285432,105370255345.3665299,0.10084772676685799
2024-09-09,0.0931267769706593,9812840447.75635547980547615478091,0.922908115317,105370772692.4556587,0.10090579487284297
2024-09-10,0.0940435510423359,9909505346.0922548288793635975622,0.931962894967,105371450102.211258,0.10090911510555996
2024-09-11,0.0929098025298378,9790016731.10460459267250129081668,0.920579127275,105371192969.2301306,0.10092538465961039
2024-09-12,0.0948830175807343,9997934147.3380221032451316897628,0.939766474493,105371165486.288996,0.10096446314699965
2024-09-13,0.0963592119584265,10153491708.8458044544889799759924,0.953135503319,105371261371.7353416,0.10109707551852314
2024-09-14,0.0971768254965098,10239633535.13322744089689656645124,0.961147179161,105371146698.9729338,0.10110504156224746
2024-09-15,0.0951613891873719,10027244938.12823450985694283445294,0.941452175367,105370939030.5839426,0.10107936619327028
2024-09-16,0.0949362656052361,10003520918.23947096689030198188848,0.939293285198,105370912311.1720368,0.10107201563271459
2024-09-17,0.0945137362270875,9958842130.4423853764526931948425,0.934206041828,105369256660.3688622,0.10117011879108435
2024-09-18,0.0956640723123528,10080052176.30906681997292712733704,0.94541844679,105369256531.2992793,0.10118701685709976
2024-09-19,0.0960096865791352,10116499834.24441180280954194820856,0.948758176321,105369574620.0147153,0.1011951084853171
2024-09-20,0.0961823856219835,10134728406.69699012793684963052255,0.951401437275,105369900540.0900653,0.10109548068107684
2024-09-21,0.0979929985897042,10325529148.71839895215353485893088,0.969098999839,105370070283.8097264,0.1011176346338033
2024-09-22,0.0960453510808256,10120277346.7481995462071499918912,0.950505465015,105369778264.766027,0.10104660584914145
2024-09-23,0.0962450789179019,10141344489.78053899047326030160996,0.952415775954,105370005446.5248684,0.10105363786262017
2024-09-24,0.0967853121079193,10198284744.05194794460653457243016,0.957692740362,105370169522.0083912,0.10106092280843149
2024-09-25,0.0958788141584697,10102792746.59719163047317132158769,0.948924867594,105370439082.6024377,0.10103941569322611
2024-09-26,0.0978753674548221,10313167304.56745009335660032649218,0.968193494337,105370407005.9084458,0.10109070968489127
2024-09-27,0.0994075145393066,10474642204.39336055513544992529606,0.982937993038,105370728288.8719191,0.10113304729636546
2024-09-28,0.0995020199689115,10484621615.21921971739812980284535,0.983885500512,105370942403.9335509,0.10113170680646484
2024-09-29,0.101583881871942,10704030444.528802733025706804986,1.004063672305,105371346785.333983,0.10117274897391597
2024-09-30,0.0987085556402764,10401027190.78301174364401135057528,0.976035980807,105371080787.4393002,0.10113208691206528
2024-10-01,0.0938224944259467,9886106673.20381798370971004056613,0.928682063092,105370324394.9332239,0.10102757246497197
2024-10-02,0.0908150175309092,9567956903.74654490888718734827328,0.899508179556,105356549653.1458384,0.10096074676690074
2024-10-03,0.0902061689539445,9503778017.09990720244563188310535,0.894639300952,105356187135.6285963,0.10082965152319452
2024-10-04,0.0917838449490816,9670021362.34925552330520471391872,0.910149443667,105356464067.4384267,0.10084480695750764
2024-10-05,0.0920511537429288,9698194034.4146462871693589918812,0.912784666569,105356572297.8202615,0.10084651628618302
2024-10-06,0.0923610088987816,9730839814.07768507160744247576672,0.915902402512,105356577738.7913692,0.10084154015260541
2024-10-07,0.091349233341953,9624282506.1382409111880204898962,0.906013261259,105357014547.7969554,0.10082549257062057
2024-10-08,0.0898064055457048,9461728034.14774765291112818190216,0.891075923792,105356939481.6991067,0.10078423526867494
2024-10-09,0.0897502555471303,9455790460.45031006836039145374111,0.890593426234,105356696789.4015337,0.10077578938197639
2024-10-10,0.0898997575913736,9471645559.11056401668914957367744,0.892276247172,105357854268.7797304,0.10075327890471573
2024-10-11,0.0916844672620557,9659669670.57406102670214464164938,0.909697739044,105357755343.2738034,0.10078563826970348
2024-10-12,0.0918146009448962,9673372028.78139543768633621329114,0.9110164827,105357665656.9797997,0.10078259031360574
2024-10-13,0.090221534186606,9505512030.1950097436385655892608,0.895474159473,105357463890.3243968,0.10075280590977938
2024-10-14,0.0933117675954854,9831105860.15513650895741152088542,0.925581481771,105357621160.6432373,0.10081421185841298
2024-10-15,0.0928450441819857,9781560895.58539720925636441636295,0.921019804928,105353613450.9510935,0.10080678361660615
2024-10-16,0.0954579261501712,10056710031.14259280033839951459728,0.946260198859,105352278608.2919369,0.10087915170190431
2024-10-17,0.0950887801229316,10017821102.69300446193011709046996,0.94161040056,105352293822.0668981,0.10098526956199703
2024-10-18,0.0966246478574154,10179656034.65260089359388572953698,0.956124453324,105352580944.7115037,0.10105865143548673
2024-10-19,0.0970737200954947,10226971533.93614380484318889760709,0.960496351342,105352628125.0530647,0.10106620390578668
2024-10-20,0.0971413712303452,10234165533.7120098191553445073736,0.961620130561,105353315524.488318,0.10101844599870623
2024-10-21,0.0955188291830685,10063209324.8999531900557462130358,0.945764656104,105353147761.1928268,0.10099640387974583
2024-10-22,0.0951425542237284,10023512233.76812158145686288614232,0.942081913922,105352566110.4048198,0.1009918063575157
2024-10-23,0.0944398891111342,9949451176.39567568927108442589938,0.9352915862,105352211550.0097839,0.10097373963860236
2024-10-24,0.09664216416572,10181492072.04941516929327127132,0.956377456922631589,105352484186.823481,0.1010502322761651
2024-10-25,0.0927993231179044,9776604700.33863048313216279078296,0.918958524608702497,105352112190.7015734,0.10098314628227521
2024-10-26,0.0940884498086776,9912452206.75546131576009230802,0.931711202186218339,105352487227.834575,0.10098456430265437
2024-10-27,0.0942173282438791,9926028762.11961508757722305782052,0.933008945313450992,105352475464.2410172,0.10098223464752111
2024-10-28,0.0942392513980144,9928320895.20625913926138971510144,0.933227160906976162,105352289496.3854376,0.10098211383649187
2024-10-29,0.0966342304301665,10180657931.9863345589590108189931,0.956524985581437952,105352501765.3394414,0.10102635256456571
2024-10-30,0.0949448294147898,10002655659.57825395723055576652692,0.940140688406897077,105352294814.0671954,0.10099002264828821
2024-10-31,0.0924762408279072,9742557755.26865597193972205349952,0.916686335260614144,105352008992.2229666,0.10088100724400587
2024-11-01,0.0930111028959021,9798927275.46411476211429465048963,0.921979909702099113,105352231834.4193903,0.10088191935326976
2024-11-02,0.0925590784219522,9751292160.3176378649200721905738,0.917575042288020953,105352087840.201829,0.10087357889677484
2024-11-03,0.0905773904768256,9542492936.2685197370943075398016,0.898326115718370042,105351819985.4740235,0.1008290740878584
2024-11-04,0.0911208437226694,9599775182.48998597588505758711992,0.903771936790872008,105352132292.6657268,0.10082282931490744
2024-11-05,0.09350398521973,9850874957.999716652740836451616,0.927530378205005247,105352461019.1813792,0.10080962027430597
2024-11-06,0.0971879430933989,10238992082.07321193982711313195085,0.963432481057569204,105352492872.8392265,0.10087675577090233
2024-11-07,0.101882744018389,10733603755.083912377350507131276,1.008337843534087495,105352519295.579484,0.10104028592371758
2024-11-08,0.101187738256491,10660390258.6110752625804972757047,1.001142392127822973,105352589575.5183717,0.1010722740862337
2024-11-09,0.102152762134909,10762008753.9705821001971240765636,1.009461422258270405,105352107266.1514004,0.10119531057103957
2024-11-10,0.108357396627287,11415834269.3073154728558421679907,1.069616189160931694,105353530304.6634261,0.10130493323244179
2024-11-11,0.114327868032714,12044942632.1647541370639371515062,1.123435632281741625,105354388561.8350783,0.1017662825955677
2024-11-12,0.13596457409459,14324915879.987206180762594646353,1.319547308609494152,105357707883.6831467,0.10303880217668439
2024-11-13,0.124293681407639,13095071886.7832307983845031173892,1.210923075847486825,105355893706.5840028,0.10264374664810956
2024-11-14,0.130353952884581,13733721540.6552659859650925230979,1.268173190903153625,105357154399.5714759,0.10278876246528043
2024-11-15,0.145694907897091,15350244567.1702811790844096488969,1.410657249370464034,105358826802.7366659,0.10328157882583489
2024-11-16,0.217060822013487,22870096857.3464079140215214688981,2.033571275733523672,105362619772.6523963,0.10673873328348997
2024-11-17,0.197635994320673,20823156171.5547591772222151774671,1.853060258977598147,105361152674.2860527,0.1066538410519451
2024-11-18,0.233978100458044,24652842743.2295391578836815576648,2.142551229634051649,105363889590.3857742,0.10920537031826656
2024-11-19,0.232237613091361,24469485952.1391265269352799228997,2.117905018938167822,105364008983.8202277,0.10965440424131749
2024-11-20,0.248329587895104,26165333708.196966906290671533408,2.234140143312993784,105365349050.7517395,0.11115219814584122
2024-11-21,0.258535475960504,27240669734.9810043752064627780568,2.281493486931672733,105365306767.9675517,0.11331852466000346
2024-11-22,0.341635169093518,35997616691.8379916602222434919412,2.904725013634801685,105368591844.1966134,0.11761360111193998
2024-11-23,0.510205945208505,53762385067.9189490588454015879855,4.033254907057503762,105373889843.5375271,0.1264998015165697
2024-11-24,0.542428828966467,57158444945.1802049316611323953381,4.197747097475639252,105375013076.0725943,0.1292190349658421
2024-11-25,0.485642411016393,51174506071.8446108461930522425927,3.710987762802559896,105374870297.5556239,0.1308660771895494
2024-11-26,0.438643778412457,46221586875.2784671207614829798206,3.322006860244990928,105373857216.3590158,0.1320418039052779
2024-11-27,0.482901562848512,50885588913.8614223780821834611968,3.291719295548579767,105374661895.2741289,0.146701926710927
2024-11-28,0.496177183267147,52284668097.3562534614144833005083,3.357826503719172608,105374994781.2607089,0.14776736758661432
2024-11-29,0.540744214532364,56981297308.8416629293443644403112,3.608068596328208056,105375694787.8196558,0.14987082426388967
2024-11-30,0.526833543957383,55515321354.4707441720380742889627,3.514170872980718237,105375449212.0219469,0.149916883099803
2024-12-01,0.552299483285191,58198918752.8018609526729060739107,3.636151286111149951,105375653090.6433477,0.1518912277920849
2024-12-02,0.53840558169014,56734513533.223434288035260073464,3.524493467526598296,105375047106.9130676,0.15276112344960016
2024-12-03,0.511024575648887,53848894372.0666450694977960599232,3.336056685147393797,105374373245.5343936,0.15318222197004092
2024-12-04,0.48643721324767,51257744905.167956460844146096751,3.17427229634760038,105373814973.8762353,0.15324369424997886
2024-12-05,0.471667351498183,49701197315.8998016845957408037579,3.091239244798932026,105373410218.0936413,0.1525819628137072
2024-12-06,0.494359257069987,52092361678.3580069698660524096114,3.215211259613713885,105373492927.1957222,0.1537563839986617
2024-12-07,0.50242478381126,52942388698.807627959908132851232,3.248950072853660621,105373760221.7805232,0.15464219903199794
2024-12-08,0.493319151714733,51982856615.2288834213591146595993,3.190753178764759345,105373684428.3080221,0.15460899796257893
2024-12-09,0.412022875610881,43416598974.2412634414458196451927,2.702009156731062493,105374243869.0330967,0.15248759412397897
2024-12-10,0.434572206701331,45792881953.2363254250699394569708,2.868860332818764887,105374621862.8023268,0.1514790391605949
2024-12-11,0.438010332910746,46153611855.4695175466100183837768,2.901487343085099515,105371057227.7168308,0.1509606216117481
2024-12-12,0.424572632464483,44736779586.7290835194216543706706,2.81735379720984469,105368966734.9707782,0.15069908255220088
2024-12-13,0.436424585005189,45985730890.3723760880455816772847,2.891129809256762565,105369249282.3831523,0.15095295396555813
2024-12-14,0.424702919999053,44750500219.743489046995366659088,2.815995856612214892,105368948769.750096,0.15081802020475701
2024-12-15,0.430582085558994,45369636255.8256541712294365995354,2.854882139886869722,105368146463.7003941,0.15082306885567495
2024-12-16,0.420034874232635,44258169653.4226256424493193124145,2.85320912351411756,105367845311.1261827,0.14721489244198982
2024-12-17,0.427263667729613,45020018383.1467939446814729495003,2.900435228836391956,105368234613.4729031,0.1473101910643336
2024-12-18,0.396652184730775,41794293934.2040225851964776123275,2.706820438783013205,105367613095.5174701,0.1465380484968962
2024-12-19,0.371466299177034,39140341263.1812642842258772474624,2.569637826970596426,105367139226.0747136,0.1445597878728941
2024-12-20,0.374410398173581,39450487243.2766999813773231525619,2.589190734507513374,105366964795.1043199,0.1446051823002515
2024-12-21,0.354482873871552,37350590352.071777080380823591296,2.480114775522458348,105366417125.149698,0.14293002782376352
2024-12-22,0.356440883926488,37556912007.9477041743908617190168,2.495996898822462258,105366454022.4106361,0.14280501874607548
2024-12-23,0.369784105112534,38963008600.4093694239445208753342,2.58667850147441629,105366910209.8155613,0.1429571185215927
2024-12-24,0.401616046509023,42317340660.6845260493443881848575,2.757889611738212144,105367654077.8701025,0.14562440962091186
2024-12-25,0.382515356345872,40304454517.6454788162338632402624,2.639125350538366752,105366892724.6989292,0.1449402000810007
2024-12-26,0.354097283640193,37309878615.0575277418530162199914,2.457465218981632385,105366181382.4277098,0.14409045585065494
2024-12-27,0.348801173714499,36751777047.7681569584741308341243,2.444897577231211558,105365978721.8785257,0.14266494308915306
2024-12-28,0.355543307296375,37462147848.7918196853786203264375,2.490400389742416385,105365920494.0792065,0.14276552025963546
2024-12-29,0.337307375952361,35540545053.0774293725129589232653,2.369150806585393918,105365454736.1482373,0.1423748015595997
2024-12-30,0.330794157404591,34854203704.3609239468070581358936,2.327085399848592843,105365233708.5600296,0.14214955644778376
2024-12-31,0.331146356578064,34891335856.103114346781275976616,2.339615209607616004,105365301966.9503065,0.1415388116892955
2025-01-01,0.422847741642372,44554607177.0940775146026426235156,2.932880318716609097,105367967685.1073573,0.14417490510741493
2025-01-02,0.434360089050774,45767731162.8155475122786949199638,2.998470686206426493,105368177962.2841537,0.14486054209197993
2025-01-03,0.449699862234733,47384090068.0262731303788839988403,3.039837996682157227,105368255690.7096991,0.14793546982620773
2025-01-04,0.45090634268268,47511108004.248566241714424206324,3.046174287571725305,105368018825.3283143,0.14802381614287818
2025-01-05,0.442022495659918,46574954058.7700296375702326827416,2.991501633970545785,105367836515.2793812,0.14775940305044477
2025-01-06,0.445237079679768,46913697630.834060874151052103704,2.970516959553948193,105367903465.219553,0.14988538552111974
2025-01-07,0.419616297049004,44213722397.8615866317555228077656,2.820551081148478955,105367028661.1822914,0.14877103267285752
2025-01-08,0.426149317361778,44902286248.8181160433740298402204,2.84684280995319113,105367495428.1305918,0.14969190285879708
2025-01-09,0.392312508841391,41336762037.5525359621899579955771,2.649378291904291679,105366923322.5104181,0.14807719608792022
2025-01-10,0.41489886222499,43716780170.246435350352487897235,2.778649499850582857,105367317557.3565265,0.1493167318322446
2025-01-11,0.445084890520628,46897715946.495490801218202677536,2.949033314810768678,105368025168.497512,0.15092569089854038
2025-01-12,0.422144133169812,44480282858.8965585678441629522376,2.803712663001154586,105367525837.4463498,0.15056611854010027
2025-01-13,0.419371352232894,44188090631.55384270987841398342,2.785234700274716198,105367451534.96893,0.15056948421313657
2025-01-14,0.429624641221261,45268522719.5934690136794301939104,2.842701471058339638,105367612506.8434464,0.15113252151000978
2025-01-15,0.489673824795137,51596298255.5984745040453149697528,3.186819802661756406,105368707990.8439544,0.1536559501689246
2025-01-16,0.481721074662779,50755803938.8772272596697229591062,3.136421855018850506,105363469876.0231778,0.15358937570592965
2025-01-17,0.487582973808534,51373483131.773578664147646677382,3.161773816031551806,105363570697.501673,0.1542118450523813
2025-01-18,0.486279482280274,51236189726.1621049859504886751544,3.153036932840536019,105363667588.6551356,0.15422574890113644
2025-01-19,0.431281135045425,45440791439.1456164643594215286525,2.838414029308579876,105362344296.2779533,0.15194440648621033
2025-01-20,0.448073797341499,47210214714.8004680186007326869692,2.936116435269892651,105362587580.2312308,0.1526076391109848
2025-01-21,0.44179974513837,46549030391.422389766649842599573,2.899958605173403834,105362284391.6385929,0.152346914314645
2025-01-22,0.42815336031577,45111273639.002760030704505791616,2.816373924745371084,105362418750.4507008,0.15202291022293124
2025-01-23,0.432249451032992,45542983244.3216985500089492105824,2.845417500075421249,105362732411.7655647,0.15191073050669532
2025-01-24,0.430338181311029,45341680272.5468142126086964123557,2.834729105719366308,105362903506.2912433,0.15180927886293477
2025-01-25,0.417918212364856,44032965967.455585776652851840608,2.757984097449417155,105362639542.048468,0.15153031982720522
2025-01-26,0.407463012622796,42931364497.6529348119084529872304,2.692566829173131712,105362605114.2858724,0.15132883916122705
2025-01-27,0.405814805885,42755810262.338168387167604995,2.683431990887896266,105357935793.141887,0.15122977115239786
2025-01-28,0.393122708694796,41417033569.0878178967217643433984,2.605767194392782477,105353958581.0146304,0.15086639725173326
2025-01-29,0.394143318501871,41524529647.0192365064092081708669,2.610206336544170593,105353884482.5606739,0.15100082816583155
2025-01-30,0.431534510707405,45464302225.1396581112830784889775,2.841383983171027292,105354962574.3976555,0.15187476006879083
2025-01-31,0.4139706859704,43613696259.23982821874127471536,2.73726197080174401,105354552235.9965434,0.15123531849936456
2025-02-01,0.392879904424484,41391505040.00830713006337205799,2.611865747760062351,105354090585.6237975,0.1504211710580523
2025-02-02,0.349772113668639,36849480338.8269566083053947545164,2.33969846782541079,105352825164.7207476,0.1494945261017879
2025-02-03,0.369971594869611,38977607638.7953645249887941603277,2.472953414140424678,105352973523.6356007,0.1496071833598247
2025-02-04,0.341193278960772,35945440475.6917236226925207424108,2.310184907963575009,105352135262.3844539,0.1476908959904571
2025-02-05,0.326664109581136,34414618421.7916418070183208852144,2.216274986142758327,105351697393.1408479,0.14739331158073826
2025-02-06,0.317976357560625,33499341445.17656345524349397075,2.163623365505035901,105351673634.3821356,0.14696474563464632
2025-02-07,0.326174780464756,34363158347.302940804871024467004,2.22298596277977132,105351978158.274459,0.14672822317640058
2025-02-08,0.332711044219992,35051786578.2991624519327746596064,2.266592718537713318,105352038013.8705492,0.14678907308704306
2025-02-09,0.313815155725098,33060865891.2763060089913721737878,2.142283927049533311,105351399663.5574111,0.14648625784972436
2025-02-10,0.311899588183314,32853109075.7238507291427738875942,2.131476330281027815,105332325916.4259003,0.1463303081306988
2025-02-11,0.318928509351598,33593366270.1391303171153871521126,2.178199106384096384,105331964014.2444037,0.14641843733056753
2025-02-12,0.332267678435842,34998610258.1736655052034984310202,2.268514157520273505,105332575298.7183581,0.14646929900540973
2025-02-13,0.335806201562527,35371447513.2363657117298063433382,2.291385859111486995,105332919251.1955866,0.14655157280788145
2025-02-14,0.35004953939276,36871867192.651950753927469859464,2.379886132091355438,105333282987.9294614,0.14708667556508237
2025-02-15,0.349014890758674,36762884801.4540588347828346639816,2.373401705563419751,105333284552.8178884,0.14705259962549055
2025-02-16,0.343197635329995,36150111803.2722833871242004549315,2.335513199225286817,105333219351.9132137,0.1469474184277088
2025-02-17,0.333786800806177,35158715437.038294218953795344546,2.274875161028544203,105332851245.529698,0.14672752444809378
2025-02-18,0.323154699854595,34038673181.3460564721926282310815,2.20739887064449073,105332440458.5850677,0.1463961516661663
2025-02-19,0.340170457203288,35831249349.1485041384381810522016,2.318657178271709548,105333219244.6551132,0.14671011324617025
2025-02-20,0.345232127007809,36364513214.9396910684280333632966,2.352166782987305785,105333514380.9403974,0.1467719591590169
2025-02-21,0.325593929507693,34295720518.0776351448230650251857,2.224895935412334518,105332800798.6319349,0.14634119480619734
2025-02-22,0.334694830244626,35254451345.7444835988758482412296,2.285123993387130393,105333121876.9565796,0.1464668137104122
2025-02-23,0.333011049701048,35077139433.4123126843268564383688,2.273915553474123519,105333259856.9984431,0.14644829232654158
2025-02-24,0.298842072576505,31476140681.4695153766990736594955,2.051601628376296679,105327005699.3446691,0.1456628170123935
2025-02-25,0.29646178443697,31225333354.901052287776995712693,2.066123161662548567,105326672758.8620869,0.14348698564436782
2025-02-26,0.285916069073263,30114512630.8397497465755174229221,1.997119081846476449,105326408300.3436267,0.14316425678979222
2025-02-27,0.28278182860367,29784395439.839464557556149414369,1.977662508958358439,105326412191.7235407,0.14298790987983698
2025-02-28,0.285923862898792,30115385434.523347498231675168576,1.99998203073635892,105326589845.294728,0.14296321592125494
2025-03-01,0.311075088616599,32764788687.8376114836460008810988,2.166694819060045883,105327587733.0708212,0.14357125234256546
2025-03-02,0.350638571358155,36932292973.27412371409767236659,2.42987025922123475,105328666011.333178,0.14430341291988713
2025-03-03,0.293322838219846,30894505810.5321194208367651727274,2.052566197019502728,105325947335.1223719,0.1429054218303776
2025-03-04,0.295020320462291,31073267695.5853318956476707513105,2.070975744993607237,105325855679.6838155,0.14245474442444603
2025-03-05,0.300269508888681,31626522779.8532197931189399493918,2.106016221860732568,105327120615.4272878,0.14257701615583154
2025-03-06,0.296968965115239,31278841826.6361241080625829502807,2.082822785133291133,105326971841.9847313,0.1425800443681215
2025-03-07,0.282920452273605,29799001079.2332772092137291387355,1.988778448357928112,105326429530.8542751,0.14225840616243782
2025-03-08,0.276222116450585,29093341795.5000020893704329981,1.942908304650459413,105325895584.84786,0.14216940438693476
2025-03-09,0.262787292292567,27678190894.7958377443786633601855,1.852076427580345345,105325454109.0255065,0.14188793096183766
2025-03-10,0.244149815829919,25714959942.5332401403783320841306,1.740168423195596619,105324510916.0636774,0.14030240554622242
2025-03-11,0.255398298270343,26899814388.829595488275894425545,1.864104935984932878,105324955455.872815,0.13700854138632423
2025-03-12,0.258999839326203,27279188802.4152396153567816891456,1.891176814434044128,105325118630.8956352,0.136951678631758
2025-03-13,0.272795646295781,28732486947.0517531344222272324898,1.991884950923294477,105326046574.4321658,0.13695351539722844
2025-03-14,0.276796268297152,29153822136.756712148263402166176,2.019885964953381025,105325921899.5644255,0.13703559166199783
2025-03-15,0.274601503654819,28922595814.5960415050661167321355,2.004500081275765579,105325700805.1655545,0.13699251310583568
2025-03-16,0.262827046056468,27682368960.1686564354817278064236,1.921505289894122558,105325419798.0109727,0.13678184881341135
2025-03-17,0.272979731595311,28751814532.3952708824776758719988,1.993017059090780636,105325821680.4882508,0.1369680858225293
2025-03-18,0.273084280878439,28762828335.3622133665877607564876,1.985774310666338014,105325829237.9184084,0.13752030097861623
2025-03-19,0.290602925585742,30608241569.9175167533714712580024,2.106584078235434402,105326680755.9602372,0.1379498348004052
2025-03-20,0.280818302765695,29577563507.2973843638082101489155,2.038088020238326541,105326338119.6911229,0.13778516922584
2025-03-21,0.277002751350127,29175710809.9396357813239689124841,2.012898605842594849,105326429675.2850983,0.13761386219162006
2025-03-22,0.273947317567585,28853836485.160724048912343242911,1.991469242299464795,105326223820.5426166,0.1375604060303084
2025-03-23,0.282280053282322,29731580658.9959373795860220279266,2.050143577602876958,105326537646.8522153,0.13768794359874878
2025-03-24,0.289323526414805,30473556849.618484000119819141,2.094117937277113168,105326923210.2762,0.13816009178117222
2025-03-25,0.29335829788994,30898551485.788892928548837540098,2.121174603565475916,105327006967.3678817,0.13829992938668745
2025-03-26,0.285244384983867,30043868453.2899628396096718563065,2.053032795015597128,105326765520.6927195,0.13893805577601595
2025-03-27,0.286857337612752,30213790005.241988322181955815248,2.060886675406376677,105326885680.120249,0.13919122338747128
2025-03-28,0.274096012081753,28869572148.8788274693246784601155,1.974413900313846942,105326494645.4896635,0.1388239882418694
2025-03-29,0.266923456317398,28114123492.4684573291779734448598,1.930492604410178431,105326537728.6214401,0.13826701832869795
2025-03-30,0.266420201594448,28061105034.4379105298266013738384,1.927320017244585357,105326491258.9221733,0.13823350518371028
2025-03-31,0.263779148034424,27782894236.4423636285824771016432,1.909656182013405777,105326347603.5513218,0.138129130530876
2025-04-01,0.272254531969312,28675688736.1007333925233130162848,1.967980021482503357,105326763630.6344429,0.13834212186982434
2025-04-02,0.257790565610428,27152081925.2691965162008997847496,1.86824483124879758,105326127280.7838382,0.1379854295853248
2025-04-03,0.260890131704488,27478538068.1251089343625133973056,1.891515668978686153,105326092208.2335912,0.13792649777273813
2025-04-04,0.259418899670769,27323544887.7955664210947521377091,1.881645666162270545,105325960916.7725939,0.13786809298685307
2025-04-05,0.251601825078993,26500114979.1433070107845544194891,1.826891047562564015,105325607120.7882587,0.13772130823821152
2025-04-06,0.225774468626053,23779533354.4872757335228475057177,1.644491650655950157,105324280018.0075909,0.137291343824091
2025-04-07,0.232748723898766,24514134941.5816251222852006044248,1.704630154441705312,105324465504.8851828,0.13653913330835984
2025-04-08,0.220890652228612,23264975848.891028038384706065122,1.621276497295457883,105323496554.3621685,0.1362448987554511
2025-04-09,0.241991297103674,25487666314.881914796500818407233,1.772495273084977589,105324722913.3305545,0.13652577853282227
2025-04-10,0.229987515513912,24223171799.8213950011033658343896,1.696097006612379614,105323855278.3797933,0.13559809056751232
2025-04-11,0.23383412583557,24628335919.301976067941238464103,1.727047714989683645,105323959158.2128379,0.1353952897803792
2025-04-12,0.246138561449679,25924401166.7352507980109346274751,1.828443072968336164,105324419766.0401169,0.1346164751249773
2025-04-13,0.237663039986332,25031652531.785084691668763315154,1.767088774272706408,105324128367.7287595,0.13449411452695617
2025-04-14,0.240358951779464,25316023834.8100772738525195368432,1.7871450397515598,105325903809.2254238,0.13449325400745177
2025-04-15,0.235818959217138,24837385574.9133839511835896479742,1.754788185988619066,105323955535.0744759,0.13438599661205347
2025-04-16,0.235757079345288,24830870108.6828954997015008944536,1.754454950061783816,105323963876.8844547,0.13437625134631453
2025-04-17,0.239896839156243,25266554773.0009176224589578496339,1.784659422869507809,105322583081.4094273,0.13442163590547662
2025-04-18,0.239934154473076,25270458767.191853695395460091988,1.784907732521373253,105322474087.479513,0.13442384169300636
2025-04-19,0.24648143612059,25960081849.519682021450183321827,1.734788857311346325,105322665504.1835353,0.14208151907466018
2025-04-20,0.243453874324584,25641112773.2843337606100609960176,1.714022480548194979,105322262150.9749014,0.14203657016605772
2025-04-21,0.249688102163978,26297873676.7727242708278615608038,1.755802290668199046,105322894638.7765271,0.14220741338078283
2025-04-22,0.265964332648431,28012323195.7823643472149442560894,1.866608936815446523,105323608308.0767074,0.14248529909118673
2025-04-23,0.266750849028462,28091555756.394997298141049634314,1.870923263277479013,105310089391.309347,0.14257711914980867
2025-04-24,0.280376756912845,29526693033.3406123951279127518165,1.963200329817244499,105310773112.7618857,0.14281617247840694
2025-04-25,0.283905048203207,29898343225.5177921859535730839276,1.985401656536131703,105311065846.6271668,0.1429962784953687
2025-04-26,0.290723739078219,30616546673.4815719688341064311971,2.031120907342290853,105311478073.8432009,0.14313462976393132
2025-04-27,0.284614223783787,29972951123.2047366333363229915602,1.989425279598306125,105310798331.6192246,0.14306354036139257
2025-04-28,0.282853871892638,29787467537.5515924719963313386386,1.977673525249638992,105310446479.7919847,0.14302354169247108
2025-04-29,0.277394601316191,29209722401.8753754851778804571075,1.940490339360215,105300255532.2999325,0.14295077676482984
2025-04-30,0.271577905517304,28595566383.121104236984483224992,1.90099978522886861,105294156123.091148,0.14286056612289819
2025-05-01,0.273976697826339,28848153546.7235479953266800484757,1.917660075652059814,105294186606.3698663,0.14287031435077407
2025-05-02,0.27401457753234,28852149631.353914827545410950182,1.914251040025317303,105294214239.1993723,0.14314453632409468
2025-05-03,0.269868047300648,28415483132.7216809760973835526576,1.886195310269465289,105293988736.1516862,0.14307534635005223
2025-05-04,0.265578786409167,27963781002.6404816443548875538447,1.857016885681843127,105293729897.3787841,0.1430136626418742
2025-05-05,0.259012856019788,27272300869.3422117202821444878012,1.81267544986042775,105293232499.8519349,0.14288981297767975
2025-05-06,0.262480267414851,27637439851.3074696845882485331787,1.844146534596213301,105293400237.3077337,0.1423315677418891
2025-05-07,0.260595264405183,27438908839.5513389793048408410046,1.752753534176931649,105293198255.8528962,0.14867764310488463
2025-05-08,0.289896530874798,30524403443.0180960335910087424102,1.942551439138022565,105294131498.9420549,0.1492349314587186
2025-05-09,0.295166485431504,31079379434.3821188731639405669184,1.971607987528418702,105294404915.0673796,0.14970850559472562
2025-05-10,0.319145273144827,33604513312.6255703980284186197009,2.126400655629812293,105295350238.1216867,0.15008708368287269
2025-05-11,0.306278385266619,32249580263.3396124027242610266475,2.042209371943052266,105294992447.0379025,0.14997403766451803
2025-05-12,0.313189183379268,32977423147.8013760482442739010404,2.083905609766206004,105295536684.8226953,0.1502895245885944
2025-05-13,0.314763103366049,33143107434.881767848698335514937,2.093368497268128702,105295401781.378713,0.15036201403470945
2025-05-14,0.303574030800055,31964822626.093202879335369138645,2.022673465072006162,105294983704.144339,0.15008553582288084
2025-05-15,0.291472565355825,30690430125.0391813364203526685225,1.943417864176826094,105294404252.3274873,0.14997935890606012
2025-05-16,0.293902287498547,30946278947.8815850603944303650747,1.959578531934953802,105294447386.8192601,0.14998239810697353
2025-05-17,0.286016954842012,30115915760.1474409144640343282284,1.908565139852223799,105294162637.2557357,0.1498596767119815
2025-05-18,0.291655766327818,30709729302.0790638713088420469118,1.945149819394122224,105294435590.0772851,0.14994000123788065
2025-05-19,0.286441212275302,30157996689.0291902198796083124668,1.912116276616817304,105285117492.2552234,0.14980323936267817
2025-05-20,0.287730338557041,30293869254.3594167598625849776612,1.920078521706266069,105285627529.8679332,0.14985342281801642
2025-05-21,0.293872421102797,30940655086.7991114278569001283109,1.959123546935658475,105286011428.6669497,0.15000198510321328
2025-05-22,0.303713425356068,31976947317.5962667897045879970552,2.022044480274899452,105286578227.8379214,0.15020115942987453
2025-05-23,0.286139814724069,30126432830.9964376765576755251757,1.909249151588107001,105285707478.5206953,0.14987033750207976
2025-05-24,0.285978058160421,30109394182.026997832609080964058,1.908094804474720987,105285679522.786898,0.14987623124897498
2025-05-25,0.28740233864057,30259336522.885967012659196355261,1.917293996115711994,105285630819.8966373,0.1498999836346563
2025-05-26,0.285357471811961,30043993439.1861761726015816555392,1.904652060543815662,105285462645.8982272,0.14982131262887238
2025-05-27,0.287062044650846,30223690458.8702203540493166484764,1.91544494773988308,105286264840.8686034,0.14986702958472548
2025-05-28,0.285008445779601,30007303530.8362120158561978766545,1.902272396777975728,105285664250.2484545,0.14982525439697364
2025-05-29,0.279110459943781,29386234548.6127273694567659638956,1.864034273453198174,105285321641.2303676,0.149734618037209
2025-05-30,0.26540283536588,27942795899.928150376508795280024,1.779256727753082056,105284466390.1448898,0.14916500313085315
2025-05-31,0.264439310856147,27841290816.3227986969240017233706,1.774039397393725708,105284236016.8917998,0.1490605627161605
2025-06-01,0.267374859621436,28150260171.3195976185120707597596,1.793345501847335281,105283870784.1727561,0.1490927762363759
2025-06-02,0.271808207268814,28617073092.0542485668704363584912,1.82484576589090243,105284065479.8639608,0.14894859190256843
2025-06-03,0.273191675487944,28762617270.9484551445303366719464,1.836373999978945178,105283651925.2496581,0.14876690450369925
2025-06-04,0.266735902653426,28082806565.5405748631833829833862,1.794538890795656481,105283189425.1183387,0.1486375714795245
2025-06-05,0.257560029811266,27116574192.646998403985979517179,1.735519566947139679,105282540200.5015815,0.14840514317238507
2025-06-06,0.263205506754826,27710941020.1405716727717887780826,1.770633508278617063,105282527564.8701001,0.14865047200575707
2025-06-07,0.264976371303788,27897329132.8917716641680836917884,1.782276593919958636,105282327611.4241293,0.14867297938362983
2025-06-08,0.267750775783614,28189352269.631650155016920040728,1.80048697628131597,105282056371.755252,0.1487101985800643
2025-06-09,0.274771084476763,28928498515.2933057375694205315262,1.845868105895185169,105282179055.9979674,0.1488573769703378
2025-06-10,0.280433189916051,29524627102.6008257417070072472695,1.874614399732249508,105282213961.3330445,0.14959513271428257
2025-06-11,0.277060557453185,29169469657.2254227307310770906105,1.85144793621628781,105281927984.8384633,0.14964534083491426
2025-06-12,0.268141461749184,28230300281.1517660662418220727744,1.785870140043484006,105281369382.3971841,0.15014611406328518
2025-06-13,0.260915627012767,27469328079.8882957614460651090375,1.740414629031488255,105280501572.0433625,0.14991578596300478
2025-06-14,0.256599191641785,27014716844.301703102343202955401,1.712393951553052694,105279820530.4345386,0.1498482235405368
2025-06-15,0.258658936388659,27231576204.4544781607517544585332,1.726002938244613457,105279858429.2348348,0.14986007883145402
2025-06-16,0.263390839686127,27729882727.8744971774141260627778,1.757872652710964681,105280361158.0386014,0.1498349947477308
2025-06-17,0.252463354308638,26578822108.1836652054269827090458,1.684329526870069644,105277940954.9113891,0.14988952593960742
2025-06-18,0.251793562663735,26506204909.966973260746801202612,1.680480598616147642,105269589220.4577592,0.14983425745651777
2025-06-19,0.24964240492102,26279724286.605166311900790057694,1.666851211929334514,105269472527.7916997,0.1497688594725055
2025-06-20,0.241804615753103,25454497899.8895194448113170814919,1.616222970919774534,105268866851.9052873,0.14961092627924638
2025-06-21,0.235464944757053,24787054796.1177715580521952377193,1.576437148636283241,105268556309.6980381,0.14936526011249157
2025-06-22,0.228594548765452,24060447510.5315169408138991353476,1.533587082268680836,105253811346.2127563,0.1490587338720181
2025-06-23,0.245863110802014,25881867581.2476089004220315794246,1.646900002463360864,105269422065.0672589,0.14928842700483497
2025-06-24,0.248338351579524,26142506647.0299071236689813047928,1.663139574830051826,105269711588.0566622,0.14931900806034304
2025-06-25,0.24127569637951,25398928558.479374994428888636822,1.617203042402738728,105269320282.1746922,0.14919319964983352
2025-06-26,0.234302332094979,24664728354.5524223168113566183435,1.567307177357557796,105268812879.5666265,0.1494935616194951
2025-06-27,0.236826673879351,24930463425.2996338863409326097189,1.584151133616716342,105268815446.0177539,0.1494975251121784
2025-06-28,0.239022176462774,25161628069.7150790726239700562368,1.598577603424732914,105269010775.8006432,0.14952178483590778
2025-06-29,0.24074372073355,25342898118.960779440223789687675,1.609957683089592273,105269196811.2005585,0.14953419165126772
2025-06-30,0.238637081708997,25121080081.6718633168970503802858,1.596303299657073569,105268971199.9807714,0.14949357165412255
2025-07-01,0.224911978479741,23675971043.842566078771177609783,1.507564467510097743,105267719415.732163,0.14918896228113346
2025-07-02,0.238728140942733,25130667728.6811712833468639674067,1.597785596284431977,105268979306.0869599,0.14941187447044396
2025-07-03,0.242829386588621,25562508698.0255584999090542977762,1.624306458314953572,105269420053.0646122,0.14949727334122087
2025-07-04,0.237949961510611,25048733947.9024986924755404128131,1.591972640696043367,105268913635.8002321,0.14946862491718096
2025-07-05,0.238048638531528,25059140463.2771658570568993431024,1.59257859817801553,105268993000.1773358,0.1494737143924116
2025-07-06,0.24975977155464,26292222786.234220197317543890944,1.66970862244926272,105270046583.4717696,0.14958284828659044
2025-07-07,0.248332301354567,26141970541.0721925066748970282626,1.660481840181426063,105270117493.6839278,0.14955436147825257
2025-07-08,0.259163415417154,27282324503.4921053292217124826736,1.731014908513659531,105270739929.0057784,0.1497176102542556
2025-07-09,0.288022796268495,30321061488.0634924956186880597305,1.914401288787898802,105273130741.3534839,0.150450586277476
2025-07-10,0.303229594280372,31922368913.7858253941147302188464,2.010478590232891915,105274582415.1642012,0.15082458264091544
2025-07-11,0.360136154394428,37914454455.0826164176367160667336,2.338528718898924638,105278112159.6527662,0.15400116812078105
2025-07-12,0.393006828625525,41375949240.344892758154934062785,2.517015835514669027,105280484273.1366434,0.15613999049202032
2025-07-13,0.474068631763492,49911767074.8734719208716776482172,2.96644619726752266,105283842318.7930791,0.1598102915873445
2025-07-14,0.457859751002212,48205162262.8780240497449199725124,2.850960256121410816,105283686013.8097977,0.16059843346434696
2025-07-15,0.451830333883504,47569348137.1591456335472256833248,2.800915977442743168,105281439889.8326562,0.16131520456962384
2025-07-16,0.454230739763392,47821913865.7119820957825074813376,2.803545184885106206,105281104248.0795853,0.16202012445253566
2025-07-17,0.50515551335692,53184087955.03530420636886142088,3.076134644171869247,105282604166.012214,0.1642176210700015
2025-07-18,0.457511954394891,48166562177.0168801833372778149701,2.813992864330945797,105279352188.1244911,0.16258461781979996
2025-07-19,0.462081946171593,48646761149.9277047067464530309695,2.840547646264860052,105277346481.4460615,0.1626735417655118
2025-07-20,0.461892652859953,48626830951.0231059583402896466607,2.837192660141522513,105277342365.0167519,0.1627991850355743
2025-07-21,0.473044211681,49800670130.0109350714752477854,2.871502502738567905,105276988704.7984734,0.1647375237283809
2025-07-22,0.472543355357174,49747580453.5821383976681725377178,2.8673874958149879,105276224688.3785047,0.1647992662473631
2025-07-23,0.428111913366223,45069344361.4113387116003893993666,2.611318646716741596,105274679246.9130142,0.16394472344633082
2025-07-24,0.424767661018955,44716706630.0939524334572431219345,2.592395875864970756,105273331126.0682259,0.16385138742640085
2025-07-25,0.431500887147255,45425620627.114883613181731670419,2.581565285894967697,105273527772.8706738,0.1671469977942719
2025-07-26,0.436465425841407,45948498362.1230440017761925174891,2.609931850991756136,105274085051.6273813,0.16723249906910526
2025-07-27,0.443904681295049,46731784552.1533268047897487295218,2.652493634273248359,105274367496.6838882,0.16735372162982537
2025-07-28,0.418166383977612,44013076335.6749640581009253658848,2.505617265915899723,105252545450.9785704,0.16689156387368528
2025-07-29,0.421015778965174,44313010131.162555322877213321147,2.52755722710267938,105252611291.8634405,0.16657022616567274
2025-07-30,0.407534992215243,42894199750.6730117071069134364668,2.450255744160186572,105252801771.7263476,0.166323451413813
2025-07-31,0.402295207470546,42342654484.0530634807959619834614,2.421614079360556136,105252694284.5899459,0.16612688656682023
2025-08-01,0.381692588044995,40173703406.0800410208701164720355,2.295561370565173635,105251463256.9816929,0.16627418153103926
2025-08-02,0.366580747700318,38582789186.2622917217979476640496,2.209622221207065956,105250451444.3403272,0.16590200088595383
2025-08-03,0.399692902277665,42068747180.286222620215292575841,2.403600010534898786,105252675092.6921354,0.1662892746404661
2025-08-04,0.414294003587987,43605625153.7319915169339359901755,2.484503542659876645,105252851299.0439865,0.16675122271890558
2025-08-05,0.39660179662955,41743145964.78445220913713625113,2.380022960735362159,105252034457.5621486,0.16663780273237822
2025-08-06,0.400388906243167,42141720553.659238609861880516617,2.402095127170076093,105251968514.995351,0.16668320155782831
2025-08-07,0.438508424221255,46154474979.3506647563388021944525,2.613926006746810636,105253337062.6030155,0.1677585452263836
2025-08-08,0.450013940670105,47365916529.7185607389021442431165,2.468044176710878407,105254331586.2328773,0.18233625836869385
2025-08-09,0.447259826803862,47076051394.9803905266145902242228,2.446089905026350524,105254370220.0751694,0.1828468470781919
2025-08-10,0.44374810214992,46706551217.31141580576017592704,2.426566753440396972,105254650084.185912,0.18287075825166235
2025-08-11,0.43128953376108,45394872584.663537436501873928032,2.356338914730023175,105253823780.0381704,0.18303374402764758
2025-08-12,0.44943799796233,47305408020.81372929538068346789,2.44899998472520125,105254580688.076733,0.18351898765436733
2025-08-13,0.453312282479195,47712984222.038745038551605641544,2.466446403602510462,105254117450.9838192,0.18379166148394047
2025-08-14,0.424083069435509,44635663726.4521537849164609521485,2.315682831458494438,105252170962.3212665,0.1831352133696165
2025-08-15,0.429605497250919,45216900616.9883638191856600382973,2.34438695457017741,105252146227.9580667,0.18324854453461306
2025-08-16,0.426700264395761,44911135850.8978554677741931170267,2.329139349462989045,105252186601.0449547,0.1832008310254781
2025-08-17,0.425728655700707,44808746469.4784823302225968537539,2.330580093252391718,105251891949.1753377,0.18267068226202446
2025-08-18,0.414922946146904,43670854259.51019843512598192126,2.274351784518094618,105250516186.3197525,0.1824356939728305
2025-08-19,0.391522032245171,41207270436.7344267743788190855637,2.152464799224184965,105248918433.6130647,0.1818947433594676
2025-08-20,0.404830660682804,42608232711.9090311891347666353264,2.228040880931737258,105249519984.5887116,0.18169803981043164
2025-08-21,0.390697171051522,41120536741.2765038155876607265384,2.152633964914224404,105249128450.5713972,0.18149726215394454
2025-08-22,0.425169170595884,44749179518.5328740990584400456068,2.336600462158711628,105250292385.5365827,0.1819605779770683
2025-08-23,0.416527173012154,43839389923.9951751703834876477798,2.288159107908913743,105249771838.3332687,0.18203593079364436
2025-08-24,0.408990214188693,43046022031.0594867998638752315419,2.24589319873887963,105249515850.7622383,0.18210581625980715
2025-08-25,0.383716772760218,40385546556.2537911808428709286844,2.116744916448348596,105248322260.5711958,0.18127681317598252
2025-08-26,0.394942335101446,41567182996.9419820785963031530088,2.178351545317674751,105248739632.4957628,0.18130330522195423
2025-08-27,0.378769909802863,39864787974.3266327521062428893724,2.093078769037627779,105248033021.0890148,0.1809630461146079
2025-08-28,0.382108196430849,40212384043.0638144150910096177554,2.111710418402577891,105238213727.6166546,0.1809472516216964
2025-08-29,0.361203589335707,38012043076.804922278109138498394,2.010331340259703142,105237168730.004142,0.17967365981025063
2025-08-30,0.35984864208065,37869405377.801072620559501860065,2.003322933537273029,105237038436.0480801,0.17962587861222362
2025-08-31,0.3530925143344,37158300350.387592384837406716,1.968676653086767885,105236726472.1914525,0.17935526069289845
2025-09-01,0.354883996449487,37346876743.4041668880710582472646,1.983279606953046898,105236858007.2615258,0.17893795469147317
2025-09-02,0.366679072579458,38588274402.4357677563987025974958,2.058821684261372117,105237187742.8969751,0.17810142344163657
2025-09-03,0.362105465404386,38106729062.1944253689128176106422,2.036437496703232696,105236547644.0358027,0.17781319878002383
2025-09-04,0.35325748490231,37175399018.920075963758497313043,1.989117953861576889,105235983971.2966853,0.17759504116712288
2025-09-05,0.359773456648391,37861230386.3018931399387625585782,2.025297440423547084,105236308256.3479002,0.17763981204318915
2025-09-06,0.356462831715597,37512729862.6327229174325222423897,2.007339080192140689,105236020490.8043901,0.17757977973580663
2025-09-07,0.361863568270367,38081078124.0590219203288077401672,2.036873994649156158,105236010096.5087416,0.17765633476640097
2025-09-08,0.377457460719452,39722410059.565188111042334348364,2.121086326872383396,105236786110.552357,0.1779547847427909
2025-09-09,0.371633355679358,39109687586.7084129901752307276992,2.087892971924651084,105237290972.4817824,0.1779944473575103
2025-09-10,0.383355371104532,40343332041.952085751238219238136,2.147352188221212825,105237424809.554598,0.17852468412370184
2025-09-11,0.395838251202689,41657208940.002392318648348566933,2.215007580089635272,105237957204.574997,0.1787074025212458
2025-09-12,0.404386513472336,42556993877.0777552573349803874656,2.189242116451730477,105238410429.8005246,0.18471529961599484
2025-09-13,0.405043991708032,42625375151.6860042050667350040448,2.19249827381281288,105236408943.9738389,0.18474084862272191
2025-09-14,0.389898105082088,41031475146.0256974383588567439232,2.111539035284253411,105236405643.4361264,0.1846511471333516
2025-09-15,0.380413534986379,40032852993.7920102440363796703061,2.061649423133270549,105235091057.4867359,0.18451902186562394
2025-09-16,0.384356706649128,40447879853.2332151841637407827344,2.082438065934388727,105235264933.6162698,0.1845705343830561
2025-09-17,0.395271987801225,41596647487.3427603326059681693375,2.139885703103272312,105235505603.9563015,0.18471640201530373
2025-09-18,0.396499919699927,41725803375.932129396095643869633,2.145751021842674111,105235338780.170279,0.18478374968193223
2025-09-19,0.387543660137222,40783216550.0156920735998220123996,2.094043748692884711,105235153467.8057018,0.18506951460738547
2025-09-20,0.386669554786581,40691276175.2522338422461701074462,2.089430467111544668,105235273042.6667302,0.18505978584734523
2025-09-21,0.380203606396159,40010756438.9043335300986719380808,2.055781947696630216,105235078694.1629112,0.18494354754994927
2025-09-22,0.368486841930709,38773869774.980727812388525350226,1.99915748338167072,105224570765.736714,0.1843210677466969
2025-09-23,0.365085837898612,38415981764.0649750265663232906932,1.981511069422069956,105224519212.2009361,0.18424617633102264
2025-09-24,0.374616001381824,39419020640.095298274823835960736,2.032753277492152093,105225138527.6995015,0.18428995074306073
2025-09-25,0.35074792706056,36907153913.293817857717029164032,1.906838999033451193,105224154060.1363072,0.1839420775631026
2025-09-26,0.361768951772696,38066993846.6262582858988605695552,1.965658386962157809,105224601669.3666712,0.1840446713285693
2025-09-27,0.36137219542276,38025288238.58335009808110418246,1.963634560846692478,105224720441.2020335,0.18403230551561553
2025-09-28,0.36786413650998,38708522297.052561110433193941738,1.998042473464594356,105225050379.4419631,0.1841122705825696
2025-09-29,0.371852233565618,39128328750.133265179259314533526,2.018287378037303454,105225477268.051907,0.18424147007609395
2025-09-30,0.364167685578796,38319584595.5533114917955713058844,1.975923098046440726,105225109511.4313589,0.18430256012435
2025-10-01,0.396397344203898,41711620760.4564538609519283064612,2.14293901574343167,105226791678.5055994,0.1849783597627855
2025-10-02,0.40760408773561,42887358349.527044145839869493025,2.199283526441362054,105218175283.2314025,0.18533494332818018
2025-10-03,0.407169121947102,42841578770.649741686527614081348,2.193909046583569228,105218142686.702974,0.1855907028512234
2025-10-04,0.394156302354359,41472202365.1212339438142860919696,2.126016731214043882,105217656339.3788144,0.18539661356723158
2025-10-05,0.396755025067284,41745689319.319232602761912739038,2.139504591098468748,105217796075.1467695,0.18544247426156782
2025-10-06,0.409147199335168,43049863012.9742789145115125020928,2.201922976748146248,105218520578.7230571,0.1858135836973765
2025-10-07,0.384670880133813,40470283791.1218527012813055681015,2.0698342949639828,105207557632.2380155,0.18584622018764388
2025-10-08,0.388697411296325,40894014695.7611220291807407704925,2.091470502454056776,105207839073.0145849,0.18584886128694686
2025-10-09,0.379894050435029,39966593750.3507816400885754406044,2.045895845248723123,105204579288.8405036,0.18568591911326973
2025-10-10,0.322058225706373,33881041500.1783190711083434961742,1.759076480333963577,105201602678.7291254,0.1830836972166382
2025-10-11,0.323479212376795,34030873892.8403821583725803551,1.766672700787391996,105202660915.34978,0.18310081557983143
2025-10-12,0.341543706133838,35931356950.8126248096599401830752,1.86264653965434881,105202808031.6388304,0.18336474412220916
2025-10-13,0.351914602430452,37022516436.8394746480321799202156,1.918866873493956957,105203126500.4302903,0.18339709090379494
2025-10-14,0.337742301728354,35531395866.148832849658251193083,1.841485356464058674,105202681702.3551895,0.18340754138652085
2025-10-15,0.324429928677479,34125929312.7517731412901669139661,1.771150490051176092,105187364963.1039659,0.18317468250148797
2025-10-16,0.311398044532665,32754922947.7697548295313205443945,1.703075728166721592,105186668711.8320433,0.18284450854564752
2025-10-17,0.308765436454703,32477860406.0565807172114575217227,1.690578859181610303,105186191754.4038309,0.1826388841773242
2025-10-18,0.31437573420939,33067994957.044198311638296569975,1.720898398334355033,105186219414.1843525,0.18268117078479004
2025-10-19,0.317965376674755,33445692575.040987936428115994047,1.740290454644967278,105186586429.0387794,0.1827082231164811
2025-10-20,0.325295628395749,34216879387.9181071447898109955483,1.798500084703391734,105187024973.7584767,0.1808705104672801
2025-10-21,0.3162019448882,33258613289.368697711313329035,1.74951062038320472,105181558263.748175,0.1807373680412072
2025-10-22,0.307588586316632,32352448113.3982234813268944078944,1.709189597286354121,105180912272.5203492,0.17996165364274636
2025-10-23,0.311309509904332,32744035700.4766421567431668220924,1.729912715820857466,105181610772.3119557,0.17995677299626828
2025-10-24,0.319363868965047,33591434522.7276354884848831086231,1.771150563118810624,105182325826.6077473,0.18031435362710252
2025-10-25,0.324789518647669,34162241654.0768328503540054047037,1.797715055118328462,105182709701.7128873,0.18066796388167913
2025-10-26,0.331331862932015,34850527281.271198354639490015153,1.833283199612086635,105183144696.2952502,0.1807314129110675
2025-10-27,0.322823470376779,33955266049.9764418476648060830866,1.7855562623384845,105182148033.8651254,0.18079714270889882
2025-10-28,0.318329904642654,33482601693.310129644306403654746,1.762091001482275862,105182080618.208099,0.18065463382701233
2025-10-29,0.31665883549287,33306733278.312316808428473947046,1.753141713255363758,105181758868.2513258,0.18062363875015808
2025-10-30,0.29800508948626,31343982556.5063070656434714556,1.658553614934513573,105179353179.97806,0.1796776943493783
2025-10-31,0.305004620814533,32080306860.6956015034751555743857,1.699371423402950804,105179740474.1712829,0.17948084604351444
2025-11-01,0.304876011560742,32066876664.2451376059572460271212,1.698753374496251135,105180058280.3684786,0.17947043763851242
2025-11-02,0.304054270472412,31980443613.44220250587032211504,1.694379271193684034,105180050797.35892,0.17944876666143755
2025-11-03,0.277511444654513,29188188474.5182316410471140162211,1.553242759868633532,105178323405.2057747,0.17866585431757215
2025-11-04,0.27008732284367,28407329796.25916041104932491788,1.525229693798928892,105178316024.486964,0.17707976965158376
2025-11-05,0.280535042784608,29500804668.8840162748462927356608,1.584587770504212188,105159071665.5474626,0.17703976264775942
2025-11-06,0.268642614380785,28249989325.3296648388277460704125,1.523101718551109303,105158257897.5611725,0.17637864307338474
2025-11-07,0.291721999242363,30677435899.0601297596185688828116,1.65145244004950384,105159830176.4457532,0.1766457163208517
2025-11-08,0.283034133342369,29763656612.7295557266083613761767,1.609861479141557755,105159247972.1387143,0.1758127248894073
2025-11-09,0.285027321464551,29973225446.8502622616858427606964,1.62108778878478083,105159131036.4190764,0.1758247291950898
2025-11-10,0.30085100078096,31637614819.74235835933611449792,1.708458334244612985,105160410760.197852,0.17609501780093453
2025-11-11,0.281882282610927,29642504611.2243257279155822469142,1.603069133167365994,105159161961.7289546,0.17583913056449418
2025-11-12,0.277645078952873,29196901317.8996029662304952601126,1.580484315290105871,105159080895.7051062,0.17567088535257616
2025-11-13,0.269279178244803,28316932151.2407614356296308371764,1.534080557781336874,105158268588.8089788,0.1755313154051361
2025-11-14,0.259488649475313,27287171209.1994331769098950392073,1.486382975832636021,105157475151.1258521,0.1745772480540916
2025-11-15,0.259581097734888,27296881886.3499660111133031001336,1.48700440277143567,105157432973.9080747,0.17456646211072963
2025-11-16,0.25447316523367,26759674993.158038403268024043695,1.458319083295572874,105157158589.1422585,0.17449758982691257
2025-11-17,0.24630871420236,25900992752.715100340556305137848,1.41513342630778931,105156623615.9862618,0.1740533504639217
2025-11-18,0.255872471319374,26901731729.7854844791818022566744,1.470496130663116028,105137264634.4880756,0.1740041785788236
2025-11-19,0.245661469107078,25820219262.144114945100395591549,1.429235194975279873,105104880126.2752955,0.17188316518564808
2025-11-20,0.237928186201217,25007346512.5781428471547801803843,1.404450400641477396,105104598626.3658179,0.16941017361136018
2025-11-21,0.230741064108369,24236480768.3625014676490882412286,1.371651878577599238,105037570412.6062494,0.16822130141916702
2025-11-22,0.230404627088777,24201150762.2072742589779858312912,1.369887333575411085,105037607395.2818256,0.16819239176948955
2025-11-23,0.24730714302492,25976912900.925614900330328707448,1.469107661987629495,105039072398.7622194,0.16833833858733385
2025-11-24,0.255434647923843,26830950694.4912868234263814419658,1.521156474413088473,105040372997.8356206,0.1679213494603821
2025-11-25,0.252677500331321,26541357107.7943944754483590468172,1.509136461536933535,105040445124.6837932,0.16743184382013365
2025-11-26,0.258643954532332,27168065123.392257136335021049136,1.547122318207377352,105040402635.802148,0.16717744388305256
2025-11-27,0.25559574168523,26847656406.089108744856136239756,1.529218110784795628,105039529332.8180772,0.16714145607002923
2025-11-28,0.253640077217088,26642252879.0804325986687820768192,1.519662988800907578,105039602461.0795059,0.1669054777844021
2025-11-29,0.254252583809076,26706710511.204364997137150421574,1.523348055767799708,105040075153.2147115,0.1669038030057598
2025-11-30,0.249204338303155,26176304444.193019519191953422401,1.493739912509975442,105039521472.3339342,0.1668324828278904
2025-12-01,0.234408054620756,24621921072.4696727725944378729248,1.408697959911275501,105038715978.8727208,0.16640050691598915
2025-12-02,0.255575642773809,26845630048.985152171942158490629,1.534053673678389583,105039861223.176981,0.16660149977737337
2025-12-03,0.259083316721627,27214149914.9506604087596734944344,1.597883981902239709,105040147931.2193672,0.1621415069279279
2025-12-04,0.252088714910839,26479390195.7667566961513179884211,1.555749839554965718,105039966605.1382949,0.16203679312796904
2025-12-05,0.239864687219751,25190314986.5892913458855615237264,1.486242800615161011,105018855749.7473264,0.16138997418219295
2025-12-06,0.239312585902905,25132306309.406137902394754168517,1.502160881042354521,105018740299.7806914,0.15931222076349452
2025-12-07,0.236416409425188,24828080283.2852300802443502152376,1.485590723452240811,105018430588.8541502,0.15913966457450646
2025-12-08,0.240720065691473,25278886210.8921565151865225140552,1.512928945581312629,105013622932.8372424,0.1591086391694232
2025-12-09,0.253874302565411,26660547532.0913226016679890358321,1.592839984388522071,105014754398.8710811,0.15938468713344814
2025-12-10,0.250612635200614,26317967842.3498821393992422048262,1.569529185085051132,105014528981.2802033,0.15967376559935303
2025-12-11,0.246260106775377,25860795223.9754761268415954765444,1.542927720135614785,105014147693.6987972,0.15960573107969833
2025-12-12,0.238497035797749,25045399287.2244780344465021107107,1.496292335768672305,105013461502.5721143,0.1593920052228489
2025-12-13,0.23786757545812,24979303809.931978099112679814932,1.492518511632908913,105013488121.7971761,0.15937328321501212
2025-12-14,0.229117550062221,24060162470.6920759407866274597054,1.439827550529169682,105012306844.9278774,0.1591284664458706
2025-12-15,0.220327538207083,23136884201.045177331433395928874,1.387860717699046449,105011313562.170878,0.1587533499560151
2025-12-16,0.219108858311792,23008883015.003600138950920628384,1.381287877658466031,105011194856.676902,0.15862649767347656
2025-12-17,0.210001843334381,22052374714.7900391645578326800441,1.328589931599529803,105010386407.3067261,0.1580637022301933
2025-12-18,0.20688766653236,21725734125.8834242027995358795,1.309970426742645341,105012224701.5881375,0.1579330817771238
2025-12-19,0.219035509303889,23001573777.963597333123926641398,1.385659140119136107,105012990136.002582,0.1580731530303021
2025-12-20,0.218295410761053,22923799144.8712080509176499244186,1.380880863325758745,105012739685.8731362,0.15808417406502628
2025-12-21,0.216389280307411,22723594383.3780413273355299341469,1.368963045252206136,105012569712.7696079,0.15806802167369335
2025-12-22,0.220289005586125,23121732400.95295667036826460525,1.393764814494875876,104960900519.899978,0.15805321191578617
2025-12-23,0.217012211281828,22777703050.4643840350857588296832,1.374720042422709772,104960467044.3341344,0.15785920375422835
2025-12-24,0.212409466310594,22294509536.7119882949587541490988,1.347468207376333806,104960056272.2191702,0.15763597623143788
2025-12-25,0.209553204916721,21994624234.6023961851000793982177,1.329797136583265834,104959617503.0743537,0.15758283662359182
2025-12-26,0.213481248697561,22406999728.1169845705092183923088,1.361516977650987764,104960036840.8046608,0.15679661157503758
2025-12-27,0.219743652466199,23064396116.1075637085308747076569,1.400840535655077428,104960465784.8095631,0.1568655723996735
2025-12-28,0.219672647306521,23056934550.9303902371312219863914,1.402065162722591393,104960425586.1578234,0.1566779156540421
2025-12-29,0.215979332085446,22669244993.227600309904245399516,1.379911630279366313,104960251401.551546,0.15651678509421685
2025-12-30,0.210409826016502,22084545523.7645146699264029577196,1.345319221052742285,104959668195.4980098,0.15640141218814343
2025-12-31,0.200741216692865,21069490686.2610341410706102215385,1.285914918822343193,104958468586.4361049,0.15610769713808617
2026-01-01,0.208525748567008,21886593800.5512907584666080960768,1.335295316321094983,104958711099.0191096,0.15616451733053513
2026-01-02,0.219211557902331,23008408758.5240036381113899520044,1.40439225912213753,104959834137.8301124,0.15608997876373695
2026-01-03,0.221779867004152,23277986802.9961665086632444594112,1.419350131510669032,104959873578.4270856,0.15625451541551846
2026-01-04,0.232719686133276,24426450089.1101265725101847694696,1.488060611409091997,104960824307.4089046,0.15639126817079468
2026-01-05,0.252331358686917,26481040330.1481719026502600714031,1.609461991734858988,104945498918.3679843,0.15677994260363112
2026-01-06,0.243571301365502,25561517612.8765863386124186999818,1.566098990677230596,104944701898.6817659,0.1555273982139367
2026-01-07,0.233934824825441,24550181594.5576734841912321537403,1.505015037651403333,104944535782.0353883,0.155436868717604
2026-01-08,0.230487482741047,24188193839.8116694920253210599148,1.483371639990479575,104943633173.2909684,0.15538080716072358
2026-01-09,0.22806506769758,23934006171.195252420748120506194,1.468798735608946432,104943761939.6072743,0.1552731917372103
2026-01-10,0.22609766450314,23727505746.894709524807057628216,1.456466417457756153,104943612748.2209644,0.15523712856887606
2026-01-11,0.223613002889133,23466623228.4311882223750057803898,1.440854276954034993,104943017289.8572706,0.15519473861149286
2026-01-12,0.219191110336024,23002411940.9556928152462126807768,1.416461791822463131,104942266616.9835657,0.154745515623126
2026-01-13,0.237993251047536,24975944606.15921396392391935092,1.534440226489763951,104943919612.1179075,0.15510102442502907
2026-01-14,0.236303756824388,24798622147.861054919673910002384,1.521911778000638788,104943833653.438068,0.15526771015257154
2026-01-15,0.228004859642363,23927376404.9015135952715737405715,1.469583284828715689,104942396589.4095305,0.15514932838184647
2026-01-16,0.226264710551137,23744779943.7753167114874243577172,1.459133219783779171,104942480362.6585556,0.1550678906376115
2026-01-17,0.230152674225781,24152942845.6793497190125590641843,1.483846307313588527,104943133626.0954503,0.15510546684747836
2026-01-18,0.220111668588511,23098950805.7507948932729635422102,1.420230368803433875,104941964021.6042282,0.15498307417124058
2026-01-19,0.21584904680378,22651546714.573761853621040470416,1.394009643410493832,104941611047.1194472,0.15484042583500188
2026-01-20,0.206990720004382,21721800757.1987608732938817559774,1.338435293021217382,104940940138.4705057,0.1546512715882939
2026-01-21,0.212901588509045,22342182080.249832124567604578455,1.376294806603270191,104941359229.457499,0.15469184907737277
2026-01-22,0.211283551133252,22172343770.939422760004282104296,1.367914126612626063,104941173375.847898,0.1544567360061225
2026-01-23,0.211919312216499,22239066214.3177237936344953195361,1.37210856502378865,104941196636.1898139,0.15444791878609462
2026-01-24,0.211731323341511,22219366066.450031716380731186466,1.370962047312878769,104941327130.003406,0.15443995970312227
2026-01-25,0.202919535572443,21294427032.77452884111396096786,1.314722949990492699,104940251182.33302,0.15434395176102342
2026-01-26,0.207083189646923,21731393228.9046576923668686141627,1.34274832709857867,104940402289.3248849,0.15422338309248912
2026-01-27,0.208566872229751,21887127243.5839587905396300242613,1.352900647757611651,104940573781.4093363,0.154162741052304
2026-01-28,0.210309296987175,22070006511.7454157358342328904375,1.364402051581277848,104940707937.8487025,0.1541402673379422
2026-01-29,0.19857429775515,20838440449.86552089339538541755,1.290138582669780679,104940270142.917217,0.15391702908708094
2026-01-30,0.191268451147238,20071580634.7430653042837167410388,1.245629313962498771,104939317040.2786926,0.1535516618012061
2026-01-31,0.180290740712579,18913951159.3054183522468225684041,1.175760762308198174,104908056201.6115779,0.15333964739445866
2026-02-01,0.175369466611298,18397560305.148304902577525047692,1.144742041963566332,104907431496.761254,0.1531956197839019
2026-02-02,0.178690669064858,18743583915.182189070167177554121,1.177000120389430567,104894027277.8259745,0.15181873473873153
2026-02-03,0.17561587273992,18421016224.822633605007247635152,1.166472098967734035,104893799959.0926106,0.15055299899185823
2026-02-04,0.1711352348257,17950694603.6294216222728457072,1.138654843105566683,104891868830.589296,0.15029597060242228
2026-02-05,0.147959179885633,15501517310.8826274802289954702134,0.991729110874437497,104768878300.5199798,0.14919313980324014
2026-02-06,0.163963285168255,17178539357.1979214316658384168385,1.30611046048118478,104770646303.9560127,0.12553554245928725
2026-02-07,0.161533283714506,16923917746.3381988221766397284482,1.287112954463433439,104770468086.6237997,0.12550047232012002
2026-02-08,0.161593239769323,16930189943.8227818855048916772074,1.287742786779475236,104770409752.2328638,0.12548564933021497
2026-02-09,0.159757776702278,16737897371.832453558696975811667,1.273451988574382301,104770470128.8183765,0.12545253227891642
2026-02-10,0.158139765753744,16568314748.1520825362320674702848,1.261045332198143875,104770072658.0836192,0.12540371207598747
2026-02-11,0.1542916517597,16165053396.71136670321787863642,1.232735663326418768,104769462328.9629986,0.12516199242857856
2026-02-12,0.15622592431031,16367812798.541647512592290483801,1.249798854447126963,104770145357.1202671,0.1250008541409806
2026-02-13,0.164561848691163,17233176519.5517271668080979684,1.315166322805575944,104721578279.6268,0.12512626413677608
2026-02-14,0.174506121293135,18275064570.7208867622486571582215,1.392910616621752973,104724490094.0894409,0.1252816363165982
2026-02-15,0.169845386554168,17786833779.2630119091249875032184,1.355530183926707442,104723679224.5183513,0.12529812214299715
2026-02-16,0.169776094917989,17779839451.7634602902581985084253,1.354307825222509227,104725223302.7981977,0.1253600486950559
2026-02-17,0.165684732587368,17351298805.9280934543152368520736,1.321789910300357465,104724789876.3303252,0.12534876480462662
2026-02-18,0.16116372802003,16877694588.363009933212810080791,1.286421975459619262,104723902801.9095597,0.1252806086140192
2026-02-19,0.158617410785521,16610945049.5804033559392865608147,1.268915100000632187,104723340062.8469507,0.1250023825750375
2026-02-20,0.162488218570574,17016367682.9852451663100480829402,1.299700923455083614,104723701402.3541323,0.12501969925405645
2026-02-21,0.161141413097808,16875312166.7767295072637617723472,1.289037510412141241,104723620342.9215409,0.1250090953879896
2026-02-22,0.154787857917302,16224817374.5068477550175008645958,1.238797822017619453,104819703514.3107129,0.12495005655176268
2026-02-23,0.151491423582373,15879210249.0500771462085306277376,1.213459406202652293,104819202787.5149312,0.12484259696535192
2026-02-24,0.149902489013859,15712667094.3458958564130466680986,1.206171352728286653,104819254154.5671454,0.1242795964891627
2026-02-25,0.162985923340598,17084466155.1939876777901332237576,1.308608237333003003,104821728189.9364812,0.12454905806857058
2026-02-26,0.162190713069404,17001113815.7000589902603239057172,1.302001368263258852,104821746535.0498243,0.12457030923535078
2026-02-27,0.158697283614514,16634861932.508217762859932096865,1.275084619083525217,104821340060.9639725,0.12446019757385092
2026-02-28,0.159535454473486,16722817849.2433959471287661649978,1.281818146083576351,104821952615.0699323,0.12446028710150908
2026-03-01,0.154200299157403,16163499435.3909490269551906908836,1.239726193596193558,104821453160.0340012,0.12438254507642472
2026-03-02,0.155617187237887,16311948458.5909754916539845917626,1.251508989080659423,104820995341.9568198,0.12434364323040231
2026-03-03,0.151509131027805,15874211627.9049047465568378226815,1.219370931382365792,104773959960.1535883,0.12425188031671663
2026-03-04,0.159848047253381,16749269704.750528431101679284369,1.286243784992310753,104782448034.542749,0.12427507842483887
2026-03-05,0.157056988893655,16456713934.044763872609142233376,1.270370352556545523,104781799587.3318592,0.1236308676265839
2026-03-06,0.152246627207887,15959266111.8880597325897618127824,1.247305751288764295,104825088112.4367152,0.12206039060637694
2026-03-07,0.150229307609436,15747721160.7287334075292853412528,1.231523028898819138,104824560608.8356148,0.12198660039980358
2026-03-08,0.148710391066483,15588463783.0371312912860897769259,1.219314654547027823,104824307644.1652073,0.12196227652305917
2026-03-09,0.150761260371106,15803394415.0227292201702275717474,1.241342189114809414,104823973851.9160929,0.121450202605788
2026-03-10,0.158877954136903,16654510471.0740241367758330715177,1.304616840006525076,104825811495.0489359,0.12178131483885213
2026-03-11,0.159474480535612,16717059226.3529472500801170331156,1.311259960244918489,104825920549.8392363,0.12161927106035116
2026-03-12,0.160403251958471,16814434154.8219078168234646708617,1.318138303933852557,104826017861.3786927,0.12168924268399109
2026-03-13,0.163864220552671,17177721222.6184197550249609847174,1.34437854312579045,104828992959.4299194,0.12188845276544896
2026-03-14,0.166174763462724,17419993834.3781900834970560414424,1.362791857734126944,104829358389.8243926,0.12193700932365255
2026-03-15,0.168927461353756,17708619985.4376145919414280788056,1.384896452305548406,104829728947.1098426,0.1219784057302832
2026-03-16,0.176092796077565,18459994021.801235424349641935135,1.441839072998445761,104831057448.085579,0.12213068668708134
2026-03-17,0.174143069284652,18255560155.360320815135645420668,1.427163064777712842,104830816582.886909,0.12202044292098856
2026-03-18,0.169760284057869,17795935907.4311600503827028759608,1.391500997231007953,104829795768.7486232,0.12199796076012909
2026-03-19,0.165237090134128,17321183421.0456218668936696463248,1.367605145608183682,104826243351.2081791,0.12082222026200837
2026-03-20,0.165446867681018,17344801763.3602321156421771644286,1.367351703010532144,104836084275.7147627,0.1209980338758123
2026-03-21,0.164000087288532,17193174920.0336819051682310058292,1.355684325252255965,104836376640.3674681,0.12097217931469119
2026-03-22,0.156331618460832,16389046027.1735254624703594008704,1.293406465333368984,104835133087.8065972,0.12086812819552306
2026-03-23,0.166302756857823,17434842235.5978945734076897635307,1.374630174613394443,104837962791.5816309,0.12097999878737895
2026-03-24,0.174327534906978,18276460014.7236712304562095389878,1.439343007714011401,104839777746.3903051,0.12111604667732946
2026-03-25,0.177495445783642,18599436116.4212964091225593676202,1.461042284397065325,104788244195.8148681,0.12148549544333674
2026-03-26,0.173995487604305,18232615458.7909807541793108708785,1.433340386309695822,104787863810.8995937,0.121391603324788
2026-03-27,0.167108571175264,17511919525.6117704128290728435552,1.378098947951985785,104793664397.0536593,0.12126021242785695
2026-03-28,0.168063363687618,17612021898.4809672703577468295162,1.384199514525201318,104793939095.5943709,0.12141556323639223
2026-03-29,0.16439252044032,17227170745.669587483389437857792,1.354656062187350355,104792910891.1231056,0.1213536963580829
2026-03-30,0.16731920310478,17534003565.544015594540560354192,1.378488956511555826,104793731025.3846264,0.12137870406173061
2026-03-31,0.167081737536712,17509061769.4667589570670493767744,1.379072558884643268,104793390514.1463112,0.1211551462323659
2026-04-01,0.169392884044233,17751336238.7918082576730375392381,1.397924383382492821,104793872180.3476757,0.12117456856597701
2026-04-02,0.162961552702853,17078011132.6999929953631617242005,1.348945482536395049,104797793402.4741585,0.12080662622216555
2026-04-03,0.162766159541631,17057513583.6949040039326644788853,1.347674175447189899,104797665753.9313163,0.12077560177898443
2026-04-04,0.161798273610876,16955898263.9077532111657705350944,1.33983525512506334,104796533890.6309944,0.12075982699512812
2026-04-05,0.162198132607114,16997803917.3368572840959213592078,1.343147264406731884,104796545090.3800027,0.12075975353213178
2026-04-06,0.155723358568368,16319019380.2840885729141165236384,1.291080981604812182,104794935906.2883838,0.12061471029865535
2026-04-07,0.163758244297721,17161271873.9479060539694156862002,1.356375187991240356,104796384130.4247362,0.12073226180157651
2026-04-08,0.157812457291512,16537976565.4483905988937981208432,1.308149161466700939,104795127389.0840786,0.12063796846727493
2026-04-09,0.154806833413526,16222814931.7575594354408447228116,1.284489307573520887,104793920100.5587966,0.12052014174097378
2026-04-10,0.155181713903893,16262173329.7257562519872707607164,1.287811607569416871,104794391817.3067148,0.12050032240102188
2026-04-11,0.153790914411499,16116365546.3152155558842322900578,1.277720804957627628,104794003000.6752422,0.12036347362802713
2026-04-12,0.150394456013634,15760357856.9174343043939188082752,1.249981641503151393,104793476266.7626528,0.12031733188719383
2026-04-13,0.156190498686358,16368042379.519412350085791446578,1.297543196840201662,104795378189.986091,0.12037402613393965
2026-04-14,0.154865835214875,16229118235.7865853518064656469875,1.291580629809819894,104794696733.9105161,0.11990411720380041
2026-04-15,0.15756786786959,16512347915.945355664720942195967,1.314748813287602376,104795147254.3354513,0.11984636629987351
2026-04-16,0.169083666254937,17719576573.5350217738189983595717,1.407914741629775866,104797683691.2100941,0.12009510324411328
2026-04-17,0.17432189295515,18268606037.038619261852699590225,1.446865100627560473,104798116446.2160515,0.12048247820722191
2026-04-18,0.170742224194036,17893386037.1533289822740529173376,1.417433654853533141,104797662802.0190816,0.12045870620426266
2026-04-19,0.166632189602146,17462582911.9341392125458156875244,1.383960841271370978,104797176065.6096214,0.12040238757699959
2026-04-20,0.173495970817498,18182102897.1361749369524120126214,1.409921848167841197,104798415844.8388143,0.12305360828541788
2026-04-21,0.178639306617832,18721323448.2663969645524087652808,1.448518088031284531,104799575203.8908269,0.12332556154726722
2026-04-22,0.176880652665262,18531259497.9352011596558026442822,1.433596707945796233,104767023519.5519381,0.12338243502157216
2026-04-23,0.175584997794134,18395503655.5813353477655511976592,1.423363958771852276,104766944139.2099288,0.12335917086564233
2026-04-24,0.173114789276175,18136633278.0969000665608821910275,1.403534939666678045,104766515639.3022413,0.12334198770804208
2026-04-25,0.169857002430606,17795198685.8401937002706638244424,1.377597149632638713,104765764326.4387004,0.12329947290897159
2026-04-26,0.170904866252081,17904970861.6427291875858352997023,1.386080915578439343,104765717058.2450383,0.12330078592905161
2026-04-27,0.165879520389709,17378296256.5064484470431616012122,1.346794131725111247,104764567775.9301058,0.12316620371461938
2026-04-28,0.161830938096378,16954010603.1008869339207893317328,1.314910900548706529,104763717015.6176776,0.12307369117469986
2026-04-29,0.159629624516845,16723288725.7845619234298265874575,1.29885428849930763,104763064978.7053035,0.12290033295519283
2026-04-30,0.158407663816885,16595218324.0565346415328838488055,1.289480158158229918,104762723748.2661243,0.12284614293184576
2026-05-01,0.159514071273042,16711107615.711258344299140896097,1.298322680728441408,104762592305.1432285,0.12286165345547571
2026-05-02,0.159961530918563,16757992890.5747473474540435560053,1.301974652085959896,104762643832.8244231,0.12286071058471108
2026-05-03,0.158160035806134,16569197496.1852738578736124181768,1.2874986453602943,104762226511.4754252,0.12284287550599668
2026-05-04,0.157358556333443,16485141294.3264497160815041872781,1.281608030131978743,104761645495.7454767,0.12278212420160817
2026-05-05,0.159811069753527,16742143233.0334204002576838146123,1.301253862387450097,104762099764.7687949,0.12281313767654589
2026-05-06,0.161282612217445,16896398190.9873302631034790331555,1.312598222452525233,104762676885.5108199,0.12287279493346895
2026-05-07,0.15804002113845,16556556500.01051877963473540753,1.287162880060509582,104761796288.9681474,0.12278168022606474
2026-05-08,0.163122185887346,17089166111.8017414474730317231962,1.327011744350805341,104762978860.5438997,0.12292444779164173
2026-05-09,0.16259434252131,17033759150.992076594904932178714,1.326940635238425989,104762311448.5646494,0.12253324542442313
2026-05-10,0.16949863027714,17757299895.731399910299362027828,1.382293983166530129,104763677834.4296602,0.12262126026827962
2026-05-11,0.168488155825931,17651384677.0507372173602950076754,1.37371917961725238,104763356157.1342134,0.12265109079489987
2026-05-12,0.162525362656056,17026491268.0645727029442757922728,1.32322397946436038,104762056763.3917763,0.12282528519612085
2026-05-13,0.1589978479154,16656737948.77343745597508878798,1.295502571153379041,104760776118.4050687,0.12273063091943157
2026-05-14,0.16255359287547,17029442924.910911699712292442919,1.323973407936453232,104762021088.9889477,0.12277708290895831
2026-05-15,0.154579455724355,16193780011.757825905178369475376,1.260589994682540113,104760234378.3281312,0.12262468873813602
2026-05-16,0.151783042848128,15900723179.4063937294649741455616,1.238042427500321538,104759549426.8515622,0.12259922558113509
2026-05-17,0.149279502138615,15638405471.6863866250051628650755,1.217975721396858325,104759228478.4362837,0.12256361068298718
2026-05-18,0.147273200083658,15428203719.5032508599498681086088,1.202832635064018665,104759071648.7406836,0.12243864673310902
2026-05-19,0.14357403940939,15040458298.206586606440457216064,1.173734517064533928,104757506023.2157376,0.12232241390366817
2026-05-20,0.143487961644841,15031278727.6558945959442326300353,1.174248413455533826,104756375066.9276633,0.1221955763368588
2026-05-21,0.146462935124326,15342905344.0814077601408302826034,1.198684470291814607,104756232906.6905859,0.12218639579827895
2026-05-22,0.143944687220164,15079036651.662034810943851017392,1.183700288387043405,104755770726.005228,0.1216056873791158
2026-05-23,0.147774352763952,15480351891.550193478879381854688,1.213938342069742958,104756688843.549194,0.12173134964334299
2026-05-24,0.147277912029374,15428359327.2833356158228283941598,1.209964027948269776,104756776591.2257777,0.12172090130572927
2026-05-25,0.149771823251163,15689709500.0799921146700536283657,1.229952787615175335,104757418047.6444139,0.1217703840011323
2026-05-26,0.147545625920335,15456384351.133339887720950209643,1.212609360551110627,104756642257.0790258,0.12167613967063391
2026-05-27,0.162334326271342,17006418710.0744132942109316971894,1.325773532337918407,104761692124.4873757,0.12244498951874201
2026-05-28,0.20336628494763,21306469502.149405154415615905082,1.633302464832506892,104768937032.1936814,0.12451232354472994
2026-05-29,0.260640362812557,27308734022.3878323363870724188933,2.044059335323424237,104775537171.9892569,0.12751115308074792
2026-05-30,0.228762027583656,23968162447.1635907866473565924632,1.798132185689790765,104773343287.4853847,0.12722203039589072
2026-05-31,0.258664738919167,27102151593.5995895569055885704257,2.027540335570773973,104777140119.0830271,0.127575631607028
2026-06-01,0.244215295617222,25587946978.702071744910842907254,1.90962864534849348,104776184939.734857,0.1278862758013637
2026-06-02,0.219978707068777,23047974032.3149442748330779726553,1.718021225433534761,104773658957.4050289,0.12804190298246543
2026-06-03,0.209471802476357,21946756781.879706601842378041383,1.638772018183751213,104771890643.165819,0.12782241834255523
2026-06-04,0.201253588664275,21085415684.2740045861757442953825,1.580126586013451026,104770383595.2363643,0.12736548479449597
2026-06-05,0.201859342760213,21148946494.7831057050468885713603,1.59010973898818131,104770709175.9719031,0.1269467998407834
2026-06-06,0.213123217544114,22329398063.312827445331396925587,1.675566001638617275,104772245467.3006455,0.12719476125422124
2026-06-07,0.205622350584575,21543168261.4928583770722072564025,1.617983476028713939,104770557287.4087367,0.12708556893873116
2026-06-08,0.203662728736198,21337756032.5621822271980740638142,1.603067515067832304,104770058640.4335829,0.12704563396232268
2026-06-09,0.192341270659503,20151325450.5083014542126102781029,1.517161796612226782,104768598966.8940843,0.1267770326731103
2026-06-10,0.182749529806335,19146054183.382701384641071516296,1.453533635987097566,104766639912.4108976,0.12572776114825124
2026-06-11,0.191590222388353,20072366666.7380301339979853434268,1.521970493202172584,104767176615.3670556,0.12588300709119132
2026-06-12,0.187948598916309,19690739644.5080146223818841566761,1.49404781313266479,104766621076.4148229,0.12579824906823112
2026-06-13,0.187018113728492,19593015835.8587719737830189697072,1.486955565727801936,104765337673.6726116,0.12577249652847194
2026-06-14,0.190428225124389,19950387865.2949226458478520625971,1.513481276821719183,104765918246.9573239,0.12582132864192713
2026-06-15,0.213118196210628,22328230896.0180430716988394534928,1.676211288342869905,104769237413.9217476,0.1271427997727662
2026-06-16,0.217437000303978,22780931409.381549439747093509036,1.706378017278984938,104770261627.660862,0.127426043996222
2026-06-17,0.226655392749613,23746790371.8180279764562165502411,1.775251599539462695,104770462699.9596247,0.12767508155374266
2026-06-18,0.234620274928036,24581841061.7426191853615322106876,1.824011274997099526,104772876381.9857191,0.1286287415785898
2026-06-19,0.217456035701155,22782928733.2255733515769124061385,1.685729504843611626,104770275332.9672867,0.1289981785786735
2026-06-20,0.216040424474461,22634600837.2191844514890325480567,1.675438613077672682,104770210909.7406947,0.12894559238885434
2026-06-21,0.210078770888772,22009831891.1590990139772243380964,1.63053246890395647,104769424335.6573737,0.12884059342282642
2026-06-22,0.20240857157678,21205969542.237363504295409470422,1.574354611571908829,104768139891.7103949,0.12856606134921908
2026-06-23,0.194870610421223,20415857979.1786942749991919150433,1.518975601649005457,104766223778.1713271,0.12829081007599513
2026-06-24,0.185247177000028,19407846441.382982557435492905588,1.462503520820246835,104767299322.353771,0.12666443147851836
2026-06-25,0.178599349976044,18702193130.8593211705123935858308,1.413465708544481055,104715908167.4591507,0.12635562992183025
2026-06-26,0.177536518623768,18591298224.5181759645838418504448,1.404443678214739562,104718163725.6079136,0.12641056482196836
2026-06-27,0.173753335585947,18194951300.9530854924129520910391,1.375404026231557784,104717133858.7221653,0.12632894209420797
2026-06-28,0.172492275447181,18062862140.8378560865965173454016,1.365720067956126479,104716933520.7065536,0.12630134058535505
2026-06-29,0.174521693112077,18272425713.1825330309431597741443,1.382158860848507923,104700025465.8775759,0.1262674632096473
2026-06-30,0.187211940500138,19604135484.7527465752332642623734,1.479494138809467083,104716266667.5008143,0.12653780477345145
2026-07-01,0.197745924436859,20707484829.8965384219631080746596,1.558278713714382531,104717631419.5467244,0.12690022824318958
2026-07-02,0.199007226739746,20839576646.0346066896918591010744,1.561943467201536656,104717687831.9489564,0.1274100061356883
2026-07-03,0.203784776453209,21340072643.305238243139601258579,1.595803673755071835,104718679259.169931,0.12770040563554086
2026-07-04,0.206579383652376,21632802366.8174456273168973686976,1.616131303781298362,104719076920.1843976,0.1278233910629895
2026-07-05,0.202987838402663,21256570981.3530355913737861257405,1.5898074102688107,104718445935.5973435,0.1276807725838572
2026-07-06,0.199930053796401,20936219487.6552549601190381061837,1.572383949264278749,104717720473.2595037,0.12715091240275544
2026-07-07,0.189018938279961,19783875460.366139428334630228544,1.490718252794054865,104666101928.176704,0.12679722538157873
2026-07-08,0.18089186442787,18932987907.923363130147811559926,1.428672011125100777,104664673382.6596498,0.12661539038999925
2026-07-09,0.185670259982322,19433278284.5918339883440036941878,1.467392364162019002,104665541408.9586099,0.12653075245375997
2026-07-10,0.1904458512778,19933288635.53284485755453863436,1.503887948591275386,104666436689.4320462,0.12663566554688782
2026-07-11,0.187566786776564,19631870792.7550679885410660480856,1.485052403156200322,104666029258.9072654,0.12630314349710892
2026-07-12,0.186325820011998,19501930585.4667721889413451032638,1.475502061676949973,104665744040.2569681,0.12627960668535657
2026-07-13,0.180207069891383,18861278864.2190311596468747445485,1.429004902161202308,104664477789.8412795,0.12610668418200732
2026-07-14,0.184482986143955,19308906415.489483760211587882647,1.462481600400367955,104664971112.4170434,0.126143799753413
2026-07-15,0.188768029599237,19757546845.2107495655551190445494,1.497377327754113809,104665747092.6454462,0.12606577253467996
2026-07-16,0.185339240470168,19398642824.4860116871785062993296,1.470588614134582033,104665600092.4337222,0.1260306510527672
2026-07-17,0.185505904485782,19416041524.8697059973497891177622,1.471715919062126436,104665355955.5989121,0.12604735878918705
2026-07-18,0.187729032218192,19648805205.917088300346491224544,1.488838637879968141,104665777976.630982,0.12609091908409145
2026-07-19,0.187746021987882,19650626602.3795517534367383214036,1.489081293685250514,104666007803.0728898,0.1260817812862581
2026-07-20,0.188426819342126,19721129666.3036504084848459725314,1.492228260822250771,104662010085.1782439,0.12627211552627926
2026-07-21,0.191655877770361,20059199370.088160665746891969621,1.51707330203871068,104662583811.401661,0.12633264161514496
2026-07-22,0.18679420503146,19550572816.627071398458871179796,1.479984463617044039,104663700960.8213026,0.12621362563154193
2026-07-23,0.182348965377286,19084488601.4054106160103984934382,1.445854256690374039,104659154834.9011837,0.12611849675270248
2026-07-24,0.177548389662889,18581687391.0198495991146989795619,1.409803669787934105,104657031394.6574571,0.12593837955436463
2026-07-25,0.178089151801079,18638301565.343896269331961923378,1.41411855028348326,104657141531.913182,0.12593650777396145
2026-07-26,0.182354007108644,19083247844.2704138138465431168972,1.447179898866463012,104649457101.8715163,0.12600645382891026
2026-07-27,0.171806555814474,17978171020.0774733659180044941028,1.373649418953528333,104641938340.7654922,0.12507307428219888
2026-07-28,0.173328123049037,18136315444.5853377137056261839868,1.385792176488278244,104635734383.7059564,0.1250751202018372
2026-07-29,0.171760203974355,17972159168.8551444354053381626815,1.374643843690975029,104635175977.8913253,0.12494887658549565
2026-07-30,0.172207580148801,18018929259.5732570282270777697465,1.379097069627291755,104634936766.4505465,0.12486980354134246
2026-07-31,0.172039762580133,17998002926.8742635699529541386202,1.378059429737325579,104615367150.8998994,0.12484204880258742
2026-08-01,0.170740053362091,17862024331.2802942098020749701951,1.368324009837327109,104615314213.3558461,0.12478042637166717
2026-08-02,0.174015094153495,18204766025.2638789590928331892185,1.393971860901960172,104616016868.0875663,0.12483400779761772
2026-08-03,0.171056028022222,17894198288.194699490074953997379,1.371318972779054551,104610158993.4617945,0.12473832231429526
2026-08-04,0.168972305023212,17675135549.688391077658767234588,1.356096084348483906,104603742887.098149,0.12460201528005461
2026-08-05,0.164671170014404,17224022712.4551479386214293527044,1.320239518223360278,104596467681.3102161,0.12472825403378407
2026-08-06,0.161163989936316,16857131810.9096133016825066798032,1.293682363103220963,104596143453.4520652,0.12457771283959056
2026-08-07,0.161254617758307,16851041648.7601073034638929868073,1.296365865767536461,104499591286.2286339,0.12438974367998598
2026-08-08,0.164345307525669,17174191948.8246486727463245010547,1.322450943431149644,104500652969.0068663,0.1242732733051472
