date,price_usd,market_cap_usd,mvrv,supply,realized_price_usd,sma_200d,mayer_multiple,ath_usd,drawdown_pct,halving_number,days_since_halving
2015-09-30,0.00192578360813816,192578360.8138159422264917558552,1,99999999999.99997,0.0019257836081381602,,,0.00192578360813816,0.0,1,1036
2015-10-01,0.00215206816813831,215329958.016780954450623779587625,1,100057219936.0471375,0.0021520681681383097,,,0.00215206816813831,0.0,1,1037
2015-10-02,0.00208897928928483,209017460.189815661879384116800525,0.99998273,100057219936.0452175,0.002089015366580211,,,0.00215206816813831,-2.931546490372399,1,1038
2015-10-03,0.00205693400244302,205811097.87637102286130218725685,0.98464283,100057219936.0452175,0.0020890153665598927,,,0.00215206816813831,-4.420592577120262,1,1039
2015-10-04,0.00203349869238165,203466225.903291111427697167258875,0.97342448,100057219936.0452175,0.002089015361912462,,,0.00215206816813831,-5.509559479206967,1,1040
2015-10-05,0.00203669684587697,203786224.250961576426902361890975,0.97495541,100057219936.0452175,0.0020890153795617896,,,0.00215206816813831,-5.3609511059839825,1,1041
2015-10-06,0.00211663857388816,211784971.3126447208910725478748,1.01322307,100057219936.0452175,0.002089015377322745,,,0.00215206816813831,-1.646304460736439,1,1042
2015-10-07,0.00204567722347267,204684775.867163264285001495455725,0.97925427,100057219936.0452175,0.0020890153723533626,,,0.00215206816813831,-4.943660532727254,1,1043
2015-10-08,0.00203172773157218,203289028.48807985496768284504915,0.97257673,100057219936.0452175,0.0020890153639314193,,,0.00215206816813831,-5.591850590412895,1,1044
2015-10-09,0.00213368290109074,213490379.30821433280641227423995,1.0213821,100057219936.0448175,0.002089015365641066,,,0.00215206816813831,-0.8543069090360136,1,1045
2015-10-10,0.00211907703773799,212028957.226372409107707462366825,1.01439035,100057219936.0448175,0.0020890153753315875,,,0.00215206816813831,-1.5329965327659656,1,1046
2015-10-11,0.002129886377481,213110509.7104021908439387547175,1.01956472,100057219936.0448175,0.0020890153765628534,,,0.00215206816813831,-1.0307197042228848,1,1047
2015-10-12,0.0020424707555572,204363945.601726393061426384811,0.97771935,100057219936.0448175,0.0020890153759943486,,,0.00215206816813831,-5.092655251525777,1,1048
2015-10-13,0.00211666035336374,211787150.50642207401290751941745,1.0132335,100057219936.0448175,0.0020890153684848954,,,0.00215206816813831,-1.6452924353785887,1,1049
2015-10-14,0.00204590529996485,204707596.566902741880030774664875,0.97936345,100057219936.0448175,0.002089015370100702,,,0.00215206816813831,-4.933062518428422,1,1050
2015-10-15,0.00192162322155731,192272277.313570553284942149009925,0.91987031,100057219936.0447175,0.002089015376045032,,,0.00215206816813831,-10.708069102678623,1,1051
2015-10-16,0.00191660334209003,191770002.129660483332787990916525,0.91746732,100057219936.0447175,0.002089015379959288,,,0.00215206816813831,-10.941327488337595,1,1052
2015-10-17,0.00196190573083577,198751295.318020987292127030078472,0.93880988,101305221853.5256136,0.0020897795950291552,,,0.00215206816813831,-8.83626458110963,1,1053
2015-10-18,0.00196098263396585,198657780.78482060339496371738006,0.9383682,101305221853.5251836,0.00208977950655814,,,0.00215206816813831,-8.879158058351036,1,1054
2015-10-19,0.00194835330704851,197378364.019598777386956671856436,0.93232483,101305221853.5251836,0.002089779489245728,,,0.00215206816813831,-9.466004102743074,1,1055
2015-10-20,0.00185520065127119,187941513.559832310374072018140484,0.88774947,101305221853.5251836,0.0020897795087066514,,,0.00215206816813831,-13.794521998061587,1,1056
2015-10-21,0.00190308554573349,192792503.416768251379973248918764,0.91066332,101305221853.5251836,0.002089779508999539,,,0.00215206816813831,-11.569457979586566,1,1057
2015-10-22,0.00195820034041788,198375919.919681870832233527722768,0.93703682,101305221853.5251836,0.0020897795034541763,,,0.00215206816813831,-9.008442696689277,1,1058
2015-10-23,0.00197257846843034,199832499.367822496511768068007024,0.94391703,101305221853.5251736,0.002089779509996064,,,0.00215206816813831,-8.340335234977303,1,1059
2015-10-24,0.00193626432589159,196153687.101513891883496329530024,0.92654001,101305221853.5251736,0.0020897795076238426,,,0.00215206816813831,-10.027741938741913,1,1060
2015-10-25,0.00187022666671951,189463727.388398658922162443305936,0.89494355,101305221853.5250736,0.0020897705410799486,,,0.00215206816813831,-13.096309196497845,1,1061
2015-10-26,0.00185058973741255,187474403.90843508775200141231368,0.88554686,101305221853.5250736,0.0020897705372842153,,,0.00215206816813831,-14.008777007587087,1,1062
2015-10-27,0.00194880884160338,197424512.048741615208835656508768,0.9325468,101305221853.5250736,0.0020897705526450577,,,0.00215206816813831,-9.444836810664954,1,1063
2015-10-28,0.00197673043655254,200253115.419570534157206833766944,0.94590789,101305221853.5250736,0.002089770534161143,,,0.00215206816813831,-8.147406024663685,1,1064
2015-10-29,0.00199821310566625,202429421.980140796573520608286,0.9561878,101305221853.5250736,0.002089770551000808,,,0.00215206816813831,-7.149172351968551,1,1065
2015-10-30,0.00211672119452871,214434910.213789549578495174775956,1.01289646,101305221853.5250636,0.0020897705521931726,,,0.00215206816813831,-1.6424653332509243,1,1066
2015-10-31,0.0021465645743146,217458200.42385814133997589140856,1.02717716,101305221853.5250636,0.0020897705458273624,,,0.00215206816813831,-0.25573510659150117,1,1067
2015-11-01,0.002124989951327,215272578.4556931616227385793972,1.01685324,101305221853.5250636,0.002089770546757563,,,0.00215206816813831,-1.2582415934684172,1,1068
2015-11-02,0.00220415866058633,223377963.47862544564986450350164,1.05470855,101343867604.886708,0.0020898272424039136,,,0.00220415866058633,0.0,1,1069
2015-11-03,0.00215764513370881,218664102.76888964000991972117788,1.00003428,101343867604.875548,0.0021575711721690282,,,0.00220415866058633,-2.1102621925205245,1,1070
2015-11-04,0.00201039429173603,203741132.93527021051681387132284,0.93201269,101343867604.863828,0.002157046050237825,,,0.00220415866058633,-8.790853957797967,1,1071
2015-11-05,0.00194476052322442,197089552.98825238656187628020876,0.90167183,101343867604.571278,0.0021568385065599983,,,0.00220415866058633,-11.768578278884299,1,1072
2015-11-06,0.00186321341415003,188825253.56206075252169586683754,0.96031889,101343867604.237918,0.0019402028154939552,,,0.00220415866058633,-15.468271523865923,1,1073
2015-11-07,0.00191706257220339,194282535.50622568358570673426042,0.98789682,101343867604.136478,0.0019405493907788769,,,0.00220415866058633,-13.025200658947544,1,1074
2015-11-08,0.00184338064225599,186815323.75281228039705900328032,0.94994007,101343867604.132768,0.0019405230924262303,,,0.00220415866058633,-16.368060284479203,1,1075
2015-11-09,0.00189106335246932,191647674.02367183345695858037616,0.97459615,101343867604.129388,0.00194035586172726,,,0.00220415866058633,-14.20475366477127,1,1076
2015-11-10,0.00189491103223596,192037612.77252117311953883435928,0.97655372,101343867604.127218,0.0019404063426597363,,,0.00220415866058633,-14.030189109349628,1,1077
2015-11-11,0.00180637057347841,183064580.24258425075036576828228,0.93097638,101343867604.125508,0.001940296888604639,,,0.00220415866058633,-18.04716213133695,1,1078
2015-11-12,0.00206651921662755,209429049.8912773257195043090689,1.0649091,101343867604.122478,0.0019405592614689367,,,0.00220415866058633,-6.24453431687928,1,1079
2015-11-13,0.00196633632637347,199276128.32515800701113816505916,1.01329622,101343867604.116628,0.001940534552051788,,,0.00220415866058633,-10.789710308313138,1,1080
2015-11-14,0.00193633516239832,196235694.33528491263358391655696,0.99786925,101343867604.113478,0.0019404698184640123,,,0.00220415866058633,-12.15082666130604,1,1081
2015-11-15,0.0018648320166252,188989288.9967733785529381241416,0.96102548,101343867604.111958,0.0019404605345377524,,,0.00220415866058633,-15.394837496447073,1,1082
2015-11-16,0.00189296250922073,191840141.91399183215248406024034,0.97555429,101343867604.100658,0.0019403968888504707,,,0.00220415866058633,-14.118591230760963,1,1083
2015-11-17,0.00189233001478083,191776042.48118914660926283936374,0.97523198,101343867604.087378,0.0019403896237906696,,,0.00220415866058633,-14.147286734910006,1,1084
2015-11-18,0.00189553498422327,192100846.48001540812264233010536,0.97688591,101343867604.074968,0.0019403852229000517,,,0.00220415866058633,-14.001881165894044,1,1085
2015-11-19,0.0018301623364173,185475729.5158169064133178918754,0.94320021,101343867604.062698,0.0019403752427252956,,,0.00220415866058633,-16.96775875787194,1,1086
2015-11-20,0.00176862036205975,179341060.331875541297811292643625,0.9394517,101401671143.8363455,0.0018826091453767657,,,0.00220415866058633,-19.759843350420244,1,1087
2015-11-21,0.00183280930559196,185849926.47499449029710154028018,0.97930565,101401671143.8338955,0.001871539601136744,,,0.00220415866058633,-16.847668982939137,1,1088
2015-11-22,0.00181648298259603,184194410.039565808541466357853065,0.97057639,101401671143.8298355,0.001871550762321789,,,0.00220415866058633,-17.58837441798196,1,1089
2015-11-23,0.00182179081776505,184732633.395851648001365991608275,0.97353903,101401671143.8250155,0.0018713074274639507,,,0.00220415866058633,-17.34756438629359,1,1090
2015-11-24,0.00180184695157274,182710292.03486931819355350451107,0.96289841,101401671143.8176555,0.0018712741997078798,,,0.00220415866058633,-18.252393360220747,1,1091
2015-11-25,0.00189152262967563,191803555.655440339453527861146565,1.01032669,101401671143.8086255,0.0018721891130834421,,,0.00220415866058633,-14.183916816021549,1,1092
2015-11-26,0.0018575382070219,188357478.40549160074855851192045,0.99217594,101401671143.8070055,0.0018721863050034252,,,0.00220415866058633,-15.725748774919184,1,1093
2015-11-27,0.00173407722823749,175838328.835693862047489680784995,0.926243,101401671143.8021255,0.0018721623032373685,,,0.00220415866058633,-21.327023356104192,1,1094
2015-11-28,0.00165079833726607,167393710.120185334817770423160285,0.88189996,101401671143.7996755,0.0018718657581819937,,,0.00220415866058633,-25.10528544134205,1,1095
2015-11-29,0.00163419481285335,165710084.997856805099806434802425,0.87357813,101401671143.7985455,0.0018706910770000047,,,0.00220415866058633,-25.858567167817377,1,1096
2015-11-30,0.00168426659294308,170787447.17609845454887880748694,0.90025054,101401671143.7975055,0.0018708865122625533,,,0.00220415866058633,-23.586871350946804,1,1097
2015-12-01,0.00159514245353594,161750110.50096145697141433156607,0.85261389,101401671143.7973655,0.0018708849014129245,,,0.00220415866058633,-27.63032525473393,1,1098
2015-12-02,0.00165461912358118,167781144.23761441273045735111689,0.88610674,101401671143.7957855,0.00186729098074706,,,0.00220415866058633,-24.931941009136178,1,1099
2015-12-03,0.00166207294769141,168536974.458802454725174374737355,0.89012635,101401671143.7950655,0.0018672326099451052,,,0.00220415866058633,-24.59377006692972,1,1100
2015-12-04,0.00176960771806721,179441179.880969408997716944964855,0.94770668,101401671143.7931255,0.0018672525533609302,,,0.00220415866058633,-19.715048208168678,1,1101
2015-12-05,0.00181325055549784,183866636.52989032806471901430212,0.97107955,101401671143.7921055,0.001867252333238652,,,0.00220415866058633,-17.735025707473532,1,1102
2015-12-06,0.00186676339267849,189292927.647652341046737438513995,0.99971678,101401671143.7912755,0.0018672922471887387,,,0.00220415866058633,-15.307213311862455,1,1103
2015-12-07,0.00185718022027945,188321177.951523108088410950165975,0.9942061,101401671143.7872255,0.0018680032442764632,,,0.00220415866058633,-15.741990198408853,1,1104
2015-12-08,0.00230241831155829,233469064.464062127154735823059995,1.23250868,101401671143.7848655,0.0018680747234642518,,,0.00230241831155829,0.0,1,1105
2015-12-09,0.00234709561239626,237999417.43121646977013454383783,1.24198221,101401671143.7808455,0.001889798093320725,,,0.00234709561239626,0.0,1,1106
2015-12-10,0.0022781999852367,231013285.70271025432530153695385,1.20555111,101401671143.7685655,0.001889758108419559,,,0.00234709561239626,-2.935356650819241,1,1107
2015-12-11,0.00213211152104104,216199671.29842985039793141025772,1.12828625,101401671143.7620555,0.0018896902457519447,,,0.00234709561239626,-9.15957961915887,1,1108
2015-12-12,0.00200929488019287,203745858.672157862383930812973785,1.06336016,101401671143.7599055,0.0018895713378925818,,,0.00234709561239626,-14.392286808397781,1,1109
2015-12-13,0.00202858015054354,205701417.31417173898261270893607,1.07354734,101401671143.7582955,0.0018896047476989137,,,0.00234709561239626,-13.570621502186375,1,1110
2015-12-14,0.00201477591489913,204301644.750964959738959851824515,1.06625111,101401671143.7576155,0.0018895885744016998,,,0.00234709561239626,-14.158762674258904,1,1111
2015-12-15,0.0018398867719813,186567593.39419569599555191729015,0.97376722,101401671143.7566155,0.0018894523600633218,,,0.00234709561239626,-21.610062995990464,1,1112
2015-12-16,0.00181913804441847,184463637.745217027216529040882785,0.96280966,101401671143.7559655,0.0018894056842122565,,,0.00234709561239626,-22.494080138421513,1,1113
2015-12-17,0.00184321014382981,186904588.853462596754029514833655,0.97555156,101401671143.7543755,0.0018894031022100054,,,0.00234709561239626,-21.46846791861239,1,1114
2015-12-18,0.00183880780580947,186458184.421259256576039913775185,0.97322501,101401671143.7537355,0.0018893963748521734,,,0.00234709561239626,-21.65603326520879,1,1115
2015-12-19,0.00182982088754302,185546895.89060796705800189501101,0.96846824,101401671143.7532255,0.0018893968970454002,,,0.00234709561239626,-22.038928543057093,1,1116
2015-12-20,0.00172882210115137,175305450.167003297666383436428835,0.91505256,101401671143.7529955,0.001889314534185195,,,0.00234709561239626,-26.34206753144009,1,1117
2015-12-21,0.00178557172818235,181059957.184728885208807973494925,0.94507986,101401671143.7527255,0.001889334228519429,,,0.00234709561239626,-23.924201521582834,1,1118
2015-12-22,0.0017134762587927,173749356.10672429954885233193485,0.90694805,101401671143.7522555,0.00188927718494207,,,0.00234709561239626,-26.995890165576526,1,1119
2015-12-23,0.00175295627915839,177752696.148591062560786721133045,0.92783849,101401671143.7502155,0.001889290321592921,,,0.00234709561239626,-25.313810400390352,1,1120
2015-12-24,0.00178345374421067,180845190.070538055604268216028385,0.94397667,101401671143.7489155,0.0018892985397728844,,,0.00234709561239626,-24.014440025736384,1,1121
2015-12-25,0.00175549319906487,178009944.066662206761751471508985,0.92918608,101401671143.7480655,0.001889280561612449,,,0.00234709561239626,-25.20572277528121,1,1122
2015-12-26,0.00167278713166553,169623410.618640247401781814831715,0.88545805,101401671143.7472155,0.001889177168433366,,,0.00234709561239626,-28.72948495022309,1,1123
2015-12-27,0.00174198408501339,176640097.326167632094685280932345,0.92209841,101401671143.7463355,0.0018891520320628143,,,0.00234709561239626,-25.78129004148592,1,1124
2015-12-28,0.00171733934868452,174141079.87752028136599024504726,0.91846622,101401671143.7446255,0.0018697904302724603,,,0.00234709561239626,-26.831299943030114,1,1125
2015-12-29,0.00175138342628995,177593206.239256008482288591826725,0.93665082,101401671143.7433655,0.0018698360038695635,,,0.00234709561239626,-25.38082313136445,1,1126
2015-12-30,0.00179364375382817,181878474.074710568852503462870735,0.95923542,101401671143.7417455,0.0018698681433470942,,,0.00234709561239626,-23.580286020092938,1,1127
2015-12-31,0.00175776604090831,178240414.027819592920753976545105,0.94003956,101401671143.7407455,0.0018698851789900315,,,0.00234709561239626,-25.10888642010948,1,1128
2016-01-01,0.00175609914597312,178071388.09576916559415616896416,0.93914944,101401671143.7401055,0.0018698825460334832,,,0.00234709561239626,-25.179905893129085,1,1129
2016-01-02,0.0017806372776585,180559595.65541029054056124349175,0.95225751,101401671143.7392255,0.0018699115091867324,,,0.00234709561239626,-24.134437972871336,1,1130
2016-01-03,0.0017518358073209,177639078.43177962412302441775095,0.93685107,101401671143.7385455,0.001869919204256126,,,0.00234709561239626,-25.361549053710313,1,1131
2016-01-04,0.0017641508440678,178887843.7381104047005191804669,0.9434328,101401671143.7377355,0.0018699274013663717,,,0.00234709561239626,-24.836856464202768,1,1132
2016-01-05,0.00170039114533606,172422503.73508855375436207409593,0.90960986,101401671143.7364655,0.0018693631413978517,,,0.00234709561239626,-27.553392526687446,1,1133
2016-01-06,0.00165285155117046,167601909.44120035099033786033653,0.88420982,101401671143.7356555,0.0018692978903700256,,,0.00234709561239626,-29.578857271903537,1,1134
2016-01-07,0.00173345470386948,175775203.82433265789931456695254,0.92728477,101401671143.7344855,0.0018693876573315012,,,0.00234709561239626,-26.144691562023127,1,1135
2016-01-08,0.00174387618711864,176831959.64159273194283220718452,0.93292031,101401671143.7338055,0.0018692659688356876,,,0.00234709561239626,-25.700675425905,1,1136
2016-01-09,0.00176160438337151,178629628.367996490781346690233705,0.94239379,101401671143.7330455,0.0018692869181274104,,,0.00234709561239626,-24.94535058275681,1,1137
2016-01-10,0.00176292024985389,178763059.428310861099970621543595,0.94309936,101401671143.7324855,0.0018692836880452237,,,0.00234709561239626,-24.889286974805337,1,1138
2016-01-11,0.0017179847375105,174206523.38298981895207498831775,0.91908766,101401671143.7316255,0.001869228379707002,,,0.00234709561239626,-26.803802604507926,1,1139
2016-01-12,0.00173271902256547,175700604.510670483046067905240785,0.92696364,101401671143.7308155,0.001869241626959036,,,0.00234709561239626,-26.176035888181993,1,1140
2016-01-13,0.00180177551445865,182703048.191961137166853395301075,0.96387988,101401671143.7300955,0.0018692946619641546,,,0.00234709561239626,-23.23382545889842,1,1141
2016-01-14,0.00181497918554853,184041922.505705891077186263784215,0.97093505,101401671143.7294155,0.0018693106048118563,,,0.00234709561239626,-22.67127184923103,1,1142
2016-01-15,0.0016523544683455,167551504.41204036358051805318525,0.883993,101401671143.7282755,0.0018691940641447386,,,0.00234709561239626,-29.600035907419482,1,1143
2016-01-16,0.00176255976018422,178726505.17336779309273539238061,0.94291879,101401671143.7276755,0.0018692593454248802,,,0.00234709561239626,-24.904645943045328,1,1144
2016-01-17,0.00168945511917375,171313572.406543035538211364718125,0.90383721,101401671143.7271955,0.0018692028835300446,,,0.00234709561239626,-28.019331200193164,1,1145
2016-01-18,0.00168109554629067,170465897.746149946099096115420685,0.89937183,101401671143.7266055,0.0018691885716396856,,,0.00234709561239626,-28.375497895700942,1,1146
2016-01-19,0.00184213627152484,186795696.40709110558012791850062,0.98547884,101401671143.7258555,0.0018692803911698806,,,0.00234709561239626,-21.51422115931116,1,1147
2016-01-20,0.00182233714181788,184788031.56761302677936588289874,0.97489175,101401671143.7253355,0.0018692712722390768,,,0.00234709561239626,-22.35777987939015,1,1148
2016-01-21,0.00171242007283067,173940252.968480675149593405298916,0.91592474,101575691460.4215148,0.0018696078379001643,,,0.00234709561239626,-27.040889864628053,1,1149
2016-01-22,0.00173311755306016,176042613.834278416481754284227968,0.9271131,101575691460.4208748,0.0018693701481083162,,,0.00234709561239626,-26.159056158315643,1,1150
2016-01-23,0.00165670475459275,168280930.9935243969441203333777,0.88626735,101575691460.4202348,0.001869305864187313,,,0.00234709561239626,-29.4146882707798,1,1151
2016-01-24,0.00167816708380102,170460981.923204337136804054114496,0.89774644,101575691460.4194848,0.001869310764185286,,,0.00234709561239626,-28.50026752477712,1,1152
2016-01-25,0.00171170466041649,173867584.457825597431136216920452,0.91552537,101575691460.4183748,0.001869641974439758,,,0.00234709561239626,-27.071370617538225,1,1153
2016-01-26,0.00179872050873489,182706279.418778777174836797101472,0.96199305,101575691460.4166048,0.0018697853469262485,,,0.00234709561239626,-23.36398656983165,1,1154
2016-01-27,0.00198590642413008,201719818.206694296945464579673984,1.06169387,101575691460.4156248,0.0018705075730823236,,,0.00234709561239626,-15.388771823292918,1,1155
2016-01-28,0.00192915260635429,195955009.923097820211103700162692,1.03138083,101575691460.4144948,0.0018704561401963326,,,0.00234709561239626,-17.8068163833885,1,1156
2016-01-29,0.0018938935422185,192373546.1032563527531147960988,1.01254926,101575691460.4137048,0.001870421141010463,,,0.00234709561239626,-19.309058727056495,1,1157
2016-01-30,0.0018108613395675,183939492.705499125635941073349,0.96825777,101575691460.4133148,0.0018702264992590761,,,0.00234709561239626,-22.846716171110444,1,1158
2016-01-31,0.001648200371474,167417092.3977811900048354040352,0.88131856,101575691460.4130448,0.001870152798636171,,,0.00234709561239626,-29.777024729245056,1,1159
2016-02-01,0.00177956790904995,180760840.86250896527604516281976,0.95154639,101575691460.4124048,0.0018701851299650772,,,0.00234709561239626,-24.179999329762893,1,1160
2016-02-02,0.00180614061011973,183459981.347640505704049759156104,0.96574782,101575691460.4111848,0.0018701990030065305,,,0.00234709561239626,-23.04784685461721,1,1161
2016-02-03,0.00182325194629257,185198077.151206998420975716337936,0.9748735,101575691460.4104848,0.0018702446484518966,,,0.00234709561239626,-22.318803858564305,1,1162
2016-02-04,0.00178985598051041,181805858.834895261702694040903268,0.9570428,101575691460.4101348,0.0018701942906946376,,,0.00234709561239626,-23.74166731609787,1,1163
2016-02-05,0.00177207668846186,179999914.951385540183068528491728,0.94754719,101575691460.4091848,0.0018701724907884112,,,0.00234709561239626,-24.49916913897411,1,1164
2016-02-06,0.00182837496519513,185718451.338596303455309661837124,0.97762525,101575691460.4088548,0.0018702206854775182,,,0.00234709561239626,-22.100533291506764,1,1165
2016-02-07,0.0017561222379725,178447357.610690874865159167677,0.93898107,101614428513.0823972,0.0018702424298846622,,,0.00234709561239626,-25.178922038902694,1,1166
2016-02-08,0.00181796774075335,184731753.03187048678437805812412,0.97203567,101614428513.0820072,0.0018702685476072601,,,0.00234709561239626,-22.54394191903834,1,1167
2016-02-09,0.00178768683568606,181654776.168597744499188701060032,0.95585374,101614428513.0813472,0.001870251442115046,,,0.00234709561239626,-23.834085571787735,1,1168
2016-02-10,0.00182602365884324,185550350.544720813194199704922528,0.97630369,101614428513.0808872,0.0018703439078912422,,,0.00234709561239626,-22.200712693635573,1,1169
2016-02-11,0.0018805697656734,191093022.01788015217770728114448,1.00544843,101614428513.0804472,0.0018703791358781077,,,0.00234709561239626,-19.876729531549074,1,1170
2016-02-12,0.00223024218047335,226624784.61456300780295671506062,1.19200097,101614428513.0791572,0.0018710070181179046,,,0.00234709561239626,-4.978639613390471,1,1171
2016-02-13,0.00224617978178986,228244274.864208458679599470868992,1.20049808,101614428513.0787072,0.0018710398785392976,,,0.00234709561239626,-4.299604586767149,1,1172
2016-02-14,0.0021240597578958,215835118.42620876076326731882976,1.13534511,101614428513.0781072,0.001870849435283867,,,0.00234709561239626,-9.502631819619488,1,1173
2016-02-15,0.0022132253507875,224895629.19092748496192411992,1.1738581,101614428513.0775872,0.0018854283586640498,,,0.00234709561239626,-5.703656080379519,1,1174
2016-02-16,0.00267050573417776,271361914.019366620220203346943872,1.41560548,101614428513.0764072,0.0018864759792945702,,,0.00267050573417776,0.0,1,1175
2016-02-17,0.00202870002893517,206145194.064706416038318053765524,1.0762942,101614428513.0751972,0.0018848935810814274,,,0.00267050573417776,-24.033114665458672,1,1176
2016-02-18,0.00212120748789507,215545286.640112330408020826672104,1.12527277,101614428513.0746872,0.001885060711008825,,,0.00267050573417776,-20.569071964633594,1,1177
2016-02-19,0.0022035535687223,223912836.58366108864432554721656,1.16887748,101614428513.0739272,0.0018851878031924268,,,0.00267050573417776,-17.485533151241587,1,1178
2016-02-20,0.00205780506512401,209102685.683884163645076306187272,1.09169698,101614428513.0734472,0.0018849599319437618,,,0.00267050573417776,-22.943244839816767,1,1179
2016-02-21,0.00212753373266292,216188124.386827556369878595187024,1.12864878,101614428513.0729572,0.0018850272736421335,,,0.00267050573417776,-20.332178829116774,1,1180
2016-02-22,0.00194970279293025,198117935.0739485614313702971053,1.03437915,101614428513.0724372,0.001884901482140519,,,0.00267050573417776,-26.991252331815076,1,1181
2016-02-23,0.00187827479288071,190969021.07288367238762942558908,0.99651078,101672567718.376548,0.001884851454271985,,,0.00267050573417776,-29.665951701877745,1,1182
2016-02-24,0.00190397223130118,193581745.62087693911044440324284,1.01012117,101672567718.376138,0.0018848948896904914,,,0.00267050573417776,-28.70368309141988,1,1183
2016-02-25,0.00190844237742109,194036236.85496374246395629130352,1.0124876,101672567718.375728,0.0018849044446777323,,,0.00267050573417776,-28.536293594265832,1,1184
2016-02-26,0.00191854649917214,195063548.85793028329430824800632,1.0178443,101672567718.374788,0.0018849115716147746,,,0.00267050573417776,-28.157933734493394,1,1185
2016-02-27,0.00203124377232016,206521769.99374767424515083365888,1.0775388,101672567718.374368,0.0018850771520433046,,,0.00267050573417776,-23.937861419886698,1,1186
2016-02-28,0.00194462915957627,197715439.91414296883840027853936,1.03168276,101672567718.373968,0.0018849100081659502,,,0.00267050573417776,-27.18124006668666,1,1187
2016-02-29,0.00189119176958504,192282323.26156538047220053891552,1.00336686,101672567718.373388,0.001884845757796944,,,0.00267050573417776,-29.182261420332363,1,1188
2016-03-01,0.00186387177605411,189504629.36922578072296993470948,0.98889281,101672567718.373068,0.0018848066819841778,,,0.00267050573417776,-30.205288376660604,1,1189
2016-03-02,0.00182458265310762,185510003.35585243343919375299676,0.96807675,101672567718.372598,0.0018847499984971435,,,0.00267050573417776,-31.676512438966803,1,1190
2016-03-03,0.00185013602641194,188108080.43356186218954343948392,0.98162602,101672567718.368868,0.0018847666919138309,,,0.00267050573417776,-30.7196385039184,1,1191
2016-03-04,0.00190579306919929,193766874.88536038110937966462672,1.0111338,101672567718.367568,0.0018848079939561807,,,0.00267050573417776,-28.635499830294226,1,1192
2016-03-05,0.00173807007520008,176714047.42004589446161255089264,0.92226667,101672567718.366158,0.001884563469262182,,,0.00267050573417776,-34.916070280027824,1,1193
2016-03-06,0.00189209566551093,192374224.68128641338345365206284,1.00387251,101672567718.365788,0.0018847967711666197,,,0.00267050573417776,-29.14841405148676,1,1194
2016-03-07,0.00240070804883732,244086151.66743435392144523752296,1.27301276,101672567718.364178,0.0018858475926331797,,,0.00267050573417776,-10.10286860228404,1,1195
2016-03-08,0.0022158132216322,225287419.8276447747661698655716,1.175179,101672567718.363378,0.00188551124690979,,,0.00267050573417776,-17.026457076137234,1,1196
2016-03-09,0.00227724324889431,231621493.337615499814023957416796,1.20762353,101711353607.0758916,0.0018857228203348355,,,0.00267050573417776,-14.726142702125076,1,1197
2016-03-10,0.00232433066549534,236410818.217964814475825764640144,1.23132561,101711353607.0751416,0.0018876653312646847,,,0.00267050573417776,-12.962903028141445,1,1198
2016-03-11,0.00258537310113131,262961797.695384656116105063698996,1.36854424,101711353607.0741916,0.0018891410489815879,,,0.00267050573417776,-3.187884300599035,1,1199
2016-03-12,0.00219023156247904,222771416.932677400448856877192064,1.15976862,101711353607.0728916,0.0018885073494047803,,,0.00267050573417776,-17.984390205647504,1,1200
2016-03-13,0.0020958329685631,213170008.16688115457745690610396,1.1098578,101711353607.0721316,0.0018883797262704285,,,0.00267050573417776,-21.519248517607085,1,1201
2016-03-14,0.00207403779081573,210953191.136087485817004655281168,1.09831783,101711353607.0712016,0.0018883766922146114,,,0.00267050573417776,-22.335392720872786,1,1202
2016-03-15,0.00217140980433435,220857030.43451090711425583864046,1.14979958,101711353607.0705316,0.0018885115650628002,,,0.00267050573417776,-18.689191468711822,1,1203
2016-03-16,0.00211400981019169,215018799.333221431889798600518004,1.11943909,101711353607.0697716,0.001888454520729386,,,0.00267050573417776,-20.838596856913824,1,1204
2016-03-17,0.00213704937513156,217362184.669772314430093770215696,1.13163711,101711353607.0691716,0.0018884581958712545,,,0.00267050573417776,-19.975855217942424,1,1205
2016-03-18,0.00199639496549904,203056034.275244278728154183990464,1.05727515,101711353607.0685516,0.0018882454255158083,,,0.00267050573417776,-25.24281300172068,1,1206
2016-03-19,0.00204457052498974,207956035.641818514488994830306384,1.08290237,101711353607.0672216,0.0018880469575385083,,,0.00267050573417776,-23.438826630370198,1,1207
2016-03-20,0.00204612118435503,208113755.304844408426188837066648,1.08371526,101711353607.0666216,0.001888061615331531,,,0.00267050573417776,-23.380760499096095,1,1208
2016-03-21,0.00206760489290875,210298892.382341496504971765279,1.00053051,101711353607.0659016,0.002066508589436968,,,0.00267050573417776,-22.57627959951342,1,1209
2016-03-22,0.00207874245260257,211431708.654678512513905278396312,1.00588823,101711353607.0654616,0.0020665739896395547,,,0.00267050573417776,-22.15922152877877,1,1210
2016-03-23,0.00211413451840548,215031483.574441911636913497813168,1.02300529,101711353607.0650316,0.0020665919708054295,,,0.00267050573417776,-20.83392702182625,1,1211
2016-03-24,0.00207698218857572,211252669.817798597409109187500752,1.00503621,101711353607.0639316,0.0020665744854861693,,,0.00267050573417776,-22.22513653522575,1,1212
2016-03-25,0.00209069547342653,212647466.582372367319664898300848,1.01166682,101711353607.0632816,0.002066584998237394,,,0.00267050573417776,-21.711627626583315,1,1213
2016-03-26,0.00206404609681487,209936922.414415478473231118011192,0.99879763,101711353607.0630216,0.0020665308314907296,,,0.00267050573417776,-22.70954260091177,1,1214
2016-03-27,0.00200277414559243,203704869.317434485320279376460288,0.96919792,101711353607.0626816,0.0020664243125825426,,,0.00267050573417776,-25.00393764520121,1,1215
2016-03-28,0.00211606386109133,215227719.630585130415101317466228,1.02392186,101711353607.0619716,0.0020666263156949596,,,0.00267050573417776,-20.761680680574944,1,1216
2016-03-29,0.00205412669149593,208928006.272445272412708682268788,0.99401146,101711353607.0612116,0.0020665020215118344,,,0.00267050573417776,-23.080985552409278,1,1217
2016-03-30,0.0020128309515473,204727760.66406411755680421378868,0.97406104,101711353607.0608116,0.0020664320498305733,,,0.00267050573417776,-24.62734957702519,1,1218
2016-03-31,0.0019916481318624,202573227.40069729085648269709184,0.96382425,101711353607.0601316,0.0020664017655318383,,,0.00267050573417776,-25.4205633647283,1,1219
2016-04-01,0.00202886802442346,206358913.054191260188388116577936,0.98180851,101711353607.0597416,0.0020664600110498737,,,0.00267050573417776,-24.02682389116301,1,1220
2016-04-02,0.00207246564503744,210793286.060885201499459580379904,1.0028729,101711353607.0592516,0.002066528714692998,,,0.00267050573417776,-22.394263434317413,1,1221
2016-04-03,0.0021736868151579,221088628.28752628291228506350864,1.05022111,101711353607.0586416,0.002069742070941518,,,0.00267050573417776,-18.60392631483447,1,1222
2016-04-04,0.00227787247481492,231685492.757682668498498576083472,1.10041689,101711353607.0571316,0.002070008644464663,,,0.00267050573417776,-14.702580651216262,1,1223
2016-04-05,0.00214612049721208,218284820.775290043328317503508928,1.0373229,101711353607.0566216,0.002068903036086526,,,0.00267050573417776,-19.636177157550133,1,1224
2016-04-06,0.00213513544007309,217167515.744231548889021239582244,1.03202642,101711353607.0561716,0.0020688767251453603,,,0.00267050573417776,-20.047524603781035,1,1225
2016-04-07,0.00214491787161198,218162500.097617019375891752567368,1.03674428,101711353607.0545916,0.002068897714691978,,,0.00267050573417776,-19.68121078487804,1,1226
2016-04-08,0.0021621053166241,219910658.39484617420777472387956,1.045044,101711353607.0544116,0.0020689131908552174,,,0.00267050573417776,-19.03760815964677,1,1227
2016-04-09,0.00201086379280819,204527678.285933857134973225709704,0.97211407,101711353607.0531416,0.0020685471539447936,,,0.00267050573417776,-24.701011981637684,1,1228
2016-04-10,0.00186029894148929,189213523.452640210072662173137964,0.89950554,101711353607.0511916,0.0020681350572774567,,,0.00267050573417776,-30.339077063915386,1,1229
2016-04-11,0.00190131307506216,193385126.495356745195355706529856,0.9193015,101711353607.0509416,0.002068214916501452,,,0.00267050573417776,-28.803258097194533,1,1230
2016-04-12,0.00187480865321197,190689325.872400722839410711145352,0.90650148,101711353607.0504616,0.0020681804658630783,,,0.00267050573417776,-29.795745082374165,1,1231
2016-04-13,0.0018422450036957,187377233.00171446130071665395612,0.89077142,101711353607.0499916,0.002068145612143349,,,0.00267050573417776,-31.01512645645297,1,1232
2016-04-14,0.0018714996079293,190352758.39755134843101618010688,0.90489821,101711353607.0494016,0.002068187987607247,,,0.00267050573417776,-29.91965589223763,1,1233
2016-04-15,0.00186668159200303,189862711.475988798125650304765848,0.90257174,101711353607.0487016,0.0020681808539707103,,,0.00267050573417776,-30.10007175372064,1,1234
2016-04-16,0.00191588229524165,194866981.60080660441499682233314,0.9263194,101711353607.0482116,0.0020682739617044073,0.0019338735742744553,0.9906967656665172,0.00267050573417776,-28.25769775658078,1,1235
2016-04-17,0.00188627290821261,191855370.766607479850369717789676,0.91202896,101711353607.0479516,0.0020682160226717034,0.0019336760207748274,0.9754854939230084,0.00267050573417776,-29.366453549541344,1,1236
2016-04-18,0.00190338021613384,193595378.211846967337975065738944,0.92028554,101711353607.0472216,0.002068249617541356,0.0019324325810148053,0.9849659102385303,0.00267050573417776,-28.725851745085855,1,1237
2016-04-19,0.00191655102068381,194934998.570717084194048168640096,0.92666703,101711353607.0466016,0.002068219714997101,0.0019315704396718003,0.9922242447494991,0.00267050573417776,-28.232656603004457,1,1238
2016-04-20,0.00190081630437218,193334599.276036724508847417952288,0.91906977,101711353607.0457616,0.0020681958719762704,0.001930789851181446,0.9844760180446747,0.00267050573417776,-28.821860217520364,1,1239
2016-04-21,0.00185163718514433,188332524.490168643309883369843828,0.89532765,101711353607.0451316,0.0020681112497132528,0.0019298805436452594,0.9594568903455862,0.00267050573417776,-30.663425977834756,1,1240
2016-04-22,0.00191353397909001,194628131.186319365763044923591416,0.92520983,101711353607.0447416,0.002068216221924501,0.0019292647293113244,0.9918462458871937,0.00267050573417776,-28.34563301624286,1,1241
2016-04-23,0.00193821586707773,197138559.423127281963467773200168,0.93713742,101711353607.0444616,0.002068230150363359,0.001928372615777272,1.0051044342882303,0.00267050573417776,-27.421392799424172,1,1242
2016-04-24,0.00194241082320694,197565234.089351087983757964573104,0.93915204,101711353607.0443016,0.0020682602395315462,0.0019278562837759436,1.007549597733753,0.00267050573417776,-27.26430809162812,1,1243
2016-04-25,0.00185553908962229,188729392.476264896395478925920564,0.89721074,101711353607.0438116,0.0020681195697928117,0.001926975340566194,0.9629283004094312,0.00267050573417776,-30.517314908758113,1,1244
2016-04-26,0.00181999717398754,185114376.127263771345444515433864,0.88005663,101711353607.0419716,0.00206804552337449,0.0019254069119306783,0.9452532670938425,0.00267050573417776,-31.84822070610864,1,1245
2016-04-27,0.00181939043697009,185052664.083933321907372078525044,0.87980443,101711353607.0408116,0.0020679487110221643,0.0019239084789268387,0.9456741091888897,0.00267050573417776,-31.87094063550946,1,1246
2016-04-28,0.00192474525285726,196029910.691494056405249019657596,0.93039075,101847197908.6531746,0.002068749343066083,0.0019228827733037198,1.0009685871543486,0.00267050573417776,-27.925814641626946,1,1247
2016-04-29,0.00187831095707481,191300707.779188898768534045046326,0.90800162,101847197908.6526246,0.002068620711353808,0.001922061974311308,0.9772374575735654,0.00267050573417776,-29.664597494184523,1,1248
2016-04-30,0.00188966486291795,192457071.31244284650796584928697,0.91348305,101847197928.6622366,0.0020686370293547867,0.001920926996859079,0.9837254960796293,0.00267050573417776,-29.23943810591473,1,1249
2016-05-01,0.00188691806698163,192177317.843045893765366305914958,0.9121574,101847197928.6617466,0.0020686320880383474,0.001920132060694163,0.9827022347095618,0.00267050573417776,-29.342294875745477,1,1250
2016-05-02,0.00185801809986671,189233937.172159984840357195776186,0.89820564,101847197928.6612966,0.0020685887697907464,0.0019198140350857099,0.9678114994006485,0.00267050573417776,-30.42448566624075,1,1251
2016-05-03,0.00186938683591066,190391811.082226529814154493442956,0.9036942,101847197928.6611166,0.0020686055481053877,0.0019195779525548128,0.9738530458857624,0.00267050573417776,-29.99877094492598,1,1252
2016-05-04,0.00186756238395144,190205995.762423078891146547969104,0.90284419,101847197928.6603466,0.0020685323166907015,0.001919106235820391,0.9731417412403348,0.00267050573417776,-30.067089538511837,1,1253
2016-05-05,0.0018635295762669,189795265.59996689610991032003054,0.9008964,101847197928.6600166,0.0020685281640229662,0.0019186189705318966,0.9712869542566213,0.00267050573417776,-30.21810242093808,1,1254
2016-05-06,0.00182887354651629,186265646.078534202990623741565714,0.88419073,101847197928.6595866,0.0020684152010011347,0.0019180215717292354,0.9535208432861514,0.00267050573417776,-31.51583525510031,1,1255
2016-05-07,0.00180751889647782,184090734.809368475115974327370612,0.87387666,101847197928.6593566,0.002068391317921021,0.0019177831629552686,0.9425043098681014,0.00267050573417776,-32.31548341781227,1,1256
2016-05-08,0.0018207938330606,185442749.90300448770815638875196,0.88030422,101847197928.6589266,0.0020683688566897934,0.0019173717043919041,0.9496300737566512,0.00267050573417776,-31.818388938183034,1,1257
2016-05-09,0.00180286808122502,183617062.307785501348259445256332,0.87167039,101847197928.6585666,0.002068291067251946,0.00191659504309594,0.9406619764145832,0.00267050573417776,-32.48963826770748,1,1258
2016-05-10,0.00176526429578844,179787222.129557811472436729191704,0.85352395,101847197928.6577066,0.002068207102786559,0.0019155584722327305,0.9215402825740365,0.00267050573417776,-33.89775302871764,1,1259
2016-05-11,0.00178835144272472,182138583.353184140412086231731152,0.86467935,101847197928.6571566,0.002068224993143088,0.0019148189078168959,0.933953302541616,0.00267050573417776,-33.03322962999188,1,1260
2016-05-12,0.00179053651581356,182361126.924550986508414291085896,0.86574288,101847197928.6566966,0.0020682081911127703,0.0019144204570623663,0.9352890631774259,0.00267050573417776,-32.95140718486941,1,1261
2016-05-13,0.00176954059418337,180222751.138576551780492131983542,0.85561423,101847197928.6510966,0.002068152366029922,0.0019140152113462205,0.924517518823043,0.00267050573417776,-33.73762237105977,1,1262
2016-05-14,0.00179419231970994,182733460.307562166881563456278404,0.86752383,101847197928.6501266,0.0020681764092981055,0.0019132421287367536,0.9377758793627349,0.00267050573417776,-32.814511620497754,1,1263
2016-05-15,0.0017764672591224,180928212.55360486558730515981584,0.85896047,101847197928.6496766,0.002068159503454682,0.0019122408128496027,0.9289976697417758,0.00267050573417776,-33.478245847340645,1,1264
2016-05-16,0.00170630488874853,173782371.730993009452602564166198,0.82507358,101847197928.6490366,0.0020680639037654438,0.0019107812717650142,0.8929880745441854,0.00267050573417776,-36.10555233374566,1,1265
2016-05-17,0.001683470738046,171456777.4648585734896553319836,0.8141365,101847197928.6482866,0.002067799119737292,0.0019086150194826004,0.8820378760837615,0.00267050573417776,-36.960602012549685,1,1266
2016-05-18,0.00170884175524709,174040744.475388580158115009067194,0.82639043,101847197928.6479666,0.002067838267738761,0.001906426405387263,0.8963586270197319,0.00267050573417776,-36.01055660068685,1,1267
2016-05-19,0.00163031256112645,166042766.09860500737935853911357,0.78844691,101847197928.6470266,0.0020677518555135815,0.0019039530184362602,0.8562777260467517,0.00267050573417776,-38.95116792818204,1,1268
2016-05-20,0.00162990797049167,166001559.676143057458705852898822,0.78825114,101847197928.6461466,0.002067752125917217,0.001901081764985787,0.8573581633948584,0.00267050573417776,-38.966318265797945,1,1269
2016-05-21,0.00162468386919182,165469499.597056523421735902357412,0.78574834,101847197928.6452766,0.002067689852442857,0.0018984169586632022,0.8558098165831096,0.00267050573417776,-39.16194043702158,1,1270
2016-05-22,0.00163080168250276,166092581.740223981936818136489016,0.78870442,101847197928.6438366,0.002067696897784293,0.0018965189956170357,0.8598920898085578,0.00267050573417776,-38.932852244749874,1,1271
2016-05-23,0.00157215670812821,160150293.630050635332095775767367,0.76039622,101866622329.7317227,0.002067549347007814,0.0018946559765415547,0.8297847881587322,0.00267050573417776,-41.12887727566434,1,1272
2016-05-24,0.00159575158185038,162553823.720423361499870370745626,0.77180774,101866622329.7309227,0.002067550633594812,0.0018933186673800563,0.8428330683806943,0.00267050573417776,-40.245341493651324,1,1273
2016-05-25,0.0015315057935132,156009322.26359879239114723061764,0.74077804,101866622329.7275127,0.0020674287179371573,0.0018913908834866057,0.8097246353910778,0.00267050573417776,-42.65109511233662,1,1274
2016-05-26,0.00147701238316807,150458262.612510781303663433794789,0.71448381,101866622329.7263027,0.0020672440193824264,0.001889559042191166,0.7816704057340809,0.00267050573417776,-44.691660299960475,1,1275
2016-05-27,0.0014202678983197,144677893.60516586179553556781319,0.68723621,101866622329.7255027,0.002066637173148516,0.001887205064920418,0.752577409164378,0.00267050573417776,-46.8165194276583,1,1276
2016-05-28,0.00138878206861119,141470538.481510064154123171874113,0.67202882,101866622329.7248127,0.0020665513550612163,0.0018846744201022943,0.7368816883161237,0.00267050573417776,-47.995540663431996,1,1277
2016-05-29,0.00143979693841373,146667250.956867045565779479477071,0.6966989,101866622329.7120027,0.0020665985527086807,0.0018828415519269708,0.7646936285956658,0.00267050573417776,-46.0852332205518,1,1278
2016-05-30,0.00145454209997639,148169290.760947343335572393202953,0.70383066,101866622329.7025327,0.002066608038894455,0.001879781666343715,0.7737824695383689,0.00267050573417776,-45.53308456294182,1,1279
2016-05-31,0.00153187433606969,156046864.448973638493045458164263,0.7412451,101866622329.7016927,0.00206662322094229,0.001877609356392196,0.8158642429291939,0.00267050573417776,-42.637294634330786,1,1280
2016-06-01,0.00150028151100418,152945233.93953300995421761334745,0.7259705,101944356987.4846525,0.0020665874315887217,0.0018754290881352253,0.7999670691339966,0.00267050573417776,-43.82032242794971,1,1281
2016-06-02,0.00150999001147739,153934960.777586187879054589322975,0.73075276,101944356987.4840525,0.0020663486942935254,0.0018736548781094864,0.8059061618652879,0.00267050573417776,-43.45677703843946,1,1282
2016-06-03,0.00151957765917442,154912367.35708080239966815756345,0.73539171,101944356987.4829725,0.00206635135875331,0.001871787953859255,0.8118321608178708,0.00267050573417776,-43.097757112950255,1,1283
2016-06-04,0.00151994435538394,154949749.96636921496293043495525,0.73558382,101944356987.4824125,0.002066310207018882,0.0018699260255622705,0.8128366227358679,0.00267050573417776,-43.08402577342056,1,1284
2016-06-05,0.00149282839619736,152185430.9429935149588933886734,0.72247235,101944356987.4817525,0.0020662775484727685,0.0018679124926221408,0.7991961090756212,0.00267050573417776,-44.09941244117954,1,1285
2016-06-06,0.00149570151923879,152478329.623997535579586658766675,0.7238621,101944356987.4814325,0.002066279639780547,0.0018662401885362482,0.801451779050968,0.00267050573417776,-43.991825215109984,1,1286
2016-06-07,0.00149240499901608,152142267.9895961654797904084826,0.72230761,101944356987.4807825,0.002066162640894895,0.0018648591117210297,0.8002776132716957,0.00267050573417776,-44.11526701044187,1,1287
2016-06-08,0.00146940591503214,149797641.16155161437900775410095,0.71119141,101944356987.4802925,0.0020661187612377664,0.0018630420947682305,0.788713212201971,0.00267050573417776,-44.97649279586493,1,1288
2016-06-09,0.00154086153821975,157082138.720550661832700439526875,0.74574249,101944356987.4792925,0.002066211271158426,0.0018616639875463491,0.827679725518345,0.00267050573417776,-42.300759047268016,1,1289
2016-06-10,0.00157638616179923,160703673.628581860408137671999175,0.76293424,101944356987.4785725,0.0020662149883314057,0.00186043696426652,0.8473203833706467,0.00267050573417776,-40.97050076978793,1,1290
2016-06-11,0.00159417309968173,162516951.573789132122489027480625,0.7713789,101944356987.4783125,0.002066653754311571,0.0018593985950070648,0.8573595268720061,0.00267050573417776,-40.30444948014423,1,1291
2016-06-12,0.00159553385093513,162655672.485335432393185859048525,0.77202766,101944356987.4773925,0.002066679645823998,0.0018579186511133625,0.8587748715364918,0.00267050573417776,-40.253494665257115,1,1292
2016-06-13,0.00154631808756352,157638403.1347675560582804812704,0.74823114,101944356987.4765825,0.0020666315592846353,0.0018563625505160705,0.8329828066902353,0.00267050573417776,-42.096432605503225,1,1293
2016-06-14,0.0017521736617636,178624217.278880751054505504933,0.84759518,101944356987.4755925,0.002067229383918394,0.0018564530326837011,0.9438287050174632,0.00267050573417776,-34.38794609804167,1,1294
2016-06-15,0.00165978130349261,169205337.724385348472105371832225,0.80300403,101944356987.4738725,0.002066965097911912,0.0018564979475148339,0.894038857255105,0.00267050573417776,-37.84767872802747,1,1295
2016-06-16,0.00168488121890122,171764132.46114728736526524400605,0.81514493,101944356987.4686525,0.0020669713530589214,0.001856751379545073,0.9074350165901246,0.00267050573417776,-36.90778501848118,1,1296
2016-06-17,0.00164264645731324,167458536.8485242958903192185271,0.79471931,101944356987.4581025,0.002066951735843993,0.0018565432788669237,0.8847875920866073,0.00267050573417776,-38.489311732595645,1,1297
2016-06-18,0.00172895425994757,176257130.291070980920596140984625,0.83643939,101944356987.4520125,0.0020670406972913722,0.0018572123378989818,0.9309405417279819,0.00267050573417776,-35.257421924993196,1,1298
2016-06-19,0.00182735799653418,186288835.94251565209865972488785,0.88397337,101944356987.4301825,0.0020672093284147012,0.0018580760322637468,0.9834678262911868,0.00267050573417776,-31.572586677226607,1,1299
2016-06-20,0.00171430699133591,174763923.910758892343957988579675,0.82933296,101944356987.4088925,0.0020670913541599866,0.0018583372024819694,0.9224951150126603,0.00267050573417776,-35.80590487427882,1,1300
2016-06-21,0.00168659249601421,171938587.505938777782856321494625,0.81596954,101944356987.3977125,0.0020669797257557064,0.0018579221263717045,0.9077842779707456,0.00267050573417776,-36.84370438045488,1,1301
2016-06-22,0.00161940374448137,165089073.434095914826700513794125,0.78349946,101944356987.3721125,0.0020668855910652064,0.001856952892316622,0.8720758351931587,0.00267050573417776,-39.35966046596117,1,1302
2016-06-23,0.00164088674914913,167279144.531086533202597397212225,0.79388636,101944356987.3593825,0.0020669038187646027,0.0018558235090989752,0.8841825427385605,0.00267050573417776,-38.55520592415602,1,1303
2016-06-24,0.00181450205465695,184978245.214218324129837931903875,0.87773173,101944356987.3445725,0.0020672626870364475,0.0018556101182708627,0.9778466051628243,0.00267050573417776,-32.0539914430991,1,1304
2016-06-25,0.00181269774879448,184794306.413235562358829713363,0.87678878,101944356987.3309125,0.002067428085467152,0.0018531615154570435,0.9781650081090834,0.00267050573417776,-32.12155564411833,1,1305
2016-06-26,0.00208394368138463,212446298.596537843224721222706675,1.00751665,101944356987.3167725,0.0020683962705575435,0.0018518457558019854,1.1253332923951485,0.00267050573417776,-21.96445584393139,1,1306
2016-06-27,0.00299763288955786,305591757.40996207866813161826985,1.44682286,101944356987.3013225,0.002071872772011537,0.001855442920323591,1.615588847667203,0.00299763288955786,0.0,1,1307
2016-06-28,0.00236439758937658,241036991.91128117647414322057785,1.14243239,101944356987.2845825,0.002069617082002183,0.0018566043506652687,1.2735064358377464,0.00299763288955786,-21.124511356515043,1,1308
2016-06-29,0.00201662656807378,205583698.76572401837370574708385,0.97499167,101944356987.2687325,0.002068352612770302,0.0018566410091046734,1.0861693554028822,0.00299763288955786,-32.72603276076194,1,1309
2016-06-30,0.00212314987688389,216608291.904341344326045767424544,1.02660382,102022139022.1652896,0.002068129725918894,0.0018571138577363753,1.143252401051912,0.00299763288955786,-29.172451894299606,1,1310
2016-07-01,0.00204893842140113,209037080.476010747278450730996048,0.99083792,102022139022.1500496,0.00206788454503349,0.0018572846702688854,1.1031902939814273,0.00299763288955786,-31.648120470704445,1,1311
2016-07-02,0.00203416212289372,207529570.895418462773511251254512,0.98371525,102022139022.1320996,0.0020678363204125584,0.0018582560470234472,1.0946619149454881,0.00299763288955786,-32.141052695957335,1,1312
2016-07-03,0.00196294654922209,200264005.737721131448062251491964,0.94937926,102022139022.1171196,0.0020676105239776253,0.0018589750895474653,1.055929452879293,0.00299763288955786,-34.516779687734974,1,1313
2016-07-04,0.00192174336369404,196060368.615611934922191553929184,0.94592434,102022139022.1106696,0.002031603673179654,0.0018593677556467863,1.0335466762063732,0.00299763288955786,-35.891303755427835,1,1314
2016-07-05,0.0018520077056079,188945787.61154106825885216457884,0.91173048,102022139022.1061796,0.002031310509228451,0.0018594337551457786,0.9960062844307694,0.00299763288955786,-38.21766127335678,1,1315
2016-07-06,0.001855606189825,189312912.66859786257199869482,0.91357425,102022139022.1013096,0.0020311498379305243,0.0018595626816571883,0.9978723536069984,0.00299763288955786,-38.097617080165705,1,1316
2016-07-07,0.00178281909750903,181887017.817312449256178030110588,0.87782899,102022139022.0951396,0.0020309412400575082,0.0018598326666389767,0.958591129991752,0.00299763288955786,-40.5257693922624,1,1317
2016-07-08,0.00186844897607122,190623161.192412748558932913720912,0.9197926,102022139022.0862696,0.0020313807439538215,0.0018602470528784212,1.0044090504968721,0.00299763288955786,-37.669186157521466,1,1318
2016-07-09,0.0017756965917225,181160364.541740664663701479061,0.87426376,102022139022.0766996,0.0020310765159961565,0.0018605581545430702,0.9543891908923368,0.00299763288955786,-40.76337373038335,2,0
2016-07-10,0.0018298589089997,186686120.00473741770335452594312,0.90090383,102022139022.0681896,0.0020311367851546373,0.0018609426676922769,0.9832967671534323,0.00299763288955786,-38.95653749416936,2,1
2016-07-11,0.00179458513750926,183087414.385884488748155179852296,0.88357686,102022139022.0555996,0.002031045875861054,0.0018609983246587697,0.9643131397435906,0.00299763288955786,-40.1332583532617,2,2
2016-07-12,0.00196919503619786,200901489.744493592921494265105856,0.96937856,102022139022.0422496,0.002031399411389767,0.0018620668338444346,1.0575318782367482,0.00299763288955786,-34.308332315892464,2,3
2016-07-13,0.00214605407383638,218945027.069727684912028781673648,1.05572748,102022139022.0293896,0.002032772769954212,0.001864433168555289,1.15104907487744,0.00299763288955786,-28.408375778365745,2,4
2016-07-14,0.00204326358762791,208458121.795598029386395270578936,1.00539501,102022139022.0161096,0.0020322993125139045,0.0018659395660683615,1.0950320282522226,0.00299763288955786,-31.837430969431225,2,5
2016-07-15,0.00198268621040481,202277888.194922482557146561329176,0.97574137,102022139022.0003096,0.002031979243029134,0.001867266300376963,1.0618122385674427,0.00299763288955786,-33.858271394358475,2,6
2016-07-16,0.0019715713294208,201143924.26191533387341416583168,0.97033232,102022139021.9782496,0.002031851654102174,0.0018683672398926172,1.0552375824862539,0.00299763288955786,-34.22905999301336,2,7
2016-07-17,0.00192227409400865,196114514.85721279360238985184254,0.94615265,102022139021.9340396,0.002031674375174714,0.0018690103915935195,1.028498344714776,0.00299763288955786,-35.873598775059534,2,8
2016-07-18,0.00199518413192484,203552952.881504365279122836626464,0.9818305,102022139021.8897096,0.002032106490809605,0.001870197482048602,1.066830722999011,0.00299763288955786,-33.44134504011522,2,9
2016-07-19,0.00191241883368509,195109060.118215840825433426419164,0.94127826,102022139021.8454796,0.0020317252771620263,0.0018709790804871617,1.022148699378904,0.00299763288955786,-36.20236686263591,2,10
2016-07-20,0.00187691821651536,191487211.217880096075237470609856,0.92387174,102022139021.8005996,0.0020315787736026646,0.0018714604851814462,1.0029162952555661,0.00299763288955786,-37.38665521540236,2,11
2016-07-21,0.00187429145962303,191219223.860946521351227905013288,0.92260264,102022139021.7537496,0.0020315262263102024,0.0018720727634429569,1.0011851548846813,0.00299763288955786,-37.47428291996485,2,12
2016-07-22,0.00184904618101495,188643646.53707114181721796794102,0.91022963,102022139021.7110596,0.00203140627383768,0.0018724972401276926,0.9874760514407256,0.00299763288955786,-38.31645671302741,2,13
2016-07-23,0.00216134341438475,220504878.2959207872137143729786,1.06318309,102022139021.6648696,0.0020328985992288024,0.001874802001472936,1.1528382264829529,0.00299763288955786,-27.898328647456882,2,14
2016-07-24,0.0022836753201126,232985440.98876920470487023328496,1.12303401,102022139021.6195496,0.002033487231711353,0.0018779561203176468,1.2160429604320722,0.00299763288955786,-23.817378436575883,2,15
2016-07-25,0.00217705118696619,222107418.853739945713674292889424,1.07086764,102022139021.5706096,0.0020329787787463542,0.0018801741027331302,1.1578987200182695,0.00299763288955786,-27.374322768145998,2,16
2016-07-26,0.00193274237180983,197182510.949575634906750164120668,0.95126436,102022139021.5256196,0.0020317615723665183,0.0018811184336565865,1.0274432152859696,0.00299763288955786,-35.52438063571879,2,17
2016-07-27,0.00191503619368971,195376088.783758840711603955548716,0.9425858,102022139021.4702596,0.0020316836872459887,0.0018818855927081773,1.0176156303603061,0.00299763288955786,-36.11505263500859,2,18
2016-07-28,0.00194466446040328,198398827.929341088968475727612288,0.95711821,102022139021.4523696,0.002031791308623498,0.001882794313760924,1.0328608102277348,0.00299763288955786,-35.126663869433635,2,19
2016-07-29,0.00201038599252738,205260354.390438362557371553760894,0.98933899,102099972419.9196863,0.00203204969464246,0.0018842563200360085,1.0669387021023558,0.00299763288955786,-32.9342162100475,2,20
2016-07-30,0.001935499217219,197614416.6968349000519598791897,0.95260887,102099972419.9190963,0.002031787943795862,0.0018852702210092765,1.0266428629964959,0.00299763288955786,-35.43241322307219,2,21
2016-07-31,0.00191403103221188,195422515.599701289528723055902844,0.94208772,102099972419.9186063,0.002031690883532459,0.0018858314985980425,1.014953368651866,0.00299763288955786,-36.14858447545949,2,22
2016-08-01,0.00188721609001698,192684710.741158136405082965577774,0.92894538,102099972419.9174663,0.002031568411500125,0.0018861926831203848,1.0005425781288166,0.00299763288955786,-37.0431217047616,2,23
2016-08-02,0.00169443226945207,173001487.978472813315042671620241,0.83431478,102099972419.9164663,0.0020309268277041307,0.001886403072125918,0.898234473050607,0.00299763288955786,-43.474323511909674,2,24
2016-08-03,0.00180709776466993,184504631.932871153803252299497159,0.88961797,102099972419.9046263,0.002031318864512067,0.0018866257621483462,0.9578464372351961,0.00299763288955786,-39.715841423915315,2,25
2016-08-04,0.001908287901188,194836142.0804824494483893166844,0.93927659,102099972419.8784063,0.0020316570449051647,0.0018877199260584176,1.0108956709338384,0.00299763288955786,-36.34017334692824,2,26
2016-08-05,0.00192510053410646,196552711.437674604893562484531298,0.94752514,102099972419.8326163,0.002031714466284726,0.0018889399509974965,1.0191433206174012,0.00299763288955786,-35.77930970758714,2,27
2016-08-06,0.00194886518641931,198979081.783297225027923363287053,0.95914549,102099972419.7883463,0.0020318765054291293,0.0018894735955719687,1.0314328768533876,0.00299763288955786,-34.98652909740524,2,28
2016-08-07,0.00190579557458345,194581675.602630535248835668570235,0.93801835,102099972419.7388163,0.0020317252584487818,0.0018898908877357965,1.0084156640739765,0.00299763288955786,-36.423316503424545,2,29
2016-08-08,0.00184768522434965,188648610.446361576712940785120795,0.90952083,102099972419.6865263,0.002031493027322585,0.0018905672134933913,0.9773179240401064,0.00299763288955786,-38.3618577583002,2,30
2016-08-09,0.00186928710929422,190854162.303314062571833703859586,0.99662632,102099972419.6323063,0.001875614833545857,0.0018912480612745617,0.9883881165934724,0.00299763288955786,-37.64122632208199,2,31
2016-08-10,0.00188141381840274,192092298.968767353316506878128062,0.99713523,102099972419.5964263,0.0018868191212166277,0.0018923716065936116,0.9942094945027228,0.00299763288955786,-37.236683485940745,2,32
2016-08-11,0.00189471986995312,193450846.465073666963853130538256,1.00416827,102099972419.5957863,0.001886854949074541,0.001893454370524372,1.0006683548589541,0.00299763288955786,-36.79279819242362,2,33
2016-08-12,0.00187676712468359,191617871.668197311506093806243817,0.99472035,102099972419.5950863,0.0018867283902290624,0.0018942796828457075,0.9907550303576033,0.00299763288955786,-37.391695586833315,2,34
2016-08-13,0.00204828843906018,209130193.135417390723581645777534,1.08515405,102099972419.5938863,0.001887555448058439,0.0018955275224973342,1.0805901865046965,0.00299763288955786,-31.669803657568796,2,35
2016-08-14,0.00201216007859751,205441488.528611544859680932992713,1.06611349,102099972419.5928463,0.0018873788742674196,0.0018956587907696713,1.0614568868591256,0.00299763288955786,-32.87503331022312,2,36
2016-08-15,0.00203721506657089,207999602.109665182434298461985507,1.07931886,102099972419.5920163,0.0018875006655316763,0.0018961991030707543,1.0743676986619026,0.00299763288955786,-32.03920754714658,2,37
2016-08-16,0.00201483452285697,205714549.213736804648590507523511,1.06752211,102099972419.5911863,0.00188739371670435,0.0018968038079739463,1.0622261060352347,0.00299763288955786,-32.78581477152959,2,38
2016-08-17,0.00201388529959838,205735285.86845588953418041079143,1.06702799,102158392987.6665485,0.0018873781367238363,0.001897818927774101,1.0611577691241652,0.00299763288955786,-32.81748053226689,2,39
2016-08-18,0.00197329185320031,201588324.618597090689112256675035,1.04562885,102158392987.6660485,0.0018871819127793863,0.0018994443851827324,1.0388784576130001,0.00299763288955786,-34.171663912742716,2,40
2016-08-19,0.00196565508769091,200808164.926531913427616823795835,1.04160148,102158392987.6654185,0.0018871469803315851,0.0019003748210759375,1.0343512584417491,0.00299763288955786,-34.42642377796846,2,41
2016-08-20,0.00193636788385001,197816231.247042631973124816375285,1.02613431,102158392987.6650285,0.0018870511052788111,0.0019010259574445887,1.0185909751873818,0.00299763288955786,-35.40343480366547,2,42
2016-08-21,0.00191998697146432,196142783.56204786267076028201632,1.01751656,102158392987.6645385,0.0018869343723155916,0.0019015096325704474,1.0097171944740007,0.00299763288955786,-35.94989639483469,2,43
2016-08-22,0.00192229594846673,196378664.942048278446714653016305,1.01873895,102158392987.6586785,0.001886936735330214,0.001902171832410229,1.0105795468703802,0.00299763288955786,-35.87286971787057,2,44
2016-08-23,0.00187966539810314,192023596.42468182605572069885389,0.99622074,102158392987.6359885,0.0018867960910983843,0.0019027097759584356,0.9878886532531281,0.00299763288955786,-37.29501018450649,2,45
2016-08-24,0.00188077486491352,192136937.77105939259831661411692,0.99680788,102158392987.6126085,0.0018867977497464407,0.0019029717754570274,0.9883356596089417,0.00299763288955786,-37.257998754112705,2,46
2016-08-25,0.0018899650321117,193075790.48327065320625396164045,1.00168888,102158392987.5902385,0.0018867784896560897,0.0019036409894277234,0.9928158947028479,0.00299763288955786,-36.95141794396101,2,47
2016-08-26,0.00189870886321449,193969046.217240772719272690112165,1.00631267,102158392987.5661085,0.001886798129267805,0.0019040446950400291,0.9971976331020806,0.00299763288955786,-36.65972675211265,2,48
2016-08-27,0.0018756686706689,191615297.17261234413326035585365,0.99414506,102158392987.5411285,0.0018867152754034708,0.0019044846042149432,0.9848694321380868,0.00299763288955786,-37.42833963415866,2,49
2016-08-28,0.00180202451756738,184091928.83879070302583990272953,0.9552838,102158392987.5178685,0.0018863760879933064,0.0019043646085085643,0.946260243188759,0.00299763288955786,-39.885083198657725,2,50
2016-08-29,0.0018209623427066,186026586.6216478767387775178321,0.9652931,102158392987.4936185,0.0018864346411536555,0.0019040665713937301,0.9563543470928646,0.00299763288955786,-39.253323879323155,2,51
2016-08-30,0.00186280659911729,190301328.612275701286652881324865,0.98716662,102158392987.4695185,0.00188702348861562,0.00190222939348695,0.9792754782863519,0.00299763288955786,-37.857413907943645,2,52
2016-08-31,0.0018999455576505,194095384.93320929934368984630925,1.00672785,102158392987.4445685,0.0018872484332786662,0.001900498222366253,0.9997092000880354,0.00299763288955786,-36.61847105197945,2,53
2016-09-01,0.00190628352588101,194742861.582398499668589121857185,1.01007134,102158392987.4208685,0.0018872761263387693,0.001899409341206179,1.0036191170200655,0.00299763288955786,-36.40703861632037,2,54
2016-09-02,0.00189922769337744,194022049.07260108796067394120584,1.00634706,102158392987.3975485,0.0018872492094103598,0.0018978393529191287,1.0007315373960266,0.00299763288955786,-36.642418756702085,2,55
2016-09-03,0.00190919061355932,195039844.98779969060129315618742,1.01160663,102158392987.3745185,0.0018872855880346696,0.0018940327773160365,1.0080029429399648,0.00299763288955786,-36.310059173359335,2,56
2016-09-04,0.00195539056950691,199759558.243447986998041689673735,1.03598504,102158392987.3515085,0.0018874698900158927,0.001893666230018895,1.0325951524664403,0.00299763288955786,-34.76884456671001,2,57
2016-09-05,0.00192017507505474,196161999.92190707855543677014729,1.01740035,102158392987.3243085,0.0018873347891562452,0.0018926610679546934,1.0145372077261459,0.00299763288955786,-35.94362132389204,2,58
2016-09-06,0.0019029227684295,194399532.00169754534997065245575,1.00829464,102158392987.2977985,0.0018872685551809538,0.0018911579139532294,1.00622097942719,0.00299763288955786,-36.51915232654876,2,59
2016-09-07,0.00193883798932878,198068573.25252622936115174008263,1.02727317,102158392987.2846085,0.0018873636009872428,0.0018905630785742533,1.0255346734005473,0.00299763288955786,-35.32103293626621,2,60
2016-09-08,0.00196625075576772,200869017.41926267296415084670202,1.04176053,102158392987.2838785,0.0018874306514259282,0.0018897566636897772,1.040478276144076,0.00299763288955786,-34.40655249623531,2,61
2016-09-09,0.00201703016846619,206056560.617370272428972952776515,1.06848984,102158392987.2808185,0.001887739211882623,0.001890093300567457,1.0671590486356537,0.00299763288955786,-32.71256879078029,2,62
2016-09-10,0.00202533121587531,206904582.280783308872355346114635,1.07397068,102158392987.2739585,0.0018858347379421103,0.00189082858268243,1.0711342288903138,0.00299763288955786,-32.435648710338285,2,63
2016-09-11,0.00196230971311188,200466406.83481606922060669620218,1.04068074,102158392987.2677485,0.0018856020272959794,0.0018911202700914837,1.0376440589984013,0.00299763288955786,-34.53802432087294,2,64
2016-09-12,0.00195134695305214,199346468.88439524611845896938979,1.03488942,102158392987.2611985,0.0018855608293416892,0.001891334792969639,1.0317300566275072,0.00299763288955786,-34.90373821792579,2,65
2016-09-13,0.00195849364272411,200076563.216450313465652890169335,1.03866499,102158392987.2550485,0.0018855874238373144,0.0018915345286873988,1.0353993612176757,0.00299763288955786,-34.665327113722036,2,66
2016-09-14,0.00195643042794201,199865788.509902611452931534751085,1.03757867,102158392987.2444085,0.001885573098704901,0.0018911604619655082,1.0345131824026532,0.00299763288955786,-34.734155247723606,2,67
2016-09-15,0.00233405246284646,238625005.20431292790671634022193,1.22183945,102236350297.4998455,0.0019102775432946282,0.001893107578481859,1.232921197599456,0.00299763288955786,-22.136814318489673,2,68
2016-09-16,0.00208976393183029,213649837.373591650011874873966095,1.09450026,102236350297.4565555,0.001909331599272795,0.0018941004392930855,1.1033015401285846,0.00299763288955786,-30.28619551413707,2,69
2016-09-17,0.00217663040936058,222530748.99939547129790614295439,1.13984812,102236350297.4156455,0.0019095793300607277,0.0018956642324596176,1.1482151596732981,0.00299763288955786,-27.38835976403952,2,70
2016-09-18,0.00209871385511476,214564844.86546204773039554074038,1.09917423,102236350297.3726755,0.001909355039295963,0.0018970348884696535,1.1063127346106967,0.00299763288955786,-29.987629158141754,2,71
2016-09-19,0.00213668670263781,218447050.206539724768005688279555,1.1189981,102236350297.3363655,0.0019094641024303884,0.0018984676418507828,1.125479652924077,0.00299763288955786,-28.72086805289345,2,72
2016-09-20,0.00205296522168856,209887671.55272348353426931609988,1.07532831,102236350297.2988855,0.001909152026034319,0.0018992035026132292,1.0809611602252003,0.00299763288955786,-31.513787801035072,2,73
2016-09-21,0.0020853694688947,213200563.52116009023980584143485,1.0922152,102236350297.2746255,0.0019093027352985932,0.0019009399995817023,1.0970201423262076,0.00299763288955786,-30.432793283026584,2,74
2016-09-22,0.00213437132563588,218210334.51213402277199483320654,1.11774093,102236350297.2585955,0.001909540277491565,0.0019021513778823271,1.122082790283539,0.00299763288955786,-28.79810823163566,2,75
2016-09-23,0.00207848528934475,212496750.129041042432837655353625,1.08856535,102236350297.2067755,0.0019093803503342725,0.0019005402640848643,1.0936286531901331,0.00299763288955786,-30.66244714003925,2,76
2016-09-24,0.00224446479096568,229465888.59879342217449360141044,1.17507307,102236350297.1529455,0.0019100640192236556,0.0019006835219315316,1.1808724414492673,0.00299763288955786,-25.12542817420414,2,77
2016-09-25,0.00248895158634441,254461326.254026242315857736499755,1.30223437,102236350297.0985555,0.0019112931156504568,0.001901742063618782,1.3087745357055627,0.00299763288955786,-16.96943294775761,2,78
2016-09-26,0.00241011798853593,246401666.933169802262999678169615,1.26121937,102236350297.0454055,0.0019109427319816139,0.0019021710002339847,1.2670353970486687,0.00299763288955786,-19.599294599032323,2,79
2016-09-27,0.00258690855542353,264476089.258561923694778929412115,1.35290161,102236350296.9905955,0.0019121187648106425,0.0019021786775054459,1.3599713770401696,0.00299763288955786,-13.701622222156452,2,80
2016-09-28,0.00317772100526725,324878597.840426601681799086242375,1.65564946,102236350296.9336155,0.0019193199297556926,0.0019071161247193869,1.666244107570964,0.00317772100526725,0.0,2,81
2016-09-29,0.00309539923043126,316462320.03109110221916363907493,1.61330987,102236350296.8890555,0.0019186637905037177,0.0019121139560287278,1.618836168561888,0.00317772100526725,-2.5905916441228456,2,82
2016-09-30,0.00282853608267209,289179205.775363762775845343035495,1.47535248,102236350296.8571055,0.0019171934307333051,0.0019158864474880096,1.476358938903028,0.00317772100526725,-10.988533040388576,2,83
2016-10-01,0.00274043229984765,280171796.571948615252075889066575,1.42964432,102236350296.8215355,0.0019168629997758115,0.0019187315599655764,1.4282520583008576,0.00317772100526725,-13.761079235551819,2,84
2016-10-02,0.00286101330872792,292499558.83487310801570873555956,1.49214466,102236350296.7855555,0.0019173833378379815,0.0019224665774582575,1.4881992448006764,0.00317772100526725,-9.966504171208527,2,85
2016-10-03,0.00276232311351741,282409833.458067013116660174007455,1.44105884,102236350293.7423755,0.0019168704544482097,0.001925592946150187,1.4345311759892385,0.00317772100526725,-13.072195169471918,2,86
2016-10-04,0.00258992482967979,264784462.121502700545240751960545,1.35174718,102236350293.7032355,0.0019159831572053215,0.0019285605954710908,1.342931529225374,0.00317772100526725,-18.497412913630708,2,87
2016-10-05,0.00248677397578829,254238695.289952974826755753577295,1.2983605,102236350293.7017355,0.0019153185696794456,0.0019307716127250835,1.2879689961250604,0.00317772100526725,-21.743476797795548,2,88
2016-10-06,0.00230108288693871,235254316.083904969907419001066205,1.20192341,102236350293.7002355,0.0019145004313866473,0.0019320464212380017,1.1910080739489892,0.00317772100526725,-27.587007068130383,2,89
2016-10-07,0.00238616909785283,244092617.177309422520500835990295,1.24591601,102294769216.8814365,0.0019151925801586176,0.001933639242262722,1.2340301363870558,0.00317772100526725,-24.909421126095662,2,90
2016-10-08,0.00231230923356588,236537139.40568430170416193225862,1.20780477,102294769216.8808365,0.001914472678863389,0.0019348070761675386,1.1951110072153017,0.00317772100526725,-27.233724114448737,2,91
2016-10-09,0.00236480260238491,241906936.454442912494467098462775,1.23509255,102294769216.8805525,0.0019146764365026005,0.0019360604165874359,1.221450829800647,0.00317772100526725,-25.581805373564336,2,92
2016-10-10,0.00246064594888089,251711209.465220607494235733373445,1.21341028,102294769216.8797005,0.0020278762999114282,0.0019379787353889619,1.2696970838470145,0.00317772100526725,-22.56570212418799,2,93
2016-10-11,0.00266388428857427,272501428.520174675130908201715315,1.31297095,102294769216.8789345,0.002028898117337836,0.0019408446794647006,1.372538625455072,0.00317772100526725,-16.169975773243365,2,94
2016-10-12,0.00262720059970258,268748879.03302036875785107913093,1.29453411,102294769216.8785585,0.0020294564503229506,0.0019436604519791388,1.3516767278088226,0.00317772100526725,-17.32437821483232,2,95
2016-10-13,0.00252834886448483,258636863.592231938031169719765155,1.24617329,102294769216.8782785,0.0020288902713400557,0.001946288325573601,1.2990618251484847,0.00317772100526725,-20.435152730716418,2,96
2016-10-14,0.00247944388471573,253634139.973193942376834141787905,1.22220578,102294769216.8775485,0.00202866319672922,0.001948105225691723,1.2727463855733676,0.00317772100526725,-21.974148120432428,2,97
2016-10-15,0.00242802095353448,248373843.09555165031613855417508,1.19697345,102294769216.8771585,0.002028466841544798,0.001949974697001916,1.2451551075342464,0.00317772100526725,-23.592381159016167,2,98
2016-10-16,0.00241735040971169,247282302.277780458851138868913165,1.19173876,102294769216.8770285,0.0020284230830183705,0.001951997294292738,1.2383984428562245,0.00317772100526725,-23.92817350217981,2,99
2016-10-17,0.00228754010779435,234003387.401171935888906575800975,1.12826989,102294769216.8765485,0.0020274759860819734,0.0019534767541723977,1.1710096385372553,0.00317772100526725,-28.01318605369619,2,100
2016-10-18,0.0023816827379325,243633686.02461761217586676012625,1.17450324,102294769216.8739685,0.002027821343372795,0.0019552408277399426,1.218101987306331,0.00317772100526725,-25.05060280670557,2,101
2016-10-19,0.00235908304710433,241321855.866967728000848179140405,1.16332969,102294769216.8699285,0.0020278714343689875,0.001956673914750277,1.205659782818442,0.00317772100526725,-25.761794594490254,2,102
2016-10-20,0.00268038024869895,274188878.954103693203806742155575,1.32054538,102294769216.8655185,0.0020297524714364226,0.001959207381917982,1.3680941963759699,0.00317772100526725,-15.650862858757264,2,103
2016-10-21,0.00246337198056183,252086068.801515857036240307306111,1.21412831,102333740413.8297017,0.0020289222813376535,0.001960134879446717,1.2567359554650446,0.00317772100526725,-22.479916377848987,2,104
2016-10-22,0.00239144983284436,244726006.406982247555019851864612,1.17911219,102333740413.8259717,0.0020281783643033664,0.001961361526124878,1.2192804850053425,0.00317772100526725,-24.74324118195404,2,105
2016-10-23,0.00242377621843529,248034086.358557383902504338652193,1.19496285,102333740413.8241817,0.002028327674316645,0.0019628047300166893,1.2348534631943144,0.00317772100526725,-23.725959125494473,2,106
2016-10-24,0.00245616583211327,251348636.676776740004318732110859,1.21096345,102333740413.8212917,0.002028274125130094,0.001964360969819196,1.2503637925260451,0.00317772100526725,-22.70668733844041,2,107
2016-10-25,0.00234529184021833,240002486.371549280822585121476161,1.15659846,102333740413.8185017,0.002027749405976496,0.001965276902437167,1.1933645774343054,0.00317772100526725,-26.19579137593017,2,108
2016-10-26,0.00230420640753624,235798060.368666190372779126684408,1.13645995,102333740413.8164717,0.002027529793316729,0.001966743615510807,1.1715845366747442,0.00317772100526725,-27.488712705838893,2,109
2016-10-27,0.00217195376957215,222264153.246201689784418089967155,1.07166926,102333740413.8142317,0.0020267015679559107,0.001968301889651221,1.1034657747328664,0.00317772100526725,-31.65058335920569,2,110
2016-10-28,0.00208789951302813,213662566.776346251527567608616721,1.03043691,102333740413.8125317,0.0020262274116599048,0.001969234821841051,1.0602592894818599,0.00317772100526725,-34.29569463249543,2,111
2016-10-29,0.00194051641975584,198580303.568028175888386505703328,0.95812524,102333740413.8090117,0.002025326480028686,0.0019695633606737705,0.9852520911497898,0.00317772100526725,-38.93370700135959,2,112
2016-10-30,0.00212274298420079,217228229.510434680243071797050543,1.0475971,102333740413.8074817,0.002026297117661733,0.0019709658505762963,1.0770064755714133,0.00317772100526725,-33.199202174066734,2,113
2016-10-31,0.00206568393733445,211389163.820152620079872710336065,1.01958644,102333740413.8061517,0.00202600177512605,0.001971936772223322,1.047540654665834,0.00317772100526725,-34.99479866512939,2,114
2016-11-01,0.00198623494342311,203258851.101088030992582817734387,0.98052216,102333740413.8044117,0.0020256910291788915,0.001972534538980422,1.00694558405541,0.00317772100526725,-37.49498649721562,2,115
2016-11-02,0.00201677673494048,206384306.865995859116948906742816,0.99563385,102333740413.8028017,0.0020256208996314055,0.0019730390111789165,1.0221676933470412,0.00317772100526725,-36.53386399883564,2,116
2016-11-03,0.00200750453756331,205435448.226530885764258564340127,0.99108181,102333740413.8007517,0.002025568946284374,0.0019736451693256702,1.0171557525962016,0.00317772100526725,-36.825651646706575,2,117
2016-11-04,0.00200581245018608,205262290.596110798624197600949936,0.99025083,102333740413.8001717,0.002025559978764249,0.0019741573304959317,1.0160347502203364,0.00317772100526725,-36.87890010289343,2,118
2016-11-05,0.00201913495132058,206625631.968868634844340915783786,0.99680347,102333740413.7988617,0.0020256098740512813,0.001974670250149115,1.0225175323161462,0.00317772100526725,-36.45965306665527,2,119
2016-11-06,0.00197686241375067,202299725.082549669836907346160139,0.97603135,102333740413.7952017,0.002025408726626117,0.0019750504806960076,1.0009174110091725,0.00317772100526725,-37.78993151148543,2,120
2016-11-07,0.00202549488540152,207276467.812146921672108390320984,0.99991253,102333740413.7941717,0.002025672070937565,0.001975919769197294,1.0250896402662977,0.00317772100526725,-36.25951170527088,2,121
2016-11-08,0.00200103005774083,204772890.489047718894713914515411,0.98790025,102333740413.7932017,0.002025538568029343,0.001976357249590548,1.0124839819093403,0.00317772100526725,-37.02939765876202,2,122
2016-11-09,0.00195015364200349,199566516.567792459604776678785133,0.96288158,102333740413.7900817,0.0020253307182421017,0.001976416938465177,0.9867116619218603,0.00317772100526725,-38.630432351644416,2,123
2016-11-10,0.00193983411106081,198623987.828271119486874393601834,0.96108733,102392254417.9060714,0.0020183744499688806,0.001976404054904446,0.981496726970941,0.00317772100526725,-38.95517863760139,2,124
2016-11-11,0.00189574748355855,194109858.64862975630541142509447,0.93932391,102392254417.9047514,0.002018204224737077,0.0019766050968741274,0.9590926819709974,0.00317772100526725,-40.342544848454516,2,125
2016-11-12,0.00187649294883074,192138343.430079369465750118256636,0.92988089,102392254417.9036414,0.0020179928085528676,0.001976887575748343,0.9492158137118145,0.00317772100526725,-40.94846760554661,2,126
2016-11-13,0.00188055206546515,192553965.53321779856685727437621,0.93188232,102392254417.9015014,0.0020180145337075927,0.001977193383890819,0.9511219695488292,0.00317772100526725,-40.82073088392499,2,127
2016-11-14,0.00186855204676102,191325256.565039879148506542631228,0.92596095,102392254417.8987914,0.002017959879151513,0.0019769124178603374,0.945187065385224,0.00317772100526725,-41.19836059667319,2,128
2016-11-15,0.00184278712831989,188687128.480952115422489579208846,0.91329554,102392254417.8949014,0.0020177336334303024,0.001976734798716563,0.932237915534425,0.00317772100526725,-42.009159228725004,2,129
2016-11-16,0.00174058502264376,178222424.474511400891244995929264,0.86291063,102392254417.8915514,0.0020171092603688983,0.001975989399515192,0.88086759122838,0.00317772100526725,-45.225366866422725,2,130
2016-11-17,0.00177223948524198,181463596.262328362825096856405972,0.87852838,102392254417.8906414,0.0020172819974717034,0.0019754160066064934,0.8971474764378647,0.00317772100526725,-44.22922961756573,2,131
2016-11-18,0.00179919397346836,184223527.078505238852066809833304,0.89181829,102392254417.8891614,0.0020174445777158935,0.001975121885974502,0.910928072968347,0.00317772100526725,-43.38099630250435,2,132
2016-11-19,0.00176450379277446,180671521.271090942328306416831844,0.87471379,102392254417.8880614,0.002017235595170461,0.001974597470758821,0.893601768919706,0.00317772100526725,-44.472664848496876,2,133
2016-11-20,0.00174994146537783,179180451.739377256904693602531362,0.86753433,102392254417.8872814,0.00201714376580098,0.001974009366165953,0.8864909637063567,0.00317772100526725,-44.930928093523484,2,134
2016-11-21,0.00173574292586857,177726631.269581241890649980092498,0.8605189,102392254417.8864514,0.0020170886727398666,0.0019733704329139615,0.8795829191103767,0.00317772100526725,-45.37774326344323,2,135
2016-11-22,0.00170440385916736,174517753.578687419683358185643904,0.84506912,102392254417.8838614,0.0020168810087006373,0.0019727480844772168,0.863974408379178,0.00317772100526725,-46.36395528927129,2,136
2016-11-23,0.00171967753762712,176081659.949432627169543315907568,0.85233476,102392254417.8818314,0.0020176081257405483,0.0019723088776829635,0.8719108640059307,0.00317772100526725,-45.88330647100049,2,137
2016-11-24,0.0016723646114423,171237182.77425928169335661078722,0.82900128,102392254417.8801614,0.002017324522638011,0.001971566731574872,0.8482414440552202,0.00317772100526725,-47.37220137733104,2,138
2016-11-25,0.0016868090839926,172716184.88255790713786570098164,0.83612629,102392254417.8779214,0.0020174094561631354,0.0019709864365887097,0.855819732028217,0.00317772100526725,-46.91764691750409,2,139
2016-11-26,0.00164635291321738,168573786.351764182923058975565932,0.81616828,102392254417.8753214,0.002017173361867702,0.0019703918796758545,0.8355459288069227,0.00317772100526725,-48.190765945516986,2,140
2016-11-27,0.00163937360730084,167859159.484692407137068611810376,0.81271478,102392254417.8721314,0.0020171573689121785,0.001969646990498735,0.832318489155122,0.00317772100526725,-48.41039837721792,2,141
2016-11-28,0.00161946973351783,165821156.976396389957202423691162,0.80289212,102392254417.8691414,0.0020170452457770167,0.001968791656587256,0.8225703964659481,0.00317772100526725,-49.03675524586745,2,142
2016-11-29,0.00164716703799052,168657146.422649082006953657723928,0.81656592,102392254417.8666114,0.002017188077100401,0.001968179788806292,0.8368986651313661,0.00317772100526725,-48.16514617676477,2,143
2016-11-30,0.00161162257207183,165017668.425154161819073104906062,0.79889378,102392254417.8658514,0.002017317711588429,0.001967266940068101,0.8192190593189353,0.00317772100526725,-49.28369830452466,2,144
2016-12-01,0.00156010706392987,159742879.409015019238430084402518,0.77343528,102392254417.8646114,0.002017113912789019,0.0019661851390921385,0.7934690548267647,0.00317772100526725,-50.9048446561575,2,145
2016-12-02,0.00150227663673709,153821491.594796230703273522825226,0.74481093,102392254417.8633714,0.002016990589460187,0.0019651649978320814,0.7644531825034347,0.00317772100526725,-52.72471578697492,2,146
2016-12-03,0.00158956795404656,162759446.365215348593450278745184,0.78809846,102392254417.8617514,0.0020169661974045227,0.0019646954839120847,0.8090658155743433,0.00317772100526725,-49.97773714521311,2,147
2016-12-04,0.00152367255953115,156012268.36502688182313388162461,0.75556477,102392254417.8609414,0.002016600852804651,0.001963769637933505,0.775891698343257,0.00317772100526725,-52.05140548822323,2,148
2016-12-05,0.00151398110944675,155019938.94230518035240405207045,0.75077007,102392254417.8597414,0.0020165709448789694,0.001963187980675106,0.7711849931589935,0.00317772100526725,-52.3563866388131,2,149
2016-12-06,0.00260981719304326,267225066.014181592486665042450564,1.29028744,102392254417.8565014,0.0020226634098238295,0.001968087526787864,1.3260676456309692,0.00317772100526725,-17.871418267451972,2,150
2016-12-07,0.00274431338738645,280996434.56358607038631858623403,1.35679718,102392254417.8503414,0.0020226408396474185,0.0019736856743788373,1.3904510849987026,0.00317772100526725,-13.6389449282175,2,151
2016-12-08,0.00239471519455374,245200287.459027915741695806578636,1.18545897,102392254417.8459114,0.0020200742962480935,0.0019775052419390925,1.2109779249968216,0.00317772100526725,-24.640483208426232,2,152
2016-12-09,0.00253966352670699,260041873.962297137385878071115286,1.25656154,102392254417.8424514,0.0020211214857865137,0.0019823427760319863,1.2811424731451242,0.00317772100526725,-20.07909056530275,2,153
2016-12-10,0.00221449134129424,226746760.823902047964607626386336,1.09692281,102392254417.8393114,0.002018821489630834,0.0019854364748292056,1.1153675120654458,0.00317772100526725,-30.311964529812492,2,154
2016-12-11,0.00235649020006288,241286344.097976233021727822859232,1.16667449,102392254417.8362414,0.002019835198473295,0.0019895613968619543,1.184426981635081,0.00317772100526725,-25.843389140932572,2,155
2016-12-12,0.0022846964203026,234113779.60221618183960183956544,1.13146957,102470410301.2550944,0.0020192292226671195,0.001993599817047627,1.1460155647917674,0.00317772100526725,-28.102674321767445,2,156
2016-12-13,0.00214537999479027,219837968.318256060750332322717288,1.06298038,102470410301.2516344,0.002018268667188636,0.0019972253775299795,1.074180219682326,0.00317772100526725,-32.486835967217296,2,157
2016-12-14,0.00211991869590075,217228938.5742385895557342577208,1.05046303,102470410301.2490144,0.002018080251620802,0.002000881060666427,1.0594926093181547,0.00317772100526725,-33.28807996715676,2,158
2016-12-15,0.00282221938006195,289193977.83507378301912820993458,1.39504759,102470410301.2451644,0.0020230273148330014,0.002007793172874668,1.4056325214121648,0.00317772100526725,-11.187313946568498,2,159
2016-12-16,0.0031092151540644,318602552.55181318495160429384736,1.53391141,102470410301.2403144,0.0020269848270210076,0.0020160665381451083,1.5422185206868462,0.00317772100526725,-2.155817049051746,2,160
2016-12-17,0.00274838444766675,281628082.0179505138221803394837,1.35774202,102470410301.2370044,0.0020242317076308433,0.0020221490887030935,1.3591403635967454,0.00317772100526725,-13.510832350884503,2,161
2016-12-18,0.00289834169860849,296994263.049587765606403211386356,1.43099519,102470410301.2341044,0.002025402823756864,0.002029139389641115,1.4283600788613675,0.00317772100526725,-8.79181357317628,2,162
2016-12-19,0.00284840118966625,291876838.607612901722879551944,1.40658421,102470410301.2302144,0.0020250484609565258,0.0020358314455320593,1.3991340962521717,0.00317772100526725,-10.363396127449004,2,163
2016-12-20,0.00288027230040189,295142684.401442991804544570348116,1.42215371,102470410301.2278244,0.0020252890247720763,0.0020426349187381964,1.4100768933202856,0.00317772100526725,-9.36044115806019,2,164
2016-12-21,0.00279993976240208,286910976.272056989671982703609152,1.38290829,102470410301.2255044,0.002024674942401336,0.002049034895773287,1.3664675834353754,0.00317772100526725,-11.888433321835887,2,165
2016-12-22,0.0027457138769373,281354427.53952740766960076388412,1.35639858,102470410301.2232044,0.002024267731788174,0.002055299323176987,1.3359192240150706,0.00317772100526725,-13.594872791345555,2,166
2016-12-23,0.00253208772007057,259464067.594313378341911901818308,1.25187057,102470410301.2205444,0.0020226433792357385,0.0020604812541811456,1.2288817066073456,0.00317772100526725,-20.317494334037082,2,167
2016-12-24,0.00268421020082255,275052120.61300442845861265432422,1.32633326,102470410301.2191044,0.0020237826206835454,0.002066440280190178,1.2989536772751629,0.00317772100526725,-15.530337736594193,2,168
2016-12-25,0.00260886881654452,267331858.053369301919549551135488,1.29011845,102470410301.2177344,0.0020221932463213126,0.0020721375946977398,1.259022964121778,0.00317772100526725,-17.90126281633365,2,169
2016-12-26,0.0027210360189354,278825677.30469788059728449777776,1.34486412,102470410301.2160344,0.002023279510896164,0.0020780384671013185,1.3094252402030877,0.00317772100526725,-14.371462616600667,2,170
2016-12-27,0.0025193809202742,258161996.60553329349359539248648,1.24615518,102470410301.2084044,0.0020217232658569857,0.002082753440893693,1.20963954292792,0.00317772100526725,-20.717365807187427,2,171
2016-12-28,0.00250555688720908,256745442.265292661042162561894752,1.23965389,102470410301.1923144,0.0020211745451055533,0.00208731035983133,1.200375821165161,0.00317772100526725,-21.15239559873319,2,172
2016-12-29,0.00254461463100793,260747705.297781654449092905308792,1.25877013,102470410301.1852344,0.002021508590299906,0.002092055763731694,1.2163225642078423,0.00317772100526725,-19.923283800242707,2,173
2016-12-30,0.00254627454120282,260917796.976509678604860213578008,1.25958309,102470410301.1830844,0.002021521693501633,0.0020970555459998903,1.214214161403502,0.00317772100526725,-19.87104793082125,2,174
2016-12-31,0.00246398915829097,252485980.027737423282051263689068,1.21926241,102470410301.1810444,0.002020885035150858,0.0021006146234825275,1.1729848639280716,0.00317772100526725,-22.46049435407418,2,175
2017-01-01,0.00246669713231392,252763467.236950596260006174770048,1.22059321,102470410301.1796444,0.0020209002574362346,0.002104649202626634,1.172022933434914,0.00317772100526725,-22.37527686586607,2,176
2017-01-02,0.00246022788836698,252100561.155363253269361201340512,1.2174096,102470410301.1772144,0.002020871108924211,0.002108525935973963,1.1667999176071602,0.00317772100526725,-22.578858109663656,2,177
2017-01-03,0.0025238570601801,258620668.49816874960011083735644,1.24850498,102470410301.1736444,0.002021503398552803,0.0021129319889882973,1.1944809739893993,0.00317772100526725,-20.576505741169026,2,178
2017-01-04,0.00267566046836226,274176026.019694395255926745004944,1.32259694,102470410301.1673544,0.0020230354293442263,0.0021176655200303707,1.2634953173926573,0.00317772100526725,-15.79939006831615,2,179
2017-01-05,0.00257550438684126,263912991.252071551322173449853344,1.27371534,102470410301.1639344,0.0020220408013938655,0.0021214062519819064,1.2140552449278001,0.00317772100526725,-18.951211180206887,2,180
2017-01-06,0.00245309914002985,251370075.38828144048154304153434,1.21376477,102470410301.1599844,0.0020210663554107353,0.002125100212725376,1.1543451576261552,0.00317772100526725,-22.803193358897737,2,181
2017-01-07,0.00236962331622652,242816273.472920432846434893931888,1.17306509,102470410301.1572644,0.002020027137817664,0.0021285153668264374,1.113275174404575,0.00317772100526725,-25.43010187808378,2,182
2017-01-08,0.00235833374075243,241659426.041944950750134963759192,1.1675351,102470410301.1489544,0.002019925345929583,0.002132210016807793,1.1060513374208678,0.00317772100526725,-25.785374586272354,2,183
2017-01-09,0.00235449289204055,241265852.69852897618081258893492,1.16564376,102470410301.1468344,0.0020199077735727337,0.0021357780475222497,1.102405231092264,0.00317772100526725,-25.906242614192788,2,184
2017-01-10,0.0023370316381463,239476590.84760772619633165891672,1.15707956,102470410301.1447144,0.0020197674550108727,0.0021383906954396967,1.0928927268203243,0.00317772100526725,-26.455732448741102,2,185
2017-01-11,0.00211454095467268,216677879.223878946127430910372192,1.04783416,102470410301.1424344,0.00201801108934326,0.0021398999114690875,0.9881494659350689,0.00317772100526725,-33.457312609643495,2,186
2017-01-12,0.00249399084884011,255560265.567933413982396970648084,1.23401597,102470410301.1395644,0.0020210361206590465,0.0021419501473063647,1.1643552264633508,0.00317772100526725,-21.51636834365947,2,187
2017-01-13,0.0023949280854879,245409263.56166146481128733429376,1.18532692,102470410301.1369344,0.0020204789455789125,0.0021389366232860154,1.1196816490095947,0.00317772100526725,-24.633783723675773,2,188
2017-01-14,0.00247799817376487,253921489.591146985458402327145428,1.22603728,102470410301.1340044,0.002021144229615,0.0021395046262079566,1.1582111781440068,0.00317772100526725,-22.019643333777577,2,189
2017-01-15,0.00245768806514011,251858533.948160138420984167579711,1.21606446,102477827646.4478701,0.002021017919675171,0.0021417099336932884,1.147535446549445,0.00317772100526725,-22.65878404471775,2,190
2017-01-16,0.00238326400224568,244276047.521399042843097759181528,1.17955725,102496428130.1714221,0.002020473361717441,0.0021430105043200977,1.1121102754472063,0.00317772100526725,-25.000841851903072,2,191
2017-01-17,0.00252520797137125,258824797.351381067448665029279625,1.24909876,102496428130.1681621,0.002021623951793251,0.002145391852069948,1.17703811028034,0.00317772100526725,-20.53399379034292,2,192
2017-01-18,0.00248530513574947,254858592.395798827017067128299871,1.22942351,102546197941.5833493,0.002021520749793918,0.0021476475671342267,1.1572220571859497,0.00317772100526725,-21.789699862576416,2,193
2017-01-19,0.0023661086902683,242635450.10354039349818362982019,1.17102413,102546197941.5777593,0.0020205464854667855,0.002149663377839458,1.1006880029032184,0.00317772100526725,-25.540703971609126,2,194
2017-01-20,0.00234558534234545,240530858.805012747699201217018685,1.16096977,102546197941.5746893,0.0020203672851408097,0.002151782587732715,1.090066141308886,0.00317772100526725,-26.18655512999689,2,195
2017-01-21,0.00231795530563092,237697503.590941866089229445918356,1.14742887,102546197941.5704993,0.0020201298452869852,0.0021541123257328306,1.0760605554041152,0.00317772100526725,-27.056047343716465,2,196
2017-01-22,0.00234790838521214,240769078.018630973411959027686302,1.16211932,102546197941.5678193,0.0020203677409064503,0.0021565738367097663,1.088721538416829,0.00317772100526725,-26.113451076405042,2,197
2017-01-23,0.00233950518225693,239907361.505033295912773024138349,1.15801312,102546197941.5637393,0.002020275195376828,0.0021593572671335056,1.0834266371134436,0.00317772100526725,-26.377892257404923,2,198
2017-01-24,0.00224131082044014,229978494.952395707750070369734334,1.10982013,102608925480.1497881,0.002019526191546138,0.0021612215763553502,1.0370573961323537,0.00317772100526725,-29.46797982815224,2,199
2017-01-25,0.00214639055413942,220238828.420981557850822437310102,1.06325045,102608925480.1462481,0.0020187064620000115,0.002163075046167435,0.9922866790694217,0.00317772100526725,-32.45503458039086,2,200
2017-01-26,0.00218055917805886,223744834.206480924970098010979166,1.08001857,102608925480.1418481,0.002019001560370263,0.0021648285475127306,1.0072664556110935,0.00317772100526725,-31.379778953392652,2,201
2017-01-27,0.00219450223533581,225175516.331548813244421699216761,1.08686021,102608925480.1290781,0.00201912096435641,0.0021668281330018634,1.0127717108304328,0.00317772100526725,-30.94100357777476,2,202
2017-01-28,0.0021964956098961,225380054.35322908559859027295641,1.08783827,102608925480.1151881,0.0020191380193823297,0.0021679646358703543,1.0131602580381998,0.00317772100526725,-30.878273886999963,2,203
2017-01-29,0.00221476509385036,227254666.470805400027308887092716,1.09679922,102608925480.0941881,0.0020192985675631316,0.0021683081909704242,1.021425415018676,0.00317772100526725,-30.30334978497914,2,204
2017-01-30,0.00244704626326035,251088787.673190306036120436324335,1.21060052,102608925480.0803381,0.0020213490931429217,0.0021703271043485867,1.1275011302938225,0.00317772100526725,-22.99367190498365,2,205
2017-01-31,0.00235975797671072,242132230.383322632581220611392032,1.16786974,102608925480.0749181,0.0020205660750408005,0.0021722124631801164,1.0863384759592243,0.00317772100526725,-25.740555171480135,2,206
2017-02-01,0.00234507072893191,240625187.670467666425921202133871,1.16067101,102608925480.0699481,0.0020204439576137173,0.002174079960177672,1.078649714769582,0.00317772100526725,-26.202749547715975,2,207
2017-02-02,0.0024139001523387,247793345.21866411552650086648346,1.19453878,102652690492.8483758,0.0020207800640333336,0.0021765380904693226,1.1090548623563006,0.00317772100526725,-24.03674997466657,2,208
2017-02-03,0.0023699962301927,243286489.48716631700114439885566,1.17277664,102652690492.8389458,0.0020208419483804694,0.0021784121509606617,1.0879466629616215,0.00317772100526725,-25.418366613547917,2,209
2017-02-04,0.00236645391116711,242922860.908586860568426231534738,1.17104277,102652690492.8310558,0.002020809121401356,0.0021806823263480716,1.0851896594815555,0.00317772100526725,-25.52984018280457,2,210
2017-02-05,0.00230567991508761,236684246.699006189689889355131238,1.14135234,102652690492.8227158,0.0020201298357066582,0.0021828261348409332,1.0562819815494051,0.00317772100526725,-27.442342758668335,2,211
2017-02-06,0.00234327322902887,240543301.519606996963960416048346,1.15976119,102652690492.8180758,0.002020479085896011,0.002185171043687962,1.072352315759262,0.00317772100526725,-26.25931524055246,2,212
2017-02-07,0.00230428408143268,236952834.095565899884047120138172,1.1581694,102831432983.8365079,0.0019895915756647344,0.002187447233190051,1.0534124190379854,0.00317772100526725,-27.48626837871543,2,213
2017-02-08,0.00220947385664948,227203362.819571985518445002742092,1.11111553,102831432983.8284479,0.0019885185626462086,0.002187687885401375,1.0099584458064081,0.00317772100526725,-30.469860224130628,2,214
2017-02-09,0.00212851893380668,218878652.096534353535184988943972,1.07083555,102831432983.8203479,0.0019877178468782437,0.002186912103469845,0.973298803563931,0.00317772100526725,-33.01743827483467,2,215
2017-02-10,0.00215285869505833,221575375.138668156761282681901697,1.08289568,102921466999.7952409,0.001988057330747067,0.002186791141010306,0.984482996425393,0.00317772100526725,-32.25148804788569,2,216
2017-02-11,0.00213282622821574,219513604.263575905733683984861166,1.07292761,102921466999.7820509,0.0019878565975347956,0.0021877915602923352,0.9748763396503594,0.00317772100526725,-32.88189162357357,2,217
2017-02-12,0.00211934681065385,218126282.833782367999873584480965,1.0662351,102921466999.7720509,0.00198769184268446,0.002188813113377156,0.9682630269808071,0.00317772100526725,-33.30607667756501,2,218
2017-02-13,0.00209464711271996,215584153.687953428020127853381164,1.05384114,102921466999.7616709,0.0019876308043164457,0.0021895630266387397,0.9566507505086584,0.00317772100526725,-34.08335378568586,2,219
2017-02-14,0.00210904584288106,217066092.119043363961609569804954,1.06111683,102921466999.7502009,0.00198757175765562,0.002190056325890508,0.9630098632387878,0.00317772100526725,-33.63023879738974,2,220
2017-02-15,0.00224131828945645,230679766.364197253690943638129805,1.12690017,102921466999.7362209,0.0019889235525241333,0.002191585421251695,1.0226926442029127,0.00317772100526725,-29.46774478497829,2,221
2017-02-16,0.00215596928028957,221895521.133727152385253279238813,1.08445886,102921466999.7172609,0.001988059999149779,0.0021927951124920833,0.9832059858247945,0.00317772100526725,-32.15360074984775,2,222
2017-02-17,0.00211347269456334,217712632.503828059890226402848446,1.06325678,103011802832.3092169,0.0019877349802211843,0.0021939263955148155,0.9633288969420523,0.00317772100526725,-33.4909297870977,2,223
2017-02-18,0.00203295246879404,209418098.882838934984288804717276,1.02320616,103011802832.2949669,0.001986845416171107,0.002195618996511525,0.9259131352133793,0.00317772100526725,-36.024828314873844,2,224
2017-02-19,0.00205396764643691,211582910.218651640056028579086579,1.03367195,103011802832.2850969,0.001987059479012573,0.00219685334592036,0.934958926708151,0.00317772100526725,-35.363499720952724,2,225
2017-02-20,0.00206161829120303,212371016.928822410165176232671507,1.0374806,103011802832.2770269,0.0019871391245320923,0.002197619997870435,0.9381140930646812,0.00317772100526725,-35.1227408641041,2,226
2017-02-21,0.00203078791055861,209195123.836605839523183526807209,1.02214551,103011802832.2624869,0.0019867894450356777,0.0021981484347526957,0.9238629559550582,0.00317772100526725,-36.092945000757915,2,227
2017-02-22,0.00203569819719541,209722418.051328042699161325864928,1.02459182,103022352891.1424608,0.0019868382290963538,0.0021985825998065765,0.925913903518796,0.00317772100526725,-35.938422730594446,2,228
2017-02-23,0.00196719868757479,202872978.018377953166463274775742,0.99051662,103127853480.0593298,0.001986032993141286,0.002198889615371533,0.8946327609275667,0.00317772100526725,-38.09404021580093,2,229
2017-02-24,0.00189554055535419,195483028.658047798032108709534962,0.95509331,103127853480.0438198,0.0019846653049576802,0.0021991288920265558,0.8619506397405379,0.00317772100526725,-40.34905669150232,2,230
2017-02-25,0.00189865093161028,195803795.084832484847979921525544,0.95667468,103127853480.0326698,0.001984635917833929,0.0021992757111381363,0.8633073706923806,0.00317772100526725,-40.25117596972295,2,231
2017-02-26,0.00189805418545471,195742253.934714508230430148232058,0.95639171,103127853480.0212998,0.001984599161210536,0.002199358912973396,0.8630033844219901,0.00317772100526725,-40.269955030395074,2,232
2017-02-27,0.00178472120739616,184054467.179017620566494076351168,0.89991579,103127853480.0099398,0.001983209126040738,0.002198808919660611,0.8116763541561556,0.00317772100526725,-43.836441133822476,2,233
2017-02-28,0.00184623938776737,190398705.070684256056103844072726,0.93059259,103127853480.0032598,0.001983939489317629,0.00219865628097603,0.8397126025300259,0.00317772100526725,-41.90051975276857,2,234
2017-03-01,0.0017311265881429,178527369.13731825266601572057042,0.8732509,103127853479.9913098,0.001982393133683458,0.0021970704717214433,0.7879249256791167,0.00317772100526725,-45.52301522778554,2,235
2017-03-02,0.00179861148887118,185658388.863195012486489152528076,0.90703097,103223175217.0755882,0.001982965905641766,0.002196002728772812,0.8190388223589752,0.00317772100526725,-43.3993265648595,2,236
2017-03-03,0.00178896421481535,184662566.60292068749093146522537,0.90207602,103223175217.0519782,0.0019831634753081566,0.002194761474514034,0.8151064412188409,0.00317772100526725,-43.70291753586793,2,237
2017-03-04,0.00175000934558315,180641521.31059016223351555945183,0.8826359,103223175217.0418082,0.0019827080969436546,0.0021934373486276653,0.7978387651136021,0.00317772100526725,-44.92879196498333,2,238
2017-03-05,0.0017420427145515,179819180.3597034551992285342323,0.87866624,103223175217.0319482,0.0019825988927849327,0.0021920781357024303,0.7946991880347729,0.00317772100526725,-45.17949462322315,2,239
2017-03-06,0.00183910366033962,189838119.373505533574170071327084,0.92708259,103223175217.0233182,0.0019837538534076236,0.002191407194738127,0.8392341070867902,0.00317772100526725,-42.12507462765916,2,240
2017-03-07,0.00201932066624458,208440690.951097242679245021912156,1.01674521,103223175217.0117782,0.0019860636139555354,0.0021916755226308953,0.9213593186552452,0.00317772100526725,-36.453808786314355,2,241
2017-03-08,0.0018146535433455,187487459.3218982904948610548051,0.91494668,103318597651.5637922,0.0019833434920442576,0.0021910669509283727,0.8282054286732847,0.00317772100526725,-42.89449764980593,2,242
2017-03-09,0.00177377972845185,183264434.08638393778924997736207,0.89458998,103318597651.5452822,0.0019827851508596706,0.00219033591471331,0.8098208665331671,0.00317772100526725,-44.180759559706125,2,243
2017-03-10,0.00168187887098585,173947246.395042339391859087452715,0.848872,103424360336.4143779,0.001981310340058159,0.002189133829325906,0.7682850853863724,0.00317772100526725,-47.072796252470184,2,244
2017-03-11,0.00176418892864377,182460111.457535951176170853231383,0.88994955,103424360336.3972879,0.0019823471214112866,0.0021885564469786094,0.8060970650673891,0.00317772100526725,-44.48257333732167,2,245
2017-03-12,0.00184233563193601,190542384.257920269247810550912179,0.92886315,103424360336.3897779,0.001983430639848303,0.0021883642508137217,0.8418779603308525,0.00317772100526725,-42.02336741072498,2,246
2017-03-13,0.00195289305722397,202183083.451173234040301345311755,0.98381221,103530033405.1961415,0.00198502624522618,0.002188678890939283,0.8922702481887946,0.00317772100526725,-38.54422543744587,2,247
2017-03-14,0.00190294388619629,197011844.106064555282538587265635,0.95895298,103530033405.1692815,0.0019843974896415566,0.002188700066054192,0.869440228796143,0.00317772100526725,-40.116080579696764,2,248
2017-03-15,0.00192615371203641,199414758.150583512006906005380215,0.97053732,103530033405.1501615,0.0019846261162181893,0.0021889524912610298,0.8799431324920056,0.00317772100526725,-39.38568839606426,2,249
2017-03-16,0.00196410931531933,203344303.026351156193326596735395,0.99409612,103530033405.1370815,0.0019757740482070586,0.002189762915249789,0.8969506706141662,0.00317772100526725,-38.19125996071684,2,250
2017-03-17,0.00186695811677847,193286236.196043049127048927912205,0.94560039,103530033405.1243515,0.001974362676371644,0.0021899928941201486,0.8524950568520173,0.00317772100526725,-41.248520128611574,2,251
2017-03-18,0.00182868177320841,189636265.307644506046389657046434,0.9266203,103701074777.4496274,0.0019734963427937096,0.0021898222699906038,0.8350822796300527,0.00317772100526725,-42.45304197010159,2,252
2017-03-19,0.00185765177529552,192640485.660362839327381627959648,0.94060568,103701074777.4388974,0.0019749527509716077,0.002189610801078829,0.8483935932268184,0.00317772100526725,-41.54138226054589,2,253
2017-03-20,0.00193274325633375,200427552.95063243709697329111975,0.97822332,103701074777.4262074,0.0019757689443896612,0.002189743099731093,0.8826347056744221,0.00317772100526725,-39.178321409270346,2,254
2017-03-21,0.00215766366169062,224005588.52528609100218379173076,1.09048356,103818585121.727598,0.001978630160816565,0.002191035279572659,0.9847690184666731,0.00317772100526725,-32.10028010281041,2,255
2017-03-22,0.0019194822722679,199277933.6711354034895490276022,0.97161541,103818585120.708218,0.001975557666657325,0.002191086737866202,0.876041207815075,0.00317772100526725,-39.595632559112296,2,256
2017-03-23,0.00214053089557457,222226888.98567124328589042621356,1.08180378,103818585120.688108,0.001978668345542821,0.00219201243949654,0.9765140274779671,0.00317772100526725,-32.63943272469418,2,257
2017-03-24,0.00207260430840663,215174846.81377107828995982126384,1.04792224,103818585120.665168,0.001977822618218915,0.0021927745856632993,0.945197158867874,0.00317772100526725,-34.77702085956656,2,258
2017-03-25,0.00198655475889547,206347987.416868340311370272351725,1.00499915,103872287684.4323175,0.001976673073699087,0.002193192745615629,0.9057821127973156,0.00317772100526725,-37.48492219415598,2,259
2017-03-26,0.00199227270871171,207109912.550594147374397584127637,1.00786139,103956607770.0880647,0.001976732840923403,0.002193459919212544,0.9082786018843416,0.00317772100526725,-37.30498349573776,2,260
2017-03-27,0.00184511819866458,191812228.867987437965253845977326,0.93446143,103956607770.0676147,0.0019745257957458767,0.002192854256427028,0.8414230874016045,0.00317772100526725,-41.93580255767596,2,261
2017-03-28,0.00204767270902208,213069276.21307029208776570879648,1.03534537,104054361458.3929935,0.001977767775232414,0.0021930074691298073,0.9337281052830173,0.00317772100526725,-35.56159569616249,2,262
2017-03-29,0.00194758074870604,202948898.43907171437976431908956,0.98558101,104205640035.161389,0.0019760737361468033,0.002192618716793961,0.8882441501520089,0.00317772100526725,-38.71139897184755,2,263
2017-03-30,0.00229138536542598,239138921.79901875353129247479841,1.15594934,104364340196.6834295,0.001982254140502368,0.0021942640950555316,1.044261431697897,0.00317772100526725,-27.89217928106713,2,264
2017-03-31,0.00232709808429113,242866056.139953164009068721637435,1.1735462,104364340196.6590995,0.0019829624809752948,0.0021961428507117266,1.0596296518402541,0.00317772100526725,-26.76833238557333,2,265
2017-04-01,0.00267260681240379,279553849.595389648029683514813975,1.3368526,104599692067.6685525,0.0019991783779332068,0.0021997134165601248,1.214979547919096,0.00317772100526725,-15.895485853736204,2,266
2017-04-02,0.00428317284318849,448018560.470002911438881676090825,2.10854249,104599692067.6420425,0.002031342912700085,0.002211347128636357,1.9369065976673412,0.00428317284318849,0.0,2,267
2017-04-03,0.00303475450820178,317493798.969109972122057142013652,1.5121034,104619269239.4214234,0.00200697552045831,0.002214850638863134,1.3701847225957848,0.00428317284318849,-29.14704544254067,2,268
2017-04-04,0.00295878009108565,309545410.96941625739887303734521,1.47523904,104619269239.3831634,0.002005627570082236,0.0022191957196594104,1.3332668519835407,0.00428317284318849,-30.92083370413164,2,269
2017-04-05,0.00312135544376047,326553925.562403984742095285922498,1.55177565,104619269239.3232734,0.002011473400655868,0.00222391934483141,1.4035380604133791,0.00428317284318849,-27.12515796031097,2,270
2017-04-06,0.00282816557550886,296345980.937316069286764043076412,1.16148375,104783815878.2467242,0.0024349592282361765,0.0022275666034333804,1.2696211063452683,0.00428317284318849,-33.9703140860524,2,271
2017-04-07,0.00271008175491578,283984852.673283467562387914514936,1.13916414,104788297311.7572012,0.0023790090117441548,0.00223043357869477,1.2150470566811031,0.00428317284318849,-36.72723809814002,2,272
2017-04-08,0.00293334382185823,308127924.509555648620780232271576,1.22972241,105043235032.1487912,0.002385370712938565,0.002234835471695618,1.3125547088406642,0.00428317284318849,-31.51469881671684,2,273
2017-04-09,0.00279740875506098,293848865.338647577383008281025176,1.17408964,105043235032.0724012,0.0023826194012417827,0.0022383956681264494,1.2497382812585711,0.00428317284318849,-34.68839905656187,2,274
2017-04-10,0.00285054371548304,299486226.326583069492023856981264,1.19553285,105062842818.3335241,0.002384329059199871,0.0022419765300756853,1.2714422641109497,0.00428317284318849,-33.44784766236445,2,275
2017-04-11,0.00282279378170115,296626071.526087983464231750363355,1.18451989,105082444721.6002377,0.0023830699725110992,0.0022456980725374673,1.2569783161062291,0.00428317284318849,-34.09573031379703,2,276
2017-04-12,0.00305539459475014,320762794.240498536397208547087678,1.20123091,104982444752.5179477,0.0025435530915118893,0.0022497527215563896,1.3581024107557935,0.00428317284318849,-28.665157662056068,2,277
2017-04-13,0.00307146757143373,322450174.627067638281890580090921,1.20732732,104982444752.4774477,0.0025440222552354152,0.002252665301481836,1.3634815475753428,0.00428317284318849,-28.28989900983636,2,278
2017-04-14,0.00313204144923462,328809368.406629168396934267027174,1.23028484,104982444752.4411377,0.0025457856159835472,0.0022562749187853295,1.388147084009054,0.00428317284318849,-26.87566988534001,2,279
2017-04-15,0.00338586026293416,355455887.992853516002495640509032,1.32670788,104982444752.4063577,0.0025520766959898963,0.0022602696773228823,1.4979895084662882,0.00428317284318849,-20.949716789536573,2,280
2017-04-16,0.00374091216007692,392730104.168732391946542086079084,1.46128601,104982444752.3667977,0.0025600136691084317,0.002263085633096931,1.6530139670223833,0.00428317284318849,-12.660256846135104,2,281
2017-04-17,0.00353038662904193,370628619.237709387755874201406361,1.3815454,104982444752.3159577,0.0025553895145551714,0.002265260570089984,1.5584903015822549,0.00428317284318849,-17.575433952979804,2,282
2017-04-18,0.00365495739361745,383777967.022938760089195031745305,1.42869504,105002035781.0790089,0.002558248815378718,0.002269392676644711,1.610544279635771,0.00428317284318849,-14.667058103202358,2,283
2017-04-19,0.00351406993794589,368984497.361282595377732420707521,1.374529,105002035781.0431989,0.002556562966620486,0.002273260864835202,1.5458278424199412,0.00428317284318849,-17.956382649037874,2,284
2017-04-20,0.00338779775744893,355725661.346464667345974511811277,1.3266944,105002035781.0060689,0.002553563019071257,0.002275894787078807,1.48855640281917,0.00428317284318849,-20.90448175967195,2,285
2017-04-21,0.00346610490791612,363948071.561619822220920618554668,1.35637817,105002035780.9745189,0.002555411893658035,0.0022794136960508004,1.5206124776390184,0.00428317284318849,-19.076230756639895,2,286
2017-04-22,0.00350556928347323,368091911.335841709430830045814747,1.37132358,105002035780.9461089,0.002556339973001288,0.002283991918319768,1.5348431206587294,0.00428317284318849,-18.154848944559394,2,287
2017-04-23,0.00356763244777411,374608669.934335454028400301852479,1.39478523,105002035780.9163989,0.0025578364116847657,0.0022893962106796967,1.5583289738716388,0.00428317284318849,-16.705849182628732,2,288
2017-04-24,0.00385452639161019,404733118.090202948796252501701691,1.50306824,105002035780.8809089,0.0025644387187704733,0.0022971634282030542,1.6779504428317389,0.00428317284318849,-10.007685126692348,2,289
2017-04-25,0.00382793742001621,401941221.943386875397106974822469,1.49303488,105002035780.8474289,0.00256386335730898,0.002304372269813871,1.6611627687766788,0.00428317284318849,-10.628462586940403,2,290
2017-04-26,0.00388524538749683,399639663.469811118418187374736086,1.52072677,102860855264.3541842,0.00255486091528252,0.0023122369505835256,1.6802972491709094,0.00428317284318849,-9.290483252957735,2,291
2017-04-27,0.00402360131876949,413871072.891272387909172120039858,1.57290214,102860855264.3192042,0.0025580747946401102,0.002320530944165449,1.7339140979292262,0.00428317284318849,-6.060262658598891,2,292
2017-04-28,0.00461834131657046,475046537.724789624851660048817332,1.79587097,102860855264.2780942,0.002571644284984717,0.0023313194210038963,1.9809989463313191,0.00461834131657046,0.0,2,293
2017-04-29,0.00512130749054703,526782068.548686885545470882811226,1.98213065,102860855264.2127942,0.0025837386100391662,0.00234360653701376,2.1852249554964276,0.00512130749054703,0.0,2,294
2017-04-30,0.00497556536594568,511790908.963892760829419269176656,1.92799452,102860855264.1573642,0.0025806947656395207,0.0023553483608449756,2.1124541272360697,0.00512130749054703,-2.8457991415349015,2,295
2017-05-01,0.00514524099988733,529243889.788315604761806232798786,1.99068666,102860855264.0984042,0.002584656391823779,0.002368432821521988,2.1724242938758658,0.00514524099988733,0.0,2,296
2017-05-02,0.0049462181107947,508869146.71306604950111931432382,1.90534432,102880450338.9170106,0.0025959707433849542,0.0023807666926523832,2.0775736346026323,0.00514524099988733,-3.868096540025776,2,297
2017-05-03,0.00524239498334722,539339956.741097274975334202614932,2.01253636,102880450338.8895306,0.0026048696995204703,0.0023948385628014468,2.189038987753205,0.00524239498334722,0.0,2,298
2017-05-04,0.00663654512773523,682770751.435502060153925090368738,2.49528051,102880450338.8501206,0.0026596389067837624,0.002415934536391564,2.7469888060988454,0.00663654512773523,0.0,2,299
2017-05-05,0.0106349301563551,1094126403.80669615551108618057906,3.78688839,102880450338.7246606,0.0028083558481519174,0.002457671486634368,4.32723828802644,0.0106349301563551,0.0,2,300
2017-05-06,0.0212335108792586,2184513161.52796538981958677521516,7.13055249,102880450338.6131006,0.002977821271077776,0.0025519306273409986,8.320567436969476,0.0212335108792586,0.0,2,301
2017-05-07,0.0426936777818004,4392344796.78956303600869485594024,3.72118808,102880450338.2921506,0.011473130856046492,0.0027536036010144794,15.504656431329204,0.0426936777818004,0.0,2,302
2017-05-08,0.0400381918983591,4119147213.22998294336048110522646,3.50346055,102880450338.1882106,0.011428184027463675,0.00294039265926278,13.616614016577483,0.0426936777818004,-6.219857415453881,2,303
2017-05-09,0.0280758495585994,2889006383.26404479431079354426102,2.5225157,102900052133.2101983,0.011130099035101901,0.003068455047152968,9.149832448954813,0.0426936777818004,-34.23885920044194,2,304
2017-05-10,0.0318004294902054,3272265852.39810225121804183977882,2.83381701,102900052133.1313183,0.011221765335583682,0.0032154999454397735,9.88973099977962,0.0426936777818004,-25.514897890194433,2,305
2017-05-11,0.0368569316733288,3792580190.65001526545930276827704,3.25421861,102900052133.0559683,0.01132589296861307,0.0033876657227142415,10.879742775741919,0.0426936777818004,-13.671218812073645,2,306
2017-05-12,0.0401008878557122,4126383450.93137217853837034014326,3.50703805,102900052132.9750683,0.011434403415073355,0.0035758893328322362,11.214241863562041,0.0426936777818004,-6.073006732611513,2,307
2017-05-13,0.0376996458279981,3879295521.09160672022459508609123,3.30296978,102900052132.8664783,0.011413863383272643,0.003752661102771135,10.046109892566363,0.0426936777818004,-11.697357110637997,2,308
2017-05-14,0.0388124256991451,3993800627.84262022459848200087333,3.39453986,102900052132.8041983,0.011433781101378819,0.003935202199229179,9.862879652473161,0.0426936777818004,-9.090929346709535,2,309
2017-05-15,0.04316375058481,4441552185.421503216556364798323,3.70985612,102900052132.7392483,0.011634885340192117,0.004140161183305369,10.425620808885869,0.04316375058481,0.0,2,310
2017-05-16,0.0501159261990999,5156931418.56413123446035441511017,4.2395191,102900052132.6641983,0.011821134665745437,0.0043803013167357276,11.441205199200112,0.0501159261990999,0.0,2,311
2017-05-17,0.0482890884467485,4969897179.84631145592848091408145,4.09397993,102919672739.8765957,0.011795145377458776,0.004612044176870691,10.470213769615935,0.0501159261990999,-3.645223965518993,2,312
2017-05-18,0.0459047672295567,4724503620.46108026825344343325119,3.90786968,102919672739.7653457,0.011746749760999374,0.0048309542980974705,9.50221517260781,0.0501159261990999,-8.402835762853437,2,313
2017-05-19,0.0496203180356713,5106906893.46878641645281293838341,4.19347905,102919672739.6528957,0.011832733022875434,0.005068727468589155,9.789502067958445,0.0501159261990999,-0.9889234840430823,2,314
2017-05-20,0.0535158312078052,5507831834.29509272736471564904564,4.48046438,102919672739.6020357,0.011944259940262086,0.0053263754499110645,10.047326124691185,0.0535158312078052,0.0,2,315
2017-05-21,0.062551576612252,6437787794.2751121149807756532364,4.88002401,102919672739.5379557,0.012817882962066002,0.005629049449297623,11.112280532560787,0.062551576612252,0.0,2,316
2017-05-22,0.0511076809308897,5259985795.88116025175387635682429,4.10610165,102919672739.4844957,0.012446764665674969,0.005874550331264255,8.699845613526453,0.062551576612252,-18.29513547244591,2,317
2017-05-23,0.0551911252462092,5680252548.46078776376522716466044,4.40165252,102919672739.4307957,0.012538728351553112,0.00614047689524437,8.98808450675113,0.062551576612252,-11.767011744035088,2,318
2017-05-24,0.0509538690841783,5244155530.94801860581262322892231,4.0930939,102919672739.3638257,0.012448741790208698,0.0063851505659086585,7.980057566101756,0.062551576612252,-18.541031507432937,2,319
2017-05-25,0.0406151812576227,4180897883.64767025484330756060869,3.32353563,102939289058.6446647,0.012220474151385193,0.006578342160128019,6.174075514617546,0.062551576612252,-35.06929248260164,2,320
2017-05-26,0.0412272023180013,4243898896.48939025119739845159611,3.36941801,102939289058.5823047,0.01223570426573499,0.0067743506972910185,6.085779163232215,0.062551576612252,-34.0908662085967,2,321
2017-05-27,0.0330913735657452,3406402468.82798300536796134383444,2.7447618,102939289058.5281647,0.012056191384529324,0.00692980241483104,4.775226129813403,0.062551576612252,-47.09745883645148,2,322
2017-05-28,0.0366485448684354,3772575153.78340885672304420753838,3.06913583,102939289058.4489847,0.01194099801977008,0.0071032943709632,5.159372954927376,0.062551576612252,-41.41067763069455,2,323
2017-05-29,0.0377556866377353,3886543540.39719361328780932718091,3.16317879,102939289058.3202547,0.011935995131573104,0.007282373633596573,5.184530283306647,0.062551576612252,-39.64071142158856,2,324
2017-05-30,0.0310476963295094,3196027787.05407890205286530094418,2.62327463,102939289058.1837547,0.011835473104662852,0.007428133377826327,4.179744055510591,0.062551576612252,-50.364646247097035,2,325
2017-05-31,0.0342614621230139,3526850553.03328004587417425665833,2.87928177,102939289058.0768747,0.01189930852895092,0.007590058223697243,4.513992002860364,0.062551576612252,-45.226860810566535,2,326
2017-06-01,0.0424352549341558,4368254973.91381154448895841980826,1.44338272,102939289057.9252247,0.02939986349161489,0.007792831738040696,5.445421685035001,0.062551576612252,-32.15957577343623,2,327
2017-06-02,0.0405926771219757,4178581323.88961024594313634902879,1.38175183,102939289057.8149947,0.029377690147134237,0.00798645236341677,5.08269194816925,0.062551576612252,-35.10526941054784,2,328
2017-06-03,0.0389708761008799,4011634279.78153637231897706973453,1.32820616,102939289057.7320147,0.029340984309905553,0.00817209280827957,4.768775516278583,0.062551576612252,-37.69801144669043,2,329
2017-06-04,0.0398924143223338,4107281290.54625244498559978667236,1.35896187,102958954987.2590122,0.029355065217785543,0.008362851954778022,4.7701925776100484,0.062551576612252,-36.224766052467395,2,330
2017-06-05,0.0412485322844307,4246905778.76115301817206318140654,1.40341912,102958954987.2093722,0.02939145669073591,0.008560233418773966,4.8186223747083865,0.062551576612252,-34.056766402349425,2,331
2017-06-06,0.0442758771477983,4558598042.27690400316301034218926,1.50285788,102958954987.1535122,0.029461120533764838,0.008772616834645615,5.047054713815835,0.062551576612252,-29.217008514017262,2,332
2017-06-07,0.048039836851401,4946131399.9709465925206059314822,1.62565294,102958954987.0984022,0.0295511026181277,0.009003993499938747,5.335392218100536,0.062551576612252,-23.19963867706666,2,333
2017-06-08,0.0502783229285548,5176603587.22449347001692752367656,1.69819737,102958954987.0312222,0.029606878338620204,0.009246635407254632,5.437472195465601,0.062551576612252,-19.621014126913675,2,334
2017-06-09,0.0469551519343532,4834453374.41637723128711776609304,1.59003612,102958954986.9906322,0.029530871244832602,0.009472732452297055,4.956875132999981,0.062551576612252,-24.933703549278597,2,335
2017-06-10,0.042502270986016,4375989405.2925692159321526233152,1.44422872,102958954986.9546322,0.029429044304018548,0.009676721787931298,4.392217934696063,0.062551576612252,-32.05243850289928,2,336
2017-06-11,0.0458230657702089,4718795156.54399756016609162592494,1.5533645,102978599908.7787646,0.029499235865251782,0.009897238729094208,4.629883851897611,0.062551576612252,-26.74354788167958,2,337
2017-06-12,0.0401281173520078,4132337341.88377027855046358736388,1.36621084,102978599908.7497646,0.029371833524617474,0.010089517492797033,3.9772087595522287,0.062551576612252,-35.84795216153209,2,338
2017-06-13,0.0414471740266567,4268171951.43798735219935832430582,1.40970545,102978599908.7155546,0.029401300836750473,0.010288319317510355,4.028566060942051,0.062551576612252,-33.73920167739077,2,339
2017-06-14,0.0390482304682266,4021132102.52948980106375787681636,1.33030514,102978599908.6813946,0.0293528374010692,0.0104753287052854,3.7276377254419275,0.062551576612252,-37.574346510431184,2,340
2017-06-15,0.0364229137636632,3750780663.97572615151030449791472,1.24343039,102978599908.6552746,0.029292282106490253,0.010649246406067212,3.420233918421863,0.062551576612252,-41.771389729401264,2,341
2017-06-16,0.0370755432063455,3817987530.2415004726208592908843,1.26498344,102978599908.6332946,0.02930911349032798,0.010826526773431351,3.424509446310158,0.062551576612252,-40.728043617235535,2,342
2017-06-17,0.0403081853530433,4150880492.51318302914135319333018,1.37214421,102978599908.6110746,0.02937605614576277,0.011019831865006612,3.657785876120453,0.062551576612252,-35.56008091865086,2,343
2017-06-18,0.0382274170731324,3936605888.31300736185718330988904,1.30334607,102978599908.5927046,0.029330212407156303,0.011202910837511917,3.412275401240489,0.062551576612252,-38.88656506597983,2,344
2017-06-19,0.0418292828794039,4308342624.1892237338698530887539,1.39596457,102998242561.566501,0.029964430171321537,0.011404256716589288,3.667865773185956,0.062551576612252,-33.12833161872568,2,345
2017-06-20,0.0415514421102795,4279725513.2560376042646489021045,1.38706385,102998242561.532351,0.029956401870237986,0.011604502543957,3.5806310484129504,0.062551576612252,-33.57251030161755,2,346
2017-06-21,0.0385233602634047,3967838404.6942040086264729729347,1.28933351,102998242561.499901,0.029878506968615666,0.011789171505503791,3.2676902058316837,0.062551576612252,-38.4134463912791,2,347
2017-06-22,0.0394893593619067,4067334614.1547161901430163058347,1.32087171,102998242561.469841,0.02989643813471234,0.011978999939515667,3.2965489240584573,0.062551576612252,-36.86912224979489,2,348
2017-06-23,0.0400354597541175,4123581994.8134085658917111068925,1.33838649,102998242561.441131,0.029913227646311265,0.012171607332739021,3.2892500275153203,0.062551576612252,-35.99608207752873,2,349
2017-06-24,0.0369279762580603,3803516655.9301833149174556757133,1.23755207,102998242561.423511,0.02983953334429015,0.012343198128064106,2.991767277404308,0.062551576612252,-40.96395605346388,2,350
2017-06-25,0.0322882842054771,3325636528.4871908939737429370811,1.08717994,102998242561.401241,0.02969911696998116,0.01249091798215456,2.5849408547559523,0.062551576612252,-48.38134231911145,2,351
2017-06-26,0.0297781546028917,3067681538.48220213715475495792308,1.10150568,103017852495.9469924,0.02703404543759747,0.01262783517919625,2.3581361476708036,0.062551576612252,-52.39423813810148,2,352
2017-06-27,0.0289807997898701,2985539757.96506932269591630225513,1.07956753,103017852495.8662413,0.026844823491375385,0.012760040860512065,2.2712152811011523,0.062551576612252,-53.66895391059796,2,353
2017-06-28,0.0320383263519624,3300519578.29107883477532134139112,1.16546825,103017852494.3116013,0.027489660359226776,0.012909160035565406,2.4818288923287923,0.062551576612252,-48.7809451221937,2,354
2017-06-29,0.0292127900287922,3009438894.13137402382283723099986,1.06528983,103017852494.2418513,0.027422387040710035,0.013043441534709052,2.2396535416711876,0.062551576612252,-53.29807558668268,2,355
2017-06-30,0.026831944375121,2764692700.5537596082372007305643,1.01673909,103037359570.4538683,0.026390196500776814,0.013166177774483144,2.037944864083709,0.062551576612252,-57.104287648178286,2,356
2017-07-01,0.0243543215632606,2509404988.00682595206152762379098,0.92575363,103037359570.3998883,0.02630756258904499,0.013277222482325495,1.8342933995179207,0.062551576612252,-61.065215487325844,2,357
2017-07-02,0.0257376462511839,2651939111.27778799233250662648708,0.9775222,103037359570.3531772,0.0263294749225991,0.013395311120101911,1.9213921961514013,0.062551576612252,-58.8537209689729,2,358
2017-07-03,0.0261489844613451,2694322314.34225457262019069501272,0.99815596,103037359570.3172872,0.02619729331811544,0.013511944945508328,1.9352494823506226,0.062551576612252,-58.19612249993506,2,359
2017-07-04,0.0258622118190352,2664774018.48074484775391215774144,0.98744856,103037359570.2826972,0.026190945905106386,0.01362570992883318,1.8980450893284118,0.062551576612252,-58.654580396348386,2,360
2017-07-05,0.0254873375383169,2626147962.42391560263218235045768,0.97338545,103037359570.2510472,0.026184218737106555,0.013739404694286432,1.8550539929081409,0.062551576612252,-59.25388468413969,2,361
2017-07-06,0.0255221338897228,2629733286.59455133006113416663216,0.97462904,103037359570.2155172,0.026186510807971415,0.013852523655242003,1.8424176363030316,0.062551576612252,-59.198256427762416,2,362
2017-07-07,0.0203789192713458,2100190019.73614059754820480962136,0.81626945,103056987064.5278092,0.024965921818274343,0.013940176245650401,1.4618839039215452,0.062551576612252,-67.42061451516767,2,363
2017-07-08,0.0215480124753772,2220673242.94035926364150688303024,0.86180082,103056987064.4873092,0.025003471771327855,0.014033514946525279,1.5354679535017366,0.062551576612252,-65.55160774132017,2,364
2017-07-09,0.0196211792155452,2022099612.60560130391456506243984,0.78708127,103056987064.4451292,0.024929038414985023,0.014117621143790995,1.3898360790177953,0.062551576612252,-68.63199893877336,2,365
2017-07-10,0.0145619451197151,1500710189.83510291384719237385992,0.58717442,103056987064.4083192,0.02480003321622066,0.014176702300004885,1.0271743605499908,0.062551576612252,-76.72009898330388,2,366
2017-07-11,0.0144637425671985,1490873744.0309408378761991130378,0.61051093,103076623294.7210148,0.023691209864495792,0.014236360574240523,1.0159719186495884,0.062551576612252,-76.87709351139603,2,367
2017-07-12,0.0176847586975931,1822885210.32912205301350714354988,0.72586833,103076623294.6801348,0.024363590429125215,0.014311363316724376,1.2357144673230778,0.062551576612252,-71.72771710101199,2,368
2017-07-13,0.0172671354462011,1779838015.76567931988638401104528,0.7089222,103076623294.6448048,0.024356883514440795,0.014384654649872661,1.200385818532943,0.062551576612252,-72.39536334433659,2,369
2017-07-14,0.0163945550136037,1689895371.21928866794876951638176,0.67367257,103076623294.5673248,0.024336088099302752,0.014453022244846,1.1343340331085463,0.062551576612252,-73.79034086505743,2,370
2017-07-15,0.01742267203808,1795870202.453407042593372672384,0.71488369,103076623294.5353748,0.024371337997765762,0.014527538700435029,1.1992858802405584,0.062551576612252,-72.14670999249056,2,371
2017-07-16,0.0154475322829017,1592279465.95395311482794262686123,0.63526227,103076623294.4784419,0.02431677908858289,0.014592248577413494,1.0586121940666533,0.062551576612252,-75.30432785306328,2,372
2017-07-17,0.018711150242798,1928682184.9826748462146315009362,0.76671536,103076623294.4461919,0.024404298151530442,0.014673081255472445,1.2752025233840727,0.062551576612252,-70.08684471890187,2,373
2017-07-18,0.018795964883465,1937793518.7334606151244826857545,0.77015411,103096251283.0696513,0.024405459426120574,0.014754329707183756,1.2739287555918861,0.062551576612252,-69.95125318746413,2,374
2017-07-19,0.0171356026800675,1766616399.79038299066342033686275,0.7033467,103096251283.0289313,0.024362953121223857,0.014827687774792637,1.155649008822425,0.062551576612252,-72.60564224257915,2,375
2017-07-20,0.0186832750778326,1926175622.21360115468881683941838,0.76031994,103096251282.9978613,0.02457291213200669,0.014908770664520232,1.2531734170607978,0.062551576612252,-70.13140820790582,2,376
2017-07-21,0.0190187113428629,1960757843.68205243767842641194977,0.77142693,103096251282.9693213,0.024653937532181956,0.014991563081792711,1.268627643368367,0.062551576612252,-69.59515271572276,2,377
2017-07-22,0.023004588610734,2371686848.0728053623619806867742,0.92895507,103096251282.9362313,0.024763941070620347,0.01509396673954548,1.5240916458668923,0.062551576612252,-63.22300754569936,2,378
2017-07-23,0.0221069218199378,2279140767.03986420204124881520714,0.89300135,103096251282.9059613,0.024755754086976237,0.015191123046303358,1.4552526335646625,0.062551576612252,-64.6580901437939,2,379
2017-07-24,0.0226957118857282,2339842815.61443894720700353939266,0.91609972,103096251282.8605313,0.024774280998282806,0.015291724083797793,1.4841826704011247,0.062551576612252,-63.71680281311601,2,380
2017-07-25,0.0185590073672364,1913728795.16053441133547413121168,0.75299256,103115902553.0095212,0.024646999655928075,0.015372253624933824,1.207305566253061,0.062551576612252,-70.33007260187709,2,381
2017-07-26,0.0189021836655828,1949115728.89871283058242354337536,0.76601637,103115902552.9771712,0.024675952637386585,0.015454916426680607,1.2230531142149046,0.062551576612252,-69.78144326760194,2,382
2017-07-27,0.018264094914128,1883318631.3831002374277173710336,0.74097316,103115902552.9526112,0.02464879418051796,0.015534445232547484,1.1757159422636738,0.062551576612252,-70.80154345693884,2,383
2017-07-28,0.0169199392055952,1744714802.32556600884203571981824,0.68744349,103115902552.9247712,0.024612843748938837,0.015607272464115259,1.0841060950590864,0.062551576612252,-72.95041928282734,2,384
2017-07-29,0.0173055829337645,1784480803.4191268517138713430274,0.7028599,103115902552.8963812,0.024621667751659325,0.015682115220593353,1.1035235164602828,0.062551576612252,-72.3338980869511,2,385
2017-07-30,0.0160131397637019,1651209359.43925406049039050134428,0.65130643,103115902552.8625812,0.0245861840542583,0.015751608214638498,1.0166034823555572,0.062551576612252,-74.4001020742211,2,386
2017-07-31,0.0162281824812247,1673383683.34354711969567594426764,0.65991072,103115902552.8323412,0.02459148183139789,0.01582027917280042,1.0257835720829493,0.062551576612252,-74.05631742614449,2,387
2017-08-01,0.0178736510709318,1843409217.51541380706421277170292,0.72560063,103135571473.3280894,0.024632904564776632,0.015897672787727638,1.1242935560184342,0.062551576612252,-71.42573850419802,2,388
2017-08-02,0.0185549662881237,1913677051.79329168076330923598778,0.75525749,103135571473.2912594,0.02456773555218062,0.015978057628299434,1.1612779675584717,0.062551576612252,-70.33653299717257,2,389
2017-08-03,0.0188510835843914,1944217278.36609421839295095573916,0.76539238,103135571473.2439094,0.024629306584410208,0.01606002460589569,1.1737892093559497,0.062551576612252,-69.86313598257244,2,390
2017-08-04,0.0222932375249158,2299225792.12001185198942716622452,0.90161064,103135571473.2015294,0.024726014241486544,0.01615957447350904,1.3795683519675526,0.062551576612252,-64.36023081702913,2,391
2017-08-05,0.0240240372212798,2477732807.90816076222558365954212,0.96915194,103135571473.1184494,0.02478872117954982,0.016267068619758584,1.4768510407646105,0.062551576612252,-61.593234699420506,2,392
2017-08-06,0.0229381683714822,2365741103.53800070437382493941602,0.92648523,103135571473.0562491,0.024758266649844162,0.016369332935937245,1.401289133848804,0.062551576612252,-63.32919230210211,2,393
2017-08-07,0.0223100040065676,2300955012.78223556827305813743508,0.90179391,103135571472.9984983,0.024739581581968765,0.01646905241251874,1.3546622748986417,0.062551576612252,-64.33342656594569,2,394
2017-08-08,0.0236703390769726,2441718677.19011313165445917241,0.9553436,103155204885.32035,0.02477678091628248,0.01657567618119188,1.4280164994916411,0.062551576612252,-62.15868510605009,2,395
2017-08-09,0.0230654659100966,2379322861.73011818452113513281,0.93155433,103155204885.26535,0.024760193976122252,0.016679413734214207,1.3828703021367463,0.062551576612252,-63.12568418047074,2,396
2017-08-10,0.0221471554730115,2284594360.4433183152341454277,0.89539253,103155204885.2198,0.02473457699385933,0.016778409969653206,1.319979396919532,0.062551576612252,-64.59376937803111,2,397
2017-08-11,0.0215094038161677,2218806957.614338447331070924678,0.8703056,103155204885.15614,0.02471477124376506,0.01687425946282276,1.274687275228703,0.062551576612252,-65.61333066071008,2,398
2017-08-12,0.0202829758725321,2092294531.810564174425755946159,0.82183237,103155204885.09879,0.024680186146150584,0.016964467788083217,1.1956152191688552,0.062551576612252,-67.5739973777747,2,399
2017-08-13,0.0181473432130467,1871992907.26039535178747648294,0.7369792,103155204885.0082,0.024623955754852652,0.017044472551377754,1.0647054731875407,0.062551576612252,-70.9881921513515,2,400
2017-08-14,0.0177545110442607,1831470224.40282541265461974321,0.72137264,103155204884.9503,0.02461212147477717,0.017122342310708763,1.0369206923959557,0.062551576612252,-71.6162053687019,2,401
2017-08-15,0.0173362550331818,1788665925.20063573304672423248516,0.71305151,103174873799.2783162,0.024312766735718434,0.017198051074697993,1.0080360244241358,0.062551576612252,-72.28486319274302,2,402
2017-08-16,0.0175850312217254,1814333377.05696321355891711825548,0.72171577,103174873799.2257762,0.024365590933014256,0.01727499375275714,1.0179471826968838,0.062551576612252,-71.88714949467634,2,403
2017-08-17,0.0172810731610056,1782972542.50110939615417547324272,0.71103753,103174873799.1776862,0.02430402395356768,0.017350325293092918,0.9960085974805967,0.062551576612252,-72.3730813882943,2,404
2017-08-18,0.016858657004854,1739389808.8988505158285637947948,0.69400051,103174873799.1430562,0.024291995123827792,0.017422383346800886,0.9676435576737326,0.062551576612252,-73.04838995608642,2,405
2017-08-19,0.0164680164026734,1699085514.06744000473889637205908,0.67827326,103174873799.1062662,0.024279324239722202,0.0174929246389307,0.9414101268134228,0.062551576612252,-73.6728995581419,2,406
2017-08-20,0.0177187818891532,1828133085.28658948305772020817784,0.72871246,103174873799.0677962,0.024315189957302502,0.017569793194731807,1.0084798206085923,0.062551576612252,-71.67332488037941,2,407
2017-08-21,0.0198605936591966,2049114244.36111950435079813327692,0.8148052,103174873799.0146362,0.024374652566277927,0.017657026662266095,1.124798304894653,0.062551576612252,-68.2492516818409,2,408
2017-08-22,0.0215838561062358,2227335485.41809273851506559475072,0.88389476,103194511418.8651584,0.02441903389746965,0.01775309596164631,1.215779836534734,0.062551576612252,-65.49430521946563,2,409
2017-08-23,0.0204357552415531,2108857777.62612230430823153814404,0.83817024,103194511418.7935884,0.024381389682307377,0.01784344246829824,1.1452809780321551,0.062551576612252,-67.32975194497281,2,410
2017-08-24,0.0189099462409658,1951402663.28976158392840930568072,0.77712167,103194511418.6689684,0.02433331480894851,0.01792646379992763,1.054862043736821,0.062551576612252,-69.76903338794197,2,411
2017-08-25,0.0203582794029756,2100862696.31353889794829726639904,0.8162415,103194511418.6060984,0.024941490236621882,0.018016538830797367,1.1299772722258548,0.062551576612252,-67.45361107494767,2,412
2017-08-26,0.0212448793366527,2192354943.29168411100616983737268,0.84571445,103194511418.5387084,0.025120629470919763,0.018111241807073467,1.1730216824975177,0.062551576612252,-66.0362208480426,2,413
2017-08-27,0.0196987866184874,2032806660.63151973628972032708016,0.78545666,103194511418.4708984,0.025079406187080266,0.018198688370882656,1.0824289210866898,0.062551576612252,-68.50792947938423,2,414
2017-08-28,0.0205709217704821,2122806221.53085003542680343224264,0.82318907,103194511418.3913384,0.02498930381872308,0.01829090038506603,1.1246533159886234,0.062551576612252,-67.1136638201812,2,415
2017-08-29,0.0201249309842618,2077177009.42831663496668092018278,0.80845398,103214118401.3361871,0.024893106450241977,0.01838076074651205,1.0948910799614606,0.062551576612252,-67.82666069472033,2,416
2017-08-30,0.0213025554304615,2198724478.44960763071333956220665,0.85460339,103214118401.2858271,0.024926832352562402,0.01847660939252328,1.1529472198011483,0.062551576612252,-65.94401518843738,2,417
2017-08-31,0.0225254704202518,2324946570.90890292101774889381378,0.88958994,103214118397.2180771,0.025321183848202918,0.018578640010571267,1.2124391455690398,0.062551576612252,-63.98896456298158,2,418
2017-09-01,0.0240438095492015,2481660605.52896730530491499578565,0.94792601,103214118397.1149771,0.02536464797416151,0.018688385822753676,1.2865642745842412,0.062551576612252,-61.56162505983577,2,419
2017-09-02,0.0209113264754421,2158344126.67563583588294228748391,0.82724747,103214118397.0494571,0.025278199370548815,0.018782397225916483,1.113347046381708,0.062551576612252,-66.56946537883717,2,420
2017-09-03,0.0215026889864018,2219381086.89677222450139525534478,0.85002252,103214118397.0199471,0.025296610949086154,0.01887870407940121,1.1389917918075558,0.062551576612252,-65.62406552964475,2,421
2017-09-04,0.0182786226729218,1886611924.69661131555757574918878,0.72545302,103214118396.9765871,0.02519614939768505,0.01895931734636437,0.964097089520309,0.062551576612252,-70.77831820894255,2,422
2017-09-05,0.0189753610538075,1958898658.08769164391744493845825,0.75258972,103233801587.9085971,0.02521342047272118,0.01904362678816059,0.9964152976157078,0.062551576612252,-69.6644559873639,2,423
2017-09-06,0.0205392988601323,2120349903.28057018438451742531033,0.81313673,103233801587.8557771,0.0252593421282695,0.019136158520117283,1.0733240341074692,0.062551576612252,-67.1642187575025,2,424
2017-09-07,0.0203265205457184,2098383988.98750764318909754768864,0.80489659,103233801587.8233271,0.02525358014713219,0.01922752128461369,1.0571576151099702,0.062551576612252,-67.50438334796978,2,425
2017-09-08,0.0184556005774297,1905241808.19375206930785432633587,0.73263169,103233801587.7830571,0.02519083030305405,0.019309491196044824,0.9557787095503569,0.062551576612252,-70.49538704382586,2,426
2017-09-09,0.0179333676389726,1851329716.64186809264065863602146,0.71233773,103233801587.7496671,0.02517537241635734,0.0193890040946869,0.9249246403474027,0.062551576612252,-71.33027077776327,2,427
2017-09-10,0.0168138980410991,1735762614.29097556027089174596561,0.66877553,103233801587.7198271,0.025141317657210182,0.019462895093906415,0.8638950145892385,0.062551576612252,-73.11994524882085,2,428
2017-09-11,0.0173889101302152,1795123298.20890857420678024777592,0.69187324,103233801587.6957471,0.025133086705615617,0.019540003651119617,0.8899133511276922,0.062551576612252,-72.20068450391508,2,429
2017-09-12,0.0164135031989863,1694751644.72125894034925775464863,0.65396002,103253499522.6325001,0.025098634009746188,0.01961259346433778,0.8368859135754538,0.062551576612252,-73.76004876626664,2,430
2017-09-13,0.0154764161196167,1597994124.41854379822844591710067,0.61732909,103253499522.6091701,0.02506996085283572,0.01968048229027781,0.7863839864972249,0.062551576612252,-75.25815181997295,2,431
2017-09-14,0.0114794802824291,1185296511.86119944908396717775891,0.46019731,103253499522.5747601,0.024944692272167127,0.019728389420762684,0.5818762007175197,0.062551576612252,-81.64797611163551,2,432
2017-09-15,0.0121623510298369,1255805306.25171400845876732485169,0.48716912,103253499522.4977201,0.02496535706088452,0.019780277569874886,0.6148726167705557,0.062551576612252,-80.55628380843297,2,433
2017-09-16,0.0119441208072515,1233272272.06774193129516750755015,0.4785465,103253499522.4595501,0.024959164485063624,0.01983076697697231,0.6023025141247002,0.062551576612252,-80.90516425942171,2,434
2017-09-17,0.011391044545382,1176165212.5265344277959593632782,0.4567077,103253499522.4260701,0.024941652057501984,0.019879066566758502,0.5730170733685225,0.062551576612252,-81.78935662006825,2,435
2017-09-18,0.0135344639643127,1397480768.47490404896310119726527,0.54124759,103253499522.3854201,0.02500604938363365,0.01993774582913571,0.6788362175093196,0.062551576612252,-78.36271330423716,2,436
2017-09-19,0.0118116350515292,1219825307.94483269130066608948204,0.47337834,103273196523.8722237,0.024951786031294127,0.01998785918331928,0.5909404775768339,0.062551576612252,-81.11696668375318,2,437
2017-09-20,0.0122410006225314,1264167262.93914117881336175009018,0.4903842,103273196523.8406637,0.02496206162949663,0.020040314139704023,0.6108187994059153,0.062551576612252,-80.43054822037251,2,438
2017-09-21,0.0105603551996308,1090601637.89271666283829136880596,0.42391897,103273196523.8105937,0.02491125886541666,0.02008440570212942,0.5257987393926798,0.062551576612252,-83.11736366759725,2,439
2017-09-22,0.0108320718647418,1118662686.44713399014732084196266,0.43478307,103273196523.7750137,0.024913738855429215,0.02012937054315143,0.5381227317327699,0.062551576612252,-82.68297547176434,2,440
2017-09-23,0.011890042613057,1227922707.4535706113235265414409,0.47666714,103273196523.7140937,0.024944120572391457,0.020178724152885495,0.5892365901318275,0.062551576612252,-80.99161802625436,2,441
2017-09-24,0.0115960927125692,1197565561.61167682942281117790604,0.46504411,103273196523.6545037,0.024935468406575883,0.020227631348731612,0.5732798127792823,0.062551576612252,-81.46155006699244,2,442
2017-09-25,0.0120409182073633,1243504112.35336899702271758708221,0.48266085,103273196523.5788637,0.024946954382903237,0.020278967041126174,0.5937638826940279,0.062551576612252,-80.75041612139823,2,443
2017-09-26,0.0123735357729956,1278098362.84479597479423337349456,0.49588971,103292897543.0093876,0.02495219304509384,0.02033242532563622,0.6085617222159118,0.062551576612252,-80.21866682961914,2,444
2017-09-27,0.0145003480001962,1497782960.32062514503752129491512,0.57963233,103292897542.8975276,0.025016458278295482,0.020396106120993983,0.7109370736834322,0.062551576612252,-76.81857311114359,2,445
2017-09-28,0.0138474421262808,1430342420.77993723546183462228608,0.5539512,103292897542.8116976,0.0249975848527466,0.020456131653465704,0.6769335649995559,0.062551576612252,-77.86236114859413,2,446
2017-09-29,0.0131838203976527,1361795009.55648997682625366776952,0.52781904,103292897542.7296776,0.02497791742725442,0.02051228629016785,0.6427279831781647,0.062551576612252,-78.92328041645176,2,447
2017-09-30,0.0138033256517804,1425785502.29743768042236704143904,0.55223499,103292897542.6682776,0.024995384033489804,0.020571788198995772,0.6709832669021073,0.062551576612252,-77.93288930613983,2,448
2017-10-01,0.0136752459402473,1412555777.77573299595429893326748,0.54720406,103292897542.5935676,0.024991126601376642,0.020630533660136827,0.662864381771722,0.062551576612252,-78.13764787254183,2,449
2017-10-02,0.0128461848164389,1326919652.05661367622416282108364,0.51457069,103292897542.5133276,0.02496485918472912,0.020684944037642424,0.6210403466918467,0.062551576612252,-79.4630519130309,2,450
2017-10-03,0.0124445220309709,1285675913.46158358981928868602257,0.4987029,103312598930.0271573,0.02495377915582785,0.020737831857213385,0.6000879029522189,0.062551576612252,-80.10518246708207,2,451
2017-10-04,0.0117984221399714,1218925654.55308921136932529669322,0.4731756,103312598929.9484373,0.024934553134124834,0.0207876805590472,0.5675679932861244,0.062551576612252,-81.13808991081379,2,452
2017-10-05,0.0144609062280591,1493993805.30128500962833302951743,0.57817097,103312598929.8254673,0.025011470617521837,0.020850696831311022,0.693545464933502,0.062551576612252,-76.88162791211462,2,453
2017-10-06,0.0183803903154284,1898925892.82854840485131077724332,0.73156939,103312598929.6647473,0.02512460276041402,0.020932935066606494,0.8780608288777395,0.062551576612252,-70.61562424019185,2,454
2017-10-07,0.0208496798976037,2154034617.06849710671446899259001,0.82744525,103312598929.4475973,0.02519765494768832,0.021026395147786064,0.9915955517367431,0.062551576612252,-66.66801857473908,2,455
2017-10-08,0.0185178002127256,1913122066.42988683869674237264888,0.73693079,103312598929.2816773,0.025128275903257617,0.021109386737488352,0.8772306103919006,0.062551576612252,-70.3959496856255,2,456
2017-10-09,0.0174045308327104,1798107313.46796307263939356236992,0.69361585,103312598929.0424673,0.025092464125077877,0.021185706737174032,0.8215223144843736,0.062551576612252,-72.17571198788717,2,457
2017-10-10,0.0184447853948836,1905942266.36862656461450548713672,0.73427504,103332309135.8556002,0.025119722706199575,0.021267567642606417,0.8672729154946807,0.062551576612252,-70.51267706772587,2,458
2017-10-11,0.0194470401177515,2009507561.2190820550457799019553,0.77322163,103332309135.5572702,0.02515066749717219,0.0213548700694007,0.910660662160482,0.062551576612252,-68.91039175830717,2,459
2017-10-12,0.0177704086586388,1836257360.96805271973887097241576,0.7080154,103332309134.9047602,0.025098901321410242,0.02143376074915033,0.8290849593132297,0.062551576612252,-71.59079015898362,2,460
2017-10-13,0.0179170232393088,1851407384.12704224496514056824576,0.71373047,103332309134.0961802,0.02510334642054556,0.021514120274353555,0.8328029689723002,0.062551576612252,-71.35640025450711,2,461
2017-10-14,0.0177037556470665,1829369951.3566742734665897087783,0.70537881,103332309134.0678102,0.025098224381118705,0.021592400689043778,0.819906776556327,0.062551576612252,-71.69734704400904,2,462
2017-10-15,0.0187642006063142,1938948177.70480103200503793125684,0.74667544,103332309134.0400702,0.025130330530644212,0.021676483788331816,0.8656478047613394,0.062551576612252,-70.00203412516568,2,463
2017-10-16,0.0364601951088186,3767516152.06642929518158542896772,1.41762866,103332309133.8911402,0.02571914362172855,0.021847327837048777,1.6688629099522767,0.062551576612252,-41.71178876140888,2,464
2017-10-17,0.0457629454563144,4729692617.64250724359072918150008,1.75994973,103352014833.8682007,0.026002416248738197,0.022064507073908893,2.0740524727347625,0.062551576612252,-26.8396610688294,2,465
2017-10-18,0.0349720986691245,3614436860.42101080713799499444215,1.36192996,103352014833.8153907,0.025678338604963578,0.022226004533192498,1.5734766281045647,0.062551576612252,-44.090779860096276,2,466
2017-10-19,0.0312524931713828,3230008137.84113674269600367866796,1.22247048,103352014833.7727507,0.02556502891700322,0.02236085113483347,1.397643273189098,0.062551576612252,-50.037241482956695,2,467
2017-10-20,0.0262666317928323,2714709318.68504795078420897759361,1.0335115,103352014833.7345707,0.025414939062441303,0.022477010521256616,1.1685998797745731,0.062551576612252,-58.0080419784536,2,468
2017-10-21,0.0371913441845042,3843800355.84185404408953141908094,1.44475234,103352014833.6928407,0.02574236646296361,0.02264817334172371,1.64213438423258,0.062551576612252,-40.542914825236366,2,469
2017-10-22,0.0311761700296089,3222119987.35629605191575288590823,1.21888799,103352014833.6423807,0.025577551247845918,0.022788447414652947,1.3680690686089767,0.062551576612252,-50.15925781876709,2,470
2017-10-23,0.0347433026136983,3590790327.09922921341658407917781,1.35339824,103352014833.6008307,0.025671159889862353,0.022948023099843895,1.5139998100287184,0.062551576612252,-44.45655170441681,2,471
2017-10-24,0.0367786735695359,3801875023.82442892796490524560866,1.42890694,103371727548.4767774,0.02573902648239353,0.023118366058916994,1.5908855096335834,0.062551576612252,-41.20264338416044,2,472
2017-10-25,0.0351264896500078,3631085917.83381825414826376740772,1.36735501,103371727548.4432574,0.025689370641211753,0.02327933178805774,1.5089131410562064,0.062551576612252,-43.84395797447004,2,473
2017-10-26,0.0345704357382953,3573605664.36874847690883132901022,1.34658097,103371727548.4062574,0.02567274936188598,0.023438196922973914,1.474961399629238,0.062551576612252,-44.7329106465336,2,474
2017-10-27,0.0342165911886098,3537028141.98337732927216595179852,1.33321354,103371727548.3830774,0.025664749240852897,0.023595027160339548,1.4501611274312853,0.062551576612252,-45.29859510861988,2,475
2017-10-28,0.0310858585404333,3213398899.64829615948589191145842,1.21568003,103371727548.3524474,0.02557075692066218,0.02373634248413321,1.3096313621701805,0.062551576612252,-50.30363705597709,2,476
2017-10-29,0.0299674567534226,3097787774.83021193911624060000324,1.17360083,103371727548.2982674,0.025534624710023938,0.023870902794926572,1.2553968742142323,0.062551576612252,-52.09160443838778,2,477
2017-10-30,0.0317300574566411,3279990854.49831564795453077897814,1.24004057,103371727548.2529474,0.02558791883449515,0.02401419574435261,1.3213041900061557,0.062551576612252,-49.27376866400819,2,478
2017-10-31,0.0292201426282228,3021112752.58516488697218204790912,1.14537461,103391444423.2441504,0.02551142863924913,0.024144636250247552,1.2102125840857598,0.062551576612252,-53.286321127676516,2,479
2017-11-01,0.0274481927979331,2837908300.18478548950916452244824,1.07792957,103391444423.2002504,0.02546380910390379,0.02426494791292254,1.1311869655123097,0.062551576612252,-56.11910317132307,2,480
2017-11-02,0.0274138362090918,2834356122.83667572669452389463872,1.07704379,103391444423.1143904,0.025452852022935665,0.024383312533167615,1.124286791296379,0.062551576612252,-56.174028387763705,2,481
2017-11-03,0.0277722175016389,2871409682.32526436535375650276156,1.0906937,103391444423.0395404,0.0254628934792957,0.0245045216875306,1.133350728317668,0.062551576612252,-55.601091122299316,2,482
2017-11-04,0.0272163355814488,2813936247.66701650319124859892352,1.06957127,103391444422.9976304,0.025446023415951327,0.024622328578469754,1.1053518149070312,0.062551576612252,-56.489768834830734,2,483
2017-11-05,0.0266808781217041,2758574527.47589750538762874332664,1.04922964,103391444422.9584504,0.025429016780067416,0.024738162619388545,1.0785311153542563,0.062551576612252,-57.34579435608006,2,484
2017-11-06,0.0287776478883733,2975362582.27357103575570358281432,1.12884226,103391444422.9360504,0.025493063918756283,0.024865111870043165,1.1573504289374967,0.062551576612252,-53.99372894026047,2,485
2017-11-07,0.030864106043941,3191693156.0785539771475033928361,1.20778215,103411164785.8701621,0.025554365117865834,0.025002101875723288,1.2344604544592166,0.062551576612252,-50.65814849837752,2,486
2017-11-08,0.034126145203529,3529024425.1461327818055903409009,1.33023617,103411164785.7958121,0.025654200339123995,0.025155204755323565,1.3566236305950532,0.062551576612252,-45.44318936184143,2,487
2017-11-09,0.0402389755874241,4161159335.27909003427178031948961,1.56102647,103411164785.7053921,0.025777253852347613,0.02533856147102181,1.5880528826959255,0.062551576612252,-35.670725237095816,2,488
2017-11-10,0.0331785204846963,3431029449.18653771688348623266323,1.29353302,103411164785.6362721,0.02564953501124873,0.025485181441487245,1.3018749959019358,0.062551576612252,-46.958138736669966,2,489
2017-11-11,0.0330040068495922,3412982790.90766468658733493851562,1.28765229,103411164785.5822621,0.02563114833554344,0.025631061788635123,1.2876566379402299,0.062551576612252,-47.237130321783624,2,490
2017-11-12,0.0282600028449397,2922399811.03731659851315633284537,1.10667303,103411164785.5197621,0.025536000317040074,0.02575293557592234,1.097350737418896,0.062551576612252,-54.82127809484436,2,491
2017-11-13,0.030488158675237,3152816000.7704783141496562655677,1.19198154,103411164785.4696121,0.025577710436050043,0.025885258362704677,1.1778193691573948,0.062551576612252,-51.25916831125041,2,492
2017-11-14,0.0362591476388178,3750315886.96946192772591715371168,1.41121936,103430889339.3429456,0.025693487962649406,0.026043462394315917,1.3922552650576714,0.062551576612252,-42.033199476996536,2,493
2017-11-15,0.0371180707022328,3839155063.29018270139808555259168,1.08564451,103430889339.2792156,0.03418989398494061,0.026203446210374345,1.416533932377841,0.062551576612252,-40.6600557291749,2,494
2017-11-16,0.0373353987019623,3861633491.57851914120969155680188,1.0917963,103430889339.2253156,0.03419630447727502,0.02636524537705443,1.4160838698074532,0.062551576612252,-40.31261764447772,2,495
2017-11-17,0.0355838435345366,3680468582.88296632900243944075896,1.04220363,103430889339.1691956,0.034142889652511194,0.026517438389727675,1.341903505593552,0.062551576612252,-43.112795133661294,2,496
2017-11-18,0.0363491955168956,3759629619.07450782165101621711136,1.06390262,103430889339.1321656,0.03416590469238209,0.02667445327675818,1.362696927271876,0.062551576612252,-41.889241669768126,2,497
2017-11-19,0.0364404463549711,3769067774.40679383775286044226916,1.06646675,103430889339.0552156,0.03416932253628263,0.0268304435336163,1.3581753245828483,0.062551576612252,-41.74336071357552,2,498
2017-11-20,0.0383290546743197,3964408212.48823956837250396584232,1.11982782,103430889339.0051656,0.03422763213216091,0.02698890608134922,1.4201781487100409,0.062551576612252,-38.72407899178008,2,499
2017-11-21,0.0376793864440344,3897955913.62597674312990951680544,1.1016821,103450620657.4157676,0.034201687078363525,0.027124128362787617,1.389146443346281,0.062551576612252,-39.76269107075691,2,500
2017-11-22,0.0421668090585774,4362182568.24971373948494206574424,1.22802875,103450620657.3479476,0.034336988493614176,0.027228794853684214,1.5486109203570566,0.062551576612252,-32.58873502107991,2,501
2017-11-23,0.041219109429548,4264142453.4214381096510702104848,1.20114405,103450620657.1430476,0.03431654132537059,0.02722142201192295,1.5142158779028545,0.062551576612252,-34.1038041533962,2,502
2017-11-24,0.0402279169724125,4161602978.536426410806389147335,1.17319652,103450620657.0519276,0.034289154703947215,0.027222370637293217,1.4777521586346476,0.062551576612252,-35.688404431786864,2,503
2017-11-25,0.043826088844998,4533836091.9842945691073115025048,1.27401621,103450620657.0097476,0.03439994601402913,0.027301121833725208,1.6052852740600358,0.062551576612252,-29.9360764051249,2,504
2017-11-26,0.0486471935658597,5032582367.60686833524577705156672,1.4081154,103450620656.9478976,0.03454773207214388,0.02738535565410348,1.7763944416245074,0.062551576612252,-22.22866920298991,2,505
2017-11-27,0.0594853371602837,6153795049.21294089319639609641012,1.70573884,103450620656.8434276,0.034873648747004965,0.027498497681538253,2.1632213457326634,0.062551576612252,-4.901937917529179,2,506
2017-11-28,0.07846764572097,8119075140.551625222389283825948,2.17998732,103470354767.9123484,0.035994542262277926,0.02769033147086454,2.8337561001583813,0.07846764572097,0.0,2,507
2017-11-29,0.0662824176141571,6858265265.38673656650513558385464,1.85734306,103470354767.5348584,0.03568668548187167,0.027833245329795333,2.3814117552149816,0.07846764572097,-15.528983945999123,2,508
2017-11-30,0.0721759899666811,7468075287.52815241713652899821224,2.01329202,103470354767.2248184,0.0358497372709405,0.02800006315113301,2.5777081136247557,0.07846764572097,-8.018152827806176,2,509
2017-12-01,0.0891746106263028,9226928597.70293197851939753813552,2.44877871,103470354766.8911484,0.03641595308802028,0.028230117451340474,3.158846603455008,0.0891746106263028,0.0,2,510
2017-12-02,0.0941590951353903,9742674978.15855907715247251589852,2.57165615,103470354766.5754084,0.036614185428868594,0.02845033329602193,3.309595503000877,0.0941590951353903,0.0,2,511
2017-12-03,0.0902242202871477,9335532081.62183842367413326450468,2.4719433,103470354766.2763284,0.036499308170680006,0.02866000895522393,3.1480876516161143,0.0941590951353903,-4.178964169722192,2,512
2017-12-04,0.0962742698449995,9961532855.6973966203786161100358,2.6225223,103470354765.9759284,0.03671056289778719,0.028911856468301144,3.329923484870446,0.0962742698449995,0.0,2,513
2017-12-05,0.122976018227951,12726801175.5097220087645235322267,3.26713228,103490106110.9252117,0.037640354809249106,0.029278634969262543,4.200196435286493,0.122976018227951,0.0,2,514
2017-12-06,0.143861216710517,14888212582.5517793311830933011889,3.6711886,103490106110.4634317,0.039186550293416424,0.029730361896776105,4.838865305777424,0.143861216710517,0.0,2,515
2017-12-07,0.135750922041749,14048877326.6318407618668738493533,3.48099959,103490106110.0066217,0.03899768400769878,0.030096358623923587,4.510543077255885,0.143861216710517,-5.637582424377688,2,516
2017-12-08,0.138366332135907,14319546394.7450629347198335358819,3.53554462,103490106109.6281217,0.03913579009954823,0.030532651879948674,4.531749573536866,0.143861216710517,-3.8195732666900906,2,517
2017-12-09,0.135132238385682,13984849689.3302324890997656151994,3.4620719,103490106109.3649717,0.03903218716678934,0.030932357445646038,4.368636907908966,0.143861216710517,-6.067638328403528,2,518
2017-12-10,0.116078270039716,12012952483.3590593957078986144372,3.02120435,103490106108.9973717,0.038421191217904875,0.031257979450423724,3.7135564128135763,0.143861216710517,-19.31232566085333,2,519
2017-12-11,0.143280724595906,14828137391.7450204166641015781402,3.64393811,103490106108.5833517,0.03932029586416493,0.03177130716711514,4.5097522693119965,0.143861216710517,-0.4035084144874789,2,520
2017-12-12,0.159290019442671,16488083048.7084126064112351213988,3.99634964,103509831352.8835228,0.03985887967567096,0.03236162125273848,4.922189101672144,0.159290019442671,0.0,2,521
2017-12-13,0.149862606336511,15512253107.9260526687743877844608,3.78541477,103509831352.4179328,0.03958948105877206,0.03294547741659232,4.548806637145156,0.159290019442671,-5.918395351538614,2,522
2017-12-14,0.184344771659494,19081496225.0797751662720256028632,4.46879029,103509831351.9056228,0.041251604952689334,0.03368395855054761,5.472776347912264,0.184344771659494,0.0,2,523
2017-12-15,0.198477646946222,20544387762.4165903328684227356816,4.73120804,103509831351.3518328,0.04195073335777938,0.03448756835209005,5.755049034478932,0.198477646946222,0.0,2,524
2017-12-16,0.237685647823233,24602801320.6998886523460743274024,5.49399268,103509831350.8479528,0.04326282572026162,0.03552075810955866,6.691457628525998,0.237685647823233,0.0,2,525
2017-12-17,0.266455810095043,27580795965.2395958686064373688304,5.98200437,103509831350.2779728,0.044542897934232537,0.03668172984941881,7.263992488600282,0.266455810095043,0.0,2,526
2017-12-18,0.275918308131393,28560257541.0621612789456382658604,6.14097781,103509831350.0157228,0.044930679880016214,0.037849145115405,7.289948221818394,0.275918308131393,0.0,2,527
2017-12-19,0.26306245738448,27234742964.474647845284733752112,5.75896824,103529569499.4196719,0.04567874772382492,0.03896149401671752,6.751857546109645,0.275918308131393,-4.659296019164862,2,528
2017-12-20,0.251222722301385,26008980288.2783301009892081401315,5.54917443,103529569499.1955019,0.04527208965413348,0.04002275324772005,6.276997505555074,0.275918308131393,-8.950325187645007,2,529
2017-12-21,0.254232788509681,26320611146.9361492492791523739339,5.59845871,103529569498.9943419,0.04541121077763223,0.04109445511865679,6.186547254991098,0.275918308131393,-7.85939859104431,2,530
2017-12-22,0.224485286244957,23240865043.7472597962329033131843,5.05237303,103529569498.7642399,0.0444316531879193,0.04201063888845941,5.343534213820884,0.275918308131393,-18.640670216759762,2,531
2017-12-23,0.240820454378574,24932037968.2736614250882028476226,5.33724794,103529569498.6110199,0.045120717097241324,0.042993361774613284,5.601340403224147,0.275918308131393,-12.720378720249808,2,532
2017-12-24,0.223963205568887,23186814256.0520755650093616445513,5.02592254,103529569498.5051199,0.044561611084616315,0.04387297861820071,5.10480967152697,0.275918308131393,-18.82988588700858,2,533
2017-12-25,0.227734334001446,23577237559.1770810381453691227554,5.08949438,103529569498.4111499,0.04474596433318904,0.04476025867356517,5.087869032712783,0.275918308131393,-17.46313046650086,2,534
2017-12-26,0.222500624177463,23039782767.4014944809308782158989,4.98363129,103549294985.4618203,0.04464628525467481,0.045637986034780725,4.875338364140241,0.275918308131393,-19.359963576064107,2,535
2017-12-27,0.225198142419836,23319108879.5816914115585055415108,5.03150039,103549294985.3377103,0.04475765178661469,0.04655146539194982,4.837616614723791,0.275918308131393,-18.382312523967762,2,536
2017-12-28,0.221803931994319,22967640782.9621086530772869967657,4.96988069,103549294985.2231303,0.04462962912582897,0.047431369723070375,4.676313024256491,0.275918308131393,-19.612463016156436,2,537
2017-12-29,0.320426485127363,33179936629.4644165211487454113089,6.65347593,103549294985.0137003,0.04815926118896518,0.04883286156194715,6.561697899290308,0.320426485127363,0.0,2,538
2017-12-30,0.325508606371869,33706186701.2507133465146609316207,6.71601703,103549294984.6737403,0.04846750758937087,0.05025316872367322,6.4773747534556705,0.325508606371869,0.0,2,539
2017-12-31,0.355560273226506,36818015617.0911949118790844143918,7.17492452,103549294984.4727403,0.04955596009900686,0.05183572893746462,6.85936670545251,0.355560273226506,0.0,2,540
2018-01-01,0.487672943892147,50498189522.8643310886365423906141,8.96618938,103549294984.1245103,0.05439021229910126,0.05409197908810703,9.015623981844096,0.487672943892147,0.0,2,541
2018-01-02,0.555742484043824,57557718962.2485346922513747045648,9.73678528,103569046122.6457627,0.057076588223153674,0.056685313792294426,9.803994136473658,0.555742484043824,0.0,2,542
2018-01-03,0.880229965321243,91164577874.1378212873524768266861,12.51959002,103569046119.5183127,0.07030821008635896,0.060884922692135426,14.45727326898525,0.880229965321243,0.0,2,543
2018-01-04,0.74158504273224,76805255491.748102520486648688248,11.20191758,103569046118.8006327,0.066201615699822,0.06440171082043096,11.514989792739756,0.880229965321243,-15.750988724679921,2,544
2018-01-05,0.644066625761424,66705366066.7310945981365212960048,10.16350359,103569046118.2818427,0.06337053163390716,0.06741289753484106,9.554056409288009,0.880229965321243,-26.829731872810115,2,545
2018-01-06,0.686767190389341,71127822813.7054226390326408490607,10.63390489,103569046117.9162427,0.06458278473368413,0.07063897627623637,9.722213239666894,0.880229965321243,-21.978662685187853,2,546
2018-01-07,0.68506979557154,70952025251.267490889994464340158,10.56517501,103569046117.5180527,0.06484225721988679,0.07387170845277705,9.2737776060706,0.880229965321243,-22.171498067380448,2,547
2018-01-08,0.622130918563598,64433505795.5905965309074497877294,9.48148859,103569046117.1056753,0.06561532112370533,0.07678491624878551,8.102254309269213,0.880229965321243,-29.321774641408716,2,548
2018-01-09,0.569939789170009,59039369989.4940245481708922772204,8.94753257,103588784484.5361356,0.06369798430026939,0.07943443789586496,7.1749710109005225,0.880229965321243,-35.2510353402923,2,549
2018-01-10,0.559323676404319,57939659771.9075051671607621934364,8.807429,103588784484.1107556,0.06350589671563847,0.08204641639659627,6.817161564993383,0.880229965321243,-36.45709661790576,2,550
2018-01-11,0.540832391696989,56024170065.2472307866975726159284,8.60330068,103588784483.5961156,0.06286336044888635,0.08458913693405382,6.39363884417718,0.880229965321243,-38.55782999848109,2,551
2018-01-12,0.673537602749697,69770941572.4327936794258948163932,10.13036966,103588784482.9969756,0.06648697188308696,0.08780793417478786,7.670577938993225,0.880229965321243,-23.48163215462824,2,552
2018-01-13,0.661191520675834,68492025936.9067746421501250457104,9.93250687,103588784482.4415656,0.06656844332752362,0.09096898777921768,7.268317883019102,0.880229965321243,-24.88422949399026,2,553
2018-01-14,0.625985143047898,64845040072.1190693956174030916688,9.41160351,103588784481.9942856,0.06651206060505814,0.09393872186269736,6.663760488064229,0.880229965321243,-28.883909011272692,2,554
2018-01-15,0.593901010597243,61521483790.0537879494346196279008,9.08005899,103588784481.4173856,0.06540717535550317,0.0967621629655396,6.137740128946393,0.880229965321243,-32.52888063399469,2,555
2018-01-16,0.434347545331984,45002137081.8006551998402891926816,7.21279031,103608590782.7665074,0.06021907287805015,0.09879974097032392,4.396241741792089,0.880229965321243,-50.655219380827674,2,556
2018-01-17,0.474525151996282,49164882288.9092612864364011960268,7.72408384,103608590781.9159774,0.06143449007361915,0.10105059512248901,4.695916450774821,0.880229965321243,-46.0907750597763,2,557
2018-01-18,0.497480648143402,51543268894.8067641373949079586448,7.99418875,103608590780.6992424,0.06223028548624173,0.10340931013195011,4.810791673482953,0.880229965321243,-43.482877458978045,2,558
2018-01-19,0.498933170808452,51693762720.6565129265734381986048,8.00981332,103608590779.5906624,0.06229023709736745,0.10577323106368565,4.71700794039322,0.880229965321243,-43.3178611879721,2,559
2018-01-20,0.530899845344972,55005784820.8564230508358327794928,8.40034102,103608590778.7642324,0.06319979677979454,0.10829841923131533,4.9021938557664395,0.880229965321243,-39.68623356838138,2,560
2018-01-21,0.458698074992737,47525061142.5272682445025826342888,7.54784735,103608590777.8875624,0.06077203919508746,0.11046447291858744,4.1524488631815455,0.880229965321243,-47.88883666039095,2,561
2018-01-22,0.478455083835017,49572056986.2089463001762980393108,7.77513527,103608590776.9403124,0.06153656074398009,0.1127291376683139,4.244289397855494,0.880229965321243,-45.64430856879507,2,562
2018-01-23,0.487731503693913,50542823786.5959556775863498821327,7.88835805,103628376276.2949479,0.06182928064401349,0.11506590059042673,4.238714520907259,0.880229965321243,-44.59044534845917,2,563
2018-01-24,0.566938753650234,58750942488.0920219420420745647286,8.75868779,103628376274.9048279,0.06472873188807132,0.11779285429630101,4.81301482196987,0.880229965321243,-35.59197300862988,2,564
2018-01-25,0.605838706017065,62782081388.4733025926308860972135,9.17314472,103628376273.9729679,0.06604482154262416,0.12072394193030861,5.018380748093886,0.880229965321243,-31.172678744700306,2,565
2018-01-26,0.629440611769513,65227908558.0391866002542635824427,9.40575582,103628376273.1283379,0.06692079018584526,0.1237983352635576,5.084402875284874,0.880229965321243,-28.49134469765563,2,566
2018-01-27,0.606855806980976,62887481908.9869047022137701370704,9.15606661,103628376272.5176179,0.06627909481547295,0.12676029558562651,4.787428146781538,0.880229965321243,-31.057129285583702,2,567
2018-01-28,0.610755133445552,63291562778.7261372086475726881056,9.19461416,103628376271.9589078,0.06642531408251633,0.1297256474593663,4.708052304282063,0.880229965321243,-30.614139769411874,2,568
2018-01-29,0.571584966859634,59232422016.7828095325876286622652,4.26710809,103628376271.3596878,0.13395136818754316,0.13249723661643345,4.313938776808731,0.880229965321243,-35.064132172433816,2,569
2018-01-30,0.478242457903645,49568952740.237287526030053151722,4.00440059,103648164066.2366836,0.1194292247129164,0.13480647613088365,3.5476222777258806,0.880229965321243,-45.66846429397472,2,570
2018-01-31,0.523111946306845,54219592835.419891167141810821592,4.36103522,103648164065.4713136,0.11995132346279126,0.13733492250222748,3.8090234936300376,0.880229965321243,-40.570990886917436,2,571
2018-02-01,0.446529722459582,46281985933.2670282212570820623752,3.79719221,103648164064.7253436,0.11759471150384089,0.13949033345311088,3.201151731490277,0.880229965321243,-49.27124273750219,2,572
2018-02-02,0.407568343508428,42243710535.1492828754233979146608,3.50193419,103648164063.7424436,0.1163837814748963,0.14143461941943902,2.8816731376053117,0.880229965321243,-53.69751547146153,2,573
2018-02-03,0.438401526844186,45439513379.8044396960520445007496,3.73723355,103648164062.9738836,0.11730643027224939,0.1435326472292426,3.054368015271081,0.880229965321243,-50.19466001885202,2,574
2018-02-04,0.383866526513259,39787060718.0442638214501502890924,3.3230494,103648164062.2290436,0.11551634667641685,0.14536630184840857,2.640684406442176,0.880229965321243,-56.39020010263277,2,575
2018-02-05,0.316664731851826,32821718079.4359516314014622878136,2.71887001,103648164061.3957436,0.11646924298959994,0.14685620913227854,2.1562910667712725,0.880229965321243,-64.02477257903189,2,576
2018-02-06,0.365028292258536,37841730328.4009178045302436281496,2.75199039,103667937885.7544111,0.13264155775577982,0.1485862570368569,2.456676004483985,0.880229965321243,-58.5303492678396,2,577
2018-02-07,0.33605494655666,34838123325.556759461069606662726,2.5506495,103667937884.9224411,0.13175269536510603,0.15015150882658654,2.2381056919299938,0.880229965321243,-61.821914749969274,2,578
2018-02-08,0.35127593370607,36416051675.711826850858017196477,2.65624349,103667937884.3611411,0.132245381505319,0.1517973538860172,2.3141110481401332,0.880229965321243,-60.09270900271264,2,579
2018-02-09,0.390183330736247,40449501294.0394761634686812884117,2.92363959,103667937883.7488211,0.1334580815196332,0.1536347919802698,2.539680795651778,0.880229965321243,-55.672568975330414,2,580
2018-02-10,0.38987649602298,40417692371.800722171418358125278,2.9215356,103667937883.1250011,0.13344916831510797,0.15549137942354851,2.5073833512080532,0.880229965321243,-55.70742744702025,2,581
2018-02-11,0.362205960058749,37549144968.0145747752731541394239,2.73146878,103667937882.4252011,0.1326048325028811,0.15720789830551435,2.3039933995863615,0.880229965321243,-58.850985046099794,2,582
2018-02-12,0.3868745358337,40106485348.79807668527794241507,2.90136029,103667937881.6445411,0.13334246600366204,0.1590509505101122,2.4323937366793866,0.880229965321243,-56.048470163986195,2,583
2018-02-13,0.399218479150689,41394049400.1667797004667490166338,2.98766863,103687708765.9616642,0.13362207412898028,0.16096244320983769,2.4801964432799415,0.880229965321243,-54.64611580168226,2,584
2018-02-14,0.449616773116346,46619733026.0798463416319299033932,3.3266895,103687708763.5166942,0.1351544149570755,0.1631239991607506,2.756288317044453,0.880229965321243,-48.92053317541208,2,585
2018-02-15,0.445049778931818,46146191861.3785122849689043251556,3.29577159,103687708759.5366442,0.13503659667501955,0.16526918235659116,2.692878203823635,0.880229965321243,-49.439374201559296,2,586
2018-02-16,0.450307871534672,46691391432.4769548659236567856224,3.33042926,103687708752.1262542,0.13521015952600418,0.16743958080185842,2.689375292139253,0.880229965321243,-48.84201978169073,2,587
2018-02-17,0.474913776959835,49242721386.822260880530707606257,3.49344207,103687708750.1019742,0.13594436874684884,0.16972478143130296,2.7981404539446055,0.880229965321243,-46.04662466966646,2,588
2018-02-18,0.435224980382118,45127481006.3545602319878428670156,3.23008887,103687708749.4693442,0.13474086871861146,0.17180813150177293,2.5332036183492677,0.880229965321243,-50.55553690185028,2,589
2018-02-19,0.444512795692816,46090513294.9127287914989056003872,3.2923186,103687708748.8026642,0.13501512146874728,0.17393644006231504,2.5556047688084416,0.880229965321243,-49.50037908211981,2,590
2018-02-20,0.391467069627755,40598061616.567644876151032607787,2.93238459,103707475714.8084874,0.13349786073857214,0.17578230922282928,2.226999243316996,0.880229965321243,-55.52672766770809,2,591
2018-02-21,0.37760256986301,39160209343.657220407271088051174,2.83435476,103707475714.1194974,0.13322346771545635,0.1775502018860379,2.1267369220192576,0.880229965321243,-57.10182739289015,2,592
2018-02-22,0.349854678809888,36282545605.9202013372649834878912,2.62924412,103707475713.4696974,0.1330628358731056,0.17918478443822994,1.9524798375416348,0.880229965321243,-60.25417304644844,2,593
2018-02-23,0.366943686160636,38054803420.4817184144655220247464,2.74685242,103707475712.8333974,0.13358696793788286,0.1809079528490003,2.028344693430451,0.880229965321243,-58.31274773442659,2,594
2018-02-24,0.342692817562258,35539807054.1084784467614041269292,2.57926526,103707475712.2735974,0.13286451102057567,0.18250306524142673,1.8777373251727143,0.880229965321243,-61.067808292894114,2,595
2018-02-25,0.349856685677211,36282753732.4584867045895657803714,2.62926627,103707475711.7379174,0.13306247817845054,0.1841370213402623,1.8999801513608683,0.880229965321243,-60.2539450529238,2,596
2018-02-26,0.356152482362836,36935674914.1114691934011711660628,2.67247457,103707475711.1552673,0.13326693034270332,0.18580704797471143,1.916786721735705,0.880229965321243,-59.53870052210084,2,597
2018-02-27,0.35741767136956,37073954785.940195716703828023008,2.68019905,103727257367.7722568,0.13335489816308976,0.18748658931247839,1.9063639307762033,0.880229965321243,-59.394966605219004,2,598
2018-02-28,0.330602710107211,34292512397.2831492854576861746448,2.49489147,103727257366.2885168,0.1325118603685037,0.18903818798365177,1.7488673248169406,0.880229965321243,-62.441325206810426,2,599
2018-03-01,0.337107437324396,34967229910.6284775815823292606128,2.54082607,103727257363.8883268,0.1326763139376935,0.19063298845420854,1.7683583521294466,0.880229965321243,-61.70234477289496,2,600
2018-03-02,0.318209525425076,33007001338.4368083804513627867168,2.408844,103727257360.8374568,0.13210051187419192,0.1921352635261126,1.6561745074028484,0.880229965321243,-63.84927371690371,2,601
2018-03-03,0.343801363624147,35661572524.7602436011652615254896,2.58773692,103727257358.2530768,0.13285792731362622,0.19376758906906744,1.7742975761627544,0.880229965321243,-60.941870060209155,2,602
2018-03-04,0.360600359589058,37404086301.3700177364415338111744,2.70417512,103727257354.9175168,0.13334948499528315,0.19548266571090409,1.8446666781306513,0.880229965321243,-59.03339197757762,2,603
2018-03-05,0.351133353589073,36422099732.2067000428685064450164,2.63870266,103727257350.8668468,0.13307045121524722,0.19715192711304438,1.7810292738743438,0.880229965321243,-60.10890705579131,2,604
2018-03-06,0.331550155946045,34397347590.470724217479890232782,2.50163252,103747040903.4233596,0.13253351693159354,0.19872538460775035,1.6683835162803575,0.880229965321243,-62.33368903488253,2,605
2018-03-07,0.324268724095072,33641920580.9965823675585157328512,2.45129186,103747040899.1190396,0.13228482882290157,0.20026438814621234,1.6192031299060747,0.880229965321243,-63.160908300056676,2,606
2018-03-08,0.308009937204575,31955119551.20584314209826785617,2.33819325,103747040894.9234396,0.13172988896643809,0.20171584392278943,1.5269496496391808,0.880229965321243,-65.00801502569097,2,607
2018-03-09,0.306050459278358,31751829513.5521907270566985772368,2.32399117,103747040891.2975096,0.1316917478986626,0.20314679325088528,1.506548316026762,0.880229965321243,-65.2306247985248,2,608
2018-03-10,0.288362654461897,29916772102.7970005957120013437715,2.20032539,103747040887.1897595,0.1310545502826275,0.2044806872426636,1.4102195094820278,0.880229965321243,-67.24007749989993,2,609
2018-03-11,0.301404556764842,31269830872.780495906879791723199,2.2928772,103747040882.2566095,0.13145255086702506,0.20588553125028006,1.4639423903880182,0.880229965321243,-65.7584303375944,2,610
2018-03-12,0.288194739441291,29899351413.6535512318535985946645,2.19927007,103747040878.0464095,0.13104108648252147,0.20723195521628168,1.390686774829253,0.880229965321243,-67.25915376715068,2,611
2018-03-13,0.284070948163673,29477142337.8008195481024149614561,2.16934059,103766831942.3392457,0.13094806296123054,0.20855051856008516,1.3621205553695603,0.880229965321243,-67.72764398448984,2,612
2018-03-14,0.244977197457965,25420507677.3450886703753173475505,1.8873206,103766831938.3355157,0.12980158085381202,0.2096691801506917,1.1683986997130291,0.880229965321243,-72.16895503340884,2,613
2018-03-15,0.239006267575418,24800923198.6145455067926871355826,1.8442968,103766831933.7636557,0.12959208494826754,0.21076571755547635,1.1339902444642516,0.880229965321243,-72.84729252676692,2,614
2018-03-16,0.231349286215955,24006382499.7545665450985148966385,1.78805812,103766831929.3866347,0.12938577534378748,0.2118196093777037,1.0921995696981348,0.880229965321243,-73.71717672307109,2,615
2018-03-17,0.205615821161496,21336102355.6865922371088482667792,1.59731656,103766831925.4901302,0.128725780668984,0.21274706382858988,0.966480182904712,0.880229965321243,-76.64067013596205,2,616
2018-03-18,0.219252092376668,22751095017.80546564591194718852,1.69937674,103766831920.21639,0.12901912049041464,0.21373681151332094,1.0258040756961668,0.880229965321243,-75.09149869754194,2,617
2018-03-19,0.245621143104986,25487327871.4127647126677506514,1.89427079,103766831915.2749,0.12966527510303108,0.2148522898767446,1.1432093334722788,0.880229965321243,-72.09579850927413,2,618
2018-03-20,0.264911362474578,27494255960.04123414218755935546,2.03554029,103786623960.60757,0.13014302088541707,0.2160566276413715,1.2261200471679101,0.880229965321243,-69.90430081780984,2,619
2018-03-21,0.249532499655447,25898135706.65061120713639790912,1.85501625,103786623956.44096,0.13451768934932348,0.2171997335072715,1.1488619052430515,0.880229965321243,-71.65144229503943,2,620
2018-03-22,0.240556764410711,24966574447.33789469202291672948,1.79137185,103786623953.38668,0.13428633726197664,0.21829500388439307,1.1019801650527354,0.880229965321243,-72.67114573599876,2,621
2018-03-23,0.232606468402683,24141440064.66139948522400909433,1.73476999,103786623950.92251,0.13408490447928662,0.21936664311304188,1.060354779112057,0.880229965321243,-73.57435243438997,2,622
2018-03-24,0.234663878607523,24354971723.6377880025526165498065,1.74950102,103786623949.7884155,0.13413189013603602,0.22044508570081045,1.0645003850347128,0.880229965321243,-73.34061690096159,2,623
2018-03-25,0.238693503016973,24773192836.2826126503106327728047,1.77916271,103786623947.2845739,0.13416058108421855,0.2215358567215947,1.0774486196017488,0.880229965321243,-72.88282466845342,2,624
2018-03-26,0.227397667973768,23600836251.561606377782879268716,1.82232473,103786623943.2329495,0.12478438350214784,0.22257121245873496,1.021684994486553,0.880229965321243,-74.16610693425115,2,625
2018-03-27,0.216696503729272,22494488701.7254149742924642090824,1.74006559,103806421952.3759367,0.12453352619269485,0.22356241697449417,0.9692886070112334,0.880229965321243,-75.3818306276147,2,626
2018-03-28,0.217761725093192,22605065519.121447642426050460724,1.74836912,103806421947.8768345,0.12455134479450884,0.22456155876176523,0.9697195116293831,0.880229965321243,-75.26081436983128,2,627
2018-03-29,0.190307753269801,19755166935.2375681482161310808445,1.53666026,103806421944.5147445,0.12384504123884939,0.22542902803790874,0.8442025187537,0.880229965321243,-78.37976883684622,2,628
2018-03-30,0.186588708573716,19369106211.5573174093931266010764,1.50829874,103806421940.6134279,0.1237080583742422,0.22627502703012625,0.8246102586869809,0.880229965321243,-78.80227714065383,2,629
2018-03-31,0.204630054893596,21241913819.430152421946738940226,1.64813652,103806421937.7528435,0.12415843736876603,0.22721610978859932,0.9005965953909815,0.880229965321243,-76.75265976443832,2,630
2018-04-01,0.20496253288541,21276427169.546508972861569305225,1.65215285,103806421934.8893725,0.12405785147869944,0.22816354037242828,0.8983141327087246,0.880229965321243,-76.71488804512487,2,631
2018-04-02,0.222936056846344,23142194380.7924180986627566804168,1.66122342,103806421931.7510297,0.13419992408146042,0.22922082325524784,0.9725820441631279,0.880229965321243,-74.67297574163103,2,632
2018-04-03,0.232177800668943,24106133978.7689261721053193561024,1.72658459,103826179373.3730368,0.1344722998303506,0.23032090050344337,1.008062230398721,0.880229965321243,-73.62305195049694,2,633
2018-04-04,0.200832638481805,20851685546.2117873818595717730395,1.50229689,103826179369.2508039,0.13368372111973487,0.23126534309181615,0.8684078461426498,0.880229965321243,-77.18407161831733,2,634
2018-04-05,0.196391583973746,20390587823.480343783978584441052,1.48178245,103826179365.232862,0.13253739371373038,0.23219034578895797,0.8458214888583261,0.880229965321243,-77.68860505651244,2,635
2018-04-06,0.191778510692435,19911630048.6858880162887749347655,1.44833715,103826179360.7271613,0.1324128920482603,0.2330815660225986,0.822795701800978,0.880229965321243,-78.21268097565336,2,636
2018-04-07,0.201067168733921,20876035923.6145193806976059727573,1.51572561,103826179356.2154613,0.1326540683929732,0.23402784369101057,0.8591591733819165,0.880229965321243,-77.15742741607974,2,637
2018-04-08,0.205958647683697,21383899493.8250628132909479992361,1.55112019,103826179353.5641913,0.13278058593492809,0.23499643192631636,0.8764330845171121,0.880229965321243,-76.60172275451545,2,638
2018-04-09,0.195549207229976,20303127061.5605501920924830440888,1.47568313,103826179349.7481213,0.13251436114877588,0.2359213761864681,0.82887447670455,0.880229965321243,-77.78430467785657,2,639
2018-04-10,0.198379684987844,20600933160.2239400561096356034108,1.4955815,103845981817.5751807,0.13264384788648698,0.2368591142520836,0.8375429656327817,0.880229965321243,-77.46274350982307,2,640
2018-04-11,0.212390220133634,22055870937.4308080564145176255838,1.59635409,103845981813.8210607,0.1330470610900831,0.2378616151396865,0.8929150674811731,0.880229965321243,-75.87105319050103,2,641
2018-04-12,0.244071543739707,25345849091.4865597304498198646798,1.82965234,103845981809.8128714,0.13339777093374308,0.2390239923948222,1.0211173417961625,0.880229965321243,-72.27184334145768,2,642
2018-04-13,0.249076487013577,25865592338.6179782249420123848065,2.37424295,103845981805.6132345,0.10490775049519552,0.24020917023885324,1.036914980247867,0.880229965321243,-71.7032483752498,2,643
2018-04-14,0.253949985995521,26371685624.2720105586052622997989,2.4174089,103845981801.8542309,0.10505048856050833,0.24141705248996587,1.0519140357994223,0.880229965321243,-71.14958635805576,2,644
2018-04-15,0.295083328755608,30643217987.1684321085123841241416,2.78076919,103845981799.0855027,0.10611572144022782,0.24281996739374292,1.2152350233912923,0.880229965321243,-66.47656403654513,2,645
2018-04-16,0.283704256978611,29461547105.1755993101485512838093,2.68048661,103845981794.3329663,0.1058405798112198,0.24416925146800456,1.1619163972241076,0.880229965321243,-67.76930255094507,2,646
2018-04-17,0.300322203009945,31193205623.5527994778562133843875,2.76724779,103865799168.1016475,0.10852739826741176,0.24560494338106603,1.2227856608894998,0.880229965321243,-65.8813929493594,2,647
2018-04-18,0.353974541817649,36765848669.3333829561662476949875,3.22278346,103865799163.2443875,0.10983503738648608,0.2473057994618954,1.4313232548037718,0.880229965321243,-59.786129106788046,2,648
2018-04-19,0.365144335393517,37926008203.7923842338497976785175,3.31404518,103865799158.3504275,0.11018085619264761,0.24906314490916173,1.4660713271194434,0.880229965321243,-58.51716599306451,2,649
2018-04-20,0.391775456518199,40692070879.8234698246523059034813,3.53449244,103865799153.0748587,0.11084348408401151,0.25095779126767054,1.5611209141553726,0.880229965321243,-55.49169285832944,2,650
2018-04-21,0.370100725122823,38440807579.793316045977682943316,3.3546134,103865799147.073292,0.1103258948178121,0.2527460722831298,1.464318403762298,0.880229965321243,-57.95408703363633,2,651
2018-04-22,0.366017583864644,38016708847.8049297242334326111024,3.32012274,103865799141.1248396,0.110242184559913,0.2545171680917532,1.4380860301443203,0.880229965321243,-58.41795913740966,2,652
2018-04-23,0.371183634380519,38553284810.9204617120537945481774,3.36321575,103865799135.4154146,0.11036569223384464,0.2563007817325155,1.44823449960406,0.880229965321243,-57.83106131304514,2,653
2018-04-24,0.399073814967,41458027796.2600534319683628424,3.59324165,103885612739.8092472,0.11106233697558303,0.25820424885577337,1.545574159741705,0.880229965321243,-54.66255061864923,2,654
2018-04-25,0.337034937177294,35013080960.9798533758400195818132,3.07622751,103885612732.6691878,0.10956112188766363,0.2597851751421718,1.2973601630379639,0.880229965321243,-61.71058127357754,2,655
2018-04-26,0.385926750748599,40092236968.9789933237402453308027,3.48610276,103885612726.2759773,0.11070435306060773,0.2616222198948512,1.475129868188211,0.880229965321243,-56.15614487655465,2,656
2018-04-27,0.390252345603342,40541604039.6462335589912126945366,3.52293625,103885612723.1411773,0.11077473956655957,0.2634864589687043,1.481109682565108,0.880229965321243,-55.66472842572247,2,657
2018-04-28,0.427883983682968,44450989817.9939458663195834839864,3.83311138,103885612720.0334973,0.11162837216667781,0.26553365496014475,1.6114114941369342,0.880229965321243,-51.389523131400075,2,658
2018-04-29,0.457286515252427,47505489824.1489845868010162995793,4.07078943,103885612716.8443859,0.11233362057059951,0.2677228523358181,1.7080593280054768,0.880229965321243,-48.04919926970009,2,659
2018-04-30,0.419759926118558,43607017116.2574354625211306934816,3.76749602,103885612710.7783152,0.11141615648436917,0.2697327999231177,1.5562064614989453,0.880229965321243,-52.3124703025345,2,660
2018-05-01,0.437518957920008,45460593936.8433836000913415701072,3.91124673,103905426528.1802634,0.11186176381156297,0.2718308095965212,1.6095267441149073,0.880229965321243,-50.29492574019178,2,661
2018-05-02,0.437340558195834,45442057234.6999249123546082719062,3.90871215,103905426521.9822343,0.11188865831315668,0.27392899360926504,1.5965471651374765,0.880229965321243,-50.31519313975809,2,662
2018-05-03,0.4347253613234,45170324085.74229013133972246638,3.88693414,103905426516.2581007,0.11184273920406584,0.27600879941285045,1.5750416734835448,0.880229965321243,-50.612296962107465,2,663
2018-05-04,0.427684427805017,44438732882.8738032392587168146819,3.82877292,103905426510.2530107,0.11170274047096453,0.2779649205763315,1.538627345199738,0.880229965321243,-51.41219401126249,2,664
2018-05-05,0.427287776618415,44397518670.1029295029886176045405,3.82503261,103905426505.4525107,0.11170827027757417,0.27987254473214196,1.526722733833574,0.880229965321243,-51.457256233889424,2,665
2018-05-06,0.407508575634928,42342352353.9547239313126510039696,3.66292487,103905426500.4908407,0.11125223423840741,0.281735227116971,1.4464239342911076,0.880229965321243,-53.70430550086917,2,666
2018-05-07,0.392895951412021,40824021400.1412550770428008332346,3.54385193,103905426496.3143826,0.11086692084565199,0.2835434444081742,1.3856640284246131,0.880229965321243,-55.364397158572956,2,667
2018-05-08,0.380743000909918,39568808878.1499918271199418629744,3.36715286,103925242968.5812808,0.11307565077693503,0.2853158262537596,1.3344615540929914,0.880229965321243,-56.74505346214106,2,668
2018-05-09,0.371580652906869,38616609634.4755110387183433935969,3.2921592,103925242965.0963901,0.112868373105064,0.2869877727973715,1.2947612690427217,0.880229965321243,-57.785957358170684,2,669
2018-05-10,0.349316759541758,36302829105.9296720131449728649326,3.10941702,103925242961.5818697,0.11234156026513227,0.28857847574493223,1.2104740613104872,0.880229965321243,-60.31528426616632,2,670
2018-05-11,0.312180017663634,32443384182.2604484908743077118844,2.80044208,103925242957.7903566,0.11147526309975817,0.28996565932018187,1.0766103075637756,0.880229965321243,-64.53426604833854,2,671
2018-05-12,0.356165929713651,37014630777.4361883629902708699968,3.16698598,103925242954.0216768,0.11246211128274429,0.2915625956009025,1.2215762072621246,0.880229965321243,-59.53717281328102,2,672
2018-05-13,0.370290576202319,38482538094.0125396229630181691702,3.28283835,103925242950.2458858,0.11279586038780101,0.293238416033664,1.2627628440054366,0.880229965321243,-57.93251868366238,2,673
2018-05-14,0.361449207309808,37563696682.455680233532433821696,3.21026882,103925242946.400512,0.11259157023174401,0.2948728098915216,1.2257800488379336,0.880229965321243,-58.93695721005182,2,674
2018-05-15,0.342485813520181,35599709888.6993513343693706398996,3.05246105,103945064243.0818116,0.1121998963820295,0.2964141560031795,1.1554300177097725,0.880229965321243,-61.091325333921155,2,675
2018-05-16,0.33005647489047,34307741484.809469614287067569392,2.94935238,103945064238.4597136,0.1119081182461046,0.2979090090849297,1.1079103512320285,0.880229965321243,-62.50338117380328,2,676
2018-05-17,0.305878172377055,31794526275.3789091420721165509595,2.74704288,103945064233.5665029,0.11134816081831785,0.2992885626630478,1.0220175794737136,0.880229965321243,-65.25019774060705,2,677
2018-05-18,0.316239221365863,32871506176.8844757595986945657775,2.83441467,103945064229.8882425,0.11157126185981213,0.3007111084825939,1.051637975602647,0.880229965321243,-64.0731134107153,2,678
2018-05-19,0.312998322075701,32534630690.8252429786417733063657,2.80725846,103945064226.1158757,0.11149608293484349,0.30212999937983126,1.0359723387885302,0.880229965321243,-64.44130120456974,2,679
2018-05-20,0.328289536815783,34124076987.8930280175400349535965,2.93531551,103945064222.5051355,0.11184131167411811,0.30363420609992053,1.0812007679653486,0.880229965321243,-62.70411713421134,2,680
2018-05-21,0.313125503162404,32547850534.6766891446199718755628,2.8083288,103945064218.5334707,0.11149887547441167,0.30506276443468705,1.0264297700922564,0.880229965321243,-64.42685258412808,2,681
2018-05-22,0.293056964294726,30467634247.2283225056791895269604,2.63913154,103964887238.0564454,0.11104295479516946,0.3063891881686525,0.9564859845296245,0.880229965321243,-66.70677256621526,2,682
2018-05-23,0.272861519986067,28368017155.8864010360130071649454,2.46755142,103964887234.1359962,0.11057987192261508,0.30761741409067556,0.8870158433411587,0.880229965321243,-69.00110985355,2,683
2018-05-24,0.292731696685313,30433817834.1469332211861357076583,2.63608425,103964887228.6738791,0.11104792902021739,0.3089476681834936,0.9475122385822655,0.880229965321243,-66.74372513795535,2,684
2018-05-25,0.284552751055883,29583494672.2092599458432612162284,2.56804079,103964887221.9105348,0.11080538602187973,0.31022654369933117,0.9172417926032436,0.880229965321243,-67.67290795967908,2,685
2018-05-26,0.282423906743756,29362169611.493232649338247427632,2.55011908,103964887215.208772,0.1107493014576229,0.31148434270283026,0.9067033812778218,0.880229965321243,-67.91475888455076,2,686
2018-05-27,0.273583838496844,28443112911.2690679864965149127232,2.47497729,103964887208.0474928,0.1105399389328716,0.31268163116929687,0.8749597393161738,0.880229965321243,-68.91904964891775,2,687
2018-05-28,0.249460017861964,25935082618.1496345757716037249012,2.26901455,103964887200.8841583,0.10994200890512756,0.3137277363806696,0.7951481139024167,0.880229965321243,-71.65967671062837,2,688
2018-05-29,0.282069231112891,29330893113.2343352852374252572082,2.5477204,103984730973.7069302,0.11071435904540036,0.31497218993381054,0.8955369398554397,0.880229965321243,-67.95505240383984,2,689
2018-05-30,0.274358441032017,28529088678.937348256093666057925,2.48225103,103984730965.897525,0.11052808024497708,0.3161789621047226,0.8677314872744313,0.880229965321243,-68.83104963009423,2,690
2018-05-31,0.294369468696581,30609930004.8205731347706500851955,2.65158858,103984730958.5340055,0.11101626810316893,0.3175095094339808,0.9271201647514393,0.880229965321243,-66.55766330459451,2,691
2018-06-01,0.288525395588405,30002235632.959337621563931874445,2.60227074,103984730951.582969,0.11087447249566548,0.3187996956185467,0.9050366093624951,0.880229965321243,-67.22158902155681,2,692
2018-06-02,0.298331994723899,31021972203.4514794508682684650348,2.68541976,103984730944.3352452,0.11109324477596716,0.3201100598539721,0.9319669455561382,0.880229965321243,-66.10749389620906,2,693
2018-06-03,0.302929920655357,31500086290.6907482087091956335319,2.72424008,103984730932.3015267,0.11119795310234074,0.32143911910373774,0.9424177166115015,0.880229965321243,-65.585138817127,2,694
2018-06-04,0.290192996608882,30175640668.8818129600777945053862,2.61676853,103984730925.6470891,0.11089746505354144,0.3227034070932724,0.8992560668099988,0.880229965321243,-67.03213841362751,2,695
2018-06-05,0.293301013179882,30504645044.4201195509692715153574,2.64244583,104004567572.7399207,0.11099603626685585,0.3239919929414991,0.9052724128057117,0.880229965321243,-66.67904698372308,2,696
2018-06-06,0.29848788583683,31044103488.292638600938554526424,2.65879722,104004567559.7805128,0.11226425377292593,0.3253026863930988,0.9175696922346792,0.880229965321243,-66.08978362513531,2,697
2018-06-07,0.291568308562536,30324435841.341150057880253030004,2.66690312,104004567543.1735765,0.10932842155981128,0.3265783257041366,0.8927974871996929,0.880229965321243,-66.87589379485313,2,698
2018-06-08,0.287468918110438,29898080506.2356670222497942271556,2.63164337,104004567529.4523862,0.10923551473102451,0.3278240250213172,0.8769000932489465,0.880229965321243,-67.3416119155265,2,699
2018-06-09,0.281444687483273,29271533002.5687561245255859380776,2.57980921,104004567520.2465512,0.10909515571629153,0.32904285152651336,0.8553435705336846,0.880229965321243,-68.02600472928017,2,700
2018-06-10,0.24262172306496,25233767375.859247230946534208256,2.24249289,104004567509.8231436,0.1081928616794678,0.33004512609654524,0.7351168185225313,0.880229965321243,-72.43655264832817,2,701
2018-06-11,0.249764580609448,25976657183.0485669984186078571712,2.30505192,104004567499.7759544,0.1083552949251781,0.3310878534524448,0.754375547169756,0.880229965321243,-71.6250763494179,2,702
2018-06-12,0.226316603410791,23542449405.3834901117324940838711,2.09889287,104024402322.1363121,0.10782665787548797,0.3320182968846367,0.6816389504263589,0.880229965321243,-74.2889230852081,2,703
2018-06-13,0.218858698951881,22766645349.2647100870838171173781,2.03309165,104024402312.0609901,0.10764822085215933,0.3328934599351711,0.6574436728030114,0.880229965321243,-75.13619081667962,2,704
2018-06-14,0.240367367879245,25004071776.5852154029493461621025,2.22280112,104024402302.1739045,0.10813714538673841,0.333852060806738,0.7199816808031929,0.880229965321243,-72.6926624462822,2,705
2018-06-15,0.229711638230262,23895615866.1508612010118554174358,2.12922468,104024402290.8321009,0.1078851097246637,0.3347031923120879,0.686314452645171,0.880229965321243,-73.90322446629865,2,706
2018-06-16,0.230362155344338,23963285517.4875618163291846057708,2.13500691,104024402279.3935366,0.10789761581817923,0.3354626648602047,0.6866998312325915,0.880229965321243,-73.82932137963894,2,707
2018-06-17,0.22865056527022,23785238380.829529365767169693324,2.11994999,104024402269.5507242,0.10785658451793007,0.336274505598485,0.6799521267997373,0.880229965321243,-74.02376943770902,2,708
2018-06-18,0.232729869038423,24209585514.7581758215705509250962,2.15577533,104024402259.9490494,0.10795645807785682,0.3370772749938437,0.6904347646772495,0.880229965321243,-73.56033329841397,2,709
2018-06-19,0.233798369691252,24325374299.6468606988363348487104,2.16462791,104044242617.1333552,0.10800857210200712,0.3378003937891685,0.6921198849672529,0.880229965321243,-73.43894449151973,2,710
2018-06-20,0.230784434599934,24011791703.867047515902147901965,2.17511623,104044242608.8726975,0.10610211602344304,0.33848352048649116,0.681818820213862,0.880229965321243,-73.78134763729517,2,711
2018-06-21,0.22669208678055,23586006472.223037048812036799825,2.1410146,104044242598.7967815,0.10588068235524875,0.3391658598189582,0.6683812070635734,0.880229965321243,-74.24626566787943,2,712
2018-06-22,0.200849194482286,20897202314.436209111598378547942,1.90769264,104044242588.581797,0.10528383360659502,0.33968873444214465,0.5912742287792719,0.880229965321243,-77.18219074614377,2,713
2018-06-23,0.202324470392063,21050696277.1232611135008867520481,1.92115062,104044242578.9197087,0.10531421549449518,0.34008547670296524,0.5949224070182086,0.880229965321243,-77.01458955464848,2,714
2018-06-24,0.193439932193635,20126311227.827543440976187889937,1.84068098,104044242569.7344462,0.10509150379422894,0.34033337028038085,0.5683836763766983,0.880229965321243,-78.02393240236506,2,715
2018-06-25,0.197660411970221,20565427847.6513698083491565743673,1.87931925,104044242560.5674813,0.10517660156475332,0.3406429177300232,0.5802569250151765,0.880229965321243,-77.54445772610296,2,716
2018-06-26,0.184150806697002,19163485805.652154261154024694021,1.75539288,104064088283.8127605,0.1049057500432621,0.34087184010282867,0.5402347305704408,0.880229965321243,-79.07923906796384,2,717
2018-06-27,0.191074878727549,19884033046.8541372107203801000644,1.81880288,104064088274.0347156,0.10505529809120877,0.341151553304538,0.5600879634775718,0.880229965321243,-78.29261826393112,2,718
2018-06-28,0.176880561347908,18406914348.2995491703377101603688,1.68912139,104064088264.0281786,0.10471749537663956,0.34145556476107897,0.5180192669335282,0.880229965321243,-79.90518747184949,2,719
2018-06-29,0.187404103362547,19502037151.4488453318955369503214,1.7859541,104064088253.8239962,0.10493220590750175,0.3416761816549122,0.5484845401129609,0.880229965321243,-78.70964284950772,2,720
2018-06-30,0.192358010732494,20017561003.2953367020232351951598,1.83140908,104064088243.9416817,0.10503279296425352,0.34184152161136133,0.562711076833976,0.880229965321243,-78.14684590267359,2,721
2018-07-01,0.198814624450297,20689462620.9829133746407291214011,1.89060524,104064088233.8874963,0.10515924754884157,0.34208628170193023,0.5811826871898066,0.880229965321243,-77.41333148346763,2,722
2018-07-02,0.214787720518739,22351688297.2598520167772601000373,2.03569471,104064088222.9102807,0.10551077205419422,0.34223849644622645,0.6275966109864181,0.880229965321243,-75.5986811423363,2,723
2018-07-03,0.204306819980347,21265058036.9669833105427097013482,1.94010448,104083936302.3346206,0.1053071224186581,0.3422676423113971,0.5969212239889958,0.880229965321243,-76.78938140832499,2,724
2018-07-04,0.209979833062475,21855527567.38734943582799051597,1.99159339,104083936293.4663612,0.10543308394012846,0.3421291132375934,0.6137444167654139,0.880229965321243,-76.14488925222602,2,725
2018-07-05,0.20060124320557,20879367016.471834649586835227664,1.90652024,104083936284.8579152,0.1052185227289116,0.341799840403146,0.5868968311072494,0.880229965321243,-77.21035966636742,2,726
2018-07-06,0.206348249248703,21477538025.4336586276435416869026,1.95866535,104083936275.8424542,0.10535145743437133,0.34145199010873256,0.6043258063395475,0.880229965321243,-76.55746141596128,2,727
2018-07-07,0.206640934761305,21508001883.56592144484922511449,1.96142347,104083936265.630218,0.1053525349940393,0.3411698824956167,0.605683401036901,0.880229965321243,-76.52421038791941,2,728
2018-07-08,0.210029062049832,21860651506.2095960601669382989696,1.9920734,104083936255.5591728,0.10543239122104235,0.34096391419435895,0.6159861888789485,0.880229965321243,-76.13929651063616,2,729
2018-07-09,0.206631680885541,21507038699.5827768432137736594078,1.96139746,104083936245.4594758,0.10534921406778053,0.34072590865623825,0.6064454613987508,0.880229965321243,-76.52526168998007,2,730
2018-07-10,0.191441215343198,19929755985.3786199902605193527342,1.82269103,104103789508.7032729,0.10503218164364259,0.3405606883017295,0.5621353900177263,0.880229965321243,-78.25099997892814,2,731
2018-07-11,0.189635535836138,19741777904.048207249138603283479,1.80638754,104103789498.1184455,0.10498053802792395,0.34030476370901724,0.5572520753729111,0.880229965321243,-78.45613722467061,2,732
2018-07-12,0.181994606152247,18946328166.6947314385456968782303,1.73654652,104103789487.2842649,0.10480260911884294,0.340094920711934,0.5351288568828684,0.880229965321243,-79.32419784347748,2,733
2018-07-13,0.204561704501348,21295648620.3254895210223118020144,1.94245379,104103789476.3198828,0.10531097602138993,0.33997905756443353,0.6016891333448651,0.880229965321243,-76.76042482526796,2,734
2018-07-14,0.208790544771056,21735886915.2098066850926716097616,1.98085323,104103789465.3886011,0.10540434879723827,0.33991050716740157,0.6142515172919598,0.880229965321243,-76.28000034117707,2,735
2018-07-15,0.220694507059587,22975134496.9205752577589791812803,2.0884389,104103789455.5179969,0.10567439011961854,0.3398879889906003,0.649315404510191,0.880229965321243,-74.9276307607815,2,736
2018-07-16,0.238317341509563,24809738341.7188021772563739235288,2.24676011,104103789445.4829576,0.10607155630405198,0.3399705560381765,0.7009940633882468,0.880229965321243,-72.92555912674614,2,737
2018-07-17,0.253859037695487,26432728462.1332545314547481692588,2.3848342,104123645555.7680724,0.1064472480709506,0.3396377188010172,0.747440651149276,0.880229965321243,-71.15991869206131,2,738
2018-07-18,0.298990457735491,31131976442.8622914168623968349269,2.76993276,104123645545.9188359,0.10794141361593594,0.3395051280578352,0.880665512906649,0.880229965321243,-66.03268810254905,2,739
2018-07-19,0.304966625704652,31754236836.0147915207345872831468,2.82458785,104123645538.7334809,0.10796853980117915,0.339252159820226,0.8989379046732013,0.880229965321243,-65.35375552758495,2,740
2018-07-20,0.26882814256104,27991366225.002486109660520665416,2.5112789,104123645531.8169629,0.1070483021862048,0.3381579358135704,0.7949780682043417,0.880229965321243,-69.45932845368083,2,741
2018-07-21,0.293300270749553,30539493424.0307610728332465264731,2.72486724,104123645525.4015627,0.10763837094300162,0.3368457247470991,0.8707258225401564,0.880229965321243,-66.67913132876451,2,742
2018-07-22,0.284317671742863,29604192467.3734338501368503397421,2.64703408,104123645519.1131267,0.1074099022339988,0.3338661632792072,0.8515917544632771,0.880229965321243,-67.6996145389006,2,743
2018-07-23,0.284750862863239,29649297904.1968059317159004529401,2.61019402,104123645512.6629759,0.10909183787925428,0.3315819923798622,0.8587645572049847,0.880229965321243,-67.65040113587611,2,744
2018-07-24,0.300860929662077,31332711512.8884376290039289732989,2.7479291,104143504269.8329857,0.10948642367158491,0.32986596389936546,0.9120702424268992,0.880229965321243,-65.82019000542924,2,745
2018-07-25,0.339472213131671,35353825875.4728508218289871438673,3.07395637,104143504263.0725463,0.1104349484087411,0.32812948901307704,1.0345678291600968,0.880229965321243,-61.43369045522332,2,746
2018-07-26,0.304998182477179,31763579515.0369792178715911981604,2.78080762,104143504256.5004076,0.10967971329033505,0.32622913094760525,0.934920132948409,0.880229965321243,-65.35017046756992,2,747
2018-07-27,0.318239921129643,33142620578.5641741590343033906372,2.89280612,104143504249.6214604,0.11001080194397646,0.3247096759604355,0.9800752631973283,0.880229965321243,-63.845820561959584,2,748
2018-07-28,0.313072506461115,32604467904.7840525255846682320305,2.84535204,104143504242.3109507,0.11002944523557621,0.323425339546891,0.967990037205248,0.880229965321243,-64.43287336317186,2,749
2018-07-29,0.307941538224946,32070110890.3108475741146864378904,2.80157592,104143504235.1583724,0.10991725622232862,0.32216842885599417,0.9558402085469169,0.880229965321243,-65.01578560637142,2,750
2018-07-30,0.294410936415677,30660986601.3731238039526583602446,2.68550946,104143504227.9919398,0.10962945422492647,0.32093632157958757,0.9173500056542131,0.880229965321243,-66.55295229488914,2,751
2018-07-31,0.276079601273924,28757382503.6132314656192444126388,2.52714172,104163373066.7423837,0.10924579301944491,0.3189490315722087,0.8655915959770543,0.880229965321243,-68.63551433707805,2,752
2018-08-01,0.277531206937847,28908586643.2142779086603338390308,2.5398605,104163373056.9562364,0.10927025596006042,0.3170307300035187,0.8754079042582613,0.880229965321243,-68.47060224352155,2,753
2018-08-02,0.260325438136906,27116375727.135366612400213995999,2.39089842,104163373050.2924415,0.10888184791092298,0.31520243147896376,0.8258992067904775,0.880229965321243,-70.42529243572169,2,754
2018-08-03,0.255814982778213,26646551481.0621929881025170460637,2.35163461,104163373042.7911449,0.10878177319316329,0.3135120013398686,0.8159655186561485,0.880229965321243,-70.9377102738314,2,755
2018-08-04,0.238889077959374,24883492141.6309979193665470994644,2.20375449,104163373035.6761606,0.10840094894571219,0.31253470900300556,0.7643601528976952,0.880229965321243,-72.86060604944407,2,756
2018-08-05,0.243047012887549,25316596666.8489961168608460340861,2.24024075,104163373028.4201089,0.10849147034199294,0.3113773183074619,0.7805546473605319,0.880229965321243,-72.38823688547707,2,757
2018-08-06,0.232718655942019,24240760167.7967386742906762921243,2.14967912,104163373020.8386697,0.10825739236003697,0.31005350834645495,0.7505757866864009,0.880229965321243,-73.56160718101803,2,758
2018-08-07,0.227848561504497,23738001473.4779785478878856094993,2.10620197,104183240467.8555169,0.10817982546303336,0.3086980852999352,0.7380951562531277,0.880229965321243,-74.11488241923882,2,759
2018-08-08,0.196504930474798,20472520422.6601855425178017116528,1.82842127,104183240457.0928136,0.10747245927345726,0.30702611072558433,0.6400267716983569,0.880229965321243,-77.67572813735296,2,760
2018-08-09,0.22270501940347,23202130585.65507403125689196911,2.06138919,104183240448.749213,0.10803637686848937,0.305846145447638,0.72816029470477,0.880229965321243,-74.6992231374226,2,761
2018-08-10,0.221446665391852,23071031185.3022850778361257183924,2.05167065,104183240440.6626487,0.10793480200725783,0.3045611033554222,0.727100942806292,0.880229965321243,-74.84218055323369,2,762
2018-08-11,0.219308742738963,22848295473.6629950197670381126182,2.03322588,104183240432.2278914,0.10786245881296919,0.3032189895506474,0.7232684966860604,0.880229965321243,-75.08506283821804,2,763
2018-08-12,0.222790226252043,23211007705.8021798364219291507716,2.06406233,104183240424.3062412,0.10793774151773942,0.30149824691365645,0.7389436871778761,0.880229965321243,-74.68954307062985,2,764
2018-08-13,0.222131796649227,23142410374.1473463278298108935995,2.05872734,104183240415.1127185,0.10789762798274541,0.29957971236681724,0.7414781024198329,0.880229965321243,-74.76434506882993,2,765
2018-08-14,0.216387840321759,22548292663.2804749223828319439997,2.00754272,104203141127.3026083,0.10778741501538708,0.2975144485095785,0.7273187618476028,0.880229965321243,-75.41689685117825,2,766
2018-08-15,0.215410038326716,22446402621.3446305554751520258352,1.99889063,104203141114.9920372,0.10776479467849424,0.2955572196663072,0.7288268531214371,0.880229965321243,-75.52798168509278,2,767
2018-08-16,0.213798497102583,22278474961.8139582927766534437053,1.9844569,104203141105.9194091,0.1077365283683324,0.29357243648459236,0.728264886386239,0.880229965321243,-75.7110635259325,2,768
2018-08-17,0.237495803275499,24747808698.8414583908001985636679,2.19708637,104203141097.7548821,0.10809579746994606,0.2919019906666717,0.8136148805737329,0.880229965321243,-73.01889135428102,2,769
2018-08-18,0.222985421663407,23235781354.4845921561062600681333,2.0672919,104203141089.4593819,0.10786353957242661,0.2906257054854705,0.767259803433165,0.880229965321243,-74.66736756887984,2,770
2018-08-19,0.228479111139933,23808241052.1723034148741393636988,2.11671794,104203141080.9841836,0.1079402724483608,0.2891525413096359,0.7901680894973306,0.880229965321243,-74.04324777144473,2,771
2018-08-20,0.212872436283965,22181976508.53270440049465195622,1.97837684,104203141072.443308,0.10759953916765674,0.28798425487875784,0.739180815192778,0.880229965321243,-75.81627021680902,2,772
2018-08-21,0.219366066334517,22862993675.4573422902466676059071,2.03648081,104223018890.2278563,0.10771820940189317,0.2870432434928883,0.7642265453287074,0.880229965321243,-75.07855049510174,2,773
2018-08-22,0.208272886483582,21706828979.5116886666746356480332,1.93652687,104223018876.8369626,0.10754970132874118,0.28589260029108526,0.728500444822728,0.880229965321243,-76.33880977824107,2,774
2018-08-23,0.215606906949969,22471202729.7587473297725261411279,2.00278655,104223018861.6968991,0.10765346259688481,0.28505130219326885,0.7563793088858947,0.880229965321243,-75.50561609530271,2,775
2018-08-24,0.21863405101619,22786700819.867740516464406301828,2.03008221,104223018847.9669612,0.10769714149467373,0.28456114878909067,0.7683201025387899,0.880229965321243,-75.16171232180233,2,776
2018-08-25,0.217597436621518,22678661736.4727486535637200691162,2.0206913,104223018839.6901259,0.10768465060522503,0.28382399451090556,0.7666632872125162,0.880229965321243,-75.2794786369145,2,777
2018-08-26,0.212007784056786,22096091270.2842168004252121168754,1.97042904,104223018832.0151889,0.10759473178328006,0.2832037586984062,0.7486051210307582,0.880229965321243,-75.9145004817675,2,778
2018-08-27,0.224383908826316,23385968353.2969731903312178475664,2.08186143,104223018823.5059404,0.10778042457240586,0.2825692985740075,0.7940845306219558,0.880229965321243,-74.50849009162891,2,779
2018-08-28,0.236649506405711,24669030189.4503864461748662398378,2.19129527,104242897287.7631798,0.10799526181869183,0.28180162945235476,0.8397733784066788,0.880229965321243,-73.11503632810944,2,780
2018-08-29,0.226207314172644,23580505813.2383915680720936890288,2.09777482,104242897270.9586252,0.10783202849800819,0.2809832835431031,0.8050561276110348,0.880229965321243,-74.30133907221746,2,781
2018-08-30,0.221152510828374,23053578465.6560674575785103644628,2.05169269,104242897262.6354622,0.10779027088524354,0.2802780162969512,0.7890469390009724,0.880229965321243,-74.87559847526168,2,782
2018-08-31,0.22235449584643,23178876864.871119497606652306539,2.06255499,104242897255.7393273,0.10780536612331969,0.2794554160970149,0.7956707332851909,0.880229965321243,-74.73904495340817,2,783
2018-09-01,0.229606181223182,23934813557.0070261453802006049998,2.12765578,104242897249.1027489,0.10791509763068065,0.27860735460737734,0.8241210342302362,0.880229965321243,-73.91520508627693,2,784
2018-09-02,0.225038506792284,23458665939.1000276650146116244568,2.08667035,104242897242.2615002,0.1078457394059795,0.27748446327575704,0.8109949801717238,0.880229965321243,-74.43412339295273,2,785
2018-09-03,0.220662428909911,23002490900.4615045395681645704528,2.03866637,104242897234.9100848,0.10823861724364003,0.2763625265256475,0.7984527847679547,0.880229965321243,-74.93127505272109,2,786
2018-09-04,0.231259796701822,24111827348.0495607019438484520098,2.13283138,104262944497.6053359,0.10842854192337606,0.27526728615148327,0.8401281530219927,0.880229965321243,-73.72734332926021,2,787
2018-09-05,0.206964515437933,21578729782.9227526222712001922757,1.91532872,104262944482.3551929,0.10805691643256568,0.27392753984387375,0.7555447530244436,0.880229965321243,-76.48744946300475,2,788
2018-09-06,0.206792262052275,21560770135.615007984916558012615,1.95395554,104262944472.0937506,0.10583263427389704,0.27278537625222454,0.7580767887684324,0.880229965321243,-76.50701859748601,2,789
2018-09-07,0.20592342671479,21470182802.916719894400473251949,1.94606811,104262944461.6495931,0.10581511800981622,0.2715924294073344,0.7582075360648067,0.880229965321243,-76.60572409169943,2,790
2018-09-08,0.193305790478343,20154630894.9885143389343881653918,1.83019603,104262944452.4919026,0.10562026543044299,0.2706016230115873,0.7143556211045547,0.880229965321243,-78.03917179667982,2,791
2018-09-09,0.189997510145552,19809699844.681026861425750443776,1.79981076,104262944443.352688,0.10556527073188071,0.269663597713,0.7045723329248327,0.880229965321243,-78.41501452677633,2,792
2018-09-10,0.189546286535129,19762653940.688282084704577370554,1.79587861,104262944434.026826,0.1055451551567447,0.2688620557516262,0.7049945594042143,0.880229965321243,-78.46627654104533,2,793
2018-09-11,0.200080157356063,20864926714.0446805400546408551031,1.89242433,104282838387.1840937,0.1057268997149614,0.26802773810760333,0.7464904892632349,0.880229965321243,-77.26955849735893,2,794
2018-09-12,0.197143603792669,20558694569.3163242187788872816986,1.86570531,104282838366.5816994,0.1056670647481134,0.2672999920387554,0.7375368861368521,0.880229965321243,-77.60317058500495,2,795
2018-09-13,0.207063338873938,21593152695.2719595928995855729194,1.95691506,104282838346.4736013,0.10581110192587408,0.266586025304739,0.7767224055996197,0.880229965321243,-76.47622246098274,2,796
2018-09-14,0.201565315635702,21019803224.3696680203395261204184,1.90642263,104282838334.9429892,0.10572960709960832,0.2658130894711033,0.7582971780538079,0.880229965321243,-77.10083460267795,2,797
2018-09-15,0.202847257918601,21153487801.9387726892452667604487,1.9182773,104282838323.7366287,0.10574449164289282,0.2650402374038485,0.765345141196495,0.880229965321243,-76.95519740178679,2,798
2018-09-16,0.207063929685875,21593214299.94134123933444776845,1.95693288,104282838313.2648348,0.10581044030793484,0.2644225435017418,0.7830797137934309,0.880229965321243,-76.47615534080275,2,799
2018-09-17,0.196003014606128,20439750679.0364054095903776848144,1.85509603,104282838302.8214923,0.10565653283519127,0.2637170213881505,0.7432323237021626,0.880229965321243,-77.73274913055295,2,800
2018-09-18,0.207839355704501,21678212345.634603072768725768299,1.96321129,104302730693.872799,0.1058670336520431,0.26316517053954763,0.7897677161395776,0.880229965321243,-76.38806176876184,2,801
2018-09-19,0.205809324237327,21466474515.3709087276093113237225,1.94503823,104302730670.3415175,0.10581248278977375,0.26247521034261356,0.7841095696949073,0.880229965321243,-76.6186868948257,2,802
2018-09-20,0.233208740873374,24324308486.0972098919750005976998,2.19552948,104302730656.6722877,0.10621981758740677,0.2618382522490351,0.8906595536375965,0.880229965321243,-73.50593026127397,2,803
2018-09-21,0.248513142367893,25920599349.7676896099752329487897,2.33796024,104302730643.4983029,0.10629485399969546,0.2613251511929292,0.9509729210275001,0.880229965321243,-71.76724808758388,2,804
2018-09-22,0.23998436229875,25031024296.627118662759200283,2.25953498,104302730631.5345576,0.10620962473382464,0.2608673222246927,0.9199479653187239,0.880229965321243,-72.73617443696469,2,805
2018-09-23,0.282062377919822,29419876221.8261428196612077818492,2.63850886,104302730618.6467986,0.10690219092909242,0.2606562904938165,1.082123809041598,0.880229965321243,-67.9558309723207,2,806
2018-09-24,0.257629627860293,26871473671.0186095655153693695843,2.41937156,104302730606.7081351,0.10648617687325919,0.26040438894709506,0.98934441505375,0.880229965321243,-70.73155447891733,2,807
2018-09-25,0.253189585659941,26413402243.8514000224616442453889,2.38003835,104322625178.3011629,0.10638046469290756,0.26014008457900295,0.97328170731431,0.880229965321243,-71.2359729121993,2,808
2018-09-26,0.244073195698095,25462356505.0886313456929797439835,2.29743286,104322625154.5628693,0.10623735733373946,0.25991863728518394,0.9390369165035932,0.880229965321243,-72.27165566795722,2,809
2018-09-27,0.259257763428099,27046450470.0623028232008962512983,2.43515323,104322625145.0834717,0.1064646611285726,0.2597079033185002,0.9982667455065887,0.880229965321243,-70.54658740986149,2,810
2018-09-28,0.252792235786039,26371949650.811456562220288061487,2.37665375,104322625134.469833,0.10636477264979763,0.25953089080022396,0.9740352487774872,0.880229965321243,-71.28111451036759,2,811
2018-09-29,0.254210665207813,26519923929.1041859317942785620172,2.38950796,104322625124.4202844,0.10638619726875193,0.25938158938544464,0.9800644132458161,0.880229965321243,-71.11997145938585,2,812
2018-09-30,0.259290912002601,27049908608.4788270010740071262679,2.43570311,104322625114.6337279,0.10645423530399031,0.2594531579581678,0.9993746618586429,0.880229965321243,-70.54282151051608,2,813
2018-10-01,0.257107902315371,26822171305.0920999034700238289284,2.41684746,104322625106.2161804,0.10638151830871898,0.2595436661318676,0.9906152060930702,0.880229965321243,-70.79082598357822,2,814
2018-10-02,0.246413661498829,25711421797.3744117405111602031265,2.31924955,104342517541.3685285,0.10624715287702827,0.2596189880082819,0.9491357446126719,0.880229965321243,-72.0057631293091,2,815
2018-10-03,0.240091241382499,25051724560.2521612780259408991322,2.26194133,104342517519.5843678,0.10614388543070612,0.259791365109387,0.9241694437434703,0.880229965321243,-72.7240322595838,2,816
2018-10-04,0.242687299035533,25322603749.0888904600233573709596,2.26322474,104342517510.0790412,0.1072307556321309,0.2599085411426813,0.9337411458991092,0.880229965321243,-72.42910278032134,2,817
2018-10-05,0.245515647629579,25617720759.2879442136408213078322,2.28851019,104342517499.8972118,0.10728186778560028,0.25990801366530425,0.9446251547508691,0.880229965321243,-72.10778349951114,2,818
2018-10-06,0.239594451328559,24999888228.2743594397433166315084,2.23519111,104342517490.0719476,0.10719193104188705,0.25978142910957414,0.9222924523503934,0.880229965321243,-72.78047092601328,2,819
2018-10-07,0.242705172710065,25324468726.035354332453229285052,2.26250797,104342517480.2018008,0.10727262662861028,0.2597472924748473,0.9343896153742101,0.880229965321243,-72.42707221157951,2,820
2018-10-08,0.247513302825257,25826161124.1613005570359141305259,1.26139172,104342517470.2404787,0.19622239380583298,0.25978207516692,0.9527728295580832,0.880229965321243,-71.88083653401574,2,821
2018-10-09,0.244984673294139,25567165296.8180848966646032103655,1.24871859,104362305417.0456645,0.19618885732624433,0.2598439661913773,0.9428145547690174,0.880229965321243,-72.16810572851482,2,822
2018-10-10,0.239295075695326,24973385768.6668808966004133535824,1.22030568,104362305392.6248024,0.1960943717768535,0.2598671221768163,0.920836286217489,0.880229965321243,-72.81448199641848,2,823
2018-10-11,0.205407621872667,21436812961.5446308852391926560681,1.05013388,104362305381.4108043,0.19560136643974102,0.25970069277109475,0.7909398303134959,0.880229965321243,-76.66432296499895,2,824
2018-10-12,0.212051105934089,22130142271.5646698698978027912526,1.08360302,104362305370.1181534,0.19569076684013767,0.2596239599608963,0.8167624666306893,0.880229965321243,-75.90957882731246,2,825
2018-10-13,0.211821675755762,22106198406.8814068334999678485054,1.08246342,104362305359.0164567,0.19568483501803877,0.25959958582102877,0.8159553686722542,0.880229965321243,-75.93564362712227,2,826
2018-10-14,0.206433446460697,21543870373.5710762919712954673079,1.055354,104362305347.9990607,0.1956058786537001,0.25954294442786635,0.795372985059396,0.880229965321243,-76.54778244394822,2,827
2018-10-15,0.218278393766437,22780036378.505746961666085593854,1.11498299,104362305336.005542,0.19576836214015877,0.2596827976303495,0.8405577718596116,0.880229965321243,-75.20211735954983,2,828
2018-10-16,0.226457766210664,23638161198.039596969486937824748,1.15605053,104382205978.5312195,0.19588915911025448,0.2598821429185343,0.8713864048814316,0.880229965321243,-74.27288604881595,2,829
2018-10-17,0.239072300786388,24954894138.9965746496269472026116,1.21937423,104382205955.7366557,0.1960614673531259,0.2600543541479982,0.9193166619711,0.880229965321243,-72.83979071319871,2,830
2018-10-18,0.238626141525128,24908323047.9004178283760911647456,1.21755632,104382205942.3338652,0.1959877646769786,0.2602226721911968,0.917007497908557,0.880229965321243,-72.89047738359594,2,831
2018-10-19,0.244495080737396,25520935866.1173897178042946470676,1.24695365,104382205928.8324681,0.19607391240034944,0.26033046731065207,0.9391719811482545,0.880229965321243,-72.22372671121612,2,832
2018-10-20,0.245352882672776,25610475121.3004519394661157332264,1.25123178,104382205916.2712789,0.19608907525732444,0.26039634272067125,0.9422286047080451,0.880229965321243,-72.12627468513485,2,833
2018-10-21,0.240967932961806,25152764395.143306194652867489018,1.22925005,104382205905.920603,0.19602841013657554,0.26059701919307127,0.9246764744583572,0.880229965321243,-72.62443424385536,2,834
2018-10-22,0.241410550771287,25198965816.1346596660515990235674,1.2314398,104382205896.2461302,0.1960392629597379,0.26082211402705896,0.9255754699781396,0.880229965321243,-72.57414990602105,2,835
2018-10-23,0.239977900157622,25054199437.6017739337309703580992,1.22546113,104402111282.5210336,0.19582661112851618,0.26106311097438484,0.9192332814158807,0.880229965321243,-72.73690857933458,2,836
2018-10-24,0.235776646003061,24615579628.1041970819060172925592,1.20438098,104402111258.2313272,0.1957658331693855,0.26123665836073057,0.9025404301316973,0.880229965321243,-73.21419909659477,2,837
2018-10-25,0.233656529618572,24394234998.9210943523982175577352,1.19383373,104402111247.4065366,0.1957194907020863,0.26137514777040494,0.893950827428393,0.880229965321243,-73.45505847062384,2,838
2018-10-26,0.232202735155007,24242455785.3503265305427511751685,1.18656032,104402111237.6960955,0.1956939999097619,0.2615584154100301,0.8877662559279391,0.880229965321243,-73.62021922643093,2,839
2018-10-27,0.227528362930781,23754441454.1628741132069801450309,1.16508255,104402111227.7306889,0.19528947792650486,0.2617041587997448,0.8694105740401511,0.880229965321243,-74.15125911468559,2,840
2018-10-28,0.23128430569116,24146569805.719985006245463999988,1.18401724,104402111217.8858043,0.19533863011248045,0.26179862922753244,0.8834435320520642,0.880229965321243,-73.72455894446266,2,841
2018-10-29,0.219946731501014,22962903122.1247547388338162345498,1.12762355,104402111208.5445607,0.1950533327376978,0.261678005166339,0.8405243358577349,0.880229965321243,-75.01258305598087,2,842
2018-10-30,0.221397700014905,23118795527.558276114381767185598,1.1356161,104422022116.7693516,0.1949582257726929,0.2615396112313456,0.846516896513496,0.880229965321243,-74.84774334692126,2,843
2018-10-31,0.224334188607158,23425429599.0344727180203316178696,1.15065079,104422022093.3681612,0.1949628771446444,0.2613915322444038,0.8582305122164524,0.880229965321243,-74.51413864043057,2,844
2018-11-01,0.223841501241699,23373982185.636529045659340105584,1.14817882,104422022082.481616,0.19495351886189557,0.26103532310683425,0.8575142190625562,0.880229965321243,-74.57011121406128,2,845
2018-11-02,0.234685071890718,24506289757.2409767369161569108278,1.20253599,104422022073.2762421,0.19515845998980702,0.26079022718139483,0.8998997946632441,0.880229965321243,-73.33820920251574,2,846
2018-11-03,0.235224384577479,24562605876.3784684090833722194464,1.20522873,104422022064.1621216,0.1951699115050792,0.26046473808923243,0.9030949306346936,0.880229965321243,-73.27693968113968,2,847
2018-11-04,0.242934419764531,25367703338.5746879445717882325019,1.2440638,104422022055.0173049,0.19527488844585866,0.25990953747896683,0.9346883616542562,0.880229965321243,-72.40102821586274,2,848
2018-11-05,0.246310323247578,25720222004.1647853151888222540638,1.26066529,104422022045.3861771,0.1953812206946524,0.2593153674182372,0.9498485404080046,0.880229965321243,-72.01750304448154,2,849
2018-11-06,0.265530601871919,27732531797.7631362728069695267212,1.35611724,104441942293.1152948,0.19580209884502245,0.25868414314500576,1.0264664801006973,0.880229965321243,-69.83395108856438,2,850
2018-11-07,0.255563736356767,26691572998.2030078012050290704559,1.30620044,104441942267.3550577,0.19565430276287993,0.2581114582011755,0.9901293733251363,0.880229965321243,-70.96625354449299,2,851
2018-11-08,0.255568380983563,26692058089.6064677058058595936661,1.30621174,104441942257.8068447,0.19565616596246718,0.2575592121867701,0.9922703941113027,0.880229965321243,-70.96572588388393,2,852
2018-11-09,0.254776052255332,26609305735.9890211425351297635172,1.29744212,104441942248.6445121,0.19636795224077666,0.2569771742761441,0.9914345621278924,0.880229965321243,-71.05573971656933,2,853
2018-11-10,0.261426396744935,27303880628.777892849081038405445,1.33059773,104441942239.740147,0.19647290150189495,0.2562889371850338,1.0200455767475913,0.880229965321243,-70.30021618844498,2,854
2018-11-11,0.272181841988886,28427200217.2905379762487895575514,1.38419561,104441942230.8535399,0.19663538882982443,0.25596467170909176,1.0633570647523785,0.880229965321243,-69.07832581119273,2,855
2018-11-12,0.266121998901913,27794298433.2729436255128215668431,1.35383054,104441942221.8354087,0.19656965258141765,0.25536564794985833,1.04212137003708,0.880229965321243,-69.76676443811012,2,856
2018-11-13,0.254142616113582,26548208320.164242721314959246026,1.29446479,104461851877.291043,0.19633026566414527,0.25468509930240957,0.9978699845797283,0.880229965321243,-71.12770229074947,2,857
2018-11-14,0.226238565666262,23633299530.4118011051139321865964,1.15470479,104461851854.5361122,0.19592762377495807,0.25367687221232604,0.8918375715264325,0.880229965321243,-74.29778869392439,2,858
2018-11-15,0.236468356425244,24701922414.728474821302572876506,1.20604277,104461851844.1710615,0.19606962730288907,0.2525727814181901,0.9362384778655872,0.880229965321243,-73.13561617514986,2,859
2018-11-16,0.23512687948775,24561789247.369812679540425726275,1.20033401,104461851834.5516101,0.19588454340950484,0.25164961618503606,0.9343422932736085,0.880229965321243,-73.28801691022417,2,860
2018-11-17,0.24261323660666,25343827973.224462047615225466754,1.23791085,104461851825.1478869,0.1959860329252789,0.25067508757846935,0.9678394408886535,0.880229965321243,-72.43751676664206,2,861
2018-11-18,0.247440442202518,25848086797.2059911393759300581816,1.26212626,104461851777.8536212,0.19605046661695952,0.24972558699850275,0.9908493766159475,0.880229965321243,-71.88911398713701,2,862
2018-11-19,0.221081808064938,23094615062.707767983007284310177,1.13068711,104461851768.1211665,0.19552872417988207,0.24865736923221043,0.8891021760086233,0.880229965321243,-74.88363078116144,2,863
2018-11-20,0.186353434610049,19470537626.0439696912364701307641,0.95649913,104481775003.4322809,0.19482865040352831,0.24745071426623558,0.7530931367995519,0.880229965321243,-78.82900583348822,2,864
2018-11-21,0.200706978505742,20970221365.0737465515981481183394,1.02920769,104481774979.6069607,0.19501115319663226,0.2463178102756722,0.814829338898053,0.880229965321243,-77.19834743043617,2,865
2018-11-22,0.184138006466328,19239065754.690531711550009130772,0.94539977,104481774968.1060115,0.19477263725833993,0.2452009574298292,0.7509677302912816,0.880229965321243,-79.08069325961584,2,866
2018-11-23,0.178457107986531,18645515396.3757786781741639694892,0.91723258,104481774958.4008932,0.1945603676512788,0.24412876321270174,0.7309958303890923,0.880229965321243,-79.72608124952863,2,867
2018-11-24,0.147051991672144,15364253099.7051450981877081458848,0.76007454,104481774949.0950242,0.19347048734475963,0.2429603081665129,0.6052510913484761,0.880229965321243,-83.29391210642586,2,868
2018-11-25,0.156477011960571,16348995946.7879805018550434112584,0.80867811,104481774938.9769304,0.19349727663652352,0.24188478996178137,0.6469071990235307,0.880229965321243,-82.22316688531909,2,869
2018-11-26,0.141084320975434,14740740270.1467566071691814979122,0.73015801,104481774928.8629733,0.19322436930526035,0.24084362776894974,0.5857922100010112,0.880229965321243,-83.97187933451632,2,870
2018-11-27,0.143290939207933,14974150922.7592804936524584668436,0.74212395,104501729177.9344292,0.19308221922757376,0.2399991823766712,0.5970476140332943,0.880229965321243,-83.72119277311373,2,871
2018-11-28,0.158771302700892,16591875672.1847239327160417603556,0.82136655,104501729153.4228143,0.1933013983840613,0.2390122092416074,0.6642811394642888,0.880229965321243,-81.96252014177364,2,872
2018-11-29,0.163011926664501,17035028206.7088444131561200649955,0.84305422,104501729138.9302455,0.19335876957534356,0.2379758159939183,0.6849936661995392,0.880229965321243,-81.48075695139403,2,873
2018-11-30,0.15683922486525,16389970193.414836536820525432575,0.81176864,104501729127.3687723,0.19320680442305582,0.2369527660816955,0.6619007976094936,0.880229965321243,-82.18201708140997,2,874
2018-12-01,0.162662270766016,16998488557.344697954634978901888,0.84166193,104501729118.219618,0.19326319151207896,0.23605364836792464,0.689090263550948,0.880229965321243,-81.52048019557573,2,875
2018-12-02,0.158279711996109,16540503586.5518970582699109960983,0.81927648,104501729109.5305587,0.1931945025397397,0.23519476455345284,0.6729729392430276,0.880229965321243,-82.01836812743085,2,876
2018-12-03,0.147607839650247,15425274472.074614093431307642217,0.76470916,104501729099.378511,0.19302480913167955,0.2344034128898188,0.6297171096208825,0.880229965321243,-83.23076406557269,2,877
2018-12-04,0.1452789788174,15184799952.86898929916616187476,0.75285382,104521659475.2819974,0.19297103230133042,0.2335486116770765,0.6220502779878421,0.880229965321243,-83.49533820240033,2,878
2018-12-05,0.132283608668635,13826502295.791619974264379792959,0.69823176,104521659447.8189634,0.1894551583683833,0.2326450381100412,0.5686070493627499,0.880229965321243,-84.97169900136748,2,879
2018-12-06,0.118648427115144,12401330491.8239182520859031734696,0.62709892,104521659438.3411109,0.1892020912986806,0.231596832561538,0.5123059145621852,0.880229965321243,-86.52074664694665,2,880
2018-12-07,0.114040978279421,11919752292.3855960193448291761817,0.60308338,104521659426.4918477,0.1890965363353588,0.23060140993712308,0.49453721167843673,0.880229965321243,-87.044183591523,2,881
2018-12-08,0.116089924372531,12133911536.9863084371670499950675,0.61392658,104521659416.7875425,0.18909414929148533,0.2297165747375121,0.505361550446163,0.880229965321243,-86.811409637689,2,882
2018-12-09,0.120940116435003,12640861658.8319074145962549795605,0.63934005,104521659408.4023535,0.18916399251853996,0.2289569677197568,0.5282220394490621,0.880229965321243,-86.26039544213137,2,883
2018-12-10,0.115087376806718,12029123599.7636144893035695451596,0.60875639,104521659399.4124122,0.18905325463067088,0.22806874612036382,0.5046170453621925,0.880229965321243,-86.92530573363103,2,884
2018-12-11,0.11036662488788,11537902345.692089768548100001208,0.58464428,104541589066.5614966,0.188775685768926,0.2271978154895238,0.48577326612970473,0.880229965321243,-87.46161466479941,2,885
2018-12-12,0.111710137931216,11678355331.5654643622101605623168,0.5917105,104541589043.2097848,0.18879188037260788,0.2263442466454611,0.4935408767256869,0.880229965321243,-87.3089826145095,2,886
2018-12-13,0.103394425540759,10809017543.2548320575558758456549,0.54827328,104541589033.6739811,0.1885819158299288,0.22549329958068065,0.4585254893738644,0.880229965321243,-88.2537030532669,2,887
2018-12-14,0.0954532605118726,9978835531.52276740471612667897766,0.52217025,104541589024.9405041,0.18280103187010868,0.2247232657939302,0.42475913730891857,0.880229965321243,-89.15587241147412,2,888
2018-12-15,0.0936940837205817,9794928393.55681199327452697220375,0.51265842,104541589016.0967375,0.18276123060766603,0.22378139005696862,0.41868577050455247,0.880229965321243,-89.35572663827824,2,889
2018-12-16,0.0950064638686824,9932126698.84750133440153469179728,0.51980376,104541589007.8347922,0.18277371419683924,0.22288463017115198,0.42625848088191376,0.880229965321243,-89.20663149271346,2,890
2018-12-17,0.108361393474007,11328272259.9037324539105672717228,0.59437887,104541588998.8631604,0.18231030567087117,0.22195458979503913,0.4882142494736055,0.880229965321243,-87.68942233925652,2,891
2018-12-18,0.113350162453004,11852066148.4305695491779724947188,0.62142699,104561527676.1914047,0.18240302445345027,0.22107871362936207,0.5127140491826602,0.880229965321243,-87.12266488091706,2,892
2018-12-19,0.113133598295354,11829421866.5538201215831315863722,0.62033508,104561527652.2112793,0.1823749807851492,0.22015272164721936,0.5138868938292906,0.880229965321243,-87.14726801489138,2,893
2018-12-20,0.124297177523175,12996702763.46198805503603401164,0.67605658,104561527642.4018128,0.18385617594784004,0.21925955793155844,0.5668951387832962,0.880229965321243,-85.8790108925896,2,894
2018-12-21,0.118192165931939,12358353424.0652051196518234634133,0.64323427,104561527632.7347047,0.18374668677391673,0.21839955377817372,0.541174026628212,0.880229965321243,-86.57258096311179,2,895
2018-12-22,0.120552928556925,12605198369.05743513863111318907,0.6559471,104561527620.6688764,0.18378452859525565,0.21753581335505892,0.5541750882194288,0.880229965321243,-86.30438256973804,2,896
2018-12-23,0.124796288768234,13048890593.4556095096894774928136,0.67892935,104561527608.3202804,0.18381336551179295,0.21666735536971593,0.5759810404077007,0.880229965321243,-85.82230852335398,2,897
2018-12-24,0.132518720295519,13856359828.9161095955227632575546,0.720452,104561527594.1104134,0.18393830580735288,0.21587210742838084,0.6138760670573631,0.880229965321243,-84.94498875107531,2,898
2018-12-25,0.119229080472777,12469152439.30956707879799050595,0.6488921,104581469469.24235,0.18374253666021978,0.21503090824019253,0.5544741518721413,0.880229965321243,-86.45478054939156,2,899
2018-12-26,0.119344330681936,12481205472.479988589034425143144,0.6495983,104581469443.6017165,0.1837202016722273,0.21422040645618584,0.557110000192,0.880229965321243,-86.44168735628298,2,900
2018-12-27,0.107845846401568,11278677088.6329376349742939856256,0.58770309,104581469430.3234092,0.1835039635431694,0.2135465270728689,0.505022712754151,0.880229965321243,-87.74799192819921,2,901
2018-12-28,0.119783091078271,12527091676.4691259407224281831655,0.65209288,104581469418.6129305,0.18369022995354742,0.21289661962521297,0.562635007024251,0.880229965321243,-86.39184124633206,2,902
2018-12-29,0.118185404177625,12360003231.6378484502916127075875,0.64350914,104581469409.3829467,0.1836576931566582,0.21235596362904713,0.5565438434499373,0.880229965321243,-86.57334914353967,2,903
2018-12-30,0.115971270957573,12128445924.507914586785429977176,0.63158781,104581469396.373112,0.18361860238811925,0.21184152648907556,0.5474435200671267,0.880229965321243,-86.82488945769428,2,904
2018-12-31,0.109661805634126,11468592768.6599574945794305962356,0.59758684,104581469385.2807606,0.1835077319208134,0.21118799867784996,0.519261540999809,0.880229965321243,-87.54168683701826,2,905
2019-01-01,0.113944503008533,11918755628.3645518386007301439726,0.62068524,104601409578.0644022,0.18357856070257605,0.21060916300174132,0.5410234834255093,0.880229965321243,-87.05514382631264,2,906
2019-01-02,0.118140705633788,12357684334.8931135824891830937956,0.64330204,104601409553.1086887,0.18364733560271004,0.21004805575318855,0.5624460803036717,0.880229965321243,-86.5784271965029,2,907
2019-01-03,0.111916083631596,11706580098.091690647189563237256,0.60975244,104601409540.270086,0.1835434781230166,0.20946438334499543,0.5342964844159981,0.880229965321243,-87.28558580816413,2,908
2019-01-04,0.113782152974541,11901773580.1102125144955773652965,0.61984725,104601409526.6175865,0.18356482661581705,0.20886964476467604,0.5447519820447543,0.880229965321243,-87.07358787393522,2,909
2019-01-05,0.112230608460259,11739479835.5048651956234099517177,0.61148795,104601409513.5359603,0.1835369093704283,0.2082618059585211,0.5388919391326686,0.880229965321243,-87.24985368803026,2,910
2019-01-06,0.120529753237208,12607582075.3402119278941918688256,0.65624124,104601409500.3407232,0.18366683757516977,0.20771053255170746,0.580277522552706,0.880229965321243,-86.30701544076379,2,911
2019-01-07,0.123073787393892,12873691632.4376188593440934072612,0.6699629,104601409488.0818161,0.18370239216812154,0.20719244105477416,0.5940071306045174,0.880229965321243,-86.01799617796745,2,912
2019-01-08,0.122901963325753,12858170113.1303704846547557066551,0.66902921,104621356446.9238767,0.18370193930060694,0.20680270489899147,0.5942957244480044,0.880229965321243,-86.03751653911266,2,913
2019-01-09,0.12339383149649,12909630024.571617933729787517765,0.67168408,104621356416.3362485,0.1837081377550142,0.20640805170451362,0.597815010012963,0.880229965321243,-85.98163703147087,2,914
2019-01-10,0.106979742954276,11192365815.482169110979271710264,0.5855364,104621356402.640414,0.18270383011931624,0.2059757507583168,0.5193802792824942,0.880229965321243,-87.84638706145009,2,915
2019-01-11,0.104648271872534,10948444147.1955304190732240234498,0.57291025,104621356390.2058147,0.18266084761537085,0.2055106900578284,0.5092108436942485,0.880229965321243,-88.11125773997682,2,916
2019-01-12,0.105333566135937,11020140561.4372230567474801964161,0.57979923,104621356379.5543553,0.18167248365600105,0.20511660385502306,0.5135301782316317,0.880229965321243,-88.03340373700011,2,917
2019-01-13,0.101999729273428,10671350025.8648726955220165644124,0.56161002,104621356369.0788283,0.1816202091149086,0.20467122810775248,0.49835890572625374,0.880229965321243,-88.41214985947417,2,918
2019-01-14,0.108409679328599,11341967693.7470237623615944589631,0.59665411,104621356358.4903769,0.18169602372905636,0.20432887369765595,0.530564659642827,0.880229965321243,-87.6839367438446,2,919
2019-01-15,0.104671097545699,10952920027.1473501109087416007775,0.57622217,104641302938.1424725,0.18165059068397005,0.2039152086685717,0.5133069682694608,0.880229965321243,-88.10866459113342,2,920
2019-01-16,0.106089421980074,11101335340.1895482750644957072886,0.58395959,104641302902.7025039,0.1816725400126985,0.20348386572480961,0.5213652768104411,0.880229965321243,-87.94753346742107,2,921
2019-01-17,0.107931861908123,11294130653.3875357566968862930942,0.59404956,104641302889.7960154,0.1816883121807598,0.20302945191209873,0.5316069215162533,0.880229965321243,-87.73821999246152,2,922
2019-01-18,0.105816515576333,11072778055.4648586030752911973256,0.58253876,104641302873.7208232,0.18164716726545885,0.20248459588738674,0.5225904474984537,0.880229965321243,-87.9785374566617,2,923
2019-01-19,0.106879899257551,11184051907.2578506912146779617857,0.58834096,104641302854.4065007,0.18166319621457427,0.20199746128377274,0.5291150620324013,0.880229965321243,-87.8577299719006,2,924
2019-01-20,0.103067878736133,10785157111.4452002159764715940212,0.56754493,104641302835.5476964,0.1816030296246907,0.20146290151214102,0.5115973112792763,0.880229965321243,-88.29080095012239,2,925
2019-01-21,0.101837784739782,10656438471.1757908782065370465678,0.56146855,104641302817.0766029,0.18137754062944758,0.20096908421981208,0.5067335860892705,0.880229965321243,-88.43054783955054,2,926
2019-01-22,0.102294375617944,10706257731.2516653018928685727136,0.56393952,104661254996.4440444,0.18139245786133945,0.20044881485165827,0.5103266671526431,0.880229965321243,-88.37867606783743,2,927
2019-01-23,0.100737422016456,10543305010.4672272488185240716008,0.5554954,104661254967.8402693,0.18134699588233497,0.19991929728793406,0.5038904367064114,0.880229965321243,-88.5555563903472,2,928
2019-01-24,0.101010271427426,10571861771.0348730716146837381116,0.55698555,104661254955.9433566,0.1813516911299153,0.199374203334822,0.5066366146566761,0.880229965321243,-88.52455887586581,2,929
2019-01-25,0.099386607507357,10401927066.2101130887878554366151,0.5481695,104661254942.6251443,0.18130634321566053,0.19883797796793107,0.4998371464197159,0.880229965321243,-88.70901793588844,2,930
2019-01-26,0.0980361619842357,10260587741.79703931136065872538847,0.54087358,104661254930.0629571,0.18125522415836196,0.19837095270113625,0.4942062365952138,0.880229965321243,-88.86243756215944,2,931
2019-01-27,0.0938255738150998,9819902298.89658129197693238452498,0.51788103,104661254918.0724251,0.18117206149663337,0.19789190289103106,0.4741253807982469,0.880229965321243,-89.34078848578419,2,932
2019-01-28,0.0863227512772386,9034647475.5506714751780270667608,0.47693404,104661254905.262828,0.18099515664102855,0.19741354361665603,0.4372686376820371,0.880229965321243,-90.1931592108734,2,933
2019-01-29,0.081985816512256,8582374162.8381373986176829979392,0.45333644,104681206188.3309357,0.18084982648263617,0.19680066417671058,0.41659319014614493,0.880229965321243,-90.6858639512079,2,934
2019-01-30,0.0846037458214129,8856422158.37482629704063859818389,0.46772698,104681206161.5987941,0.1808827573329486,0.19617973018196236,0.4312563063622347,0.880229965321243,-90.38844970580654,2,935
2019-01-31,0.0808045613451878,8458718943.78539644340940417857698,0.44714355,104681206146.8995691,0.18071279647260438,0.1954802804533904,0.41336425933998266,0.880229965321243,-90.82006242360792,2,936
2019-02-01,0.0806107116552126,8438426523.31812506786634382321626,0.44609502,104681206133.1363251,0.18070300729923547,0.19469174730411862,0.4140427767043175,0.880229965321243,-90.84208504242486,2,937
2019-02-02,0.0819983145251728,8583682464.28972348155051274445984,0.45371696,104681206119.8477978,0.18072569851735937,0.19383244368826705,0.42303709825300145,0.880229965321243,-90.68444409351059,2,938
2019-02-03,0.079016641644674,8271557349.8446199685510029434546,0.43737323,104681206106.4373529,0.18066181518396543,0.19273257460781296,0.4099807300632139,0.880229965321243,-91.02318203677187,2,939
2019-02-04,0.0775783497118627,8120995214.59839931324983336974673,0.42947135,104681206093.7227899,0.18063684506978803,0.191595633227849,0.40490666934775654,0.880229965321243,-91.18658160159883,2,940
2019-02-05,0.0761802512784697,7976160989.20737442681751428336764,0.42171108,104701164085.8373212,0.18064560048664052,0.19063239377143618,0.3996186050614674,0.880229965321243,-91.34541491658177,2,941
2019-02-06,0.0731779707051609,7661818716.00052955968303789973706,0.40518973,104701164054.8291034,0.18060174107858284,0.1895317822712142,0.3860986786925554,0.880229965321243,-91.68649403131212,2,942
2019-02-07,0.0734430563304672,7689573488.59431005026663772644224,0.4066518,104701164041.8940292,0.1806042819199797,0.18847740919415223,0.389665035425083,0.880229965321243,-91.65637853470895,2,943
2019-02-08,0.0799822971893023,8374239616.45347175633941999522151,0.44305061,104701164016.7486137,0.1805263222395796,0.18745356636578253,0.4266779167766324,0.880229965321243,-90.9134771207076,2,944
2019-02-09,0.0796358316915761,8337964273.40493973029109731958538,0.44149399,104701163989.8140458,0.1803780651500513,0.18634744087593003,0.4273513567841137,0.880229965321243,-90.95283791406571,2,945
2019-02-10,0.0795650212522756,8330550335.8921892002764712870524,0.44115907,104701163963.478879,0.1803544949269106,0.18504790491653306,0.429969857200836,0.880229965321243,-90.96088245266246,2,946
2019-02-11,0.0762880914062729,7987451965.07098419666419528680022,0.42316369,104701163940.9582118,0.1802803340860198,0.18390435446117856,0.41482482364155765,0.880229965321243,-91.33316355818091,2,947
2019-02-12,0.0761644496837768,7976027409.13002731023702543888576,0.42247154,104721132263.7435032,0.18028303086114822,0.18269397710394922,0.41689633610877463,0.880229965321243,-91.3472100832218,2,948
2019-02-13,0.0756334178658446,7920417153.1395481916799573163346,0.4195616,104721132227.403151,0.18026773152224754,0.18150678166097287,0.41669747639025606,0.880229965321243,-91.40753884262031,2,949
2019-02-14,0.075432726070802,7899400479.4508389552106332823154,0.41845989,104721132205.0905777,0.18026273932921505,0.18034423760020213,0.4182707863282317,0.880229965321243,-91.4303387702471,2,950
2019-02-15,0.0787735287266896,8249253113.82605119533539477177072,0.43699273,104721132176.8690307,0.1802627900164142,0.1792660505617572,0.4394224588528663,0.880229965321243,-91.05080128714535,2,951
2019-02-16,0.0772931995313878,8094231361.68235377605573568659218,0.42883772,104721132140.4205531,0.18023880812393978,0.17827211855304456,0.43356863742206186,0.880229965321243,-91.21897656560927,2,952
2019-02-17,0.0789388347224694,8266564139.46976716903783529790454,0.43793418,104721132108.5887041,0.18025273734621355,0.1772791566919677,0.4452798411018503,0.880229965321243,-91.03202142253127,2,953
2019-02-18,0.0826321008328618,8653327145.2362820705583612998965,0.45827462,104721132078.4301925,0.18031131820667223,0.17639069000544746,0.4684606700631982,0.880229965321243,-90.61244173814227,2,954
2019-02-19,0.0897195211973577,9397321363.67642432889386782006548,0.49711433,104741100245.1179124,0.180480657633341,0.1755602126975432,0.511047006715168,0.880229965321243,-89.80726347294775,2,955
2019-02-20,0.0910681344589558,9538576591.61240062028400226138834,0.5045027,104741100147.5100523,0.18051069787922996,0.17482110798004113,0.5209218469737236,0.880229965321243,-89.65405200381696,2,956
2019-02-21,0.087486951847902,9163479575.7488457083838809813358,0.48480304,104741100040.6067129,0.18045875258517768,0.17404330767484288,0.502673461086765,0.880229965321243,-90.06089825447225,2,957
2019-02-22,0.0901373490318093,9441085082.85733909059343833461277,0.49934916,104741099935.4507089,0.18050966388290168,0.17333040114029186,0.5200319646110612,0.880229965321243,-89.75979544176126,2,958
2019-02-23,0.0937854375449604,9823189876.1866125055766244249702,0.5194132,104741099826.6912255,0.18056036609189063,0.17266008552049417,0.5431796078534223,0.880229965321243,-89.34534823400007,2,959
2019-02-24,0.0826605535029484,8657957277.01749091150788187966012,0.45828279,104741099715.8236093,0.18037018912045202,0.17209086363563494,0.480330865663875,0.880229965321243,-90.60920932488578,2,960
2019-02-25,0.0856178866643572,8967711595.55025410004007532982676,0.47453875,104741099610.4803433,0.18042338305218952,0.17140542797193936,0.49950510714499446,0.880229965321243,-90.27323653619192,2,961
2019-02-26,0.0841407765319685,8814677624.6734861608273826168208,0.46805714,104761068152.5435168,0.1797660356852339,0.17071889852763994,0.4928615241642145,0.880229965321243,-90.44104610762018,2,962
2019-02-27,0.0835634732677521,8754198707.56837921171282871919849,0.46487768,104761068026.9162969,0.1797536790059529,0.17004017218028392,0.49143371355302146,0.880229965321243,-90.50663161219974,2,963
2019-02-28,0.0839848011814879,8798337458.81382719390808743839811,0.46721753,104761067896.0942109,0.17975524416108254,0.16934614505493112,0.4959357129401771,0.880229965321243,-90.45876594864191,2,964
2019-03-01,0.0847754363230359,8881165223.90483499358522096789554,0.47159167,104761067699.6488606,0.17976449058787636,0.16865936325330014,0.5026429288465674,0.880229965321243,-90.36894451870918,2,965
2019-03-02,0.0832099786244808,8717166191.79421869991004023943352,0.4629746,104761067553.3761519,0.1797290361598256,0.16799347394481376,0.4953167326715053,0.880229965321243,-90.54679096341455,2,966
2019-03-03,0.0873178054879772,9147506505.55622519131715814140468,0.48567117,104761067395.5353419,0.17978791182514953,0.16735301278062006,0.5217581926800474,0.880229965321243,-90.08011441008938,2,967
2019-03-04,0.0815664097848502,8544984139.78754509138990497730048,0.45390993,104761067237.4433024,0.1796973460898954,0.16669185234403142,0.4893245148929487,0.880229965321243,-90.73351135517385,2,968
2019-03-05,0.0852162915501412,8929052474.1585937402369187909374,0.47401534,104781049629.5153395,0.17977538775462668,0.1659304547854046,0.5135663110207838,0.880229965321243,-90.31886042199878,2,969
2019-03-06,0.0844582012312311,8849618949.20167801314915416297946,0.46990335,104781049326.0807286,0.17973526094510942,0.1652378186832437,0.5111311799215598,0.880229965321243,-90.40498454282823,2,970
2019-03-07,0.0848056701376936,8886027015.18612058138062168949256,0.47184509,104781048257.2502621,0.17973201784868334,0.1645194514782325,0.5154750357827094,0.880229965321243,-90.36550975553945,2,971
2019-03-08,0.0857647648717999,8986521946.46054862483207708282322,0.4770696,104781048020.0521678,0.17977411445164374,0.16388391312117165,0.5233263182359308,0.880229965321243,-90.25655019134689,2,972
2019-03-09,0.089602422621581,9388635729.2191370063625122694649,0.49822408,104781047816.8684829,0.17984362101001017,0.163235094902607,0.5489164120928873,0.880229965321243,-89.82056665284279,2,973
2019-03-10,0.101152180816575,10598831478.72043200467022768528,0.56175063,104781047656.6975424,0.18006598553627792,0.16269949137427195,0.6217117211748728,0.880229965321243,-88.50843702194811,2,974
2019-03-11,0.101743373239236,10660777223.6108361050606601239256,0.56499439,104781047494.3015446,0.18007855483173205,0.16213017370571825,0.627541258445266,0.880229965321243,-88.44127361625273,2,975
2019-03-12,0.105401420672242,11046176828.9575058578945810200652,0.58573196,104801024108.6491606,0.17994821500305702,0.16156401055399855,0.6523818040343479,0.880229965321243,-88.02569500871567,2,976
2019-03-13,0.108053387800583,11324105680.9452314843482771062702,0.60038716,104801023933.1351394,0.17997284918715284,0.16101629030989387,0.6710711543075684,0.880229965321243,-87.72441383983688,2,977
2019-03-14,0.105997947629822,11108693417.9233547140596264079842,0.58714102,104801023664.3296911,0.18053234916174313,0.16048624112775906,0.6604799694039796,0.880229965321243,-87.95792556424303,2,978
2019-03-15,0.105557174097508,11062499862.1647537202979990897816,0.58472039,104801023300.8494102,0.18052589904981423,0.159892107454115,0.6601775145643148,0.880229965321243,-88.00800037987976,2,979
2019-03-16,0.107959870579764,11314304880.3568127189414091615372,0.59779403,104801023006.0202223,0.1805971039552938,0.15924865927498527,0.6779326813253888,0.880229965321243,-87.73503802039237,2,980
2019-03-17,0.10839854401759,11360278289.731504385421909685067,0.60019358,104801022861.4145813,0.1806059705230269,0.15865961542421,0.6832144634144208,0.880229965321243,-87.68520178950855,2,981
2019-03-18,0.115402810810035,12094332579.3025648862591127976875,0.6375534,104801022560.9763625,0.18100885480343293,0.1581308669241183,0.7297930698464643,0.880229965321243,-86.88947032518732,2,982
2019-03-19,0.111197216076866,11655802667.3627770372626276547598,0.90482183,104820993533.7374503,0.1228940465294322,0.15757508052527047,0.7056776725494561,0.880229965321243,-87.36725396115273,2,983
2019-03-20,0.108617054033778,11385347481.3054641261765686695042,0.88414403,104820993191.0399689,0.1228499547000029,0.15697013488932346,0.6919599967876803,0.880229965321243,-87.66037759301481,2,984
2019-03-21,0.105276602003727,11035197924.1276641619761017157612,0.85738679,104820992643.1420756,0.12278775837417207,0.15637132536538068,0.6732474880399931,0.880229965321243,-88.03987524268094,2,985
2019-03-22,0.10816364799661,11337820922.439179510865833478628,0.88052332,104820992379.9400948,0.1228401855349044,0.15580883146081415,0.6942074270277363,0.880229965321243,-87.71188754553074,2,986
2019-03-23,0.106301559026432,11142634876.3896792287342285197824,0.86566772,104820992076.1279782,0.12279718484412472,0.1551840402724372,0.6850031668192917,0.880229965321243,-87.92343328284252,2,987
2019-03-24,0.103860700599814,10886781652.5908536542399613408718,0.84612485,104820991864.2735437,0.12274867071900084,0.15466852119824662,0.6715050987439803,0.880229965321243,-88.20073109395796,2,988
2019-03-25,0.0999147830627056,10473166579.55982233754140327152064,0.81970773,104820991033.7988644,0.12189074154846095,0.15413413380329877,0.6482326827762485,0.880229965321243,-88.64901366698629,2,989
2019-03-26,0.101661463846337,10658266010.4706867080037081873692,0.83361456,104840768637.5717916,0.12195260102743045,0.1536128239889565,0.6618032349541703,0.880229965321243,-88.4505790700689,2,990
2019-03-27,0.107418783546039,11261867796.5487032881753677014157,0.88015359,104840768297.4918363,0.12204549838402523,0.15318338895429495,0.7012430282378028,0.880229965321243,-87.79650911942811,2,991
2019-03-28,0.105957659740074,11108682435.9499686596590546301292,0.86876617,104840768125.6910558,0.12196338140108978,0.15276318970226757,0.693607275067923,0.880229965321243,-87.96250253745856,2,992
2019-03-29,0.107167372560161,11235509621.7468856435433386462216,0.87806027,104840767794.6901256,0.12205013280029287,0.15235129513239273,0.7034227865738386,0.880229965321243,-87.82507108570772,2,993
2019-03-30,0.106779200257704,11194813297.8445172607248972383176,0.87494655,104840767404.3880469,0.12204082667415969,0.15188479034690094,0.7030276041058691,0.880229965321243,-87.86917005049531,2,994
2019-03-31,0.107747551383569,11296335947.3513826053616128886905,0.88275854,104840767166.3712745,0.12205778420854362,0.15143781008485546,0.711497025235604,0.880229965321243,-87.75915889840832,2,995
2019-04-01,0.110289594149487,11562845639.8546048115927266840161,0.90293907,104840766973.7389103,0.12214511234903923,0.15095394136123322,0.7306175191912591,0.880229965321243,-87.47036587089643,2,996
2019-04-02,0.122466501934444,12841928101.5790227758095577738652,0.99885801,104860740681.9970533,0.1226065173511939,0.15055844729272694,0.8134150168029796,0.880229965321243,-86.08698786007025,2,997
2019-04-03,0.121045778898387,12692949830.0692721890885381131246,0.98721927,104860739016.1410458,0.12261286076636956,0.15014943989762586,0.8061687008684003,0.880229965321243,-86.24839148094546,2,998
2019-04-04,0.117714718527064,12343652332.3284057273960717913536,0.96058373,104860738629.6426024,0.12254498473242305,0.1497026938418318,0.7863233152733734,0.880229965321243,-86.62682217548642,2,999
2019-04-05,0.127992298032816,13421366744.500331697750906341616,1.04268974,104860737331.704301,0.12275204514126707,0.14936264025896523,0.8569231088236169,0.880229965321243,-85.45922053606698,2,1000
2019-04-06,0.12474334328537,13080678820.153406821730583210604,1.01664915,104860736257.7199692,0.1227004845136299,0.1489471601968696,0.8375006486897204,0.880229965321243,-85.82832348364278,2,1001
2019-04-07,0.132179518999944,13860441593.583193015075950665436,1.07609391,104860735599.9613315,0.1228326986814227,0.14857901117068267,0.8896244359043455,0.880229965321243,-84.98352428257715,2,1002
2019-04-08,0.131115035380604,13748818815.689587067194129546822,1.06741608,104860733750.1696305,0.12283404553977113,0.14806854264321884,0.8855023021097368,0.880229965321243,-85.1044567276515,2,1003
2019-04-09,0.125295438849693,13141074098.5113907480966659162285,1.02062108,104880706106.7537745,0.12276391435075298,0.14745245412562782,0.8497345099657866,0.880229965321243,-85.76560174204408,2,1004
2019-04-10,0.12606791937376,13222092371.440791320284538703968,1.02684691,104880705869.6715593,0.12277187392399128,0.14688287191100288,0.858288769368189,0.880229965321243,-85.67784279784759,2,1005
2019-04-11,0.115400819394875,12103319383.8521709500173271928375,0.94293146,104880705763.7728053,0.12238516190230303,0.14604956411837816,0.7901483314345169,0.880229965321243,-86.8896965632431,2,1006
2019-04-12,0.114012937253429,11957757312.11308564507876156161,0.93178978,104880705647.75709,0.1223590768010237,0.14533148066534382,0.7845026881406904,0.880229965321243,-87.04736923926242,2,1007
2019-04-13,0.115819777304838,12147259962.2402194359025689909846,0.94634046,104880705566.1020217,0.12238700784793455,0.1446446316235683,0.8007195013379702,0.880229965321243,-86.84210014793472,2,1008
2019-04-14,0.117979319306677,12373754241.2554841695388501591593,0.96372189,104880705482.7209509,0.1224205038101573,0.1440141622416112,0.8192202591071857,0.880229965321243,-86.5967617605906,2,1009
2019-04-15,0.112543809128175,11803674089.7999286513494674072175,0.92003652,104880705400.3018881,0.12232537152783347,0.1432805924701116,0.7854783902547842,0.880229965321243,-87.21427200139662,2,1010
2019-04-16,0.11490205913158,12053309843.117943762416048886724,0.93903907,104900729666.7773878,0.12236131892955208,0.1425911415868393,0.8058148483340642,0.880229965321243,-86.94635905860736,2,1011
2019-04-17,0.116757450976896,12247941789.2041114205783272743936,0.95400001,104900729561.3856616,0.12238726389205802,0.1419038755156847,0.8227925456763916,0.880229965321243,-86.7355741593863,2,1012
2019-04-18,0.117929209572753,12370860109.7619356972134695895329,0.96343236,104900729467.9618193,0.12240528185367679,0.14119706700353546,0.8352100512810238,0.880229965321243,-86.60245456086986,2,1013
2019-04-19,0.11562309106333,12128946580.762158774433904985389,0.94492062,104900729337.1770833,0.12236275578717927,0.14048964294727526,0.8230008179800309,0.880229965321243,-86.86444501794108,2,1014
2019-04-20,0.115579319855585,12124354939.186167767359994789393,0.9445992,104900729251.0062058,0.12235805392973549,0.13983547123905904,0.8265379222557462,0.880229965321243,-86.86941771933384,2,1015
2019-04-21,0.111452514945056,11691450084.193658520238022168448,0.91141608,104900729157.680508,0.12228499956359778,0.13919227760687183,0.800709039763235,0.880229965321243,-87.33825030548908,2,1016
2019-04-22,0.112879776093527,11841170809.0096115488453427000207,0.9229594,104900729065.9272841,0.12230199518367439,0.1385432399921618,0.8147620634533541,0.880229965321243,-87.17610391139876,2,1017
2019-04-23,0.109727551907477,11512696024.9920559677170018511535,0.89744103,104920740733.3723955,0.12226714429078087,0.1378642995135513,0.7959098352122073,0.880229965321243,-87.534217621479,2,1018
2019-04-24,0.102493887997887,10753734638.8433869010095715100072,0.83916098,104920740630.5543256,0.12213852936523219,0.13717879669689792,0.7471554676511077,0.880229965321243,-88.35601012963907,2,1019
2019-04-25,0.096967162242688,10173866469.6174201145459136529664,0.79736789,104920740530.2262578,0.12160906334300471,0.13645010664456106,0.7106418941487368,0.880229965321243,-88.98388306886378,2,1020
2019-04-26,0.0969523914100691,10172316645.00586028154795422392678,0.79726963,104920739932.8718658,0.12160552435700968,0.13569730208748512,0.7144754532228145,0.880229965321243,-88.98556113405138,2,1021
2019-04-27,0.098245414054553,10307981524.6758034264163682411924,0.80780571,104920739801.1683508,0.12162010349562026,0.1349636057912872,0.7279400507903102,0.880229965321243,-88.83866513011768,2,1022
2019-04-28,0.0955291005922023,10022983888.22058400088124355664544,0.78576235,104920739607.9967328,0.12157505458514561,0.13424477591577155,0.7116038589996202,0.880229965321243,-89.1472564720813,2,1023
2019-04-29,0.0938409594871123,9845862865.86139517504449817487262,0.77220277,104920739511.5517994,0.12152372813569717,0.1336869426038438,0.7019455876494415,0.880229965321243,-89.33904057073714,2,1024
2019-04-30,0.0997113879495783,10463787894.84104878103007184562055,0.81969093,104940750600.4463585,0.1216451034166967,0.13312524401392126,0.7490043581753076,0.880229965321243,-88.6721207095934,2,1025
2019-05-01,0.0997215800608242,10464857450.61789649119835152721662,0.81977354,104940750479.8355511,0.12164527786640221,0.13256474353544656,0.7522481272266753,0.880229965321243,-88.67096281771883,2,1026
2019-05-02,0.0978128705148469,10264556028.58865355968533129258605,0.80429887,104940750379.3747545,0.12161259223806556,0.1320216406557173,0.7408851308697247,0.880229965321243,-88.88780496365519,2,1027
2019-05-03,0.100236958601359,10518941642.9092151667846707148212,0.82380155,104940750294.9376268,0.12167609857174827,0.13143143347989195,0.7626559031382286,0.880229965321243,-88.61241237512549,2,1028
2019-05-04,0.0974472932465396,10226192059.11233124335764849403996,0.80121383,104940750208.8362851,0.1216245771076363,0.1307863811150713,0.7450874656498173,0.880229965321243,-88.92933698173115,2,1029
2019-05-05,0.0962835966856319,10104072860.46129030177832777797877,0.79180768,104940750120.2028683,0.12159972568797502,0.13007243759456752,0.7402305858658959,0.880229965321243,-89.06154067925955,2,1030
2019-05-06,0.0962400917867477,10099507415.98585963634127047481818,0.79149704,104940750039.6478834,0.1215924847763773,0.1293605073458756,0.7439681071242809,0.880229965321243,-89.06648312618799,2,1031
2019-05-07,0.0931941901291823,9781733839.83598452019522514594994,0.76672462,104960768759.0493678,0.12154845129295876,0.12860400289283455,0.7246601041403107,0.880229965321243,-89.41251788728066,2,1032
2019-05-08,0.0914627833246135,9600004039.34670365386037386999365,0.75265444,104960768636.0803299,0.12152028668642877,0.12783455239609373,0.7154777922733849,0.880229965321243,-89.60921725821572,2,1033
2019-05-09,0.08850823235543,9289892090.438671071491115505596,0.72863261,104960768543.3425572,0.12147168702129595,0.12707225389306184,0.6965189460628789,0.880229965321243,-89.94487397130037,2,1034
2019-05-10,0.0919518964871831,9651341715.74400750587362970991092,0.75679907,104960768450.1567532,0.12150106961307854,0.12632496062164134,0.7278996647589723,0.880229965321243,-89.55365073789268,2,1035
2019-05-11,0.106334038441336,11160902371.2861933383081984125456,0.87347144,104960768300.3934046,0.12173728134870214,0.1256567413130599,0.8462262933941322,0.880229965321243,-87.91974340449441,2,1036
2019-05-12,0.0985443234157692,10343287880.43232669348349794568976,0.81041504,104960768128.6000828,0.12159735265496702,0.12497057970012344,0.7885401800346442,0.880229965321243,-88.80470703132617,2,1037
2019-05-13,0.0998233690379292,10477537479.04172105458230916775616,0.82076523,104960768004.7408848,0.1216223170637104,0.12430141389722023,0.8030750890771772,0.880229965321243,-88.6593989104315,2,1038
2019-05-14,0.112977223044099,11860436092.0959112318215821350065,0.92799912,104980771986.8133435,0.121742812691567,0.12370528633666568,0.9132772445684326,0.880229965321243,-87.1650332873106,2,1039
2019-05-15,0.139760784887189,14672195075.9910615107326295530349,1.14523248,104980771879.8520441,0.12203704254632124,0.12326644844644774,1.133810429752968,0.880229965321243,-84.12224186935254,2,1040
2019-05-16,0.137390328071166,14423342662.4996603875228703432856,1.12693867,104980771681.6033716,0.12191464516091724,0.12279697855834776,1.118841275120496,0.880229965321243,-84.39154158754128,2,1041
2019-05-17,0.13028863801235,13677801741.83774900282317748941,1.06927546,104980771543.1121206,0.12184759015450518,0.12234868809090443,1.0648960773126248,0.880229965321243,-85.19834098526732,2,1042
2019-05-18,0.131620900556926,13817663679.089474208128548643989,1.08008613,104980771447.5661015,0.1218614857658861,0.12189980409361453,1.0797466126840205,0.880229965321243,-85.04698706673881,2,1043
2019-05-19,0.143555865325758,15070605473.6449432256847654314532,1.17583122,104980771349.5134254,0.12208883629213213,0.12149591247720753,1.181569506321366,0.880229965321243,-83.69109539762522,2,1044
2019-05-20,0.135725291119536,14248545738.722917590810247445184,1.27376718,104980771241.624644,0.1065542378941935,0.1210553314265967,1.121183920774564,0.880229965321243,-84.58070090013324,2,1045
2019-05-21,0.134829016799649,14157172066.8683260184641180484889,1.26114163,105000929346.7248761,0.10691028952842435,0.12055605115114137,1.1183927767392912,0.880229965321243,-84.68252364591534,2,1046
2019-05-22,0.122710486275278,12884715092.3591901908137665263354,1.14891685,105000929288.5918843,0.10680536739910985,0.11999348165963036,1.022642935083379,0.880229965321243,-86.0592696102439,2,1047
2019-05-23,0.125562813564324,13184212099.3472239868683662536904,1.17536527,105000929216.9384546,0.10682875933906401,0.11940662362862935,1.051556519635303,0.880229965321243,-85.73522618961292,2,1048
2019-05-24,0.125410826066309,13168253265.931373093440348990892,0.98846234,105000929177.907388,0.1268746627881736,0.118802126142723,1.0556277916747603,0.880229965321243,-85.75249298397381,2,1049
2019-05-25,0.125302057421446,13156832454.8861069008475114439238,0.98765352,105000929159.7973153,0.1268684360295157,0.11810098342047062,1.0609738699239926,0.880229965321243,-85.76484982811094,2,1050
2019-05-26,0.133348240648325,14001689158.8284463756688004932625,1.05046333,105000929076.7821085,0.12694230901741713,0.11748990594192842,1.1349761460719432,0.880229965321243,-84.85074970156703,2,1051
2019-05-27,0.139293006306139,14625895062.0571786311444210830029,1.0968036,105000928976.3787511,0.1269990418577574,0.11690852906854131,1.1914700100663664,0.880229965321243,-84.17538463879681,2,1052
2019-05-28,0.13908395777011,14606731172.230878228304999837021,1.09499197,105020962923.5180911,0.12701824449919025,0.11633006859611522,1.1955976597331315,0.880229965321243,-84.19913394798473,2,1053
2019-05-29,0.135983095702852,14281075624.8786229904596417715336,1.07061096,105020962723.8182018,0.1270144812480268,0.1157028520909048,1.175278683675088,0.880229965321243,-84.55141257850448,2,1054
2019-05-30,0.128609855940679,13506730869.1876039968986633408476,1.01303504,105020962587.9493444,0.12695499253478834,0.11498499216066377,1.118492539974067,0.880229965321243,-85.38906183525093,2,1055
2019-05-31,0.133796577989673,14051445398.6601715820354702670201,1.05344839,105020962492.3645137,0.12700819447801615,0.11432336505610258,1.1703344974495304,0.880229965321243,-84.7998155867321,2,1056
2019-06-01,0.133190122671762,13987754863.6951852033063770324402,1.04879926,105020962388.9832721,0.126992960189314,0.11371860258889348,1.1712254603871666,0.880229965321243,-84.86871295921472,2,1057
2019-06-02,0.136798974609206,14366759955.4186768284899056092256,1.07693455,105020962302.2412176,0.1270262659965789,0.1132714046336082,1.2077097044192304,0.880229965321243,-84.45872328837604,2,1058
2019-06-03,0.128607366496452,13506469375.3245305056072961164476,1.01385036,105020962198.9044063,0.12685044220574326,0.11273209968396423,1.1408229497808773,0.880229965321243,-85.3893446527333,2,1059
2019-06-04,0.119855443439563,12589734825.9226075835974626557875,0.94528459,105040993255.1037625,0.12679297293904157,0.11215574250372329,1.0686518653789314,0.880229965321243,-86.38362153510403,2,1060
2019-06-05,0.121794052998691,12793368282.7824782022479602108677,0.96052153,105040993117.4552247,0.12679991982968983,0.11155164658568345,1.0918176174579395,0.880229965321243,-86.16338254807744,2,1061
2019-06-06,0.124940944097874,13123920837.891103394168276379108,0.99951254,105040993027.956642,0.12500187751308653,0.11093914909516023,1.1262114872604931,0.880229965321243,-85.80587471226609,2,1062
2019-06-07,0.127632287148167,13406622170.0894368226509602230869,1.02085037,105040992915.2631107,0.1250254600467716,0.11047190149057638,1.1553371076812182,0.880229965321243,-85.5001201758012,2,1063
2019-06-08,0.124504357351095,13078061304.971402427461215313373,0.99610046,105040992807.1194734,0.12499176774910334,0.11016265610428162,1.130186596383781,0.880229965321243,-85.85547388111733,2,1064
2019-06-09,0.118583332959236,12456111014.1147161167997555617472,0.94912964,105040992720.2552752,0.12493902620008368,0.1097520378765491,1.0804658870445802,0.880229965321243,-86.5281417775912,2,1065
2019-06-10,0.123335041683901,12955235207.9307303604845139890118,0.9868516,105040992657.4969918,0.12497830644840723,0.10944802305263696,1.1268823158604275,0.880229965321243,-85.98831594663,2,1066
2019-06-11,0.123002505474507,12922769860.5630172177374858940905,0.98411058,105061029535.2181915,0.12498850025015176,0.10917075004007684,1.126698364070527,0.880229965321243,-86.02609427984915,2,1067
2019-06-12,0.126715211141982,13312830536.870613193442237198853,1.01520288,105061029507.7663415,0.12481762378568312,0.10906906613742602,1.161788723691115,0.880229965321243,-85.60430613200758,2,1068
2019-06-13,0.124528473483899,13083089625.0109394645823325148785,0.99784862,105061029489.7939715,0.12479695916590934,0.10890932344504266,1.1434142600907626,0.880229965321243,-85.85273412744453,2,1069
2019-06-14,0.125319367120313,13166181722.8526384189039823128195,1.00410037,105061029475.2959515,0.12480760974155702,0.10883049867576705,1.1515096286903026,0.880229965321243,-85.76288333076944,2,1070
2019-06-15,0.127092889607945,13352509819.3947283872080704191175,1.01818325,105061029461.0849615,0.12482319818946637,0.10874950842776711,1.1686755319207884,0.880229965321243,-85.56139933709687,2,1071
2019-06-16,0.130254692816334,13684692117.122546945645646928341,1.04325305,105061029443.4357615,0.1248543609015416,0.10860692537834432,1.1993221644253096,0.880229965321243,-85.20219738613453,2,1072
2019-06-17,0.130704696801228,13731969997.395683488252645446522,1.04696741,105061029430.9383115,0.12484122767606301,0.10844538922902794,1.2052582201092035,0.880229965321243,-85.15107392946719,2,1073
2019-06-18,0.123316661037323,12958244479.2277567935844993815705,0.98817264,105081052067.2937835,0.12479262837850176,0.1082777764098883,1.1388917017514713,0.880229965321243,-85.99040411078052,2,1074
2019-06-19,0.12421242851535,13052372665.440615631131798540225,0.99530915,105081052044.8653935,0.12479783644644481,0.10808552719863496,1.1492050021375917,0.880229965321243,-85.8886389456171,2,1075
2019-06-20,0.121173037372681,12732990245.0844732999871964142935,0.97118399,105081052032.4151135,0.12476836379137696,0.10789999382551782,1.123012458820217,0.880229965321243,-86.23393406875685,2,1076
2019-06-21,0.123100441308675,12935523876.8252742807557885326125,0.98655698,105081052019.8654735,0.12477783220253025,0.10777745683380996,1.1421724442662688,0.880229965321243,-86.01496811532097,2,1077
2019-06-22,0.128586302345054,13511983924.128876960855041837749,1.03015632,105081052007.1588935,0.1248221263594772,0.10769399345144821,1.1939969744275913,0.880229965321243,-85.39173768094501,2,1078
2019-06-23,0.127525760100279,13400541027.7145289577440948578265,1.02178188,105081051994.3351535,0.12480722412133498,0.10767020420860643,1.184410868704245,0.880229965321243,-85.51222235955828,2,1079
2019-06-24,0.127527542631604,13400728336.343068557778609132534,1.01788163,105081051981.4884835,0.12528720321989112,0.10771459978618873,1.1839392513618727,0.880229965321243,-85.51201985210054,2,1080
2019-06-25,0.1233266392987,12961763570.97178187930777457648,0.98427982,105101084767.0801104,0.12529632000247654,0.10776102809128513,1.1444456449898486,0.880229965321243,-85.98927051367859,2,1081
2019-06-26,0.121062244238182,12723773190.8714403755513269564328,0.93683484,105101084743.1363804,0.12922474599490985,0.10778588969061338,1.1231734003929161,0.880229965321243,-86.24652090843102,2,1082
2019-06-27,0.10733776481867,11281315514.856340496310072498368,0.83147459,105101084729.2592704,0.12909325926444726,0.10771787793253174,0.9964712160956251,0.880229965321243,-87.80571338769447,2,1083
2019-06-28,0.110864256405262,11651953604.3806930982284542436048,0.85868153,105101084715.5932504,0.12910986498715304,0.10769676233052446,1.0294112283990156,0.880229965321243,-87.40508040250576,2,1084
2019-06-29,0.115042693294005,12091111852.042292081453846229702,0.89078146,105101084700.2864204,0.1291480553423339,0.10772014267255507,1.0679775429160805,0.880229965321243,-86.93038207895822,2,1085
2019-06-30,0.104443153357319,10977088705.8942820857256007806776,0.80936339,105101084686.1322504,0.12904358493076762,0.1076838077496856,0.9699058339402373,0.880229965321243,-88.13456057256559,2,1086
2019-07-01,0.105600817423927,11098760453.4486162189079002057008,0.81839865,105101084671.4701904,0.1290334697203215,0.10769483970910143,0.9805559645120354,0.880229965321243,-88.0030422066593,2,1087
2019-07-02,0.102521520118068,10777177532.1513392856315527934324,0.79464176,105121125006.1440593,0.12901602367092813,0.10773018100713239,0.9516508666339331,0.880229965321243,-88.35287093632941,2,1088
2019-07-03,0.105723068186175,11113727864.2235418473653999526775,0.81931988,105121124981.4715593,0.12903759662974978,0.10779032592946036,0.9808214909319579,0.880229965321243,-87.98915370398791,2,1089
2019-07-04,0.0995046827006971,10460044184.41654091776501373462703,0.77158302,105121124961.3206493,0.12896173207738176,0.10781281702362044,0.9229392705590548,0.880229965321243,-88.69560380571883,2,1090
2019-07-05,0.100022292518745,10514455909.0181528158652736193785,0.77560894,105121124943.6984993,0.12895969522830023,0.10777112151884413,0.9280992079242284,0.880229965321243,-88.6367998751052,2,1091
2019-07-06,0.103295269704462,10858514950.8264848847275946169566,0.80076935,105121124925.6018393,0.1289950342186074,0.10772084705510142,0.9589162407126668,0.880229965321243,-88.264967818181,2,1092
2019-07-07,0.105903914494375,11132738623.9184492360110099226875,0.82084729,105121124909.0302093,0.1290178036579435,0.10768469863609655,0.9834629788235799,0.880229965321243,-87.96860835614419,2,1093
2019-07-08,0.104361924520844,10970642901.5467232701905607518492,0.80941383,105121124892.2070093,0.12893518822237568,0.10758502237108489,0.9700413888550053,0.880229965321243,-88.14378871062895,2,1094
2019-07-09,0.101486631376025,10670423281.6912978377245307969,0.78721156,105141171177.074436,0.12891913245789352,0.10750149469830532,0.9440485610068904,0.880229965321243,-88.47044120578342,2,1095
2019-07-10,0.0947330471135143,9960343520.2498335615282913284948,0.73524325,105141171151.338636,0.12884585763081036,0.10737239529108827,0.8822849379180887,0.880229965321243,-89.23769346128303,2,1096
2019-07-11,0.0866041551653507,9105662299.1248277676670678156492,0.67259986,105141171133.644356,0.12876029317839985,0.10718143462307385,0.8080145173454012,0.880229965321243,-90.1611898506836,2,1097
2019-07-12,0.0980533883060427,10309448078.4293990174103195491652,0.76096924,105141171116.409676,0.12885328756001058,0.10700910796312646,0.9163088093382691,0.880229965321243,-88.86048053700856,2,1098
2019-07-13,0.0956540005452877,10057173637.7308456633052418391742,0.74249799,105141171099.992246,0.1288272855059011,0.10689123256348902,0.8948722757825169,0.880229965321243,-89.1330670036462,2,1099
2019-07-14,0.0864250285324592,9086828710.8097151773086639172832,0.67133888,105141171083.292346,0.1287353244496419,0.10672663605274163,0.8097793740050995,0.880229965321243,-90.18153983193267,2,1100
2019-07-15,0.0860584990207626,9048291367.2973313443600995587736,0.67176285,105141171066.838236,0.12810845229199946,0.1066176993158376,0.8071689745042077,0.880229965321243,-90.22318003121433,2,1101
2019-07-16,0.0788225028227005,8289070681.25691532770393332061305,0.62066511,105161221534.6922861,0.12699683219296876,0.10641289637455975,0.7407232159648713,0.880229965321243,-91.0452375029139,2,1102
2019-07-17,0.0805551033075599,8471273062.56178588609045153905339,0.63418505,105161221508.4426261,0.12702144793157755,0.10622474487020943,0.7583459334826932,0.880229965321243,-90.84840252192949,2,1103
2019-07-18,0.0888814169848849,9346878377.82719365242172556665689,0.69953764,105161221489.2649161,0.12705737604753464,0.106089295600346,0.837798163159781,0.880229965321243,-89.9024777062154,2,1104
2019-07-19,0.0934889039819849,9831407336.74355030256704061332189,0.73412482,105161221471.1388661,0.12734742299270702,0.1060084310920853,0.8819006471360264,0.880229965321243,-89.37903642625187,2,1105
2019-07-20,0.0954687190534753,10039607106.23888966806296430499833,0.74969331,105161221453.2318361,0.12734369878994292,0.10591605217231001,0.9013621362903669,0.880229965321243,-89.15411621795519,2,1106
2019-07-21,0.0910521973403478,9575160286.68501334667846827960158,0.71530584,105161221435.3666061,0.12729128192263578,0.10578060963084279,0.8607645357509778,0.880229965321243,-89.65586256687841,2,1107
2019-07-22,0.0882771787965995,9283335945.41302170760874454859695,0.69364849,105161221416.0453261,0.1272650053582608,0.10566241510666781,0.8354643295582669,0.880229965321243,-89.9711231979722,2,1108
2019-07-23,0.0842260818645312,8859008074.0842672588326059328064,0.66186694,105181291566.346997,0.12725530884581,0.10551463475111778,0.7982407564903119,0.880229965321243,-90.43135485238876,2,1109
2019-07-24,0.0857191591242957,9016051866.4659011161291234887579,0.67353872,105181291540.579847,0.12726686169474516,0.10538207750443795,0.8134130694157724,0.880229965321243,-90.2617313087027,2,1110
2019-07-25,0.0855994572667206,9003461468.9040173333872405013922,0.67263401,105181291522.094587,0.12726007902383732,0.10520742602458552,0.8136256203693947,0.880229965321243,-90.27533023878814,2,1111
2019-07-26,0.0880417674623331,9260346808.1202564831834246426747,0.69172932,105181291505.558537,0.1272777731357883,0.10503226592492773,0.8382354382915183,0.880229965321243,-89.99786749702369,2,1112
2019-07-27,0.0842441766211942,8860911297.3697127411250032060094,0.66210322,105181291488.110757,0.12723722536977572,0.10483897699140493,0.8035577896577609,0.880229965321243,-90.42929916724103,2,1113
2019-07-28,0.0838721936362677,8821785645.1094535193205459713269,0.65921272,105181291470.296897,0.12723084839180243,0.10464136880210383,0.8015204177507036,0.880229965321243,-90.47155891748604,2,1114
2019-07-29,0.0832219331703976,8753390407.8789249103703746285592,0.65417956,105181291450.611767,0.12721573442373774,0.10452257975318442,0.796210095148002,0.880229965321243,-90.54543284719631,2,1115
2019-07-30,0.083518317101904,8786239801.0213343361252290760816,0.65642325,105201351103.6255179,0.12723241765416443,0.10441692997933127,0.7998541722921365,0.880229965321243,-90.51176165407824,2,1116
2019-07-31,0.0837274149172378,8808237170.85586573365288228272862,0.65816257,105201351069.5697579,0.12721388108904125,0.10430889922323779,0.8026871680243475,0.880229965321243,-90.48800674643232,2,1117
2019-08-01,0.0829003616452506,8721230047.26871691562455989621374,0.65170002,105201351045.8353979,0.1272063205479886,0.10421340238509691,0.7954865664870164,0.880229965321243,-90.5819655190907,2,1118
2019-08-02,0.0819962748548801,8626118893.59384282478414890714879,0.64465354,105201351023.0879679,0.12719432961599825,0.10408133536272832,0.7878095968803557,0.880229965321243,-90.68467581367156,2,1119
2019-08-03,0.0823340199059832,8661650127.41853531241750760036328,0.64730127,105201351000.5855379,0.1271958263050885,0.10396964997452975,0.791904367535653,0.880229965321243,-90.64630572126283,2,1120
2019-08-04,0.0822718258410943,8655107225.90420502171691683189297,0.64684232,105201350977.9313679,0.1271899244951912,0.10385056199383484,0.7922135832637903,0.880229965321243,-90.65337138220818,2,1121
2019-08-05,0.0822423999448183,8652011579.98966847413646848599757,0.64663431,105201350955.1625179,0.12718533284263603,0.10372211468401832,0.7929109447427256,0.880229965321243,-90.65671436045652,2,1122
2019-08-06,0.0780449987437687,8212005336.8646556107033736597085,0.61366809,105221416734.538955,0.12717786701891035,0.10358325709985548,0.7534518698184245,0.880229965321243,-91.13356715647758,2,1123
2019-08-07,0.0785416948623529,8264268403.8277426792352581533865,0.61937928,105221416704.989185,0.12680710737103268,0.1034415660778795,0.7592856318824497,0.880229965321243,-91.07713916173158,2,1124
2019-08-08,0.0767235616401302,8072961848.551570372519581877625,0.60528273,105221416680.544375,0.12675656819108352,0.10330984449239948,0.7426548942852659,0.880229965321243,-91.28369123265082,2,1125
2019-08-09,0.0717271256601241,7547229774.6782326297113911985915,0.60345363,105221416656.795315,0.1188610393480011,0.1031592911970012,0.6953045608189404,0.880229965321243,-91.85131971348567,2,1126
2019-08-10,0.0736564478242273,7750235784.2956473033308323355665,0.61968204,105221416634.029105,0.11886167916731508,0.1030161015580326,0.7149993710714633,0.880229965321243,-91.63213583653153,2,1127
2019-08-11,0.0780347683923512,8210928875.995428635561269256652,0.65630842,105221416621.776585,0.11889953871436117,0.10290258828991208,0.758336303188996,0.880229965321243,-91.1347293926909,2,1128
2019-08-12,0.0753449833503787,7927905881.6642522284757803546095,0.6337999,105221416597.796685,0.11887818750110042,0.10277426184952684,0.7331114035213631,0.880229965321243,-91.44030692901016,2,1129
2019-08-13,0.0741328228716843,7801847787.97986445771594374165867,0.62354557,105241477199.4315969,0.11888918218388482,0.10264799292634849,0.7222043096826621,0.880229965321243,-91.57801645111806,2,1130
2019-08-14,0.0691123511629228,7273485926.89978584795645185883532,0.58156044,105241477167.4248169,0.1188394987164581,0.10250337387224193,0.6742446472938832,0.880229965321243,-92.14837555118905,2,1131
2019-08-15,0.0702235205853342,7390427036.91080766605632877137398,0.59086453,105241477147.6760469,0.11884876654439587,0.1023853636060931,0.685874602697168,0.880229965321243,-92.02213928723661,2,1132
2019-08-16,0.0687914686137207,7239715769.98529225535894137287983,0.57901115,105241477117.4300169,0.11880853868482619,0.10229770719277552,0.6724634451883287,0.880229965321243,-92.18482995081689,2,1133
2019-08-17,0.0676698463578169,7121674585.26587944530371432497561,0.56963525,105241477091.7123169,0.118795047107455,0.10222612734200333,0.661962338956885,0.880229965321243,-92.31225372643152,2,1134
2019-08-18,0.0707765644771051,7448630187.43228304534655177527419,0.59567673,105241477068.8929969,0.11881707126129488,0.10215699143528179,0.6928215434177433,0.880229965321243,-91.95930980930932,2,1135
2019-08-19,0.0716034156720383,7535649227.05385159921029459840727,0.60273601,105241477048.6512169,0.11879730841374203,0.10211098570691603,0.7012312649449683,0.880229965321243,-91.86537399395323,2,1136
2019-08-20,0.0689357293909673,7256281389.11063029274441021874162,0.58026025,105261545111.9231394,0.11880139883951604,0.10205261079559481,0.675492070742231,0.880229965321243,-92.1684409635147,2,1137
2019-08-21,0.0667587484134274,7027129005.52138624566153682801756,0.56202636,105261545078.7570094,0.11878223721290833,0.10197641296503608,0.6546489180426114,0.880229965321243,-92.41576053491163,2,1138
2019-08-22,0.0683501857661353,7194646157.80848826941587871639182,0.57524653,105261545044.3024094,0.11881894492459656,0.10192308068564339,0.6706055714401392,0.880229965321243,-92.23496262806837,2,1139
2019-08-23,0.0691867598576946,7282705237.41324279021374340677724,0.58227727,105261545018.0428894,0.118820986877428,0.10188112273637254,0.679093025277334,0.880229965321243,-92.13992222675074,2,1140
2019-08-24,0.0704813278134169,7418973458.86064329219699831895886,0.5931399,105261544993.8836094,0.11882749383984605,0.10185262811904729,0.6919932172102322,0.880229965321243,-91.99285066514472,2,1141
2019-08-25,0.0692831560283153,7292852044.16148745904698903911182,0.5831266,105261544973.2251694,0.11881323202940029,0.10183315404566307,0.6803595221773058,0.880229965321243,-92.12897097827951,2,1142
2019-08-26,0.0694812674181608,7313705553.65577904201429656786352,0.58478281,105261544951.9584494,0.11881550933099555,0.10181334510110153,0.6824377231606062,0.880229965321243,-92.1064642019085,2,1143
2019-08-27,0.0681172161088234,7171490767.665228644103074495221,0.57324378,105281618617.650565,0.11882765846813621,0.10175401969569914,0.6694302231256475,0.880229965321243,-92.26142953631853,2,1144
2019-08-28,0.0640809236258737,6746543360.1672120949877223990345,0.53946279,105281618591.452185,0.11878654990434784,0.10167624515537062,0.6302447885241256,0.880229965321243,-92.71997930648872,2,1145
2019-08-29,0.0614479323037908,6469337770.79986787646365270901,0.51744234,105281618571.252825,0.11875319732009329,0.10158565971062819,0.6048878599482279,0.880229965321243,-93.01910469710434,2,1146
2019-08-30,0.0620000298098363,6527463488.8411231551833484141495,0.52214262,105281618555.053365,0.11874156108887703,0.10151421940264602,0.6107521702345893,0.880229965321243,-92.956382734913,2,1147
2019-08-31,0.0620723150235576,6535073791.652971160168760827988,0.52275909,105281618531.108255,0.11873981000226624,0.10144375872934491,0.6118889501045447,0.880229965321243,-92.94817065209725,2,1148
2019-09-01,0.0623688126345219,6566289539.1531677484772033598325,0.52524771,105281618517.115175,0.11874171261883634,0.10137743570318829,0.6152139497503627,0.880229965321243,-92.91448654423391,2,1149
2019-09-02,0.0632036942305877,6654187223.4488228347494937069475,0.53221795,105281618494.833175,0.11875528480500835,0.10131629054398722,0.6238255851179959,0.880229965321243,-92.81963842170254,2,1150
2019-09-03,0.0630137661125044,6635455766.03762897339452876214028,0.5353542,105301685257.0075887,0.11770481321058919,0.1012374917309163,0.622435078498305,0.880229965321243,-92.84121552377425,2,1151
2019-09-04,0.0617663719697112,6504103059.68513961626701400299944,0.52480504,105301685241.8432687,0.1176939382474513,0.10115985759310792,0.6105818398652963,0.880229965321243,-92.98292782532467,2,1152
2019-09-05,0.060409059183208,6361175735.2663262124044571462296,0.51528396,105301685231.9155487,0.11723450344390304,0.10106720871541162,0.5977117598380481,0.880229965321243,-93.137127618558,2,1153
2019-09-06,0.0581964505260501,6128184314.36001539011006570557687,0.63828916,105301685222.4844187,0.09117568364477643,0.10094503046387757,0.5765162510587906,0.880229965321243,-93.38849473219068,2,1154
2019-09-07,0.0607265268440219,6394605613.84647685844742088299153,0.66598772,105301685213.6337987,0.09118265250299495,0.1008000654921109,0.6024453113949082,0.880229965321243,-93.10106117304703,2,1155
2019-09-08,0.0611754869200772,6441881865.89597413044729877258764,0.67299847,105301685204.5980387,0.0908998900399836,0.10065060225441652,0.6078005054102181,0.880229965321243,-93.05005631139232,2,1156
2019-09-09,0.0602400444520077,6343378196.97981679813869009626799,0.66284932,105301685194.3641387,0.09088044995204597,0.10051436771743706,0.5993177475020555,0.880229965321243,-93.15632882027336,2,1157
2019-09-10,0.0595303819994091,6269843656.56362981713501172865384,0.65489867,105321744057.1079224,0.09090014184852307,0.10036133288227506,0.5931605359330858,0.880229965321243,-93.23695121221154,2,1158
2019-09-11,0.058677452851877,6180011670.2999127464995288763448,0.64565349,105321744041.9659224,0.09088071815716041,0.10018579295880965,0.5856863644928341,0.880229965321243,-93.33384965706519,2,1159
2019-09-12,0.0584376880089944,6154759218.30635631079333244925056,0.64303885,105321744032.0200624,0.09087738323896666,0.10006467863133989,0.5839991574278831,0.880229965321243,-93.36108854375715,2,1160
2019-09-13,0.0578511655567314,6092985650.16454848152765658206136,0.63369867,105321744022.4172924,0.09129128447868037,0.09992584502580173,0.5789409690935685,0.880229965321243,-93.42772140964112,2,1161
2019-09-14,0.0589230093979557,6205874112.28444858534917007618968,0.64890968,105321744012.9552824,0.09080309820305917,0.09979975619013168,0.5904123581795091,0.880229965321243,-93.30595279422786,2,1162
2019-09-15,0.0583096373366162,6141272696.56513377655208721174688,0.64221689,105321744004.5481424,0.09079430679036829,0.099673487010476,0.5850064955637367,0.880229965321243,-93.3756359549364,2,1163
2019-09-16,0.0586455711226977,6176653828.26053227862394780796848,0.64592039,105321743995.6002224,0.09079380683848315,0.09954679086018205,0.5891256826658334,0.880229965321243,-93.33747163432514,2,1164
2019-09-17,0.0639627893339285,6737953264.36698262277205990098095,0.70389937,105341767213.9087667,0.09086922372714795,0.09944272762523651,0.6432123380100856,0.880229965321243,-92.73340015065438,2,1165
2019-09-18,0.0836616477763828,8813065823.62390277225165922778476,0.91887601,105341767199.9496567,0.09104780935175662,0.099444985970996,0.841285731598207,0.880229965321243,-90.49547833265933,2,1166
2019-09-19,0.0809807873363626,8530659246.37309017234292513801942,0.88948473,105341767189.0501567,0.0910423581261059,0.09941330088023793,0.8145870484063217,0.880229965321243,-90.80004197462098,2,1167
2019-09-20,0.0721606023412069,7601525371.22013393485233741561423,0.79326933,105341767177.5631267,0.0909660812692795,0.0993662718430197,0.7262082093127865,0.880229965321243,-91.80207386885861,2,1168
2019-09-21,0.0697296533052566,7345444903.14382477324512017710322,0.7658273,105341767167.3707467,0.09105140715831964,0.09928883865179529,0.7022909548755789,0.880229965321243,-92.07824590704448,2,1169
2019-09-22,0.0682477671753459,7189340398.81381549176663973577553,0.74977299,105341767157.6356267,0.09102457421858569,0.09920778648151586,0.6879275266166901,0.880229965321243,-92.24659806367322,2,1170
2019-09-23,0.0637456443337673,6715078822.09174270079042063657491,0.70126726,105341767147.7615867,0.0909006422654999,0.09910248635249623,0.643229516028804,0.880229965321243,-92.75806927221535,2,1171
2019-09-24,0.0541121144040134,5701350519.32974061047101474555606,0.59629517,105361813747.6971609,0.09074719556090552,0.0989442231001573,0.5468951365582796,0.880229965321243,-93.85250258047452,2,1172
2019-09-25,0.0571869103341853,6025316594.67078071840354856679077,0.63000373,105361813734.3040809,0.09077233611646285,0.0987821455387203,0.5789195003035175,0.880229965321243,-93.50318523713122,2,1173
2019-09-26,0.0589422849168564,6210266043.91830318818323792158276,0.64930136,105361813724.7048309,0.09077800933122394,0.09857109605922171,0.5979672264316079,0.880229965321243,-93.3037629666078,2,1174
2019-09-27,0.0587649571799566,6191582471.38137464645571622829494,0.64743893,105361813715.2864909,0.09076525129552622,0.0983562039789253,0.5974707725864259,0.880229965321243,-93.32390858126375,2,1175
2019-09-28,0.0583619367656788,6149119509.03191620927815232235492,0.64305179,105361813706.0876309,0.09075775493242745,0.09812100655939249,0.5947955367778704,0.880229965321243,-93.36969439067217,2,1176
2019-09-29,0.0580495340095956,6116204187.54898337691787404790404,0.63967549,105361813697.5565309,0.09074841058799298,0.09787098729043754,0.5931230042395548,0.880229965321243,-93.40518542919519,2,1177
2019-09-30,0.0615566560962896,6485720930.89867924344529684979664,0.67816469,105361813688.4081609,0.09076947975025004,0.09764878083276989,0.6303883732220837,0.880229965321243,-93.00675294849519,2,1178
2019-10-01,0.0588827861765905,6205180831.3723570601667240782767,0.64857566,105381916079.2241014,0.09078784451545792,0.09741540889316529,0.6044504339263903,0.880229965321243,-93.31052242068344,2,1179
2019-10-02,0.0597590309513441,6297521183.91040775402670261979074,0.65816486,105381916066.1734914,0.09079644718702257,0.09717440469502318,0.6149667820337538,0.880229965321243,-93.21097516493491,2,1180
2019-10-03,0.0586889679264016,6184755891.45323952498799717574624,0.64645736,105381916056.3392414,0.09078552052745072,0.09692585681456724,0.6055037309464474,0.880229965321243,-93.33254146773078,2,1181
2019-10-04,0.0588678309177561,6203604815.65133286063307551589554,0.64766714,105381916047.1251714,0.09089210688959162,0.09664318191510583,0.6091255456537773,0.880229965321243,-93.31222143792026,2,1182
2019-10-05,0.059004094231681,6217964504.1775270805027612537834,0.64916619,105381916037.2590314,0.09089212460630613,0.0963822163058799,0.6121886017273644,0.880229965321243,-93.29674101583815,2,1183
2019-10-06,0.0582579338056741,6139332688.23291382739445229677174,0.64101604,105381916027.2890814,0.09088373795712522,0.09613042070473937,0.6060301554760792,0.880229965321243,-93.38150982119625,2,1184
2019-10-07,0.0623902160537625,6574800508.4154716474167010243925,0.6861918,105381916016.2849314,0.09092241564787353,0.09591598877498957,0.6504673188546743,0.880229965321243,-92.91205497293052,2,1185
2019-10-08,0.0617854690569438,6512312153.74661796829392358310502,0.6936058,105402002333.9893629,0.08907865109683887,0.09568409788029124,0.6457234841074905,0.880229965321243,-92.98075826873323,2,1186
2019-10-09,0.0631878868520094,6660129796.41041563004136924348126,0.70864486,105402002317.4524129,0.08916721254707104,0.09546852951941913,0.6618713744737886,0.880229965321243,-92.82143424543054,2,1187
2019-10-10,0.061619203250658,6494787402.9598349420855474103282,0.69116863,105402002303.4049929,0.08915219900917379,0.09525732203267336,0.6468710429369676,0.880229965321243,-92.99964717422795,2,1188
2019-10-11,0.0600232458588172,6326570297.56029508853718921917388,0.67336974,105402002291.5995729,0.08913861478066595,0.09505786434665392,0.6314390321239113,0.880229965321243,-93.18095858769003,2,1189
2019-10-12,0.0609571116439847,6425001620.42199166649839562142663,0.68381545,105402002279.0239329,0.08914263584419554,0.09485434258564215,0.6426391241808218,0.880229965321243,-93.07486520051175,2,1190
2019-10-13,0.0614753419839714,6479624135.10531323947867356168306,0.68959067,105402002266.1241929,0.08914758371654218,0.09462462537783183,0.6496759351860381,0.880229965321243,-93.0159907744636,2,1191
2019-10-14,0.0657761873859355,6932941851.06333954378814581762795,0.73744054,105402002253.2617329,0.08919524194579198,0.09442371801606113,0.6966066235047768,0.880229965321243,-92.52738602668109,2,1192
2019-10-15,0.0634863571878242,6692859559.35825952622913114841524,0.71175863,105422012788.6288122,0.08919646985920522,0.09420531293919943,0.6739148271690218,0.880229965321243,-92.78752602285533,2,1193
2019-10-16,0.061838258446891,6519113671.4514800919348551188202,0.69344405,105422012766.5842622,0.0891755556153247,0.09398060823014535,0.6579895534987149,0.880229965321243,-92.97476104164178,2,1194
2019-10-17,0.0650342750552796,6856044173.90189278834442369893512,0.72913934,105422012747.4967022,0.08919320558849506,0.09376704184850392,0.6935728564451588,0.880229965321243,-92.61167222004933,2,1195
2019-10-18,0.0632697634138256,6670025804.10348181119309575246432,0.70949954,105422012731.0600822,0.08917520004850969,0.09353194269482559,0.6764508636398273,0.880229965321243,-92.81213252144454,2,1196
2019-10-19,0.0624444896788393,6583023784.91448089802902803952946,0.70031086,105422012715.1633122,0.08916681611768708,0.09323183263354756,0.6697764906572258,0.880229965321243,-92.9058891268204,2,1197
2019-10-20,0.0631786934857311,6660425026.58389094385853674488442,0.7085289,105422012693.0631622,0.08916883063729807,0.09294249720648429,0.6797610929838814,0.880229965321243,-92.8224786732097,2,1198
2019-10-21,0.0640157004073987,6748663979.79140693379965264849614,0.7178649,105422012675.6813722,0.08917513644614564,0.09267400211588596,0.6907622304618836,0.880229965321243,-92.72738909950243,2,1199
2019-10-22,0.0631983065590691,6663761871.10373747313532328111364,0.70854567,105442095428.2274604,0.08919440091853091,0.09235003215851723,0.6843344293653337,0.880229965321243,-92.82025049715223,2,1200
2019-10-23,0.0594674892599206,6270376676.27843470223968263162624,0.666984,105442095409.0034304,0.0891587943037923,0.09202365288838997,0.6462196119517792,0.880229965321243,-93.24409624725537,2,1201
2019-10-24,0.0604522699249786,6374214012.23076064100886998525344,0.6780161,105442095394.2866704,0.08916052277369017,0.09166501664301516,0.6594911792838805,0.880229965321243,-93.13221858984132,2,1202
2019-10-25,0.0642312025102213,6772672581.47314602323511154139352,0.72042249,105442095380.2848504,0.0891576864989616,0.09133059747866325,0.7032824079052703,0.880229965321243,-92.70290662204623,2,1203
2019-10-26,0.062845992193042,6626613102.1130300039568112180368,0.70495225,105442095364.7812104,0.0891492894632821,0.09101835024537999,0.690476063602702,0.880229965321243,-92.86027576099319,2,1204
2019-10-27,0.0650150330637765,6855321315.6048176650890128188806,0.7291011,105442095351.7025804,0.08917149221661648,0.09071308581383007,0.7167106319942248,0.880229965321243,-92.6138582387332,2,1205
2019-10-28,0.0650964509371475,6863906185.788519657290353411234,0.73191162,105442095336.5924504,0.088940316232645,0.09046156397154144,0.7196034213782372,0.880229965321243,-92.60460862481654,2,1206
2019-10-29,0.0666325177336533,7025872286.51446860016601104616532,0.7486376,105442095323.4668804,0.08900503759583181,0.09022466187394257,0.7385177882600319,0.880229965321243,-92.43010118278175,2,1207
2019-10-30,0.064073890662431,6756085286.0394228379533227555024,0.72008345,105442095308.8896304,0.08898120164049181,0.08996593244073052,0.7122017070699825,0.880229965321243,-92.72077829808407,2,1208
2019-10-31,0.0649318410792586,6846549374.92896539256400372805744,0.72967628,105442095297.6178904,0.08898718905767172,0.08970069504959342,0.7238722179728853,0.880229965321243,-92.62330940351916,2,1209
2019-11-01,0.0693915049693541,7316785678.97263891729817117904064,0.78122214,105442095285.3523904,0.08882429390615337,0.08948493352879931,0.7754546182572907,0.880229965321243,-92.11666181529853,2,1210
2019-11-02,0.0709782340495595,7484093716.9003710199354454646238,0.79896127,105442095272.1184004,0.08883814111484968,0.0892653144033892,0.7951378934129942,0.880229965321243,-91.93639879964144,2,1211
2019-11-03,0.0686246658753406,7235928556.46783725348027660806224,0.77271828,105442095260.7942104,0.08880942466553347,0.08902465047788143,0.770850157871619,0.880229965321243,-92.2037798553818,2,1212
2019-11-04,0.0746323514211933,7869391507.21957307741657026440432,0.89083773,105442095249.1241904,0.0837777172069186,0.08880816618712363,0.8403771254992348,0.880229965321243,-91.52126667331122,2,1213
2019-11-05,0.0827413399116792,8724420242.83472130106208539915968,0.98647611,105442095234.9508904,0.08387566518126748,0.08864375743136536,0.9334141772560097,0.880229965321243,-90.60003144956757,2,1214
2019-11-06,0.077046266788451,8123919798.5720859725246383156404,0.91911537,105442095213.7532604,0.08382654594107267,0.0884510921660297,0.8710606607754381,0.880229965321243,-91.24702977359642,2,1215
2019-11-07,0.074342269023777,7838804607.7642670318037734760408,0.88715257,105442095199.6658904,0.08379874165700381,0.08826554093642329,0.8422569921972712,0.880229965321243,-91.554221970091,2,1216
2019-11-08,0.0713843124813263,7526911471.39787797135076637560252,0.85222534,105442095185.3654404,0.08376225058190159,0.08805806361836228,0.8106504906887472,0.880229965321243,-91.8902655790326,2,1217
2019-11-09,0.0731326583951647,7711260726.72862414439709858167888,0.87299781,105442095172.6057904,0.08377186925035322,0.08787508915080072,0.8322342441060079,0.880229965321243,-91.69164181220818,2,1218
2019-11-10,0.0790036427567427,8330309617.50332704236305888353908,0.94250784,105442095159.4964604,0.0838227963777391,0.087757637924595,0.9002480539030221,0.880229965321243,-91.02465879721443,2,1219
2019-11-11,0.0797875092134649,8412962137.89676506994524934729896,0.95170481,105442095145.3513704,0.08383640428744382,0.08767173965944888,0.9100710163091391,0.880229965321243,-90.93560633506198,2,1220
2019-11-12,0.076889531164031,8107393259.5854501259170858181224,0.91739448,105442095131.1262104,0.083812942894567,0.08757142535821869,0.8780207796037068,0.880229965321243,-91.26483598681284,2,1221
2019-11-13,0.0759260509609898,8005801887.00952171057927929448592,0.89902743,105442095113.3470504,0.08445354215831859,0.08745982854275088,0.868124854874106,0.880229965321243,-91.37429376955141,2,1222
2019-11-14,0.0740019198473945,7802917470.1567260590073969696928,0.87647914,105442095100.3402304,0.0844308968350285,0.08735219263902684,0.847167284663353,0.880229965321243,-91.59288790851522,2,1223
2019-11-15,0.0721249060056306,7605001197.11148712313613768597024,0.85673528,105442095085.9580304,0.08418575456076773,0.08724361237161941,0.8267070109202977,0.880229965321243,-91.80612921086953,2,1224
2019-11-16,0.0712535549160692,7513124111.58022994801558619663168,0.84648174,105442095070.6258704,0.08417612755127973,0.08710132320645186,0.8180536448014746,0.880229965321243,-91.90512051131263,2,1225
2019-11-17,0.0715370580148464,7543017271.41175299960665235737856,0.85051234,105442095058.5683504,0.08411054684385462,0.08696040059622198,0.82263947180982,0.880229965321243,-91.87291266677808,2,1226
2019-11-18,0.067019635088051,7066690732.8913808671004782861604,0.79728716,105442095045.8339404,0.08405959414679526,0.08680643441908802,0.7720583795031897,0.880229965321243,-92.38612206713596,2,1227
2019-11-19,0.0654486150222002,6901039084.97575879145400718245208,0.77880774,105442095033.4078604,0.08403693448424152,0.08663249270119219,0.7554742219866835,0.880229965321243,-92.56460043389745,2,1228
2019-11-20,0.063877422645167,6735369268.1130538899669220357668,0.76049711,105442095018.8831004,0.08399430031386576,0.08646464334818534,0.7387692838555798,0.880229965321243,-92.74309837635954,2,1229
2019-11-21,0.0606484080738244,6394895206.15330270054334848203376,0.72305466,105442095007.1616604,0.08387804052576663,0.0862864674051263,0.7028727667001612,0.880229965321243,-93.10993598682015,2,1230
2019-11-22,0.0593908458275964,6262295207.53895950587464604806256,0.70826338,105442094994.1941604,0.08385418123353547,0.08610222117533056,0.6897713556849875,0.880229965321243,-93.25280345279754,2,1231
2019-11-23,0.0611767641011608,6450606171.06074060169485784236032,0.72941379,105442094982.2408704,0.08387113726100626,0.08594213404519045,0.7118366884977813,0.880229965321243,-93.04991121509546,2,1232
2019-11-24,0.056095579870203,5914835460.0638142568309505469612,0.66921163,105442094969.8689604,0.08382337866752705,0.08576529802791841,0.6540591726497902,0.880229965321243,-93.62716766297194,2,1233
2019-11-25,0.0574586269466991,6058557998.63451116233559313181464,0.68522612,105442094957.3798504,0.08385352698857874,0.08561005000087475,0.6711668425157092,0.880229965321243,-93.4723164161164,2,1234
2019-11-26,0.0575978724317828,6073240333.63566079559746317037312,0.68692672,105442094945.9309504,0.08384864171797364,0.08543827988059773,0.6741459742901819,0.880229965321243,-93.4564971994833,2,1235
2019-11-27,0.05867417301662,6186727721.243634112874093517848,0.69956437,105442094931.4647604,0.08387244338447368,0.08519998055347415,0.6886641597270585,0.880229965321243,-93.33422226824479,2,1236
2019-11-28,0.0580357713880822,6119413315.41496900616189155741688,0.69199155,105442094919.2657204,0.08386774576666754,0.08499743779333571,0.6827943629217554,0.880229965321243,-93.4067489548709,2,1237
2019-11-29,0.0591872827144869,6240831081.29390171104616103445476,0.70565952,105442094907.4314004,0.08387512821266395,0.0847942573617185,0.6980105086834311,0.880229965321243,-93.27592958132409,2,1238
2019-11-30,0.0573463753012881,6046721946.42182450732575509881724,0.68385013,105442094895.3334204,0.08385810396978077,0.08451610312300445,0.6785260226424115,0.880229965321243,-93.48506895236642,2,1239
2019-12-01,0.0574723896200194,6060009159.49874892983685242237976,0.68536721,105442094883.5553804,0.08385634559321768,0.0841046611466686,0.6833436914964123,0.880229965321243,-93.47075288455504,2,1240
2019-12-02,0.0558510646309561,5889053255.50718452579291792433344,0.66659537,105442094871.7799104,0.08378555739286954,0.08369696482946756,0.6673009558321805,0.880229965321243,-93.65494622640198,2,1241
2019-12-03,0.055883124412812,5892433705.3924091450353959189648,0.68136549,105442094859.7048204,0.08201637041055895,0.08332493726146988,0.670665064378666,0.880229965321243,-93.65130402116938,2,1242
2019-12-04,0.0547845310370289,5776595717.67837077803013095804056,0.66807434,105442094845.6046104,0.08200364503900703,0.0829407554138704,0.6605260678379008,0.880229965321243,-93.77611156227395,2,1243
2019-12-05,0.0554419137748193,5845911530.00585427755434717154472,0.67608074,105442094833.6916904,0.08200487086027522,0.0825001856561157,0.6720216849682862,0.880229965321243,-93.70142849492909,2,1244
2019-12-06,0.0554529706512903,5847077389.57350479931691808367912,0.68276547,105442094821.9742104,0.08121818265251507,0.08209882405377447,0.6754417166190928,0.880229965321243,-93.70017235995226,2,1245
2019-12-07,0.0555228634921648,5854447036.45133573513095400678592,0.68357906,105442094809.7804004,0.08122376289900513,0.08170229328723705,0.6795753369732914,0.880229965321243,-93.69223206666209,2,1246
2019-12-08,0.055877486685197,5891839248.1085619642427907399988,0.68793156,105442094797.5353604,0.08122535719279546,0.08136812828928665,0.6867244934839446,0.880229965321243,-93.65194450466086,2,1247
2019-12-09,0.0545286795688333,5749618199.61611632357309122467832,0.67158666,105442094785.3356504,0.08119380984850608,0.08101295761930918,0.6730859009625463,0.880229965321243,-93.80517799698708,2,1248
2019-12-10,0.0531769512733079,5607089135.88829882558263762083616,0.65503974,105442094772.7924704,0.08118125974052796,0.08065178824534419,0.6593400150228864,0.880229965321243,-93.9587433547663,2,1249
2019-12-11,0.0527305592386041,5560020623.85669093314332164726564,0.65209227,105442094757.5726404,0.08086364716239329,0.08028893075442997,0.656760013405642,0.880229965321243,-94.0094564697806,2,1250
2019-12-12,0.051917240618433,5474262604.1487984509795988569532,0.64324827,105442094744.2492604,0.0807110458585967,0.07988177575428052,0.6499259703256032,0.880229965321243,-94.10185489430756,2,1251
2019-12-13,0.0526895439238122,5555695881.69868480519234279912488,0.65293278,105442094730.0680004,0.08069673561773419,0.07944875844236889,0.6631890158740809,0.880229965321243,-94.01411608333704,2,1252
2019-12-14,0.0508682891222167,5363658959.60451788726899626266368,0.63048833,105442094714.7983104,0.08068077821871295,0.07900768009912942,0.6438398021356054,0.880229965321243,-94.221022786511,2,1253
2019-12-15,0.0509956556808085,5377088755.6097507505759149453334,0.63207047,105442094700.4970604,0.08068033249648335,0.0785827428990192,0.6489421697374346,0.880229965321243,-94.20655309522466,2,1254
2019-12-16,0.0470709715243985,4963261836.3580078646260803992644,0.58420065,105442094684.3083304,0.08057329536418437,0.0781750484769378,0.602122703362119,0.880229965321243,-94.65242341446309,2,1255
2019-12-17,0.0433516683124433,4571090714.14497815896224948998032,0.53846942,105442094666.3529104,0.08050906272902797,0.07772282392855166,0.5577726865958349,0.880229965321243,-95.07496108739925,2,1256
2019-12-18,0.0467028308846346,4924444314.27021876505867480892784,0.57989872,105442094643.7826904,0.08053618549914131,0.07729038746961601,0.604251478270751,0.880229965321243,-94.6942466486482,2,1257
2019-12-19,0.0451441467892307,4760093397.65010731939464876227328,0.56069137,105442094627.9938304,0.080515144702924,0.07683211333051614,0.5875687239661072,0.880229965321243,-94.87132356681867,2,1258
2019-12-20,0.0463141038535829,4883456120.45239906115096455548616,0.58178852,105442094613.1425704,0.07960642443337125,0.0764206470173018,0.60604176569059,0.880229965321243,-94.73840863430723,2,1259
2019-12-21,0.0454575336572193,4793137564.14196430819297845191372,0.57140842,105442094599.4448204,0.07955348935393583,0.07604865746839007,0.5977427501085593,0.880229965321243,-94.83572072661383,2,1260
2019-12-22,0.0471571109541201,4972344553.57945521894433301159004,0.59265379,105442094584.9954204,0.07956940755262884,0.07567547275816722,0.6231492085264931,0.880229965321243,-94.64263740022643,2,1261
2019-12-23,0.0449186729617452,4736318962.35560675291066956989408,0.56554612,105442094569.2067304,0.07942530480404533,0.07527536140248657,0.5967247732172482,0.880229965321243,-94.89693889876244,2,1262
2019-12-24,0.0449793642981122,4742718383.27585504580402193605088,0.566301,105442094553.4552304,0.07942660228061084,0.0748620967882363,0.600829608411131,0.880229965321243,-94.89004395780859,2,1263
2019-12-25,0.0443466626668596,4676004997.34021983143878725707984,0.55847764,105442094537.4681604,0.07940633517012355,0.07446130831481512,0.5955665253606107,0.880229965321243,-94.961923086693,2,1264
2019-12-26,0.0446445101361409,4707410657.73430717170181577978136,0.56227999,105442094523.5892504,0.07939907329112122,0.07409161420069965,0.6025582060502512,0.880229965321243,-94.92808562591394,2,1265
2019-12-27,0.045726901928323,4821540314.7092481146937091293292,0.57590936,105442094508.5460004,0.07939947690435696,0.07370357350192175,0.6204163482945738,0.880229965321243,-94.80511869285945,2,1266
2019-12-28,0.0458698922124145,4836617509.0768563376897227565858,0.57776113,105442094493.6915604,0.0793924856322794,0.07331791043561128,0.6256301078397211,0.880229965321243,-94.78887404206081,2,1267
2019-12-29,0.0462197898221296,4873511445.13081838412826075280384,0.58217301,105442094476.9728704,0.07939184577129332,0.07291543332901203,0.6338821249758574,0.880229965321243,-94.74912333786983,2,1268
2019-12-30,0.0454782325155561,4795320088.99025470739674740061944,0.57294611,105442094464.6427704,0.07937610836655493,0.07252018212417032,0.627111394145253,0.880229965321243,-94.83336919813237,2,1269
2019-12-31,0.0447600943801314,4719598099.16549355324591039919656,0.56399481,105442094448.7659604,0.07936259977309261,0.07211738576046942,0.6206560860206097,0.880229965321243,-94.91495448421867,2,1270
2020-01-01,0.0450786086991967,4753182915.30690079186853536229368,0.56798939,105442094431.6234504,0.07936523021881922,0.07170731435592567,0.6286472879941507,0.880229965321243,-94.8787691313434,2,1271
2020-01-02,0.0434955495367042,4586261840.94074603698992036210568,0.54819645,105442094416.3627204,0.07934299745411377,0.07127351863952752,0.610262413964533,0.880229965321243,-95.05861521984991,2,1272
2020-01-03,0.0454794542954493,4795448913.11077677052339331272572,0.57328871,105442094400.6492204,0.07933080401225641,0.07084739242699863,0.6419354719697196,0.880229965321243,-94.83323039578056,2,1273
2020-01-04,0.0455768192566751,4805715277.78378315033287813959104,0.57451565,105442094383.9767104,0.07933085766536575,0.07045869321809539,0.6468587079183856,0.880229965321243,-94.82216908622945,2,1274
2020-01-05,0.0453682364324839,4783721867.18350998088533931146656,0.57188982,105442094367.1140704,0.07933037946449877,0.07006447225768106,0.6475212753423722,0.880229965321243,-94.84586548744377,2,1275
2020-01-06,0.0502222174442659,5295535790.21794791944442416307436,0.63267641,105442094349.8695204,0.07938057536279233,0.06970971815803897,0.7204478625262415,0.880229965321243,-94.29442084195155,2,1276
2020-01-07,0.0485537810935162,5119612366.27331581812726988284648,0.61139161,105442094332.7312004,0.07941519036140551,0.06933698485696319,0.700258039683711,0.880229965321243,-94.48396634897605,2,1277
2020-01-08,0.0476017622689735,5019229506.6838234603179654844594,0.59945913,105442094314.1284204,0.07940785265706689,0.06893206215658278,0.6905605429421742,0.880229965321243,-94.59212204260723,2,1278
2020-01-09,0.0470754804198569,4963737245.53539442133959034497876,0.59291362,105442094297.6004404,0.0793968612491258,0.06852981075818067,0.6869343414061204,0.880229965321243,-94.65191117384006,2,1279
2020-01-10,0.0478729804558434,5047827318.76620330888680188256136,0.60316308,105442094281.5993604,0.0793698786335586,0.06813153794730187,0.7026552151644077,0.880229965321243,-94.56130984607279,2,1280
2020-01-11,0.0485910697235378,5123544154.28813977659141483122312,0.61215606,105442094266.2693604,0.07937693163331226,0.06775786009942605,0.7171281627288196,0.880229965321243,-94.47973011168685,2,1281
2020-01-12,0.0488847179584513,5154507038.25025869280302102576552,0.61734646,105442094247.7614504,0.0791852243851067,0.0673969724680274,0.7253251320990989,0.880229965321243,-94.44636971196377,2,1282
2020-01-13,0.0482052611748564,5082863691.24683334930171801495456,0.60889727,105442094231.3663304,0.07916813483965268,0.06710130994980833,0.7183952326849335,0.880229965321243,-94.52356053826641,2,1283
2020-01-14,0.0529189773533134,5579887795.62299262003324326994536,0.66771455,105442094210.7193004,0.07925389277995125,0.06681158355454858,0.7920629109188453,0.880229965321243,-93.98805091417213,2,1284
2020-01-15,0.0546191430959221,5759156830.80650524670187150244484,0.69209167,105442094188.3375604,0.07891894305839875,0.06650946580355817,0.8212236023251903,0.880229965321243,-93.7949007364242,2,1285
2020-01-16,0.0535680838322092,5648330939.66142468043472583560768,0.67896001,105442094164.7574704,0.07889725910692325,0.06625509045593261,0.8085127265479811,0.880229965321243,-93.91430808508554,2,1286
2020-01-17,0.0611634979475291,6449207308.80561369424473331681564,0.77445888,105442094144.7504404,0.07897578493454566,0.06603290385855062,0.9262578861978825,0.880229965321243,-93.0514183387057,2,1287
2020-01-18,0.0615847465017188,6493624637.32695959911171794410752,0.77490312,105442094125.4621504,0.07947412381268876,0.0658282199904689,0.9355371679598128,0.880229965321243,-93.00356169092207,2,1288
2020-01-19,0.0602570202220013,6353626396.78767995522428088211452,0.75834734,105442094105.8717804,0.07945833926443428,0.06560088975064803,0.9185396791269292,0.880229965321243,-93.15440025948102,2,1289
2020-01-20,0.0629193839119037,6634351598.27162210426466746338248,0.79140938,105442094085.9923304,0.07950295447838095,0.06541796325670406,0.9618059135379103,0.880229965321243,-92.85193797180706,2,1290
2020-01-21,0.0626864318802193,6609788647.14165052196333371154872,0.78854627,105442094068.6427704,0.07949619986182839,0.06523128395351144,0.9609872453973805,0.880229965321243,-92.87840287766826,2,1291
2020-01-22,0.060999276083372,6431891405.8583099201051213582288,0.76894234,105442094051.5325404,0.0793288038780281,0.06501980398540598,0.9381645644004647,0.880229965321243,-93.07007503873035,2,1292
2020-01-23,0.057934768291119,6108763286.1878074594155450282876,0.73084244,105442094037.4113604,0.07927121513512406,0.0647799582543897,0.8943316706628651,0.880229965321243,-93.41822358092803,2,1293
2020-01-24,0.0570335929470622,6013741469.85688018364304838820088,0.71958995,105442094020.6020804,0.07925846233269683,0.0645433165965208,0.8836483148765956,0.880229965321243,-93.5206031157724,2,1294
2020-01-25,0.0563425756089662,5940879153.79873361387671657944248,0.71095594,105442094004.1888804,0.07924903983356016,0.0643175963176855,0.8760056164206126,0.880229965321243,-93.5991072982384,2,1295
2020-01-26,0.0581653302235108,6133074216.24333359466407658839632,0.73384588,105442093987.5332404,0.07926096174786838,0.06413475773323549,0.906923675699312,0.880229965321243,-93.39203020630147,2,1296
2020-01-27,0.059526958104875,6276647110.14620874903235680695,0.75101379,105442093968.3826804,0.07926213725699364,0.0639993717479331,0.9301178508333945,0.880229965321243,-93.23734018948669,2,1297
2020-01-28,0.0606283680001225,6392782074.572128393822195570224,0.76494125,105442093947.8234304,0.07925885550050085,0.0638122466464035,0.9501055234127155,0.880229965321243,-93.11221267296939,2,1298
2020-01-29,0.060901015117258,6421530556.1307476755783051196432,0.76861015,105442093925.1475304,0.07923524704592828,0.06363848171926335,0.9569840994308837,0.880229965321243,-93.08123814041801,2,1299
2020-01-30,0.0627980781283547,6621560851.04052450089938848306488,0.79245799,105442093904.6340904,0.07924467785144637,0.06352034696724283,0.9886293310195454,0.880229965321243,-92.86571911859008,2,1300
2020-01-31,0.060652157285195,6395290462.469189167131918722378,0.76488932,105442093879.6559404,0.07929533816107538,0.06339331525856501,0.9567595106488825,0.880229965321243,-93.10951005138074,2,1301
2020-02-01,0.0621312361506256,6551247633.76803792511126902295424,0.78343121,105442093858.9690904,0.07930656241104513,0.06330985892520463,0.981383266451889,0.880229965321243,-92.94147681873673,2,1302
2020-02-02,0.0635298790465997,6698723468.09541453165166920419988,0.80080747,105442093840.3148004,0.07933227576735728,0.06322473280389983,1.0048263745715829,0.880229965321243,-92.78258164917003,2,1303
2020-02-03,0.0640873916730467,6757508765.61309333595616420010368,0.80773495,105442093822.2565504,0.07934210556698916,0.06310076267734063,1.0156357697410265,0.880229965321243,-92.71924449315267,2,1304
2020-02-04,0.0657382650843397,6931580312.97942584234388303447888,0.8283516,105442093795.5461904,0.07936034056593806,0.06296200948285241,1.044094139057671,0.880229965321243,-92.53169425329115,2,1305
2020-02-05,0.0688485202444612,7259532127.03461138858175633936448,0.86714301,105442093762.6271504,0.07939696157437884,0.06282890848880734,1.0958095867084212,0.880229965321243,-92.17834850471891,2,1306
2020-02-06,0.0709155459468391,7477483642.98213942980238832625664,0.94288824,105442093734.8143104,0.0752109772276289,0.0627282252318398,1.1305205222169041,0.880229965321243,-91.94352058658237,2,1307
2020-02-07,0.0719133116868813,7582690149.19782712666197106176852,0.95538135,105442093700.4503204,0.07527183955064781,0.06264640589629121,1.1479239815597897,0.880229965321243,-91.83016773796876,2,1308
2020-02-08,0.0709807423639873,7484358085.16228429938924981464092,0.94313973,105442093670.7410204,0.07526004907458123,0.0625801791987885,1.1342368026546243,0.880229965321243,-91.93611383837829,2,1309
2020-02-09,0.0732151224810144,7719955800.63958369010565852178176,0.97251623,105442093641.8082904,0.0752842165739634,0.06251765901557209,1.1711110689985649,0.880229965321243,-91.68227334156998,2,1310
2020-02-10,0.0708756824911148,7473280347.89662207956509533638592,0.94176125,105442093609.9415504,0.07525865232946759,0.062444040141694065,1.1350271752162124,0.880229965321243,-91.94804934125955,2,1311
2020-02-11,0.0744186992729401,7846863453.12950633827306059263704,0.98829321,105442093583.9006104,0.07530022317257457,0.0623759248007471,1.1930676701092977,0.880229965321243,-91.54553898357905,2,1312
2020-02-12,0.0806221174367976,8500964849.65701932280644498416704,1.06930425,105442093558.5227304,0.07539679884073928,0.06235781450482512,1.292895174037237,0.880229965321243,-90.84078926949798,2,1313
2020-02-13,0.0832455291685686,8777582872.38422304393007752605544,1.10390136,105442093528.0499804,0.07541029677558202,0.062354681182486625,1.335032552326633,0.880229965321243,-90.54275218428994,2,1314
2020-02-14,0.0866595393996108,9137563255.82335374705939187344432,1.13705186,105442093497.4920004,0.07621423652533385,0.062371869213632684,1.3894010311409672,0.880229965321243,-90.15489783195643,2,1315
2020-02-15,0.0789484127264991,8324485913.78349366131368071721164,1.03679843,105442093467.0593204,0.07614634671707508,0.062349019691755665,1.26623342462814,0.880229965321243,-91.03093329733592,2,1316
2020-02-16,0.0748468263051094,7892006052.59367043866060447978976,0.98338659,105442093435.2285904,0.07611129444536091,0.062304616748695016,1.2013046578394544,0.880229965321243,-91.49690089477994,2,1317
2020-02-17,0.0724454455420347,7638799435.55964676121326350804288,0.95212298,105442093404.3040704,0.07608832794061403,0.06225234216817894,1.1637384718203598,0.880229965321243,-91.76971377978532,2,1318
2020-02-18,0.0765657672127562,8073254775.52337148399366471204648,1.00588589,105442093371.7011204,0.07611774652963488,0.062225189629968314,1.2304625774234894,0.880229965321243,-91.30161773295082,2,1319
2020-02-19,0.0708626102020255,7471901959.1238479741175469598002,0.93193116,105442093338.3889804,0.07603845996739234,0.06216783258144853,1.1398597515714515,0.880229965321243,-91.94953444056362,2,1320
2020-02-20,0.0705398652364776,7437871052.16392261856720934819104,0.92732331,105442093307.5110004,0.0760682541631328,0.062109172778425446,1.1357398928517153,0.880229965321243,-91.9862004231208,2,1321
2020-02-21,0.0712401499389333,7511710534.88516472623110591183632,0.94109313,105442093276.3921104,0.07569936244134871,0.062054161528396025,1.1480317868179357,0.880229965321243,-91.90664340619965,2,1322
2020-02-22,0.0702522621034906,7407545571.43770994739866911333024,0.92816886,105442093245.7013904,0.0756890961667154,0.06201519784519464,1.1328233166143842,0.880229965321243,-92.01887405891121,2,1323
2020-02-23,0.073297404277491,7728631734.5284507106389833755964,0.96750769,105442093218.8706004,0.07575898882776942,0.061988976392270335,1.1824264335913564,0.880229965321243,-91.67292558022143,2,1324
2020-02-24,0.068854745317377,7260188472.8825932656552220328808,0.90934154,105442093198.0460904,0.07571934448015757,0.061949632310656574,1.1114633412526744,0.880229965321243,-92.17764129488046,2,1325
2020-02-25,0.0644714965349553,6798009544.38940181630806050349812,0.85211361,105442093169.0897204,0.07566068160201701,0.061913354165030736,1.0413181034111931,0.880229965321243,-92.6756076167634,2,1326
2020-02-26,0.0590879523086948,6230357370.57534629834747586414192,0.78171655,105442093136.4471804,0.0755874393457511,0.06184051168745307,0.9554893822245533,0.880229965321243,-93.28721417849817,2,1327
2020-02-27,0.0599756538109699,6323958473.16338338781833362234696,0.79352637,105442093104.8974104,0.07558117294951382,0.06175021611454616,0.9712622495072007,0.880229965321243,-93.18636536202428,2,1328
2020-02-28,0.0587411888702793,6193793904.11279150315917412699772,0.77779208,105442093073.5810204,0.07552299693033554,0.06166719714214566,0.9525516253783712,0.880229965321243,-93.32660881990748,2,1329
2020-02-29,0.0571918904671012,6030432636.01587755251510061471248,0.75742759,105442093044.3765604,0.07550806337421799,0.06158249248012274,0.9287037299693786,0.880229965321243,-93.5026194607873,2,1330
2020-03-01,0.0560742995301172,5912591506.73059260751751786407888,0.74273811,105442093013.6625604,0.07549673131774158,0.06151730222195871,0.911520783661761,0.880229965321243,-93.62958525166174,2,1331
2020-03-02,0.0594090584288223,6264215462.85446266480265516083092,0.78659324,105442092982.4967404,0.0755270391451906,0.06146322991117616,0.9665788555967127,0.880229965321243,-93.2507343797208,2,1332
2020-03-03,0.0582745397354457,6144589435.45839171752967999153828,0.7755026,105442092950.9448004,0.07514422225721192,0.06141064526678479,0.9489322165934753,0.880229965321243,-93.37962327672199,2,1333
2020-03-04,0.058510467696,6169466171.4195219091349429184,0.77866008,105442092917.0130404,0.07514250338350464,0.0613648483734757,0.9534850854661366,0.880229965321243,-93.35282028547547,2,1334
2020-03-05,0.0595795612157909,6282193627.77182294055307398778336,0.79549403,105442092885.1486304,0.07489630213289081,0.06130886335716913,0.9717936029688925,0.880229965321243,-93.2313641249367,2,1335
2020-03-06,0.0612124267454764,6454366384.89337764651548864142256,0.81632605,105442092856.9108804,0.07498526691078448,0.061256908412536316,0.9992738506037498,0.880229965321243,-93.04585970063667,2,1336
2020-03-07,0.0584919226373367,6167510736.27306019602982146163968,0.78096726,105442092825.5861504,0.0748967666549001,0.06120468937876817,0.9556771422424288,0.880229965321243,-93.3549271279364,2,1337
2020-03-08,0.0505657897874217,5331762698.86081186550166998009268,0.67581406,105442092791.8957204,0.07482204467220126,0.06112372458563814,0.8272694461963928,0.880229965321243,-94.25538873026579,2,1338
2020-03-09,0.0519860109149846,5481513785.22715550122675567587384,0.69480597,105442092762.0578004,0.07482090419428118,0.061041903711382385,0.8516446531678346,0.880229965321243,-94.09404212954598,2,1339
2020-03-10,0.0519704658967688,5479874684.39041874674194984655552,0.69463119,105442092731.5782104,0.07481735148801597,0.06095582224157775,0.8525923199067262,0.880229965321243,-94.09580814738544,2,1340
2020-03-11,0.0504298931271148,5317433465.69306178482204042036192,0.67599046,105442092694.7001704,0.07460148642795167,0.060855565068146246,0.8286817001969048,0.880229965321243,-94.2708274980493,2,1341
2020-03-12,0.0333017942426149,3511410874.16877019826549741224896,0.44920611,105442092656.8384704,0.0741347757772371,0.06067565825921774,0.5488493276882703,0.880229965321243,-96.21669386925934,2,1342
2020-03-13,0.0403165304350179,4251059336.33812599284982923511216,0.54436328,105442092622.2799504,0.07406181114019648,0.06052983457430203,0.666060476103371,0.880229965321243,-95.41977301121483,2,1343
2020-03-14,0.0365742291419792,3856463255.53779042541278767520768,0.49417163,105442092588.3962304,0.07401118745319152,0.0603721196394678,0.6058132356523902,0.880229965321243,-95.84492341968485,2,1344
2020-03-15,0.0378717432178127,3993275853.57699770364903151520308,0.51167329,105442092554.6091404,0.07401547815367243,0.06024107373742751,0.6286697906960306,0.880229965321243,-95.69751715916746,2,1345
2020-03-16,0.035105781361854,3701627046.3591698441696288405616,0.47447802,105442092520.4463304,0.07398821416818001,0.060109362982717816,0.5840318316457179,0.880229965321243,-96.01174889007078,2,1346
2020-03-17,0.0378696754196684,3993057817.89902062163921089423936,0.51167552,105442092482.9248304,0.07401111434775773,0.05998871121076698,0.6312800301145897,0.880229965321243,-95.69775207484015,2,1347
2020-03-18,0.0368345179954408,3883908651.58023387618862358090432,0.49777303,105442092443.3154104,0.07399862141072769,0.0598625222256264,0.615318510246005,0.880229965321243,-95.8153528683839,2,1348
2020-03-19,0.041387221612831,4363955245.8096431599379026585024,0.55901315,105442092407.9792704,0.07403622189000564,0.05975761427051794,0.6925849051716549,0.880229965321243,-95.29813534605964,2,1349
2020-03-20,0.0396102336580235,4176585916.2391374919867463801694,0.53517345,105442092371.8313604,0.07401382422469481,0.05963964696765513,0.6641594253484708,0.880229965321243,-95.50001303993693,2,1350
2020-03-21,0.0395543908262337,4170697729.85348342530072990355748,0.53654741,105442092337.5047204,0.07372021575173329,0.05952235009122377,0.6645300591393445,0.880229965321243,-95.50635715840482,2,1351
2020-03-22,0.0368957489521168,3890364966.73245213293007938417472,0.5007088,105442092306.6599604,0.07368703915752389,0.05939799697613581,0.621161500899438,0.880229965321243,-95.80839662296073,2,1352
2020-03-23,0.0394764292769788,4162477298.64439394824148825868752,0.53560796,105442092278.3864204,0.07370396301985281,0.05929333382660466,0.6657819139065831,0.880229965321243,-95.51521411082935,2,1353
2020-03-24,0.0405256348563973,4273107728.73124349732851269153892,0.54978529,105442092242.9226004,0.07371174819245764,0.0592049797482564,0.6844970647522397,0.880229965321243,-95.39601735307804,2,1354
2020-03-25,0.0405042239784076,4270850119.39923747782323569026304,0.5495217,105442092204.4077504,0.07370814287844793,0.05910386823392833,0.6853058046572376,0.880229965321243,-95.3984497717451,2,1355
2020-03-26,0.0428453266256089,4517700879.07472036779627634273656,0.58114777,105442092169.1483704,0.0737253566775433,0.05901221743245598,0.7260416315426322,0.880229965321243,-95.13248488308707,2,1356
2020-03-27,0.0414437909150089,4369920020.04758298635131133596156,0.56243185,105442092134.1202204,0.07368677807810653,0.058918236164770994,0.703411941917389,0.880229965321243,-95.29170869570615,2,1357
2020-03-28,0.039957586720616,4213211538.9795185914858455755264,0.54236138,105442092097.2618304,0.0736733628058399,0.05882037218837703,0.6793154350103154,0.880229965321243,-95.46055141328512,2,1358
2020-03-29,0.0379632729664542,4002926923.02243618644533705514568,0.51537948,105442092059.8594204,0.0736608158447717,0.05871680128894992,0.6465487242677611,0.880229965321243,-95.68711876871866,2,1359
2020-03-30,0.0402057360701322,4239376922.49595754906399265441288,0.54696481,105442092021.4238004,0.07350698863082654,0.058625641529255604,0.6858046244162389,0.880229965321243,-95.43235999066914,2,1360
2020-03-31,0.0409238129050733,4315092444.71016345432357708315132,0.55672459,105442091984.9143404,0.07350818275347475,0.0585410047659973,0.6990623592583656,0.880229965321243,-95.350781668727,2,1361
2020-04-01,0.0408963797412181,4312199833.14557673568383537930224,0.55635523,105442091951.2211504,0.07350767555688853,0.05845087161771361,0.6996709990689753,0.880229965321243,-95.35389825926993,2,1362
2020-04-02,0.0412294388455437,4347318280.23220320316589619147348,0.56044266,105442091912.0048804,0.07356584676395567,0.05836547062525825,0.7064012061217105,0.880229965321243,-95.31606052169595,2,1363
2020-04-03,0.0414286300143449,4368321412.11275226742135594992096,0.56311542,105442091872.2196704,0.07357040589359976,0.05827938591971648,0.7108625007033438,0.880229965321243,-95.29343107522756,2,1364
2020-04-04,0.0419050936222677,4418560729.96857625877148071815308,0.56958611,105442091832.4979804,0.07357112978451616,0.058169097441158175,0.7204013035384884,0.880229965321243,-95.23930162875399,2,1365
2020-04-05,0.0433882771666651,4574950703.66967997743214964786504,0.58967141,105442091791.2034904,0.07358043213705256,0.057967730588109584,0.7484901811140586,0.880229965321243,-95.07080207717874,2,1366
2020-04-06,0.0496986232521144,5240326793.04638602000330871515776,0.67495875,105442091754.9952304,0.07363208974195,0.05781131976768835,0.8596694116623806,0.880229965321243,-94.3539046374118,2,1367
2020-04-07,0.0484262288314569,5106162861.73275433192554524753976,0.65778441,105442091712.4125304,0.07362021369806697,0.057692647900139594,0.8393830166241985,0.880229965321243,-94.49845713741595,2,1368
2020-04-08,0.0513520332477693,5414665797.03669586770363078649572,0.69673132,105442091667.7511604,0.07370421247572062,0.05760075979985216,0.8915165950276425,0.880229965321243,-94.16606622463391,2,1369
2020-04-09,0.0521220722564765,5495860318.7204838882879710939256,0.70791985,105442091628.2273904,0.07362708116812447,0.057520131325257816,0.906153568421862,0.880229965321243,-94.07858465288052,2,1370
2020-04-10,0.0476145927020756,5020582244.57023359433985712761264,0.64726876,105442091587.0058044,0.07356232162676227,0.05743947606709935,0.8289524202214769,0.880229965321243,-94.5906644197578,2,1371
2020-04-11,0.049741402271472,5244837492.0825961663936336051968,0.6760907,105442091548.9680144,0.07357208473873697,0.057417622506436644,0.8663089849444023,0.880229965321243,-94.34904465524316,2,1372
2020-04-12,0.0494351260089937,5212543080.51998343374057089459428,0.67191238,105442091511.4420644,0.07357376866458942,0.057378863584810695,0.8615563801803865,0.880229965321243,-94.38383968319549,2,1373
2020-04-13,0.0483487495404478,5097993271.64907835834096951231032,0.65660263,105442091473.0003044,0.07363471806448263,0.05732589590792865,0.843401551335559,0.880229965321243,-94.50725930208446,2,1374
2020-04-14,0.0481840529411155,5080627315.8769026031013434260732,0.65441846,105442091433.9814344,0.0736288107476606,0.057272991386734445,0.8413049811865752,0.880229965321243,-94.52596993519408,2,1375
2020-04-15,0.0461157867124527,4862544997.18895676326452312902408,0.62583957,105442091392.8790904,0.07368627508237087,0.057211760636468316,0.8060543181930545,0.880229965321243,-94.76093878539767,2,1376
2020-04-16,0.049340024576538,5202515378.6292598177943600788152,0.66939494,105442091350.3789004,0.07370839190469232,0.05716821308930302,0.8630674619733779,0.880229965321243,-94.39464384076824,2,1377
2020-04-17,0.0490229262856731,5169079869.88749083040901176435624,0.66513052,105442091313.8787704,0.07370422016670218,0.057105544440249935,0.8584617617465541,0.880229965321243,-94.4306683233873,2,1378
2020-04-18,0.0506806788149474,5343876762.06976421929126614530296,0.68747339,105442091286.5452604,0.07372020437757948,0.05706453390344172,0.8881291994902408,0.880229965321243,-94.24233656980181,2,1379
2020-04-19,0.0491153556132035,5178825808.2441843597868268526164,0.66635688,105442091247.9758104,0.07370728372040444,0.05701131552675101,0.8615018818528658,0.880229965321243,-94.4201677347716,2,1380
2020-04-20,0.0498539992830432,5256709939.51981081328253492131328,0.67556423,105442091208.6740304,0.0737960908366081,0.056967140683534215,0.8751360641390415,0.880229965321243,-94.33625288309187,2,1381
2020-04-21,0.0511934653341004,5397946039.18557046976211901339616,0.69455939,105442091172.3268904,0.07370639008148808,0.05692876885561594,0.8992547417271302,0.880229965321243,-94.18408059814037,2,1382
2020-04-22,0.0548960087194199,5788349954.12115424671909773333096,0.74446154,105442091130.9983704,0.07373921387452723,0.056908228428054625,0.9646409708364294,0.880229965321243,-93.76344695338958,2,1383
2020-04-23,0.0619619675020612,6533399421.52333410715511215710048,0.83910771,105442091090.8937304,0.07384268641991289,0.05692674859653656,1.088450843051152,0.880229965321243,-92.96070686715966,2,1384
2020-04-24,0.0611875789254828,6451746268.38041973126421825667712,0.82862418,105442091053.1150304,0.07384237680040039,0.05692073541089516,1.074961145244988,0.880229965321243,-93.04868257885856,2,1385
2020-04-25,0.0616393173691666,6499378512.38750203081209374062064,0.82752702,105442091018.9806904,0.07448616888565958,0.05692000465245628,1.082911319939723,0.880229965321243,-92.99736207609438,2,1386
2020-04-26,0.0621691847044199,6555248829.94830477974054315182996,0.83461409,105442090983.0953804,0.07448853961286456,0.05691491114171833,1.0923180491245679,0.880229965321243,-92.93716560970165,2,1387
2020-04-27,0.0674876560789511,7116039569.95899508978075025939044,0.90529169,105442090945.2571004,0.07454796815703799,0.0569442534058598,1.1851530583419037,0.880229965321243,-92.33295175831451,2,1388
2020-04-28,0.0686286040636513,7236343508.36709641032887815736052,0.92060036,105442090905.0630004,0.07454766155387045,0.05698728019688397,1.2042793378899292,0.880229965321243,-92.20333245090048,2,1389
2020-04-29,0.0722056379444649,7613513437.07474536043621383706196,0.96270633,105442090864.5732404,0.07500276636226635,0.05704352282838637,1.2657990664723366,0.880229965321243,-91.79695752369517,2,1390
2020-04-30,0.0682113654854018,7192348994.18423711038528077938472,0.91003118,105442090815.8406804,0.07495497625191458,0.057077202945893524,1.1950719720807434,0.880229965321243,-92.25073353864886,2,1391
2020-05-01,0.0724551482056439,7639822314.07477823694460782207056,0.96620197,105442090773.0566704,0.07498965066863185,0.05711059774999206,1.2686813141551119,0.880229965321243,-91.76861149242957,2,1392
2020-05-02,0.0753736186081668,7947551931.82834426010783076379872,1.0016633,105442090728.6414904,0.07524845784822784,0.057170034057093776,1.3184112945060296,0.880229965321243,-91.43705377257193,2,1393
2020-05-03,0.0728975998521253,7686475333.83106312252315814137812,0.96888326,105442090678.2017604,0.0752387855809639,0.057225330764119946,1.2738694364669676,0.880229965321243,-91.71834603182123,2,1394
2020-05-04,0.0732925231729504,7728116870.27346780875384426262016,0.97404245,105442090621.4023504,0.07524571765116644,0.057266622004708306,1.2798471536687548,0.880229965321243,-91.67348010628086,2,1395
2020-05-05,0.0721378906491511,7606369999.81440848613607125740444,0.95968341,105442090576.3470404,0.07516842523009863,0.05731096264088492,1.2587101546552777,0.880229965321243,-91.80465406868714,2,1396
2020-05-06,0.0708782272915222,7473548458.54652747108558027957288,0.94311405,105442090528.1366204,0.07515339983697857,0.05735313132894834,1.2358214041531717,0.880229965321243,-91.94776023494555,2,1397
2020-05-07,0.0721963810452914,7612537342.16923446119748081305856,0.96029098,105442090475.3330304,0.07518177567937939,0.05739821976674614,1.2578156838083439,0.880229965321243,-91.79800916923533,2,1398
2020-05-08,0.0729846663478717,7695655788.92855848310689810129668,0.96853174,105442090428.2584404,0.0753559881763624,0.057443064596448504,1.2705566261237404,0.880229965321243,-91.70845469669557,2,1399
2020-05-09,0.0717712270891258,7567708213.35174730822401457941032,0.95254771,105442090379.1172004,0.0753465955937533,0.057485929199098784,1.2485007738250313,0.880229965321243,-91.84630949675378,2,1400
2020-05-10,0.0640734459838497,6756038077.90281984929357543963988,0.85121017,105442090310.0130004,0.07527335579631256,0.057508958982718426,1.1141472062310138,0.880229965321243,-92.72082881653934,2,1401
2020-05-11,0.0622600465021314,6564829442.04956347984506678577056,0.82738451,105442090246.8298704,0.07524922904603495,0.057517997865604194,1.0824446053843426,0.880229965321243,-92.92684310293738,3,0
2020-05-12,0.0702445782477865,7406735155.0552333857304388012596,0.93291552,105442090191.3327304,0.0752957548050937,0.05754806474429202,1.2206245085722678,0.880229965321243,-92.01974699621246,3,1
2020-05-13,0.06994438934328,7375082606.367238007222866336512,0.92896889,105442090146.3743904,0.07529249913124647,0.057583556730043214,1.2146590678860887,0.880229965321243,-92.0538504596633,3,2
2020-05-14,0.0693918807738774,7316824944.98592668601730166305296,0.92160742,105442090103.1457304,0.07529440330881602,0.05760544096859373,1.2046063636889714,0.880229965321243,-92.11661912139601,3,3
2020-05-15,0.0674302351177808,7109984923.62185074724397974330432,0.88911451,105442090053.5612404,0.07583976457406011,0.05761710988949689,1.1703161655817929,0.880229965321243,-92.33947516281476,3,4
2020-05-16,0.0681607130711801,7187008042.44195928685707533855604,0.89866071,105442090004.7888404,0.07584699354573997,0.05762475086618452,1.1828374447893417,0.880229965321243,-92.25648799103259,3,5
2020-05-17,0.0692928056433493,7306378246.25187293519548739388072,0.91352683,105442089960.3613704,0.07585196555567975,0.057650845441089116,1.2019391062383742,0.880229965321243,-92.12787471759603,3,6
2020-05-18,0.0701994409859809,7401975767.96167153616000479516536,0.92539613,105442089908.3779704,0.0758588011233426,0.057677183440622726,1.2171093801459556,0.880229965321243,-92.02487489046554,3,7
2020-05-19,0.0697475068669135,7354322886.5435378102879571400754,0.91947259,105442089859.5910604,0.07585599356138882,0.05767896345011052,1.2092364823310613,0.880229965321243,-92.07621762325952,3,8
2020-05-20,0.0709276634125918,7478761052.74823951706892080008072,0.93491044,105442089770.3015804,0.07586573042503601,0.057678710596925684,1.229702652478717,0.880229965321243,-91.94214396158321,3,9
2020-05-21,0.0665529508790408,7017482214.43819861034860782226432,0.87758126,105442089670.7103104,0.07583679587579252,0.05766835202194419,1.1540636856367217,0.880229965321243,-92.43914050861106,3,10
2020-05-22,0.0680424778655037,7174541047.62036579147780539596848,0.898905,105442089598.8229104,0.07569484858300232,0.05763540265416574,1.180567407046401,0.880229965321243,-92.26992029967177,3,11
2020-05-23,0.0672377229784503,7089686007.81492612073072800808512,0.888393,105442089555.6973504,0.07568466093097345,0.0575578845694996,1.1681757153055645,0.880229965321243,-92.3613458269497,3,12
2020-05-24,0.0648325654799395,6836081172.2748481007384757002908,0.85680904,105442089506.5469704,0.07566746200523222,0.05749681606295704,1.1275853154886013,0.880229965321243,-92.63458777431207,3,13
2020-05-25,0.065963152715637,6955292649.3100530086621875225548,0.87175821,105442089453.9999004,0.07566679838396591,0.057454920481416344,1.1480853539249545,0.880229965321243,-92.5061455171475,3,14
2020-05-26,0.0648879153602569,6841917372.46297886210782315082576,0.85771042,105442089401.0346704,0.07565247413020458,0.057422438495810996,1.1300097498470134,0.880229965321243,-92.62829965842212,3,15
2020-05-27,0.0660130760683089,6960556664.03317703837819410130256,0.87868731,105442089334.4001104,0.07512692549105882,0.057386840584176715,1.1503173096187265,0.880229965321243,-92.50047389102265,3,16
2020-05-28,0.0691955869082867,7296127251.58691978006526847360868,0.92079385,105442089265.8568204,0.07514775094152366,0.05733780030493443,1.2068057466503785,0.880229965321243,-92.13891941487887,3,17
2020-05-29,0.0677747869735514,7146315133.94646319216639423621856,0.8998397,105442089205.4630704,0.07531873396289517,0.057277736693734864,1.1832658007411232,0.880229965321243,-92.30033177195726,3,18
2020-05-30,0.072577205281061,7652692147.2419326316497914733844,0.96325181,105442089118.8393604,0.07534603571734892,0.05725617506432001,1.2675873859811586,0.880229965321243,-91.75474499387512,3,19
2020-05-31,0.0702438859800458,7406662073.61397369536318982766432,0.93245757,105442088948.7518704,0.07533199176027473,0.057227764239415294,1.2274441770287738,0.880229965321243,-92.019825642449,3,20
2020-06-01,0.0760530024201514,8019187435.62973943009921130614056,1.00892923,105442088812.3272004,0.07537991779676302,0.05723801965227908,1.3287147752870088,0.880229965321243,-91.35987123633133,3,21
2020-06-02,0.0794035288509986,8372473923.90293343421541436984344,1.0529771,105442088595.5075404,0.07540859991257036,0.05727441276650592,1.386370021369015,0.880229965321243,-90.97922906748353,3,22
2020-06-03,0.0827270385958316,8722911723.45230466595863162442864,1.09666074,105442088481.7195604,0.07543539727320922,0.05733178018490473,1.4429525531742229,0.880229965321243,-90.6016561745157,3,23
2020-06-04,0.0823453531194711,8682666001.27520737449584233255344,1.07245062,105442088379.6311504,0.07678241924040392,0.057385821660427855,1.434942477721023,0.880229965321243,-90.64501819255621,3,24
2020-06-05,0.0793532702990658,8367174535.15105688737851323824032,1.03373021,105442088317.4308304,0.07676400431314259,0.05744748983648293,1.381318322609655,0.880229965321243,-90.98493877448202,3,25
2020-06-06,0.0800856056596982,8444393500.82659764822955831718128,1.04261319,105442088266.2576104,0.07681238490729068,0.05752067478967042,1.3922925270355138,0.880229965321243,-90.9017405888391,3,26
2020-06-07,0.0786699603300919,8295124897.44281466616611337056376,1.02438743,105442088220.6783304,0.07679707699077477,0.057594637478095054,1.3659250891198405,0.880229965321243,-91.06256734836549,3,27
2020-06-08,0.0798627944402507,8420899813.52069600934674628882328,1.0400709,105442088178.1288904,0.07678591376823513,0.05769070940992718,1.3843267877463166,0.880229965321243,-90.92705343073563,3,28
2020-06-09,0.07843661961162,8270520956.776157380768705055448,1.02183955,105442088118.1233404,0.07676021114236575,0.0577859382788473,1.357365164395573,0.880229965321243,-91.08907641164042,3,29
2020-06-10,0.0788712666250884,8316351041.43360650458382781735936,1.02739812,105442088066.9391104,0.07676796860898324,0.05787441079146694,1.3628003386380436,0.880229965321243,-91.03969760944186,3,30
2020-06-11,0.0711196271274363,7499001981.86317636350436674301752,0.93278678,105442087996.6936104,0.07624424858104904,0.057949531027753104,1.2272683810568854,0.880229965321243,-91.92033560213088,3,31
2020-06-12,0.0727096211631368,7666654269.82092094851454059652672,0.95358888,105442087954.4872904,0.0762483945525212,0.05802578599883529,1.253057066122228,0.880229965321243,-91.73970166573446,3,32
2020-06-13,0.0740295910970113,7805834653.30332781086297050146252,0.97083856,105442087922.3046604,0.07625324554168028,0.058107944592161426,1.2740011992611016,0.880229965321243,-91.58974426984045,3,33
2020-06-14,0.0709254444433975,7478526946.533651795497993544559,0.93043844,105442087888.5283204,0.0762279817710428,0.05816920094929531,1.2192954911865044,0.880229965321243,-91.94239605129631,3,34
2020-06-15,0.0710194800153872,7488442249.06599772356853546121088,0.931808,105442087824.9677304,0.07621686014220441,0.05823411949243184,1.2195510232556528,0.880229965321243,-91.93171298258764,3,35
2020-06-16,0.0710612697311144,7492848641.59540550279080716326976,0.93238003,105442087791.9472104,0.07621492035936721,0.05829348942751498,1.219025836829952,0.880229965321243,-91.92696539191547,3,36
2020-06-17,0.0716981334244534,7560000875.65311501278429504916136,0.94029204,105442087744.4307004,0.07625092032519323,0.05836524821813081,1.2284387647336488,0.880229965321243,-91.85461342499434,3,37
2020-06-18,0.0705626794400332,7440276234.23573541085572476464128,0.92550201,105442087705.2827904,0.07624259988374656,0.058430699667230884,1.2076302327696782,0.880229965321243,-91.9836085773016,3,38
2020-06-19,0.0693817784476508,7315759565.23552134104133543738032,0.91015935,105442087662.1854004,0.07623036388919237,0.05849835323631436,1.1860466937824887,0.880229965321243,-92.11776681309301,3,39
2020-06-20,0.0698458522121419,7364692468.70455266902372267644976,0.91622522,105442087617.9714704,0.07623218689848105,0.05856816687531101,1.192556570207167,0.880229965321243,-92.0650449355412,3,40
2020-06-21,0.0684592329380797,7218484435.61737785379133199522788,0.89815197,105442087587.3146804,0.07622232676067024,0.05863654038481626,1.1675182827772526,0.880229965321243,-92.22257414139551,3,41
2020-06-22,0.071951714437424,7586738973.0288123866195178727296,0.94363441,105442087549.2404904,0.07624956622493663,0.05871908938812928,1.225354738760132,0.880229965321243,-91.8258049291511,3,42
2020-06-23,0.0709093408654679,7476828924.90626176934370747614516,0.93002446,105442087511.3140204,0.07624459776624358,0.058796371239200174,1.2060155987686514,0.880229965321243,-91.94422552524792,3,43
2020-06-24,0.0689908612115653,7274540422.84377156458323613826512,0.90507611,105442087474.9756304,0.07622658520018312,0.058863711227797176,1.1720440280188413,0.880229965321243,-92.16217762066452,3,44
2020-06-25,0.0675282481323731,7120319444.59104955824605738607424,0.88601036,105442087445.1437504,0.07621609315310161,0.05892196503503305,1.1460623910323262,0.880229965321243,-92.32834023007517,3,45
2020-06-26,0.0668191566370827,7045551354.26735420625582791465508,0.87684334,105442087402.1818604,0.07620421298641865,0.0589834174203743,1.1328464771863447,0.880229965321243,-92.40889775745174,3,46
2020-06-27,0.0624955639412922,6589662712.54262935804467021357888,0.82045347,105442087357.3187104,0.07617197833448397,0.05903001048371422,1.0587083320700763,0.880229965321243,-92.90008674966158,3,47
2020-06-28,0.0638454099040539,6731993286.21081530651010296750856,0.838175,105442087321.9793304,0.07617193295439963,0.05908558473704147,1.0805581460892006,0.880229965321243,-92.74673523744977,3,48
2020-06-29,0.0650503550105929,6859045210.45562523330872399689016,0.85398685,105442087277.4435704,0.07617254880516358,0.05915125030900227,1.0997291633021127,0.880229965321243,-92.60984542978464,3,49
2020-06-30,0.0668934394866532,7053383882.79622798153488274938128,0.87804751,105442087249.8796004,0.07618430520536776,0.05922226978681648,1.1295318421170073,0.880229965321243,-92.40045872986838,3,50
2020-07-01,0.0684580342650992,7218358019.55310119191904867799168,0.89822234,105442087215.0738104,0.07621502073205974,0.05931021851253089,1.1542367568690644,0.880229965321243,-92.22271031864778,3,51
2020-07-02,0.0676254845461203,7130572235.53311125208284126641512,0.8888311,105442087156.8038904,0.07608361650050308,0.05939336765685745,1.1386033022546143,0.880229965321243,-92.31729352437574,3,52
2020-07-03,0.0671374471300482,7079112548.70153451582603512338328,0.8825847,105442087111.0720204,0.07606912643063969,0.059493700034885695,1.128479941416997,0.880229965321243,-92.37273783271554,3,53
2020-07-04,0.0676948515632382,7137886433.17787743477603616365728,0.88986475,105442087076.7389104,0.07607319153077836,0.05961541595113967,1.1355259454822957,0.880229965321243,-92.30941296817443,3,54
2020-07-05,0.0671517676128328,7080622525.21840476704258923269312,0.88280266,105442087035.4764504,0.076066566918628,0.05971766063478067,1.1244875786999997,0.880229965321243,-92.3711109302754,3,55
2020-07-06,0.0718899404602418,7580225356.69305151444276332181472,0.94371124,105442087003.6085104,0.07617789999008787,0.05985138960313573,1.2011407076248628,0.880229965321243,-91.8328228653287,3,56
2020-07-07,0.0734711293110046,7746949206.74750922157721027898784,0.96726587,105442086972.0749104,0.07595753307309872,0.05998717473042284,1.2247806242113832,0.880229965321243,-91.65318925671984,3,57
2020-07-08,0.0848696090221593,8948828691.07797640991561711246772,1.11559127,105442086916.4302804,0.07607589921545307,0.06018423510724755,1.4101634567743984,0.880229965321243,-90.3582458714427,3,58
2020-07-09,0.0904281044400772,9534928041.33170386639706848178688,1.18532136,105442086842.0402304,0.07628994759706108,0.060400590074677324,1.4971394207949764,0.880229965321243,-89.72676368645605,3,59
2020-07-10,0.0889505508399715,9379131702.0771606504229865936286,1.16614265,105442086794.3909604,0.07627758991575471,0.06062074946406845,1.4673284580998933,0.880229965321243,-89.89462363877732,3,60
2020-07-11,0.0945325715730416,9967711612.05573022723915289955264,1.23777851,105442086745.2449604,0.0763727684794282,0.06086851550044311,1.553061887509864,0.880229965321243,-89.26046882094708,3,61
2020-07-12,0.0947794385955335,9993741782.2294667459233124417784,1.24086969,105442086704.8733904,0.07638146000288999,0.06112067938008648,1.5506934732537228,0.880229965321243,-89.23242307924119,3,62
2020-07-13,0.0900314189101254,9493100674.80362805377693804627016,1.17867407,105442086659.5493004,0.0763836426045458,0.06134761392395641,1.4675618683674327,0.880229965321243,-89.77182981071678,3,63
2020-07-14,0.0919913855737954,9699763646.15213713075847395344016,1.20429455,105442086622.0239304,0.07638611797570238,0.06157893634218377,1.493877469117277,0.880229965321243,-89.54916451404573,3,64
2020-07-15,0.0939393543887158,9905161538.67146920630072082999032,1.21580146,105442086579.4378804,0.07726537389477703,0.061819283653065285,1.5195801186553841,0.880229965321243,-89.3278622530838,3,65
2020-07-16,0.101723196325887,10725906070.2206837183867780664348,1.31261653,105442086540.9938404,0.07749650716792894,0.06209680068558407,1.6381390861172385,0.880229965321243,-88.44356584829934,3,66
2020-07-17,0.104429733417835,11011288980.676195974915648784134,1.34103088,105442086466.1102004,0.07787272834301548,0.06239155819009546,1.6737798581605712,0.880229965321243,-88.13608516727524,3,67
2020-07-18,0.101095996724123,10659772821.8069974463596241710492,1.29918922,105442086405.2218004,0.07781468254803023,0.0626732377018154,1.613064849228216,0.880229965321243,-88.51481990990528,3,68
2020-07-19,0.0999217400460077,10535956743.85356498752880313267108,1.28416859,105442086366.8148404,0.07781045325677037,0.06294745335854947,1.58738336048088,0.880229965321243,-88.64822330724212,3,69
2020-07-20,0.0946176157439729,9976678804.19330716508053317581116,1.21731634,105442086293.8391804,0.07772639915765273,0.06320306368958581,1.497041602424146,0.880229965321243,-89.25080723542037,3,70
2020-07-21,0.0963467369886603,10159000932.95703493699449512873712,1.2393084,105442086057.9089104,0.07774234160654467,0.06345740010305186,1.5182900155410983,0.880229965321243,-89.05436751934499,3,71
2020-07-22,0.0973898224802976,10268986037.19787026767916296815104,1.21651057,105442085996.9770704,0.08005670060088142,0.06371646511916997,1.5284875314119795,0.880229965321243,-88.93586604442001,3,72
2020-07-23,0.0983248867830095,10367581149.9929947998800096255088,1.22812556,105442085815.6991904,0.08006094000926868,0.0639812483709226,1.5367766226283102,0.880229965321243,-88.82963649764802,3,73
2020-07-24,0.095617203695768,10082077385.3713049958312341869472,1.18777742,105442085688.3679804,0.0805009441042986,0.06420822330218011,1.489173797034833,0.880229965321243,-89.13724737138753,3,74
2020-07-25,0.100788901556604,10627391986.2476352301015458794016,1.25106632,105442085607.8006904,0.08056239700914015,0.06446939890449555,1.5633603425698428,0.880229965321243,-88.54970797093681,3,75
2020-07-26,0.0991311883563345,10452599225.7712714571425035212808,1.23122531,105442085372.7549264,0.08051425482500396,0.06472704603493235,1.5315265322448777,0.880229965321243,-88.73803525648479,3,76
2020-07-27,0.0948288025702941,9998946685.50233957994986856109824,1.17869005,105442085257.6977664,0.08045270473802177,0.06496581264568455,1.4596723831883482,0.880229965321243,-89.22681500218116,3,77
2020-07-28,0.0975686708841579,10287844101.63842513161875607894356,1.21227181,105442085132.5632764,0.08048415386658038,0.06521429109782612,1.4961240740591335,0.880229965321243,-88.91554767184621,3,78
2020-07-29,0.0951358454386733,10031321907.81618512589098211686512,1.18272267,105442085068.5833264,0.08043799941593519,0.06544701497640179,1.4536315441273586,0.880229965321243,-89.19193288268104,3,79
2020-07-30,0.0965668090016016,10182205679.61511320780033114263424,1.200747,105442084965.7177464,0.08042227796663377,0.06568542543161754,1.4701405733016593,0.880229965321243,-89.02936586959304,3,80
2020-07-31,0.0967623956778336,10202828740.62945241525332924386304,1.20272802,105442084904.5464864,0.08045243319252976,0.06592821110413243,1.4676933297188837,0.880229965321243,-89.00714591754215,3,81
2020-08-01,0.107656602821513,11351536619.2285493702109662963732,1.33586731,105442084570.0341364,0.08058929357400998,0.06620189923147342,1.626186016885923,0.880229965321243,-87.7694912621813,3,82
2020-08-02,0.102766807923311,10835946378.4536093767790354584704,1.27490221,105442083853.9604864,0.08060760042396585,0.06644263755561038,1.5466997052502385,0.880229965321243,-88.32500460424501,3,83
2020-08-03,0.104808151488445,11051189889.047387864142512443948,1.29655198,105442083770.2282264,0.08083605833407852,0.06669883789389155,1.5713639817110454,0.880229965321243,-88.09309434833942,3,84
2020-08-04,0.110196093087644,11619305668.3973189924175283422016,1.35988686,105442083678.5561264,0.08103328028895287,0.06694400086959212,1.6460936253617044,0.880229965321243,-87.48098821568433,3,85
2020-08-05,0.107591379519245,11344659238.420711522867526824918,1.32766814,105442083641.9471564,0.0810378559805201,0.06717403403467977,1.60168108206363,0.880229965321243,-87.77690106471448,3,86
2020-08-06,0.106121125742616,11189632590.1998114443115258685824,1.31023551,105442083391.9432464,0.08099393195549706,0.06740335456228283,1.5744190542409386,0.880229965321243,-87.9439317083591,3,87
2020-08-07,0.103014067624761,10862017884.6852909830325213056604,1.27439155,105442083155.5867964,0.0808339223724145,0.06760382798084712,1.5237904524274273,0.880229965321243,-88.29691425158815,3,88
2020-08-08,0.102726581160984,10831704689.6175959485328907864576,1.26890641,105442082927.3302464,0.08095678322011471,0.06780402872725094,1.5150512895658872,0.880229965321243,-88.32957463297747,3,89
2020-08-09,0.104825621163105,11053031809.447727986407545194722,1.29635317,105442082639.7927764,0.08086193144658643,0.06802316045264961,1.5410283860020484,0.880229965321243,-88.09110967667995,3,90
2020-08-10,0.105766707994591,11152261947.0462797649820165165124,1.3076982,105442082470.9474364,0.08088005932453758,0.06826232015116697,1.5494156624089326,0.880229965321243,-87.98419593043609,3,91
2020-08-11,0.100271807332036,10572868160.4874552605085060793504,1.24073517,105442082294.1476264,0.08081644637512451,0.06847851122309184,1.4642813568970092,0.880229965321243,-88.6084533266893,3,92
2020-08-12,0.101564302808136,10709151566.1472399170556403289504,1.25701659,105442082208.5273364,0.08079790164753194,0.06870461985908768,1.478274721793718,0.880229965321243,-88.4616172126031,3,93
2020-08-13,0.101481946819992,10700467769.1564307684172150935488,1.25479846,105442082108.8193064,0.0808750967226976,0.06892120294207009,1.4724343523906567,0.880229965321243,-88.47097340262032,3,94
2020-08-14,0.104992708070533,11070649727.2853391741953491782512,1.29738931,105442081938.1874864,0.08092613933325303,0.06914853169189838,1.5183649674347923,0.880229965321243,-88.07212748861424,3,95
2020-08-15,0.107218704365575,11305363396.13347707504148059518,1.32458324,105442081799.3331464,0.08094523705854455,0.06938148337372564,1.5453504184688287,0.880229965321243,-87.8192394499493,3,96
2020-08-16,0.114132791122651,12034399073.6446763847288720711264,1.41022696,105442081589.9621664,0.08093221471432585,0.06964764225375261,1.6387172261599643,0.880229965321243,-87.03375303963917,3,97
2020-08-17,0.114550906244582,12078485980.9825085003987152397448,1.41218007,105442081402.5973164,0.08111635950547155,0.06990640639433375,1.6386324537756085,0.880229965321243,-86.98625237067722,3,98
2020-08-18,0.108283766000365,11417665658.862625406160958220636,1.33119557,105442081307.2214264,0.08134324395352743,0.0701445644379096,1.5437228368024918,0.880229965321243,-87.6982413384613,3,99
2020-08-19,0.102405495043139,10797848517.9452331070662369252296,1.25860625,105442081144.1472664,0.08136420349345874,0.07034593573237218,1.4557414579391754,0.880229965321243,-88.36605215936204,3,100
2020-08-20,0.106807936252787,11262051066.2048633323726161806368,1.31385262,105442081003.7044064,0.08129369658888148,0.07056232601840312,1.513668019176845,0.880229965321243,-87.86590544962792,3,101
2020-08-21,0.0996185430287454,10503986451.93730805515308214331256,1.22725741,105442080686.7887364,0.08117167777275461,0.0707399817751816,1.408235350488817,0.880229965321243,-88.68266851238252,3,102
2020-08-22,0.10227237060329,10783811548.246476487367339578056,1.25838227,105442080638.5373064,0.08127289540029041,0.07092265230277635,1.4420268741033313,0.880229965321243,-88.3811759843957,3,103
2020-08-23,0.102727920229822,10831845646.4396764522942918393808,1.26484398,105442080616.5136664,0.08121785916222014,0.07109204930270316,1.4449987197923684,0.880229965321243,-88.32942250581857,3,104
2020-08-24,0.103269547491157,10888955941.1009371886541526027348,1.27207863,105442080512.9736964,0.08118173283923259,0.07125381931042475,1.4493194679326922,0.880229965321243,-88.26789003332006,3,105
2020-08-25,0.0977321281765544,10305078911.77113820254379439532416,1.20482263,105442080347.9780464,0.08111744064481459,0.07138291339287312,1.3691249562575571,0.880229965321243,-88.89697783227741,3,106
2020-08-26,0.0982335691931453,10357951888.56633347942405924350592,1.21353098,105442080275.0299264,0.08094854668905553,0.0715191775270189,1.3735276689393427,0.880229965321243,-88.84001078544348,3,107
2020-08-27,0.0936985379243655,9879768742.5910274170237584706242,1.1570118,105442080116.1922764,0.08098321721901669,0.07162159460423566,1.3082442305581425,0.880229965321243,-89.35522061099455,3,108
2020-08-28,0.0955555608793665,10075577057.3088035935959942391956,1.18101861,105442079608.8325064,0.08090944551616042,0.07174499399617691,1.33187774584605,0.880229965321243,-89.14425040682487,3,109
2020-08-29,0.0966575255578851,10191770490.89252947619916928207164,1.19328467,105442079466.3215764,0.08100122962099655,0.07185618812760165,1.3451524228677623,0.880229965321243,-89.01905986322454,3,110
2020-08-30,0.0980818505587139,10341954276.84845890380277308212896,1.21188652,105442079425.8724064,0.0809331970774903,0.07194348679321122,1.363318000427652,0.880229965321243,-88.8572470351065,3,111
2020-08-31,0.0972175395652769,10250819519.87216205222156019831366,1.20069036,105442079337.8465414,0.08096803539363545,0.07201334684519477,1.3499933529580694,0.880229965321243,-88.955438533634,3,112
2020-09-01,0.0993508389855587,10475759037.10290861684363529117918,1.22622639,105442079242.2863114,0.08102161215561401,0.07207680334312451,1.3784024037885678,0.880229965321243,-88.71308147873603,3,113
2020-09-02,0.0926665695448667,9770955748.39997439167535766644438,1.14466077,105442079019.3289314,0.0809554865280014,0.07214539412721635,1.2844419337631545,0.880229965321243,-89.47245910776876,3,114
2020-09-03,0.0792083344953065,8351891423.9462539406083622110091,0.98322524,105442078503.0033214,0.08055970419891427,0.07216720166816733,1.097566937117987,0.880229965321243,-91.00140444930216,3,115
2020-09-04,0.081015821529905,8542476591.917112297146969590067,1.00576302,105442078233.6184414,0.08055160104206754,0.07221005354810668,1.1219465649050082,0.880229965321243,-90.79606185636524,3,116
2020-09-05,0.0750563695474065,7914099572.6827128967902358757241,0.93270102,105442078006.2386714,0.08047205689493776,0.07220250655977993,1.0395258159806922,0.880229965321243,-91.47309538365757,3,117
2020-09-06,0.0774342884573453,8164832276.16373562410311855953842,0.96210779,105442077906.6283514,0.08048400528733406,0.07223536495105652,1.0719719975085797,0.880229965321243,-91.20294792178707,3,118
2020-09-07,0.0783307154078855,8259353358.2464273703046590247447,0.974321,105442077418.0107114,0.08039518332036925,0.07227431920191356,1.0837973470085842,0.880229965321243,-91.10110783614388,3,119
2020-09-08,0.0773147627334211,8152229192.38395943920431436437754,0.96220116,105442077349.3490814,0.08035197414792257,0.072304692265886,1.0692910834764577,0.880229965321243,-91.216526841914,3,120
2020-09-09,0.0781902358733499,8244540894.59834545282914224144286,0.97307491,105442077294.0574714,0.08035376831712772,0.07234438213473529,1.080805911476681,0.880229965321243,-91.11706724903257,3,121
2020-09-10,0.080922599364281,8532646969.0596398492731583985734,1.01222345,105442077195.8781814,0.07994539087617561,0.07238250811016923,1.1179855669150536,0.880229965321243,-90.80665251668091,3,122
2020-09-11,0.0836205370783561,8817123122.32903588219127987078854,1.0467636,105442077154.6469014,0.07988483462584686,0.07245633706897413,1.1540817609749485,0.880229965321243,-90.50014878238795,3,123
2020-09-12,0.0837280538086028,8828459906.82258840994725150918792,1.04721538,105442077120.3389814,0.0799530406138638,0.07255261985534238,1.1540321214525726,0.880229965321243,-90.48793416410835,3,124
2020-09-13,0.0798928743335692,8424070614.00203224097313587146488,1.0005924,105442077084.7447914,0.07984557381564082,0.07265664446546675,1.0995948811198097,0.880229965321243,-90.92363615405755,3,125
2020-09-14,0.0801144445179734,8447433431.14173434340363282056676,1.00344331,105442077043.2550614,0.07983953225815357,0.07275733841900177,1.1011184061819694,0.880229965321243,-90.89846430202641,3,126
2020-09-15,0.0777923202905007,8202583827.25814193010245099625998,0.97465032,105442077015.1493714,0.07981562073513782,0.07285259407610288,1.067804397043676,0.880229965321243,-91.1622731155136,3,127
2020-09-16,0.0799977420749876,8435128077.69804842487233524849464,1.00270683,105442076975.0126214,0.07978178634226278,0.0729666233341423,1.096360752623115,0.880229965321243,-90.91172247859205,3,128
2020-09-17,0.080557385833681,8494138074.6166609464600924632034,1.00975488,105442076933.2520514,0.07977914980087147,0.07308903876566013,1.1021814925212803,0.880229965321243,-90.8481432117252,3,129
2020-09-18,0.0778389131727361,8207496668.79858975369586504005054,0.98366145,105442076902.9102014,0.07913181224366991,0.07318118803937969,1.0636464815363482,0.880229965321243,-91.15697985306278,3,130
2020-09-19,0.0785372791662581,8281133827.59976821230972410021434,0.9924151,105442076877.5191314,0.07913752941310355,0.07328250173653375,1.071705759290484,0.880229965321243,-91.07764081428475,3,131
2020-09-20,0.0769323862344437,8111910581.70548313300546952850318,0.97226721,105442076851.5518614,0.07912679296717585,0.07337461132922597,1.048487819434631,0.880229965321243,-91.25996736473668,3,132
2020-09-21,0.0703446428102411,7417285230.52124538611090107750654,0.8896152,105442076812.1577914,0.07907311252128009,0.07342843673719822,0.9580027294058556,0.880229965321243,-92.00837899394068,3,133
2020-09-22,0.0714168518638495,7530341177.9726056080251290235743,0.90330963,105442076785.0226314,0.07906132016310898,0.07347945886279009,0.9719294748374216,0.880229965321243,-91.88656888796262,3,134
2020-09-23,0.0673425372434468,7100736980.37715799385365612264152,0.85213739,105442076747.2366214,0.07902779297531681,0.07352371193582063,0.9159295072347622,0.880229965321243,-92.34943822676273,3,135
2020-09-24,0.0702281095200425,7404997711.7669132307803545909595,0.88836354,105442076717.9214814,0.07905334512044754,0.07362202353448373,0.9539008322305682,0.880229965321243,-92.0216179536205,3,136
2020-09-25,0.074331914161622,7837711393.6502733551734222957308,0.94003464,105442076691.4264314,0.07907359048132735,0.07373375305071693,1.0081124462835038,0.880229965321243,-91.55539835155528,3,137
2020-09-26,0.0739010812793395,7792283477.7853807958555942126453,0.93453447,105442076663.6856614,0.07907796197109722,0.07384340612762978,1.0007810467411273,0.880229965321243,-91.60434384299006,3,138
2020-09-27,0.0732081149874672,7719215670.76357226801324348800608,0.9260137,105442076634.3329114,0.07905726987350965,0.07395729723693155,0.9898700699261054,0.880229965321243,-91.68306943961518,3,139
2020-09-28,0.073549691607383,7755232216.9087049553453097191962,0.93008874,105442076607.2964214,0.07907814431489946,0.07415853672375539,0.9917899524010249,0.880229965321243,-91.64426405541184,3,140
2020-09-29,0.0740441276176939,7807366573.85863121295374933065846,0.93657509,105442076570.4713314,0.07905839949009737,0.07432717470966876,0.9961918760792337,0.880229965321243,-91.58809282405295,3,141
2020-09-30,0.0746805227896672,7874469399.33040955637833703484608,0.9445678,105442076530.5612114,0.07906316813855734,0.07451770617790719,1.0021849385885724,0.880229965321243,-91.51579408428657,3,142
2020-10-01,0.0729345752772981,7690373065.67445146550757439685834,0.92348564,105442076497.1286114,0.07897748716189902,0.07469302033820462,0.9764577057810168,0.880229965321243,-91.71414537669365,3,143
2020-10-02,0.0709868618965103,7485002118.16232498305519369959842,0.89992955,105442076437.6722814,0.07888046558367852,0.07487242574087791,0.9481042078452893,0.880229965321243,-91.935418618633,3,144
2020-10-03,0.0711827553972303,7505657533.10153440735923626052642,0.90284553,105442076402.0266814,0.07884267356037117,0.0750389911407657,0.9486102400243963,0.880229965321243,-91.91316380927206,3,145
2020-10-04,0.0730666088340578,7704294948.52139909370292770654892,0.92661009,105442076366.4930614,0.07885367278275353,0.07522015159495879,0.9713701353262718,0.880229965321243,-91.69914548326108,3,146
2020-10-05,0.0732186659368178,7720328162.42786921424857622562692,0.92849021,105442076329.1416914,0.07885776839458307,0.07537930881657873,0.9713363930542473,0.880229965321243,-91.68187078133651,3,147
2020-10-06,0.0722492972426567,7618115908.26203705764638181946438,0.92096112,105442076241.5973514,0.07844988857147053,0.07554250413450188,0.9564059077789944,0.880229965321243,-91.79199753597469,3,148
2020-10-07,0.0722535690373527,7618566331.71854710121246344730478,0.9208517,105442076193.9109314,0.0784638493227006,0.07570600002555747,0.9543968643563354,0.880229965321243,-91.79151223158104,3,149
2020-10-08,0.0730351077258468,7700973388.98107840195971535484552,0.93087739,105442076129.8574514,0.0784583539254797,0.07588669681942611,0.9624230700096919,0.880229965321243,-91.70272421943822,3,150
2020-10-09,0.075200303005719,7929276070.6054067949381532103466,0.95836423,105442076077.8368614,0.07846735160985609,0.07606531618806982,0.9886280209469965,0.880229965321243,-91.4567435819713,3,151
2020-10-10,0.0774681550344865,8168403092.3834960572254364033411,0.9870148,105442076021.3944414,0.07848732869505758,0.07625002878896027,1.015975420139154,0.880229965321243,-91.19910045254888,3,152
2020-10-11,0.0773052833426446,8151229559.58841543768428755085244,0.98491251,105442075976.3502514,0.07848949278006896,0.07643403408578145,1.011398708275496,0.880229965321243,-91.2176037639855,3,153
2020-10-12,0.0776068273290567,8183024979.71400446910432436017738,0.98884432,105442075927.3869414,0.07848235132609822,0.07660784158929869,1.01304025435299,0.880229965321243,-91.18334635418441,3,154
2020-10-13,0.0764021588116734,8056002224.59611927097760687348676,0.97346749,105442075850.9411614,0.07848455094445259,0.07678263342878201,0.9950447829135541,0.880229965321243,-91.32020473947507,3,155
2020-10-14,0.0740252613960655,7805377224.3215805755548607967017,0.94334782,105442075814.6278214,0.07847080347953261,0.07695297180215926,0.9619545504542605,0.880229965321243,-91.59023615277063,3,156
2020-10-15,0.0739629682063715,7798808897.5185034988614745892701,0.94271676,105442075766.3249014,0.0784572539119507,0.07713297027835885,0.9589021133174648,0.880229965321243,-91.59731307495554,3,157
2020-10-16,0.078770367252442,8305711027.4493189912240565920188,1.00388909,105442075708.8933014,0.0784652089928002,0.0773257934342704,1.0186816552926747,0.880229965321243,-91.05116045172417,3,158
2020-10-17,0.0815804080493037,8602007553.84336855086613047757318,1.03926919,105442075610.1720414,0.07849786064504011,0.07752907640999154,1.0522556417141844,0.880229965321243,-90.73192105888708,3,159
2020-10-18,0.0794123843780397,8373406635.71044404880061780417058,1.01172601,105442075581.6769514,0.07849198655873214,0.07772165643317566,1.0217536272701253,0.880229965321243,-90.97822302049694,3,160
2020-10-19,0.0853107991995529,8995347726.70339924045850445067606,1.08336488,105442075459.4283814,0.07874613694284875,0.0779420632349457,1.0945411971247816,0.880229965321243,-90.30812372214363,3,161
2020-10-20,0.0810336344485581,8544354594.47181880442758060733034,1.02895498,105442075412.4752914,0.07875333325910731,0.07814008825711677,1.0370302396117117,0.880229965321243,-90.79403818989681,3,162
2020-10-21,0.0837212647481449,8827743906.49277272904569096715786,1.06280659,105442075356.2299514,0.07877375388512119,0.07834916911274616,1.0685660830387134,0.880229965321243,-90.48870544669647,3,163
2020-10-22,0.0853552502998307,9000034731.90810923780200041745898,1.08356585,105442075329.7932814,0.07877255480119709,0.07855900397841198,1.0865113605982877,0.880229965321243,-90.30307378042055,3,164
2020-10-23,0.0838527269101153,8841605543.18917613523540320671242,1.06481355,105442075278.8016714,0.07874874142061332,0.07872977449670199,1.0650700760438214,0.880229965321243,-90.4737704675263,3,165
2020-10-24,0.08544624306239,9009629189.085343831214711721646,1.08492674,105442075229.7653714,0.07875761552562527,0.07891487456785666,1.0827647326350016,0.880229965321243,-90.29273639517531,3,166
2020-10-25,0.0830305753368402,8754916167.84159841382782747098228,1.0541525,105442075191.2710314,0.07876524064292424,0.07907326727830202,1.0500460926271107,0.880229965321243,-90.56717237448989,3,167
2020-10-26,0.0813560211066534,8578347692.16169867490085321092676,1.0385042,105442075158.9601814,0.07833961683222215,0.07921943702255291,1.02697045276265,0.880229965321243,-90.7574129134581,3,168
2020-10-27,0.0818660910072279,8632130516.53268398316891561289606,1.04523628,105442075104.9486314,0.0783230476914061,0.07939069451407867,1.0311799324631208,0.880229965321243,-90.69946556780188,3,169
2020-10-28,0.078455255920886,8272484984.1362944824870889689204,1.00201293,105442075066.0508814,0.07829764823582265,0.07953426378232574,0.9864334211429574,0.880229965321243,-91.08695920250187,3,170
2020-10-29,0.0774942630902227,8171155902.07623530015425930041278,0.9898527,105442075016.0946314,0.07828868183137017,0.07967455946773189,0.9726349741740059,0.880229965321243,-91.19613440313398,3,171
2020-10-30,0.076962874945094,8115125230.5339448433808904475516,0.98385257,105442074978.6614314,0.07822602419496041,0.07981763009475511,0.964234027666919,0.880229965321243,-91.25650364368065,3,172
2020-10-31,0.0777036397764259,8193233008.82336322142266155481926,0.9924744,105442074945.2339714,0.07829284037595922,0.07996522802893166,0.9717178540191556,0.880229965321243,-91.1723478138957,3,173
2020-11-01,0.078621786143327,8290044264.1236145701265637703178,1.00425029,105442074910.5205814,0.07828903504058435,0.08012775802608604,0.9812053660322212,0.880229965321243,-91.0680402575668,3,174
2020-11-02,0.0756445477488763,7976118068.25647508092503955696982,0.96654034,105442074883.3806114,0.07826320808180268,0.08025928064194775,0.9425021897011678,0.880229965321243,-91.40627441361082,3,175
2020-11-03,0.07535238812523955,7945312148.63715830558251119079687,0.96159507,105442074847.4705314,0.07836187026753325,0.08039092795114558,0.9373245221280689,0.880229965321243,-91.43946569715568,3,176
2020-11-04,0.07462528035030938,7868644389.975223045075890119024932,0.95265845,105442074763.9121114,0.078333720075972,0.08051065095882239,0.9268994780389602,0.880229965321243,-91.52206999416629,3,177
2020-11-05,0.08046138488523544,8484015356.138318653143185044782416,1.02654982,105442074707.5051214,0.07838039938990533,0.08066738110518255,0.9974463504687413,0.880229965321243,-90.85904956031908,3,178
2020-11-06,0.08418215025620483,8876340569.485577793701428328243562,1.07362165,105442074625.9249614,0.07840951256544132,0.08083902186004835,1.0413553791131247,0.880229965321243,-90.43634577635832,3,179
2020-11-07,0.07986193775454542,8420808394.245639185851147569117588,1.01872047,105442074547.7887014,0.07839435851774472,0.08098236422215058,0.9861645621442762,0.880229965321243,-90.92715075595052,3,180
2020-11-08,0.0817113473406726,8615813972.72759436614977642354164,1.04233453,105442074486.9910014,0.07839263210504271,0.08111644091525683,1.007333980863846,0.880229965321243,-90.71704548130762,3,181
2020-11-09,0.07975468457090482,8409499388.950968871861640374743948,1.01734296,105442074458.6434614,0.07839508180299869,0.08120540450060104,0.9821351800582991,0.880229965321243,-90.93933543357637,3,182
2020-11-10,0.07984305109102605,8418816934.35004710503297460970947,1.01793269,105442074411.1102614,0.07843647411601061,0.08129868186142876,0.9820952721855467,0.880229965321243,-90.92929640700346,3,183
2020-11-11,0.08058220533745256,8496754888.394291541826261698391984,1.02765844,105442074373.7726414,0.07841341266797999,0.08139339630127018,0.9900337005128146,0.880229965321243,-90.84532355041517,3,184
2020-11-12,0.08066809536455369,8505811307.294516086953212812305366,1.02904441,105442074327.5915814,0.07839126725789579,0.08148589085457086,0.9899639620866795,0.880229965321243,-90.83556586998108,3,185
2020-11-13,0.08249998209992507,8698969240.929669849479605843360398,1.05231174,105442074283.0387914,0.07839880423639965,0.08156095248467572,1.011513225221662,0.880229965321243,-90.62745130815713,3,186
2020-11-14,0.08123194851791425,8565265145.02684944188183502828995,1.03605178,105442074224.5021214,0.078405297964851,0.08162396920694703,0.9951972356546536,0.880229965321243,-90.77150838778041,3,187
2020-11-15,0.08026473885552123,8463280549.844488753487293213238322,1.02355002,105442074197.4708214,0.07841799353931059,0.08166426471150233,0.9828624446577062,0.880229965321243,-90.88138986199722,3,188
2020-11-16,0.08243607255465003,8692230475.780879094008901191224942,1.05081635,105442074160.1738314,0.07844955263081892,0.08173538824684856,1.0085725941092412,0.880229965321243,-90.63471185912596,3,189
2020-11-17,0.08645408602706063,9115898145.890808915494290311719182,1.10179902,105442074108.9956114,0.07846629417682785,0.08180538293595564,1.0568263716184105,0.880229965321243,-90.17823870657381,3,190
2020-11-18,0.08376949381879611,8832829170.298099362220371134034954,1.06884487,105442074049.1116414,0.07837385589809316,0.08184736231200879,1.0234843427141855,0.880229965321243,-90.48322630231928,3,191
2020-11-19,0.08397919237226106,8854940212.381269493117056968593884,1.07224361,105442073950.0481414,0.07832100055346664,0.08190277027460946,1.0253522816223386,0.880229965321243,-90.45940314681147,3,192
2020-11-20,0.08768238158507992,9245412157.559760953398140827555088,1.11903874,105442073885.6044614,0.0783550903564607,0.0819747195666701,1.0696271002643416,0.880229965321243,-90.03869613174554,3,193
2020-11-21,0.10908235785306414,11501870003.261997997595716672318596,1.38851423,105442073582.1939214,0.07856048969196673,0.08215944190268967,1.3276910763617673,0.880229965321243,-87.6075159730271,3,194
2020-11-22,0.10445608813607807,11014066518.278792014327497497529598,1.32921821,105442073457.0342914,0.07858460510865109,0.08232733120691245,1.2687899219464511,0.880229965321243,-88.13309109535297,3,195
2020-11-23,0.13041753598650865,13751495382.96740249855798190660511,1.64621563,105442073253.0168214,0.07922263257001677,0.08261843698161854,1.5785524484749662,0.880229965321243,-85.1836973149497,3,196
2020-11-24,0.19345178026305648,20397956747.995577750719520294458272,2.34877673,105442073059.5415414,0.08236277965128533,0.08322077255119448,2.3245612163003146,0.880229965321243,-78.02258638258746,3,197
2020-11-25,0.1951884211088533,20581071713.54221049378488903238762,2.35875722,105442072826.9762114,0.08275053466878345,0.08383785852129311,2.3281656348519375,0.880229965321243,-77.82529238962927,3,198
2020-11-26,0.16619283115562397,17523716558.428925967211337212250358,2.00845921,105442072540.5394414,0.08274643086011389,0.08434845544715197,1.9703126782179328,0.880229965321243,-81.11938496720327,3,199
2020-11-27,0.202056209187028,21305225407.5827491293239864155192,2.42760709,105442072249.6190614,0.0832326656234259,0.08504743626057644,2.3758059980544144,0.880229965321243,-77.04506581830726,3,200
2020-11-28,0.19930120946298246,21014732507.705900584628014818707844,2.39293445,105442072149.6379414,0.08328736688252472,0.08569271941665242,2.3257659556110766,0.880229965321243,-77.35805217784801,3,201
2020-11-29,0.19436927545047702,20494699151.922661970519438542452228,2.33405735,105442072078.6422214,0.08327527832616322,0.0863148438471884,2.2518638369384982,0.880229965321243,-77.9183528045945,3,202
2020-11-30,0.20257144571905072,21359552957.035407888729096408659808,2.42676194,105442071962.3992914,0.08347396684449844,0.08698074167191427,2.328922952659304,0.880229965321243,-76.98653150882888,3,203
2020-12-01,0.1843091729634286,19433941058.92206636712111224559804,2.21414088,105442071853.7879314,0.08324184546171633,0.0875651363611425,2.104823684660152,0.880229965321243,-79.06124760293018,3,204
2020-12-02,0.1857316853253585,19583933686.4727201505409625149319,2.23120722,105442071729.2595814,0.0832426874834864,0.08815299122241341,2.106924368076748,0.880229965321243,-78.89964070269126,3,205
2020-12-03,0.18464094253500185,19468923485.46208603053450549492709,2.21694084,105442071612.9707714,0.08328636434655688,0.08872973190687165,2.080936553812605,0.880229965321243,-79.02355636488511,3,206
2020-12-04,0.16321591634635538,17209824304.278569051160388180147732,1.90221473,105442071395.5257914,0.0858030977114531,0.08919481428367354,1.82988122860222,0.880229965321243,-81.45758236181051,3,207
2020-12-05,0.1708970948955562,18019743667.65477955963561771291068,1.99072689,105442071315.8848614,0.08584657983675312,0.08970056222381674,1.905195359524521,0.880229965321243,-80.58494920322478,3,208
2020-12-06,0.17565463180083998,18521388200.312026039880120804587372,2.04594238,105442071241.8894314,0.08585512158990517,0.09022419706575796,1.946868329266681,0.880229965321243,-80.0444612520395,3,209
2020-12-07,0.1682540491166183,17741055417.8658977562136080832656,1.96229858,105442071147.835632,0.0857433475371614,0.09073270255694586,1.8543925660212568,0.880229965321243,-80.88521684725724,3,210
2020-12-08,0.15253791605501965,16083913785.1448714646232471631248,1.78104997,105442071067.389472,0.085644939010341,0.09115517974789344,1.6733872554131488,0.880229965321243,-82.670674475465,3,211
2020-12-09,0.1723488510863969,18172819774.5098590705900430357388,2.01649486,105442070892.599052,0.08546952164628721,0.09168073538843319,1.879880766184835,0.880229965321243,-80.4200200088056,3,212
2020-12-10,0.16186289496971623,17067158832.68503782067592844770786,1.89624246,105442070808.619982,0.08535980940418149,0.09216588703588206,1.756212631108294,0.880229965321243,-81.61129462223616,3,213
2020-12-11,0.152766995226384,16108068317.646947722497370459968,1.79346781,105442070741.632052,0.08517966945076309,0.0925999062484358,1.6497532385888842,0.880229965321243,-82.64464955238928,3,214
2020-12-12,0.159172256892549,16783452361.085330563365131286618,1.86779037,105442070677.022482,0.08521955110655646,0.09307132795609727,1.7102179628041005,0.880229965321243,-81.91696906904794,3,215
2020-12-13,0.175178836859891,18471219280.373894186699658366062,2.05227576,105442070580.405082,0.08535833257607203,0.09361715676005518,1.8712257765836868,0.880229965321243,-80.09851473348117,3,216
2020-12-14,0.1702189704003,17948240682.7794657365211907086,1.99431667,105442070531.686362,0.08535202706814862,0.09412227367751524,1.8084876591858556,0.880229965321243,-80.6619886726785,3,217
2020-12-15,0.166142371374106,17518395633.190957025292304047232,1.94775343,105442070486.308672,0.08529948853644478,0.09461411159951803,1.7559999091610383,0.880229965321243,-81.12511753522594,3,218
2020-12-16,0.187758874759051,19797684458.684741155249422055102,2.19357309,105442070230.187002,0.0855949936726526,0.09519001994690798,1.9724638661045883,0.880229965321243,-78.66933845060277,3,219
2020-12-17,0.186315320422256,19645473052.047001338752784864672,2.17305034,105442069967.855862,0.0857390723963882,0.09577037711911904,1.9454378903668437,0.880229965321243,-78.83333585965123,3,220
2020-12-18,0.184688437102831,19473931091.204406194698805966832,2.14609434,105442069880.973072,0.0860579302878321,0.09631355429253244,1.9175747220570658,0.880229965321243,-79.01816066493166,3,221
2020-12-19,0.181426932909928,19130031323.758517999344884180256,2.1073376,105442069801.488052,0.08609296057258599,0.09682367131282708,1.8737869619068326,0.880229965321243,-79.38868931328467,3,222
2020-12-20,0.176157112118721,18574370504.358580783251762411042,2.04822587,105442069757.821602,0.08600472960470956,0.09729082168044152,1.8106241583334686,0.880229965321243,-79.98737613364119,3,223
2020-12-21,0.167169283215873,17626675212.560262524040266208276,1.8358789,105442069700.078612,0.0910568138322593,0.09771494133092354,1.7107852794971639,0.880229965321243,-81.00845349489279,3,224
2020-12-22,0.160765406797384,16951437209.045981513162289374048,1.76671688,105442069576.636172,0.09099670049984694,0.09812200201341513,1.6384236307714586,0.880229965321243,-81.73597660485098,3,225
2020-12-23,0.129778280415574,13684090397.505480885683438600248,1.43709851,105442068994.029652,0.09030576506239228,0.09837046538719452,1.3192809437746953,0.880229965321243,-85.25632101513257,3,226
2020-12-24,0.160094277994466,16880671768.349828098189540639212,1.7639398,105442068135.210582,0.09075949076859993,0.09877758697551639,1.6207551013991455,0.880229965321243,-81.81222131695563,3,227
2020-12-25,0.151674345615831,15992856626.544213018282281660472,1.67318622,105442067751.205512,0.09065000882916129,0.0991366447313943,1.5299523806437563,0.880229965321243,-82.76878184208634,3,228
2020-12-26,0.14646724030069,15443808646.65327089212298663286,1.61686465,105442067556.867294,0.09058719930619424,0.09947679783483966,1.472375905624426,0.880229965321243,-83.36034376570714,3,229
2020-12-27,0.145935044335816,15387692680.963197441274361201664,1.61167938,105442066715.339904,0.09054843422754222,0.0998121167233933,1.4620974800107882,0.880229965321243,-83.42080477996947,3,230
2020-12-28,0.14318944784133,15098191217.17380110489796600162,1.58306124,105442066051.573114,0.09045098460077892,0.10017246582696275,1.4294292015200514,0.880229965321243,-83.73272286986135,3,231
2020-12-29,0.137715658061966,14521023491.853275273624730463244,1.52615156,105442065892.895434,0.09023720950884197,0.1004974960114569,1.3703391977673371,0.880229965321243,-84.35458192885922,3,232
2020-12-30,0.131013113539221,13814293336.031902458704316731334,1.45404183,105442065781.425454,0.09010271289046821,0.10078241362366795,1.2999600706968344,0.880229965321243,-85.11603572920772,3,233
2020-12-31,0.12817079829215,13514593732.7295939032675573636,1.42338316,105442065687.417304,0.09004658892560595,0.1010686403929117,1.268155956129188,0.880229965321243,-85.43894171503538,3,234
2021-01-01,0.13239159548302,13959643297.98935278241322710228,1.46972844,105442065616.467014,0.09007895055975103,0.10137550097024989,1.3059525646326744,0.880229965321243,-84.95943097839174,3,235
2021-01-02,0.127801587949406,13475663413.087465131100512615984,1.41988153,105442065543.209064,0.0900086276560031,0.10165920256134134,1.257157096744786,0.880229965321243,-85.4808864746198,3,236
2021-01-03,0.13627556061679,14369176581.40837957490791950516,1.51241388,105442065447.192204,0.09010467466537005,0.10198208969730302,1.336269545184598,0.880229965321243,-84.5181866119434,3,237
2021-01-04,0.163933414980166,17285477819.510052656947085562504,1.81444151,105442065131.147244,0.09034924194396654,0.1024489433750037,1.6001474449580686,0.880229965321243,-81.37606972737653,3,238
2021-01-05,0.194206708552934,20477556268.794127688169374686296,2.13478903,105442064393.015844,0.09097231896162312,0.10307306802553011,1.8841654010418227,0.880229965321243,-77.93682148936414,3,239
2021-01-06,0.339770451156826,35826096904.284651899020021260464,3.61743093,105442061787.028664,0.09392589871973754,0.10442269102025353,3.2537990338797638,0.880229965321243,-61.39980862468985,3,240
2021-01-07,0.311837194813647,32880756129.125022689051293416498,3.30924265,105442059754.207534,0.0942321938264778,0.10563958082963137,2.951897313153464,0.880229965321243,-64.57321301259712,3,241
2021-01-08,0.298743857816891,31500167349.090321024971832294294,3.15169079,105442058555.720034,0.09478844141842069,0.10677354154652871,2.797920285211364,0.880229965321243,-66.06070349946978,3,242
2021-01-09,0.313389639349355,33044448425.19063893579114108578,3.29779723,105442057669.155836,0.0950299904731726,0.10798594303894815,2.902133653047066,0.880229965321243,-64.39684495006001,3,243
2021-01-10,0.286704833231926,30230747391.324180870396586685744,3.02698598,105442057081.993544,0.09471627391942065,0.10907451289904996,2.628522700782313,0.880229965321243,-67.42841705834314,3,244
2021-01-11,0.263483859859386,27782279818.551647095787712887508,2.7712407,105442055666.628978,0.09507794103175014,0.11005429095768501,2.3941261859630116,0.880229965321243,-70.06647464413159,3,245
2021-01-12,0.277550467498963,29265491645.426826050936853864694,2.91598841,105442054950.010738,0.09518229446562272,0.1111079475119944,2.4980253322472787,0.880229965321243,-68.46841411520569,3,246
2021-01-13,0.302839045994306,31931971287.486184399044872178648,3.16171245,105442054813.785708,0.09578323480818314,0.11230966492225948,2.6964646916534796,0.880229965321243,-65.5954627852525,3,247
2021-01-14,0.301037176685525,31741978391.3702281835354185442,2.87804165,105442054502.554408,0.10459792223143295,0.11349562375616683,2.6524121963704177,0.880229965321243,-65.80016716703567,3,248
2021-01-15,0.283820337972206,29926599507.954433951144300032028,2.71806848,105442054370.624738,0.10441986287711412,0.11458947367097488,2.4768447648791034,0.880229965321243,-67.75611497517869,3,249
2021-01-16,0.292135537819964,30803371235.062066857934006271072,2.7953077,105442054277.030248,0.10450925950655236,0.11571568416264144,2.5245975939558876,0.880229965321243,-66.81145276469336,3,250
2021-01-17,0.305483127166289,32210768442.804477253035131042592,2.91921872,105442054170.378528,0.10464550842777859,0.1169008096271474,2.613182305072316,0.880229965321243,-65.2950775136584,3,251
2021-01-18,0.303637270023813,32016137412.629889376519038471864,2.90107334,105442053968.272728,0.10466376903929392,0.11808086855453587,2.571434930490688,0.880229965321243,-65.5047792069883,3,252
2021-01-19,0.300925824500147,31730236887.145236756338397863026,2.87230937,105442053502.223558,0.10476790127246878,0.11924981044138637,2.5234910092209994,0.880229965321243,-65.81281751862161,3,253
2021-01-20,0.293186862604606,30914224757.798841135551372356868,2.77384578,105442053177.839678,0.10569688650989315,0.1203772704965932,2.4355666264496625,0.880229965321243,-66.69201525108197,3,254
2021-01-21,0.254319691650956,26815990375.879706511834121428288,2.42056576,105442052881.550448,0.10506621875497239,0.12131311011678383,2.096390830357341,0.880229965321243,-71.10758532764319,3,255
2021-01-22,0.270554824034247,28527856025.176613453982615273006,2.57149611,105442052741.094498,0.10521300148272322,0.12230643453465385,2.212106215536755,0.880229965321243,-69.26316591193222,3,256
2021-01-23,0.269395840653568,28405650418.836466981913176920064,2.56045319,105442052668.381648,0.10521412447831861,0.12328605809136667,2.185128187438032,0.880229965321243,-69.394834160724,3,257
2021-01-24,0.271556813090024,28633507754.417856067535964736992,2.58041433,105442052543.625708,0.10523767828014814,0.12421949411170598,2.1861046451036343,0.880229965321243,-69.14933326645857,3,258
2021-01-25,0.262182977068033,27645111170.772202722715924727274,2.4934762,105442052264.127978,0.10514757552850636,0.12507826847484577,2.0961513160118623,0.880229965321243,-70.21426361321971,3,259
2021-01-26,0.261626901530482,27586477351.335991378158968500196,2.51370271,105442051983.029378,0.10408028781195133,0.1259416502282983,2.0773659949367254,0.880229965321243,-70.27743750634524,3,260
2021-01-27,0.238404980143618,25137910164.146908188018208404976,2.24840739,105442051374.109432,0.10603282181153921,0.1266610122711512,1.8822286026993804,0.880229965321243,-72.91560279288932,3,261
2021-01-28,0.294205599989449,31021641947.507860187646014371718,2.53082038,105442051234.308182,0.11624910337945397,0.1276581430781208,2.3046363741121394,0.880229965321243,-66.57627988362364,3,262
2021-01-29,0.295384435545355,31145940545.78914526038005030211,2.53455089,105442050419.094682,0.11654310699019148,0.12868490816129693,2.2954085274328566,0.880229965321243,-66.44235629520368,3,263
2021-01-30,0.324938516031623,34262183170.146919152289045300756,2.77681827,105442049740.919372,0.11701828655557751,0.12984964381358607,2.5024213119760974,0.880229965321243,-63.08481546489551,3,264
2021-01-31,0.306441340678725,32311802891.2684415620253914227,2.62209979,105442049103.760892,0.1168686797685625,0.1309121537450361,2.34081658510904,0.880229965321243,-65.18621806213012,3,265
2021-02-01,0.321875328839494,33939193976.162593505115133526488,2.74573154,105442048318.921252,0.11722753086031637,0.13201291440760413,2.43821091507509,0.880229965321243,-63.432813978103496,3,266
2021-02-02,0.341446221350885,36002788899.26076787334644473567,2.90376933,105442048111.766142,0.11758724008249133,0.13319799684726938,2.563448621096022,0.880229965321243,-61.20942994410864,3,267
2021-02-03,0.345260341549297,36404957484.238686656672872984334,2.93145358,105442047936.573422,0.11777786416433617,0.13441881857139526,2.5685417058320246,0.880229965321243,-60.77612042856402,3,268
2021-02-04,0.329139882211709,34705183185.406075739091386707258,2.797554736077,105442047776.765762,0.11765270504528556,0.13556490928222378,2.4279135652021426,0.880229965321243,-62.60751222078787,3,269
2021-02-05,0.351475258753869,37060270802.716834491403869607488,2.90615920669,105442047141.842752,0.12094150174043126,0.13684919749727326,2.56833993316528,0.880229965321243,-60.0700643466964,3,270
2021-02-06,0.377423229710582,39796277854.053414806036608889084,3.112714766758,105442046809.281562,0.12125210884763506,0.13825457996088286,2.7299148412831493,0.880229965321243,-57.122201631383895,3,271
2021-02-07,0.387906431876764,40901648043.523516690532468569128,3.188710267303,105442046541.052902,0.12164994601558889,0.13970716300786518,2.7765679548938076,0.880229965321243,-55.93123988511386,3,272
2021-02-08,0.396286162156095,41785223857.44562125062211193749,3.252701324587,105442046298.317742,0.12183293902842798,0.14119696938473061,2.8066194613306648,0.880229965321243,-54.97924658683154,3,273
2021-02-09,0.401187641576378,42302045812.535979356888049323516,3.28265597681,105442046136.614422,0.1222143424137432,0.1427248215741337,2.8109171001345015,0.880229965321243,-54.42240580505992,3,274
2021-02-10,0.415884140496175,43851674650.70528291000223891435,3.395293849672,105442045946.709042,0.1224884086354856,0.14430029776883152,2.882074028443238,0.880229965321243,-52.75278542188726,3,275
2021-02-11,0.455194388297057,47996627509.538524726737020825044,3.702006987312,105442045735.889492,0.12295881392367936,0.14608061376853512,3.1160492590639914,0.880229965321243,-48.28687885773893,3,276
2021-02-12,0.530134807402052,55898498339.508223796695174177504,4.217517442279,105442045228.912952,0.12569830822456196,0.14825714379269392,3.575779175560894,0.880229965321243,-39.773146985676924,3,277
2021-02-13,0.565889606338694,59668556987.904290876018381413128,4.479092926584,105442044383.815212,0.12634022459772276,0.1505987484699666,3.7575983339034686,0.880229965321243,-35.711163146761244,3,278
2021-02-14,0.522685335604786,55113010121.499143951698859913592,4.150482997591,105442043935.916572,0.1259336168605341,0.1527364959207972,3.4221377965606137,0.880229965321243,-40.61945671049381,3,279
2021-02-15,0.496580898308077,52360504795.597548746888227903774,3.796141015271,105442043731.439062,0.13081202629471525,0.15473656636732958,3.209202000316087,0.880229965321243,-43.58509504651457,3,280
2021-02-16,0.48647768003954,51295200696.00880298637565264208,3.717133462312,105442043490.750952,0.13087441841191205,0.1566851427891381,3.1048105224260243,0.880229965321243,-44.732888085445,3,281
2021-02-17,0.499003775118783,52615977622.131283740442014917976,3.802499077935,105442043218.223272,0.13123047892749892,0.15864187865062443,3.1454731837722023,0.880229965321243,-43.309840067002284,3,282
2021-02-18,0.49680109454533,52383722347.82076372001091658606,3.659172663932,105442042948.319382,0.13576869423032023,0.16061205008373455,3.093174480285411,0.880229965321243,-43.560079284051554,3,283
2021-02-19,0.513581756425941,54153109464.561506799472021154562,3.755809714122,105442042648.511482,0.1367432845425721,0.16265591810842206,3.1574735330785884,0.880229965321243,-41.65368407578496,3,284
2021-02-20,0.487688410353847,51422861871.791473620475874644334,3.571851189644,105442042049.925122,0.1365365981001168,0.16454337969475308,2.963889591052312,0.880229965321243,-44.59534103955852,3,285
2021-02-21,0.496837691858293,52387580562.648315667346872113146,3.637422235923,105442041578.419922,0.13659060170456672,0.16648961125644834,2.984196359813711,0.880229965321243,-43.555921584995076,3,286
2021-02-22,0.462341329058013,48750213523.209538039795238104866,3.390435170242,105442041321.580682,0.1363663676910868,0.1682707122730253,2.74760427891841,0.880229965321243,-47.47493867818054,3,287
2021-02-23,0.383900794152435,40479283334.25878711239794117852,2.850216629182,105442041149.270792,0.13469179508036655,0.16967514590566368,2.2625635127838755,0.880229965321243,-56.38630707007014,3,288
2021-02-24,0.404967372851087,42700586344.430710478949493229294,2.999442601601,105442041031.123762,0.13501420985183357,0.17118634986411418,2.36565224489304,0.880229965321243,-53.99300310080982,3,289
2021-02-25,0.385265452081415,40623175555.02062034529838085771,2.858983998191,105442040898.170274,0.1347560715013406,0.1725885490187057,2.2322770211113987,0.880229965321243,-56.231272819619235,3,290
2021-02-26,0.395165148491805,41667019696.46232662346308281917,2.928819084434,105442040765.713994,0.13492303112610024,0.17403554122119178,2.270600279224385,0.880229965321243,-55.10660122237623,3,291
2021-02-27,0.436725751464692,46049254376.374972581953715456328,3.226517511411,105442040506.965434,0.13535514681701072,0.17571781094185507,2.485381243505272,0.880229965321243,-50.385039288533264,3,292
2021-02-28,0.408510091219068,43074137511.256050361733323841586,3.022209035208,105442040324.4263395,0.13516936997409007,0.17725253988390974,2.3046783503729693,0.880229965321243,-53.59052664493411,3,293
2021-03-01,0.430067080809665,45347150395.6881305567913126658175,3.17471369608,105442040135.4956095,0.13546641429137166,0.1788954655538581,2.404013312904174,0.880229965321243,-51.14150872463078,3,294
2021-03-02,0.417581364281538,44030630930.424385131193985373051,3.13908168297,105442040034.9533895,0.13302660027834923,0.18045840883491313,2.314003359430868,0.880229965321243,-52.55996947012134,3,295
2021-03-03,0.422731487279427,44573670366.5273243518786553440965,3.174937303786,105442039942.1630295,0.13314640474170458,0.1820359727494824,2.3222414827930153,0.880229965321243,-51.97488111812353,3,296
2021-03-04,0.411305868617745,43368929784.6556681549594941814575,3.090927989609,105442039838.6326335,0.13306873210908254,0.18352183813695788,2.2411821546316326,0.880229965321243,-53.272907669345535,3,297
2021-03-05,0.405826143219526,42791136327.676947965916057213681,3.050025069134,105442039756.7380935,0.13305665823092827,0.18497821432183262,2.19391318435723,0.880229965321243,-53.895441054268325,3,298
2021-03-06,0.402807570869365,42472851851.3665739291580307189075,3.027788889973,105442039631.2287655,0.13303687459958843,0.18645083334617762,2.1603956584172748,0.880229965321243,-54.23837102360416,3,299
2021-03-07,0.411721242874026,43412727574.284522270992600703123,3.092850528467,105442039548.9952355,0.13312031702938437,0.18799741208533205,2.190036757990826,0.880229965321243,-53.22571838101797,3,300
2021-03-08,0.418091609117557,44084431921.4335612374356098106635,3.137349975977,105442039400.1213055,0.13326266190221872,0.18955383044965593,2.20566162195598,0.880229965321243,-52.50200225063083,3,301
2021-03-09,0.43138976604391,45486616592.555871826864606475905,3.229375282513,105442039132.4858455,0.1335830395370512,0.19121268656473173,2.2560729300661255,0.880229965321243,-50.9912428524888,3,302
2021-03-10,0.410957668252913,43332214450.6316189397401973021915,3.080164911406,105442038920.5730955,0.1334206706696505,0.19275611305297985,2.132008483383142,0.880229965321243,-53.31246555518789,3,303
2021-03-11,0.405592122526656,42766460334.696615672932741766048,3.040507603769,105442038835.1747455,0.13339618753917465,0.194270434064464,2.0877707124084046,0.880229965321243,-53.92202736717402,3,304
2021-03-12,0.386228610671072,40724732143.430953180478337950736,2.898413880094,105442038777.6859755,0.13325516183994607,0.1956852293803636,1.9737238824517476,0.880229965321243,-56.121851574308025,3,305
2021-03-13,0.407082852216928,42923645847.551600159678475095824,3.058254322418,105442038675.4052455,0.13310954855287152,0.1972319830005655,2.0639799185903884,0.880229965321243,-53.7526705230534,3,306
2021-03-14,0.394801392108513,41628663630.1046299438269185310615,2.968221163097,105442038610.2964855,0.13300942565094537,0.1987148221151423,1.9867737489644899,0.880229965321243,-55.14792637575921,3,307
2021-03-15,0.386104734056102,40711670210.005700245502106672961,2.90764603304,105442038439.4722055,0.13278945568640008,0.200176853095801,1.9288180830344022,0.880229965321243,-56.13592478470194,3,308
2021-03-16,0.395321446598935,41683499120.1376542406502408442925,2.975924029257,105442038317.8116955,0.13283989870454962,0.20167568252439882,1.9601840026058115,0.880229965321243,-55.08884471404458,3,309
2021-03-17,0.403429552223988,42538434241.641975343079309514414,3.029298737151,105442038162.8964655,0.13317588895290206,0.20320954265772934,1.9852884217327038,0.880229965321243,-54.16770978970763,3,310
2021-03-18,0.395741389637565,41727778663.3364852079610350322575,2.972447823009,105442038048.0100155,0.13313653029473776,0.20469784035312358,1.9332953828671218,0.880229965321243,-55.04113638154345,3,311
2021-03-19,0.395705250628915,41723968042.3616474049760490828825,2.811501219905,105442037921.0221955,0.14074518190758095,0.20619027890844177,1.9191266083141914,0.880229965321243,-55.04524201417058,3,312
2021-03-20,0.417533632011232,44025597002.794011148494081887888,2.957690998861,105442037784.4189715,0.14116878070495642,0.20778119287357014,2.0094871255517877,0.880229965321243,-52.56539217466294,3,313
2021-03-21,0.404768763811881,42679643230.1266572154026309007815,2.877105515201,105442037641.9221615,0.14068610333312823,0.20934170384490522,1.9335314291306314,0.880229965321243,-54.015566413470225,3,314
2021-03-22,0.394954962009773,41644855910.3662132260205544652595,2.810471055164,105442037488.1522015,0.1405298095079389,0.21092043698247753,1.8725305506672374,0.880229965321243,-55.130479809826426,3,315
2021-03-23,0.395916188097401,41746209496.0132868246149433518015,2.817620177348,105442037358.0257015,0.14051439270641694,0.21249493881531503,1.8631793787874742,0.880229965321243,-55.02127810964604,3,316
2021-03-24,0.36375321713318,38354880248.27852823548525140517,2.597426486336,105442037188.1845315,0.1400437005808392,0.2139384230532439,1.7002706290054823,0.880229965321243,-58.67520631379244,3,317
2021-03-25,0.361108891934541,38076057170.6016020538570618458115,2.580354316664,105442037072.5840015,0.13994546779970862,0.21535679607062988,1.676793574771187,0.880229965321243,-58.97561930844367,3,318
2021-03-26,0.383932765566352,40482652873.630911484904731409528,2.740160016229,105442037003.3112515,0.1401132646606234,0.2168848063214222,1.770215129765086,0.880229965321243,-56.3826749040253,3,319
2021-03-27,0.382209837127281,40300983761.6190582483565369593915,2.727816473589,105442036930.6148715,0.1401156715739039,0.2184092816933915,1.7499706704948415,0.880229965321243,-56.57841107604281,3,320
2021-03-28,0.39530903551118,41682189864.60632003905067778757,2.858181931283,105442036787.0075615,0.13830786318550792,0.21999487569158066,1.7969011063029443,0.880229965321243,-55.09025469646326,3,321
2021-03-29,0.403712471682004,42568265259.761939609903727008142,2.912982585049,105442036710.9492855,0.13859076046457486,0.2216088250531693,1.8217346334702313,0.880229965321243,-54.13556825065962,3,322
2021-03-30,0.400597950885097,42239863819.7206848324588956591335,2.891827684771,105442036651.4463055,0.1385276007262583,0.22319371212220304,1.794844250207916,0.880229965321243,-54.48939860404578,3,323
2021-03-31,0.404720109668439,42674512584.5696817298374717033945,2.907902971495,105442036521.3138255,0.1391793720890095,0.2247986724015022,1.8003669921394718,0.880229965321243,-54.021093848954,3,324
2021-04-01,0.426754950792462,44997911046.133142554561245134661,3.036856698734,105442036378.4282655,0.14052521838464319,0.2265329827837967,1.8838534925386885,0.880229965321243,-51.51778880457491,3,325
2021-04-02,0.44118185972232,46519113646.67850525158043515196,3.125487305301,105442036252.2558155,0.1411561835410597,0.22833831985981842,1.932141131603187,0.880229965321243,-49.8787956438964,3,326
2021-04-03,0.411814124736338,43422519799.362073878111734539959,2.92378565215,105442036081.6014555,0.14084962912158466,0.23000842888204762,1.7904305800354976,0.880229965321243,-53.21516638143022,3,327
2021-04-04,0.427131598789261,45037625419.0774197534955899293855,3.031404412674,105442036006.5614555,0.14090221581900003,0.23174409816561897,1.8431174824741632,0.880229965321243,-51.47499907784009,3,328
2021-04-05,0.527579149049143,55629019544.9282015746401266284565,3.683460525601,105442035844.6471955,0.14322921214502826,0.2339792069816963,2.2548121085409716,0.880229965321243,-40.06348683476128,3,329
2021-04-06,0.535404405067712,56454130449.665834487749296180896,3.72340771978,105442035805.6750455,0.1437941921384174,0.2362670344411712,2.2660986384921333,0.880229965321243,-39.17448551387201,3,330
2021-04-07,0.488055986211283,51461616740.1696478593044327223165,3.399127262095,105442035737.8662255,0.14358273420762632,0.23831462797639635,2.0479480859211967,0.880229965321243,-44.553581968416026,3,331
2021-04-08,0.501993230615438,52931188131.051260769541043582589,3.489843543177,105442035674.7803655,0.1438440504293913,0.24043993219830131,2.0878113964922527,0.880229965321243,-42.970217966593104,3,332
2021-04-09,0.485128393477404,51152925304.560496021058502267882,3.337446565962,105442035535.9865455,0.1453591492445568,0.24251385095163713,2.0004151992710297,0.880229965321243,-44.88617604601149,3,333
2021-04-10,0.565083304148269,59583533779.1236477586177606452495,3.837301615532,105442035433.9293355,0.14726059110418047,0.2449821832130592,2.306630207702983,0.880229965321243,-35.802764458031156,3,334
2021-04-11,0.58856311260324,62059292530.88977775009387028582,3.98294557321,105442035360.3182055,0.14777081478642845,0.24758828608985817,2.377184809097271,0.880229965321243,-33.13530147903544,3,335
2021-04-12,0.589014814235322,62106920810.137014517106116749591,3.84793564404,105442035258.0880655,0.1530729379914752,0.2501822196134345,2.3543432268905033,0.880229965321243,-33.08398515831497,3,336
2021-04-13,0.657646336004561,69343568072.2048872384211677663255,4.268550482182,105442035142.3108455,0.15406783608387473,0.2530987917226492,2.5983780148789615,0.880229965321243,-25.286986138383654,3,337
2021-04-14,0.635527305553232,67011292445.221615617574034893656,4.122105816177,105442035078.0800955,0.1541753981809823,0.25590692284401867,2.4834314698887647,0.880229965321243,-27.799855652347155,3,338
2021-04-15,0.640712003468376,67557977513.405283782858325995748,4.142454530044,105442035029.2996855,0.15466965269539618,0.25874444228642324,2.4762348431782923,0.880229965321243,-27.210839358945716,3,339
2021-04-16,0.610275671003208,64348708643.420038951640449281324,3.948242457779,105442034970.2614655,0.15456894492404238,0.26142807218340236,2.3343922705250835,0.880229965321243,-30.668609903494275,3,340
2021-04-17,0.598256892451738,63081424146.362053581384430905099,3.872939107169,105442034922.2318355,0.15447102985542302,0.2640491360075725,2.2657028971857,0.880229965321243,-32.034023377811046,3,341
2021-04-18,0.54805436920201,57787967896.034042380757874466955,3.554003797438,105442034848.0675955,0.154207592461519,0.26641600523963427,2.0571375533877903,0.880229965321243,-37.737365143892184,3,342
2021-04-19,0.502310329259497,52964623202.5868876277003199916735,3.271088961549,105442034768.9585255,0.15356058339105264,0.2685628840095452,1.8703639228183297,0.880229965321243,-42.934193443848834,3,343
2021-04-20,0.52529694028078,55388378208.66991945118428969449,3.419302604481,105442034707.1960955,0.15362692368682954,0.2708344344014666,1.9395500481379537,0.880229965321243,-40.32276098563958,3,344
2021-04-21,0.492594747438664,51940192431.478430382420958572212,3.17924393048,105442034657.3951705,0.15494084700958832,0.27294149436167375,1.8047631364761583,0.880229965321243,-44.03794839466868,3,345
2021-04-22,0.451271194510046,47582952891.520062672835294817811,2.924783251738,105442034568.9952785,0.15429218361459304,0.2748325172900537,1.6419861774717939,0.880229965321243,-48.73257986106472,3,346
2021-04-23,0.448844694359804,47327097691.307783601014834897574,3.014235278625,105442034374.0753185,0.1489083143385386,0.2767106474321686,1.622072365212587,0.880229965321243,-49.008246476135746,3,347
2021-04-24,0.429141609065561,45249564194.1921590781235510690185,2.887503209555,105442034140.4817585,0.14862030547550353,0.27849510899128316,1.5409305054581517,0.880229965321243,-51.246648492710165,3,348
2021-04-25,0.415535504408576,43814908788.748866466921836240896,2.798943332243,105442034011.2930085,0.1484615639129702,0.28021151866813926,1.482935128376018,0.880229965321243,-52.7923928087446,3,349
2021-04-26,0.484780646665911,51116257320.6529908579897442160535,3.251030665012,105442033777.9697185,0.14911598708778148,0.2822702463628396,1.7174344547910931,0.880229965321243,-44.92568240516686,3,350
2021-04-27,0.508272834210865,53593321255.4932881610208867262525,3.410489984488,105442033585.5668685,0.14903220256404578,0.28443560901886533,1.786952189158403,0.880229965321243,-42.256813078912955,3,351
2021-04-28,0.496079673751426,52307649422.369693689192750598691,3.32921297473,105442033185.5399535,0.14900809215777439,0.28652866661245,1.73134395108329,0.880229965321243,-43.642037502054364,3,352
2021-04-29,0.492569793724955,51937560425.1649504059618362715425,3.306132663243,105442032960.2392435,0.14898669953606491,0.28860498916436156,1.7067265370261315,0.880229965321243,-44.040783303123526,3,353
2021-04-30,0.528172495374202,55691581600.180608231334743148927,3.532534562518,105442032835.7386135,0.14951658250661792,0.2908578175045873,1.8159130117445506,0.880229965321243,-39.996078731375206,3,354
2021-05-01,0.537305037903557,56654535392.3240605621586565581895,3.591193577093,105442032729.4478235,0.14961739777294175,0.29316233190004665,1.8327901624372074,0.880229965321243,-38.95856093612245,3,355
2021-05-02,0.554356076994309,58452431565.0046055008657729914915,3.699888084405,105442032640.7004935,0.1498304987469528,0.2955639859780379,1.8755873627834374,0.880229965321243,-37.0214490718917,3,356
2021-05-03,0.553379435990913,58349452494.0281248392304204932255,3.668649501412,105442032535.1343135,0.15084009409400564,0.29796106831696056,1.8572206064258279,0.880229965321243,-37.13240200940498,3,357
2021-05-04,0.508260573829526,53592027924.027769933997443202321,3.378204928444,105442032460.3082335,0.15045285428069952,0.300108519349846,1.6935892887366872,0.880229965321243,-42.258205940076735,3,358
2021-05-05,0.596663159220717,62913376075.2542498526672783083229,3.917644320458,105442032247.1785137,0.15230151346433687,0.3026839331057031,1.971241595477586,0.880229965321243,-32.21508211175671,3,359
2021-05-06,0.655040555975736,69068807120.9534621794553208226392,4.11910627312,105442031780.8717597,0.1590249225299978,0.30556207396369156,2.1437233602936314,0.880229965321243,-25.583020144437295,3,360
2021-05-07,0.63064521637357,66496512443.881181865766923850349,3.966732754,105442030982.5853057,0.15898354022908043,0.30828874604956163,2.045631650375538,0.880229965321243,-28.354493573345486,3,361
2021-05-08,0.616865364779459,65043536335.4515984031360430886503,3.872192227167,105442030059.0322317,0.15930649321890053,0.31096790470121616,1.9836946368216195,0.880229965321243,-29.919976701278078,3,362
2021-05-09,0.625856744213921,65991605147.8075859332018009646097,3.925609685475,105442029278.9100657,0.15942918281703602,0.31367858209854504,1.9952166961061508,0.880229965321243,-28.898495975933695,3,363
2021-05-10,0.66695427194977,70325011370.506803492290020868969,4.164836456663,105442028529.0610697,0.1601393665488981,0.31658657720679473,2.1067042002671976,0.880229965321243,-24.22954248025825,3,364
2021-05-11,0.722723450767688,76205426520.6148771320407485950936,4.453646187903,105442028260.8351747,0.16227679978951864,0.31978093082608255,2.260057999395691,0.880229965321243,-17.893791481646783,3,365
2021-05-12,0.623043342427013,65694953575.0068226535435073427411,3.827580674474,105442028028.2550647,0.16277732474251083,0.3224689163229057,1.9321035637528727,0.880229965321243,-29.218117199676207,3,366
2021-05-13,0.639480312247717,67428100899.5804111381545321710139,3.922465691322,105442027859.4294367,0.1630301862582235,0.3252511650074601,1.9661122881237014,0.880229965321243,-27.350767703717473,3,367
2021-05-14,0.671462716892974,70800390349.4800435613032097616458,4.099365067082,105442027633.4792867,0.16379676020680267,0.3282016984863917,2.04588434486976,0.880229965321243,-23.71735303876853,3,368
2021-05-15,0.680828134826162,71787898882.5622128020712249307254,4.149661157076,105442027452.1881267,0.16406836824862536,0.33119650870548634,2.0556621731528657,0.880229965321243,-22.653379043090016,3,369
2021-05-16,0.714121700811071,75298439866.1554508973911098399457,4.337842415941,105442027291.1948767,0.16462601273544833,0.3343748409299373,2.1356920838452176,0.880229965321243,-18.87100769735216,3,370
2021-05-17,0.645399276327657,68052207977.0133148013473874661219,3.949591372354,105442027087.8402667,0.16340912653528306,0.3372143659961245,1.9139139414216844,0.880229965321243,-26.678333872431132,3,371
2021-05-18,0.645447414670709,68057283705.7200713918248653757403,3.947547260367,105442026970.4561167,0.1635059372565187,0.34005678869475253,1.898057724852793,0.880229965321243,-26.672865035314867,3,372
2021-05-19,0.465101811413207,49041277428.5813905368205245974969,2.880996553809,105442026294.3504367,0.1614378228944045,0.3419937795529364,1.359971552760991,0.880229965321243,-47.16132945514227,3,373
2021-05-20,0.4929597814386,51978678139.24384122576881208702,3.075729199035,105442026097.0478007,0.16027411697793958,0.34406546952941275,1.4327499417853056,0.880229965321243,-43.996478095506255,3,374
2021-05-21,0.417269236781598,43997713712.2998751725576534198186,2.632396058858,105442025996.5836507,0.15851309128711427,0.3457735929745763,1.206770109862839,0.880229965321243,-52.59542923770903,3,375
2021-05-22,0.392669310716311,41403847620.3843385082255863404656,2.48863733253,105442025873.7690896,0.15778486707708242,0.3473601775875317,1.1304384787094999,0.880229965321243,-55.3901450545364,3,376
2021-05-23,0.364292407989301,38411729423.1855273186048825297193,2.316111842532,105442025638.6832293,0.15728619028649857,0.34880851322572665,1.0443908166701028,0.880229965321243,-58.613950633190356,3,377
2021-05-24,0.432589798444762,45613144566.4209299125413783270536,2.733871860099,105442025517.9580628,0.15823338495063805,0.3505691552935243,1.2339642319147088,0.880229965321243,-50.854911160984294,3,378
2021-05-25,0.428787008170079,45212170585.4245811649809054347642,2.716580710189,105442025350.4768198,0.15784070267518283,0.3522921795830936,1.2171346201255735,0.880229965321243,-51.286933521560854,3,379
2021-05-26,0.441959171162116,46601070000.4244122934744240541516,2.798399188958,105442025058.3069651,0.15793285422108846,0.35410266575013144,1.248110262671616,0.880229965321243,-49.790487875424525,3,380
2021-05-27,0.419782232306601,44262688584.1679110076458319358651,2.662360091984,105442024882.6522051,0.15767297352845225,0.3557930201749611,1.1798495431421707,0.880229965321243,-52.309936170668756,3,381
2021-05-28,0.397122087887438,41873357017.5840938664111746485318,2.621800198779,105442024744.4228261,0.1514692416578433,0.3573798571915438,1.1112044506598862,0.880229965321243,-54.88427984356259,3,382
2021-05-29,0.367572007987731,38757536730.9298634762582719803891,2.432278678397,105442024660.9843361,0.1511224890685554,0.3588185019760273,1.0243953585545276,0.880229965321243,-58.241366180531664,3,383
2021-05-30,0.374069028873476,39442595742.3254841554729928513636,2.475750046486,105442024593.9859161,0.15109321290508207,0.36028593609370746,1.0382559833703409,0.880229965321243,-57.50326123731108,3,384
2021-05-31,0.400711999567378,42251884488.0541677723038402171058,2.650546582303,105442024530.5124561,0.1511808931194895,0.36188615561472154,1.1072874531127188,0.880229965321243,-54.47644191241129,3,385
2021-06-01,0.418654867221254,44143816584.6679250164769516697594,2.766245595896,105442024065.4659711,0.15134407004293834,0.3635669300403282,1.1515207589832641,0.880229965321243,-52.43801237004418,3,386
2021-06-02,0.420681756831492,44357536013.7455966099495886634512,2.779168430201,105442024269.9362436,0.15136965153316262,0.3652641790818961,1.1517191690925999,0.880229965321243,-52.20774417990158,3,387
2021-06-03,0.425589041258843,44874969991.8843148541458204071148,2.809815119723,105442024209.9029636,0.15146514027613278,0.36699080059391276,1.1596722331189198,0.880229965321243,-51.65024391057593,3,388
2021-06-04,0.386271982350685,40729299688.993406515662935334966,2.558619645191,105442024143.5385036,0.15096889569995073,0.3685099801428929,1.0481995147075929,0.880229965321243,-56.1169242619781,3,389
2021-06-05,0.373563767188964,39389319763.4456808216343385330756,2.477740759226,105442024155.1984729,0.15076789845668048,0.36994552854870244,1.0097804632332115,0.880229965321243,-57.56066233752556,3,390
2021-06-06,0.379087092193211,39971710307.6972476564970170906419,2.513555180091,105442024091.1940329,0.1508170957199701,0.37142211654057455,1.020636831549042,0.880229965321243,-56.93317574631058,3,391
2021-06-07,0.347516599998148,36642853685.0105561424195981404292,2.313340633077,105442024021.8908529,0.1502228400907446,0.372739803578704,0.9323302654066293,0.880229965321243,-60.5197944072126,3,392
2021-06-08,0.351322333016358,37044137852.3652118747788331101582,2.35001594714,105442023950.8098429,0.1494978506183849,0.37405800333586037,0.9392188641420717,0.880229965321243,-60.0874377313272,3,393
2021-06-09,0.3613561340519,38102122114.78334590045427419551,2.414281606818,105442023876.9515529,0.1496743930084295,0.3753193722168545,0.9627963830311248,0.880229965321243,-58.94753095345695,3,394
2021-06-10,0.339835280694325,35832919756.9742066294208768325425,2.289518684032,105442023805.6601229,0.1484308833400091,0.3764962681796458,0.9026258941089212,0.880229965321243,-61.39244355646301,3,395
2021-06-11,0.317031623729514,33428455993.1744329652871781813506,2.140156025027,105442023732.2918429,0.14813481821986055,0.37742933861836087,0.8399760996059762,0.880229965321243,-63.98309121255464,3,396
2021-06-12,0.330075961977835,34803877389.8144513372596994948715,2.230940055765,105442023651.9724929,0.1479537565901341,0.37811245952693473,0.872957115432802,0.880229965321243,-62.50116731059337,3,397
2021-06-13,0.344165117116904,36289466395.6472264606030694404616,2.324362715118,105442023583.4668629,0.14806859311518078,0.378857343006975,0.9084293163893294,0.880229965321243,-60.90054523521024,3,398
2021-06-14,0.343124826566709,36179776029.5876158003107067463061,2.317544673046,105442023509.6386529,0.1480553236178755,0.3797420029840304,0.9035735416951987,0.880229965321243,-61.01872918612986,3,399
2021-06-15,0.334379780069118,35257680606.7060247973060173120022,2.261161709473,105442023436.3994229,0.14787964021690891,0.3804036208384408,0.8790131369730854,0.880229965321243,-62.01222484546013,3,400
2021-06-16,0.316324348476012,33353879341.1782860937004205173148,2.141665882953,105442023359.4747429,0.14770013894037173,0.38098873653350596,0.8302721790521829,0.880229965321243,-64.0634424027398,3,401
2021-06-17,0.316441005210436,33366179837.7276611576506985466644,2.145829631548,105442023278.6799029,0.1474679073110551,0.3815990951823057,0.8292498834654181,0.880229965321243,-64.05018941897193,3,402
2021-06-18,0.297273216669001,31345089407.6907720787691995321429,2.026076118912,105442023196.4320429,0.14672361709126522,0.38207260403705545,0.7780542586093658,0.880229965321243,-66.22777815107554,3,403
2021-06-19,0.290395374470168,30619875789.2801228632982266437272,1.980553106092,105442023121.5689329,0.14662337181312554,0.3826030350445892,0.7589991397645992,0.880229965321243,-67.00914693762019,3,404
2021-06-20,0.296912080328099,31307010416.7577687227538308045471,2.029447480828,105442023046.5609429,0.1463019285460696,0.38315893701960285,0.7749057940227783,0.880229965321243,-66.26880565015304,3,405
2021-06-21,0.239429853600744,25245968116.6626260839924387603176,1.652394779237,105442022943.2248929,0.1448986989121944,0.38343288157493155,0.6244374572605713,0.880229965321243,-72.79917032665854,3,406
2021-06-22,0.232570375282039,24522690822.0146827046135176928431,1.609700389592,105442022838.3598729,0.14448053612075418,0.38377965386960994,0.6059997525586788,0.880229965321243,-73.5784528538333,3,407
2021-06-23,0.254198447243143,26803198459.4710395939568638981447,1.737836086082,105442022758.8312129,0.14627297089695065,0.38419616063134787,0.6616371356377424,0.880229965321243,-71.1213595017329,3,408
2021-06-24,0.266336924016399,28083103983.7092027498431289468471,1.819666034122,105442022683.9447129,0.14636582703754658,0.3846495720924257,0.6924144554940572,0.880229965321243,-69.74234751038061,3,409
2021-06-25,0.244017438143023,25729692228.7757513660311647699167,1.670067473872,105442022605.3480529,0.14611232298134405,0.3850283890375577,0.6337647952479168,0.880229965321243,-72.2779900984207,3,410
2021-06-26,0.246736966072726,26016444734.1272285749761813327454,1.68860276583,105442022523.9328429,0.14611901097499813,0.38549938428764624,0.6400450328310238,0.880229965321243,-71.96903357150782,3,411
2021-06-27,0.257578397925512,27159587217.0745679867358492500648,1.762055217726,105442022451.4663429,0.14618066183982978,0.3859255320218418,0.6674303111692909,0.880229965321243,-70.73737454149179,3,412
2021-06-28,0.263222218950192,27754683102.0286290455655641593968,1.799882633243,105442022382.1625229,0.14624410174785807,0.3864323286417442,0.6811599326468917,0.880229965321243,-70.09619879798933,3,413
2021-06-29,0.280896213486549,29618264773.9541761588455744177411,1.920925445808,105442022184.3698039,0.14622962806783762,0.387072974733045,0.7256931685304984,0.880229965321243,-68.08831503662398,3,414
2021-06-30,0.281524704369058,29684534102.9208928024961366618822,1.924509287741,105442022111.1631859,0.14628388969715667,0.3876847369704276,0.7261691718096516,0.880229965321243,-68.01691427690551,3,415
2021-07-01,0.270345057823592,28505729544.9509256190899284595928,1.8492752976,105442022038.1899559,0.1461897307417924,0.3881605680752461,0.696477386057372,0.880229965321243,-69.28699675374847,3,416
2021-07-02,0.262746239648557,27704494770.3449993920593808828663,1.798189570051,105442021957.7713459,0.14611709689824584,0.38862320442148746,0.676095088145049,0.880229965321243,-70.15027322403562,3,417
2021-07-03,0.262666137514696,27696048619.2456490138205669006264,1.798063709505,105442021881.0887759,0.14608277566928202,0.3891058232521904,0.6750506464264727,0.880229965321243,-70.15937336116079,3,418
2021-07-04,0.267763978009319,28233575208.5784444402403022969621,1.833406265039,105442021807.7124259,0.1460472690179354,0.3895058487684417,0.6874453332496753,0.880229965321243,-69.58022465054373,3,419
2021-07-05,0.255675610719841,26958953301.0686665636587233561419,1.752517350125,105442021728.8898859,0.145890487590097,0.38985265021992965,0.655826273274288,0.880229965321243,-70.95354387003499,3,420
2021-07-06,0.25902007000709,27311599830.893895798594930973531,1.780964700558,105442021655.4891359,0.14543807068491335,0.390224308384451,0.6637722572421144,0.880229965321243,-70.5735909692009,3,421
2021-07-07,0.258321739114508,27237966390.2432543224519224217724,1.776133525898,105442021579.7993653,0.14544049495597605,0.39060878241547387,0.6613311086276146,0.880229965321243,-70.65292602027783,3,422
2021-07-08,0.243257267734789,25649538051.9721892137399452122866,1.676056485074,105442021489.5144394,0.14513667641938027,0.39094428319355423,0.6222300163789676,0.880229965321243,-72.36435053128288,3,423
2021-07-09,0.247231485219509,26068587557.6443410402278700711379,1.703540740263,105442021409.6067431,0.14512801447961865,0.3913445942035725,0.6317488190239375,0.880229965321243,-71.91285289529073,3,424
2021-07-10,0.245806428172057,25918326640.5647433451459972223987,1.694019745851,105442021322.6592491,0.14510245749737397,0.39176979931044587,0.6274256683509065,0.880229965321243,-72.0747488887919,3,425
2021-07-11,0.245217856638716,25856266448.2152516690212833065956,1.690194665282,105442021240.3608391,0.14508261188826005,0.3923469971915615,0.6250025064394454,0.880229965321243,-72.14161454396489,3,426
2021-07-12,0.23890785003387,25190926578.26886022572202273026,1.649284692679,105442021158.775398,0.1448554340523238,0.3927410650517586,0.6083088102905276,0.880229965321243,-72.8584734164691,3,427
2021-07-13,0.23221258070671,24484963824.237321069523602417802,1.754738566254,105442021055.5362262,0.1323345740342593,0.393143756227213,0.5906556495647495,0.880229965321243,-73.61910070603388,3,428
2021-07-14,0.239786750569752,25283599602.0728973597412805934864,1.814737501185,105442021054.1120182,0.13213302222121623,0.3936103537785583,0.6091982801464971,0.880229965321243,-72.75862444852795,3,429
2021-07-15,0.239573262665386,25261088979.4129206178126233171252,1.81700413538,105442020943.2773682,0.1318506975303514,0.39407854487020616,0.6079327732604471,0.880229965321243,-72.78287809959379,3,430
2021-07-16,0.237444166744658,25036592774.5273872499364823798196,1.801486548154,105442020824.4204362,0.1318045738326324,0.3945498184647227,0.6018103560878668,0.880229965321243,-73.02475760888214,3,431
2021-07-17,0.232429333043573,24507818548.2335682320294303281726,1.764121049727,105442020709.3187462,0.13175361921991793,0.39502338683963073,0.5883938541034617,0.880229965321243,-73.59447619364478,3,432
2021-07-18,0.230141934712365,24266630621.192695301210295019863,1.747550223879,105442020601.4236862,0.13169403177524927,0.39551903094549645,0.5818732265858508,0.880229965321243,-73.854339913505,3,433
2021-07-19,0.213103795181836,22470094744.1224441780906197589432,1.621147305732,105442020518.4487162,0.13145245618849719,0.3959436959299449,0.5382174217506442,0.880229965321243,-75.78998630158392,3,434
2021-07-20,0.211976139645453,22351192430.4815022728945115690873,1.612698243759,105442020351.2794141,0.13144191138409306,0.3963416186507571,0.5348318967033316,0.880229965321243,-75.91809549813591,3,435
2021-07-21,0.227350472919356,23972293172.6319387744432075196888,1.729680144096,105442020264.1725098,0.13144076012861813,0.39683936307560685,0.5729030284630323,0.880229965321243,-74.17146860748105,3,436
2021-07-22,0.262231739705811,27650244386.6008261209924847256478,1.988737519209,105442020167.4317098,0.13185839617995992,0.39746914397105193,0.6597537033589445,0.880229965321243,-70.20872385205512,3,437
2021-07-23,0.268302735423807,28290382408.0113171549387604242279,2.026198098211,105442020049.9419097,0.13241683311256716,0.39799099057327014,0.6741427363401897,0.880229965321243,-69.51901821180458,3,438
2021-07-24,0.266355737329407,28085086966.3565901777592858792779,2.013037177253,105442019939.0082997,0.13231535926866353,0.39835173571715243,0.6686446008572974,0.880229965321243,-69.7402101924354,3,439
2021-07-25,0.26123447770918,27545090979.683711618037244469446,1.975164486604,105442019833.0342897,0.13225960646869145,0.39795905584991426,0.6564355650891424,0.880229965321243,-70.32201947205449,3,440
2021-07-26,0.261634636111645,27587284465.196345146655897462921,1.978415739425,105442019738.6414498,0.13224451812523771,0.3977080430564042,0.6578560345447656,0.880229965321243,-70.27655880629325,3,441
2021-07-27,0.261180171496414,27539364773.8792719147265857285172,1.974876782863,105442019645.2676998,0.1322513757631898,0.3975202246248019,0.6570236061396071,0.880229965321243,-70.32818902034363,3,442
2021-07-28,0.266943707346308,28147083613.2689112629080845737968,2.017027421416,105442019566.8950396,0.1323451057293546,0.39728799496478673,0.671914859571753,0.880229965321243,-69.67341287354539,3,443
2021-07-29,0.273031716648594,28789015496.7231777628994982413484,2.062153762861,105442019154.7787686,0.13240124066684245,0.39721962938187005,0.6873570600563471,0.880229965321243,-68.98177437654601,3,444
2021-07-30,0.278897240002559,29407488098.9625877336865069902633,2.102905938718,105442019070.1520087,0.1326246860915633,0.3972966962825859,0.7019873122835818,0.880229965321243,-68.31541176847183,3,445
2021-07-31,0.286932262895662,30254717107.6752137302784486969194,2.162449984708,105442018971.1354387,0.13268850837001303,0.39734360525956935,0.7221262884254048,0.880229965321243,-67.40257953034524,3,446
2021-08-01,0.277686037337425,29279776392.1515535615825465625975,2.093894240011,105442018881.8236487,0.1326170309996011,0.39721784021628503,0.6990774563051473,0.880229965321243,-68.45301247656543,3,447
2021-08-02,0.276087216454482,29111193453.0483969357612657582534,2.127429548221,105442018746.4489387,0.12977502201440785,0.3970930904151298,0.6952707642579586,0.880229965321243,-68.63464920173185,3,448
2021-08-03,0.2744228935834,28935703726.86518163479090248618,2.114620050214,105442018153.1659177,0.12977409041195287,0.39704610319318584,0.6911612817161372,0.880229965321243,-68.82372739000672,3,449
2021-08-04,0.281166127607353,29646723908.4213141956893760910061,2.165987059156,105442018072.0446037,0.12980969873241643,0.3969912561421228,0.7082426206049626,0.880229965321243,-68.05765099069986,3,450
2021-08-05,0.281051212468018,29634606674.6782198088841294183266,2.164582531857,105442016828.3403737,0.12984083920648826,0.39686909656863145,0.7081710692467968,0.880229965321243,-68.07070611763967,3,451
2021-08-06,0.284675521264359,30016761123.8642866079576646708483,2.190846102001,105442016898.9160837,0.12993862097586492,0.39677428782483415,0.7174747205142388,0.880229965321243,-67.65896044444865,3,452
2021-08-07,0.306920177428273,32362282497.7936838852601925949301,2.357963005425,105442016777.6578437,0.13016327089192548,0.3968042595894748,0.7734800471794482,0.880229965321243,-65.13181901092615,3,453
2021-08-08,0.288961346164864,30468667081.8488418962216143741568,2.22071383016,105442016678.8164437,0.13012092879344328,0.39678313200727616,0.7282601573888606,0.880229965321243,-67.17206212590064,3,454
2021-08-09,0.298982571547553,31525325255.1568307080955646417121,2.295141957008,105442016542.9032257,0.13026757261555774,0.3970064464067591,0.7530924856601088,0.880229965321243,-66.03358402614272,3,455
2021-08-10,0.30985475578937,32671710250.677143078830090927046,2.375656748302,105442016429.4215158,0.13042909334896072,0.39720294606553475,0.7800917864749344,0.880229965321243,-64.79843131944646,3,456
2021-08-11,0.336898464144097,35523253000.6682153291164384547147,2.573331187964,105442015269.8420651,0.13091920143036406,0.39754045918298736,0.8474570483630274,0.880229965321243,-61.726085521168926,3,457
2021-08-12,0.32645682949462,34422266109.764599841881100743342,2.494809348954,105442015604.4916741,0.1308544196499399,0.3978149592650103,0.82062482038828,0.880229965321243,-62.91232492005898,3,458
2021-08-13,0.360219302278636,37982248907.0138123390965529023828,2.740454549745,105442014536.0058223,0.13144509268075782,0.3983051408910633,0.904380248451667,0.880229965321243,-59.07668263177421,3,459
2021-08-14,0.393706990045197,41513258108.9423853643925042846379,2.986756201526,105442014387.8490007,0.13181758519294054,0.39896554133363693,0.9868195351637087,0.880229965321243,-55.2722577557886,3,460
2021-08-15,0.39172920987266,41304716941.537442933096953207262,2.969966290446,105442014280.6415407,0.13189685389117128,0.3997321624822822,0.9799792126809989,0.880229965321243,-55.496946785980285,3,461
2021-08-16,0.373941016886654,39429093912.068988083184628920541,2.833205734955,105442013931.3586415,0.13198512634402573,0.40013083956676815,0.9345468529532226,0.880229965321243,-57.51780425355288,3,462
2021-08-17,0.342942199548365,36160517063.083692584395921134913,2.605988317832,105442016499.2963762,0.13159775015172323,0.40036862838678317,0.8565661124104351,0.880229965321243,-61.039476834533005,3,463
2021-08-18,0.345431325722328,36422975409.3254756956515167321856,2.592839174932,105442016103.0901152,0.1332251259785086,0.4004710924352367,0.8625624476957482,0.880229965321243,-60.75669548510978,3,464
2021-08-19,0.366254308650491,38618592641.8353193717474819382441,2.738350441449,105442015915.4721451,0.13374997703240907,0.4007701572750955,0.9138762006151265,0.880229965321243,-58.39106562149071,3,465
2021-08-20,0.383869368356489,40475959897.2685862726586658656629,2.860326011387,105442015523.5717261,0.13420476086582417,0.4010801274726805,0.9570889756502239,0.880229965321243,-56.38987725027123,3,466
2021-08-21,0.373262530553224,39357553445.5035925553442153349064,2.783797032263,105442015267.8345161,0.13408396022672384,0.4012392090186922,0.9302743155787527,0.880229965321243,-57.59488483023859,3,467
2021-08-22,0.372047375741446,39229425028.2214424270129164263406,2.774542339586,105442015146.7051261,0.13409324140894552,0.401373144189653,0.9269363960376226,0.880229965321243,-57.732934528573345,3,468
2021-08-23,0.378999172928868,39962436456.4920102115657394487228,2.825217850572,105442014946.0123271,0.13414865436027704,0.40162244064323877,0.9436703096616381,0.880229965321243,-56.94316396164144,3,469
2021-08-24,0.353838952669657,37309491984.6485852497817687354912,2.642722174177,105442014518.6237216,0.13389184687181502,0.40163425911281775,0.8809979344174043,0.880229965321243,-59.80153293911982,3,470
2021-08-25,0.358395384651495,37789931279.3417118221800250576415,2.676231744959,105442014316.3639817,0.13391791847868753,0.40153911988752233,0.8925540922435836,0.880229965321243,-59.28389184970574,3,471
2021-08-26,0.33873583368637,35716988550.640153571479848040292,2.534040651896,105442014096.7723316,0.1336741908354642,0.4012932668965704,0.8441104340125298,0.880229965321243,-61.51734807588068,3,472
2021-08-27,0.355423565923544,37476576554.4912919696831820175104,2.655817102653,105442013832.4563616,0.13382832935615085,0.4010889539154076,0.8861464831028611,0.880229965321243,-59.6215102954566,3,473
2021-08-28,0.346763273973727,36563417855.8890598776529381465532,2.592625540392,105442013616.0651716,0.13374984878120774,0.4008168320773943,0.8651414966195082,0.880229965321243,-60.605377272384196,3,474
2021-08-29,0.346241276235624,36508377242.9650601262721931205984,2.588863935973,105442013268.5751516,0.13374255457171894,0.4004686177560916,0.8645902846911836,0.880229965321243,-60.664679700007476,3,475
2021-08-30,0.332053045517681,35012341459.2754302974952487746596,2.4864410042,105442012750.3727716,0.1335455154402577,0.3998529110421947,0.8304379844383348,0.880229965321243,-62.276557422525705,3,476
2021-08-31,0.342119554146339,36073774265.7066898854377295344364,2.560377746875,105442012385.7533476,0.13362073411390324,0.39891283477591616,0.8576298487325432,0.880229965321243,-61.13293484373924,3,477
2021-09-01,0.353653397988608,37289925678.7258706252935996583936,2.643866997718,105442011559.3716592,0.1337636871649961,0.3978516537341657,0.8889076988100448,0.880229965321243,-59.82261318954974,3,478
2021-09-02,0.361251422138352,38091076515.1016740029438418493184,2.682715842401,105442011244.2174992,0.13465884698956268,0.39704448416683347,0.9098512548194936,0.880229965321243,-58.95942692583615,3,479
2021-09-03,0.368701054567134,38876580094.174236206665247319738,2.724394107979,105442009488.734707,0.13533323005188938,0.39640508494812876,0.9301118188617081,0.880229965321243,-58.11309895220674,3,480
2021-09-04,0.372157960426684,39241082645.2623120958127954638784,2.746614740363,105442008012.5973776,0.13549696466621985,0.39583348635006455,0.9401881681570453,0.880229965321243,-57.72037137012672,3,481
2021-09-05,0.396055674638304,41760905141.1761289150189583133376,2.918245628751,105442006807.0330794,0.13571704545234411,0.39531874584766213,1.0018641382387816,0.880229965321243,-55.005431507462696,3,482
2021-09-06,0.423454818254126,44649925723.0274995735104131259544,3.104437969036,105442006557.1953044,0.13640305346014647,0.39495201446620615,1.0721677640420257,0.880229965321243,-51.89270589083107,3,483
2021-09-07,0.335566389784946,35382792849.702916070079624141412,2.488319849311,105442004702.493122,0.1348566141438217,0.3940619376330012,0.8515574779959251,0.880229965321243,-61.877418060576936,3,484
2021-09-08,0.330220973723315,34819161265.8634287181619817619505,2.455389769977,105442004101.8886027,0.1344882094733205,0.3932746004498485,0.8396702287551512,0.880229965321243,-62.4846930082868,3,485
2021-09-09,0.332217487029791,35029677523.7519477902131432814957,2.468746135886,105442003781.7296627,0.13456931929963814,0.39245149942570606,0.8465185825915851,0.880229965321243,-62.25787576902735,3,486
2021-09-10,0.316030312053852,33322869252.534265145624175525276,2.353012617452,105442003445.720113,0.13430880468293913,0.3917199443406853,0.8067761588850713,0.880229965321243,-64.09684690312541,3,487
2021-09-11,0.32333348328826,34092930170.55809470984530754598,2.405835174445,105442003172.196623,0.13439552581271472,0.39141710778636446,0.8260586388695496,0.880229965321243,-63.267157898872675,3,488
2021-09-12,0.333837064196321,35200448690.553697639098796981503,2.482428868572,105442002898.315743,0.13448001206510235,0.3910614562430906,0.8536690560186583,0.880229965321243,-62.07388099148772,3,489
2021-09-13,0.318729984246434,33607527860.1484764333142302966296,2.372248743744,105442002702.0864844,0.13435774182069904,0.39072877890391566,0.8157320408815166,0.880229965321243,-63.79014612049563,3,490
2021-09-14,0.329885767710998,34783815942.6759208559513169307532,2.454715038577,105442002496.9033234,0.13438862048208783,0.3904023820000117,0.8449891264008428,0.880229965321243,-62.52277464894017,3,491
2021-09-15,0.340494577304791,35902429956.4022477225884938070176,2.530594335951,105442002162.2384736,0.13455122872423275,0.3899212261292122,0.873239399365137,0.880229965321243,-61.31754306040622,3,492
2021-09-16,0.330827426812829,34883106130.7846395978165937745102,2.460974618781,105442001791.8294438,0.13442943469961444,0.389532812807181,0.8492928347389025,0.880229965321243,-62.41579588896495,3,493
2021-09-17,0.318814066226409,33616393220.8908757441909025433933,2.375481572457,105442001410.9975237,0.13421028810451024,0.38897654773426477,0.8196228489441263,0.880229965321243,-63.78059384628462,3,494
2021-09-18,0.321688536892201,33919483043.2687916261139275282637,2.396214193874,105442001045.3631237,0.13424865678310738,0.38849708359731805,0.8280333378915016,0.880229965321243,-63.45403479023807,3,495
2021-09-19,0.313404457604271,33045993093.6769694134997785764627,2.336151089487,105442000877.3564637,0.13415419020397865,0.3879504484489423,0.807846617673179,0.880229965321243,-64.3951614973829,3,496
2021-09-20,0.28153856959807,29685989978.783806000416847009159,2.112989483225,105442000437.6810937,0.13324182246679483,0.3873016119538439,0.7269233096598161,0.880229965321243,-68.01533909433297,3,497
2021-09-21,0.264698881553136,27910379415.2512838463055258765968,1.989977742058,105441999797.9799463,0.13301600111335368,0.3865959756455119,0.6846912493363637,0.880229965321243,-69.92844006889345,3,498
2021-09-22,0.292056969050233,30795070768.3351962320927476828867,2.190261560227,105441999444.4252699,0.13334342087433798,0.38604222263641624,0.756541517805163,0.880229965321243,-66.82037870141745,3,499
2021-09-23,0.301169592612502,31755923765.9036197199626418996516,2.267860741741,105441998610.9360758,0.13279897970335647,0.3854894643851086,0.7812654311912139,0.880229965321243,-65.78512383379392,3,500
2021-09-24,0.281523485429271,29684398809.0973458338166780686889,2.123749597556,105441998076.4096959,0.13255964156661726,0.3848066237666672,0.7315972959965904,0.880229965321243,-68.0170527566023,3,501
2021-09-25,0.277358192964605,29245201883.1193074381081781045195,2.093244257337,105441997478.1542759,0.13250159029097577,0.38403646590127066,0.7222183766161132,0.880229965321243,-68.49025778582961,3,502
2021-09-26,0.275474251325647,29046555192.7170546068824656503573,2.079424184024,105441997039.4263259,0.13247621790786462,0.3833590488166343,0.718580276573594,0.880229965321243,-68.7042861321914,3,503
2021-09-27,0.267026098795063,28155764952.0031698695353355817796,2.019171564699,105441996415.5344092,0.13224537402539582,0.38266621869797635,0.6978042109481746,0.880229965321243,-69.66405265496604,3,504
2021-09-28,0.257609289041881,27162837625.2685637327965456599609,1.980976647056,105441996002.1416289,0.13004155774613665,0.38202312208983036,0.6743290501178245,0.880229965321243,-70.73386510445988,3,505
2021-09-29,0.269141492408102,28378815917.837041712312203901634,2.066778169189,105441995078.209467,0.1302227285058428,0.3813334152907862,0.7057904752534415,0.880229965321243,-69.42372981930035,3,506
2021-09-30,0.277959576145885,29308612076.1848912545872594606565,2.133485248841,105441994417.2115369,0.1302842737238912,0.3807492062109731,0.7300332387084942,0.880229965321243,-68.42193664192713,3,507
2021-10-01,0.299418953529521,31571331399.8448175306368998133749,2.292173018016,105441993660.3380869,0.13062668096001076,0.38031577730834015,0.7872903818207042,0.880229965321243,-65.98400811994091,3,508
2021-10-02,0.317802814730004,33509762053.5811377522795704064276,2.4289137224,105441992645.8173569,0.13084154113798013,0.37992818414899543,0.8364812824872505,0.880229965321243,-63.89547876684467,3,509
2021-10-03,0.314667818619007,33179201479.0741316842705627729903,2.401740875332,105441991572.8554129,0.1310165563033562,0.3794843754809705,0.82919835163223,0.880229965321243,-64.25163525259359,3,510
2021-10-04,0.310288413483395,32717427951.5041163942082763921455,2.368544866952,105441990515.2371429,0.13100381496369737,0.3790571106001997,0.8185795881577944,0.880229965321243,-64.74916491054084,3,511
2021-10-05,0.318459829145275,33579038105.6365175171661715147975,2.427433874361,105441989954.4643429,0.1311919688148484,0.37867088349278144,0.8409937046330782,0.880229965321243,-63.820837543396735,3,512
2021-10-06,0.355502082672573,37484846605.8887322156122813645517,2.686018152212,105441988761.6053329,0.13235282210576596,0.37836072574608814,0.9395850533153507,0.880229965321243,-59.61259026863153,3,513
2021-10-07,0.343738162466686,36244435276.337547951562600868463,2.601633984635,105441988216.3949205,0.1321239515230699,0.3780555727393622,0.9092265456530244,0.880229965321243,-60.949050133593495,3,514
2021-10-08,0.335199577547692,35344109704.1696943408946728415504,2.539309151219,105441987614.5009612,0.1320042411483371,0.3777567958170518,0.8873422828110541,0.880229965321243,-61.91909037936924,3,515
2021-10-09,0.352589958845874,37177785742.5029167614812772747828,2.664108739636,105441986675.3898922,0.13234818594305903,0.3775401646707941,0.9339137708787195,0.880229965321243,-59.94342697510928,3,516
2021-10-10,0.332686539257399,35079129483.3345893830300255503418,2.517819665261,105441986206.1023382,0.13213279086169674,0.3773848312814152,0.8815577937453327,0.880229965321243,-62.20458830483192,3,517
2021-10-11,0.341759160297714,36035764503.5944200126598530156348,2.586700974655,105441985731.1296782,0.13212163433127247,0.37728808262323105,0.9058307856466353,0.880229965321243,-61.173877990737594,3,518
2021-10-12,0.332995175356315,35111672422.0065807292532338745145,2.523178317059,105441985411.4583483,0.13197449149945614,0.3770333946721809,0.8831980934894221,0.880229965321243,-62.169525183707265,3,519
2021-10-13,0.367120526824539,38709917113.1142336350967019977498,2.764008864934,105441985083.0492782,0.13282176171070467,0.37695794812066713,0.9739031333729058,0.880229965321243,-58.292657454514504,3,520
2021-10-14,0.368379882077433,38842705905.6881441482563294697773,2.782029075436,105441984743.1392981,0.13241410211347285,0.3768233023534984,0.9775931577921775,0.880229965321243,-58.14958629101072,3,521
2021-10-15,0.361618091534717,38129729127.2013514798597203414494,2.733668033821,105441984291.7088182,0.1322831035300447,0.37661283045276206,0.9601852679845813,0.880229965321243,-58.91777083472235,3,522
2021-10-16,0.398575895964274,42026632836.4427590983609156793868,2.992620566993,105441982974.8304182,0.13318624497884976,0.37660272017815793,1.0583457702475472,0.880229965321243,-54.71911754119705,3,523
2021-10-17,0.383417687382522,40428321134.8918039229001959858004,2.889432894273,105441982634.8749682,0.13269651914826436,0.3764962080667283,1.0183839283570342,0.880229965321243,-56.441191224091945,3,524
2021-10-18,0.37976422278592,40043092431.548845878443118166336,2.859965397199,105441982232.5439683,0.1327862998474927,0.3762612544266956,1.009309936428511,0.880229965321243,-56.856249190820975,3,525
2021-10-19,0.374159273878486,39452095392.9979465782300798997538,2.775179095771,105441981924.0151283,0.13482346939289594,0.37592614149747644,0.9952999607530558,0.880229965321243,-57.493008802315046,3,526
2021-10-20,0.389962807573029,41118451105.0256943000806066338107,2.886518500242,105441981405.6892383,0.13509797617452834,0.37581688491165993,1.0376404659537695,0.880229965321243,-55.69762187876543,3,527
2021-10-21,0.374045033308563,39440049313.4745281869006136406429,2.764392941277,105441981048.6803983,0.13530820011997802,0.37555145208425644,0.9959887819170101,0.880229965321243,-57.50598729366661,3,528
2021-10-22,0.372548963136325,39282300561.1106331014372286129975,2.75410102631,105441980647.0814283,0.13527062354552538,0.3747763011546923,0.9940568867041357,0.880229965321243,-57.67595085218873,3,529
2021-10-23,0.377294452343986,39782674092.1538163567324909674438,2.788293178273,105441979984.0662683,0.135313766602432,0.3739857513910737,1.008847131048724,0.880229965321243,-57.136831599877304,3,530
2021-10-24,0.372182482228106,39243657721.9566803827853332673598,2.751761012278,105441979662.8276883,0.13525247307723168,0.3734063838711579,0.9967223333721199,0.880229965321243,-57.717585529790874,3,531
2021-10-25,0.38495782295899,40590714633.259585712813273007437,2.842076235263,105441978867.3414263,0.1354495063090265,0.3728212068328757,1.0325534489553723,0.880229965321243,-56.26622154149248,3,532
2021-10-26,0.373089026239277,39339244952.2337514672547560338251,2.755911192201,105441978148.6789463,0.13537773905599282,0.372261009996685,1.0022242894645328,0.880229965321243,-57.614596078523995,3,533
2021-10-27,0.332266280755448,35034813115.9609605525403963034024,2.477771413506,105441975743.9877163,0.13409884339786513,0.37109692487972085,0.8953625278979109,0.880229965321243,-62.25233247607217,3,534
2021-10-28,0.342823552697036,36147992392.5037001977482385080748,2.557490010579,105441974765.5109993,0.13404687849373959,0.36986822708018985,0.9268802443598639,0.880229965321243,-61.052955908866224,3,535
2021-10-29,0.361014555448302,38066087466.5341330929701933758686,2.708623438522,105441974269.6088393,0.13328340525816867,0.36872822578625475,0.979080336685632,0.880229965321243,-58.986336563019805,3,536
2021-10-30,0.357249975004315,37669142366.9865038251656134365795,2.674970640688,105441973415.2018393,0.13355285832686023,0.36722624398125353,0.9728334531084117,0.880229965321243,-59.41401803176113,3,537
2021-10-31,0.373031261409423,39333151065.7312363145353305545739,2.782235576085,105441969976.2397893,0.13407608781077082,0.3659137637605345,1.0194512979663328,0.880229965321243,-57.6211585488022,3,538
2021-11-01,0.366667195227518,38662110963.8277400244570558915754,2.735439635375,105441968812.7207403,0.13404324134436688,0.36454353971933023,1.0058255195245616,0.880229965321243,-58.344158950132815,3,539
2021-11-02,0.380500090088478,40120677519.3358173173805776452956,2.834164283676,105441965887.5942002,0.1342547756599901,0.36339466181475655,1.0470712150483958,0.880229965321243,-56.77264975299799,3,540
2021-11-03,0.384732247966495,40565444749.414670525111130921319,2.86387486085,105438119533.3211962,0.1343397552825706,0.36232703859233034,1.0618369787173785,0.880229965321243,-56.29184836645664,3,541
2021-11-04,0.369413534422922,38950215752.4378162770873760575556,2.751660609609,105437977017.5008698,0.13425112571401535,0.3614338344184349,1.0220778998660345,0.880229965321243,-58.032156484458774,3,542
2021-11-05,0.359840731416056,37940664984.3652381599554101403328,2.68371146186,105437382908.4328488,0.1340832412612126,0.3607214864292177,0.997558351674916,0.880229965321243,-59.11969080889777,3,543
2021-11-06,0.358952400916171,37846663825.5230706745753338603803,2.677478824333,105436441514.0426993,0.13406358162537155,0.3598897637323946,0.9973954168451409,0.880229965321243,-59.22061108369901,3,544
2021-11-07,0.363123675368323,38286209477.4412640916121899996585,2.70783309016,105435729131.6983395,0.1341012031679053,0.35924240837204297,1.0108040334488029,0.880229965321243,-58.74672646076077,3,545
2021-11-08,0.377490110700371,39800908564.0699415122444164437372,2.811794283643,105435632446.7040532,0.13425239282131604,0.3588735029529946,1.0518751247840519,0.880229965321243,-57.11460350448253,3,546
2021-11-09,0.414222226647198,43673682732.3176024459516911314006,3.06850934384,105435391736.0292197,0.13499135255323394,0.3587003906144315,1.1547861041847796,0.880229965321243,-52.94158992916969,3,547
2021-11-10,0.382615818361015,40340254818.925188219251702167891,2.84082215487,105432794158.1922994,0.13468488962080907,0.35846776166090877,1.0673646539042163,0.880229965321243,-56.53228889777934,3,548
2021-11-11,0.391713188144584,41299501164.7424664790387315849384,2.902889932376,105433011740.9744701,0.13493904256437614,0.35834865007958877,1.0931063590098218,0.880229965321243,-55.49876696124212,3,549
2021-11-12,0.379859504572504,40049663596.4992650807622965180312,2.817876365295,105432832703.6896953,0.13480346733833265,0.35782404436912174,1.0615818320488577,0.880229965321243,-56.84542454381531,3,550
2021-11-13,0.378760198280015,39933735465.4427263850925808657295,2.81016712168,105432766290.6121153,0.13478209013191395,0.3571764811894675,1.060428718650986,0.880229965321243,-56.97031307701674,3,551
2021-11-14,0.376606981340341,39706689883.2759368813622098258387,2.794867451194,105432697349.2636007,0.1347494963238597,0.3565791177274121,1.056166675548957,0.880229965321243,-57.21493289507623,3,552
2021-11-15,0.377466080990112,39796990336.795048487795171291328,2.801994014418,105431964197.698494,0.1347133787751917,0.3560035991637379,1.060287260793964,0.880229965321243,-57.117333439977315,3,553
2021-11-16,0.345276524400935,36402742621.363959677191221827606,2.573155765074,105430691196.0603076,0.1341840743135134,0.3550891193088715,0.9723658248750756,0.880229965321243,-60.77428194858998,3,554
2021-11-17,0.344965359596842,36369759286.5120775544487379249324,2.570037237216,105430178059.0871422,0.13422582155678284,0.35412742091733795,0.9741277834493517,0.880229965321243,-60.809632347503005,3,555
2021-11-18,0.32692733299064,34467311316.594017912395956696768,2.440788934766,105428050329.4009512,0.1339433034679759,0.3529902771973196,0.9261652632089054,0.880229965321243,-62.85887258208407,3,556
2021-11-19,0.354114793844788,37333493977.031573915938180750982,2.638724135821,105427659691.0413515,0.13419924767338756,0.35199395398658895,1.0060252167236936,0.880229965321243,-59.77019554025832,3,557
2021-11-20,0.348422363052625,36733160676.75658786580837960865,2.596854767571,105427103917.5762852,0.13417090836332218,0.35119476293270435,0.9921058051750885,0.880229965321243,-60.4168936778394,3,558
2021-11-21,0.345188351636147,36392025660.7791624906319182631556,2.573857761849,105426575051.8109548,0.13411321975623533,0.3499373888947816,0.9864288943984132,0.880229965321243,-60.784298963263616,3,559
2021-11-22,0.337169543713987,35546482713.9342570758801753786019,2.517020457746,105426137611.3125537,0.13395582172419984,0.34834803383347285,0.9679099950802946,0.880229965321243,-61.69528907244872,3,560
2021-11-23,0.341098793322374,35960571923.2261463845581563698504,2.545639931291,105425679091.2761996,0.13399333862169133,0.3469003017182169,0.983276150619911,0.880229965321243,-61.248900087389224,3,561
2021-11-24,0.327209286787293,34495856498.6685845841035890091331,2.460875712464,105424442066.9303967,0.13296457237967063,0.3454520213282561,0.9471916983700945,0.880229965321243,-62.82684074861314,3,562
2021-11-25,0.34238577373611,36095209898.287196894114938746504,2.574650706257,105422633377.5981464,0.13298338796172735,0.34403466647586706,0.9952071901455526,0.880229965321243,-61.102690521203165,3,563
2021-11-26,0.329252601996383,34710510156.3655101239258731039176,2.480297612438,105422128620.7081272,0.1327472156346372,0.3423461581261001,0.9617534597105244,0.880229965321243,-62.59470650079254,3,564
2021-11-27,0.324807590107262,34241630922.3552000593358630783292,2.448942128748,105421276981.3892066,0.13263179488578483,0.3403565788227979,0.954315592284669,0.880229965321243,-63.099689523893645,3,565
2021-11-28,0.322647231921042,34013906019.1369364258044233067266,2.433250328592,105421347694.8743673,0.13259927600944443,0.3388545982702681,0.9521701448587125,0.880229965321243,-63.345120635231865,3,566
2021-11-29,0.328848046836977,34665727108.7171790222927797047948,2.480452360122,105415639357.2936524,0.13257583661909264,0.3373014369432144,0.9749381734544447,0.880229965321243,-62.64066666749265,3,567
2021-11-30,0.337048191603162,35530133429.2761060146459458542432,2.541009440563,105415588377.0740336,0.13264342360274103,0.3356293643167653,1.004227363387244,0.880229965321243,-61.70907548231954,3,568
2021-12-01,0.328021109144915,34578350232.121413486783598582004,2.475879466472,105415015278.3161176,0.13248670364891715,0.3338653291883591,0.9824952771896033,0.880229965321243,-62.734612309499994,3,569
2021-12-02,0.337673390799601,35595711096.3615153687656288130339,2.543909581419,105414616804.9305939,0.1327379688594301,0.3319830876383017,1.0171403404967996,0.880229965321243,-61.63804868011214,3,570
2021-12-03,0.326927516704257,34462807305.4633811094298424990016,2.480686282728,105414214297.0452288,0.13178914197273514,0.3303907288401847,0.9895178289412506,0.880229965321243,-62.85885171099081,3,571
2021-12-04,0.292671665809468,30850622152.3465576079349928974476,2.230124514198,105410348032.9066157,0.13123557180156772,0.3286268500958785,0.8905896329654124,0.880229965321243,-66.75054504618501,3,572
2021-12-05,0.286046038891058,30151837845.3273222375339704818846,2.181941625178,105409038217.1339687,0.13109701725761005,0.32773157123326774,0.8728058691893938,0.880229965321243,-67.50326049322071,3,573
2021-12-06,0.296125093874388,31214076122.6810786283354390114708,2.259610008513,105408412756.5414641,0.1310514171732057,0.3267473977954467,0.9062814145493849,0.880229965321243,-66.35821256479082,3,574
2021-12-07,0.286024192024266,30148604149.243000600502807011218,2.199946900093,105405783811.060373,0.13001413443759696,0.32609117257166015,0.8771295149408277,0.880229965321243,-67.50574244312617,3,575
2021-12-08,0.304712649851688,32117612446.01363677184315658564,2.341868724754,105402950818.241905,0.13011517111562107,0.325651389267337,0.93570198038228,0.880229965321243,-65.3826088798872,3,576
2021-12-09,0.276576487203256,29150653650.7321216130987667724336,2.131745173312,105398162893.3963306,0.12974181467175605,0.3252128096634068,0.8504477037343975,0.880229965321243,-68.57906477856403,3,577
2021-12-10,0.262759874469253,27693532117.6093081805711303657832,2.034974303589,105394829303.9311944,0.12912196188710306,0.3243636600435293,0.8100780291910347,0.880229965321243,-70.14872421738588,3,578
2021-12-11,0.273934410529145,28870773080.9606300951749497734595,2.117966123143,105393013696.9373211,0.12933842875760182,0.32358939705532463,0.846549401871502,0.880229965321243,-68.87922232581894,3,579
2021-12-12,0.276556255745986,29145545535.8187729586556073557498,2.137965759144,105387402852.9972893,0.12935485732788993,0.322762382478244,0.8568416604888194,0.880229965321243,-68.58136320716417,3,580
2021-12-13,0.254040705857114,26771952170.6208780626319172145644,1.971661883136,105384497654.7925646,0.12884597913565837,0.32193367484599655,0.7891088311238006,0.880229965321243,-71.13927997618202,3,581
2021-12-14,0.266782905945469,28114472379.5173743091311809754578,2.072253988407,105383335112.4229562,0.12874044756963046,0.32128197893628674,0.830369966061416,0.880229965321243,-69.69168098610393,3,582
2021-12-15,0.271408312638975,28601204764.445960655814369352565,2.103778541123,105380725027.7224814,0.12900992539552042,0.32080116045954293,0.8460328268457216,0.880229965321243,-69.16620390900648,3,583
2021-12-16,0.256504590414164,27030111712.8026255822789800995836,1.991730790062,105378666592.9002499,0.12878476935438615,0.32021333826724635,0.8010428041572967,0.880229965321243,-70.85936624293952,3,584
2021-12-17,0.254567057548036,26825829670.562538083795060220156,1.978501297224,105378244651.708671,0.1286666113917714,0.31948261355714963,0.7968103638368996,0.880229965321243,-71.07948291045388,3,585
2021-12-18,0.255689804969722,26943096411.508321284513073651674,1.987389268121,105374152147.751217,0.12865612644243915,0.3186677882458919,0.8023710409425675,0.880229965321243,-70.95193130849539,3,586
2021-12-19,0.25406814086811,26772007883.492270534335966974969,1.975934145408,105373337215.8217979,0.12858127962338992,0.317834720166075,0.7993718896895667,0.880229965321243,-71.13616317579157,3,587
2021-12-20,0.257874702978112,27172856694.8024366027222413777024,2.015104673123,105372323771.9398402,0.1279708723906927,0.31699614847467134,0.8134947513367555,0.880229965321243,-70.70371230954406,3,588
2021-12-21,0.268084571192447,28248896219.1039070622902335841556,2.049804270572,105373077210.1210348,0.13078544866024586,0.3164052114188802,0.847282413555247,0.880229965321243,-69.54380312483357,3,589
2021-12-22,0.268328385478405,28274991745.933485336911666947093,2.052180834212,105374583071.1192106,0.1307527977091932,0.3158790345103274,0.849465637674767,0.880229965321243,-69.51610419437634,3,590
2021-12-23,0.287808980128381,30328261808.1389410107382444541991,2.129608559703,105376356896.8925811,0.13514642341995445,0.31542264395000325,0.9124550365952826,0.880229965321243,-67.30297860021793,3,591
2021-12-24,0.2784376155428,29340613427.11060512369782913704,2.059005056173,105375896751.2797018,0.13522920437132008,0.3150772490277265,0.8837122210569313,0.880229965321243,-68.36762817530494,3,592
2021-12-25,0.290465508773267,30607845157.5510461545123426357615,2.143852076307,105375145182.7041845,0.13548766353022965,0.314772964906511,0.9227778149865461,0.880229965321243,-67.00117921260946,3,593
2021-12-26,0.291851542048446,30754208152.7204856502395078107316,2.153711784194,105376205782.1007846,0.13551095563962282,0.31442544194649374,0.9282058736777121,0.880229965321243,-66.84371658014008,3,594
2021-12-27,0.300899917703978,31707944248.5622901975854153058862,2.21858638505,105377045266.4470779,0.13562686570673993,0.314230765131542,0.9575762499830864,0.880229965321243,-65.81576070360617,3,595
2021-12-28,0.276262295500881,29111538779.5344458003336523539313,2.040526017064,105376445695.3975073,0.13538778392954753,0.3140269184903989,0.8797408095743471,0.880229965321243,-68.61475905332783,3,596
2021-12-29,0.267393847928107,28177007791.1262763172413169257412,1.977091083746,105376425110.2071116,0.13524609469254958,0.31371350792015024,0.8523504445213974,0.880229965321243,-69.62227389855778,3,597
2021-12-30,0.267635801749916,28202674165.7149229877860108916852,1.982116766347,105377060846.5456347,0.13502524487654843,0.3133308613433153,0.8541635528734868,0.880229965321243,-69.59478632924734,3,598
2021-12-31,0.267536578229185,28191908441.3852673539697852384385,1.981594501272,105375902719.4953921,0.13501075929381684,0.3129529201016277,0.8548780377007049,0.880229965321243,-69.60605878356498,3,599
2022-01-01,0.275673318527507,29049495127.8392292100766106406082,2.041069218457,105376520596.9348726,0.13506318944729837,0.3126593877939196,0.8817049136845655,0.880229965321243,-68.68167076919507,3,600
2022-01-02,0.291755514093706,30744497509.8296404680944405383598,2.15432595059,105377605648.1151083,0.13542774899675863,0.3125365436220081,0.9335084810004318,0.880229965321243,-66.85462599682927,3,601
2022-01-03,0.290362195347181,30597472116.4101347332171968366865,2.144056016003,105376914098.0122165,0.13542659015433794,0.31240614957269186,0.9294381552486642,0.880229965321243,-67.01291630747741,3,602
2022-01-04,0.279815021099228,29485920137.2964161640347875095792,2.067954432795,105376473433.9980964,0.13531005164414403,0.312318858594843,0.8959273940681862,0.880229965321243,-68.21114570927968,3,603
2022-01-05,0.267242152865442,28160728820.8761315659226144770118,1.979802875622,105375325407.7968179,0.13498422300325322,0.3122030924868194,0.8559881669869253,0.880229965321243,-69.63950747031078,3,604
2022-01-06,0.268053757016577,28246145164.0433688307427852984322,1.986825025735,105374927322.1213186,0.13491563350799549,0.3120588008702617,0.8589847691173441,0.880229965321243,-69.54730382091118,3,605
2022-01-07,0.256359328311151,27013995616.1670528762727243937423,1.903169883665,105375512543.7813473,0.13470123214511517,0.31214344824381374,0.8212869107248086,0.880229965321243,-70.87586898753307,3,606
2022-01-08,0.255739100932605,26949085075.0919280704137568896425,1.899040659809,105377257434.6925085,0.1346675225786511,0.3122592918720666,0.8189959677401112,0.880229965321243,-70.94633095803866,3,607
2022-01-09,0.260978574880569,27501490922.7079845484381417852155,1.938139163534,105378347380.7894995,0.13465419810448548,0.3122931925102537,0.8356844822097752,0.880229965321243,-70.35109174165368,3,608
2022-01-10,0.252851505617945,26645096632.4703999379018696004475,1.878966103442,105378437701.4181555,0.13456948752548376,0.31222576541826147,0.8098354896471213,0.880229965321243,-71.27438106180969,3,609
2022-01-11,0.262211888919067,27631616542.187111090374759767087,1.948231972414,105378961480.712061,0.13458966521023036,0.3123167376721417,0.8395704017449335,0.880229965321243,-70.21097903394235,3,610
2022-01-12,0.282750566493904,29798232524.898322826108878735992,2.100928230403,105386994955.9968855,0.13458363898497702,0.3124968056742476,0.9048110616165734,0.880229965321243,-67.87764815633001,3,611
2022-01-13,0.270373726193993,28494838139.801863112827206333723,2.009947708335,105390558990.028611,0.1345177912205314,0.31256078231559,0.865027672988734,0.880229965321243,-69.28373983549638,3,612
2022-01-14,0.268970502439786,28348966710.0418667967372692639934,1.999055248043,105398050912.2494019,0.13454880884512724,0.31258952373303794,0.860459106970891,0.880229965321243,-69.44315542113767,3,613
2022-01-15,0.259723740669877,27372510629.4054514517556604771107,1.938691660252,105390868616.0399991,0.13396856549953745,0.3124836613689546,0.8311594261666594,0.880229965321243,-70.49364928458327,3,614
2022-01-16,0.259163891024329,27312818044.6635554780336891149128,1.935038933446,105388207966.4391432,0.13393213260200343,0.31237185730223094,0.8296646607750541,0.880229965321243,-70.55725194157118,3,615
2022-01-17,0.255771408481494,26954409103.773912587420615092647,1.910762880251,105384762369.6538505,0.13385826735753606,0.3122989890555205,0.8189953136096222,0.880229965321243,-70.94266060481714,3,616
2022-01-18,0.25448058186402,26817981990.466297164084155953326,1.905533437065,105383215465.9105063,0.1335482111801638,0.31225766076659783,0.8149698593119089,0.880229965321243,-71.08930712542302,3,617
2022-01-19,0.246746178415243,26002576238.4865689200413064936933,1.85086778141,105381880301.0090831,0.13331377902492342,0.3121780609711005,0.790402046984606,0.880229965321243,-71.96798698790127,3,618
2022-01-20,0.232683410408078,24520778350.9495781124439427618158,1.75071030266,105382581026.9209361,0.13290800314280593,0.3120026581330943,0.7457738078270466,0.880229965321243,-73.56561130895386,3,619
2022-01-21,0.2039157681581,21488809023.567192286157045585,1.547368659749,105380810996.95285,0.13178227882111646,0.3117438589202856,0.6541131840234333,0.880229965321243,-76.83380750578286,3,620
2022-01-22,0.191943198456545,20226998609.3551250797854442442935,1.461828356954,105380126891.7294743,0.13130351285324324,0.31140847456253284,0.6163711463735441,0.880229965321243,-78.19397134628396,3,621
2022-01-23,0.200022119559309,21078329493.4293716507678159079246,1.522622920032,105379992672.1573894,0.13136681244434784,0.3111169764647569,0.6429161205928836,0.880229965321243,-77.27615197849914,3,622
2022-01-24,0.197226895257265,20783811280.5117608719094696299535,1.502935875488,105380208178.0029119,0.1312277512792925,0.31088682460236927,0.6344009448117408,0.880229965321243,-77.59370811861803,3,623
2022-01-25,0.196919548019506,20751364968.216585153214138553113,1.50434756296,105379913659.7705605,0.13090030048112095,0.3106352649163692,0.6339252823484857,0.880229965321243,-77.6286248165115,3,624
2022-01-26,0.197164991584844,20777242617.5912914975276810866144,1.505675448473,105379978720.2609576,0.1309478691339501,0.31039205773343315,0.6352127468228284,0.880229965321243,-77.60074078904051,3,625
2022-01-27,0.192710377816935,20307770773.679286338882279001504,1.472784018966,105379746559.2155584,0.13084768393415316,0.3101295203393242,0.6213867599771974,0.880229965321243,-78.10681464966889,3,626
2022-01-28,0.198476529639065,20915456898.026087959652418808284,1.516810451479,105380001031.1618136,0.13085124080305224,0.30992736373735025,0.6403969215421234,0.880229965321243,-77.45174131096181,3,627
2022-01-29,0.202334028105322,21322056137.0179722352339696399016,1.545870196992,105380475724.6225028,0.13088681604641164,0.3097779709743433,0.6531582199629034,0.880229965321243,-77.01350373462013,3,628
2022-01-30,0.195718998392753,20624986173.4304957274084083857174,1.496535303543,105380603532.6317558,0.1307814108557242,0.30955763221345833,0.6322538294187273,0.880229965321243,-77.76501526833108,3,629
2022-01-31,0.19978710567034,21053891848.251686801857636533638,1.527289012045,105381635003.9716607,0.13081159105756304,0.3093587014284831,0.6458105259293195,0.880229965321243,-77.30285112511173,3,630
2022-02-01,0.202477876392436,21337482465.9486939222127628463036,1.548044471917,105381796994.9125851,0.13079590416527262,0.309183869976722,0.6548785239271385,0.880229965321243,-76.99716160895058,3,631
2022-02-02,0.193076523697175,20346555557.10264953140295404826,1.4774579216,105380784610.6375192,0.13068157195846533,0.30898710592998996,0.6248691935414358,0.880229965321243,-78.06521803348161,3,632
2022-02-03,0.193473361253326,20388364667.1804058977865619231922,1.480532611073,105380733218.7955647,0.13067821661362006,0.30880376306269475,0.6265252707236154,0.880229965321243,-78.02013463802982,3,633
2022-02-04,0.208256867527821,21946498782.3699802309760216043756,1.591940975288,105381873082.4718236,0.1308194655207898,0.3087795284244247,0.6744516665028617,0.880229965321243,-76.3406296385494,3,634
2022-02-05,0.2136905806153,22519209913.11460630126371307044,1.632509648763,105382323583.3458948,0.13089697863483962,0.3087881006292739,0.6920298424059207,0.880229965321243,-75.72332355928,3,635
2022-02-06,0.223325210668454,23534744882.7098402878049943608326,1.704610105301,105383287503.7527569,0.131012487825783,0.30876797431801944,0.7232784137076257,0.880229965321243,-74.62876526965874,3,636
2022-02-07,0.239367042883307,25225460869.0547697009555249207272,1.718148516335,105384018473.0541496,0.1393168521856907,0.30865365083390695,0.775519882031512,0.880229965321243,-72.80630604344978,3,637
2022-02-08,0.243119375571331,25620887223.0481370918982283264721,1.742950436966,105383979219.4225691,0.13948725701835524,0.30852773403464456,0.7879984479581053,0.880229965321243,-72.38001600154527,3,638
2022-02-09,0.239645593282343,25254690973.1331169026578960761406,1.717986589876,105383498303.5921042,0.13949212100639274,0.3083941833144092,0.7770755943150305,0.880229965321243,-72.77466085866736,3,639
2022-02-10,0.232654234150678,24517844345.8371170458930267510966,1.669316904342,105383185633.1408497,0.13937092085123529,0.30825128209661673,0.7547551224061285,0.880229965321243,-73.56892592655943,3,640
2022-02-11,0.215301943398575,22688962098.3710791078093177663475,1.600187166012,105382058982.9438973,0.13454797536912655,0.30801961863305133,0.6989877604357001,0.880229965321243,-75.54026199051293,3,641
2022-02-12,0.217709702715492,22942738271.9326597545960981496008,1.617914773764,105382249783.8543874,0.13456191033412776,0.3078022662891467,0.7073037679033118,0.880229965321243,-75.26672445921128,3,642
2022-02-13,0.211419311458119,22279779582.4416468692297852750271,1.572379079865,105381951292.8228809,0.13445823221984796,0.3075246443097058,0.6874873782317108,0.880229965321243,-75.9813548973011,3,643
2022-02-14,0.211035734554729,22239311216.1990444176395529031844,1.570028968296,105381731975.9730436,0.13441518520755222,0.3072146643992364,0.6869324905678348,0.880229965321243,-76.02493179407828,3,644
2022-02-15,0.220467924871922,23233373435.664106300005083290263,1.638398775041,105382102404.0627915,0.1345630430335282,0.3069225178235832,0.7183178557092553,0.880229965321243,-74.95337200984046,3,645
2022-02-16,0.219943742042757,23178124987.9693607575691062991634,1.634456283683,105382061670.4045162,0.13456691637364998,0.30658757521931873,0.7173928750550941,0.880229965321243,-75.01292267839487,3,646
2022-02-17,0.202883894736909,21380105156.4414760287838762769718,1.510945966718,105380987407.4345102,0.1342760755221466,0.30621356450631615,0.6625568500337423,0.880229965321243,-76.9510352146594,3,647
2022-02-18,0.201116658526994,21194118540.8517793429252807839734,1.498411462056,105382212970.7226211,0.13421991463615598,0.30583871171667865,0.6575905888372413,0.880229965321243,-77.15180504521955,3,648
2022-02-19,0.20354323781917,21449898048.64901570518374620989,1.516216270674,105382513703.085217,0.1342441983746088,0.30548431343785754,0.6662968567142984,0.880229965321243,-76.8761294390965,3,649
2022-02-20,0.195431068070345,20594963214.037568001083895426175,1.457192615497,105382237416.951815,0.13411478070364086,0.30505563814017245,0.6406407344634778,0.880229965321243,-77.79772607502386,3,650
2022-02-21,0.180218320880307,18991473747.9148268578910480450823,1.346171168978,105380372290.3850589,0.1338747441880864,0.30455147368223384,0.591749955110528,0.880229965321243,-79.5259957078903,3,651
2022-02-22,0.185251140311845,19521782713.666169729230623594582,1.383728378175,105380094723.3248556,0.1338782547454673,0.3040543517774713,0.6092698204412644,0.880229965321243,-78.95423382408518,3,652
2022-02-23,0.182195540074589,19199685572.7323244935207685258443,1.361524207347,105379558494.5282887,0.13381733434589926,0.30343072859070286,0.6004518425698151,0.880229965321243,-79.30137040857316,3,653
2022-02-24,0.182406639652863,19222305806.2807374802011313450146,1.364194994566,105381612439.4517342,0.1337100930434752,0.3028979550581429,0.602204922835643,0.880229965321243,-79.27738808729454,3,654
2022-02-25,0.190156073017222,20039029969.4259596134027205539356,1.420467782637,105382014108.0167898,0.13386862788553391,0.3023538225654912,0.6289190307029552,0.880229965321243,-78.39700072607458,3,655
2022-02-26,0.19237400112621,20272821323.123432766231183072693,1.436770036582,105382334434.1792233,0.1338933832333096,0.3017664187921754,0.6374930712840409,0.880229965321243,-78.14502928720424,3,656
2022-02-27,0.180541462523223,19025730197.2517387504658064374396,1.34971690082,105381500356.4871652,0.13376246708738534,0.30098463378407103,0.5998361452988494,0.880229965321243,-79.48928466013608,3,657
2022-02-28,0.196260952414055,20682553220.337195191737363851071,1.465881036514,105382924957.4967322,0.1338860027009979,0.3003336543986682,0.6534763904731593,0.880229965321243,-77.70344567371905,3,658
2022-03-01,0.198393086444228,20907401602.6548185951950609669,1.48161279483,105383720659.702925,0.13390346461404012,0.2995245233194962,0.6623600773837356,0.880229965321243,-77.46122101491696,3,659
2022-03-02,0.193601630582414,20402473537.2593369021151623737046,1.440450820712,105383789774.3027389,0.134403499098094,0.29852399652218226,0.6485295414703057,0.880229965321243,-78.00556238598871,3,660
2022-03-03,0.188280981071811,19841667132.8412038904144062316507,1.401620866248,105383278862.7414537,0.13433089190218786,0.29750675537817806,0.6328628767856923,0.880229965321243,-78.61002368817367,3,661
2022-03-04,0.175999982065745,18547220522.0714627558517168635455,1.31227244727,105381945522.8303759,0.13411847702196936,0.29651705020407354,0.5935577125990413,0.880229965321243,-80.00522715657456,3,662
2022-03-05,0.179967977427144,18965331371.3768694384020108452032,1.342424517373,105381699802.9805528,0.13406189703635968,0.2957021790934674,0.608612280027394,0.880229965321243,-79.55443639532722,3,663
2022-03-06,0.173147486180619,18246459228.4094289072518312324271,1.292288780291,105381023027.8227309,0.13398513460871286,0.29484075989575886,0.5872576310067692,0.880229965321243,-80.32928973084572,3,664
2022-03-07,0.170505639984861,17968164833.45525427027504525681,1.273308686085,105381645059.07621,0.1339075448461041,0.2938620165524307,0.5802234735377564,0.880229965321243,-80.62942109422117,3,665
2022-03-08,0.172560636948203,18184808368.9487383257601371361992,1.28929057462,105382135176.0959064,0.13384154072410154,0.2928054728953893,0.5893354220528993,0.880229965321243,-80.39595972113646,3,666
2022-03-09,0.188899823313111,19906973496.9329542095097996579326,1.410499688352,105383759221.0774066,0.13392404470065344,0.2918836593591887,0.6471750550470283,0.880229965321243,-78.53971907850564,3,667
2022-03-10,0.179179124926546,18882461436.0590410662330777196796,1.341289681566,105383154671.6162126,0.13358719401863173,0.29091931810511423,0.6159065891313737,0.880229965321243,-79.64405530534808,3,668
2022-03-11,0.184433423672036,19436267635.6383902284829273307176,1.379607884918,105383651448.1259866,0.13368539400816645,0.28994648935883005,0.6360946948517321,0.880229965321243,-79.0471318930018,3,669
2022-03-12,0.18549392594352,19548079843.166990462923113175776,1.386783920494,105383935046.5797738,0.13375834778747894,0.2891047642251994,0.6416149053809045,0.880229965321243,-78.92665175562124,3,670
2022-03-13,0.176641690698318,18615123764.736679914805543477875,1.322551920461,105383523511.0435625,0.13356125227714785,0.2881959957554335,0.6129220853166129,0.880229965321243,-79.93232477221427,3,671
2022-03-14,0.180074159927281,18976947281.1075968543453924009744,1.344092140132,105384066702.1355024,0.13397456509908343,0.28740268738663804,0.6265569802589571,0.880229965321243,-79.54237335449466,3,672
2022-03-15,0.182134495526487,19193836422.4898087981758472158701,1.359603877436,105382763254.1938523,0.13396144167370583,0.2865362420346528,0.6356420892281411,0.880229965321243,-79.30830547673796,3,673
2022-03-16,0.188887422805236,19905569062.7739842101224558605112,1.409348797012,105383242394.5920742,0.1340246099515617,0.28574686277881034,0.6610306092894854,0.880229965321243,-78.54112785897934,3,674
2022-03-17,0.189931912018988,20015644426.2215007049818054337316,1.416994018456,105383261893.4541307,0.13403861240426662,0.28496531595772717,0.6665088745297102,0.880229965321243,-78.42246691185166,3,675
2022-03-18,0.193117956963306,20351435457.1969630127612881249308,1.43801017147,105383444280.4503318,0.13429526493953237,0.28427064051495526,0.6793454174988789,0.880229965321243,-78.06051093786304,3,676
2022-03-19,0.199275583430742,21000452770.7269863195002569702326,1.483287372507,105383973335.7281553,0.13434725267965672,0.2835564206613773,0.7027722488735906,0.880229965321243,-77.36096346617606,3,677
2022-03-20,0.197146219009965,20775997139.9701032690070091533965,1.467669199297,105383695636.1813601,0.1343260586952402,0.2827738847664841,0.6971867970508282,0.880229965321243,-77.60287347886234,3,678
2022-03-21,0.203512746710968,21447051946.3126562046462222266128,1.514193674765,105384317655.4051246,0.1344033792391537,0.2819851913893472,0.7217143060181858,0.880229965321243,-76.87959343253041,3,679
2022-03-22,0.207114928980244,21826760557.6277873799113135192708,1.540087008005,105384776776.3267757,0.13448261552997373,0.28117726076141275,0.7365991418345424,0.880229965321243,-76.4703614805187,3,680
2022-03-23,0.209461198480421,22073933401.6746970735023254710484,1.556963742769,105384355488.3412804,0.134531840868627,0.2803637769516814,0.7471050674157527,0.880229965321243,-76.20380960287152,3,681
2022-03-24,0.214917333723439,22649055835.5280313655390762453731,1.596883344828,105384965666.2566029,0.13458549393699618,0.2794580852471071,0.7690503337321631,0.880229965321243,-75.58395621705469,3,682
2022-03-25,0.211430484424313,22281542123.845203151332774444589,1.571299360806,105384718691.412053,0.13455773590836279,0.27839796357795804,0.7594541343155603,0.880229965321243,-75.98008557375677,3,683
2022-03-26,0.215023946451961,22660265862.4397452894533922792238,1.597690623396,105384847763.9318558,0.13458422006315152,0.2777952513612931,0.7740375164739823,0.880229965321243,-75.57184429940564,3,684
2022-03-27,0.229564799298656,24192933474.4403653562257102068896,1.703998100087,105386076386.0672791,0.134721276559484,0.2772919704891698,0.8278811640080365,0.880229965321243,-73.91990634914643,3,685
2022-03-28,0.232402584251853,24492220302.4294412127427546842549,1.708083572951,105387039396.6333833,0.13606042932099552,0.2767928959752801,0.8396262607570986,0.880229965321243,-73.59751503494466,3,686
2022-03-29,0.233027542700851,24558100736.596251539179160110275,1.711937827911,105387116269.439025,0.1361191620990138,0.2763778821285151,0.8431483044381015,0.880229965321243,-73.52651558325365,3,687
2022-03-30,0.234941652060687,24759880614.7895792143077897135906,1.724492065787,105387360638.7765438,0.13623817512518827,0.27593592297237723,0.8514355417370069,0.880229965321243,-73.30905998241674,3,688
2022-03-31,0.228455575213029,24076320736.3627019996350282674117,1.678820282109,105387319674.3487073,0.13608101930126443,0.2754090155274607,0.8295137861608962,0.880229965321243,-74.04592160985416,3,689
2022-04-01,0.232465946952974,24499091062.2578100078250804406566,1.707936485312,105387870281.1202709,0.13610924583680165,0.2749776953409934,0.845399284711796,0.880229965321243,-73.59031660912217,3,690
2022-04-02,0.23395252896925,24655820095.68127753316072308795,1.718355954023,105388132388.6948134,0.13614904899157965,0.2744980291472847,0.852292199313826,0.880229965321243,-73.42143096845514,3,691
2022-04-03,0.236989371129322,24975893390.5677758421142691032324,1.740278606623,105388242820.9776442,0.13617898319694824,0.2739805031164073,0.8649862615539153,0.880229965321243,-73.07642542675403,3,692
2022-04-04,0.232372896393073,24489320962.9953905572221321689468,1.706723172492,105388026500.1741116,0.13615148615682265,0.27348823046430853,0.8496632414439448,0.880229965321243,-73.60088777388216,3,693
2022-04-05,0.225834272296538,23800728339.1335370544524692777634,1.660098699407,105390240804.0234293,0.13603665395148357,0.2730233314946592,0.8271610746972213,0.880229965321243,-74.34371911956906,3,694
2022-04-06,0.204036224935692,21503271642.9641419352908540424796,1.502614070752,105389479979.5552413,0.13578751118281476,0.27243506993487665,0.7489352416502956,0.880229965321243,-76.82012281174406,3,695
2022-04-07,0.213331130809135,22483172229.9845660729197908290665,1.5701751551,105390957919.3109479,0.13586454359325825,0.27193470330090097,0.7844939546869087,0.880229965321243,-75.76415945675298,3,696
2022-04-08,0.20123022830204,21207722742.717544120654298812248,1.483392088073,105390342801.2089962,0.13565545476479388,0.2715331615944208,0.7410889598914266,0.880229965321243,-77.13890276064389,3,697
2022-04-09,0.204515365438473,21553974317.1485143546201693235175,1.508086000555,105390488733.8788975,0.13561253493713757,0.2712322440138475,0.7540230557102632,0.880229965321243,-76.7656892521451,3,698
2022-04-10,0.202011471310403,21290058650.7854883296505773954174,1.489918310856,105390344977.3503658,0.1355856021356914,0.27078201652514833,0.7460298652870162,0.880229965321243,-77.05014833973777,3,699
2022-04-11,0.186658730474392,19671830630.6104803765378424425648,1.380636060795,105389287608.5390994,0.13519763518773364,0.2702094622144578,0.6907927240765762,0.880229965321243,-78.79432218530867,3,700
2022-04-12,0.192686968934643,20307165245.3410574231430283481628,1.430468181309,105389406235.5041396,0.1347020307423532,0.26976527963198466,0.7142763857435903,0.880229965321243,-78.1094740549623,3,701
2022-04-13,0.1964073746492,20699391340.81354041316892989908,1.458100575462,105390092290.4976699,0.1347008415979592,0.2693605255404076,0.7291616849022531,0.880229965321243,-77.68681113037086,3,702
2022-04-14,0.193959890807703,20441338483.878441582345318167982,1.440292496227,105389513258.411394,0.13466701473193926,0.2689529537378179,0.7211666133876335,0.880229965321243,-77.96486163284425,3,703
2022-04-15,0.203724671897669,21470605758.092923270112750295469,1.510306083745,105390307212.656201,0.13488965852041543,0.2686364466033309,0.7583657187011903,0.880229965321243,-76.85551731662316,3,704
2022-04-16,0.205920957186238,21702083917.9098215716896336271222,1.526250656719,105390360526.9381669,0.13491948801444503,0.26837800494405273,0.767279558655208,0.880229965321243,-76.60600464662816,3,705
2022-04-17,0.197476143344128,20811985750.9090653155508222323712,1.464561551866,105389873422.0338654,0.13483635637745875,0.26801967819873285,0.7367971809805032,0.880229965321243,-77.56539187210487,3,706
2022-04-18,0.205002984950734,21605358696.2661077628427822734304,1.519291231278,105390459077.7459856,0.13493330358939098,0.2676548952427571,0.7659227930981827,0.880229965321243,-76.71029242046794,3,707
2022-04-19,0.204018945566202,21501630036.4449564371369256144282,1.568377201494,105390359590.2465041,0.13008283043891372,0.2671778952029405,0.7636071292920217,0.880229965321243,-76.82208586346584,3,708
2022-04-20,0.200449211606108,21125390427.0577778530769910905152,1.541321267463,105390239541.4263344,0.13005024704294485,0.26659112718732103,0.7518975358293218,0.880229965321243,-77.2276314709471,3,709
2022-04-21,0.1948635429312,20536657096.76595669365778367872,1.499326186047,105389939995.1728506,0.1299674111908638,0.265992105808882,0.7325914516847031,0.880229965321243,-77.8622007193218,3,710
2022-04-22,0.19567578070313,20622263498.970651730948136135098,1.505902090235,105389964076.6363946,0.12993924503590687,0.2654190426449807,0.7372333904649867,0.880229965321243,-77.7699250863702,3,711
2022-04-23,0.192401959729318,20277227807.5554317358842281691562,1.481231592163,105389923450.2735159,0.12989323259596358,0.26478875329790086,0.7266243650192196,0.880229965321243,-78.14185300325465,3,712
2022-04-24,0.190128519118823,20037612189.2831307454551028751552,1.464082370573,105389829375.1522624,0.12986190049157692,0.2639618854801321,0.7202877747785053,0.880229965321243,-78.40013103286765,3,713
2022-04-25,0.192277810991071,20264125492.6263839828430146403038,1.480596402761,105389828333.1684578,0.1298651074881132,0.263204583722754,0.7305260731842209,0.880229965321243,-78.15595712866937,3,714
2022-04-26,0.179941759528634,18963887728.0349824768536411999218,1.387710627512,105389031304.9721677,0.1296680705337309,0.26242829463265877,0.6856797197897904,0.880229965321243,-79.55741492361447,3,715
2022-04-27,0.184176509173393,19410184994.9658707543515071517892,1.42037416961,105389037299.4970244,0.12966759964662225,0.2615862273842963,0.7040757115351464,0.880229965321243,-79.07631909506998,3,716
2022-04-28,0.185707530883918,19571541658.751455743513254473613,1.432681041138,105389057544.3880535,0.12962238317637523,0.2608513323424289,0.7119286269932985,0.880229965321243,-78.90238480848089,3,717
2022-04-29,0.177844512011603,18742731036.0815744116379201068158,1.373314296691,105388301410.4970186,0.12950022616098822,0.26003175910099835,0.683933811110076,0.880229965321243,-79.7956762416401,3,718
2022-04-30,0.168906574399274,17800613715.1615917272517178223132,1.305419196577,105387334853.4271318,0.12938876250799108,0.2592113160962131,0.6516172864018787,0.880229965321243,-80.81108561924144,3,719
2022-05-01,0.175722805657165,18519010160.5233053300384927754695,1.361151344748,105387630770.3274083,0.12909865338280796,0.2582543274903763,0.6804254060901002,0.880229965321243,-80.03671624686915,3,720
2022-05-02,0.173705195232594,18306349526.8796135136730539418242,1.346959984641,105387461223.4085593,0.1289609173348167,0.2572809540561521,0.6751576146389853,0.880229965321243,-80.26593025957715,3,721
2022-05-03,0.171598804376148,18084327926.4140283103073649689844,1.331211829363,105387260663.9660553,0.12890420637131808,0.25633085762035923,0.6694426335135027,0.880229965321243,-80.50523032199632,3,722
2022-05-04,0.184357626130745,19429106367.9773691452490179394645,1.428885028811,105388134875.4100221,0.1290220153570733,0.2552597662711916,0.7222353480292731,0.880229965321243,-79.05574299967589,3,723
2022-05-05,0.170901342498941,18010866808.0179196238248232563191,1.32622492414,105387509218.2469251,0.12886301515541432,0.2541971845467737,0.6723179991299008,0.880229965321243,-80.58446664712557,3,724
2022-05-06,0.171820226110272,18107708798.8082823007774508461056,1.333183811993,105387527468.3144048,0.12887962227310193,0.25315746456339544,0.6787089071483609,0.880229965321243,-80.48007533490801,3,725
2022-05-07,0.167325619351428,17634013702.4175890675418175932,1.298957096694,105387410312.7119,0.12881535485451487,0.2521232962907602,0.6636658405356576,0.880229965321243,-80.99069266627819,3,726
2022-05-08,0.16169156535574,17040198208.645248218188721111732,1.255964385759,105387056963.3911118,0.12873897316604813,0.2509819400796738,0.6442358573864371,0.880229965321243,-81.63075881008776,3,727
2022-05-09,0.143889193834015,15163894272.8398323424657913230175,1.123756104504,105385914458.1233345,0.1280430809294908,0.249831160882301,0.575945744021112,0.880229965321243,-83.65322705396628,3,728
2022-05-10,0.147959405586874,15592877628.7678655684209215866598,1.156106983992,105386187291.8416527,0.1279807211924064,0.24870821309455377,0.594911618502212,0.880229965321243,-83.19082382830767,3,729
2022-05-11,0.124867416186671,13159026727.2493115873060093984331,0.978531740219,105383991509.6599461,0.12760691457869835,0.2474460779137672,0.504624753964321,0.880229965321243,-85.81422797381136,3,730
2022-05-12,0.121008470946082,12752356190.8487179094440901546414,0.953099433689,105383995774.4017127,0.12696311283883055,0.24619020785735707,0.4915243055328767,0.880229965321243,-86.25262991337502,3,731
2022-05-13,0.131533861498858,13861691601.6838285669289032626786,1.037275948934,105384966606.5203917,0.12680700987430998,0.24492308805005641,0.5370414955407374,0.880229965321243,-85.05687528476103,3,732
2022-05-14,0.138008007853675,14544086473.615737468971386013965,1.087698181757,105385815648.0044038,0.12688079300706878,0.24374768295812843,0.5661920810028064,0.880229965321243,-84.32136904095186,3,733
2022-05-15,0.144363258218219,15214012583.0863893723778863182394,1.134650326224,105387013086.7297326,0.12723149580245144,0.2428081678454423,0.59455684501566,0.880229965321243,-83.5993701753231,3,734
2022-05-16,0.135357438385698,14264782995.6376332667571994527364,1.064515254093,105386029506.4867618,0.1271540617809434,0.2417708372738856,0.5598584176319034,0.880229965321243,-84.62249142628326,3,735
2022-05-17,0.141618761037812,14924572276.0130956800600806561336,1.146632394398,105385558852.8151078,0.12350842495790823,0.24067385830183316,0.5884260219911609,0.880229965321243,-83.91116337579717,3,736
2022-05-18,0.1288381936942,13577535818.51368584416684030958,1.044639050366,105384400612.9132449,0.12333273741687162,0.23953179939528257,0.5378751131142606,0.880229965321243,-85.36312114219152,3,737
2022-05-19,0.130196237555464,13720664387.4594143657744599345384,1.056124718958,105384492248.5902781,0.12327733194609722,0.2383176242760128,0.5463139285270583,0.880229965321243,-85.2088382939851,3,738
2022-05-20,0.126897823886225,13373001201.647001012403566612855,1.031365278805,105384007322.5925958,0.12303868134212956,0.23711877741930631,0.5351656468008296,0.880229965321243,-85.5835601052376,3,739
2022-05-21,0.130578329577319,13760910808.066526590258142990763,1.061220560896,105384337911.278877,0.12304541995216368,0.23586916861675053,0.5536049087852078,0.880229965321243,-85.16543008966254,3,740
2022-05-22,0.135634392152867,14293795428.5864243728507069626237,1.102068544946,105384742038.5574111,0.12307255549110417,0.23462367933768238,0.5780933643856767,0.880229965321243,-84.59102762953921,3,741
2022-05-23,0.128622189560559,13554725042.696119756721858112867,1.047882421003,105384032794.078413,0.12274486810976931,0.23341972261337054,0.5510339405792413,0.880229965321243,-85.38766065369998,3,742
2022-05-24,0.132699647682069,13984471028.4654290468693964271266,1.08074949872,105384387017.8946714,0.12278483389465698,0.2322840171947006,0.571281869862101,0.880229965321243,-84.92443419218979,3,743
2022-05-25,0.132413019342818,13954228738.0790776598590126542608,1.078534686246,105384114094.9403656,0.12277122009279197,0.23115132028683383,0.5728412850011314,0.880229965321243,-84.95699708490457,3,744
2022-05-26,0.125166183953294,13190423622.760855513969022974086,1.020437429085,105383284894.927269,0.12265934234255527,0.22996153282975873,0.5442918318254338,0.880229965321243,-85.78028596111083,3,745
2022-05-27,0.119951500064985,12641185722.2554445255496882530865,0.979214923217,105385807725.6803609,0.12249762255553678,0.2286738397765818,0.5245527874206322,0.880229965321243,-86.37270886123397,3,746
2022-05-28,0.122752346130502,12936488200.0576410702354115601304,1.00199947906,105386891638.7507652,0.12250739515918609,0.22721649037399833,0.540244002222073,0.880229965321243,-86.05451405125669,3,747
2022-05-29,0.13057895542704,13761419862.06226107901026897168,1.06539671322,105387731254.684067,0.1225636927604037,0.22595630605932843,0.5778947164800722,0.880229965321243,-85.1653589889564,3,748
2022-05-30,0.143151937930025,15086691462.69426021513624675214,1.166962566369,105389362385.5017656,0.12267054835824062,0.22471349980825564,0.6370420026040902,0.880229965321243,-83.73698424618148,3,749
2022-05-31,0.15053177229348,15864547722.502652407894319284488,1.224545278823,105390028170.0848306,0.12292871067876487,0.22356686114686056,0.6733188072743752,0.880229965321243,-82.89858579870739,3,750
2022-06-01,0.13711471624555,14450391815.72687182832660642224,1.116839442828,105389065531.4385568,0.12277030250503654,0.22235863373668824,0.6166376989342269,0.880229965321243,-84.42285293076685,3,751
2022-06-02,0.143359284717501,15108592382.822687565865703899032,1.167318417244,105389702610.439032,0.12281077947520737,0.22119239525357404,0.6481203142321169,0.880229965321243,-83.71342826698913,3,752
2022-06-03,0.145611427126813,15346005171.214805086660575207878,1.183285179181,105390115831.019006,0.12305691788314008,0.22003312198425756,0.6617704907956125,0.880229965321243,-83.45756985520578,3,753
2022-06-04,0.143188650479755,15090645951.438394259505961892736,1.163816616294,105389958637.6227072,0.12303368801840778,0.21902268261465166,0.6537617417995057,0.880229965321243,-83.73281345545902,3,754
2022-06-05,0.14368339314815,15142806465.060760452250651150245,1.167798074184,105390095078.3311323,0.12303787471866566,0.21801627278240823,0.6590489384778797,0.880229965321243,-83.67660738569468,3,755
2022-06-06,0.144544121752986,15233526317.4824639031446656073286,1.174691866719,105390147539.2773551,0.12304854221618837,0.21710435672621994,0.665781764735674,0.880229965321243,-83.57882287042635,3,756
2022-06-07,0.140763677475235,14835076974.832972807308033393251,1.144342015288,105389950311.8832266,0.12300839748491503,0.21603760114437218,0.6515702670720102,0.880229965321243,-84.00830657658163,3,757
2022-06-08,0.140095756428549,14764695492.4471902014964332132415,1.138974953919,105390026570.7006835,0.12300161293846337,0.2149959681112518,0.6516203892533233,0.880229965321243,-84.08418686616508,3,758
2022-06-09,0.139445720136231,14696250698.9829300629080649040633,1.133961742109,105390475122.6891743,0.12297215590085316,0.2139672549537522,0.6517152363634865,0.880229965321243,-84.15803532826335,3,759
2022-06-10,0.132980870572764,14014917131.7187103197769145437124,1.081390088687,105390475121.3827991,0.12297215589817957,0.21294631158804614,0.6244807415590332,0.880229965321243,-84.89248539451482,3,760
2022-06-11,0.12483536685738,13156458625.02357464721443963082,1.015151486514,105390475121.159889,0.12297215589572838,0.21186499445572118,0.5892212971665314,0.880229965321243,-85.8178689915628,3,761
2022-06-12,0.119797201251601,12625483957.9376706702764729767928,0.974181515984,105390475119.8763128,0.12297215589293581,0.2108279340280427,0.568222620991327,0.880229965321243,-86.39023823644987,3,762
2022-06-13,0.105597222334093,11128941433.0030151115880057872318,0.858708392875,105390475118.6806326,0.12297215586835951,0.2096439912710326,0.5036978245542677,0.880229965321243,-88.00345063286332,3,763
2022-06-14,0.112710931794272,11878658652.818598906904486882608,0.916556524464,105390475118.2464765,0.12297215587460367,0.20856128292002207,0.5404211664611488,0.880229965321243,-87.19528575090742,3,764
2022-06-15,0.119780931848598,12623769317.4866586343100461180212,0.973730362047,105390475117.0494094,0.12301242368245718,0.20753614962872874,0.577156953441026,0.880229965321243,-86.39208654923677,3,765
2022-06-16,0.108053490780639,11387808732.8117381961091670659233,0.878394940991,105390475129.8622847,0.1230124238406174,0.20646318092302673,0.5233547710423164,0.880229965321243,-87.7244021406151,3,766
2022-06-17,0.112175966381726,11822278396.3404496511936030750208,0.911907617769,105390475140.7281408,0.12301242384197505,0.20537982052075052,0.5461878683957284,0.880229965321243,-87.25606139291259,3,767
2022-06-18,0.107717211752567,11352368127.1381062540002808762386,0.875661241302,105390475137.9490558,0.1230124238368765,0.20423316562149754,0.5274227201286092,0.880229965321243,-87.7626056830211,3,768
2022-06-19,0.114116412122764,12026782894.8358574268455137379056,0.927682006187,105390475139.5242004,0.12301242382808562,0.2031636421363868,0.5616970188305442,0.880229965321243,-87.03561380336366,3,769
2022-06-20,0.113017536962065,11910971453.117691108484026493758,0.918749000295,105390471012.6153132,0.12301241898034865,0.2020403628671991,0.5593809838697988,0.880229965321243,-87.16045335711574,3,770
2022-06-21,0.114088503837824,12023841615.0521646563216767858304,0.927455132625,105390475031.0686021,0.12301242380848805,0.20097616780286692,0.5676718044983865,0.880229965321243,-87.03878437083348,3,771
2022-06-22,0.113548750730681,11966956791.0021200811434504257161,0.923067338915,105390475139.4912081,0.12301242384347548,0.200080553227473,0.5675151777573637,0.880229965321243,-87.10010392690494,3,772
2022-06-23,0.117924181107965,12428085477.370210504730125363803,0.958636350873,105390475139.2059942,0.12301242384620106,0.19923994393855754,0.5918701781221689,0.880229965321243,-86.60302582803709,3,773
2022-06-24,0.128264430861591,13517849312.2253377856222457240651,1.042694931502,105390475141.2519661,0.1230124238513621,0.19840064062349355,0.6464920196754779,0.880229965321243,-85.42830443010646,3,774
2022-06-25,0.126638897423296,13346533570.5145585390713717033344,1.029480547259,105390475138.9550714,0.12301242384858367,0.19760371415048872,0.6408730623699301,0.880229965321243,-85.61297587987944,3,775
2022-06-26,0.120562507982002,12706140151.8845591099053881207126,0.980083996733,105390476397.3670563,0.12301242381661533,0.1966829634411403,0.6129789071338746,0.880229965321243,-86.30329428310223,3,776
2022-06-27,0.119034830987996,12545137545.9607488961292081890508,0.967665112952,105390476399.5158373,0.1230124238176401,0.195895255160064,0.6076452994776921,0.880229965321243,-86.47684858756726,3,777
2022-06-28,0.114353226179007,12051740984.637468004360697139687,0.929607129374,105390476397.857241,0.12301242381393178,0.19515322191861276,0.5859663758290252,0.880229965321243,-87.00871014573181,3,778
2022-06-29,0.10949713511703,11539955363.817224660419949918916,0.890130703004,105390477581.7502172,0.12301242362217221,0.1943310355415522,0.5634567572384347,0.880229965321243,-87.56039450701174,3,779
2022-06-30,0.110403276493388,11634980026.9841928944198126708368,0.90184270399,105386184147.1797836,0.12241965922098563,0.19350027064528919,0.5705587704100495,0.880229965321243,-87.4574507977474,3,780
2022-07-01,0.109851170530231,11576795682.5219418091347458916342,0.897332759405,105386184112.9495482,0.12241965912742414,0.1927793229686548,0.5698285938481711,0.880229965321243,-87.52017372072304,3,781
2022-07-02,0.108500671158157,11434473207.4795131943465796237059,0.88630105297,105386197941.6878287,0.12241965728752169,0.19198791179471822,0.5651432433630019,0.880229965321243,-87.67359946459455,3,782
2022-07-03,0.108862981511432,11472661973.0301269512972685263824,0.889260682893,105386255398.7220282,0.12241964994704585,0.1911751851390805,0.5694409629169909,0.880229965321243,-87.6324385898744,3,783
2022-07-04,0.110992075484179,11697031160.8294008733966103343582,0.906652380561,105386182840.5642858,0.12241965924746327,0.19044762256443054,0.5827958049023644,0.880229965321243,-87.39055930188971,3,784
2022-07-05,0.108110892352601,11393399512.8099006095218955643568,0.883117131133,105386231348.9246768,0.12241965254812746,0.18971534173845334,0.5698584593208365,0.880229965321243,-87.71788093885834,3,785
2022-07-06,0.109661428810924,11556799387.9138574986749401315356,0.895782830031,105386182846.8408469,0.1224196592461244,0.18898519985765938,0.5802646392072989,0.880229965321243,-87.54172964664949,3,786
2022-07-07,0.114008980899879,12014974314.8738649203134080370554,0.931296358987,105386209227.0190326,0.12241965707230953,0.18828490405781825,0.6055131263463867,0.880229965321243,-87.04781870743619,3,787
2022-07-08,0.113782618351728,11991115851.2006575851592677640656,0.929447272465,105386183099.8948027,0.12241965921311869,0.1875644436346863,0.6066321321184895,0.880229965321243,-87.07353500398017,3,788
2022-07-09,0.11272989031217,11880172832.388384408658685672802,0.920847934104,105386182843.6981506,0.12241965924792783,0.18678767023028492,0.6035189055743813,0.880229965321243,-87.19313193671738,3,789
2022-07-10,0.107275222114897,11305326171.9196228300080534745881,0.876290807991,105386182839.2307273,0.12241965924627018,0.1859824044134674,0.5768030715228724,0.880229965321243,-87.81281865634436,3,790
2022-07-11,0.101440321169375,10690408175.31858187920951838375,0.828627703819,105386182260.491834,0.12241965927744672,0.18505056111867238,0.5481762419748709,0.880229965321243,-88.47570235440077,3,791
2022-07-12,0.100594722299631,10601293809.8573114623462507169523,0.821720326394,105386182967.7340733,0.12241965918145933,0.18416134665245654,0.5462314656585899,0.880229965321243,-88.57176803076472,3,792
2022-07-13,0.105215404711961,11088249882.7796323397110230500168,0.859464937173,105386182880.1111688,0.12241965921034706,0.18323509613215003,0.5742098917342732,0.880229965321243,-88.0468276635456,3,793
2022-07-14,0.106748786765443,11249847142.9581284299192962860281,0.871990556296,105386182680.2509267,0.12241965924365673,0.182309582355735,0.5855357978778506,0.880229965321243,-87.8726252262402,3,794
2022-07-15,0.107469057200362,11325753718.9684339144630510317888,0.877874173727,105386182907.0766624,0.1224196592367035,0.1813424280532169,0.592630518704779,0.880229965321243,-87.79079769669727,3,795
2022-07-16,0.109475662657482,11537222201.3293583128093162468818,0.894265376418,105386182839.7972149,0.1224196592470003,0.18050849488899992,0.6064848234693988,0.880229965321243,-87.56283392175493,3,796
2022-07-17,0.106717310768951,11246530024.8615499869764610611128,0.871733440742,105386182839.7355528,0.12241965924596813,0.17970511220320415,0.5938468275086067,0.880229965321243,-87.87620110955844,3,797
2022-07-18,0.11386867631877,12000185312.665972676657547816531,0.930150239928,105386184336.3491703,0.12241966021272456,0.1789362765760484,0.6363644002080009,0.880229965321243,-87.06375824444773,3,798
2022-07-19,0.118670825827179,12506265526.355272897936554662064,0.969377186799,105386184339.596816,0.12241966021404355,0.1781919478140384,0.665971876299507,0.880229965321243,-86.51820200373777,3,799
2022-07-20,0.111904086981339,11793144739.953772740275327623644,0.914102251131,105386184348.390996,0.12241966021075036,0.17737310165630757,0.6308966012116842,0.880229965321243,-87.28694870771648,3,800
2022-07-21,0.113548061508723,11966396924.8617148459175593998591,0.927531258404,105386184192.5186117,0.12241966023237295,0.17648206439338263,0.6433971740925567,0.880229965321243,-87.10018222712024,3,801
2022-07-22,0.11194409856323,11797361542.894923926149121600069,0.914429091667,105386185554.3135703,0.12241966007353991,0.17558997390946288,0.6375312671380101,0.880229965321243,-87.28240312491799,3,802
2022-07-23,0.111640604043301,11765377278.3193131906243414310673,0.911949958455,105386184347.0139773,0.12241966021078543,0.17474910182418327,0.6388622480911157,0.880229965321243,-87.31688212834729,3,803
2022-07-24,0.113570210148038,11968731098.5578501746933587047946,0.927712182397,105386184307.9861367,0.12241966021681215,0.17398074211059625,0.6527746046504594,0.880229965321243,-87.09766599384172,3,804
2022-07-25,0.106868905319511,11262506158.2306994582546487598921,0.872971752567,105386184358.8521311,0.12241966020694225,0.17317481785211095,0.6171157368317585,0.880229965321243,-87.85897895665154,3,805
2022-07-26,0.105243959061861,11091259272.415690662678450920556,0.859698179891,105386184359.487996,0.12241966020586988,0.17241924100586448,0.6103956753775603,0.880229965321243,-88.04358369878355,3,806
2022-07-27,0.112188460788105,11823113825.406255052159253186763,0.916425193653,105386184482.3511806,0.12241966018077917,0.17170148780514197,0.6533924791346233,0.880229965321243,-87.25464194494204,3,807
2022-07-28,0.116480849561956,12275472271.4400467506061235827508,0.951488097278,105386184232.0332693,0.12241966020928935,0.1709789991785489,0.6812582254053208,0.880229965321243,-86.76699792656503,3,808
2022-07-29,0.118552082621668,12493751617.8616168812912742257636,0.968407218388,105386184211.8166977,0.12241966021175316,0.17030750206356748,0.6961060504393887,0.880229965321243,-86.53169202454927,3,809
2022-07-30,0.11944521302664,12587875242.033081547443682922016,0.97570286356,105386184369.1098244,0.12241966021379297,0.16959366868410533,0.7043023124237341,0.880229965321243,-86.4302264484886,3,810
2022-07-31,0.117518104264125,12384785499.4183775595925888342875,0.959961040691,105386191999.6875511,0.12241966005155065,0.16876750637295646,0.6963313423878156,0.880229965321243,-86.64915886824684,3,811
2022-08-01,0.118590165125237,12497764987.2759352486012017442048,0.96871829998,105386184209.1010304,0.12241966021255653,0.16800858856761267,0.7058577548701451,0.880229965321243,-86.52736559792564,3,812
2022-08-02,0.115407632895001,12162370239.6626538770766950163045,0.942721396091,105386185770.9888045,0.12241966011754846,0.16724077421988873,0.6900687552621746,0.880229965321243,-86.88892250414554,3,813
2022-08-03,0.114051178448248,12019418679.2382924787919395868656,0.93164103181,105386185770.0333922,0.12241966009877046,0.1665124114087806,0.6849410051978493,0.880229965321243,-87.04302478425345,3,814
2022-08-04,0.113759844631563,11988716249.9766437131323543707859,0.929261237114,105386186916.8757593,0.12241965992777891,0.1657853911768168,0.6861873885512237,0.880229965321243,-87.07612225061597,3,815
2022-08-05,0.117982190719574,12433692899.92099746458599998953,0.963751986513,105386184339.245095,0.12241966021408822,0.1650964450880072,0.7146258700887338,0.880229965321243,-86.59643554891748,3,816
2022-08-06,0.121977619628344,12854755934.2337116066256627419024,0.996389136212,105386184559.1110846,0.12241966034682963,0.16443393027682882,0.7418032240851476,0.880229965321243,-86.14252815355725,3,817
2022-08-07,0.123451669405685,13010100388.949046154365958181558,1.008430093562,105386184339.0343468,0.1224196602162339,0.163817457731781,0.7535928777982438,0.880229965321243,-85.97506625889169,3,818
2022-08-08,0.13050170917016,13753077289.717239200418307727784,1.066019183546,105386185186.1627799,0.12241966297084811,0.1633065492255914,0.7991210994844129,0.880229965321243,-85.17413467939222,3,819
2022-08-09,0.122164912738175,12874494013.9312060529050112525425,0.997919064006,105386184341.8489871,0.12241966021549068,0.16289779494849183,0.7499482284385952,0.880229965321243,-86.12125040601288,3,820
2022-08-10,0.125589564680324,13235405015.0954865179339327970236,1.02589375315,105386184344.0967439,0.12241966021793392,0.16256602677961074,0.7725449601507738,0.880229965321243,-85.73218708425932,3,821
2022-08-11,0.12509471799845,13183255051.151397709415504760425,1.021851537279,105386184661.4078965,0.12241966022926765,0.16219138977180644,0.7712784148064258,0.880229965321243,-85.78840497064921,3,822
2022-08-12,0.126299561175498,13310228836.4561224210863471601974,1.031693446564,105386184342.8027263,0.12241966021605737,0.1618367531013976,0.7804133409446614,0.880229965321243,-85.65152674285468,3,823
2022-08-13,0.126719967898744,13354535342.4831905540033876303632,1.035127586467,105386195750.5716478,0.12241966068284652,0.1614857552007938,0.7847129781891815,0.880229965321243,-85.60376573268587,3,824
2022-08-14,0.125579059906487,13234297973.6680887924217860566933,1.025807926631,105386184476.3216659,0.1224196622450743,0.16112782554240201,0.7793753778017684,0.880229965321243,-85.7333804966914,3,825
2022-08-15,0.123169091243994,12980320554.5796936405841856607006,1.00612181921,105386184337.9691499,0.12241966021639956,0.1607801191095373,0.7660716506876113,0.880229965321243,-86.00716902439886,3,826
2022-08-16,0.121862248750209,12842597391.8214472781157353014395,0.995446716118,105386184183.6348155,0.12241966021591003,0.16039704770509303,0.7597536893214248,0.880229965321243,-86.15563505546702,3,827
2022-08-17,0.121040641005898,12756012073.3187434690551695495066,0.988735308961,105386190681.9972617,0.12241966066033588,0.1599905807695959,0.7565485444434374,0.880229965321243,-86.24897517982998,3,828
2022-08-18,0.116435679410185,12270711974.5412366223961298684055,0.95111911933,105386184344.0051103,0.12241966021270413,0.15959416417468306,0.729573540563431,0.880229965321243,-86.77212955733773,3,829
2022-08-19,0.108164451371355,11399039039.0637262420563281054985,0.883554581537,105386186446.1184107,0.12241965989604853,0.15913605090318814,0.6796979738874998,0.880229965321243,-87.71179627679683,3,830
2022-08-20,0.109251275187545,11513575017.4081839979336375301295,0.892432432949,105386184258.6599751,0.12241966019380249,0.1586699178971637,0.6885443481375743,0.880229965321243,-87.58832583622926,3,831
2022-08-21,0.11121849084334,11720892378.2036278694063545879,0.908501875038,105386184341.535685,0.12241966021114492,0.1582606277328945,0.7027552742369365,0.880229965321243,-87.36483700566244,3,832
2022-08-22,0.109126472741052,11500422580.9501211327273275748316,0.891412968816,105386184415.9451833,0.12241966020081227,0.15783889329033315,0.691378851347632,0.880229965321243,-87.60250422726452,3,833
2022-08-23,0.110871445138252,11684318549.4225294107812808758496,0.905666989787,105386184286.2486248,0.1224196601935634,0.1573519661783853,0.7046079425061668,0.880229965321243,-87.40426371445,3,834
2022-08-24,0.109442947578457,11533774874.4872716716424071323178,0.893998134262,105386186407.4794554,0.12241965993452851,0.15683072801320108,0.6978412264288204,0.880229965321243,-87.56655057312037,3,835
2022-08-25,0.110268057726575,11620729864.8904503967733218974275,0.900738145824,105386184398.9822317,0.12241966018403849,0.1562654422484917,0.7056458301972349,0.880229965321243,-87.47281255230475,3,836
2022-08-26,0.103603906203971,10918420414.0402112068123519656177,0.846301214222,105386184885.1961787,0.12241965917443884,0.15558662656509503,0.6658921045545309,0.880229965321243,-88.22990465154633,3,837
2022-08-27,0.105526037727228,11120986672.574026781366096688354,0.86200237654,105386186310.9124555,0.12241965985151922,0.1548986598758745,0.6812585584135431,0.880229965321243,-88.01153767939314,3,838
2022-08-28,0.103361465960381,10892870705.6713648592200383248871,0.844320806902,105386186278.0338291,0.12241965982058067,0.1542172392392647,0.6702328901117075,0.880229965321243,-88.25744748161819,3,839
2022-08-29,0.105718497253473,11141269021.6147643539649995181529,0.863574503428,105386184168.9086073,0.1224196601842903,0.15358256055477867,0.6883496203709022,0.880229965321243,-87.98967299245592,3,840
2022-08-30,0.102515912487765,10803761076.3877715658361048188225,0.837413800164,105386186536.4283965,0.12241965975207023,0.15301863040022462,0.6699570648334238,0.880229965321243,-88.35350800056534,3,841
2022-08-31,0.104084275659878,10969044972.563234836655688034154,0.850225167729,105386187327.732343,0.12241965965074057,0.15245050326494655,0.6827414369304378,0.880229965321243,-88.17533147466843,3,842
2022-09-01,0.104939491723855,11058702538.9971635822207961447505,0.896875213538,105381704802.7809631,0.11700567719994058,0.15191810416627521,0.6907635683038681,0.880229965321243,-88.07817322084043,3,843
2022-09-02,0.104326276131014,10994017549.7096492244026540749868,0.89164803472,105381098199.1080562,0.11700387604597266,0.15138455687415664,0.6891474155962859,0.880229965321243,-88.14783860568303,3,844
2022-09-03,0.105221618614554,11088405191.3426288786784744799602,0.899024773885,105381435272.9307613,0.11703973201968022,0.1508083253428698,0.6977175721255953,0.880229965321243,-88.04612172273038,3,845
2022-09-04,0.106295521676429,11201595962.2040370143192823963227,0.908135311321,105381635891.5145863,0.1170481098480891,0.15024008424103816,0.7075044067859643,0.880229965321243,-87.92411916610496,3,846
2022-09-05,0.104948674880957,11059634092.3932418721019632619055,0.896749450013,105381360030.8737115,0.11703232701111282,0.14975040814175838,0.7008239655788405,0.880229965321243,-88.07712995289184,3,847
2022-09-06,0.100080890356752,10546589399.6372040357458828247216,0.859409628772,105380651211.6593483,0.11645307081299097,0.14924522930090717,0.6705801641067509,0.880229965321243,-88.63014276954011,3,848
2022-09-07,0.103131250276257,10868046068.2887728235288882384876,0.885432586884,105380726396.4764268,0.11647555308439102,0.1487431693631926,0.6933511684455035,0.880229965321243,-88.28360152013015,3,849
2022-09-08,0.10438994201323,11000706504.00154186507420977743,0.89668592447,105380904441.994541,0.11641750936921563,0.14828796373290704,0.7039677353804307,0.880229965321243,-88.14060573646427,3,850
2022-09-09,0.114131728609001,12027456406.2226023297585338832777,0.979237591233,105382232905.8639777,0.11655162100680065,0.1479575307715505,0.7713816796876853,0.880229965321243,-87.03387374828256,3,851
2022-09-10,0.115198670351597,12139914045.0939264561983463911461,0.986843814341,105382414641.0873113,0.11673445045457878,0.14760726842174926,0.780440364375871,0.880229965321243,-86.91266204399723,3,852
2022-09-11,0.114164765687595,12030953438.051736197515405175577,0.978049556849,105382368768.4317166,0.11672697450566995,0.14726711454981428,0.775222397998284,0.880229965321243,-87.03012051561659,3,853
2022-09-12,0.113781493760627,11990575273.4590822375293870739941,0.974774967278,105382473697.2147783,0.11672590862520292,0.1469239888203531,0.7744242085596377,0.880229965321243,-87.0736627650364,3,854
2022-09-13,0.104697412890813,11033152855.9098800902882062819309,0.898587411229,105381332272.4234993,0.11651333146056223,0.14649669551972105,0.714674228789815,0.880229965321243,-88.10567499226144,3,855
2022-09-14,0.105110433418922,11076682658.3181922956798616887572,0.902149466766,105381381258.0489826,0.11651110740631362,0.14606037768118463,0.7196368726935192,0.880229965321243,-88.05875310316644,3,856
2022-09-15,0.102158049519881,10765518783.4978050057053573022799,0.87717339011,105381013381.6496279,0.11646277768078453,0.14566846061616792,0.7013052042134531,0.880229965321243,-88.39416362261673,3,857
2022-09-16,0.107057891256935,11281929526.6358477672321653177135,0.91891541429,105381578080.5884921,0.11650462011201898,0.14522244531038234,0.7371993428985536,0.880229965321243,-87.8375088925922,3,858
2022-09-17,0.113533073893682,11964401888.3699771687576418875304,0.974027152394,105382524035.0141172,0.11656048151700517,0.1447981452476296,0.7840782331812401,0.880229965321243,-87.10188492023812,3,859
2022-09-18,0.107442191639428,11322469808.9626471643924558100376,0.922162906657,105381969933.7522342,0.11651107506473507,0.14436734805291468,0.7442277848038562,0.880229965321243,-87.79384980375934,3,860
2022-09-19,0.111814429163747,11783323880.3675803864686436020649,0.95890065791,105382855938.1316867,0.11660689586703947,0.14398501529337435,0.7765699016381761,0.880229965321243,-87.29713443430207,3,861
2022-09-20,0.117270293119104,12358401304.5907636092894054706944,1.003522002504,105383903935.8341086,0.11685871642723306,0.14369136684864117,0.8161262272815033,0.880229965321243,-86.6773118685745,3,862
2022-09-21,0.110585854354643,11653893920.3788780477318996219139,0.946715442621,105383224539.7811473,0.11681002482486598,0.14334445623327866,0.7714693491506618,0.880229965321243,-87.4367087339177,3,863
2022-09-22,0.123012608405691,12964622515.9491672795345229476456,1.051331137895,105392631568.2399416,0.11700653007575684,0.14309378184440402,0.8596642483001204,0.880229965321243,-86.02494651942494,3,864
2022-09-23,0.123354249417872,13000629438.6967578922336565273648,1.054049534859,105392635438.5743659,0.11702889222789048,0.1428580248915691,0.8634744146259848,0.880229965321243,-85.98613381983043,3,865
2022-09-24,0.118242765312336,12461860809.8232159474273027127104,1.010689359078,105392163122.2464164,0.11699219374408257,0.14258643553338976,0.8292707849102999,0.880229965321243,-86.56683253572459,3,866
2022-09-25,0.117217091189301,12353747326.8283811097305158384449,1.001946394629,105392031157.6198749,0.1169893836812538,0.1422280218727707,0.8241490646207321,0.880229965321243,-86.68335596294745,3,867
2022-09-26,0.113616367756713,11974198131.8062564775177127596697,0.971832331759,105391488640.4979569,0.11690943390519774,0.14190020808692153,0.800677950289663,0.880229965321243,-87.09242218137298,3,868
2022-09-27,0.110439242593212,11639302248.7664527614366115159596,0.945150580108,105391000295.4135333,0.11684830429939787,0.1415302371815274,0.7803225995556134,0.880229965321243,-87.45336480871714,3,869
2022-09-28,0.10834946841758,11419031986.573253327402160802122,0.927816797619,105390752288.3654859,0.11677894676581699,0.14114451489389773,0.7676491608549529,0.880229965321243,-87.69077710527186,3,870
2022-09-29,0.115408693525486,12163123505.8895988913497207386378,0.982732639642,105391744194.7610723,0.11743651209908756,0.14083834990803357,0.81944082418494,0.880229965321243,-86.88880200944224,3,871
2022-09-30,0.114326437844071,12049046287.8747178558827905295515,0.973576936537,105391600710.1377965,0.11742927913917989,0.14050961129761752,0.8136556409789849,0.880229965321243,-87.01175347940499,3,872
2022-10-01,0.121318294420907,12786045080.9603067331073401578009,1.032337042866,105392555525.0541387,0.11751810637744832,0.1402055302920896,0.8652889380908521,0.880229965321243,-86.21743189842083,3,873
2022-10-02,0.118493381676997,12488304966.9230677276395704906307,1.008530892013,105392426059.4160231,0.11749107797827338,0.13985356008644842,0.8472675390154677,0.880229965321243,-86.5383608437197,3,874
2022-10-03,0.11695613957363,12326250527.227039288167597111727,0.995498236288,105392077510.1081429,0.11748502941575711,0.13948868122422162,0.8384632971447226,0.880229965321243,-86.71300180845962,3,875
2022-10-04,0.119194107978317,12562148414.3049077740682800264045,1.014187294866,105392360640.7636385,0.11752672172260407,0.1391190619792967,0.8567776858361448,0.880229965321243,-86.45875365821968,3,876
2022-10-05,0.118926277410517,12533925316.2896067150793721564541,1.011865368556,105392395938.0670473,0.11753172023293258,0.13871731544919555,0.8573282796412903,0.880229965321243,-86.48918099861388,3,877
2022-10-06,0.119269062028607,12570061271.1995013749014511773973,1.014754046782,105392471923.5616939,0.117534945937722,0.13832792966428875,0.8622196711688221,0.880229965321243,-86.450238377754,3,878
2022-10-07,0.122297669712855,12889313232.185581243692599197602,1.040104916799,105392958528.5528524,0.1175820513273172,0.1379218542792982,0.8867171221842515,0.880229965321243,-86.10616832747543,3,879
2022-10-08,0.126215250631333,13302260547.2931530076901850177348,1.073026739082,105393448737.4131956,0.11762544774915223,0.13751735588755365,0.9178132448571636,0.880229965321243,-85.66110498348345,3,880
2022-10-09,0.128715454756391,13565801917.8563542298226970155492,1.093845101473,105393730251.9826812,0.1176724698799304,0.1371136271689335,0.9387502716838251,0.880229965321243,-85.37706510486542,3,881
2022-10-10,0.123980421092655,13066720950.42326744303997585858,1.053427788878,105393422891.006636,0.11769237759021513,0.13665894260577957,0.9072250869838915,0.880229965321243,-85.9149965375914,3,882
2022-10-11,0.115867726091859,12211602510.5460741145790344317336,0.985217556752,105392613822.9796104,0.11760623356514682,0.1361811288141173,0.8508354064975814,0.880229965321243,-86.83665284564896,3,883
2022-10-12,0.11628278633366,12255343302.278139354006165282642,0.98950843629,105392583792.3495387,0.11751570989090633,0.1356874230135258,0.8569901598180439,0.880229965321243,-86.78949923146251,3,884
2022-10-13,0.112160688087166,11820859803.1062525245485703730232,0.955133678272,105392183346.0903652,0.11742930925656798,0.13510040245746835,0.8302024719909764,0.880229965321243,-87.25779710916424,3,885
2022-10-14,0.11234700533617,11840479667.127383123848212130739,0.956793035002,105392036322.6215267,0.11742038374676836,0.13450012456288993,0.8352929463915737,0.880229965321243,-87.23663022592413,3,886
2022-10-15,0.111944669555145,11798032158.4898511442402002778215,0.953393843984,105391638613.7352367,0.1174170257774642,0.1338947101971614,0.8360649154123062,0.880229965321243,-87.2823382564248,3,887
2022-10-16,0.113468844474267,11958678145.885140736612643234949,0.966279908449,105391732869.873247,0.11742854578897192,0.1332873461592293,0.8513099535998977,0.880229965321243,-87.10918181104455,3,888
2022-10-17,0.114250697722771,12041082148.138887553879173312347,0.972999430606,105391760296.786457,0.11742113523295053,0.132716321771778,0.860863955521907,0.880229965321243,-87.02035806278478,3,889
2022-10-18,0.112524692716399,11859144284.1712008257532833379497,0.958620767504,105391483396.9849703,0.1173818641644747,0.1321166155005951,0.8517073517970353,0.880229965321243,-87.2164437533852,3,890
2022-10-19,0.110732730070371,11670269001.9402214785986102600778,0.943559543342,105391323726.2707118,0.11735637761467178,0.13150051650610073,0.8420706854427736,0.880229965321243,-87.42002267214811,3,891
2022-10-20,0.109954890989747,11588277400.3754735056975000305099,0.939873902909,105391195389.8990217,0.11698898187238316,0.13086534410540285,0.8402139752231581,0.880229965321243,-87.50839038414028,3,892
2022-10-21,0.110888844460116,11686718330.5438466511386775354588,0.947807690518,105391289695.9375643,0.1169950883174545,0.13025792384573806,0.851302102676222,0.880229965321243,-87.40228703533778,3,893
2022-10-22,0.111226076225253,11722273339.0605550962725496335805,0.950669473247,105391413029.0888185,0.11699763099088654,0.12968488286538166,0.8576641607542672,0.880229965321243,-87.36397525564121,3,894
2022-10-23,0.111908425695705,11794192644.0917442131346659836545,0.956494150856,105391462445.9273449,0.11699854682389249,0.12922424386918172,0.8660017837596625,0.880229965321243,-87.2864558008016,3,895
2022-10-24,0.11031101747966,11625814586.244497192935701421398,0.943086862725,105391236993.9671253,0.11696803533125474,0.12870914330253436,0.8570565746084639,0.880229965321243,-87.4679320375782,3,896
2022-10-25,0.111880395602804,11791196917.173502056510858291868,0.956293459841,105391090670.026067,0.1169937893556294,0.12826239413903814,0.8722774617907425,0.880229965321243,-87.28964020646892,3,897
2022-10-26,0.113595095923168,11971920269.3146968320431470640288,0.970793905225,105391171793.2974091,0.1170125763169477,0.12780779279146162,0.8887963201783489,0.880229965321243,-87.09483880366297,3,898
2022-10-27,0.111169371740318,11716261735.640678658779046949957,0.950830030324,105391094257.5878615,0.11691823795514376,0.1273535822936112,0.8729190788211922,0.880229965321243,-87.37041726365831,3,899
2022-10-28,0.112797822366525,11887897752.355417257487489132125,0.964591253031,105391199075.873185,0.11693846695383615,0.12698427775307186,0.8882817964745743,0.880229965321243,-87.18541440186497,3,900
2022-10-29,0.113355924926214,11946709662.7699945759632161021316,0.969336255328,105391135668.8799894,0.11694179837300843,0.12658762253302971,0.8954740017858914,0.880229965321243,-87.12201022549324,3,901
2022-10-30,0.111092329810682,11708101566.7849937705454259006882,0.950155149445,105390728475.4704101,0.11692019969114803,0.12616104730883712,0.8805596670320316,0.880229965321243,-87.37916974115527,3,902
2022-10-31,0.111253924975418,11725131969.4697674324839255658254,0.951570975016,105390726413.1174003,0.11691605555071426,0.1257475174796757,0.8847405277277123,0.880229965321243,-87.36081145171927,3,903
2022-11-01,0.109894588940546,11581833560.2089194677824241497874,0.941083067398,105390389753.1733769,0.11677458956348401,0.12527836706489007,0.8772032356043101,0.880229965321243,-87.5152410994734,3,904
2022-11-02,0.107615032831109,11341553140.841277000944703251967,0.921770785453,105390044889.366963,0.11674814881252944,0.12478683744311443,0.8623908982401016,0.880229965321243,-87.77421389059,3,905
2022-11-03,0.108619185380848,11447383980.3438638703628580933632,0.930453246633,105390073956.1456384,0.11673792936281817,0.12434255265329802,0.8735479774466977,0.880229965321243,-87.66013545775995,3,906
2022-11-04,0.115189105354047,12139885504.5797128266938336487732,0.986266237718,105390917546.1201356,0.11679311422093173,0.1238934832553146,0.9297430528825316,0.880229965321243,-86.91374869156967,3,907
2022-11-05,0.113541270908952,11966150415.6021997373973511942752,0.972196764252,105390315960.0686276,0.11678836536378487,0.12344109488202835,0.9198012300317205,0.880229965321243,-87.10095368458461,3,908
2022-11-06,0.109304280497939,11519555003.5199040836269943906212,0.936217092637,105389788497.2319308,0.11675099862796416,0.1229853702264875,0.8887583970080858,0.880229965321243,-87.58230407913368,3,909
2022-11-07,0.10963263567068,11554169846.875495790743617066176,0.940645697187,105389875708.0190032,0.11655040362012635,0.1225592156901849,0.8945278823243962,0.880229965321243,-87.54500073958863,3,910
2022-11-08,0.0990632129831784,10440128006.1075028989971268984564,0.85098454293,105388546279.8416085,0.11641012026152288,0.12207615285158514,0.811487015843423,0.880229965321243,-88.74575771264217,3,911
2022-11-09,0.0829047295527762,8737006093.09082108674178251781244,0.717037391013,105386099686.0130062,0.1156212083105623,0.12152866670070245,0.6821824990226524,0.880229965321243,-90.581469295638,3,912
2022-11-10,0.0968778292804607,10209786913.83783751472707204336087,0.836660483306,105388270873.4169641,0.11579108995043647,0.12106241325151064,0.8002304487289067,0.880229965321243,-88.99403188971137,3,913
2022-11-11,0.094662740018534,9976364155.1690134127163092285672,0.817706896672,105388499775.2626108,0.11576610201504182,0.12057433789664795,0.7850985679861294,0.880229965321243,-89.24568081660496,3,914
2022-11-12,0.090721983128756,9560990969.9823588295489204632152,0.784651714576,105387808337.6224942,0.1156207033559841,0.12012823901464856,0.755209465092494,0.880229965321243,-89.69337710564686,3,915
2022-11-13,0.0876398556035602,9236140619.01086818972449338501674,0.758238478814,105387446788.9432237,0.11558349787344245,0.11964555574679939,0.7324957041365462,0.880229965321243,-90.04352736712664,3,916
2022-11-14,0.0909121346716417,9581171863.64632043320935026844883,0.786585508548,105389361917.9858899,0.11557819675506258,0.119171578765738,0.7628675864935263,0.880229965321243,-89.6717746210261,3,917
2022-11-15,0.0923090948810557,9728416629.38144624061202873983297,0.798697684268,105389578804.9588821,0.11557451173237875,0.11874390168008526,0.7773796681344606,0.880229965321243,-89.51307061588535,3,918
2022-11-16,0.089804421248577,9464401919.7424245457106676996798,0.777239496538,105389041966.4877374,0.11554279169880861,0.11834839091433177,0.7588140451658802,0.880229965321243,-89.79761826038238,3,919
2022-11-17,0.0902096118456606,9507106420.98843998348802991338786,0.780768920148,105389062500.9464031,0.11553945030055852,0.11792082494527426,0.7650015329143591,0.880229965321243,-89.75158590372025,3,920
2022-11-18,0.0891217896058305,9392441423.471138080776434956587,0.772021982048,105388833247.314734,0.11543944560932129,0.11749790791714045,0.7584968208002411,0.880229965321243,-89.87516977187828,3,921
2022-11-19,0.0902901005955027,9515583431.60887931301245599914078,0.782066294108,105389000220.9483114,0.1154506993534157,0.11709136439823721,0.7711081091208294,0.880229965321243,-89.7424418444388,3,922
2022-11-20,0.0863986685116297,9105403557.18257109619147355387889,0.748723664391,105388239356.4541737,0.11539460099996307,0.11660156961014165,0.7409734603102204,0.880229965321243,-90.18453450626414,3,923
2022-11-21,0.0843481526725783,8889266244.43323076945207998277142,0.731339257755,105387800002.4432474,0.11533382322658671,0.11616880366100985,0.7260826488212202,0.880229965321243,-90.41748679371587,3,924
2022-11-22,0.0869602059864564,9164582669.50525358621139820834956,0.753872209411,105388235521.5739679,0.11535138833993941,0.11574450356039077,0.7513117540055291,0.880229965321243,-90.12074010060314,3,925
2022-11-23,0.0885470751746737,9331839633.64312069893121682416984,0.768885277406,105388457103.0102232,0.11516292192953194,0.11535061083950701,0.7676342112992675,0.880229965321243,-89.94046116774062,3,926
2022-11-24,0.0898768970559561,9472008568.2454609524511926594948,0.780277142681,105388691404.736868,0.11518586427784211,0.1149915374980081,0.7815957505352336,0.880229965321243,-89.78938452485478,3,927
2022-11-25,0.0892053047117879,9401252926.53217503817278326234823,0.774526534982,105388944714.7402737,0.11517398137154981,0.11471811805239696,0.7776043246372278,0.880229965321243,-89.86568189833982,3,928
2022-11-26,0.0879970858924439,9273888153.559537007907944441573,0.764144402014,105388582582.09507,0.11515766609101154,0.1144183064539248,0.7690822266092491,0.880229965321243,-90.00294362163311,3,929
2022-11-27,0.0901337835197601,9499108019.46759559424072160537732,0.782556699764,105388985666.9014532,0.11517859798138877,0.11424463829059026,0.7889541677264338,0.880229965321243,-89.76020050773147,3,930
2022-11-28,0.0872649220591632,9196716457.3452176287459640665656,0.757936334023,105388468130.5289955,0.11513489740751115,0.11407592054615565,0.7649723240572528,0.880229965321243,-90.08612232062386,3,931
2022-11-29,0.0885991674477486,9337342852.51516371961909724259732,0.769470121904,105388607156.1774662,0.11514308993377957,0.1138612470759001,0.7781327688136793,0.880229965321243,-89.93454313777946,3,932
2022-11-30,0.0898846226004107,9472827450.40866194425798160153446,0.780586276536,105388743662.2043378,0.11515014458016201,0.11362063014963379,0.7910942095818011,0.880229965321243,-89.7885068514332,3,933
2022-12-01,0.0874423548695454,9215400861.97510232214257795748438,0.759737239733,105388296961.1636197,0.11509552289456798,0.11333602563289041,0.7715318618351956,0.880229965321243,-90.06596476891887,3,934
2022-12-02,0.0880294353831451,9277279075.94382713949209868114222,0.765690091227,105388374190.5737322,0.11496744752446782,0.11309938561787765,0.7783369900926347,0.880229965321243,-89.99926850354174,3,935
2022-12-03,0.0862936658277913,9094323554.15703058506131571415798,0.750698389697,105388077640.6668646,0.11495118014389441,0.11282276014182756,0.7648604387918981,0.880229965321243,-90.19646351208935,3,936
2022-12-04,0.0877992509761626,9253012860.72234111996059756068956,0.763748203613,105388289283.1799206,0.11495837314028107,0.11261756542823737,0.779623060064377,0.880229965321243,-90.02541898876166,3,937
2022-12-05,0.0868020248462104,9147903091.54296120946751483652024,0.755386701045,105388130147.3157981,0.11491071358038035,0.1124005943646911,0.7722559238839568,0.880229965321243,-90.13871053406689,3,938
2022-12-06,0.0860351395896188,9067075961.31484174050444284210536,0.748907504508,105388054282.9838822,0.11488086188445952,0.11219628094320808,0.7668270183854702,0.880229965321243,-90.22583381852718,3,939
2022-12-07,0.084268399217882,8880857938.8818294178191192503956,0.733717263957,105387761264.0977458,0.11485132401466924,0.1119647312914109,0.7526334252395642,0.880229965321243,-90.42654731856034,3,940
2022-12-08,0.0855506845405907,9016005942.44228810442334261501805,0.744839261987,105387887786.7367615,0.11485791486389697,0.11171431275334952,0.7657987811237342,0.880229965321243,-90.28087114605685,3,941
2022-12-09,0.0850297358854303,8961101734.05304811642333400450244,0.746025157545,105387858032.7157948,0.11397703552684994,0.11149635048497387,0.7626234896082054,0.880229965321243,-90.34005439085475,3,942
2022-12-10,0.0851457456100809,8973327619.80023482859639566774491,0.747063388018,105387856498.3501699,0.11397392373353649,0.11125858097461393,0.7652959876372031,0.880229965321243,-90.3268749117162,3,943
2022-12-11,0.0837906097074321,8830486954.8069450027758100478791,0.735235764343,105387548624.362071,0.11396427346309335,0.111015468926437,0.7547651738781997,0.880229965321243,-90.48082739641198,3,944
2022-12-12,0.0842336650376644,8877187894.12897550734509210645664,0.739706274054,105387648633.8284456,0.11387447692719607,0.11081080633185886,0.7601574956994663,0.880229965321243,-90.43049335329967,3,945
2022-12-13,0.0839737692022631,8849789963.08787983998006340956547,0.73745651238,105387551936.2703237,0.11386945235760927,0.11063091767754525,0.759044315685969,0.880229965321243,-90.46001925512539,3,946
2022-12-14,0.0829393391866825,8740751940.656504372804366008031,0.728433811269,105387286978.2883388,0.11385981526886346,0.11043185264282616,0.7510454384473317,0.880229965321243,-90.57753741019104,3,947
2022-12-15,0.0817134207438906,8611500802.67733380712714745150014,0.717903639876,105386614882.6131819,0.1138222683451007,0.11018752496941042,0.741585045735217,0.880229965321243,-90.71680992886114,3,948
2022-12-16,0.0744785727730103,7848903591.61276284064470448872649,0.655217286426,105384720724.0934783,0.11367003636193271,0.10984415814362535,0.6780385414363755,0.880229965321243,-91.53873695428796,3,949
2022-12-17,0.0756908977953215,7976677435.5021166707881047949855,0.665806703499,105384896570.683297,0.11368299147116528,0.10946995377113457,0.6914308007616967,0.880229965321243,-91.40100873892679,3,950
2022-12-18,0.0767139074301906,8084488467.25525760173967897714562,0.674727459031,105384913089.0916377,0.11369613968336514,0.10916794972705776,0.7027145569921491,0.880229965321243,-91.28478801534624,3,951
2022-12-19,0.0733143390387464,7726154015.58453524530951581738768,0.645257612438,105383941489.2806562,0.11362026208685894,0.10881772499866399,0.6737352672981035,0.880229965321243,-91.67100167829551,3,952
2022-12-20,0.0759932741190979,8008502925.43664212700272272264003,0.669319086304,105384364843.7305857,0.11353818481217234,0.10846963423362542,0.7005949144755215,0.880229965321243,-91.36665677004487,3,953
2022-12-21,0.0749989078742869,7903695184.50720003313722436900143,0.660622274664,105384137029.7733747,0.11352767042623896,0.1081286855205981,0.6936078757750171,0.880229965321243,-91.47962341330704,3,954
2022-12-22,0.0756695479051851,7974378043.25800232227833816338241,0.668450664924,105384243252.6489891,0.11320139522007718,0.10778861629438326,0.7020179913853125,0.880229965321243,-91.4034342289666,3,955
2022-12-23,0.0752772398973525,7932991455.44813629854690591210975,0.665755002288,105383665318.5678179,0.11307048334394369,0.1074422818851051,0.7006295713064923,0.880229965321243,-91.44800303749263,3,956
2022-12-24,0.0743261436171618,7832731553.50108183371551191994106,0.657414069848,105383263173.8008717,0.11305834028521274,0.10711009421581473,0.6939228665731825,0.880229965321243,-91.556053923927,3,957
2022-12-25,0.0738193394184598,7779296136.574216650698494637687,0.652997393518,105382900983.111065,0.11304691282266957,0.10677871213076427,0.6913301157636976,0.880229965321243,-91.61363026405047,3,958
2022-12-26,0.0750788165680576,7912046851.33761164479495314053952,0.683755490967,105383212109.7098427,0.1098036031299398,0.10645687761292341,0.7052509734602938,0.880229965321243,-91.47054525226743,3,959
2022-12-27,0.0739873647116909,7797013344.74617679322371527878761,0.67398049459,105383039051.7227629,0.10977671506161221,0.10616191008361804,0.6969294792587569,0.880229965321243,-91.59454146909337,3,960
2022-12-28,0.0716138152925437,7546828448.79538088033117162304927,0.65341796365,105382298345.1789771,0.10959878558053122,0.10589580232579386,0.6762667992468684,0.880229965321243,-91.86419252764156,3,961
2022-12-29,0.0718540427079021,7572149034.86401189198502465997906,0.655488562715,105382366106.3300186,0.10961906400057744,0.10565608653307537,0.6800748074783972,0.880229965321243,-91.83690108962847,3,962
2022-12-30,0.0722950758555003,7618646773.81369844149942444177764,0.659730739998,105382651358.4612588,0.10958270014175703,0.1054895758006824,0.6853290982238704,0.880229965321243,-91.78679677996239,3,963
2022-12-31,0.0710034592597814,7482512496.93598044709463983916642,0.648256235991,105382365520.5248803,0.1095299286265056,0.10528103843800996,0.674418302794274,0.880229965321243,-91.93353304737036,3,964
2023-01-01,0.0724903519973208,7639215755.45737737947714423712384,0.661773417504,105382517051.9204848,0.1095395343480726,0.10504458553875357,0.6900912752954536,0.880229965321243,-91.7646121066936,3,965
2023-01-02,0.0737835592176114,7775524994.84700092959767749899482,0.67352584655,105382893930.5365013,0.10954822238159496,0.10487323588093841,0.7035499438710671,0.880229965321243,-91.61769513371613,3,966
2023-01-03,0.0736058664005256,7756791760.32321299045387747213736,0.672984357034,105382792699.0860581,0.109372328838257,0.10468038538103241,0.7031485997362658,0.880229965321243,-91.63788222391828,3,967
2023-01-04,0.0737145452942662,7768234798.1942428436743180419559,0.674096214216,105382659109.9990945,0.1093531512856797,0.1045103720487409,0.7053323402187074,0.880229965321243,-91.62553557610778,3,968
2023-01-05,0.0727703937155758,7668727105.10347989541138495559792,0.665827864308,105382514969.9865224,0.10929310354292039,0.10430364195670495,0.6976783585925198,0.880229965321243,-91.73279749809267,3,969
2023-01-06,0.0750894192058548,7913127029.52862211752595319466032,0.686950316324,105382717208.6001084,0.10930836979255261,0.10411400136792391,0.7212230652868636,0.880229965321243,-91.46934072183618,3,970
2023-01-07,0.0756129383435349,7968302004.2933987366532370698096,0.691682738779,105382784730.448304,0.1093173706734556,0.10392162354045248,0.7275958146872277,0.880229965321243,-91.40986545306491,3,971
2023-01-08,0.0770634269905183,8121192040.12429510248182397181797,0.704886671058,105383219476.1272059,0.10932739992777833,0.10373919692175164,0.7428573699933851,0.880229965321243,-91.24508026008934,3,972
2023-01-09,0.0793200281982837,8359039109.02928852318411494018512,0.725239402593,105383713280.2501776,0.10937082005567425,0.10354617615720323,0.7660353201055002,0.880229965321243,-90.98871529903715,3,973
2023-01-10,0.0794884271567481,8376805924.42651458424163051190507,0.726813886314,105383968761.9906947,0.1093655867802274,0.103302296138679,0.7694739626120045,0.880229965321243,-90.96958405321517,3,974
2023-01-11,0.0812883367930298,8566523644.25104218508743293238284,0.743069318666,105384412847.1034558,0.10939536157806005,0.10307554333552767,0.7886287489984218,0.880229965321243,-90.76510230330965,3,975
2023-01-12,0.0815399054945854,8593040086.81181424673798521447556,0.745140510606,105384474444.6316414,0.10942889875665394,0.1028804303230906,0.792569638739978,0.880229965321243,-90.73652241947624,3,976
2023-01-13,0.0844251676712947,8897159486.68380962847217745462669,0.772804020095,105385156252.5107327,0.10924524908775242,0.1027073820065071,0.8219970757890205,0.880229965321243,-90.40873737575119,3,977
2023-01-14,0.0873102238144586,9201263946.113076418129918580008,0.798874087161,105385870567.30628,0.10929159578168002,0.10257216699468437,0.8512077532590621,0.880229965321243,-90.08097573881226,3,978
2023-01-15,0.0880571159448051,9280006730.30811190305858439847025,0.805608795012,105386221553.3483275,0.10930505785192357,0.10246496689882324,0.8593875410290733,0.880229965321243,-89.99612380695669,3,979
2023-01-16,0.0877518221699622,9247836790.5751022643439014941517,0.802612873885,105386265058.5582235,0.1093326870589612,0.1023517096272061,0.8573557050446854,0.880229965321243,-90.0308072177551,3,980
2023-01-17,0.0866124628314789,9127722695.27378229246246962204589,0.79106516165,105385788567.5588201,0.10948840503963421,0.10223551608871234,0.8471856566589157,0.880229965321243,-90.16024604435394,3,981
2023-01-18,0.0826438990551985,8709445972.0681756443093671606737,0.755268470389,105385225910.6394442,0.10942320816415503,0.10210623222819755,0.8093913295174519,0.880229965321243,-90.61110138132625,3,982
2023-01-19,0.0843127329498989,8885337993.98627555597110413641605,0.770589484614,105385481920.8173945,0.10941329285349957,0.1019834809853899,0.8267293108182637,0.880229965321243,-90.42151071065517,3,983
2023-01-20,0.088687894339234,9346506801.3335845589832693509252,0.810154247026,105386500276.8348578,0.10947038130676832,0.10187196007966516,0.8705819959670841,0.880229965321243,-89.92446317061395,3,984
2023-01-21,0.0905041324389765,9537999953.29623155817551895965655,0.826502801141,105387452442.8742827,0.10950251144222879,0.10178392628009704,0.889179026066651,0.880229965321243,-89.71812639825927,3,985
2023-01-22,0.0910858275841413,9599310288.94951672317574737424311,0.831637711913,105387528922.4558347,0.10952585035449912,0.10169104827396312,0.89571136427613,0.880229965321243,-89.65204194668614,3,986
2023-01-23,0.0943540181860747,9943789672.59755032662454764108234,0.860505734842,105388089068.8459422,0.10964949374032855,0.1015927734603941,0.9287473407038993,0.880229965321243,-89.28075367763243,3,987
2023-01-24,0.0903285342234295,9519488406.05897868966596293297545,0.824266334679,105387389354.8668351,0.10958658679006561,0.10147550303975261,0.8901511351763752,0.880229965321243,-89.73807552774419,3,988
2023-01-25,0.0924501882989689,9743124019.04126741629652616758088,0.843304341963,105387822332.3200392,0.10962849792017929,0.1013741045296866,0.9119704556492095,0.880229965321243,-89.497041461747,3,989
2023-01-26,0.091871113393875,9682083586.3246167846863654788125,0.837930418256,105387680944.0095055,0.1096405040231002,0.1012970839860815,0.9069472661868366,0.880229965321243,-89.56282823655675,3,990
2023-01-27,0.0925414388488557,9752737931.18749730719691223182559,0.843936105207,105387792242.0923387,0.10965455592891978,0.1012525895744789,0.9139661438563456,0.880229965321243,-89.48667479014051,3,991
2023-01-28,0.0926980227604216,9769224190.86587171566850639089688,0.846241389303,105387622086.7673693,0.10954087560852065,0.10121310607678285,0.9158697559394977,0.880229965321243,-89.46888581251706,3,992
2023-01-29,0.0943841072171687,9946929396.03873954630678639039534,0.861521297431,105387757423.5227682,0.1095551642177807,0.1011589495893089,0.9330277508846709,0.880229965321243,-89.27733536284204,3,993
2023-01-30,0.089856594277482,9469715506.1782585158876844178532,0.820649288884,105386984475.9002026,0.10949451305767641,0.1010744886268691,0.8890135928285567,0.880229965321243,-89.79169105601984,3,994
2023-01-31,0.0906239108441598,9550610396.74351604897903288701842,0.827616701068,105387312330.4852279,0.10949985751521683,0.10099026289508808,0.8973529550893715,0.880229965321243,-89.70451877185455,3,995
2023-02-01,0.0922384165021026,9720776815.72378409253725037491112,0.84225391138,105387507552.2593812,0.10951378824821788,0.10090407666431118,0.9141198210352035,0.880229965321243,-89.52110015154506,3,996
2023-02-02,0.0917297388358085,9667153946.0779845014742329192012,0.837481865655,105387348408.1502872,0.1095304180276979,0.10082913880464549,0.9097542627388011,0.880229965321243,-89.57888933009326,3,997
2023-02-03,0.0927891525951346,9778822905.11055090942512787071984,0.847083125778,105387565589.4642104,0.10953960688322388,0.10072374118602731,0.9212242466625791,0.880229965321243,-89.45853285496014,3,998
2023-02-04,0.093246012234649,9826979032.2122302159299350321015,0.85118651923,105387659983.6046735,0.10954827188640297,0.10059661711806464,0.9269298998912792,0.880229965321243,-89.40663055016327,3,999
2023-02-05,0.0910386617154455,9594319493.5983601127072115629973,0.831117546753,105387308126.1540606,0.10953764852049418,0.10049228999173516,0.9059268300377356,0.880229965321243,-89.65740030422383,3,1000
2023-02-06,0.0889340961763852,9372498609.85523188803731530578092,0.81219680878,105387011425.4776121,0.10949820931945427,0.10036922016507348,0.886069414807833,0.880229965321243,-89.89649299840316,3,1001
2023-02-07,0.0919660378607262,9692063049.07475544867610846052484,0.839621042759,105387415556.0823582,0.10953279298304057,0.10026932986156094,0.9171901117490378,0.880229965321243,-89.55204418345802,3,1002
2023-02-08,0.0909793617973175,9588068703.4275603682188567888235,0.830684663648,105387293491.7670722,0.1095233435486534,0.10016602365033102,0.9082856489833001,0.880229965321243,-89.66413717077738,3,1003
2023-02-09,0.0855640889582511,9017273293.01730712697506350986406,0.781942206979,105386189496.1221946,0.10942508051691477,0.10002599304438207,0.8554185402616883,0.880229965321243,-90.27934831472999,3,1004
2023-02-10,0.0856347757106608,9024719396.51108218997417746277552,0.782666844357,105386150913.7762769,0.10941408381878508,0.09991982239633783,0.8570349071577155,0.880229965321243,-90.27131782778969,3,1005
2023-02-11,0.0862597977734796,9090575267.96418823204212349048104,0.788341021277,105386002548.2121774,0.10941939521775872,0.09982490158989592,0.8641110223965465,0.880229965321243,-90.20031114914399,3,1006
2023-02-12,0.0850647546752837,8964621369.72131952987764677418853,0.777520767456,105385848744.7806369,0.10940512232697056,0.0996892830593318,0.8532988909615884,0.880229965321243,-90.33607602256087,3,1007
2023-02-13,0.0851728731138975,8975991159.99723814036227895902975,0.77849081466,105385562701.3319841,0.10940767894749806,0.09953274317709151,0.8557271747484693,0.880229965321243,-90.32379304619408,3,1008
2023-02-14,0.085895072387658,9052131624.497779151381319911736,0.785227444787,105385924627.248492,0.10938878022909378,0.09936945812592146,0.8644011349927193,0.880229965321243,-90.24174638768287,3,1009
2023-02-15,0.0900254081253127,9487462416.97176111226965099161593,0.824813081248,105386497151.6207359,0.10914643592836568,0.09922235910141483,0.9073096924988252,0.880229965321243,-89.77251267599625,3,1010
2023-02-16,0.0867567534125803,9142937864.56657078006712053221016,0.79520542087,105385892220.8214472,0.109099801303748,0.0990685523471571,0.8757244489509278,0.880229965321243,-90.1438536711349,3,1011
2023-02-17,0.0904498439038708,9532189473.36123715193354046277196,0.828580853057,105386466819.0246287,0.1091623630574632,0.09892785074105027,0.9143011116316356,0.880229965321243,-89.7242939382482,3,1012
2023-02-18,0.0921242720604648,9708669218.92065535988206381316088,0.843668223657,105386658714.0951531,0.10919490562432117,0.0988114339368776,0.9323240073544053,0.880229965321243,-89.53406772208172,3,1013
2023-02-19,0.090766164480655,9565529563.191805593667916463371,0.830686652853,105386512891.9324082,0.10926642936770185,0.09869500886703964,0.9196631675967906,0.880229965321243,-89.6883578091403,3,1014
2023-02-20,0.0944347132014352,9952197116.59140386622319095448832,0.863792974339,105387063498.1729616,0.10932563242216625,0.09859838320988899,0.9577714170059921,0.880229965321243,-89.27158618521116,3,1015
2023-02-21,0.0945432813534395,9963696272.1621461705030609335454,0.864701235511,105387671440.2790852,0.109336355114109,0.09848118866305831,0.9600136090650582,0.880229965321243,-89.25925211840118,3,1016
2023-02-22,0.0923062716463234,9727907437.1216515286158209208734,0.844455510583,105387285864.980751,0.10930862607859172,0.09833283192314822,0.9387126338277855,0.880229965321243,-89.51339135419731,3,1017
2023-02-23,0.0908555862704097,9575010262.13275829632476995242218,0.831457424358,105387138591.9524394,0.10927268625998833,0.09816985150747184,0.9254937730398273,0.880229965321243,-89.67819889689262,3,1018
2023-02-24,0.0890694636189587,9386738421.66132610558905855384824,0.815429725813,105386717739.9654952,0.10923009156939259,0.09796269027971582,0.9092182275173945,0.880229965321243,-89.88111435328693,3,1019
2023-02-25,0.0879594479338147,9269711929.94011354338568340622382,0.805406966609,105386199523.6160506,0.10921118338987036,0.09779166295569404,0.8994575332425427,0.880229965321243,-90.00721954498407,3,1020
2023-02-26,0.0888664799293489,9365309302.79453618651175181483884,0.813848189551,105386297625.8336556,0.10919294417596055,0.09760804753193915,0.9104421425935209,0.880229965321243,-89.904174655436,3,1021
2023-02-27,0.0883189893338143,9307597797.8777825265549635635337,0.808925677082,105386144792.694359,0.10918059821317982,0.09742416888861596,0.9065408547112008,0.880229965321243,-89.96637324184005,3,1022
2023-02-28,0.087021591442457,9170848150.5017562953047800769963,0.797144981983,105385893299.4345059,0.10916657999399265,0.09722777903995077,0.8950280701845502,0.880229965321243,-90.11376630302534,3,1023
2023-03-01,0.0879755225478903,9271391310.32260691104234254764919,0.80282182495,105386032862.4435073,0.10958287357642457,0.09703405681319649,0.9066458255708604,0.880229965321243,-90.00539336151964,3,1024
2023-03-02,0.0874740783949867,9218541015.58426704420085805880175,0.800544239527,105385974733.6600525,0.10926826285911517,0.096843531905639,0.9032516335754713,0.880229965321243,-90.06236076465964,3,1025
2023-03-03,0.0854047266737246,9000428787.76005124347613520912006,0.781968047339,105385604969.4390061,0.109217668118733,0.09665471008278766,0.8836064647089924,0.880229965321243,-90.29745293406867,3,1026
2023-03-04,0.0835010134273915,8799774749.6264537194883167039675,0.764931448333,105385244902.186945,0.10916143349755539,0.09646290390617357,0.8656282368257368,0.880229965321243,-90.51372746701284,3,1027
2023-03-05,0.0826455332066533,8709658959.084303469770867790171,0.757228795868,105385719241.54687,0.10914208975890564,0.09627092836717735,0.8584682272039926,0.880229965321243,-90.6109157308123,3,1028
2023-03-06,0.0835081777401867,8800571739.1560095106210930287562,0.765167570801,105385747567.581086,0.10913711051916102,0.09610629085882735,0.868914792090496,0.880229965321243,-90.51291355325422,3,1029
2023-03-07,0.0825962623059607,8704460994.07217661513358319658864,0.756999422472,105385652462.4359952,0.10911007307804885,0.0959784499135004,0.860570913370655,0.880229965321243,-90.61651323403687,3,1030
2023-03-08,0.0818005450068417,8620614405.75188357482394897279331,0.749932384625,105385782026.6462243,0.10907722707260559,0.09584119626259686,0.8535008764155556,0.880229965321243,-90.70691203099541,3,1031
2023-03-09,0.0769321759037255,8107483424.49711241474835489842955,0.706113231623,105384818890.9018141,0.10895161350665676,0.0956697646878988,0.8041430451376097,0.880229965321243,-91.25999125971032,3,1032
2023-03-10,0.0784094780446692,8263704242.12203820171121472148004,0.719607175347,105391649685.6958737,0.10896150112296969,0.09551617971441688,0.8209025767059059,0.880229965321243,-91.09215987482845,3,1033
2023-03-11,0.0794184252153427,8370077351.23376833982215176763999,0.729240383684,105392134489.4253637,0.1089056873319798,0.09535891461480235,0.8328369249602885,0.880229965321243,-90.97753674105395,3,1034
2023-03-12,0.082879393710741,8734860380.0671288581282931283868,0.760644403269,105392426138.5506348,0.10895944721942681,0.09522609684546376,0.8703432825272738,0.880229965321243,-90.5843476164216,3,1035
2023-03-13,0.0847109193977884,8927881596.6520995148475903512242,0.776561094447,105392335015.6105755,0.10908468117130206,0.09509831115381984,0.8907720691355915,0.880229965321243,-90.37627407209742,3,1036
2023-03-14,0.0886511028645311,9343186168.39264105018910209898113,0.812044757283,105392779858.2504383,0.10917021761355443,0.09502354713712263,0.9329382614669619,0.880229965321243,-89.9286429277402,3,1037
2023-03-15,0.0839655444731579,8849313144.29091799945195933788241,0.771276887698,105392196284.9876579,0.1088656302456652,0.09491574467085229,0.8846324154578636,0.880229965321243,-90.46095363925558,3,1038
2023-03-16,0.0847572111741975,8932753891.3175485250582515061595,0.778468877761,105392258281.8172322,0.10887681395558509,0.09482272339692135,0.8938491549057254,0.880229965321243,-90.37101501727845,3,1039
2023-03-17,0.0880039677846111,9274987768.03950932016397105899801,0.807988120148,105392836272.3366791,0.10891740310302002,0.09473415074957706,0.928957161575695,0.880229965321243,-90.00216179274314,3,1040
2023-03-18,0.0857034132339301,9032506439.58140440283995065791133,0.786980614013,105392610384.4534233,0.10890155577900217,0.09465008825330788,0.9054763161399894,0.880229965321243,-90.26352014695928,3,1041
2023-03-19,0.0882928377815676,9305430094.13783420731061538852552,0.810552041248,105392807932.6098702,0.10892926461035604,0.0945711310639163,0.933613004183005,0.880229965321243,-89.96934423274891,3,1042
2023-03-20,0.0868044446824921,9148563116.52639882734025433872095,0.797001908155,105392795841.1512695,0.10891372253228089,0.09448045582870951,0.9187555661232858,0.880229965321243,-90.13843562451176,3,1043
2023-03-21,0.0964893551176133,10169426863.5026122195011569118531,0.884525503369,105394287806.223207,0.1090860068478552,0.09444127122364249,1.0216863228060626,0.880229965321243,-89.03816514785439,3,1044
2023-03-22,0.0908591738835154,9575977887.10258673381056749127086,0.833057770101,105393627058.2794559,0.10906707451093052,0.09436945899998729,0.9628027419710824,0.880229965321243,-89.67779132009485,3,1045
2023-03-23,0.092617144814268,9761279259.6448309221645001815324,0.848950097564,105393869344.8156393,0.10909610008883455,0.0943010671156765,0.9821431257045811,0.880229965321243,-89.47807408709757,3,1046
2023-03-24,0.0888905549901091,9368467754.10707222122592223082243,0.815182796397,105393286780.0128673,0.10904370821243235,0.09422077651622224,0.9434283846599861,0.880229965321243,-89.90143956782155,3,1047
2023-03-25,0.0907096164015614,9560252825.6874989246455404312892,0.831621538031,105394038746.292578,0.10907559779696331,0.0941739201464463,0.9632137672563945,0.880229965321243,-89.69478204840975,3,1048
2023-03-26,0.0920771058229987,9704397189.46187357430371361745746,0.844034572822,105394246514.6199558,0.1090916282198514,0.09411864942418001,0.9783088302512678,0.880229965321243,-89.53942612151418,3,1049
2023-03-27,0.0925196571888221,9751041396.23068655732093044625739,0.847681057509,105394266391.7346759,0.10914441979003381,0.09405929800005797,0.9836311683802391,0.880229965321243,-89.4891493321229,3,1050
2023-03-28,0.0976982572697508,10296956031.09407556785522107284132,0.894146326163,105395493418.7163329,0.10926428304973063,0.09397713064336173,1.0395960868449001,0.880229965321243,-88.90082579339418,3,1051
2023-03-29,0.102289426525384,10780906223.2228553534452820931288,0.932165039933,105396096052.4837907,0.10973317185627998,0.09391258442423067,1.0891982917146938,0.880229965321243,-88.37923831778971,3,1052
2023-03-30,0.106046162768589,11176916257.6859975376677701990374,0.964151789661,105396706169.1421566,0.10998907423682251,0.09387199140963565,1.1296890710012542,0.880229965321243,-87.95244800262087,3,1053
2023-03-31,0.112104114191785,11815491655.416685281835672088711,1.017424607061,105397484656.1209046,0.11018419784008994,0.09386360451179143,1.194329951154839,0.880229965321243,-87.26422428133628,3,1054
2023-04-01,0.108396338166805,11424670383.662750851414400850838,0.984519146046,105397198621.9863916,0.11010079245502083,0.09388209913817139,1.1546007083551915,0.880229965321243,-87.68545238888278,3,1055
2023-04-02,0.106498454096783,11224620454.5551630218914516102185,0.967330764458,105397027118.8586695,0.11009517944614795,0.0938890392415607,1.13430124492786,0.880229965321243,-87.90106468848558,3,1056
2023-04-03,0.10695701398743,11272942090.88281305537893325639,0.972591482794,105396940982.361873,0.10997116043024617,0.09391303406389843,1.1388942445907608,0.880229965321243,-87.84896922381009,3,1057
2023-04-04,0.106009693888111,11173109370.8677272839712900016196,0.96390545909,105397053430.4202236,0.10997934796239478,0.09390779307705431,1.1288700374539384,0.880229965321243,-87.95659111088972,3,1058
2023-04-05,0.107308380189491,11310005638.3716102829329310042492,0.975218546033,105397226371.3214612,0.11003521274897889,0.09387666960853336,1.1430782604130292,0.880229965321243,-87.80905167772511,3,1059
2023-04-06,0.105718357770338,11142410842.7122707889699302616742,0.946125032901,105397123808.1278659,0.11173825244448435,0.09386805043918792,1.1262443107713977,0.880229965321243,-87.98968883867119,3,1060
2023-04-07,0.106310597538014,11204843751.4557359037238093447518,0.951324407223,105397241770.2681537,0.1117500998932047,0.09384053128105924,1.1328857167230437,0.880229965321243,-87.92240644759059,3,1061
2023-04-08,0.104434459529147,11007072568.2081552230794121244635,0.934744993857,105396940988.9668705,0.11172508033257644,0.09377635211310946,1.1136545320421734,0.880229965321243,-88.13554824948123,3,1062
2023-04-09,0.104851640668459,11051055599.6532070597608350807876,0.938417500021,105397068936.6383564,0.1117324012671467,0.09374768104467854,1.118445165790165,0.880229965321243,-88.08815368717957,3,1063
2023-04-10,0.105778230979783,11148710980.42626375617929358292,0.946614490402,105397026185.44524,0.11174372677821785,0.093661509157549,1.1293671427165703,0.880229965321243,-87.98288684239705,3,1064
2023-04-11,0.105097660106575,11076980271.27944985115449266959,0.940488086914,105397020828.5014372,0.11174799720369592,0.09357022621099252,1.12319553304904,0.880229965321243,-88.0602042367168,3,1065
2023-04-12,0.103612256013955,10920405815.307928996073918451473,0.92771845516,105396853957.4808206,0.11168502193489876,0.09349707366450064,1.108187154453102,0.880229965321243,-88.22895605739333,3,1066
2023-04-13,0.105344089617383,11102950915.4173893261580138169903,0.943036786588,105396999069.8488441,0.11170729616871923,0.09343770865664106,1.1274258661938592,0.880229965321243,-88.03220819925879,3,1067
2023-04-14,0.107064723324811,11284331625.8014593309041883817946,0.964647616651,105397289372.0302286,0.11098842880731025,0.09340495043448155,1.1462424938591562,0.880229965321243,-87.83673272407428,3,1068
2023-04-15,0.106620071300347,11237439557.400055513925252707525,0.960314188728,105397036602.464575,0.11102623761247594,0.09338585457801722,1.141715431979835,0.880229965321243,-87.88724816230999,3,1069
2023-04-16,0.107429396845337,11322749823.1466801413684983628784,0.967502056197,105397127375.1794032,0.11103790028892976,0.09338125422015602,1.1504385729502093,0.880229965321243,-87.7953033777792,3,1070
2023-04-17,0.104162977785027,10978435950.3644401573259715123195,0.938464914772,105396717565.2551785,0.11099293766387996,0.09332502564145372,1.116131252781132,0.880229965321243,-88.16639038787865,3,1071
2023-04-18,0.105546948333865,11124248475.890748335407875450267,0.950705392071,105396211368.4484958,0.11101961681730169,0.09328112819390269,1.1314930509252146,0.880229965321243,-88.00916209489127,3,1072
2023-04-19,0.0974633697440635,10272227091.20841271042275553622935,0.878824376881,105395771951.8936981,0.11090198714101081,0.09316185357051847,1.0461725052549433,0.880229965321243,-88.92751058429441,3,1073
2023-04-20,0.0956686280958647,10083064081.71116063788909358771303,0.862966303045,105395721485.7040849,0.11086021291711547,0.0930477298026128,1.028167245980227,0.880229965321243,-89.13140521625503,3,1074
2023-04-21,0.092996410419745,9801402045.5419959986883246633895,0.839611856809,105395487861.3353671,0.11076119240762508,0.09292793115684336,1.0007369072145387,0.880229965321243,-89.43498698254318,3,1075
2023-04-22,0.0955429906805199,10069818200.19965422922256277472421,0.862439156274,105395677155.1298379,0.11078229691390026,0.09280967557035438,1.029450756005429,0.880229965321243,-89.1456784653257,3,1076
2023-04-23,0.0945468533339596,9964817572.70365001645486111042912,0.853527203256,105395549627.7152072,0.1107719273308293,0.0926877784499716,1.020057389604946,0.880229965321243,-89.25884631756948,3,1077
2023-04-24,0.093535552597175,9858201806.1173706123600571330425,0.844710477119,105395237772.0288591,0.11073090145180953,0.09255911090281443,1.010549384980435,0.880229965321243,-89.37373683216535,3,1078
2023-04-25,0.094935332306597,10005737380.6348922428605988366056,0.857312585675,105395295276.5890248,0.11073596013040007,0.09242229921578315,1.0271907657798744,0.880229965321243,-89.21471251300221,3,1079
2023-04-26,0.0934559662613826,9849768945.79114199445162942494328,0.844098714227,105394757978.7767228,0.11071686840201711,0.09225850279393341,1.0129794374630576,0.880229965321243,-89.38277837118672,3,1080
2023-04-27,0.0943479258079282,9943818039.17714943747749479486202,0.852109196281,105395195008.5325061,0.11072281137171894,0.09208666514919109,1.0245557883443124,0.880229965321243,-89.2814458124593,3,1081
2023-04-28,0.0946103629363367,9971483484.53128396573545090286916,0.854496371542,105395256661.6945948,0.11072061402157334,0.0919398148584095,1.0290466984520248,0.880229965321243,-89.25163120278366,3,1082
2023-04-29,0.0957406044830651,10090612389.24785112966456386628084,0.864589969025,105395327758.0643484,0.11073527095281015,0.09183917925036553,1.0424810550850392,0.880229965321243,-89.12322821819362,3,1083
2023-04-30,0.0948190047157165,9993465561.82311524048703607882445,0.856287198021,105395174646.5302433,0.11073271320049692,0.09173186034227582,1.033654003766213,0.880229965321243,-89.22792810386636,3,1084
2023-05-01,0.0926393227593952,9763715685.34749075395210507938816,0.836786978756,105394938072.9608608,0.11070837036340647,0.09163425351563698,1.0109682701085867,0.880229965321243,-89.47555452448313,3,1085
2023-05-02,0.0935242191283873,9856989902.20748413998026464220296,0.844800161931,105395051614.1289352,0.1107057305891307,0.09154013958459807,1.0216744212188535,0.880229965321243,-89.37502438987575,3,1086
2023-05-03,0.0935814838749623,9863024136.24180325813763274589133,0.845592396231,105395038931.2073371,0.11066973200335826,0.09144832365619715,1.0233264004574303,0.880229965321243,-89.36851873239632,3,1087
2023-05-04,0.0934344965911427,9847534181.75410539009519429531246,0.844368923935,105395057939.3138298,0.11065601059275287,0.09134815191678154,1.0228394842214412,0.880229965321243,-89.3852174690459,3,1088
2023-05-05,0.0943932562613376,9948589608.6928445070988923769536,0.852955402184,105395130994.8364735,0.11066610988059027,0.09124886470947438,1.0344595142292958,0.880229965321243,-89.27629597035039,3,1089
2023-05-06,0.0924990241881055,9748928975.61447766861257008613455,0.836155066973,105394938608.0993681,0.11062424643668678,0.0911487363668329,1.0148141145461227,0.880229965321243,-89.49149337873908,3,1090
2023-05-07,0.0924056776516546,9739086806.38353482831952594751798,0.835330547599,105394896221.6083963,0.11062169091895092,0.09105710110473933,1.0148102293017658,0.880229965321243,-89.50209816841092,3,1091
2023-05-08,0.089463298665003,9428933260.4786376015835891088568,0.809267148429,105394428790.1282856,0.11054853621412256,0.09095464314311559,0.9836034266467739,0.880229965321243,-89.83637206302639,3,1092
2023-05-09,0.0890475675983851,9385113630.00392612518217762083785,0.807222836164,105394385081.1499035,0.11031348917425038,0.09084543675880694,0.9802095820707523,0.880229965321243,-89.8836018873901,3,1093
2023-05-10,0.0891367376497683,9394519294.08350231110951374330201,0.808161337314,105394470807.2667747,0.11029572132963278,0.0907349900659295,0.9823854897102002,0.880229965321243,-89.87347157430189,3,1094
2023-05-11,0.0894636267209191,9428976005.77477823461286198312607,0.811122213636,105394520112.4963977,0.11029611224661502,0.09062276607105557,0.987209181529202,0.880229965321243,-89.83633479368439,3,1095
2023-05-12,0.0890663525745722,9387138401.93855065136225057161184,0.807566022745,105394889659.1338672,0.11028987112635881,0.09051654274653015,0.9839787277777625,0.880229965321243,-89.8814677886969,3,1096
2023-05-13,0.0883911981492878,9315963152.60572760392525677801198,0.801563302711,105394692544.7439441,0.11027350909196607,0.09039909675926257,0.9777885102621997,0.880229965321243,-89.95816983837524,3,1097
2023-05-14,0.0887109287841982,9349655589.93869697951459162413766,0.804471071116,105394630831.5974013,0.11027236648936828,0.09027467592356773,0.9826778980553361,0.880229965321243,-89.9218463039005,3,1098
2023-05-15,0.0880981850230033,9285068700.88432040749689050596395,0.799194343061,105394551527.4792315,0.11023374450521987,0.09015931998998117,0.9771389694686372,0.880229965321243,-89.99145808551843,3,1099
2023-05-16,0.0879061835416132,9264798399.716484617978305267486,0.797688449837,105394160301.939355,0.11020114878130174,0.09003486179585661,0.9763571775223031,0.880229965321243,-90.01327073550246,3,1100
2023-05-17,0.0885291112935768,9330462518.70469485207391226405496,0.803400378769,105394286493.6639597,0.1101930166241948,0.08991072772769343,0.9846334640033051,0.880229965321243,-89.94250198455039,3,1101
2023-05-18,0.0887586786083797,9354662857.39045428043393434286117,0.805569903487,105394345702.9708561,0.11018122477537674,0.08979905947168192,0.9884143456577037,0.880229965321243,-89.91642160512147,3,1102
2023-05-19,0.0892333710580965,9404680252.45583156503570176095955,0.809906676414,105394205563.8892887,0.11017734963390162,0.0896889567020953,0.9949203819427621,0.880229965321243,-89.86249337404341,3,1103
2023-05-20,0.0887581123428092,9354596847.392808363925961289572,0.805642958672,105394274398.97191,0.11017053073872286,0.08958327431910662,0.9907888834989655,0.880229965321243,-89.91648593667036,3,1104
2023-05-21,0.0882093547375643,9296765017.49170313323875338222844,0.800759155537,105394320649.4473908,0.11015716039913388,0.08948624592863891,0.9857308664831815,0.880229965321243,-89.97882846383536,3,1105
2023-05-22,0.0881633655838571,9291916539.255570146962040944253,0.800540785493,105394303832.66743,0.11012976125827632,0.08938396682965394,0.9863442931759446,0.880229965321243,-89.98405313869523,3,1106
2023-05-23,0.0881896980054302,9294692353.43302329774513524723118,0.800965413833,105394309807.7137209,0.1101042522964888,0.08924896979291085,0.9881312715436544,0.880229965321243,-89.9810615998235,3,1107
2023-05-24,0.0865323478166888,9120005729.68989909744516102881176,0.786121515215,105394178706.5552927,0.11007502802289118,0.08911392517744952,0.9710305953236812,0.880229965321243,-90.16934764483864,3,1108
2023-05-25,0.0870269364884578,9172088279.7742702885550683493159,0.790725394964,105393670625.0799155,0.11005961999288004,0.08900253845740211,0.9778028581747715,0.880229965321243,-90.11315907011902,3,1109
2023-05-26,0.0877901821251857,9252466685.2689961236669704063087,0.797633475221,105392954670.891391,0.11006331210066339,0.08889332618967466,0.987590248764737,0.880229965321243,-90.02644927077137,3,1110
2023-05-27,0.0881177283078469,9287030022.07106595162296301367513,0.800955057807,105393434447.4476677,0.11001582104882589,0.08883859876629799,0.9918856165173492,0.880229965321243,-89.98923783789976,3,1111
2023-05-28,0.0887119232927959,9349751225.7218929051470534226833,0.806263366064,105394527349.641687,0.11002846839720369,0.08886763473499809,0.9982478273145614,0.880229965321243,-89.921733321085,3,1112
2023-05-29,0.0893181910591301,9413653725.23798786482292804127643,0.811736335904,105394585510.6491743,0.11003350116101408,0.08882983654389143,1.0054976405928358,0.880229965321243,-89.8528572557135,3,1113
2023-05-30,0.0908324412579849,9573266608.05605641353739139185305,0.825265167104,105394795906.2972945,0.11006455243559093,0.08881068505008867,1.0227647856421327,0.880229965321243,-89.68082832480768,3,1114
2023-05-31,0.092585175697275,9758022094.8316208409051971156775,0.841080274143,105395081030.4378181,0.1100788813429403,0.08882000101293126,1.0423910677933403,0.880229965321243,-89.48170599219651,3,1115
2023-06-01,0.0911219187741585,9603766813.13559984615040358100855,0.828174053894,105394694737.9158663,0.11002749765669598,0.08883741132878427,1.0257156012450581,0.880229965321243,-89.64794174657492,3,1116
2023-06-02,0.0920244215825077,9698897581.80748180770185562859059,0.836207744689,105394822537.5325767,0.1100497121283338,0.0888429727633386,1.0358097969959188,0.880229965321243,-89.54541140292548,3,1117
2023-06-03,0.0919302578906158,9688976266.53864907848178267111052,0.835464107398,105394855718.4205994,0.11003495790732022,0.08884107857838641,1.0347719699227171,0.880229965321243,-89.55610902691032,3,1118
2023-06-04,0.0914920907029494,9642780401.8002639802538106619041,0.831773323593,105394688521.3042015,0.10999642343388973,0.08884951692565828,1.0297421288120476,0.880229965321243,-89.60588774439654,3,1119
2023-06-05,0.087900898378906,9264242193.2304119311031332205338,0.799696854566,105394169616.9694273,0.10991777431288048,0.0888379733583245,0.9894518645125002,0.880229965321243,-90.01387116526688,3,1120
2023-06-06,0.0896361912612646,9447144267.4283165364654366850795,0.815351775859,105394307081.7513325,0.1099356056063408,0.08884054536660166,1.0089558871051465,0.880229965321243,-89.81673030995356,3,1121
2023-06-07,0.0873255425375661,9203606859.56396052577411489163172,0.794578822698,105394213332.3100852,0.10990167374591156,0.08882572257631198,0.9831109728664796,0.880229965321243,-90.07923542960773,3,1122
2023-06-08,0.087135585262635,9183585588.16650951592944529815,0.792947952143,105394203303.80869,0.10988815221370418,0.088829407160067,0.9809317437593633,0.880229965321243,-90.100815844092,3,1123
2023-06-09,0.0888483230168117,9364119603.75200457753817759651866,0.80991219976,105394443989.4509298,0.10970117877362509,0.08885190801178817,0.9999596520203483,0.880229965321243,-89.90623740190597,3,1124
2023-06-10,0.0823201299719475,8676016054.695837077988781606311,0.751152782536,105393614631.7114836,0.1095917260587425,0.08882870763171562,0.9267288939207275,0.880229965321243,-90.64788371049099,3,1125
2023-06-11,0.0834229219607591,8792272278.30505430883433593751484,0.761190565164,105393962134.7812324,0.10959531788571954,0.08880308686564606,0.9394146634448998,0.880229965321243,-90.52259917891871,3,1126
2023-06-12,0.0830848306758804,8756639557.86069337891811991902784,0.75821984841,105393962852.5084496,0.10957881259651894,0.08876912653374568,0.9359653960805351,0.880229965321243,-90.5610086057956,3,1127
2023-06-13,0.0824566603277745,8690439648.83138547109530581862045,0.752753022128,105394028987.9060141,0.10954012525206887,0.08873538331182562,0.9292421720658262,0.880229965321243,-90.63237295066617,3,1128
2023-06-14,0.079282156653676,8355824679.392317604573079354416,0.724245622137,105393508855.878116,0.10946860323399898,0.08869180866563178,0.8939061887053157,0.880229965321243,-90.99301775931455,3,1129
2023-06-15,0.0762429343966074,8035477081.89998423137160113820844,0.696916616986,105393072098.9870606,0.1094003680473858,0.08862235442001602,0.8603126704946508,0.880229965321243,-91.33829369592272,3,1130
2023-06-16,0.0774462662428053,8162306740.4291332501107611324823,0.708012476102,105393160140.724091,0.10938545415073728,0.08857326114093424,0.874375237461065,0.880229965321243,-91.2015871654016,3,1131
2023-06-17,0.0796385254720757,8393388943.51870772206609778508434,0.727932881716,105393575455.6599562,0.10940366546478708,0.08852845793105585,0.8995810763370187,0.880229965321243,-90.95253188261873,3,1132
2023-06-18,0.0794834561922005,8377041674.68441729171341505220055,0.726547694679,105393525596.4175611,0.10939881410994982,0.0884764520990148,0.8983571821262661,0.880229965321243,-90.97014878797125,3,1133
2023-06-19,0.0799429138289688,8425470992.8093233443695177839108,0.730842325632,105393593869.1816535,0.10938462514446971,0.08843895489381191,0.9039332715425656,0.880229965321243,-90.91795133334351,3,1134
2023-06-20,0.0828586856664489,8732802523.08215588395373284415517,0.75704492422,105393930073.1418453,0.10945015680782749,0.08841310114522843,0.9371765563380049,0.880229965321243,-90.58670018848888,3,1135
2023-06-21,0.0868476082233343,9153256687.34764240402371171474619,0.792958535423,105394459036.9080133,0.1095235177423317,0.08841587085720613,0.9822626569340179,0.880229965321243,-90.13353195813562,3,1136
2023-06-22,0.0867754808854772,9145661505.3919696055515489108976,0.792203309179,105394535553.908908,0.10953688261591206,0.08841075200675272,0.9815037075903321,0.880229965321243,-90.14172610519933,3,1137
2023-06-23,0.0893984303872768,9422163976.03237608270691839583232,0.815925986505,105395183508.4270124,0.10956683800477159,0.08842373403445805,1.0110230173319632,0.880229965321243,-89.84374153240165,3,1138
2023-06-24,0.0904366067984516,9531601279.0776305643608836888586,0.825229372162,105395388178.5934585,0.10958966058311613,0.08844574137050222,1.0225094549166542,0.880229965321243,-89.72579776178759,3,1139
2023-06-25,0.0915844648010551,9652599658.64671617122905970139547,0.835564172966,105395600439.6011197,0.1096079364867428,0.08848232169841808,1.0350594677342477,0.880229965321243,-89.59539343021218,3,1140
2023-06-26,0.092001350132782,9696540549.43090191599641419383,0.838950225559,105395633166.646565,0.1096624654597127,0.08851457502637905,1.0393921013049414,0.880229965321243,-89.54803247362685,3,1141
2023-06-27,0.102111955553401,10762270834.8711205325753031330502,0.927916990503,105396775299.6643702,0.1100442783120597,0.0885999861247189,1.1525053221753534,0.880229965321243,-88.39940020490727,3,1142
2023-06-28,0.100861235507245,10630443219.5480401994288846454685,0.916588343217,105396718234.5732913,0.11003984095329734,0.08867856357420471,1.1373801225686977,0.880229965321243,-88.54149035128162,3,1143
2023-06-29,0.102389590805278,10791541367.7034707417999192529214,0.930141909902,105396860001.3897713,0.11007953702039487,0.08877155847969394,1.1534053536831745,0.880229965321243,-88.36785898695115,3,1144
2023-06-30,0.110817612091561,11679945443.1912625529436649443699,1.004804149932,105397916655.5305659,0.11028777309395128,0.08890447821496343,1.246479528552133,0.880229965321243,-87.41037950791441,3,1145
2023-07-01,0.107197692416624,11298358589.93131738034442064416,0.971816888507,105397404880.88334,0.11030647201584608,0.08902059783103523,1.2041897608920762,0.880229965321243,-87.82162654761454,3,1146
2023-07-02,0.107098425255497,11287861083.1956577006430576378977,0.970828755665,105397078026.7498841,0.11031649467586746,0.08914139326137929,1.2014443721051602,0.880229965321243,-87.8329039597725,3,1147
2023-07-03,0.105339620609617,11102428441.5328748346165207296731,0.954840242172,105396510612.8289643,0.110321722898899,0.08925952426070792,1.1801499221746081,0.880229965321243,-88.03271590837369,3,1148
2023-07-04,0.103709812543775,10930604815.702593775778412674455,0.940213411998,105396052192.1576282,0.11030454492601474,0.08940568045956175,1.1599913116335265,0.880229965321243,-88.21787298437111,3,1149
2023-07-05,0.100509372508011,10593253368.4326783342516857351475,0.911579292035,105395677080.6459225,0.110258507829456,0.08952977283312519,1.1226362954740288,0.880229965321243,-88.58146433684183,3,1150
2023-07-06,0.0962312367942318,10142310399.79133068882178326912038,0.873276939711,105395199497.2101541,0.11019555471839014,0.0896273594799454,1.0736814891413158,0.880229965321243,-89.06748911244894,3,1151
2023-07-07,0.0970348566421011,10227019269.4245585263629351041,0.880443671136,105395314872.731,0.11021131711572309,0.08974596206796218,1.0812169640414488,0.880229965321243,-88.97619253319921,3,1152
2023-07-08,0.099404813892905,10476849024.0045641194841801056635,0.901704207476,105395791347.6094467,0.11024104475585558,0.08986301976683121,1.1061815433181748,0.880229965321243,-88.70694956895419,3,1153
2023-07-09,0.0989876126425396,10432876610.17561189792454816574896,0.897958796905,105395779650.2318876,0.11023625246917876,0.08998296329067246,1.1000706025070475,0.880229965321243,-88.75434641600576,3,1154
2023-07-10,0.0997975431233088,10518242691.861598699015456412736,0.905867262588,105395807979.61497,0.11016795423006472,0.09010360326676307,1.107586594820693,0.880229965321243,-88.66233290673223,3,1155
2023-07-11,0.0984706040619521,10378379018.14914786529397351988167,0.893978043532,105395707856.3229127,0.1101487947879643,0.09021957008758606,1.0914550353804153,0.880229965321243,-88.81308204203036,3,1156
2023-07-12,0.0961949609795355,10138507986.36726638267868095521125,0.873727158185,105395416590.7310975,0.11009725413521769,0.09032891417439794,1.0649409644603056,0.880229965321243,-89.07161028715618,3,1157
2023-07-13,0.152838173484819,16109314003.5736361505321360160332,1.371638102754,105401115678.5626628,0.11142747724632884,0.09072400834472974,1.6846497004857872,0.880229965321243,-82.63656322708349,3,1158
2023-07-14,0.134879206259391,14216227536.9740759062639371516657,1.215923149097,105399697486.6114127,0.11092741046961599,0.09102301029318641,1.4818143876470704,0.880229965321243,-84.67682178825095,3,1159
2023-07-15,0.128032549542342,13494517633.5400299008838718201212,1.155707757957,105399116722.8706986,0.1107828070382354,0.09129323621733967,1.4024319308556212,0.880229965321243,-85.4546476958875,3,1160
2023-07-16,0.132017856907281,13914604875.0093202485073911951969,1.186472170884,105399414904.7719249,0.11126924014485648,0.09159525642541336,1.4413176190492356,0.880229965321243,-85.00189017547243,3,1161
2023-07-17,0.128834425786067,13579038268.5125923094439469684028,1.148231886388,105399144566.0723284,0.11220244561518165,0.0918801583408042,1.4022007374888394,0.880229965321243,-85.36354920170794,3,1162
2023-07-18,0.131222447585009,13830749131.5097445422932078196826,1.168333769135,105399261986.4056314,0.11231589041730965,0.09217479519945174,1.4236261366359892,0.880229965321243,-85.09225398420526,3,1163
2023-07-19,0.155668240335589,16407645526.9075696982760525273963,1.379520151388,105401368265.8455567,0.11284230982705391,0.09259811910483079,1.681116655937214,0.880229965321243,-82.31504874083929,3,1164
2023-07-20,0.163758524199389,17260477350.9567099871698173695329,1.4411035492,105402008447.1493461,0.11363411344750089,0.09305445996584112,1.7598138150444618,0.880229965321243,-81.39593848754913,3,1165
2023-07-21,0.157154994052175,16564368769.97409863110548221414,1.383993090948,105401478774.9906088,0.11355186314154778,0.09347131714001394,1.6813178508736222,0.880229965321243,-82.14614359387086,3,1166
2023-07-22,0.155606794873055,16401164668.262283131453793494308,1.370560537798,105401339842.7906456,0.1135351490004662,0.09388132178237658,1.6574840651877736,0.880229965321243,-82.32202935555986,3,1167
2023-07-23,0.156134822947918,16456814610.6867898865141468738464,1.375159653877,105401308305.0428848,0.11353941522915227,0.09429342317064485,1.6558400119312398,0.880229965321243,-82.26204184142537,3,1168
2023-07-24,0.145829686775908,15370517003.5266117369462416672192,1.286767994809,105400466416.3203824,0.11333020976913095,0.0946587196359465,1.540583765941087,0.880229965321243,-83.43277410208513,3,1169
2023-07-25,0.14571630745467,15358564811.850439265446614211656,1.287011455365,105400452976.9479768,0.11322067635625235,0.09501185407719058,1.533664497656109,0.880229965321243,-83.44565474983683,3,1170
2023-07-26,0.155204691050198,16358769227.2266904253255015489004,1.365631196044,105401255055.7235298,0.11365051669865146,0.09540981284072389,1.6267162300097477,0.880229965321243,-82.3677110340642,3,1171
2023-07-27,0.159118859949442,16771388252.4577844603800007305762,1.398878689066,105401636599.1226961,0.11374743299269367,0.09582009000551851,1.6606001929269525,0.880229965321243,-81.92303531823403,3,1172
2023-07-28,0.160188995380984,16884197564.3530508730163868744584,1.407483076329,105401732024.0799151,0.11381237762289068,0.09622443484143202,1.6647434266042611,0.880229965321243,-81.8014607895651,3,1173
2023-07-29,0.158745867048312,16732083319.3191395311921076021544,1.394951729943,105401694106.6375787,0.11380025820305525,0.09662072204088985,1.6429795151099245,0.880229965321243,-81.9654098017014,3,1174
2023-07-30,0.156463764856895,16491511823.3684594131094822351835,1.375242483553,105401476427.7974373,0.11377176514549196,0.09699659918120919,1.6130850584213696,0.880229965321243,-82.22467184472718,3,1175
2023-07-31,0.15054663962058,15867793367.933336343352062647052,1.324591048256,105401179381.5169294,0.11365518423123473,0.09734163285183914,1.546580175511568,0.880229965321243,-82.89689677110259,3,1176
2023-08-01,0.152499869498865,16073680467.482868912864107267328,1.340126191654,105401273589.9587072,0.11379515634318571,0.09768200636097699,1.5611869082143177,0.880229965321243,-82.67499681822243,3,1177
2023-08-02,0.143977919585784,15175429524.617870656564887815448,1.266795450428,105401089057.799197,0.113655223135779,0.09796534483983362,1.4696821597594298,0.880229965321243,-83.64314721628016,3,1178
2023-08-03,0.139258579417029,14677962288.1039448147705599054557,1.226649996978,105400775661.7189433,0.11352755860278749,0.09822135215719471,1.417803526000719,0.880229965321243,-84.179295763215,3,1179
2023-08-04,0.136682477187015,14406426888.7331563672931119492215,1.257859517448,105400686212.4809681,0.10866275231142054,0.09846600543227998,1.3881184332294094,0.880229965321243,-84.47195817321077,3,1180
2023-08-05,0.138895969141308,14639740637.2340395934896101512952,1.279923678855,105400759487.4122594,0.1085189464309014,0.09872742296382914,1.4068631082591456,0.880229965321243,-84.22049071112713,3,1181
2023-08-06,0.138987416421927,14649393936.148987056310641970458,1.280847635186,105400865152.263254,0.10851206076649683,0.09900914055066277,1.4037836875354697,0.880229965321243,-84.21010168959619,3,1182
2023-08-07,0.142522988694738,15022089311.680613595041469821811,1.311660075951,105401166852.1461095,0.1086584789061326,0.09930019182938694,1.4352740520342044,0.880229965321243,-83.80843707783525,3,1183
2023-08-08,0.143108223206397,15083782754.1592057133356550270127,1.3169236537,105401230035.5704091,0.10866857984084595,0.09957229347372276,1.437229355816369,0.880229965321243,-83.74195053060149,3,1184
2023-08-09,0.141580810095076,14922833568.5448389650614401957472,1.302855652858,105401526933.7962072,0.10866960571149864,0.09982767686200326,1.4182520774353005,0.880229965321243,-83.91547485623195,3,1185
2023-08-10,0.13872603898559,14621899254.512088501482173385424,1.277150509167,105401259644.0594736,0.10862152736882338,0.10006587791901049,1.3863470932406106,0.880229965321243,-84.23979591117858,3,1186
2023-08-11,0.139456451949265,14698905338.131771835221138386138,1.283961019308,105401400456.3898692,0.10861424128313964,0.10029139008782645,1.390512703305251,0.880229965321243,-84.15681612266292,3,1187
2023-08-12,0.137789975541325,14523233506.1498287198207989326075,1.268764174979,105401234372.0470631,0.10860172304566028,0.10052869729441591,1.3706531492970897,0.880229965321243,-84.34613896710071,3,1188
2023-08-13,0.137908748279706,14535757267.0353249930814024431216,1.269864891138,105401270393.3325336,0.10860111909710168,0.1007559900943196,1.3687399444003976,0.880229965321243,-84.33264559115801,3,1189
2023-08-14,0.136013993277395,14336026526.1221612287601193068255,1.252834344924,105401114846.2086469,0.10856502603753726,0.10097670449373719,1.346983880681419,0.880229965321243,-84.54790240778087,3,1190
2023-08-15,0.130153358608586,13718228892.1969983214725892818106,1.199641882843,105400498602.9767321,0.10849350999661578,0.10116476409253584,1.2865483330691523,0.880229965321243,-85.21370962858711,3,1191
2023-08-16,0.126585460140269,13342137113.069504302179233819904,1.16735096907,105400233946.972416,0.1084382190911415,0.10133420127943507,1.2491879201889804,0.880229965321243,-85.61904671194974,3,1192
2023-08-17,0.113904352660544,12005421314.7601853183199386329792,1.053110913257,105399144407.9275643,0.1081598825220292,0.10143180250665194,1.1229648872016653,0.880229965321243,-87.05970517386622,3,1193
2023-08-18,0.116714606188107,12301632666.7510452687660206604792,1.082584489789,105399256087.3204456,0.10781108291220312,0.10156609256620508,1.149149319808946,0.880229965321243,-86.74044161340137,3,1194
2023-08-19,0.123540236146416,13021131760.5901679533153554090864,1.14409848745,105399926103.0870329,0.10798042083052314,0.10173067419271636,1.2143853083327067,0.880229965321243,-85.96500448592096,3,1195
2023-08-20,0.129782848084865,13679196112.967900987532898738251,1.200834614077,105400646655.7358574,0.1080772044405301,0.10191839635063017,1.2733996288400444,0.880229965321243,-85.25580209740983,3,1196
2023-08-21,0.125051733108394,13180474740.4733050548033537071218,1.157600642649,105400176493.7440597,0.10802666178746356,0.10208500632199309,1.224976493746398,0.880229965321243,-85.79328834110346,3,1197
2023-08-22,0.12071998366697,12723864972.897377073124335520258,1.118098920232,105399823512.2254514,0.10796896543100247,0.10222466047735226,1.1809281938746605,0.880229965321243,-86.2854039940673,3,1198
2023-08-23,0.127589781815915,13448019471.6185705509961126347165,1.18087354138,105400442576.3593751,0.10804694774244007,0.1023963793252586,1.246038020647492,0.880229965321243,-85.50494906528766,3,1199
2023-08-24,0.123645695294813,13032281948.5972072182829370337005,1.144847722722,105400207565.0418385,0.10800187032807465,0.10255941449315543,1.2056006355522322,0.880229965321243,-85.95302362267478,3,1200
2023-08-25,0.123758887055279,13044211858.7347872529904984873114,1.145749505548,105400203323.6479366,0.10801565827085947,0.1027335384475499,1.204659052199039,0.880229965321243,-85.94016428307883,3,1201
2023-08-26,0.120977633497608,12751043492.9388418600547122487784,1.120378527892,105400007623.6485373,0.1079792503032241,0.1028785964257343,1.175926166381352,0.880229965321243,-86.2561332533758,3,1202
2023-08-27,0.120770796323364,12729239839.8159652256127711728568,1.118541577323,105399982672.4120062,0.10797166486417442,0.10302755359836453,1.1722184222112901,0.880229965321243,-86.27963133710311,3,1203
2023-08-28,0.119848142392494,12631968332.3806015204448123360628,1.110488351552,105399784095.2079062,0.10792381768345091,0.10319897386553575,1.161330756531082,0.880229965321243,-86.38445098278892,3,1204
2023-08-29,0.124140160928362,13084386028.8012250613839523953914,1.149374903025,105400105259.6659497,0.10800667441201459,0.10339150079162426,1.2006805199448134,0.880229965321243,-85.89684902591829,3,1205
2023-08-30,0.120436876013048,12694041186.051279849698500979004,1.115707616191,105399953953.2727605,0.10794662890643043,0.10356238618282211,1.162940334345298,0.880229965321243,-86.31756691342652,3,1206
2023-08-31,0.11504333145332,12125491047.059385245098280271612,1.066903446064,105399338613.3765291,0.10782918724064083,0.10371227906671229,1.109254685063078,0.880229965321243,-86.93030957980002,3,1207
2023-09-01,0.113887496370001,12003653985.4604528659922053673509,1.056701130861,105399226149.1343509,0.10777644978689999,0.10385585218299281,1.096591997236059,0.880229965321243,-87.06162016099537,3,1208
2023-09-02,0.113496220553378,11962405442.6504290356229921242572,1.05329026513,105399152362.2976774,0.10775398226942691,0.10399385792382143,1.0913742678583704,0.880229965321243,-87.10607170570964,3,1209
2023-09-03,0.11921815832524,12565565837.658881134459271166072,1.105615961036,105399764718.5478378,0.10782962848467609,0.10413982167482105,1.1447893457845684,0.880229965321243,-86.45602137826212,3,1210
2023-09-04,0.124052118794366,13075129004.8389945604250702077544,1.149634968036,105400287652.5863884,0.10790565896433431,0.10432629850172999,1.189078119092943,0.880229965321243,-85.90685120006192,3,1211
2023-09-05,0.122094410407923,12868772675.9647053274302066873747,1.13245205956,105400178705.7208289,0.10781419785254419,0.10448452133425024,1.168540649359325,0.880229965321243,-86.12925994136495,3,1212
2023-09-06,0.123409033065916,13007350742.4149150878548158865628,1.144529688174,105400313245.0389433,0.10782510435601252,0.10464094513927749,1.1793570184372677,0.880229965321243,-85.97991003170661,3,1213
2023-09-07,0.125178572828385,13193876601.450206230363297078455,1.160655665136,105400439574.738583,0.10785160197681642,0.10481300718101615,1.1943038005979232,0.880229965321243,-85.77887850219908,3,1214
2023-09-08,0.126769949687297,13361618909.7824467361595120685161,1.175086952805,105400522306.2839913,0.10788133540644787,0.10497468336344547,1.207624025388974,0.880229965321243,-85.59808746785484,3,1215
2023-09-09,0.131625200109652,13873434965.7635160582067662062064,1.219552430398,105401055073.0869132,0.10792910319296087,0.10516009295722654,1.2516649273331286,0.880229965321243,-85.04649860884764,3,1216
2023-09-10,0.133607245579876,14082375050.5203186151798113482256,1.237651332646,105401282613.0846756,0.10795224960024433,0.1053665978268943,1.2680227732072926,0.880229965321243,-84.82132501236588,3,1217
2023-09-11,0.128156221339648,13507762410.232694854971284417536,1.186885049004,105400754399.8471945,0.1079769447320893,0.10555310100224048,1.2141398037839526,0.880229965321243,-85.44059775414748,3,1218
2023-09-12,0.12129325807514,12784324327.415752464863596075128,1.125424634194,105400123059.5684652,0.1077755492370283,0.10571421997452139,1.1473693709736814,0.880229965321243,-86.22027619442908,3,1219
2023-09-13,0.120714200205897,12723276339.7790679889541373797988,1.120248312301,105399997001.8235204,0.10775664545117586,0.10587799373588179,1.1401254967772143,0.880229965321243,-86.28606103385246,3,1220
2023-09-14,0.120206855795596,12669752922.2444496201521701321508,1.11551127394,105399586723.9764323,0.107759427093035,0.10603469561521305,1.1336558764860512,0.880229965321243,-86.34369874561972,3,1221
2023-09-15,0.120395258786743,12689609924.5099272453260690167277,1.117238411755,105399581780.7670139,0.10776147465035829,0.1061950769624777,1.1337178919252793,0.880229965321243,-86.32229490814889,3,1222
2023-09-16,0.11914733763544,12558039413.365372076000578461384,1.105721359261,105399244855.8919611,0.10775530077041395,0.1063557056934426,1.1202721740088653,0.880229965321243,-86.46406708138403,3,1223
2023-09-17,0.116121629451512,12239096433.88378316834453546248,1.078114654373,105398938093.56479,0.10770805218211689,0.10649643622796072,1.0903804255284946,0.880229965321243,-86.80780772907077,3,1224
2023-09-18,0.118000747133626,12437173491.2223511056213730567756,1.095509530114,105399108000.0391006,0.10771311785972935,0.1066490695716539,1.1064395367682536,0.880229965321243,-86.5943274164086,3,1225
2023-09-19,0.118425276928161,12481948380.6801418907503814801463,1.104933455776,105399359870.2068183,0.10717865072244588,0.10681417232292607,1.1087037829599207,0.880229965321243,-86.54609799781797,3,1226
2023-09-20,0.11690553021626,12321762095.205948736560663593198,1.090760302865,105399308932.7108323,0.1071780206056225,0.10698119490687043,1.0927671009660056,0.880229965321243,-86.71875136929758,3,1227
2023-09-21,0.113782974533451,11992582366.7979545446963713871473,1.061992092112,105398741911.7107123,0.10714107513472067,0.10713688211350442,1.062033655346676,0.880229965321243,-87.07349453935875,3,1228
2023-09-22,0.114357941185163,12053193482.9429942122531644091207,1.067585772587,105398832455.6055989,0.10711827013959546,0.10729113093072931,1.0658657448489033,0.880229965321243,-87.00817448955766,3,1229
2023-09-23,0.11410174707778,12026190921.052557633433910457366,1.065321609772,105398832437.2863147,0.10710544687270546,0.10744865835458839,1.0619187696251724,0.880229965321243,-87.03727985036977,3,1230
2023-09-24,0.11236617722908,11843239504.13564004738926265008,1.049323631103,105398615456.953076,0.1070843864546974,0.10760148651569958,1.0442809004565679,0.880229965321243,-87.23445217090836,3,1231
2023-09-25,0.112910658092083,11900640076.7035457020601283206914,1.054542920319,105398730977.1776758,0.10707070894556617,0.10778137892664137,1.0475896598885857,0.880229965321243,-87.17259551021127,3,1232
2023-09-26,0.111717423867868,11774864373.5107460988737305645528,1.043668058941,105398638509.9362746,0.10704306116374453,0.10794791865575737,1.034919665511398,0.880229965321243,-87.30815488346886,3,1233
2023-09-27,0.112211368436981,11826944193.3212032685924436417221,1.04823643395,105398805469.1921041,0.10704776594545784,0.10811188337186556,1.037918912678773,0.880229965321243,-87.25203948311064,3,1234
2023-09-28,0.114195762334242,12036111826.9152043867442095718082,1.066628850068,105398935835.1709521,0.10706232287544235,0.10826846521498305,1.0547462929994382,0.880229965321243,-87.02659908964064,3,1235
2023-09-29,0.112903451950801,11899899537.5203880827497421710233,1.054802600954,105398899076.2293833,0.10703751758735446,0.10840942787774811,1.0414541812555338,0.880229965321243,-87.1734141759652,3,1236
2023-09-30,0.112344474680879,11840974251.7732164017509515133539,1.049649461657,105398812762.3382541,0.10703046948981378,0.10852789473682983,1.0351668108305614,0.880229965321243,-87.23691772525848,3,1237
2023-10-01,0.11431624220159,12048815914.982991216154402166275,1.067888169487,105398985156.7689725,0.10704888907656508,0.10867964822547199,1.0518643008893813,0.880229965321243,-87.01291177245143,3,1238
2023-10-02,0.111614619007498,11764037837.4494801090456589774846,1.043114357211,105398718752.5963827,0.10700132563214325,0.10881393526463849,1.0257382819217793,0.880229965321243,-87.31983420187657,3,1239
2023-10-03,0.114778128599107,12097567396.6470410152668196748287,1.07254131598,105399587397.8830741,0.10701511157566196,0.10894780606871096,1.0535148227465818,0.880229965321243,-86.96043839438956,3,1240
2023-10-04,0.112609627155116,11869021963.1448458972265998236708,1.05259074155,105399709269.9335963,0.10698329627077272,0.1090823371383169,1.032336032664266,0.880229965321243,-87.20679463417055,3,1241
2023-10-05,0.110767861463545,11674887685.3228373952792418799975,1.035608461517,105399594530.9929055,0.10695920860021545,0.1091947122567268,1.0144068258829197,0.880229965321243,-87.41603151136535,3,1242
2023-10-06,0.11185082670733,11789041238.060449054101649365638,1.045625022425,105399679064.5792286,0.10697030418029496,0.10931994416685098,1.0231511510526956,0.880229965321243,-87.29299943038072,3,1243
2023-10-07,0.111122901637681,11712316437.8690799100618913174454,1.040265376037,105399663483.0269334,0.10682168627106992,0.10939311189945133,1.0158126019837483,0.880229965321243,-87.37569657752718,3,1244
2023-10-08,0.110737183734713,11671661407.7432722339450220013728,1.036879042989,105399659031.4634656,0.10679855522539265,0.10949250194870733,1.0113677353595296,0.880229965321243,-87.4195167061486,3,1245
2023-10-09,0.106004321975293,11172763007.5774876785424301560012,0.994213732816,105399127124.0957884,0.10662126107939339,0.10955943783451243,0.9675508022906308,0.880229965321243,-87.95720139604583,3,1246
2023-10-10,0.104347201814041,10998077909.7776366630641205187473,0.979075591392,105398877196.3191353,0.10657726812051913,0.10963672106863209,0.951754127604018,0.880229965321243,-88.14546130840262,3,1247
2023-10-11,0.103188980140366,10875990109.0606915206648433736658,0.968426409138,105398755703.0439663,0.10655324882374377,0.10969911788732611,0.9406546025862597,0.880229965321243,-88.277043022194,3,1248
2023-10-12,0.102300255925935,10782315697.449074120922027451728,0.960319438328,105398716746.6661088,0.10652731980938412,0.10975023363784081,0.9321187986124057,0.880229965321243,-88.37800802559588,3,1249
2023-10-13,0.102897921962209,10845280049.9501314708377529813942,0.966959317606,105398436072.7250038,0.10641391017045465,0.10980212496170774,0.9371214081521053,0.880229965321243,-88.31010917417971,3,1250
2023-10-14,0.10430675609033,10993833685.881262995218353948846,0.980095606064,105399056570.7993662,0.10642508286433314,0.10983516745581064,0.9496662909199383,0.880229965321243,-88.15005621260997,3,1251
2023-10-15,0.106205163870287,11193936963.9266058870822044784868,0.997791770088,105399177930.7289564,0.10644020832214345,0.10985474614253514,0.9667781101827603,0.880229965321243,-87.93438441606256,3,1252
2023-10-16,0.107581054432335,11338968682.275096059962858052718,1.009741571022,105399307918.1701108,0.10654315670439111,0.10986242060085387,0.9792343354894081,0.880229965321243,-87.77807406351215,3,1253
2023-10-17,0.103047296516987,10861056169.002551848406963998679,0.967876393352,105398749274.437717,0.10646741384001342,0.10981713651247987,0.938353519218528,0.880229965321243,-88.29313922761315,3,1254
2023-10-18,0.103340485172782,10891950376.8828968525344144021054,0.971139932047,105398676604.5456697,0.10641152913458887,0.10979185724750977,0.9412399768392288,0.880229965321243,-88.25983103914582,3,1255
2023-10-19,0.107289375916361,11308202278.0224012838470068468117,1.007855066637,105399087108.4745197,0.1064531791008037,0.10979581185660767,0.977171843826611,0.880229965321243,-87.81121069001493,3,1256
2023-10-20,0.107660286139802,11347300142.7782641392394949349234,1.011203539533,105399126731.3116317,0.10646747359045275,0.10979932821736953,0.9805186232712383,0.880229965321243,-87.76907281263584,3,1257
2023-10-21,0.110678438650713,11665443574.5339612678703275819924,1.039214806645,105399423019.9488948,0.10650198394307636,0.10982267194118252,1.007792259051836,0.880229965321243,-87.42619053984141,3,1258
2023-10-22,0.110781344625301,11676290444.9035204769324010893609,1.040165198101,105399428797.2995909,0.10650360618443239,0.10984003676336158,1.008569806508417,0.880229965321243,-87.41449973418356,3,1259
2023-10-23,0.115664261487282,12190992866.023872999648660256422,1.084909034417,105399824537.541771,0.10661194424418886,0.1098897662819463,1.052548070677664,0.880229965321243,-86.85976778294864,3,1260
2023-10-24,0.114429881042328,12060874235.4169739027153650246368,1.072362133687,105399692156.9429556,0.10670824476885872,0.10993036269946786,1.0409306240093203,0.880229965321243,-87.00000164155212,3,1261
2023-10-25,0.114151778678336,12031559051.669670975144209003456,1.069850053082,105399663421.565671,0.1066988577973989,0.10997894929521382,1.0379420735501041,0.880229965321243,-87.03159592656267,3,1262
2023-10-26,0.113101791869488,11920894033.6737788484834358258992,1.060171512067,105399692052.8872209,0.10668254200584505,0.11002020005121896,1.0280093275310755,0.880229965321243,-87.15088143719227,3,1263
2023-10-27,0.112029191696997,11807832203.0847302913606677895504,1.050253175912,105399601873.6002832,0.10666874832319845,0.11005145485480503,1.0179710195090221,0.880229965321243,-87.27273597688627,3,1264
2023-10-28,0.113914994884208,12006613005.4412452944592333563264,1.067913440281,105399758983.8431208,0.106670625714977,0.11009554152869319,1.0346921710223786,0.880229965321243,-87.05849614621626,3,1265
2023-10-29,0.116028988231363,12229458003.6994048887168480456778,1.087404970865,105400022788.3892206,0.10670264652097848,0.11015762518978021,1.0532996515807922,0.880229965321243,-86.81833239010241,3,1266
2023-10-30,0.119046741264117,12547569067.2235202305822001870157,1.114263356005,105400357321.7136121,0.10683896282018883,0.11022613844801389,1.0800227871564527,0.880229965321243,-86.47549550069334,3,1267
2023-10-31,0.121148461083391,12769103470.043117950557490909209,1.133297086789,105400459534.138599,0.10689911982977392,0.11029655713680679,1.0983884196233251,0.880229965321243,-86.23672609927823,3,1268
2023-11-01,0.122382459465401,12899177432.7707291394539242918418,1.144419516319,105400540969.0061218,0.10693845894820236,0.11037536907763207,1.1087841471164077,0.880229965321243,-86.09653564557563,3,1269
2023-11-02,0.119767789503646,12623571487.7665209623057108829296,1.12037015175,105400388034.9000776,0.10690019661499432,0.11043706104092361,1.0844891051498082,0.880229965321243,-86.39357960735451,3,1270
2023-11-03,0.122441883420943,12905446884.3922753066982482017417,1.144784559571,105400591070.8236519,0.106956267358137,0.1105284555691032,1.1077860700260254,0.880229965321243,-86.08978468754385,3,1271
2023-11-04,0.123775692347434,13046057182.085387090337752238308,1.156357289151,105400801519.781162,0.10703931519151004,0.11061959928917105,1.1189309411967003,0.880229965321243,-85.93825508970697,3,1272
2023-11-05,0.125699170328748,13248815167.0273753773230055809724,1.173809144207,105400975458.9232013,0.10708654890712037,0.11076077829209448,1.1348707752599798,0.880229965321243,-85.71973515093029,3,1273
2023-11-06,0.130948259958491,13802142406.5456194685696018206346,1.221498107487,105401495299.9049406,0.10720299864229192,0.1109371764514076,1.180382123893775,0.880229965321243,-85.12340352890611,3,1274
2023-11-07,0.12656526410757,13340117172.171178801543798629687,1.18127315621,105401092995.2564491,0.10714309678689588,0.11110502071984672,1.1391498177810213,0.880229965321243,-85.62134111608214,3,1275
2023-11-08,0.128061304683436,13497822164.4964609002205448506896,1.194941169953,105401254484.0356236,0.10716954767611946,0.1112676122898613,1.150930644128731,0.880229965321243,-85.45138091990545,3,1276
2023-11-09,0.122551022605353,12916950918.9408463890507422124819,1.144458041515,105400596782.7528923,0.10708214557444458,0.11140763313621826,1.1000235724917493,0.880229965321243,-86.07738574764066,3,1277
2023-11-10,0.123834749691817,13052261735.5502936403405926669861,1.156371684019,105400638900.0904733,0.10708905398083261,0.11155912912169148,1.110036898519842,0.880229965321243,-85.93154578115015,3,1278
2023-11-11,0.124692984756985,13142730390.418224868342252534696,1.164232539336,105400720145.0200336,0.107103160703704,0.11170791738394342,1.1162412448207364,0.880229965321243,-85.83404454863363,3,1279
2023-11-12,0.124208096876989,13091610227.3592529276005158195058,1.159720602018,105400618450.2181722,0.10710174214449383,0.11186167803702145,1.110372194093865,0.880229965321243,-85.8891310486506,3,1280
2023-11-13,0.122371696640008,12898037900.4510867121343367939048,1.142902898007,105400499090.8512381,0.10707094789364906,0.11200179689118185,1.0925869051806487,0.880229965321243,-86.09775837438708,3,1281
2023-11-14,0.118034756767827,12440867437.2588823518883911809766,1.103524902776,105400034514.6635458,0.10696157057344306,0.1121189188603393,1.0527639578370958,0.880229965321243,-86.59046369493342,3,1282
2023-11-15,0.1215527656056,12811901360.23324220229053881776,1.135817257291,105401973343.8544746,0.10701788938786815,0.11224797966595197,1.082894907929202,0.880229965321243,-86.19079440663681,3,1283
2023-11-16,0.11818081283865,12456455906.753806961174677156215,1.104837600166,105401677375.1621391,0.10696668254311179,0.11236478870656663,1.0517602017414152,0.880229965321243,-86.57387075029655,3,1284
2023-11-17,0.118023582698508,12439812885.7856052428463882947388,1.124670083948,105401078338.4129861,0.10494062604048505,0.1124917100062622,1.0491758254180497,0.880229965321243,-86.59173314380011,3,1285
2023-11-18,0.119257487751865,12569870854.875961294914748048367,1.136243696624,105401103878.9418758,0.10495766718548327,0.11262037634937959,1.0589334862626925,0.880229965321243,-86.45155329285552,3,1286
2023-11-19,0.121148641710923,12769222622.4477067825757194250197,1.153945490455,105401285908.8985439,0.10498645101785022,0.1127582121385594,1.074410807099826,0.880229965321243,-86.23670557878481,3,1287
2023-11-20,0.119780172265768,12624965136.4067496921391153490688,1.141006680699,105401126894.3118816,0.10497762571590609,0.11288994051693252,1.0610349488828192,0.880229965321243,-86.39217284291682,3,1288
2023-11-21,0.114162830477292,12032836849.5427196906418031262364,1.089741765045,105400652727.6507717,0.10476136102994799,0.11298878838801228,1.0103907839532535,0.880229965321243,-87.03034036842544,3,1289
2023-11-22,0.118078945686474,12445638800.1433895399420370835272,1.127351711917,105400998694.4611028,0.10474011299072514,0.11311668799550413,1.0438684846498254,0.880229965321243,-86.58544353879378,3,1290
2023-11-23,0.117272872123344,12360670537.0049971103738460378384,1.119728757108,105400936407.5642661,0.10473328596671275,0.11324102396786256,1.0356041301483256,0.880229965321243,-86.6770188764768,3,1291
2023-11-24,0.117921691364794,12429066275.299060242267416412761,1.125829705192,105401017670.6964065,0.10474203231711986,0.11338331593136154,1.0400268363661178,0.880229965321243,-86.6033086794815,3,1292
2023-11-25,0.120878747130787,12740762417.1390908980876356915182,1.153554563699,105401178615.4102586,0.10478806199090919,0.11354247182902355,1.0646126086880572,0.880229965321243,-86.26736740475862,3,1293
2023-11-26,0.120023492130123,12650612075.7276368993773963177047,1.145442480867,105401133154.9370789,0.1047835174047986,0.11369690560142534,1.0556443158697395,0.880229965321243,-86.36453008205419,3,1294
2023-11-27,0.116320397518115,12260255479.2430551476556740709195,1.110660176767,105400735733.6766393,0.10473086183454411,0.11383118945541132,1.0218675397719421,0.880229965321243,-86.78522634983649,3,1295
2023-11-28,0.118434631227863,12483115499.4528774448673704450429,1.130504125374,105400889672.5140683,0.10476267053751949,0.11397803084867776,1.0391005209161932,0.880229965321243,-86.54503528692756,3,1296
2023-11-29,0.118533348025356,12493518875.3809510008889739194764,1.131434233828,105400877335.4516769,0.10476379844396275,0.1141287415980581,1.0385933145816169,0.880229965321243,-86.53382039975237,3,1297
2023-11-30,0.118249336406655,12463597428.709040400397695531975,1.128793218986,105400992575.951545,0.10475730578261173,0.11427643363617039,1.0347657224159919,0.880229965321243,-86.56608601554487,3,1298
2023-12-01,0.119730458278198,12619682385.744011684235307281742,1.142686961915,105400769087.693029,0.10477975357095592,0.11443459500244636,1.0462785163493473,0.880229965321243,-86.39782068376847,3,1299
2023-12-02,0.12140729909453,12796438542.870468968446004094917,1.158379372119,105400899602.4771289,0.10480789110776556,0.11460210058021093,1.0593810975528852,0.880229965321243,-86.20732037335017,3,1300
2023-12-03,0.122008021745799,12859753453.7068413339587934557604,1.163918465831,105400884873.7819196,0.10482523074216306,0.11476949513247205,1.063070126822218,0.880229965321243,-86.13907427006626,3,1301
2023-12-04,0.12209797829023,12869219477.803135237821256640135,1.164486018019,105400758128.9566745,0.10485139057138754,0.1149361916308813,1.0623109793158003,0.880229965321243,-86.12885460611763,3,1302
2023-12-05,0.122395371403068,12900550121.0461381006247951589696,1.164046972888,105400637076.0746672,0.1051464195636411,0.11510200163260617,1.0633644043284454,0.880229965321243,-86.09506876326354,3,1303
2023-12-06,0.125158227029877,13191791387.7305654939441080891218,1.190098545659,105400912914.6700234,0.10516627172296258,0.11528400220604151,1.0856513014371914,0.880229965321243,-85.78118992072713,3,1304
2023-12-07,0.126003833139083,13280912790.0416455207596110235194,1.196155275003,105400863284.7079918,0.10534069929906631,0.11547297459804912,1.0911976034019288,0.880229965321243,-85.68512342191197,3,1305
2023-12-08,0.132256716733664,13940033524.7612644531072502768608,1.253956834639,105401327577.4373897,0.10547150673790077,0.11569344135379815,1.1431652061348425,0.880229965321243,-84.97475410469622,3,1306
2023-12-09,0.133762523781981,14098769733.5416843439936872104342,1.267410840275,105401493145.5779982,0.10553998713862783,0.11592130548268091,1.1539080173831,0.880229965321243,-84.8036843720534,3,1307
2023-12-10,0.133007018781609,14019111763.5863139076768050682938,1.260217449288,105401293044.5799082,0.1055429115481265,0.1161536788375055,1.1450951886567509,0.880229965321243,-84.8895147834387,3,1308
2023-12-11,0.12336962547909,13003211451.900710466099806074308,1.170650339191,105400429006.7706612,0.10538554626341023,0.11633539228245868,1.0604651177824924,0.880229965321243,-85.98438699663379,3,1309
2023-12-12,0.123018961826177,12966252996.778528648862462100357,1.167788823117,105400442373.262341,0.10534349994703777,0.11651153618096362,1.0558522002070778,0.880229965321243,-86.02422472844573,3,1310
2023-12-13,0.124927004256533,13167381101.2889986981252400500258,1.18593541772,105400599171.0988826,0.1053404784020274,0.11669558256070706,1.0705375603360463,0.880229965321243,-85.80745837129727,3,1311
2023-12-14,0.127595589346505,13448680725.6651752787154758404455,1.21069372562,105400827681.7724591,0.1053904770846672,0.11689000089097562,1.0915868626394707,0.880229965321243,-85.5042892910447,3,1312
2023-12-15,0.122964787479935,12960546195.3543983304124205027255,1.167574605588,105400468385.8723273,0.10531642851037253,0.11705823387307962,1.0504582498080361,0.880229965321243,-86.03037929581747,3,1313
2023-12-16,0.124617955130868,13134798657.668352104988694790268,1.18306342883,105400531118.287051,0.10533497367432779,0.11722716144244405,1.0630467683212876,0.880229965321243,-85.84256841501774,3,1314
2023-12-17,0.122250344836748,12885217682.7737163575030619778072,1.161096164312,105400256334.4955714,0.10528873369346341,0.11737548728814141,1.0415321602596583,0.880229965321243,-86.11154474931647,3,1315
2023-12-18,0.121113304868013,12765350848.6503860506380405437184,1.15069619707,105400070310.7047168,0.10525219877879317,0.11752544421861069,1.0305283734365511,0.880229965321243,-86.24072008002905,3,1316
2023-12-19,0.119323476172755,12576662781.1156812791221620209055,1.13401606439,105399735110.8624261,0.10522203337299321,0.11766193949156194,1.0141212756510123,0.880229965321243,-86.44405656773938,3,1317
2023-12-20,0.121698090366616,12826963601.1136338042984103188736,1.156241425372,105399875729.1289696,0.10525318302573515,0.11781077865394193,1.0329962313897667,0.880229965321243,-86.17428454367584,3,1318
2023-12-21,0.124417321257084,13113545730.7413696488507480626632,1.181419432493,105399679065.9461198,0.10531172743158781,0.1179754048067126,1.0546038935905806,0.880229965321243,-85.8653617624029,3,1319
2023-12-22,0.126628984750687,13346648470.6584356536381773260718,1.201432837707,105399632611.2535314,0.1053983050707731,0.11816904523857152,1.0715918411207919,0.880229965321243,-85.61410202565946,3,1320
2023-12-23,0.126700574366947,13354196459.4539860204651897596372,1.201930656051,105399652102.4277276,0.10541421314872501,0.11835436715409994,1.0705187938015006,0.880229965321243,-85.60596896735875,3,1321
2023-12-24,0.1260008615171,13280429593.52962098852592332171,1.195394420494,105399514206.7127001,0.10540526152450151,0.1185477437489976,1.062870178144284,0.880229965321243,-85.68546101800618,3,1322
2023-12-25,0.130972838758728,13804522066.727933062582601753556,1.241309572141,105399884415.4090145,0.105511825332038,0.11876693001647805,1.1027719478861369,0.880229965321243,-85.12061121312439,3,1323
2023-12-26,0.125874105937527,13267039754.9644383659118128571363,1.193169852801,105399276969.2366069,0.10549554670865509,0.11895205893108163,1.0581919057866485,0.880229965321243,-85.69986129799742,3,1324
2023-12-27,0.13093195026768,13800196222.011850972222324133664,1.240037472431,105399760668.0297898,0.10558709166344608,0.11919511803256029,1.0984673905177358,0.880229965321243,-85.12525641865693,3,1325
2023-12-28,0.13254831707855,13970606718.854233486556210457405,1.253557041163,105400106367.0620211,0.1057377628030209,0.11944074500814925,1.1097412115899514,0.880229965321243,-84.94162635895087,3,1326
2023-12-29,0.129289492658978,13627082478.1731726705783981446128,1.223082696902,105399767590.6797176,0.10570789120511723,0.11967176831806473,1.0803675292517714,0.880229965321243,-85.31185056716475,3,1327
2023-12-30,0.132694276878592,13985980426.8248263155348909088,1.253717692226,105400027460.2742125,0.10584063517759788,0.1199229564008188,1.106496044302707,0.880229965321243,-84.92504435131735,3,1328
2023-12-31,0.128604905433537,13554877242.6554582934493347288726,1.215747713419,105399379572.3493398,0.10578255999500623,0.12016957014471812,1.0701952688909544,0.880229965321243,-85.38962424590918,3,1329
2024-01-01,0.131973721814403,13909952677.6088937444334686670422,1.245891798315,105399411991.8108274,0.10592711340815487,0.12044822408180711,1.0956883990648787,0.880229965321243,-85.00690421664538,3,1330
2024-01-02,0.12939333604342,13637903170.274604936867795973736,1.221636537097,105398806362.7804508,0.10591803053869037,0.12070795943081018,1.0719536363100253,0.880229965321243,-85.30005326548984,3,1331
2024-01-03,0.120301998467305,12679609967.6414519571458789109965,1.137338257064,105398165692.8787013,0.10577503897377065,0.12091127679578634,0.9949609470296936,0.880229965321243,-86.33288990299252,3,1332
2024-01-04,0.121643362521453,12821036830.5941998570666858876062,1.149543954569,105398573048.5959254,0.10581880061042197,0.1211220763274326,1.0043038082720048,0.880229965321243,-86.18050199221986,3,1333
2024-01-05,0.118927807558893,12534747024.174432589395255341223,1.12420993595,105397949238.803811,0.10578789935564348,0.12131700079608222,0.9803061959864542,0.880229965321243,-86.48900716354392,3,1334
2024-01-06,0.119804598033615,12627137565.8466332549398977730545,1.13243507479,105397770812.6334783,0.10579378959613353,0.12150173035791806,0.986032031648408,0.880229965321243,-86.38939791263618,3,1335
2024-01-07,0.115125159503058,12133820710.489422645320132008776,1.088921230232,105396776541.856772,0.1057240471641186,0.12164311811431668,0.946417366536648,0.880229965321243,-86.92101336710995,3,1336
2024-01-08,0.11973925240944,12620179211.293466140785479544144,1.132145302873,105397177260.9674051,0.10576314904595945,0.12180793697193648,0.9830168327785316,0.880229965321243,-86.39682161175453,3,1337
2024-01-09,0.11627731842011,12255208456.567020047892947159514,1.100032795152,105396380163.2313774,0.10570350168882289,0.12194233141210065,0.9535435076040503,0.880229965321243,-86.79012042294264,3,1338
2024-01-10,0.121078459734707,12761284765.6478942430729971940609,1.157506667621,105396821148.9387387,0.10460281838683236,0.12209554067678192,0.9916697945196262,0.880229965321243,-86.2446787197799,3,1339
2024-01-11,0.123523524223682,13019030672.5997030247870809167142,1.180419998495,105397176403.6156531,0.10464370680026668,0.12225523597389505,1.0103741016872092,0.880229965321243,-85.9669030719033,3,1340
2024-01-12,0.118793722881154,12520464473.6831336663188718812688,1.136492667863,105396684016.7902472,0.104526607377527,0.12238919783763691,0.9706226119624323,0.880229965321243,-86.5042400780119,3,1341
2024-01-13,0.120113338515969,12659562668.7173756607972891071475,1.151002845819,105396809589.4220275,0.10435537926972017,0.12247920475244976,0.9806835271239509,0.880229965321243,-86.35432293285615,3,1342
2024-01-14,0.118295716017142,12467963534.8692869515291406698936,1.133952002909,105396576939.9677908,0.1043216253542217,0.12256637715499924,0.9651563402868921,0.880229965321243,-86.56081698218834,3,1343
2024-01-15,0.118151597558706,12452777936.749946734061935807251,1.132680141634,105396610744.6201335,0.10431152910323029,0.1226451871887664,0.9633610602008851,0.880229965321243,-86.5771898011236,3,1344
2024-01-16,0.118704885415242,12511065575.4041244281575938897036,1.138020248915,105396383069.1476558,0.10430823663148037,0.12268462355538479,0.9675612311892845,0.880229965321243,-86.5143326071704,3,1345
2024-01-17,0.118602415722898,12500273522.140968148032937799152,1.137109384446,105396449523.815224,0.10430167699361756,0.12274164717191616,0.9662768787580257,0.880229965321243,-86.52597384825297,3,1346
2024-01-18,0.114198911121904,12036127031.1943755429111617526112,1.10091103444,105396162826.3351978,0.10373128032093303,0.12277714960124818,0.9301316368134924,0.880229965321243,-87.02624136634263,3,1347
2024-01-19,0.113912481066622,12005866487.3056169870147171889598,1.098539800221,105395531507.0695009,0.10369445061863532,0.1228200139035332,0.9274749077629362,0.880229965321243,-87.0587817326749,3,1348
2024-01-20,0.115358571446425,12158252685.1038916303114748659075,1.112319256349,105395312482.2670459,0.10370994729073557,0.12287825769804644,0.9388037689295704,0.880229965321243,-86.89449621221148,3,1349
2024-01-21,0.115559046247716,12179388964.0754992058890575464232,1.114244796423,105395374568.6631802,0.10371064475121533,0.12295350606674496,0.9398597074977683,0.880229965321243,-86.87172093652342,3,1350
2024-01-22,0.112613109838615,11868878828.579390796782337905477,1.086422985893,105395178639.4016798,0.10365494038774517,0.12303541543196689,0.91529019870612,0.880229965321243,-87.20639897807654,3,1351
2024-01-23,0.111481939002212,11749641916.0681329511254163062456,1.076274894272,105395026505.9078238,0.10358128726733812,0.12310765084376744,0.9055646683055522,0.880229965321243,-87.33490753617706,3,1352
2024-01-24,0.112591988491096,11866619815.204833590901641797596,1.086929716404,105394886210.2499385,0.10358718396585523,0.12317358671675839,0.9140919858898392,0.880229965321243,-87.20879850414941,3,1353
2024-01-25,0.111785268302615,11781585220.339436794716218769488,1.080792895598,105394793063.8354912,0.10342894439620137,0.12323757499505877,0.9070713076518833,0.880229965321243,-87.30044730278881,3,1354
2024-01-26,0.115649240901077,12188879937.6327238611839791209018,1.117597696443,105395243779.0641234,0.10348020693775237,0.12331683348394762,0.9378220120785966,0.880229965321243,-86.86147422181084,3,1355
2024-01-27,0.116268336831738,12254121047.1859135173842725178988,1.12348521458,105395169322.1510126,0.10348897815731678,0.12340582214779655,0.9421624912679536,0.880229965321243,-86.79114079133792,3,1356
2024-01-28,0.113708187710726,11984293729.707441967233463073117,1.099073521359,105395169609.0304795,0.10345821776338154,0.12349338828145251,0.9207633646877907,0.880229965321243,-87.08199082165673,3,1357
2024-01-29,0.116360482724904,12263865825.3598502447083473811704,1.124411713647,105395453320.2970451,0.10348565504310855,0.12331099982765294,0.9436342490737776,0.880229965321243,-86.78067240275809,3,1358
2024-01-30,0.11293060508371,11902386463.566422129609805791419,1.092028372895,105395578592.2138489,0.10341361807690726,0.12320125682177453,0.9166351707521762,0.880229965321243,-87.1703293988071,3,1359
2024-01-31,0.10996507466412,11589811393.381467273695048750928,1.064093480081,105395385114.6072444,0.10334155478121089,0.12311091944738342,0.8932195060984672,0.880229965321243,-87.5072334507508,3,1360
2024-02-01,0.10978487653634,11570786168.440425174188623906424,1.062598916342,105395082943.0533436,0.10331732401372551,0.12299975454552872,0.8925617530049851,0.880229965321243,-87.52770516097193,3,1361
2024-02-02,0.110400089156576,11635625391.7484891162866920819008,1.068693806163,105395072419.2455158,0.10330376064679606,0.12290758286238126,0.8982365984708216,0.880229965321243,-87.45781290048618,3,1362
2024-02-03,0.111053720409264,11704508465.2983979472609485461072,1.075376222226,105395014432.3307023,0.1032696447196738,0.12280673922650254,0.9042966298815126,0.880229965321243,-87.38355602689184,3,1363
2024-02-04,0.109209417589531,11510019576.7797569147947602656714,1.057849835936,105394020321.9536894,0.10323716455738825,0.12257444511277224,0.8909639973410036,0.880229965321243,-87.59308113878234,3,1364
2024-02-05,0.108315090180551,11415754028.0545595148899560441772,1.049458292772,105393939191.9037172,0.10321047623002869,0.12229722794267806,0.8856708529102505,0.880229965321243,-87.69468270248889,3,1365
2024-02-06,0.108151773983517,11398540173.1137128452129713099927,1.048046137855,105393927009.0097731,0.10319371454854796,0.12205221184233478,0.8861107254920201,0.880229965321243,-87.7132365126826,3,1366
2024-02-07,0.109059615543881,11494194537.8970925193350762578254,1.056743603727,105393682900.6362334,0.10320347826969725,0.12181947594568891,0.895255990039748,0.880229965321243,-87.61009965116567,3,1367
2024-02-08,0.109857298765489,11578238397.8205652589699026159192,1.064448646376,105393437922.9229528,0.10320582316442124,0.12158808832477677,0.9035202401739109,0.880229965321243,-87.51947751228893,3,1368
2024-02-09,0.112134090426517,11818178938.9573524791187974756248,1.086099671751,105393274195.2543544,0.10324475123515638,0.1214196103430298,0.9235253688405051,0.880229965321243,-87.26081878096558,3,1369
2024-02-10,0.111632196434236,11765193832.0743310484954735192356,1.081388562207,105392478226.5245671,0.10323042090107414,0.12124918978792763,0.9206840608954802,0.880229965321243,-87.31783728886172,3,1370
2024-02-11,0.11107006252576,11705937377.726880483732453002112,1.076046110756,105392372269.6381212,0.10322054177373986,0.12102851664530544,0.9177181180470849,0.880229965321243,-87.38169945336676,3,1371
2024-02-12,0.113045487248786,11914099172.9564459319960043730744,1.094889697254,105392081213.6124604,0.10324828841873825,0.12079814978180217,0.9358213470403329,0.880229965321243,-87.15727801796321,3,1372
2024-02-13,0.111048461768661,11703655703.9982177639728080107891,1.075983945781,105392326175.3915431,0.10320642998818796,0.12055244711374055,0.9211630657641268,0.880229965321243,-87.38415344356818,3,1373
2024-02-14,0.114345977708999,12051152722.6736450913588422407911,1.107282274779,105392012593.0693089,0.10326723394160811,0.12033044766704398,0.9502663700329272,0.880229965321243,-87.00953362031159,3,1374
2024-02-15,0.116762091416564,12305849720.1310193228306226105084,1.13005899474,105392508568.7981931,0.10332389013321222,0.12013193929984232,0.9719487764626243,0.880229965321243,-86.73504697446293,3,1375
2024-02-16,0.115430537683086,12165412746.4380969243462184402722,1.117501765842,105391631977.3037927,0.10329338280384101,0.11995635879015486,0.9622711029851608,0.880229965321243,-86.8863203673191,3,1376
2024-02-17,0.114207165055326,12036266227.611106173531688443195,1.105894643649,105389764484.3938825,0.10327128873550656,0.11976489526793717,0.9535946639440759,0.880229965321243,-87.02530366440709,3,1377
2024-02-18,0.115955794341357,12220665865.6463051954466109190703,1.122584479628,105390730450.8685579,0.10329360190315673,0.11962478464171504,0.9693291794727411,0.880229965321243,-86.82664770460995,3,1378
2024-02-19,0.118636115996542,12503097580.7360189279072766080178,1.147937662669,105390314540.4765159,0.10334717629240284,0.1195216723246126,0.9925908305092529,0.880229965321243,-86.52214527220221,3,1379
2024-02-20,0.117798787062865,12414831352.020262845642178644399,1.13984793655,105390145871.3230326,0.1033460545793581,0.11942725387399183,0.9863643619165435,0.880229965321243,-86.61727142862333,3,1380
2024-02-21,0.114334487304884,12049683799.9704361333094132006908,1.106747056496,105389756704.2810587,0.10330679140622338,0.11930444646480971,0.9583422134950212,0.880229965321243,-87.01083900692278,3,1381
2024-02-22,0.115261695072186,12147432873.8451178931047228231818,1.115750610162,105390024554.4491913,0.10330417390984058,0.11918581785806101,0.9670755895592522,0.880229965321243,-86.90550201501935,3,1382
2024-02-23,0.114791690673288,12097819454.2848665418246903326448,1.111299611629,105389330737.5080446,0.10329499756147711,0.11904716136795378,0.9642539087386311,0.880229965321243,-86.95889765222951,3,1383
2024-02-24,0.116496793262059,12277562710.9296015236595488810724,1.127717782911,105389705305.5467436,0.10330314465853642,0.11891410421823208,0.9796717893805363,0.880229965321243,-86.76518661580181,3,1384
2024-02-25,0.116458100340497,12273481040.9484447098553644654042,1.127422557059,105389672380.5692986,0.1032958757223114,0.11878849066945919,0.9803820192021234,0.880229965321243,-86.76958238998428,3,1385
2024-02-26,0.117893848675643,12424815417.3122187129990190445526,1.140986296729,105389853303.5099682,0.10332626168572155,0.11868432971790945,0.9933396342706297,0.880229965321243,-86.60647179483179,3,1386
2024-02-27,0.122640602699502,12925216145.7241955804669409123012,1.18582048629,105391003152.4713006,0.10342257037842191,0.11860025047166063,1.0340669788788246,0.880229965321243,-86.06720885095704,3,1387
2024-02-28,0.120987790359325,12751050354.9521846873782041671225,1.170055776568,105391216064.7160013,0.10340343835078154,0.11851623954575065,1.0208541109897455,0.880229965321243,-86.25497936608303,3,1388
2024-02-29,0.122003718900526,12858119801.9681309593408734241612,1.177129106611,105391211987.9871562,0.10364514666685917,0.11843671439885474,1.0301173881745722,0.880229965321243,-86.13956310201274,3,1389
2024-03-01,0.127150611822348,13400565723.1439714716692872748204,1.225224446512,105391279924.5271673,0.10377740354783453,0.11839239749157951,1.073976154857337,0.880229965321243,-85.55484170821838,3,1390
2024-03-02,0.137879057700006,14531552256.826934649099267127332,1.325706587916,105393469459.621222,0.10400420346160516,0.11843102598703661,1.1642139933424047,0.880229965321243,-84.33601863921021,3,1391
2024-03-03,0.135488709088462,14279592794.582381045428522603783,1.302886216587,105393230850.3956965,0.1039912061111399,0.11847554223177757,1.143600666738465,0.880229965321243,-84.607578198157,3,1392
2024-03-04,0.146019448892502,15389609679.5784244574682264601266,1.393832428022,105394245741.2511883,0.10476112189448734,0.11863611771293738,1.230817829405239,0.880229965321243,-83.41121585889071,3,1393
2024-03-05,0.132224895305386,13935612179.8370671993204923270962,1.264640127189,105393255541.2612917,0.10455535330773592,0.11871366915852376,1.1138135670696867,0.880229965321243,-84.97836923137125,3,1394
2024-03-06,0.137950632063824,14539127962.77488313290544556068,1.305436488175,105393703133.2211325,0.10567395144338196,0.1187857211381108,1.1613401909092287,0.880229965321243,-84.3278873136887,3,1395
2024-03-07,0.142170785812253,14983946100.1557034178511211818449,1.343997997279,105393988044.3729733,0.10578199230957622,0.11884766082674775,1.196243870710295,0.880229965321243,-83.84844967640163,3,1396
2024-03-08,0.141791221831924,14943877699.8870513116128124497084,1.339808232037,105393532172.2608091,0.10582948995346099,0.1189313582703654,1.1922105649343675,0.880229965321243,-83.891570678331,3,1397
2024-03-09,0.142665080640784,15035929567.6991382444775522847936,1.34778654539,105393201336.7592204,0.10585139102980284,0.11904108375523448,1.1984524681758093,0.880229965321243,-83.7922944842354,3,1398
2024-03-10,0.13961604864622,14714605713.75487665577445084205,1.319474149483,105393368860.0580775,0.10581188627372863,0.11910121508938602,1.172247055090391,0.880229965321243,-84.13868487250753,3,1399
2024-03-11,0.157385219943652,16587704660.655100163148271807148,1.481525985375,105395568062.832899,0.10623183224411352,0.11926991271263022,1.319571854830288,0.880229965321243,-82.11998839573546,3,1400
2024-03-12,0.149247081563763,15729895999.7301389993340729954006,1.404520047816,105394998916.6778962,0.10626198023719145,0.11939735368517265,1.2500032618587027,0.880229965321243,-83.04453524150422,3,1401
2024-03-13,0.150881391751205,15902168157.680373864969399596054,1.419263947015,105395158230.6594988,0.10630960651719448,0.11954687247644065,1.2621107405460523,0.880229965321243,-82.8588666944393,3,1402
2024-03-14,0.144699016844267,15250495732.6269231073184171112886,1.363638231374,105394605058.3076258,0.106112467012947,0.11966651357904518,1.209185531662429,0.880229965321243,-83.56122575406091,3,1403
2024-03-15,0.136699738564712,14407337078.276488964717290096736,1.290715938958,105394035347.450428,0.10591001043581302,0.11975077155990625,1.1415353469879472,0.880229965321243,-84.46999716547677,3,1404
2024-03-16,0.128902274409958,13585539029.8431989094401930278694,1.218659506405,105394098684.6829793,0.1057738225751136,0.11977458212731423,1.0762072563354177,0.880229965321243,-85.35584114511317,3,1405
2024-03-17,0.131883894476589,13899778265.5583567896795512866592,1.246540828505,105394053767.6928928,0.10579989957870845,0.11983181721963193,1.100574935243347,0.880229965321243,-85.01710920185982,3,1406
2024-03-18,0.135344887882429,14264571604.5339412619854791843505,1.27886108658,105394240061.1779845,0.10583236076435454,0.11993332500177747,1.1285010890878169,0.880229965321243,-84.623917247235,3,1407
2024-03-19,0.120385414264719,12687774379.2133043904799257229437,1.140835746251,105392953595.8051123,0.10552387989272605,0.11996581459125105,1.0034976603534733,0.880229965321243,-86.3234133115675,3,1408
2024-03-20,0.130889928356018,13794950614.2113970652767999667828,1.238398969651,105393522538.1849546,0.1056928595417879,0.12005278313026425,1.0902698375096795,0.880229965321243,-85.1300303883373,3,1409
2024-03-21,0.133083233429318,14026128811.490992136120929090518,1.258553513543,105393658164.613401,0.10574300734711752,0.12012210850578464,1.107899578893166,0.880229965321243,-84.88085629069117,3,1410
2024-03-22,0.127922447930994,13482191251.6555351202685652083246,1.211452441313,105393474481.7290959,0.10559427969978641,0.12014146015146779,1.064765217350583,0.880229965321243,-85.46715597391548,3,1411
2024-03-23,0.133175964444286,14035941740.7962807277427548342356,1.260180975799,105393956029.2668246,0.1056800308859191,0.12019686792164962,1.107981986112124,0.880229965321243,-84.87032142836867,3,1412
2024-03-24,0.135047684446906,14233264560.1454436879609498563462,1.277412506954,105394362135.4074527,0.10571971364906096,0.12025506117855457,1.1230104007546706,0.880229965321243,-84.65768154147992,3,1413
2024-03-25,0.136773189516573,14415096537.54691921264009713768,1.292820880794,105394168173.58216,0.10579438462702757,0.12031303426199552,1.1368110725121734,0.880229965321243,-84.46165264702648,3,1414
2024-03-26,0.13832595030125,14578828365.676344318578177796,1.306859760879,105394745772.0418848,0.10584605513311644,0.12037081426506528,1.149165195448842,0.880229965321243,-84.2852486564954,3,1415
2024-03-27,0.133591639029967,14079759739.7171135424874206029067,1.263224298585,105394018981.6727301,0.10575448808229039,0.12038064645966685,1.10974349248678,0.880229965321243,-84.82309802061643,3,1416
2024-03-28,0.138177690904704,14563149241.490111470801373702592,1.305329980108,105394359582.5014355,0.10585652134740021,0.12040349868629101,1.1476218914927323,0.880229965321243,-84.30209191364264,3,1417
2024-03-29,0.142772209217939,15047504348.4901888487852229896511,1.347549977022,105395191619.6832549,0.10594947248892135,0.12047657862568245,1.1850619501864217,0.880229965321243,-83.7801239627381,3,1418
2024-03-30,0.138895173570323,14638842233.9370096540199399082485,1.311496837611,105394894996.2996695,0.10590583948592057,0.12056458820315835,1.1520395469379163,0.880229965321243,-84.22058109330183,3,1419
2024-03-31,0.140914727173601,14851698129.9139687460275521573575,1.330134040387,105394932295.5953575,0.10594024579101978,0.12066559083799688,1.1678120182810872,0.880229965321243,-83.9911463225211,3,1420
2024-04-01,0.13576601758402,14308992869.897266878943128000836,1.283507933374,105394509793.6014818,0.105777310800976,0.12074338664693901,1.1244178364899442,0.880229965321243,-84.57607410189999,3,1421
2024-04-02,0.128843313887354,13579316927.91265182257387959568,1.220032673339,105394036509.99592,0.10560644538701909,0.12078562692244206,1.066710644057723,0.880229965321243,-85.36253945406958,3,1422
2024-04-03,0.126394277222858,13321131449.5822765992511580054098,1.20136429655,105393469880.7169781,0.10520895084515904,0.12082186162037915,1.0461209215596041,0.880229965321243,-85.64076636760146,3,1423
2024-04-04,0.1288659531375,13581651042.7408181111403394125,1.224522820467,105393633555.398403,0.10523769013006552,0.12088558323880909,1.0660158944092257,0.880229965321243,-85.3599674841256,3,1424
2024-04-05,0.127585031118439,13446641283.2844546474309017079238,1.212784557235,105393565102.4903242,0.10520007890710384,0.12093350465873316,1.0550015190453301,0.880229965321243,-85.50548877623402,3,1425
2024-04-06,0.129379851943494,13635802027.101754032441366557466,1.229543804232,105393551022.589839,0.10522589882375723,0.12098827753380982,1.0693585740762297,0.880229965321243,-85.301585149254,3,1426
2024-04-07,0.12924529639845,13621605146.504831233055368246245,1.22831889814,105393430369.1085121,0.10522128788717784,0.12104997636472077,1.0677019548441458,0.880229965321243,-85.3168715573911,3,1427
2024-04-08,0.133500992322486,14070171427.9682577129447895836126,1.267464642341,105393759126.3759741,0.10532916490349618,0.12114856645366595,1.1019609742847787,0.880229965321243,-84.8333960916947,3,1428
2024-04-09,0.132098559125452,13922324672.7320519724791357190756,1.254380142492,105393463523.7787203,0.10530982965261224,0.1212372695433674,1.0895870520920914,0.880229965321243,-84.99272186476381,3,1429
2024-04-10,0.129555479429428,13654166688.2726379490794635237752,1.230890681875,105392429161.6734934,0.10525344072966561,0.12131453820512565,1.0679303680022925,0.880229965321243,-85.28163269445771,3,1430
2024-04-11,0.130179129933963,13719891579.9443337271705021093389,1.236724298026,105392404964.6370503,0.10526123740088933,0.12140360296865006,1.0722839088027645,0.880229965321243,-85.21078183398885,3,1431
2024-04-12,0.114970908457716,12116875501.4023727998578453648372,1.095340583614,105390795497.2689217,0.10496361604568462,0.12141390422047824,0.946933625072609,0.880229965321243,-86.93853731555743,3,1432
2024-04-13,0.105617720877983,11131057593.0118682236811910701214,1.009950969042,105390056710.9495458,0.10457707761612213,0.1213834057055288,0.8701166379711515,0.880229965321243,-88.00112186144021,3,1433
2024-04-14,0.110800349763691,11677285961.1377016362547507736741,1.059321726729,105390334832.3573551,0.10459556050627138,0.12137635061216236,0.9128660501396588,0.880229965321243,-87.41234062359442,3,1434
2024-04-15,0.107478043900521,11327080562.246296327795577280585,1.03203680873,105389716365.980385,0.10414167691633103,0.12134276201999375,0.8857392242547747,0.880229965321243,-87.78977674756887,3,1435
2024-04-16,0.109764175625541,11568046547.3873502636259072797933,1.054019319256,105390000712.5419913,0.10413867527876072,0.12132706563836747,0.9046965328635632,0.880229965321243,-87.53005692262678,3,1436
2024-04-17,0.107519245524299,11331419223.1445850092785397166246,1.033523247443,105389683194.7515954,0.10403176299160005,0.12130293949258457,0.8863696623845774,0.880229965321243,-87.7850959680679,3,1437
2024-04-18,0.110580526970617,11654069943.8417797739279484464745,1.062560593269,105389893348.3871985,0.10406985509448703,0.1212842609164297,0.9117467191131415,0.880229965321243,-87.43731396030579,3,1438
2024-04-19,0.111596817686284,11761178583.7373670549517584300324,1.072092938223,105389910102.9911811,0.1040924846228876,0.12128417190982363,0.9201268057406344,0.880229965321243,-87.32185655079847,3,1439
2024-04-20,0.115900817376286,12214798652.7466666729528039352478,1.112883302289,105390099304.3892673,0.10414462786700003,0.12128978535370953,0.9555694821150188,0.880229965321243,-86.83289345483853,4,0
2024-04-21,0.113840354178206,11997616912.5653290791102763541336,1.093263824705,105389841758.4350356,0.10412889515385186,0.12129593898882497,0.938533928895131,0.880229965321243,-87.06697582867908,4,1
2024-04-22,0.118335323429216,12471405983.2160034003371235196736,1.135705895384,105390390813.2380846,0.10419539416866809,0.12133377629865333,0.9752875665712664,0.880229965321243,-86.55631731577905,4,2
2024-04-23,0.117356120165889,12368205386.2498595130218141375346,1.126365434028,105390373921.4176114,0.10419009374800439,0.12136130276594613,0.966997860860299,0.880229965321243,-86.66756134312475,4,3
2024-04-24,0.114210973422507,12036705869.2573991517172766818122,1.096914723643,105390099642.4340446,0.10412019363109387,0.12137674312487028,0.940962580492119,0.880229965321243,-87.02487100847274,4,4
2024-04-25,0.113781978860201,11991459098.066051705846139091663,1.093088208801,105389792111.099063,0.10409222050341899,0.1213919671004977,0.9373106110555358,0.880229965321243,-87.07360765448652,4,5
2024-04-26,0.113950007505265,12009162321.507024539762543674467,1.095118537423,105389745770.3295678,0.10405266974423492,0.12143169552814757,0.9383876837892926,0.880229965321243,-87.05451847873886,4,6
2024-04-27,0.114369785697441,12053401013.9042234362028474812491,1.099122794065,105389731565.9123051,0.10405551255511256,0.12148180844756458,0.941456067858972,0.880229965321243,-87.00682887389533,4,7
2024-04-28,0.112206777571728,11825416139.4248003056988488425888,1.078591123282,105389499594.7586346,0.10403087430415585,0.12152689743472139,0.9233081724315416,0.880229965321243,-87.2525610360495,4,8
2024-04-29,0.112279689957282,11833068612.0822656792694581020398,1.079615218599,105389217022.1015239,0.10399972881355418,0.12157679460487814,0.9235289540424921,0.880229965321243,-87.2442777023269,4,9
2024-04-30,0.107629532088952,11342956840.065060545084002846388,1.035923455274,105388889275.2084815,0.10389718616853227,0.12160045265551185,0.8851079888153148,0.880229965321243,-87.77256667810983,4,10
2024-05-01,0.110712592996276,11667931105.8917633883276169414364,1.065336488138,105389376132.5257139,0.10392265188417603,0.12163248184004156,0.9102222639991325,0.880229965321243,-87.42231037818952,4,11
2024-05-02,0.110439485973174,11639146071.3447182239566618931086,1.062729774094,105389353896.2313989,0.10392057196978982,0.12165365345055601,0.907818900959355,0.880229965321243,-87.45333715912878,4,12
2024-05-03,0.111869182618395,11789817095.5562492705451366009975,1.076112083286,105389320093.3928405,0.10395681300854175,0.12167509409148632,0.9194090495979534,0.880229965321243,-87.2909140763496,4,13
2024-05-04,0.111074019677435,11705963092.167972799410962836823,1.06862558684,105388849041.0514258,0.10394100707048254,0.12171522770728856,0.9125729111278955,0.880229965321243,-87.38124989452068,4,14
2024-05-05,0.110958655978613,11693792843.3958120705734097416258,1.067630289171,105388739078.1820666,0.10392985015886995,0.12175331856131771,0.911339890277666,0.880229965321243,-87.39435598081255,4,15
2024-05-06,0.109827265045163,11574511750.2189979969039817928142,1.057187807514,105388327256.0720234,0.10388623881637851,0.12176600800696172,0.9019534009761071,0.880229965321243,-87.52288954340686,4,16
2024-05-07,0.108183919091612,11401187310.8928174821531273111292,1.041719257666,105387079767.7249641,0.10385131914907762,0.12176862617172077,0.8884383645673121,0.880229965321243,-87.70958461381966,4,17
2024-05-08,0.107280133005145,11305843542.3644754394794174546305,1.033392023159,105386181258.9500009,0.10381358729400474,0.12175163464349292,0.8811391593983715,0.880229965321243,-87.81226074642974,4,18
2024-05-09,0.108259903722365,11408983571.6205202967227637350565,1.042804853037,105385125788.3908681,0.10381607201680697,0.12173902743897826,0.8892785329390801,0.880229965321243,-87.70095225253378,4,19
2024-05-10,0.10631162734056,11203601338.2018601268848481238,1.024403704686,105384534302.2744175,0.1037790344316908,0.12169226426824464,0.8736103973397906,0.880229965321243,-87.92228945514697,4,20
2024-05-11,0.105853201105982,11155262255.751845798509819535802,1.020121327781,105384269339.035011,0.1037653053840539,0.12164938086856292,0.8701499370584711,0.880229965321243,-87.9743697356008,4,21
2024-05-12,0.104578414549624,11020919513.1597809683021395108504,1.008090059892,105384266539.3458621,0.1037391585438585,0.12160151404791936,0.8600091484750174,0.880229965321243,-88.11919399818913,4,22
2024-05-13,0.103928890709632,10952406150.4084155204661414815104,1.002194225009,105383652953.7148247,0.10370134662140831,0.12155564954212007,0.8549902131337774,0.880229965321243,-88.19298424228232,4,23
2024-05-14,0.101813749969169,10729467422.3226704367225079216664,0.982278466841,105383284925.3832856,0.10365059746916905,0.12150457233348093,0.8379417170386924,0.880229965321243,-88.43327834993532,4,24
2024-05-15,0.106707633139451,11245209023.1453760265937642604152,1.028751362093,105383360986.4587752,0.10372538698014822,0.12146853552475713,0.8784796217264212,0.880229965321243,-87.87730055287226,4,25
2024-05-16,0.106635946094555,11237681566.5625309686092036700005,1.04134346119,105383615733.0848191,0.10240228134980198,0.1214215703140731,0.8782290149824854,0.880229965321243,-87.88544467971641,4,26
2024-05-17,0.108827511579283,11468704335.2729383620479272153892,1.062350096641,105384237577.8091724,0.10244034610000989,0.12137047416564892,0.8966555690534171,0.880229965321243,-87.63646821094461,4,27
2024-05-18,0.108043360188837,11386074871.0477373446611150448053,1.054687235226,105384309143.5445969,0.10244113760008226,0.12130494866117615,0.8906756186066171,0.880229965321243,-87.72555304347016,4,28
2024-05-19,0.105503024108882,11118277594.4687673770917972515564,1.030166783919,105383496713.7472902,0.1024135370658364,0.12122055148439355,0.8703394170126747,0.880229965321243,-88.01415218006373,4,29
2024-05-20,0.112158915306073,11819801429.8601002779701475528951,1.094253170508,105384412800.3982287,0.10249814058478253,0.12118250711340567,0.9255371751065674,0.880229965321243,-87.25799850893054,4,30
2024-05-21,0.112224136905973,11826689438.1547642000768061255024,1.094686561518,105384543505.6787888,0.10251714129965384,0.1211314183808308,0.9264659689953123,0.880229965321243,-87.25058889979775,4,31
2024-05-22,0.110594843898644,11654934241.0448519147253965085064,1.079002657508,105384065207.6525306,0.10249728592334262,0.12106551413858685,0.9135123630007733,0.880229965321243,-87.43568746170985,4,32
2024-05-23,0.108819199061093,11467768873.0572358160726215494836,1.061968167787,105383691223.6326052,0.10246936053446658,0.12098111428224857,0.8994726136115604,0.880229965321243,-87.63741256850088,4,33
2024-05-24,0.110146668258625,11607667387.7265874355160762592375,1.074844412798,105383735806.4405431,0.10247684869282131,0.12087710632374925,0.9112285329168572,0.880229965321243,-87.48660320619436,4,34
2024-05-25,0.110816851782894,11678262011.0002261711175765095002,1.081276758552,105383448664.2844283,0.10248703757518587,0.12079836426212587,0.9173704665605195,0.880229965321243,-87.4104658840544,4,35
2024-05-26,0.108681696719483,11453217329.6329136424293805739412,1.060689447878,105383129591.6797564,0.10246325815431653,0.12070146622230611,0.9004173695729156,0.880229965321243,-87.6530337523991,4,36
2024-05-27,0.110296114709767,11623367239.2876297102330284962339,1.074875797833,105383288159.0918917,0.10261289251477163,0.12064019168282819,0.9142567926263204,0.880229965321243,-87.46962509172089,4,37
2024-05-28,0.107733990055945,11353329417.575710191357038616418,1.050384195674,105382984624.2588724,0.10256627098888835,0.12055968788464883,0.8936153696667213,0.880229965321243,-87.7606995557545,4,38
2024-05-29,0.106593291650691,11233091145.14727560791011739107,1.039588226573,105382721287.54977,0.10253414662272149,0.12046918941911734,0.8848178705664606,0.880229965321243,-87.89029050927738,4,39
2024-05-30,0.106874931073882,11262751757.8731129209748009962596,1.042298031208,105382540551.8833978,0.10253778465840177,0.12038252359010182,0.8877944064188862,0.880229965321243,-87.85829439073031,4,40
2024-05-31,0.106259477447432,11197895706.8624064172313799419976,1.036803159707,105382559521.8285993,0.1024876095839261,0.12030196249413892,0.8832730177000141,0.880229965321243,-87.9282140311308,4,41
2024-06-01,0.106308426191368,11203045931.2048306527815406528288,1.037282015658,105382483144.2617316,0.10248748612876626,0.12024333084125663,0.8841107897427986,0.880229965321243,-87.92265312706431,4,42
2024-06-02,0.10514919890806,11080865390.88428768727156658708,1.026235398061,105382309194.510718,0.10246109138968706,0.12016131300776893,0.8750669934945008,0.880229965321243,-88.05434908482293,4,43
2024-06-03,0.105321515328799,11099021534.1456306880240942331837,1.028029675513,105382281098.9382563,0.10244987847869487,0.12009701652021969,0.8769702893582452,0.880229965321243,-88.03477278913567,4,44
2024-06-04,0.106357850190022,11208258939.9629406378838409192198,1.038064026213,105382526253.9431009,0.10245789036542381,0.12003868785767725,0.8860297633053453,0.880229965321243,-87.91703823088932,4,45
2024-06-05,0.106924368085575,11267615347.13209947275645820234,1.043610070911,105379302668.5391832,0.10245624401864707,0.1199770222593458,0.8912070500836752,0.880229965321243,-87.85267801618721,4,46
2024-06-06,0.105310797604072,11097438816.9588330583176652241208,1.028347360848,105377977087.2206739,0.10240780655792239,0.11989783303881155,0.8783377892241168,0.880229965321243,-88.0359903942104,4,47
2024-06-07,0.100243215072868,10563435241.0473471436024797823332,0.980117775407,105378057092.1299649,0.10227670346172571,0.11980014825284706,0.8367536813167985,0.880229965321243,-88.61170159819724,4,48
2024-06-08,0.0982728066979449,10355756163.91770156241643808355449,0.961282087219,105377637129.5424001,0.10223097673883558,0.11972069813395032,0.8208505983484301,0.880229965321243,-88.83555314296987,4,49
2024-06-09,0.099775800192634,10514101936.1486898145903012475276,0.975886665894,105377275009.0647614,0.10224117582468492,0.11962918240648113,0.834042314638677,0.880229965321243,-88.66480304880096,4,50
2024-06-10,0.0999435206653954,10531787162.27808998176635525645756,0.977614413125,105377388070.3867614,0.10223204498992629,0.11954253564919139,0.8360498639470798,0.880229965321243,-88.64574888348403,4,51
2024-06-11,0.0967755115347274,10197934918.11662797406382954481368,0.947548995193,105377225667.8503932,0.10213246177841796,0.11943680475004104,0.810265409705664,0.880229965321243,-89.00565586864464,4,52
2024-06-12,0.1000577736537,10543843335.94560882290633798589,0.9799659249,105377552896.9678597,0.10210331921889051,0.11933269988265559,0.8384774144227914,0.880229965321243,-88.63276898132143,4,53
2024-06-13,0.0974818169859082,10272377825.63111442188224801995776,0.955117297042,105377373373.2935168,0.10206266527452655,0.11921999150693452,0.8176633444923379,0.880229965321243,-88.92541485447705,4,54
2024-06-14,0.0966404200147779,10183704119.11784926538132969776995,0.947200362264,105377275032.1303905,0.10202743143360693,0.11912159161941784,0.8112754262345223,0.880229965321243,-89.02100316710889,4,55
2024-06-15,0.0981974368631952,10347807658.57097320798167271193424,0.962208848627,105377573887.0570637,0.10205418189961107,0.11902040564759449,0.8250470692726954,0.880229965321243,-88.84411565932572,4,56
2024-06-16,0.0989692582878113,10429127591.04158664364417233608,0.969693518423,105377445193.2616,0.10206241086231423,0.11892258519890678,0.8322158328653714,0.880229965321243,-88.75643159322665,4,57
2024-06-17,0.0967701843123944,10197366315.95640193836545548985224,0.948848159511,105377150910.8339621,0.10198700744939637,0.11881518943843547,0.8144597064547562,0.880229965321243,-89.00626107666334,4,58
2024-06-18,0.0912034740620056,9610695086.92860074596307948276312,0.895434421432,105376414503.6259577,0.10185388441528842,0.1186725545173545,0.7685304696855425,0.880229965321243,-89.63867652145646,4,59
2024-06-19,0.0931949464352757,9820585062.03519761307789648135489,0.914847823686,105376798181.3867677,0.10186934266267948,0.11853149275405825,0.7862462900779162,0.880229965321243,-89.41243196585975,4,60
2024-06-20,0.0939157441925578,9896582194.97669115907500106231874,0.921818523216,105377242975.2085133,0.1018809470923937,0.11839103136629203,0.7932673878141181,0.880229965321243,-89.33054452897625,4,61
2024-06-21,0.0920244405571798,9697203679.22952646707053671572444,0.90822100761,105376393711.4523978,0.10132384054773605,0.11824066367762677,0.7782808189243313,0.880229965321243,-89.54540924727605,4,62
2024-06-22,0.0909283007004543,9581669381.90211088006448774414874,0.897656385814,105376096419.8271718,0.10129521957112797,0.1180833283241137,0.7700350421261449,0.880229965321243,-89.66993805223731,4,63
2024-06-23,0.0895495680962031,9436378515.47176189248759079232907,0.884278958094,105376036044.4648997,0.10126845977339637,0.11790528502944532,0.7595042756042636,0.880229965321243,-89.82657127975396,4,64
2024-06-24,0.0891134705276954,9390384913.85401293113564658320534,0.881101775092,105375594264.7929271,0.10113868005587737,0.11772083321638839,0.7569898045479477,0.880229965321243,-89.87611487468811,4,65
2024-06-25,0.0916929251969874,9662215122.45967506307287314114166,0.906281290326,105375797551.4683459,0.10117490692542529,0.117518014258705,0.7802456991413582,0.880229965321243,-89.5830716052113,4,66
2024-06-26,0.0902595442925567,9511160708.25443293347723717219915,0.892509048247,105375678359.5768245,0.1011301167980737,0.11730049936125787,0.7694728051802967,0.880229965321243,-89.74591324443082,4,67
2024-06-27,0.0913496471886465,9626058589.2072296124911787439479,0.903122291367,105375979934.8586406,0.10114870163416766,0.11709221250329307,0.78015134598364,0.880229965321243,-89.62207027849726,4,68
2024-06-28,0.0909023259220749,9578932090.28369523200972814691473,0.898900686315,105376094540.1456277,0.10112610581567649,0.11692987600550798,0.7774088969169259,0.880229965321243,-89.67288896045481,4,69
2024-06-29,0.0899465031404924,9478205156.11855220410186028973168,0.88956994477,105376027140.4216932,0.10111234498120127,0.11676451371207958,0.7703239647131526,0.880229965321243,-89.78147680899887,4,70
2024-06-30,0.0910344740081454,9592843510.39950623970884030370624,0.900251182116,105375942629.6149856,0.10112119352531473,0.11659505106083763,0.7807747685675348,0.880229965321243,-89.657876055728,4,71
2024-07-01,0.0914000500624281,9631373871.46482973511231059082133,0.903869236165,105376024027.1904093,0.10112087723023594,0.11641407336441725,0.7851288716297521,0.880229965321243,-89.61634417557333,4,72
2024-07-02,0.0934093981701136,9843170832.3173972076510064011544,0.923889891059,105376664716.2354415,0.10110447042887759,0.11626629641786815,0.8034090793981647,0.880229965321243,-89.3880688172183,4,73
2024-07-03,0.0902613252303258,9511425131.65951605681235062709812,0.893559888488,105376528733.5254914,0.10101317929910407,0.11609451326836544,0.7774814044973569,0.880229965321243,-89.74571091801168,4,74
2024-07-04,0.087642307460358,9235410399.3700661046482389992192,0.868089727662,105376166682.3684224,0.10095996377748,0.11592147308148348,0.7560489452955148,0.880229965321243,-90.04324881982714,4,75
2024-07-05,0.0855595699865346,9015856592.24751779521476783853446,0.851658343952,105375197580.6614851,0.10046231636680449,0.1157437044070761,0.7392157562679827,0.880229965321243,-90.2798617000832,4,76
2024-07-06,0.0905284227125469,9539489756.84619144442804839628674,0.90058926025,105375631995.0115946,0.10052132165935065,0.11559972913977505,0.7831196784473976,0.880229965321243,-89.71536686103293,4,77
2024-07-07,0.0840846295439326,8860386837.05189410480188665734096,0.837253235755,105374631310.2623896,0.100429148497836,0.11541166183566164,0.728562679078856,0.880229965321243,-90.44742478026801,4,78
2024-07-08,0.0855717936093333,9017100282.05056794281788382214258,0.852378349918,105374678988.4637226,0.10039179622237639,0.11521743419742288,0.7426983095519005,0.880229965321243,-90.27847301493496,4,79
2024-07-09,0.0878276841520096,9254654715.5210659630725225209424,0.874591156358,105372865115.0971815,0.10042141806892309,0.11502342769442948,0.763563440183091,0.880229965321243,-90.02218879018092,4,80
2024-07-10,0.0874485196687789,9214690197.31547136196216060056605,0.866740459831,105372740810.4464945,0.1008935474015254,0.11482716742093865,0.7615664623007388,0.880229965321243,-90.06526440657309,4,81
2024-07-11,0.0887162761818732,9348328973.41818911856064259658624,0.879321901597,105373324667.6585632,0.10089169395274833,0.11464074449426252,0.7738633988574037,0.880229965321243,-89.92123880382829,4,82
2024-07-12,0.0912114110014677,9611288523.82214312052184960319073,0.903805143498,105373751138.0838749,0.1009193316254562,0.11444193735547623,0.7970103714528133,0.880229965321243,-89.63777483215085,4,83
2024-07-13,0.102317730146561,10781833401.8495291855596178742093,1.012314630549,105376002638.1108813,0.10107305284234792,0.11432415547652139,0.8949791032357449,0.880229965321243,-88.37602283748431,4,84
2024-07-14,0.104774746538931,11040757238.2702317664616209777053,1.032601855566,105376129296.2692463,0.10146674245660815,0.11419336945787764,0.9175204045238294,0.880229965321243,-88.09688937359759,4,85
2024-07-15,0.10449641733361,11011432950.80387807327384708565,1.028967908386,105376176827.664165,0.10155459318213249,0.11405310995915294,0.9162083994994473,0.880229965321243,-88.12850942929741,4,86
2024-07-16,0.106786521530395,11252798113.245274766594358019803,1.050391655293,105376577043.4085514,0.10166352806811625,0.11394059510351003,0.9372122502378027,0.880229965321243,-87.86833830504476,4,87
2024-07-17,0.110214979697856,11614139857.9587162766661405558016,1.08209558053,105377144647.6494236,0.10185327588517988,0.11382819861760635,0.9682572599440973,0.880229965321243,-87.47884257068746,4,88
2024-07-18,0.10326488443827,10881678167.954524989973961464125,1.015571548475,105376365132.7127375,0.10168154532621002,0.11370149851263,0.9082104087379227,0.880229965321243,-88.26841978725604,4,89
2024-07-19,0.105282999122624,11094180109.4950284786827503062848,1.034800862081,105374848759.5185527,0.10174228006623254,0.11356804489917112,0.9270477379098776,0.880229965321243,-88.03914848727054,4,90
2024-07-20,0.105282536051928,11094082000.1743772492996695525392,1.034655807887,105374380369.2427814,0.10175609632631225,0.11344749089921365,0.9280287754046551,0.880229965321243,-88.03920109519281,4,91
2024-07-21,0.105274311120274,11093244621.1551974421291345159632,1.034561472031,105374658861.2806568,0.10175742473147069,0.11337235246247848,0.9285712859765823,0.880229965321243,-88.04013550233391,4,92
2024-07-22,0.103405943799191,10896354570.6658594740274032473256,1.016456131166,105374547828.9528216,0.10173183143730136,0.11328116536886718,0.912825565154451,0.880229965321243,-88.25239450221936,4,93
2024-07-23,0.100918236053814,10634173943.5689909443964039642504,0.992638234583,105374155944.4061836,0.10166668231977684,0.11319111751134178,0.8915738113788122,0.880229965321243,-88.53501470868655,4,94
2024-07-24,0.102644511316647,10816106953.1261557045250209844406,1.0094219272,105374430784.3179098,0.10168642918365069,0.11310531707775695,0.9075126967380461,0.880229965321243,-88.33889831514807,4,95
2024-07-25,0.10205989163185,10754474862.77216089345163814113,1.003781774919,105374155222.1675498,0.10167537823655518,0.1130399907384009,0.902865357341003,0.880229965321243,-88.40531501394605,4,96
2024-07-26,0.103177531092568,10872220278.557536215144051210448,1.014457205457,105373913907.702286,0.10170713021461349,0.11295718213181656,0.9134216093684411,0.880229965321243,-88.27834371045151,4,97
2024-07-27,0.101705415637515,10717056167.5032844826483448783045,1.000209432217,105373505435.5374703,0.10168411970689108,0.11288432261790358,0.900970243510009,0.880229965321243,-88.44558585319267,4,98
2024-07-28,0.100163315359267,10554593304.8332258447223200731322,0.985231111409,105373841380.7079166,0.10166479133613766,0.11277974689602638,0.8881321169448031,0.880229965321243,-88.62077873902963,4,99
2024-07-29,0.0992730172547784,10460763509.50908251488245884376312,0.976816244655,105373683592.8149943,0.10162916290344912,0.11265849436118186,0.8811853719304132,0.880229965321243,-88.7219225468485,4,100
2024-07-30,0.102347127804696,10784685667.0884572720105485607784,1.005697553088,105373603523.7680879,0.10176730319213623,0.11257626138579957,0.9091359629891398,0.880229965321243,-88.37268306727731,4,101
2024-07-31,0.100718285028073,10613039928.0336051597350710596775,0.990060598735,105373517083.5708175,0.10172941449923441,0.11247928611836007,0.8954385158711697,0.880229965321243,-88.5577304799757,4,102
2024-08-01,0.0992664035240008,10460053910.99869245991041833867168,0.976065143551,105373555801.9853396,0.10170059260887239,0.11238413955589438,0.8832776930647811,0.880229965321243,-88.72267391081452,4,103
2024-08-02,0.0954945041352385,10062522118.83476363900227843883805,0.939615214095,105372787784.5651293,0.1016315005363286,0.11227085408877704,0.8505725275744956,0.880229965321243,-89.15118686053962,4,104
2024-08-03,0.093450867609558,9847175066.9483788833218466798306,0.919607405713,105372751680.4908307,0.10162039477825068,0.11214458399974862,0.8333070066920706,0.880229965321243,-89.38335761206984,4,105
2024-08-04,0.0882752711586271,9301745793.86260195466714606555505,0.869352522876,105372044421.6788655,0.10154139872579428,0.11199294827692727,0.7882216917831918,0.880229965321243,-89.97133991838022,4,106
2024-08-05,0.0883087072596686,9305334629.743698699092046526381,0.870307364682,105372787333.209335,0.10146841316450947,0.11186349725761609,0.7894327410155793,0.880229965321243,-89.96754135410058,4,107
2024-08-06,0.09221661639863,9717164808.018449254810677458632,0.911269363198,105373252538.4959864,0.10119578263336527,0.11175501793427614,0.825167568340092,0.880229965321243,-89.52357678882527,4,108
2024-08-07,0.101732394144438,10719972513.0798478070031732785346,1.00170421374,105374228172.1966067,0.10155931536377005,0.1116868870477662,0.910871426660223,0.880229965321243,-88.44252091471228,4,109
2024-08-08,0.102865362939876,10839310494.2533858433441453124108,1.012356440395,105373764156.0539483,0.10160982716694142,0.11162341863122702,0.9215392630081934,0.880229965321243,-88.31380809646319,4,110
2024-08-09,0.0998244256880916,10518803099.78301335678276176466652,0.982396660415,105373038985.9667147,0.10161315658984645,0.1115594752104744,0.8948090289933438,0.880229965321243,-88.65927886791944,4,111
2024-08-10,0.101248128034516,10668868006.0411969247309603108648,0.996387507112,105373484064.8522978,0.10161521226614005,0.11150830615563592,0.9079873197356307,0.880229965321243,-88.49753677749824,4,112
2024-08-11,0.0978380791655236,10309493844.69662330401981595659368,0.963204976719,105373019714.0818938,0.10157555404125194,0.11143453660900805,0.8779870419240802,0.880229965321243,-88.88494109265899,4,113
2024-08-12,0.0987699204280597,10407685693.04208024291852862263582,0.97236686988,105373029034.9140006,0.10157680551194523,0.11136945986963527,0.886867194504453,0.880229965321243,-88.77907770476625,4,114
2024-08-13,0.0992598080401046,10459304192.9185296482822132930246,0.977129551849,105373004435.920201,0.10158305810348028,0.11128751270533041,0.8919222438093928,0.880229965321243,-88.72342320181302,4,115
2024-08-14,0.0967012444686955,10189722032.80678653525484709386845,0.952416355192,105373225430.4694359,0.10153253242821648,0.11118967724351521,0.8696962421872243,0.880229965321243,-89.01409310311266,4,116
2024-08-15,0.095565204952445,10069942072.427816670660917309979,0.942384099493,105372473981.9142822,0.10140791318938724,0.11109896232972381,0.8601808959189274,0.880229965321243,-89.14315477574452,4,117
2024-08-16,0.0948449103785193,9993999359.74921433002662386916219,0.935679260806,105372015428.8076483,0.1013647671284488,0.1109913844679919,0.8545249780704468,0.880229965321243,-89.22498504763976,4,118
2024-08-17,0.095539250149553,10067171955.3558122005830968816467,0.942786216856,105372105596.3606339,0.10133713077409737,0.11090442769332111,0.8614556888003,0.880229965321243,-89.1461034146133,4,119
2024-08-18,0.0936275468644558,9865718390.7465510109836597771339,0.924162158147,105371962858.6350705,0.1013107343111566,0.11082274005432279,0.8448405698917182,0.880229965321243,-89.36328566929824,4,120
2024-08-19,0.0959547201800775,10110962978.70078569203742324501025,0.947006690379,105372231399.6186711,0.10132422627518675,0.11075358927254148,0.8663802302962206,0.880229965321243,-89.09890324569233,4,121
2024-08-20,0.0976727106680179,10292086349.84046409531335302354424,0.963604762375,105373202806.0783656,0.10136179736937333,0.11068995238009867,0.8823990666525828,0.880229965321243,-88.90372805788634,4,122
2024-08-21,0.0986017260835197,10389953698.65894043769019725691369,0.972710644447,105372939312.0179677,0.10136799329421979,0.11062769240846995,0.8912933456069314,0.880229965321243,-88.79818570508053,4,123
2024-08-22,0.0990444324679359,10436601647.10168077892730277411319,0.976893047444,105372925938.8746441,0.10138718125498133,0.11057686748286195,0.8957066222127025,0.880229965321243,-88.74789130454229,4,124
2024-08-23,0.101880131717527,10735425529.8422295002641858417227,1.004164433185,105373102182.5461101,0.10145761824523548,0.11054469269054684,0.9216193852266162,0.880229965321243,-88.42573694019319,4,125
2024-08-24,0.102471441033147,10797735428.3203064264725180891506,1.009934210008,105373119763.4617398,0.1014634814997853,0.11051629102579497,0.927206659597631,0.880229965321243,-88.35856025467734,4,126
2024-08-25,0.101197349610396,10663479387.9256115932163360086392,0.997356997033,105373109364.8143602,0.10146552328949834,0.11047697969612753,0.9160039484130031,0.880229965321243,-88.50330554544757,4,127
2024-08-26,0.0971824607446136,10240341698.55369220488038232423592,0.958615910292,105372323566.3310747,0.10137789254406518,0.11041360550602315,0.880167442220807,0.880229965321243,-88.95942372182859,4,128
2024-08-27,0.0938462281176005,9888785011.0943023090744570071128,0.926799347327,105372215905.1771056,0.10125840980387421,0.11032216619447859,0.8506561405997604,0.880229965321243,-89.33844201914314,4,129
2024-08-28,0.0929276067717118,9791934954.41876402298712752949848,0.918721802598,105371646753.7345236,0.10114879880822161,0.11022864324616596,0.8430440948473169,0.880229965321243,-89.44280353625571,4,130
2024-08-29,0.0930336803180472,9803091987.70341354419500378740504,0.919846727811,105371430585.0346357,0.10114041557710769,0.11013846133512742,0.8446974761610834,0.880229965321243,-89.43075287330235,4,131
2024-08-30,0.0932133986935034,9822022698.53102411250017117270202,0.921673118584,105371361158.3565153,0.10113498681258117,0.11003930089235099,0.847091883877852,0.880229965321243,-89.41033566614777,4,132
2024-08-31,0.0925356986645731,9750615408.76300243294993796029232,0.915066322496,105371392332.6758672,0.10112458123490561,0.10994673707683056,0.8416411539335573,0.880229965321243,-89.48732691339337,4,133
2024-09-01,0.0899588805694468,9479056202.77919099074568591047452,0.889985974492,105370988864.8682439,0.10107898680178068,0.1098248015911328,0.81911261633192,0.880229965321243,-89.78007065044463,4,134
2024-09-02,0.0924091604254795,9737301679.5490713199521372438279,0.914149880145,105371606393.9506962,0.10108753764844536,0.10970303693617738,0.842357358613882,0.880229965321243,-89.50170250205531,4,135
2024-09-03,0.091550901554791,9646855143.6840568564554097118409,0.905705515297,105371492577.9365199,0.10108241587197303,0.1095836387555359,0.8354431609907284,0.880229965321243,-89.59920643903789,4,136
2024-09-04,0.0917489044025295,9667655073.9257082310467680906844,0.907778734023,105370795835.4560232,0.1010696780656297,0.1094713474522719,0.8381088434353186,0.880229965321243,-89.57671199377478,4,137
2024-09-05,0.0902618714307002,9510956860.16178212761711992613466,0.893512060845,105370703148.6041233,0.10101919759800329,0.10934287783771862,0.8254938338522833,0.880229965321243,-89.74564886600301,4,138
2024-09-06,0.0880439384714399,9277215321.87787309511354387374675,0.872092101382,105370289913.6805325,0.10095715616724094,0.10918991695009313,0.806337626501554,0.880229965321243,-89.99762085589668,4,139
2024-09-07,0.0884810913019839,9323273396.52610781120654416911531,0.877565640615,105370235146.6935829,0.10082561030987511,0.10904332847128873,0.811430580324601,0.880229965321243,-89.94795737615085,4,140
2024-09-08,0.0899150551886848,9474372324.62444108690705912087552,0.891592285432,105370255345.3665299,0.10084772676685799,0.10892123131070772,0.8255053133965583,0.880229965321243,-89.78504950625374,4,141
2024-09-09,0.0931267769706593,9812840447.75635547980547615478091,0.922908115317,105370772692.4556587,0.10090579487284297,0.1088105567202001,0.855861598154757,0.880229965321243,-89.42017647210267,4,142
2024-09-10,0.0940435510423359,9909505346.0922548288793635975622,0.931962894967,105371450102.211258,0.10090911510555996,0.10870681602204532,0.865111816201702,0.880229965321243,-89.31602481767202,4,143
2024-09-11,0.0929098025298378,9790016731.10460459267250129081668,0.920579127275,105371192969.2301306,0.10092538465961039,0.10858888106838423,0.8556106446232513,0.880229965321243,-89.4448262169841,4,144
2024-09-12,0.0948830175807343,9997934147.3380221032451316897628,0.939766474493,105371165486.288996,0.10096446314699965,0.1084810056545854,0.8746509769908615,0.880229965321243,-89.22065581508505,4,145
2024-09-13,0.0963592119584265,10153491708.8458044544889799759924,0.953135503319,105371261371.7353416,0.10109707551852314,0.10837333247099933,0.8891413575771715,0.880229965321243,-89.05295027950338,4,146
2024-09-14,0.0971768254965098,10239633535.13322744089689656645124,0.961147179161,105371146698.9729338,0.10110504156224746,0.10824601358498437,0.8977404550812016,0.880229965321243,-88.96006392363104,4,147
2024-09-15,0.0951613891873719,10027244938.12823450985694283445294,0.941452175367,105370939030.5839426,0.10107936619327028,0.10811688157912461,0.8801714200175916,0.880229965321243,-89.18903094231261,4,148
2024-09-16,0.0949362656052361,10003520918.23947096689030198188848,0.939293285198,105370912311.1720368,0.10107201563271459,0.10798154431264814,0.8791897375569946,0.880229965321243,-89.21460648404663,4,149
2024-09-17,0.0945137362270875,9958842130.4423853764526931948425,0.934206041828,105369256660.3688622,0.10117011879108435,0.10781835993467186,0.8766015016770266,0.880229965321243,-89.26260864198206,4,150
2024-09-18,0.0956640723123528,10080052176.30906681997292712733704,0.94541844679,105369256531.2992793,0.10118701685709976,0.10760728500773359,0.8890111139359901,0.880229965321243,-89.13192278367393,4,151
2024-09-19,0.0960096865791352,10116499834.24441180280954194820856,0.948758176321,105369574620.0147153,0.1011951084853171,0.10740988989518695,0.893862629156623,0.880229965321243,-89.0926586958334,4,152
2024-09-20,0.0961823856219835,10134728406.69699012793684963052255,0.951401437275,105369900540.0900653,0.10109548068107684,0.10716070457883435,0.8975527549954239,0.880229965321243,-89.07303893172036,4,153
2024-09-21,0.0979929985897042,10325529148.71839895215353485893088,0.969098999839,105370070283.8097264,0.1011176346338033,0.10698954509525593,0.9159119099203399,0.880229965321243,-88.86734121191371,4,154
2024-09-22,0.0960453510808256,10120277346.7481995462071499918912,0.950505465015,105369778264.766027,0.10104660584914145,0.10678001869034094,0.8994693226206901,0.880229965321243,-89.08860697036445,4,155
2024-09-23,0.0962450789179019,10141344489.78053899047326030160996,0.952415775954,105370005446.5248684,0.10105363786262017,0.10655039015586919,0.9032822758988309,0.880229965321243,-89.06591655479748,4,156
2024-09-24,0.0967853121079193,10198284744.05194794460653457243016,0.957692740362,105370169522.0083912,0.10106092280843149,0.10632536060724916,0.91027494809475,0.880229965321243,-89.00454245810671,4,157
2024-09-25,0.0958788141584697,10102792746.59719163047317132158769,0.948924867594,105370439082.6024377,0.10103941569322611,0.1060914292748376,0.9037376045720774,0.880229965321243,-89.10752667645457,4,158
2024-09-26,0.0978753674548221,10313167304.56745009335660032649218,0.968193494337,105370407005.9084458,0.10109070968489127,0.1058827258688806,0.9243752146693467,0.880229965321243,-88.8807048940782,4,159
2024-09-27,0.0994075145393066,10474642204.39336055513544992529606,0.982937993038,105370728288.8719191,0.10113304729636546,0.10559283734185888,0.9414228942203042,0.880229965321243,-88.70664275749492,4,160
2024-09-28,0.0995020199689115,10484621615.21921971739812980284535,0.983885500512,105370942403.9335509,0.10113170680646484,0.10534411203388462,0.9445427755554675,0.880229965321243,-88.69590630982462,4,161
2024-09-29,0.101583881871942,10704030444.528802733025706804986,1.004063672305,105371346785.333983,0.10117274897391597,0.1050976244844883,0.9665668693295262,0.880229965321243,-88.45939290025548,4,162
2024-09-30,0.0987085556402764,10401027190.78301174364401135057528,0.976035980807,105371080787.4393002,0.10113208691206528,0.10486767217846835,0.9412677290317831,0.880229965321243,-88.78604915429659,4,163
2024-10-01,0.0938224944259467,9886106673.20381798370971004056613,0.928682063092,105370324394.9332239,0.10102757246497197,0.10465328595777451,0.8965078694595617,0.880229965321243,-89.3411383249483,4,164
2024-10-02,0.0908150175309092,9567956903.74654490888718734827328,0.899508179556,105356549653.1458384,0.10096074676690074,0.10446284967337925,0.8693522894967703,0.880229965321243,-89.68280777651488,4,165
2024-10-03,0.0902061689539445,9503778017.09990720244563188310535,0.894639300952,105356187135.6285963,0.10082965152319452,0.10425446104576604,0.8652499667553356,0.880229965321243,-89.75197703920207,4,166
2024-10-04,0.0917838449490816,9670021362.34925552330520471391872,0.910149443667,105356464067.4384267,0.10084480695750764,0.1040366558310993,0.8822260213562629,0.880229965321243,-89.57274251444225,4,167
2024-10-05,0.0920511537429288,9698194034.4146462871693589918812,0.912784666569,105356572297.8202615,0.10084651628618302,0.10389498452849036,0.8860019004833317,0.880229965321243,-89.54237445105218,4,168
2024-10-06,0.0923610088987816,9730839814.07768507160744247576672,0.915902402512,105356577738.7913692,0.10084154015260541,0.10370233993120417,0.8906357268317534,0.880229965321243,-89.50717283692175,4,169
2024-10-07,0.091349233341953,9624282506.1382409111880204898962,0.906013261259,105357014547.7969554,0.10082549257062057,0.10349366993076735,0.8826552716031962,0.880229965321243,-89.62211729424426,4,170
2024-10-08,0.0898064055457048,9461728034.14774765291112818190216,0.891075923792,105356939481.6991067,0.10078423526867494,0.1033030897188409,0.869348688312519,0.880229965321243,-89.79739283098256,4,171
2024-10-09,0.0897502555471303,9455790460.45031006836039145374111,0.890593426234,105356696789.4015337,0.10077578938197639,0.10308596117435512,0.8706350944851804,0.880229965321243,-89.80377184564767,4,172
2024-10-10,0.0898997575913736,9471645559.11056401668914957367744,0.892276247172,105357854268.7797304,0.10075327890471573,0.10286022154007746,0.8739992607963218,0.880229965321243,-89.7867874154268,4,173
2024-10-11,0.0916844672620557,9659669670.57406102670214464164938,0.909697739044,105357755343.2738034,0.10078563826970348,0.10263477792880486,0.893307990841612,0.880229965321243,-89.58403248308014,4,174
2024-10-12,0.0918146009448962,9673372028.78139543768633621329114,0.9110164827,105357665656.9797997,0.10078259031360574,0.10240222118202309,0.8966075138320772,0.880229965321243,-89.56924842800731,4,175
2024-10-13,0.090221534186606,9505512030.1950097436385655892608,0.895474159473,105357463890.3243968,0.10075280590977938,0.10218537065780631,0.8829202615385694,0.880229965321243,-89.75023144620174,4,176
2024-10-14,0.0933117675954854,9831105860.15513650895741152088542,0.925581481771,105357621160.6432373,0.10081421185841298,0.10196104104126019,0.9151708009505835,0.880229965321243,-89.399160302225,4,177
2024-10-15,0.0928450441819857,9781560895.58539720925636441636295,0.921019804928,105353613450.9510935,0.10080678361660615,0.10171140521608044,0.9128282515096648,0.880229965321243,-89.45218319759182,4,178
2024-10-16,0.0954579261501712,10056710031.14259280033839951459728,0.946260198859,105352278608.2919369,0.10087915170190431,0.10149421897897967,0.9405257472836098,0.880229965321243,-89.15534236381812,4,179
2024-10-17,0.0950887801229316,10017821102.69300446193011709046996,0.94161040056,105352293822.0668981,0.10098526956199703,0.10126508924372633,0.9390085056269539,0.880229965321243,-89.19727981673192,4,180
2024-10-18,0.0966246478574154,10179656034.65260089359388572953698,0.956124453324,105352580944.7115037,0.10105865143548673,0.10106938239509329,0.9560229375865497,0.880229965321243,-89.02279498947165,4,181
2024-10-19,0.0970737200954947,10226971533.93614380484318889760709,0.960496351342,105352628125.0530647,0.10106620390578668,0.10091053442613399,0.9619780595508806,0.880229965321243,-88.9717773854623,4,182
2024-10-20,0.0971413712303452,10234165533.7120098191553445073736,0.961620130561,105353315524.488318,0.10101844599870623,0.10076426989617143,0.9640458004651917,0.880229965321243,-88.96409176494086,4,183
2024-10-21,0.0955188291830685,10063209324.8999531900557462130358,0.945764656104,105353147761.1928268,0.10099640387974583,0.10059753427639928,0.9495146165374526,0.880229965321243,-89.14842337272526,4,184
2024-10-22,0.0951425542237284,10023512233.76812158145686288614232,0.942081913922,105352566110.4048198,0.1009918063575157,0.10043532189192572,0.9473017304221651,0.880229965321243,-89.19117071991455,4,185
2024-10-23,0.0944398891111342,9949451176.39567568927108442589938,0.9352915862,105352211550.0097839,0.10097373963860236,0.10026062207776391,0.9419439771467302,0.880229965321243,-89.27099816731779,4,186
2024-10-24,0.09664216416572,10181492072.04941516929327127132,0.956377456922631589,105352484186.823481,0.1010502322761651,0.10009760641660025,0.9654792719368442,0.880229965321243,-89.02080501991885,4,187
2024-10-25,0.0927993231179044,9776604700.33863048313216279078296,0.918958524608702497,105352112190.7015734,0.10098314628227521,0.09989409807057735,0.9289770357838324,0.880229965321243,-89.45737741568057,4,188
2024-10-26,0.0940884498086776,9912452206.75546131576009230802,0.931711202186218339,105352487227.834575,0.10098456430265437,0.09970404752399346,0.9436773345238118,0.880229965321243,-89.31092401809569,4,189
2024-10-27,0.0942173282438791,9926028762.11961508757722305782052,0.933008945313450992,105352475464.2410172,0.10098223464752111,0.09952735676806572,0.9466475480047071,0.880229965321243,-89.29628256753402,4,190
2024-10-28,0.0942392513980144,9928320895.20625913926138971510144,0.933227160906976162,105352289496.3854376,0.10098211383649187,0.09934765737538598,0.9485805089689289,0.880229965321243,-89.29379195087714,4,191
2024-10-29,0.0966342304301665,10180657931.9863345589590108189931,0.956524985581437952,105352501765.3394414,0.10102635256456571,0.09925597398524821,0.9735860376981302,0.880229965321243,-89.02170634523905,4,192
2024-10-30,0.0949448294147898,10002655659.57825395723055576652692,0.940140688406897077,105352294814.0671954,0.10099002264828821,0.09920260952793225,0.9570799585474251,0.880229965321243,-89.21363357811394,4,193
2024-10-31,0.0924762408279072,9742557755.26865597193972205349952,0.916686335260614144,105352008992.2229666,0.10088100724400587,0.09911098898325334,0.9330573912801213,0.880229965321243,-89.49408172054702,4,194
2024-11-01,0.0930111028959021,9798927275.46411476211429465048963,0.921979909702099113,105352231834.4193903,0.10088191935326976,0.09903865427823023,0.9391394054548149,0.880229965321243,-89.4333178191727,4,195
2024-11-02,0.0925590784219522,9751292160.3176378649200721905738,0.917575042288020953,105352087840.201829,0.10087357889677484,0.09895262879221228,0.935387766365604,0.880229965321243,-89.48467081688449,4,196
2024-11-03,0.0905773904768256,9542492936.2685197370943075398016,0.898326115718370042,105351819985.4740235,0.1008290740878584,0.0988679195169749,0.9161454081298244,0.880229965321243,-89.70980379612855,4,197
2024-11-04,0.0911208437226694,9599775182.48998597588505758711992,0.903771936790872008,105352132292.6657268,0.10082282931490744,0.09877062110073519,0.922550073161291,0.880229965321243,-89.64806387960054,4,198
2024-11-05,0.09350398521973,9850874957.999716652740836451616,0.927530378205005247,105352461019.1813792,0.10080962027430597,0.09868015693840242,0.9475459719637104,0.880229965321243,-89.37732309696985,4,199
2024-11-06,0.0971879430933989,10238992082.07321193982711313195085,0.963432481057569204,105352492872.8392265,0.10087675577090233,0.09858659256698799,0.9858129849387103,0.880229965321243,-88.95880089040938,4,200
2024-11-07,0.101882744018389,10733603755.083912377350507131276,1.008337843534087495,105352519295.579484,0.10104028592371758,0.0985268045161889,1.0340611828291728,0.880229965321243,-88.42544016537694,4,201
2024-11-08,0.101187738256491,10660390258.6110752625804972757047,1.001142392127822973,105352589575.5183717,0.1010722740862337,0.09844106659032528,1.0279016853565426,0.880229965321243,-88.5043974594114,4,202
2024-11-09,0.102152762134909,10762008753.9705821001971240765636,1.009461422258270405,105352107266.1514004,0.10119531057103957,0.09836504980017038,1.0385066885284295,0.880229965321243,-88.39476430484527,4,203
2024-11-10,0.108357396627287,11415834269.3073154728558421679907,1.069616189160931694,105353530304.6634261,0.10130493323244179,0.09833578191619427,1.1019121881761569,0.880229965321243,-87.68987640772471,4,204
2024-11-11,0.114327868032714,12044942632.1647541370639371515062,1.123435632281741625,105354388561.8350783,0.1017662825955677,0.09833851136205685,1.1625950652414139,0.880229965321243,-87.01159100042798,4,205
2024-11-12,0.13596457409459,14324915879.987206180762594646353,1.319547308609494152,105357707883.6831467,0.10303880217668439,0.09844858419500346,1.3810719088176646,0.880229965321243,-84.55351675684328,4,206
2024-11-13,0.124293681407639,13095071886.7832307983845031173892,1.210923075847486825,105355893706.5840028,0.10264374664810956,0.09849820367355445,1.2618877986808434,0.880229965321243,-85.87940807465267,4,207
2024-11-14,0.130353952884581,13733721540.6552659859650925230979,1.268173190903153625,105357154399.5714759,0.10278876246528043,0.0985889395501187,1.3221965210236815,0.880229965321243,-85.1909207797751,4,208
2024-11-15,0.145694907897091,15350244567.1702811790844096488969,1.410657249370464034,105358826802.7366659,0.10328157882583489,0.09875601563981774,1.4753016001421975,0.880229965321243,-83.4480858824297,4,209
2024-11-16,0.217060822013487,22870096857.3464079140215214688981,2.033571275733523672,105362619772.6523963,0.10673873328348997,0.09930317208944041,2.185839761674326,0.880229965321243,-75.34044163853592,4,210
2024-11-17,0.197635994320673,20823156171.5547591772222151774671,1.853060258977598147,105361152674.2860527,0.1066538410519451,0.0997377890960624,1.9815557985782097,0.880229965321243,-77.54723173409064,4,211
2024-11-18,0.233978100458044,24652842743.2295391578836815576648,2.142551229634051649,105363889590.3857742,0.10920537031826656,0.10035548216848675,2.3314929628380274,0.880229965321243,-73.41852587662669,4,212
2024-11-19,0.232237613091361,24469485952.1391265269352799228997,2.117905018938167822,105364008983.8202277,0.10965440424131749,0.10095732432085157,2.300354279926127,0.880229965321243,-73.61625686003485,4,213
2024-11-20,0.248329587895104,26165333708.196966906290671533408,2.234140143312993784,105365349050.7517395,0.11115219814584122,0.1016436021619399,2.4431403709941537,0.880229965321243,-71.78810110100315,4,214
2024-11-21,0.258535475960504,27240669734.9810043752064627780568,2.281493486931672733,105365306767.9675517,0.11331852466000346,0.10238148626184936,2.525217062187177,0.880229965321243,-70.62864408778103,4,215
2024-11-22,0.341635169093518,35997616691.8379916602222434919412,2.904725013634801685,105368591844.1966134,0.11761360111193998,0.10354052578209114,3.2995309470662244,0.880229965321243,-61.187964219232526,4,216
2024-11-23,0.510205945208505,53762385067.9189490588454015879855,4.033254907057503762,105373889843.5375271,0.1264998015165697,0.1055506359126756,4.833755294763073,0.880229965321243,-42.037198765176825,4,217
2024-11-24,0.542428828966467,57158444945.1802049316611323953381,4.197747097475639252,105375013076.0725943,0.1292190349658421,0.10772637939248222,5.035246074596293,0.880229965321243,-38.376464067716014,4,218
2024-11-25,0.485642411016393,51174506071.8446108461930522425927,3.710987762802559896,105374870297.5556239,0.1308660771895494,0.10961329192895235,4.430506578811356,0.880229965321243,-44.82778022227906,4,219
2024-11-26,0.438643778412457,46221586875.2784671207614829798206,3.322006860244990928,105373857216.3590158,0.1320418039052779,0.11127495268431183,3.941981262008656,0.880229965321243,-50.16713862355589,4,220
2024-11-27,0.482901562848512,50885588913.8614223780821834611968,3.291719295548579767,105374661895.2741289,0.146701926710927,0.11316019449302446,4.267415454807119,0.880229965321243,-45.13915887057135,4,221
2024-11-28,0.496177183267147,52284668097.3562534614144833005083,3.357826503719172608,105374994781.2607089,0.14776736758661432,0.11511818833661208,4.310154550176701,0.880229965321243,-43.63095977014763,4,222
2024-11-29,0.540744214532364,56981297308.8416629293443644403112,3.608068596328208056,105375694787.8196558,0.14987082426388967,0.11730226495572574,4.609836090858613,0.880229965321243,-38.567847513005596,4,223
2024-11-30,0.526833543957383,55515321354.4707441720380742889627,3.514170872980718237,105375449212.0219469,0.149916883099803,0.11942736392566682,4.411330256651158,0.880229965321243,-40.14819255044183,4,224
2024-12-01,0.552299483285191,58198918752.8018609526729060739107,3.636151286111149951,105375653090.6433477,0.1518912277920849,0.1216553231763955,4.539871078920058,0.880229965321243,-37.255091845955576,4,225
2024-12-02,0.53840558169014,56734513533.223434288035260073464,3.524493467526598296,105375047106.9130676,0.15276112344960016,0.12381417135437342,4.348497234207126,0.880229965321243,-38.83353181533112,4,226
2024-12-03,0.511024575648887,53848894372.0666450694977960599232,3.336056685147393797,105374373245.5343936,0.15318222197004092,0.12582515667472144,4.061386364651776,0.880229965321243,-41.944196882415056,4,227
2024-12-04,0.48643721324767,51257744905.167956460844146096751,3.17427229634760038,105373814973.8762353,0.15324369424997886,0.1277171259400156,3.808707795978223,0.880229965321243,-44.73748538313587,4,228
2024-12-05,0.471667351498183,49701197315.8998016845957408037579,3.091239244798932026,105373410218.0936413,0.1525819628137072,0.1295479475769621,3.6408708923618716,0.880229965321243,-46.415440273491896,4,229
2024-12-06,0.494359257069987,52092361678.3580069698660524096114,3.215211259613713885,105373492927.1957222,0.1537563839986617,0.1314589492857817,3.7605599295890295,0.880229965321243,-43.83748832163776,4,230
2024-12-07,0.50242478381126,52942388698.807627959908132851232,3.248950072853660621,105373760221.7805232,0.15464219903199794,0.13340995252030813,3.7660217571457357,0.880229965321243,-42.92119064273183,4,231
2024-12-08,0.493319151714733,51982856615.2288834213591146595993,3.190753178764759345,105373684428.3080221,0.15460899796257893,0.13532357405938858,3.645478292630915,0.880229965321243,-43.955651233175814,4,232
2024-12-09,0.412022875610881,43416598974.2412634414458196451927,2.702009156731062493,105374243869.0330967,0.15248759412397897,0.13683959244213753,3.0109916893029656,0.880229965321243,-53.191450888574124,4,233
2024-12-10,0.434572206701331,45792881953.2363254250699394569708,2.868860332818764887,105374621862.8023268,0.1514790391605949,0.13846172013435107,3.1385729303352607,0.880229965321243,-50.62969634955198,4,234
2024-12-11,0.438010332910746,46153611855.4695175466100183837768,2.901487343085099515,105371057227.7168308,0.1509606216117481,0.14009768753999033,3.1264636883154666,0.880229965321243,-50.239102261090075,4,235
2024-12-12,0.424572632464483,44736779586.7290835194216543706706,2.81735379720984469,105368966734.9707782,0.15069908255220088,0.14167714221871533,2.996761692221638,0.880229965321243,-51.765714734611,4,236
2024-12-13,0.436424585005189,45985730890.3723760880455816772847,2.891129809256762565,105369249282.3831523,0.15095295396555813,0.14330778457019241,3.0453655139119635,0.880229965321243,-50.41925380875731,4,237
2024-12-14,0.424702919999053,44750500219.743489046995366659088,2.815995856612214892,105368948769.750096,0.15081802020475701,0.14489262921990798,2.931156141520963,0.880229965321243,-51.750913200954685,4,238
2024-12-15,0.430582085558994,45369636255.8256541712294365995354,2.854882139886869722,105368146463.7003941,0.15082306885567495,0.1465125731894495,2.938874638439567,0.880229965321243,-51.083000747213646,4,239
2024-12-16,0.420034874232635,44258169653.4226256424493193124145,2.85320912351411756,105367845311.1261827,0.14721489244198982,0.14807837290524326,2.8365713776543133,0.880229965321243,-52.281234361370345,4,240
2024-12-17,0.427263667729613,45020018383.1467939446814729495003,2.900435228836391956,105368234613.4729031,0.1473101910643336,0.14968339385665416,2.854449359551444,0.880229965321243,-51.45999516459524,4,241
2024-12-18,0.396652184730775,41794293934.2040225851964776123275,2.706820438783013205,105367613095.5174701,0.1465380484968962,0.1511351126493512,2.6244873066065617,0.880229965321243,-54.93766397897901,4,242
2024-12-19,0.371466299177034,39140341263.1812642842258772474624,2.569637826970596426,105367139226.0747136,0.1445597878728941,0.15246669815069608,2.436376623109406,0.880229965321243,-57.798948705243625,4,243
2024-12-20,0.374410398173581,39450487243.2766999813773231525619,2.589190734507513374,105366964795.1043199,0.1446051823002515,0.15381214256491998,2.4342057260892287,0.880229965321243,-57.46447940602219,4,244
2024-12-21,0.354482873871552,37350590352.071777080380823591296,2.480114775522458348,105366417125.149698,0.14293002782376352,0.15505276768332762,2.286207974020373,0.880229965321243,-59.72837919211462,4,245
2024-12-22,0.356440883926488,37556912007.9477041743908617190168,2.495996898822462258,105366454022.4106361,0.14280501874607548,0.1563003502625322,2.2804867892348724,0.880229965321243,-59.50593617925701,4,246
2024-12-23,0.369784105112534,38963008600.4093694239445208753342,2.58667850147441629,105366910209.8155613,0.1429571185215927,0.1576227168000745,2.3460076860720576,0.880229965321243,-57.99005718038922,4,247
2024-12-24,0.401616046509023,42317340660.6845260493443881848575,2.757889611738212144,105367654077.8701025,0.14562440962091186,0.15912958095725527,2.5238302274980757,0.880229965321243,-54.37373614491165,4,248
2024-12-25,0.382515356345872,40304454517.6454788162338632402624,2.639125350538366752,105366892724.6989292,0.1449402000810007,0.16055079370549494,2.382519248379027,0.880229965321243,-56.5437020533297,4,249
2024-12-26,0.354097283640193,37309878615.0575277418530162199914,2.457465218981632385,105366181382.4277098,0.14409045585065494,0.16182240112273275,2.1881845849736905,0.880229965321243,-59.772184816388986,4,250
2024-12-27,0.348801173714499,36751777047.7681569584741308341243,2.444897577231211558,105365978721.8785257,0.14266494308915306,0.16306668938797825,2.139009352698698,0.880229965321243,-60.373858257915266,4,251
2024-12-28,0.355543307296375,37462147848.7918196853786203264375,2.490400389742416385,105365920494.0792065,0.14276552025963546,0.16436052836678644,2.1631915571781666,0.880229965321243,-59.60790687617431,4,252
2024-12-29,0.337307375952361,35540545053.0774293725129589232653,2.369150806585393918,105365454736.1482373,0.1423748015595997,0.16554677637827975,2.0375351506791213,0.880229965321243,-61.679630410075916,4,253
2024-12-30,0.330794157404591,34854203704.3609239468070581358936,2.327085399848592843,105365233708.5600296,0.14214955644778376,0.16671333808037317,1.9842093093062165,0.880229965321243,-62.41957551582937,4,254
2024-12-31,0.331146356578064,34891335856.103114346781275976616,2.339615209607616004,105365301966.9503065,0.1415388116892955,0.16788586776318962,1.97244926562348,0.880229965321243,-62.37956333863151,4,255
2025-01-01,0.422847741642372,44554607177.0940775146026426235156,2.932880318716609097,105367967685.1073573,0.14417490510741493,0.1695091192870855,2.494542732690534,0.880229965321243,-51.961673846441684,4,256
2025-01-02,0.434360089050774,45767731162.8155475122786949199638,2.998470686206426493,105368177962.2841537,0.14486054209197993,0.17118607344090034,2.5373564585014616,0.880229965321243,-50.65379433063805,4,257
2025-01-03,0.449699862234733,47384090068.0262731303788839988403,3.039837996682157227,105368255690.7096991,0.14793546982620773,0.172950721830512,2.6001618118450485,0.880229965321243,-48.91109369690527,4,258
2025-01-04,0.45090634268268,47511108004.248566241714424206324,3.046174287571725305,105368018825.3283143,0.14802381614287818,0.17474923617361537,2.5803050849086366,0.880229965321243,-48.7740294642071,4,259
2025-01-05,0.442022495659918,46574954058.7700296375702326827416,2.991501633970545785,105367836515.2793812,0.14775940305044477,0.1764933739197386,2.504470767616071,0.880229965321243,-49.78329378975409,4,260
2025-01-06,0.445237079679768,46913697630.834060874151052103704,2.970516959553948193,105367903465.219553,0.14988538552111974,0.17824998059717465,2.4978240008112813,0.880229965321243,-49.41809558627362,4,261
2025-01-07,0.419616297049004,44213722397.8615866317555228077656,2.820551081148478955,105367028661.1822914,0.14877103267285752,0.17988793987963375,2.33265385845086,0.880229965321243,-52.32878752362588,4,262
2025-01-08,0.426149317361778,44902286248.8181160433740298402204,2.84684280995319113,105367495428.1305918,0.14969190285879708,0.18156404496294037,2.347101913535583,0.880229965321243,-51.58659280518207,4,263
2025-01-09,0.392312508841391,41336762037.5525359621899579955771,2.649378291904291679,105366923322.5104181,0.14807719608792022,0.18307785966666631,2.1428724890911584,0.880229965321243,-55.43068012934379,4,264
2025-01-10,0.41489886222499,43716780170.246435350352487897235,2.778649499850582857,105367317557.3565265,0.1493167318322446,0.1847067866251528,2.2462567283301453,0.880229965321243,-52.8647196106791,4,265
2025-01-11,0.445084890520628,46897715946.495490801218202677536,2.949033314810768678,105368025168.497512,0.15092569089854038,0.18647374645177098,2.3868501544572305,0.880229965321243,-49.43538529068449,4,266
2025-01-12,0.422144133169812,44480282858.8965585678441629522376,2.803712663001154586,105367525837.4463498,0.15056611854010027,0.18813316939615723,2.2438580848063605,0.880229965321243,-52.04160846583438,4,267
2025-01-13,0.419371352232894,44188090631.55384270987841398342,2.785234700274716198,105367451534.96893,0.15056948421313657,0.1897732779213785,2.2098546055922377,0.880229965321243,-52.35661488985518,4,268
2025-01-14,0.429624641221261,45268522719.5934690136794301939104,2.842701471058339638,105367612506.8434464,0.15113252151000978,0.19146688949787444,2.2438586762858046,0.880229965321243,-51.19177281536105,4,269
2025-01-15,0.489673824795137,51596298255.5984745040453149697528,3.186819802661756406,105368707990.8439544,0.1536559501689246,0.19346552610614765,2.5310650153065017,0.880229965321243,-44.36978470547423,4,270
2025-01-16,0.481721074662779,50755803938.8772272596697229591062,3.136421855018850506,105363469876.0231778,0.15358937570592965,0.1954189591094208,2.465068265935493,0.880229965321243,-45.27327020877172,4,271
2025-01-17,0.487582973808534,51373483131.773578664147646677382,3.161773816031551806,105363570697.501673,0.1542118450523813,0.19739987372815138,2.4700267766128734,0.880229965321243,-44.60731933494347,4,272
2025-01-18,0.486279482280274,51236189726.1621049859504886751544,3.153036932840536019,105363667588.6551356,0.15422574890113644,0.19936422414870214,2.439151178486101,0.880229965321243,-44.755404673958736,4,273
2025-01-19,0.431281135045425,45440791439.1456164643594215286525,2.838414029308579876,105362344296.2779533,0.15194440648621033,0.20106932319777765,2.1449375179982293,0.880229965321243,-51.003584059078534,4,274
2025-01-20,0.448073797341499,47210214714.8004680186007326869692,2.936116435269892651,105362587580.2312308,0.1526076391109848,0.20287148064718338,2.208658387625959,0.880229965321243,-49.095825523507045,4,275
2025-01-21,0.44179974513837,46549030391.422389766649842599573,2.899958605173403834,105362284391.6385929,0.152346914314645,0.20465268152294253,2.1587781887374984,0.880229965321243,-49.80859973596404,4,276
2025-01-22,0.42815336031577,45111273639.002760030704505791616,2.816373924745371084,105362418750.4507008,0.15202291022293124,0.20634080621095865,2.0749815229375166,0.880229965321243,-51.35892014770095,4,277
2025-01-23,0.432249451032992,45542983244.3216985500089492105824,2.845417500075421249,105362732411.7655647,0.15191073050669532,0.208081630318404,2.0773071143837596,0.880229965321243,-50.89357689893674,4,278
2025-01-24,0.430338181311029,45341680272.5468142126086964123557,2.834729105719366308,105362903506.2912433,0.15180927886293477,0.20980546225691246,2.0511295401073415,0.880229965321243,-51.11070989795541,4,279
2025-01-25,0.417918212364856,44032965967.455585776652851840608,2.757984097449417155,105362639542.048468,0.15153031982720522,0.21145591489797666,1.9763845932921449,0.880229965321243,-52.52170127924067,4,280
2025-01-26,0.407463012622796,42931364497.6529348119084529872304,2.692566829173131712,105362605114.2858724,0.15132883916122705,0.21305598736274678,1.9124691949119175,0.880229965321243,-53.709481763201396,4,281
2025-01-27,0.405814805885,42755810262.338168387167604995,2.683431990887896266,105357935793.141887,0.15122977115239786,0.21464148001126243,1.8906634722408109,0.880229965321243,-53.89672905115239,4,282
2025-01-28,0.393122708694796,41417033569.0878178967217643433984,2.605767194392782477,105353958581.0146304,0.15086639725173326,0.21615103649972908,1.8187407983828414,0.880229965321243,-55.33863601754065,4,283
2025-01-29,0.394143318501871,41524529647.0192365064092081708669,2.610206336544170593,105353884482.5606739,0.15100082816583155,0.21761016444150563,1.8112357918272615,0.880229965321243,-55.22268793041748,4,284
2025-01-30,0.431534510707405,45464302225.1396581112830784889775,2.841383983171027292,105354962574.3976555,0.15187476006879083,0.21924396326234802,1.9682845734321517,0.880229965321243,-50.974798892478624,4,285
2025-01-31,0.4139706859704,43613696259.23982821874127471536,2.73726197080174401,105354552235.9965434,0.15123531849936456,0.220791334605532,1.8749408200734152,0.880229965321243,-52.97016662920354,4,286
2025-02-01,0.392879904424484,41391505040.00830713006337205799,2.611865747760062351,105354090585.6237975,0.1504211710580523,0.22222180152000243,1.7679629169468345,0.880229965321243,-55.36622020347818,4,287
2025-02-02,0.349772113668639,36849480338.8269566083053947545164,2.33969846782541079,105352825164.7207476,0.1494945261017879,0.22341958718985633,1.5655391636339004,0.880229965321243,-60.2635529976546,4,288
2025-02-03,0.369971594869611,38977607638.7953645249887941603277,2.472953414140424678,105352973523.6356007,0.1496071833598247,0.22475312074201306,1.6461243948389468,0.880229965321243,-57.96875709240498,4,289
2025-02-04,0.341193278960772,35945440475.6917236226925207424108,2.310184907963575009,105352135262.3844539,0.1476908959904571,0.2259326721412038,1.510154665667533,0.880229965321243,-61.23816588813216,4,290
2025-02-05,0.326664109581136,34414618421.7916418070183208852144,2.216274986142758327,105351697393.1408479,0.14739331158073826,0.22703958000884986,1.4387980702237153,0.880229965321243,-62.88877651854094,4,291
2025-02-06,0.317976357560625,33499341445.17656345524349397075,2.163623365505035901,105351673634.3821356,0.14696474563464632,0.22810309024105158,1.3940028485567573,0.880229965321243,-63.875763142807976,4,292
2025-02-07,0.326174780464756,34363158347.302940804871024467004,2.22298596277977132,105351978158.274459,0.14672822317640058,0.2292169344243794,1.422995998458237,0.880229965321243,-62.94436757265842,4,293
2025-02-08,0.332711044219992,35051786578.2991624519327746596064,2.266592718537713318,105352038013.8705492,0.14678907308704306,0.2303758984652103,1.4442094265786904,0.880229965321243,-62.20180437749947,4,294
2025-02-09,0.313815155725098,33060865891.2763060089913721737878,2.142283927049533311,105351399663.5574111,0.14648625784972436,0.23143175168725252,1.3559727800408954,0.880229965321243,-64.34850344925827,4,295
2025-02-10,0.311899588183314,32853109075.7238507291427738875942,2.131476330281027815,105332325916.4259003,0.1463303081306988,0.23248095017000986,1.341613529862238,0.880229965321243,-64.56612470929853,4,296
2025-02-11,0.318928509351598,33593366270.1391303171153871521126,2.178199106384096384,105331964014.2444037,0.14641843733056753,0.233559705061305,1.3655116976101906,0.880229965321243,-63.7675923433027,4,297
2025-02-12,0.332267678435842,34998610258.1736655052034984310202,2.268514157520273505,105332575298.7183581,0.14646929900540973,0.2347125163752966,1.4156368120759197,0.880229965321243,-62.252173690249265,4,298
2025-02-13,0.335806201562527,35371447513.2363657117298063433382,2.291385859111486995,105332919251.1955866,0.14655157280788145,0.2358907308063129,1.4235667523462527,0.880229965321243,-61.850173841789925,4,299
2025-02-14,0.35004953939276,36871867192.651950753927469859464,2.379886132091355438,105333282987.9294614,0.14708667556508237,0.2371446134170028,1.4761015835397515,0.880229965321243,-60.23203558345027,4,300
2025-02-15,0.349014890758674,36762884801.4540588347828346639816,2.373401705563419751,105333284552.8178884,0.14705259962549055,0.23837795223177266,1.4641240412172434,0.880229965321243,-60.34957857503751,4,301
2025-02-16,0.343197635329995,36150111803.2722833871242004549315,2.335513199225286817,105333219351.9132137,0.1469474184277088,0.23959034898328227,1.4324351410078795,0.880229965321243,-61.01045762458862,4,302
2025-02-17,0.333786800806177,35158715437.038294218953795344546,2.274875161028544203,105332851245.529698,0.14672752444809378,0.2407629509696932,1.3863711150815454,0.880229965321243,-62.07959124813931,4,303
2025-02-18,0.323154699854595,34038673181.3460564721926282310815,2.20739887064449073,105332440458.5850677,0.1463961516661663,0.24190125194828999,1.335895111132679,0.880229965321243,-63.28746889039859,4,304
2025-02-19,0.340170457203288,35831249349.1485041384381810522016,2.318657178271709548,105333219244.6551132,0.14671011324617025,0.24313484989625864,1.3991020100509357,0.880229965321243,-61.354365267587596,4,305
2025-02-20,0.345232127007809,36364513214.9396910684280333632966,2.352166782987305785,105333514380.9403974,0.1467719591590169,0.24441963417550455,1.4124566063294097,0.880229965321243,-60.77932578882209,4,306
2025-02-21,0.325593929507693,34295720518.0776351448230650251857,2.224895935412334518,105332800798.6319349,0.14634119480619734,0.24560606028674464,1.3256754704161724,0.880229965321243,-63.01035611882785,4,307
2025-02-22,0.334694830244626,35254451345.7444835988758482412296,2.285123993387130393,105333121876.9565796,0.1464668137104122,0.24681845135597463,1.356036505398502,0.880229965321243,-61.97643304241773,4,308
2025-02-23,0.333011049701048,35077139433.4123126843268564383688,2.273915553474123519,105333259856.9984431,0.14644829232654158,0.2479748446337577,1.342922707312845,0.880229965321243,-62.167721752177066,4,309
2025-02-24,0.298842072576505,31476140681.4695153766990736594955,2.051601628376296679,105327005699.3446691,0.1456628170123935,0.24895472818194087,1.2003872140082656,0.880229965321243,-66.04954564714897,4,310
2025-02-25,0.29646178443697,31225333354.901052287776995712693,2.066123161662548567,105326672758.8620869,0.14348698564436782,0.24993791497568527,1.1861417042940874,0.880229965321243,-66.31996226931727,4,311
2025-02-26,0.285916069073263,30114512630.8397497465755174229221,1.997119081846476449,105326408300.3436267,0.14316425678979222,0.25086125468087905,1.1397378580322306,0.880229965321243,-67.51802593213047,4,312
2025-02-27,0.28278182860367,29784395439.839464557556149414369,1.977662508958358439,105326412191.7235407,0.14298790987983698,0.25178597342806974,1.1231039789611441,0.880229965321243,-67.87409657197165,4,313
2025-02-28,0.285923862898792,30115385434.523347498231675168576,1.99998203073635892,105326589845.294728,0.14296321592125494,0.2527217431404234,1.1313781685176176,0.880229965321243,-67.51714050152302,4,314
2025-03-01,0.311075088616599,32764788687.8376114836460008810988,2.166694819060045883,105327587733.0708212,0.14357125234256546,0.25378081954330584,1.2257628026278649,0.880229965321243,-64.65979336399084,4,315
2025-03-02,0.350638571358155,36932292973.27412371409767236659,2.42987025922123475,105328666011.333178,0.14430341291988713,0.25505050617775316,1.3747809271697087,0.880229965321243,-60.165117620122345,4,316
2025-03-03,0.293322838219846,30894505810.5321194208367651727274,2.052566197019502728,105325947335.1223719,0.1429054218303776,0.2560392943440901,1.1456164920750433,0.880229965321243,-66.67656751349101,4,317
2025-03-04,0.295020320462291,31073267695.5853318956476707513105,2.070975744993607237,105325855679.6838155,0.14245474442444603,0.257040171394509,1.147759585055246,0.880229965321243,-66.48372219927523,4,318
2025-03-05,0.300269508888681,31626522779.8532197931189399493918,2.106016221860732568,105327120615.4272878,0.14257701615583154,0.25806382268820466,1.1635474734925153,0.880229965321243,-65.88737935329246,4,319
2025-03-06,0.296968965115239,31278841826.6361241080625829502807,2.082822785133291133,105326971841.9847313,0.1425800443681215,0.2590805297794586,1.14624192473295,0.880229965321243,-66.26234315860184,4,320
2025-03-07,0.282920452273605,29799001079.2332772092137291387355,1.988778448357928112,105326429530.8542751,0.14225840616243782,0.2600153584399263,1.0880913111098809,0.880229965321243,-67.85834799769034,4,321
2025-03-08,0.276222116450585,29093341795.5000020893704329981,1.942908304650459413,105325895584.84786,0.14216940438693476,0.26090810546883914,1.0586950372976236,0.880229965321243,-68.61932366165507,4,322
2025-03-09,0.262787292292567,27678190894.7958377443786633601855,1.852076427580345345,105325454109.0255065,0.14188793096183766,0.26172903329988434,1.0040433381781917,0.880229965321243,-70.14560936963082,4,323
2025-03-10,0.244149815829919,25714959942.5332401403783320841306,1.740168423195596619,105324510916.0636774,0.14030240554622242,0.2624545602166943,0.9302555673955062,0.880229965321243,-72.26295110950743,4,324
2025-03-11,0.255398298270343,26899814388.829595488275894425545,1.864104935984932878,105324955455.872815,0.13700854138632423,0.26322215104945834,0.9702766171162955,0.880229965321243,-70.985048415486,4,325
2025-03-12,0.258999839326203,27279188802.4152396153567816891456,1.891176814434044128,105325118630.8956352,0.136951678631758,0.2640047930409236,0.9810421861774882,0.880229965321243,-70.57588930959875,4,326
2025-03-13,0.272795646295781,28732486947.0517531344222272324898,1.991884950923294477,105326046574.4321658,0.13695351539722844,0.2648627845243505,1.0299508358098575,0.880229965321243,-69.00859354450365,4,327
2025-03-14,0.276796268297152,29153822136.756712148263402166176,2.019885964953381025,105325921899.5644255,0.13703559166199783,0.26576085356211326,1.0415238534461568,0.880229965321243,-68.55409617915765,4,328
2025-03-15,0.274601503654819,28922595814.5960415050661167321355,2.004500081275765579,105325700805.1655545,0.13699251310583568,0.2666646299397994,1.0297635037568027,0.880229965321243,-68.80343609358923,4,329
2025-03-16,0.262827046056468,27682368960.1686564354817278064236,1.921505289894122558,105325419798.0109727,0.13678184881341135,0.26751412713622313,0.9824791268785279,0.880229965321243,-70.14109307667702,4,330
2025-03-17,0.272979731595311,28751814532.3952708824776758719988,1.993017059090780636,105325821680.4882508,0.1369680858225293,0.2684138573926095,1.0170105755606464,0.880229965321243,-68.98768022562307,4,331
2025-03-18,0.273084280878439,28762828335.3622133665877607564876,1.985774310666338014,105325829237.9184084,0.13752030097861623,0.2693132118035342,1.0140025402008714,0.880229965321243,-68.97580272914523,4,332
2025-03-19,0.290602925585742,30608241569.9175167533714712580024,2.106584078235434402,105326680755.9602372,0.1379498348004052,0.27030354793814004,1.0750984506213273,0.880229965321243,-66.98556774539192,4,333
2025-03-20,0.280818302765695,29577563507.2973843638082101489155,2.038088020238326541,105326338119.6911229,0.13778516922584,0.2712578450491213,1.035244907718125,0.880229965321243,-68.09716621460285,4,334
2025-03-21,0.277002751350127,29175710809.9396357813239689124841,2.012898605842594849,105326429675.2850983,0.13761386219162006,0.2721808130037445,1.017715937773748,0.880229965321243,-68.53063832597044,4,335
2025-03-22,0.273947317567585,28853836485.160724048912343242911,1.991469242299464795,105326223820.5426166,0.1375604060303084,0.27309279508380846,1.0031290553949412,0.880229965321243,-68.87775600009176,4,336
2025-03-23,0.282280053282322,29731580658.9959373795860220279266,2.050143577602876958,105326537646.8522153,0.13768794359874878,0.2740454508282074,1.030048309246617,0.880229965321243,-67.93110159805764,4,337
2025-03-24,0.289323526414805,30473556849.618484000119819141,2.094117937277113168,105326923210.2762,0.13816009178117222,0.275040759103128,1.0519296389315216,0.880229965321243,-67.13091603178775,4,338
2025-03-25,0.29335829788994,30898551485.788892928548837540098,2.121174603565475916,105327006967.3678817,0.13829992938668745,0.27606733090022045,1.0626331516059357,0.880229965321243,-66.67253905825874,4,339
2025-03-26,0.285244384983867,30043868453.2899628396096718563065,2.053032795015597128,105326765520.6927195,0.13893805577601595,0.2770511473686299,1.029573014560866,0.880229965321243,-67.59433372848582,4,340
2025-03-27,0.286857337612752,30213790005.241988322181955815248,2.060886675406376677,105326885680.120249,0.13919122338747128,0.2780358587807502,1.0317278457199224,0.880229965321243,-67.4110915426445,4,341
2025-03-28,0.274096012081753,28869572148.8788274693246784601155,1.974413900313846942,105326494645.4896635,0.1388239882418694,0.27894070495630574,0.9826318182019664,0.880229965321243,-68.86086331067807,4,342
2025-03-29,0.266923456317398,28114123492.4684573291779734448598,1.930492604410178431,105326537728.6214401,0.13826701832869795,0.27980510448268103,0.9539620687438876,0.880229965321243,-69.67571352561448,4,343
2025-03-30,0.266420201594448,28061105034.4379105298266013738384,1.927320017244585357,105326491258.9221733,0.13823350518371028,0.2806726564780041,0.9492203655945621,0.880229965321243,-69.73288662159814,4,344
2025-03-31,0.263779148034424,27782894236.4423636285824771016432,1.909656182013405777,105326347603.5513218,0.138129130530876,0.28151713713027254,0.9369914411724062,0.880229965321243,-70.03292793626302,4,345
2025-04-01,0.272254531969312,28675688736.1007333925233130162848,1.967980021482503357,105326763630.6344429,0.13834212186982434,0.282396613730327,0.9640856820942615,0.880229965321243,-69.07006774417731,4,346
2025-04-02,0.257790565610428,27152081925.2691965162008997847496,1.86824483124879758,105326127280.7838382,0.1379854295853248,0.28319968243089655,0.9102784416904542,0.880229965321243,-70.71327087616854,4,347
2025-04-03,0.260890131704488,27478538068.1251089343625133973056,1.891515668978686153,105326092208.2335912,0.13792649777273813,0.2840283261434821,0.9185356096232971,0.880229965321243,-70.36113947685533,4,348
2025-04-04,0.259418899670769,27323544887.7955664210947521377091,1.881645666162270545,105325960916.7725939,0.13786809298685307,0.2848507393138098,0.9107187163905394,0.880229965321243,-70.52828125703569,4,349
2025-04-05,0.251601825078993,26500114979.1433070107845544194891,1.826891047562564015,105325607120.7882587,0.13772130823821152,0.2856361797580693,0.8808471857174989,0.880229965321243,-71.41635311322649,4,350
2025-04-06,0.225774468626053,23779533354.4872757335228475057177,1.644491650655950157,105324280018.0075909,0.137291343824091,0.2862867317396378,0.7886305706664135,0.880229965321243,-74.35051321575314,4,351
2025-04-07,0.232748723898766,24514134941.5816251222852006044248,1.704630154441705312,105324465504.8851828,0.13653913330835984,0.2869704269262359,0.8110547361683115,0.880229965321243,-73.55819126041413,4,352
2025-04-08,0.220890652228612,23264975848.891028038384706065122,1.621276497295457883,105323496554.3621685,0.1362448987554511,0.2875939682592691,0.7680642732725071,0.880229965321243,-74.90534736022111,4,353
2025-04-09,0.241991297103674,25487666314.881914796500818407233,1.772495273084977589,105324722913.3305545,0.13652577853282227,0.28831395975183893,0.839332571034589,0.880229965321243,-72.50817324591324,4,354
2025-04-10,0.229987515513912,24223171799.8213950011033658343896,1.696097006612379614,105323855278.3797933,0.13559809056751232,0.28898367057400437,0.7958495199991436,0.880229965321243,-73.87188296526837,4,355
2025-04-11,0.23383412583557,24628335919.301976067941238464103,1.727047714989683645,105323959158.2128379,0.1353952897803792,0.2896716158085927,0.8072386560307013,0.880229965321243,-73.43488235483652,4,356
2025-04-12,0.246138561449679,25924401166.7352507980109346274751,1.828443072968336164,105324419766.0401169,0.1346164751249773,0.29041838205530146,0.8475309300594109,0.880229965321243,-72.03701633131179,4,357
2025-04-13,0.237663039986332,25031652531.785084691668763315154,1.767088774272706408,105324128367.7287595,0.13449411452695617,0.2911273031844408,0.8163543487220193,0.880229965321243,-72.99989214754851,4,358
2025-04-14,0.240358951779464,25316023834.8100772738525195368432,1.7871450397515598,105325903809.2254238,0.13449325400745177,0.291839721106064,0.8235991689839568,0.880229965321243,-72.69361857139866,4,359
2025-04-15,0.235818959217138,24837385574.9133839511835896479742,1.754788185988619066,105323955535.0744759,0.13438599661205347,0.2925217783294532,0.8061586407817692,0.880229965321243,-73.20939203301548,4,360
2025-04-16,0.235757079345288,24830870108.6828954997015008944536,1.754454950061783816,105323963876.8844547,0.13437625134631453,0.2932030536263351,0.8040744338418194,0.880229965321243,-73.21642199953422,4,361
2025-04-17,0.239896839156243,25266554773.0009176224589578496339,1.784659422869507809,105322583081.4094273,0.13442163590547662,0.2938946184127566,0.8162682272028638,0.880229965321243,-72.74611765021068,4,362
2025-04-18,0.239934154473076,25270458767.191853695395460091988,1.784907732521373253,105322474087.479513,0.13442384169300636,0.2946007464069206,0.8144383793979404,0.880229965321243,-72.74187838112155,4,363
2025-04-19,0.24648143612059,25960081849.519682021450183321827,1.734788857311346325,105322665504.1835353,0.14208151907466018,0.2953640411153938,0.834500486889986,0.880229965321243,-71.99806347985032,4,364
2025-04-20,0.243453874324584,25641112773.2843337606100609960176,1.714022480548194979,105322262150.9749014,0.14203657016605772,0.29612723539936225,0.8221259148833708,0.880229965321243,-72.34201471024284,4,365
2025-04-21,0.249688102163978,26297873676.7727242708278615608038,1.755802290668199046,105322894638.7765271,0.14220741338078283,0.2969246450654124,0.8409140376642424,0.880229965321243,-71.63376481135207,4,366
2025-04-22,0.265964332648431,28012323195.7823643472149442560894,1.866608936815446523,105323608308.0767074,0.14248529909118673,0.29779554750390913,0.8931105077887026,0.880229965321243,-69.78467637700037,4,367
2025-04-23,0.266750849028462,28091555756.394997298141049634314,1.870923263277479013,105310089391.309347,0.14257711914980867,0.2986690459803368,0.8931318883511747,0.880229965321243,-69.69532286587058,4,368
2025-04-24,0.280376756912845,29526693033.3406123951279127518165,1.963200329817244499,105310773112.7618857,0.14281617247840694,0.29960912472040707,0.9358084710353547,0.880229965321243,-68.14732877100809,4,369
2025-04-25,0.283905048203207,29898343225.5177921859535730839276,1.985401656536131703,105311065846.6271668,0.1429962784953687,0.3005719037947134,0.9445495224900009,0.880229965321243,-67.74649132745726,4,370
2025-04-26,0.290723739078219,30616546673.4815719688341064311971,2.031120907342290853,105311478073.8432009,0.14313462976393132,0.30157649046237595,0.9640132711687256,0.880229965321243,-66.97184252616096,4,371
2025-04-27,0.284614223783787,29972951123.2047366333363229915602,1.989425279598306125,105310798331.6192246,0.14306354036139257,0.30255081030355924,0.9407154570110855,0.880229965321243,-67.6659242474305,4,372
2025-04-28,0.282853871892638,29787467537.5515924719963313386386,1.977673525249638992,105310446479.7919847,0.14302354169247108,0.3035155808750655,0.9319253762101511,0.880229965321243,-67.86591197342283,4,373
2025-04-29,0.277394601316191,29209722401.8753754851778804571075,1.940490339360215,105300255532.2999325,0.14295077676482984,0.3044441315453362,0.9111510867631318,0.880229965321243,-68.48612155404697,4,374
2025-04-30,0.271577905517304,28595566383.121104236984483224992,1.90099978522886861,105294156123.091148,0.14286056612289819,0.3053429480681983,0.8894192816159197,0.880229965321243,-69.14693702591792,4,375
2025-05-01,0.273976697826339,28848153546.7235479953266800484757,1.917660075652059814,105294186606.3698663,0.14287031435077407,0.30626172388639694,0.8945835423037272,0.880229965321243,-68.87441820657057,4,376
2025-05-02,0.27401457753234,28852149631.353914827545410950182,1.914251040025317303,105294214239.1993723,0.14314453632409468,0.3071652379360812,0.8920754815014594,0.880229965321243,-68.87011481910442,4,377
2025-05-03,0.269868047300648,28415483132.7216809760973835526576,1.886195310269465289,105293988736.1516862,0.14307534635005223,0.30805035295167454,0.8760517386681378,0.880229965321243,-69.34118833341935,4,378
2025-05-04,0.265578786409167,27963781002.6404816443548875538447,1.857016885681843127,105293729897.3787841,0.1430136626418742,0.3089009572529695,0.8597538472231909,0.880229965321243,-69.82847700347907,4,379
2025-05-05,0.259012856019788,27272300869.3422117202821444878012,1.81267544986042775,105293232499.8519349,0.14288981297767975,0.3097205776324538,0.8362791326288924,0.880229965321243,-70.57441052631508,4,380
2025-05-06,0.262480267414851,27637439851.3074696845882485331787,1.844146534596213301,105293400237.3077337,0.1423315677418891,0.31054985573024096,0.8452113648471773,0.880229965321243,-70.1804894452715,4,381
2025-05-07,0.260595264405183,27438908839.5513389793048408410046,1.752753534176931649,105293198255.8528962,0.14867764310488463,0.3113674634517894,0.8369380073185851,0.880229965321243,-70.3946383704311,4,382
2025-05-08,0.289896530874798,30524403443.0180960335910087424102,1.942551439138022565,105294131498.9420549,0.1492349314587186,0.3123312392500117,0.9281701426053786,0.880229965321243,-67.06581890006447,4,383
2025-05-09,0.295166485431504,31079379434.3821188731639405669184,1.971607987528418702,105294404915.0673796,0.14970850559472562,0.31332947753125384,0.9420322906007522,0.880229965321243,-66.4671168830543,4,384
2025-05-10,0.319145273144827,33604513312.6255703980284186197009,2.126400655629812293,105295350238.1216867,0.15008708368287269,0.31444949112585935,1.0149333427195408,0.880229965321243,-63.74296652939396,4,385
2025-05-11,0.306278385266619,32249580263.3396124027242610266475,2.042209371943052266,105294992447.0379025,0.14997403766451803,0.31550868360663675,0.9707447090377844,0.880229965321243,-65.20473088474765,4,386
2025-05-12,0.313189183379268,32977423147.8013760482442739010404,2.083905609766206004,105295536684.8226953,0.1502895245885944,0.31659141870270446,0.9892535453507306,0.880229965321243,-64.41961808639762,4,387
2025-05-13,0.314763103366049,33143107434.881767848698335514937,2.093368497268128702,105295401781.378713,0.15036201403470945,0.3177012376039452,0.9907518955228026,0.880229965321243,-64.24081026926012,4,388
2025-05-14,0.303574030800055,31964822626.093202879335369138645,2.022673465072006162,105294983704.144339,0.15008553582288084,0.3187486655089021,0.9523931035613284,0.880229965321243,-65.51196360495808,4,389
2025-05-15,0.291472565355825,30690430125.0391813364203526685225,1.943417864176826094,105294404252.3274873,0.14997935890606012,0.3197349416944618,0.9116068572647769,0.880229965321243,-66.8867708622654,4,390
2025-05-16,0.293902287498547,30946278947.8815850603944303650747,1.959578531934953802,105294447386.8192601,0.14998239810697353,0.3207332568749645,0.9163449102913661,0.880229965321243,-66.61073820734036,4,391
2025-05-17,0.286016954842012,30115915760.1474409144640343282284,1.908565139852223799,105294162637.2557357,0.1498596767119815,0.3216801704970237,0.8891345537404157,0.880229965321243,-67.50656463534173,4,392
2025-05-18,0.291655766327818,30709729302.0790638713088420469118,1.945149819394122224,105294435590.0772851,0.14994000123788065,0.32266372518158887,0.9039000779020938,0.880229965321243,-66.86595800889631,4,393
2025-05-19,0.286441212275302,30157996689.0291902198796083124668,1.912116276616817304,105285117492.2552234,0.14980323936267817,0.3236335500388259,0.8850788561350887,0.880229965321243,-67.45836615880665,4,394
2025-05-20,0.287730338557041,30293869254.3594167598625849776612,1.920078521706266069,105285627529.8679332,0.14985342281801642,0.3246071462171316,0.8863955766536837,0.880229965321243,-67.31191280769079,4,395
2025-05-21,0.293872421102797,30940655086.7991114278569001283109,1.959123546935658475,105286011428.6669497,0.15000198510321328,0.32561371293053576,0.902518565504917,0.880229965321243,-66.61413122926947,4,396
2025-05-22,0.303713425356068,31976947317.5962667897045879970552,2.022044480274899452,105286578227.8379214,0.15020115942987453,0.32667939310493194,0.9296987559252411,0.880229965321243,-65.49612745287232,4,397
2025-05-23,0.286139814724069,30126432830.9964376765576755251757,1.909249151588107001,105285707478.5206953,0.14987033750207976,0.32765448795993896,0.8732974069900554,0.880229965321243,-67.49260693259387,4,398
2025-05-24,0.285978058160421,30109394182.026997832609080964058,1.908094804474720987,105285679522.786898,0.14987623124897498,0.3286168583246425,0.8702476787660772,0.880229965321243,-67.5109835580237,4,399
2025-05-25,0.28740233864057,30259336522.885967012659196355261,1.917293996115711994,105285630819.8966373,0.1498999836346563,0.32956793030237835,0.8720579650358533,0.880229965321243,-67.34917578775206,4,400
2025-05-26,0.285357471811961,30043993439.1861761726015816555392,1.904652060543815662,105285462645.8982272,0.14982131262887238,0.33048530394134623,0.8634498067200156,0.880229965321243,-67.58148630990779,4,401
2025-05-27,0.287062044650846,30223690458.8702203540493166484764,1.91544494773988308,105286264840.8686034,0.14986702958472548,0.33141467547331804,0.8661717959256671,0.880229965321243,-67.38783545660347,4,402
2025-05-28,0.285008445779601,30007303530.8362120158561978766545,1.902272396777975728,105285664250.2484545,0.14982525439697364,0.3323289538915415,0.8576094331901518,0.880229965321243,-67.62113799709304,4,403
2025-05-29,0.279110459943781,29386234548.6127273694567659638956,1.864034273453198174,105285321641.2303676,0.149734618037209,0.333182719208124,0.8377098926593293,0.880229965321243,-68.29118855980794,4,404
2025-05-30,0.26540283536588,27942795899.928150376508795280024,1.779256727753082056,105284466390.1448898,0.14916500313085315,0.3339380940447898,0.7947665752990809,0.880229965321243,-69.84846621655055,4,405
2025-05-31,0.264439310856147,27841290816.3227986969240017233706,1.774039397393725708,105284236016.8917998,0.1490605627161605,0.3345804677285976,0.7903608738769917,0.880229965321243,-69.95792903282508,4,406
2025-06-01,0.267374859621436,28150260171.3195976185120707597596,1.793345501847335281,105283870784.1727561,0.1490927762363759,0.3352958736196666,0.7974296156257654,0.880229965321243,-69.62443109695128,4,407
2025-06-02,0.271808207268814,28617073092.0542485668704363584912,1.82484576589090243,105284065479.8639608,0.14894859190256843,0.33600314489158783,0.8089454262593688,0.880229965321243,-69.12077320957634,4,408
2025-06-03,0.273191675487944,28762617270.9484551445303366719464,1.836373999978945178,105283651925.2496581,0.14876690450369925,0.3366406287295421,0.8115231857751396,0.880229965321243,-68.96360198459709,4,409
2025-06-04,0.266735902653426,28082806565.5405748631833829833862,1.794538890795656481,105283189425.1183387,0.1486375714795245,0.33688900413274175,0.7917619731759666,0.880229965321243,-69.69702087384859,4,410
2025-06-05,0.257560029811266,27116574192.646998403985979517179,1.735519566947139679,105282540200.5015815,0.14840514317238507,0.3371886243101947,0.7638455488768956,0.880229965321243,-70.73946128188574,4,411
2025-06-06,0.263205506754826,27710941020.1405716727717887780826,1.770633508278617063,105282527564.8701001,0.14865047200575707,0.3373347613416786,0.7802501755466322,0.880229965321243,-70.09809741494448,4,412
2025-06-07,0.264976371303788,27897329132.8917716641680836917884,1.782276593919958636,105282327611.4241293,0.14867297938362983,0.33749845513274074,0.7851187680239032,0.880229965321243,-69.89691538084779,4,413
2025-06-08,0.267750775783614,28189352269.631650155016920040728,1.80048697628131597,105282056371.755252,0.1487101985800643,0.3375955610721833,0.7931110673767556,0.880229965321243,-69.58172451151474,4,414
2025-06-09,0.274771084476763,28928498515.2933057375694205315262,1.845868105895185169,105282179055.9979674,0.1488573769703378,0.33767673911476465,0.8137104296762883,0.880229965321243,-68.78417058018647,4,415
2025-06-10,0.280433189916051,29524627102.6008257417070072472695,1.874614399732249508,105282213961.3330445,0.14959513271428257,0.3373707292188773,0.8312315373812803,0.880229965321243,-68.14091760512767,4,416
2025-06-11,0.277060557453185,29169469657.2254227307310770906105,1.85144793621628781,105281927984.8384633,0.14964534083491426,0.33620500228010064,0.8240821985818017,0.880229965321243,-68.52407116678076,4,417
2025-06-12,0.268141461749184,28230300281.1517660662418220727744,1.785870140043484006,105281369382.3971841,0.15014611406328518,0.3348335654440142,0.8008201369943557,0.880229965321243,-69.53733997781762,4,418
2025-06-13,0.260915627012767,27469328079.8882957614460651090375,1.740414629031488255,105280501572.0433625,0.14991578596300478,0.3337099315239961,0.7818635358594515,0.880229965321243,-70.35824303964193,4,419
2025-06-14,0.256599191641785,27014716844.301703102343202955401,1.712393951553052694,105279820530.4345386,0.1498482235405368,0.3327997085901427,0.7710319000242818,0.880229965321243,-70.8486189119751,4,420
2025-06-15,0.258658936388659,27231576204.4544781607517544585332,1.726002938244613457,105279858429.2348348,0.14986007883145402,0.33167849545784345,0.7798483770604739,0.880229965321243,-70.61461815898753,4,421
2025-06-16,0.263390839686127,27729882727.8744971774141260627778,1.757872652710964681,105280361158.0386014,0.1498349947477308,0.3305145637399383,0.7969114483359744,0.880229965321243,-70.07704235676621,4,422
2025-06-17,0.252463354308638,26578822108.1836652054269827090458,1.684329526870069644,105277940954.9113891,0.14988952593960742,0.3290731594388196,0.7671952180456556,0.880229965321243,-71.31847764163533,4,423
2025-06-18,0.251793562663735,26506204909.966973260746801202612,1.680480598616147642,105269589220.4577592,0.14983425745651777,0.32769795953235137,0.7683708590162189,0.880229965321243,-71.39457044366331,4,424
2025-06-19,0.24964240492102,26279724286.605166311900790057694,1.666851211929334514,105269472527.7916997,0.1497688594725055,0.3261846741405305,0.7653406941291984,0.880229965321243,-71.63895632320218,4,425
2025-06-20,0.241804615753103,25454497899.8895194448113170814919,1.616222970919774534,105268866851.9052873,0.14961092627924638,0.32470166931084526,0.7446977906406056,0.880229965321243,-72.52938149352191,4,426
2025-06-21,0.235464944757053,24787054796.1177715580521952377193,1.576437148636283241,105268556309.6980381,0.14936526011249157,0.3233238711563861,0.7282634094256614,0.880229965321243,-73.24961043889033,4,427
2025-06-22,0.228594548765452,24060447510.5315169408138991353476,1.533587082268680836,105253811346.2127563,0.1490587338720181,0.32203465783397506,0.7098445561822228,0.880229965321243,-74.03013328658658,4,428
2025-06-23,0.245863110802014,25881867581.2476089004220315794246,1.646900002463360864,105269422065.0672589,0.14928842700483497,0.3209056366304942,0.7661539179665838,0.880229965321243,-72.0683093636462,4,429
2025-06-24,0.248338351579524,26142506647.0299071236689813047928,1.663139574830051826,105269711588.0566622,0.14931900806034304,0.3196755321030419,0.7768450401749122,0.880229965321243,-71.78710548795144,4,430
2025-06-25,0.24127569637951,25398928558.479374994428888636822,1.617203042402738728,105269320282.1746922,0.14919319964983352,0.3183697866658831,0.7578473413142045,0.880229965321243,-72.58947026514195,4,431
2025-06-26,0.234302332094979,24664728354.5524223168113566183435,1.567307177357557796,105268812879.5666265,0.1494935616194951,0.3170747025677843,0.7389499389182264,0.880229965321243,-73.38169099827572,4,432
2025-06-27,0.236826673879351,24930463425.2996338863409326097189,1.584151133616716342,105268815446.0177539,0.1494975251121784,0.31619872155912665,0.7489804914820514,0.880229965321243,-73.09490892042965,4,433
2025-06-28,0.239022176462774,25161628069.7150790726239700562368,1.598577603424732914,105269010775.8006432,0.14952178483590778,0.31522097140793387,0.758268637378985,0.880229965321243,-72.84548517096415,4,434
2025-06-29,0.24074372073355,25342898118.960779440223789687675,1.609957683089592273,105269196811.2005585,0.14953419165126772,0.3142346383470479,0.7661272544615757,0.880229965321243,-72.6499062497049,4,435
2025-06-30,0.238637081708997,25121080081.6718633168970503802858,1.596303299657073569,105268971199.9807714,0.14949357165412255,0.31330496059327045,0.7616766783938458,0.880229965321243,-72.88923450567766,4,436
2025-07-01,0.224911978479741,23675971043.842566078771177609783,1.507564467510097743,105267719415.732163,0.14918896228113346,0.3122473975606432,0.7203005701146307,0.880229965321243,-74.44849785389223,4,437
2025-07-02,0.238728140942733,25130667728.6811712833468639674067,1.597785596284431977,105268979306.0869599,0.14941187447044396,0.3113175236653616,0.7668316840376269,0.880229965321243,-72.87888956886303,4,438
2025-07-03,0.242829386588621,25562508698.0255584999090542977762,1.624306458314953572,105269420053.0646122,0.14949727334122087,0.3103787601705097,0.782364703226536,0.880229965321243,-72.41296068579084,4,439
2025-07-04,0.237949961510611,25048733947.9024986924755404128131,1.591972640696043367,105268913635.8002321,0.14946862491718096,0.30946833560689957,0.7688992188618148,0.880229965321243,-72.96729594705738,4,440
2025-07-05,0.238048638531528,25059140463.2771658570568993431024,1.59257859817801553,105268993000.1773358,0.1494737143924116,0.30852226046090914,0.7715768650725596,0.880229965321243,-72.95608557876675,4,441
2025-07-06,0.24975977155464,26292222786.234220197317543890944,1.66970862244926272,105270046583.4717696,0.14958284828659044,0.3077877983950285,0.8114674228706338,0.880229965321243,-71.62562269014674,4,442
2025-07-07,0.248332301354567,26141970541.0721925066748970282626,1.660481840181426063,105270117493.6839278,0.14955436147825257,0.3071721284059161,0.80844672543469,0.880229965321243,-71.78779283389458,4,443
2025-07-08,0.259163415417154,27282324503.4921053292217124826736,1.731014908513659531,105270739929.0057784,0.1497176102542556,0.306595893492134,0.8452931722772832,0.880229965321243,-70.55730597372116,4,444
2025-07-09,0.288022796268495,30321061488.0634924956186880597305,1.914401288787898802,105273130741.3534839,0.150450586277476,0.3062635931041187,0.9404408579852894,0.880229965321243,-67.27868765938,4,445
2025-07-10,0.303229594280372,31922368913.7858253941147302188464,2.010478590232891915,105274582415.1642012,0.15082458264091544,0.30599753665588814,0.9909543638626449,0.880229965321243,-65.55109389286613,4,446
2025-07-11,0.360136154394428,37914454455.0826164176367160667336,2.338528718898924638,105278112159.6527662,0.15400116812078105,0.3059492969022976,1.1771105802195534,0.880229965321243,-59.08612878647058,4,447
2025-07-12,0.393006828625525,41375949240.344892758154934062785,2.517015835514669027,105280484273.1366434,0.15613999049202032,0.3059062508128801,1.2847296437427933,0.880229965321243,-55.351800766962555,4,448
2025-07-13,0.474068631763492,49911767074.8734719208716776482172,2.96644619726752266,105283842318.7930791,0.1598102915873445,0.3063640171899682,1.547403105990527,0.880229965321243,-46.14263880570357,4,449
2025-07-14,0.457859751002212,48205162262.8780240497449199725124,2.850960256121410816,105283686013.8097977,0.16059843346434696,0.3068828295267783,1.4919692695360123,0.880229965321243,-47.98407586191246,4,450
2025-07-15,0.451830333883504,47569348137.1591456335472256833248,2.800915977442743168,105281439889.8326562,0.16131520456962384,0.30739797532762336,1.469854618925012,0.880229965321243,-48.669057895727626,4,451
2025-07-16,0.454230739763392,47821913865.7119820957825074813376,2.803545184885106206,105281104248.0795853,0.16202012445253566,0.30789141248995844,1.4752952545508435,0.880229965321243,-48.39635576396005,4,452
2025-07-17,0.50515551335692,53184087955.03530420636886142088,3.076134644171869247,105282604166.012214,0.1642176210700015,0.30873065317698123,1.6362337466611627,0.880229965321243,-42.610961537470295,4,453
2025-07-18,0.457511954394891,48166562177.0168801833372778149701,2.813992864330945797,105279352188.1244911,0.16258461781979996,0.3093642421619327,1.4788779439978468,0.880229965321243,-48.0235878782063,4,454
2025-07-19,0.462081946171593,48646761149.9277047067464530309695,2.840547646264860052,105277346481.4460615,0.1626735417655118,0.31001892010990034,1.490495954272039,0.880229965321243,-47.50440630557782,4,455
2025-07-20,0.461892652859953,48626830951.0231059583402896466607,2.837192660141522513,105277342365.0167519,0.1627991850355743,0.31021414466598823,1.48894775045567,0.880229965321243,-47.52591128939996,4,456
2025-07-21,0.473044211681,49800670130.0109350714752477854,2.871502502738567905,105276988704.7984734,0.1647375237283809,0.3104075652791394,1.5239454980925058,0.880229965321243,-46.25901976554946,4,457
2025-07-22,0.472543355357174,49747580453.5821383976681725377178,2.8673874958149879,105276224688.3785047,0.1647992662473631,0.31052178274475156,1.5217720031757125,0.880229965321243,-46.315920387382214,4,458
2025-07-23,0.428111913366223,45069344361.4113387116003893993666,2.611318646716741596,105274679246.9130142,0.16394472344633082,0.3104078105981693,1.3791918204030782,0.880229965321243,-51.36362879784693,4,459
2025-07-24,0.424767661018955,44716706630.0939524334572431219345,2.592395875864970756,105273331126.0682259,0.16385138742640085,0.31032153642496446,1.3687985239840534,0.880229965321243,-51.74355818891776,4,460
2025-07-25,0.431500887147255,45425620627.114883613181731670419,2.581565285894967697,105273527772.8706738,0.1671469977942719,0.31025285546230186,1.3908039186433394,0.880229965321243,-50.97861875336438,4,461
2025-07-26,0.436465425841407,45948498362.1230440017761925174891,2.609931850991756136,105274085051.6273813,0.16723249906910526,0.3103371011062639,1.4064236093123619,0.880229965321243,-50.4146140171316,4,462
2025-07-27,0.443904681295049,46731784552.1533268047897487295218,2.652493634273248359,105274367496.6838882,0.16735372162982537,0.31042587792593024,1.4299860703010325,0.880229965321243,-49.569464937149185,4,463
2025-07-28,0.418166383977612,44013076335.6749640581009253658848,2.505617265915899723,105252545450.9785704,0.16689156387368528,0.3105551473016114,1.346512487753064,0.880229965321243,-52.49350732737202,4,464
2025-07-29,0.421015778965174,44313010131.162555322877213321147,2.52755722710267938,105252611291.8634405,0.16657022616567274,0.3105857318853123,1.3555541537904239,0.880229965321243,-52.16979703576408,4,465
2025-07-30,0.407534992215243,42894199750.6730117071069134364668,2.450255744160186572,105252801771.7263476,0.166323451413813,0.31039798239378535,1.3129434317592474,0.880229965321243,-53.70130440100257,4,466
2025-07-31,0.402295207470546,42342654484.0530634807959619834614,2.421614079360556136,105252694284.5899459,0.16612688656682023,0.31029873776528905,1.2964770993520551,0.880229965321243,-54.296578925971126,4,467
2025-08-01,0.381692588044995,40173703406.0800410208701164720355,2.295561370565173635,105251463256.9816929,0.16627418153103926,0.31011034394434955,1.2308283019204647,0.880229965321243,-56.63717402466582,4,468
2025-08-02,0.366580747700318,38582789186.2622917217979476640496,2.209622221207065956,105250451444.3403272,0.16590200088595383,0.30979512447674484,1.1833005710450935,0.880229965321243,-58.353979966299704,4,469
2025-08-03,0.399692902277665,42068747180.286222620215292575841,2.403600010534898786,105252675092.6921354,0.1662892746404661,0.3093452198641575,1.2920610263613637,0.880229965321243,-54.592218167465404,4,470
2025-08-04,0.414294003587987,43605625153.7319915169339359901755,2.484503542659876645,105252851299.0439865,0.16675122271890558,0.30900808450878353,1.3407222152345037,0.880229965321243,-52.93343558955199,4,471
2025-08-05,0.39660179662955,41743145964.78445220913713625113,2.380022960735362159,105252034457.5621486,0.16663780273237822,0.30855317862288856,1.2853596206645266,0.880229965321243,-54.94338840364191,4,472
2025-08-06,0.400388906243167,42141720553.659238609861880516617,2.402095127170076093,105251968514.995351,0.16668320155782831,0.308123725742703,1.299441986423043,0.880229965321243,-54.51314747083808,4,473
2025-08-07,0.438508424221255,46154474979.3506647563388021944525,2.613926006746810636,105253337062.6030155,0.1677585452263836,0.30815986218858216,1.4229900711498387,0.880229965321243,-50.18251576322786,4,474
2025-08-08,0.450013940670105,47365916529.7185607389021442431165,2.468044176710878407,105254331586.2328773,0.18233625836869385,0.3081695629052252,1.4602802964305166,0.880229965321243,-48.87541229002913,4,475
2025-08-09,0.447259826803862,47076051394.9803905266145902242228,2.446089905026350524,105254370220.0751694,0.1828468470781919,0.30819686331355267,1.4512147268313687,0.880229965321243,-49.18829801020998,4,476
2025-08-10,0.44374810214992,46706551217.31141580576017592704,2.426566753440396972,105254650084.185912,0.18287075825166235,0.3082748370227234,1.4394561243972392,0.880229965321243,-49.58725337327359,4,477
2025-08-11,0.43128953376108,45394872584.663537436501873928032,2.356338914730023175,105253823780.0381704,0.18303374402764758,0.30827003743636383,1.3990640717072969,0.880229965321243,-51.00262990891484,4,478
2025-08-12,0.44943799796233,47305408020.81372929538068346789,2.44899998472520125,105254580688.076733,0.18351898765436733,0.30836553651962034,1.4574845264322644,0.880229965321243,-48.940843226314605,4,479
2025-08-13,0.453312282479195,47712984222.038745038551605641544,2.466446403602510462,105254117450.9838192,0.18379166148394047,0.3085425068701921,1.4692052873930574,0.880229965321243,-48.50069864256927,4,480
2025-08-14,0.424083069435509,44635663726.4521537849164609521485,2.315682831458494438,105252170962.3212665,0.1831352133696165,0.30862560715425563,1.3741020174762946,0.880229965321243,-51.82133236276063,4,481
2025-08-15,0.429605497250919,45216900616.9883638191856600382973,2.34438695457017741,105252146227.9580667,0.18324854453461306,0.30874456061108524,1.391459322880438,0.880229965321243,-51.19394769818669,4,482
2025-08-16,0.426700264395761,44911135850.8978554677741931170267,2.329139349462989045,105252186601.0449547,0.1832008310254781,0.30891244838959003,1.381298379590132,0.880229965321243,-51.52400154429698,4,483
2025-08-17,0.425728655700707,44808746469.4784823302225968537539,2.330580093252391718,105251891949.1753377,0.18267068226202446,0.30907037507558427,1.3774489243642116,0.880229965321243,-51.63438277798963,4,484
2025-08-18,0.414922946146904,43670854259.51019843512598192126,2.274351784518094618,105250516186.3197525,0.1824356939728305,0.3089873172527817,1.3428478224802238,0.880229965321243,-52.861983516378416,4,485
2025-08-19,0.391522032245171,41207270436.7344267743788190855637,2.152464799224184965,105248918433.6130647,0.1818947433594676,0.3088750739841556,1.2675740622089013,0.880229965321243,-55.5204835474689,4,486
2025-08-20,0.404830660682804,42608232711.9090311891347666353264,2.228040880931737258,105249519984.5887116,0.18169803981043164,0.3089348277654472,1.3104079705450493,0.880229965321243,-54.00853451574332,4,487
2025-08-21,0.390697171051522,41120536741.2765038155876607265384,2.152633964914224404,105249128450.5713972,0.18149726215394454,0.30913945305236157,1.2638217710288384,0.880229965321243,-55.61419328539494,4,488
2025-08-22,0.425169170595884,44749179518.5328740990584400456068,2.336600462158711628,105250292385.5365827,0.1819605779770683,0.30941544093099294,1.3741045673629033,0.880229965321243,-51.6979440207177,4,489
2025-08-23,0.416527173012154,43839389923.9951751703834876477798,2.288159107908913743,105249771838.3332687,0.18203593079364436,0.3097921104012499,1.3445377045679388,0.880229965321243,-52.67973263553451,4,490
2025-08-24,0.408990214188693,43046022031.0594867998638752315419,2.24589319873887963,105249515850.7622383,0.18210581625980715,0.31020374092428765,1.3184567438486066,0.880229965321243,-53.53598147054326,4,491
2025-08-25,0.383716772760218,40385546556.2537911808428709286844,2.116744916448348596,105248322260.5711958,0.18127681317598252,0.3105324430002856,1.2356736998325972,0.880229965321243,-56.40721312865335,4,492
2025-08-26,0.394942335101446,41567182996.9419820785963031530088,2.178351545317674751,105248739632.4957628,0.18130330522195423,0.31087628077346907,1.2704164309956945,0.880229965321243,-55.131914310902786,4,493
2025-08-27,0.378769909802863,39864787974.3266327521062428893724,2.093078769037627779,105248033021.0890148,0.1809630461146079,0.3111065751013834,1.217492461158783,0.880229965321243,-56.96920978319232,4,494
2025-08-28,0.382108196430849,40212384043.0638144150910096177554,2.111710418402577891,105238213727.6166546,0.1809472516216964,0.3114480403049122,1.2268762264702628,0.880229965321243,-56.58995813765585,4,495
2025-08-29,0.361203589335707,38012043076.804922278109138498394,2.010331340259703142,105237168730.004142,0.17967365981025063,0.31169456031067416,1.15883828378553,0.880229965321243,-58.96486105152255,4,496
2025-08-30,0.35984864208065,37869405377.801072620559501860065,2.003322933537273029,105237038436.0480801,0.17962587861222362,0.3118991609743194,1.1537339214268632,0.880229965321243,-59.11879210459258,4,497
2025-08-31,0.3530925143344,37158300350.387592384837406716,1.968676653086767885,105236726472.1914525,0.17935526069289845,0.3120032851538122,1.131694860713827,0.880229965321243,-59.886333316823894,4,498
2025-09-01,0.354883996449487,37346876743.4041668880710582472646,1.983279606953046898,105236858007.2615258,0.17893795469147317,0.312098674128247,1.1370890870996098,0.880229965321243,-59.68280898958367,4,499
2025-09-02,0.366679072579458,38588274402.4357677563987025974958,2.058821684261372117,105237187742.8969751,0.17810142344163657,0.3121818217941805,1.1745689434191564,0.880229965321243,-58.34280960366566,4,500
2025-09-03,0.362105465404386,38106729062.1944253689128176106422,2.036437496703232696,105236547644.0358027,0.17781319878002383,0.31224727466740904,1.1596753431717972,0.880229965321243,-58.86240190968343,4,501
2025-09-04,0.35325748490231,37175399018.920075963758497313043,1.989117953861576889,105235983971.2966853,0.17759504116712288,0.31229757391527063,1.1311566736607188,0.880229965321243,-59.867591559054965,4,502
2025-09-05,0.359773456648391,37861230386.3018931399387625585782,2.025297440423547084,105236308256.3479002,0.17763981204318915,0.3124275071944817,1.1515421925523257,0.880229965321243,-59.127333671594506,4,503
2025-09-06,0.356462831715597,37512729862.6327229174325222423897,2.007339080192140689,105236020490.8043901,0.17757977973580663,0.3125940478537867,1.1403378732352882,0.880229965321243,-59.50344276390265,4,504
2025-09-07,0.361863568270367,38081078124.0590219203288077401672,2.036873994649156158,105236010096.5087416,0.17765633476640097,0.3127025134091221,1.157213494465666,0.880229965321243,-58.88988303888251,4,505
2025-09-08,0.377457460719452,39722410059.565188111042334348364,2.121086326872383396,105236786110.552357,0.1779547847427909,0.3128636400776803,1.2064599792604018,0.880229965321243,-57.11831276026855,4,506
2025-09-09,0.371633355679358,39109687586.7084129901752307276992,2.087892971924651084,105237290972.4817824,0.1779944473575103,0.3130938372085386,1.186971161721809,0.880229965321243,-57.7799699714007,4,507
2025-09-10,0.383355371104532,40343332041.952085751238219238136,2.147352188221212825,105237424809.554598,0.17852468412370184,0.3133371399128382,1.2234597252377135,0.880229965321243,-56.4482707692614,4,508
2025-09-11,0.395838251202689,41657208940.002392318648348566933,2.215007580089635272,105237957204.574997,0.1787074025212458,0.31365127592034636,1.2620329697087365,0.880229965321243,-55.03013226114991,4,509
2025-09-12,0.404386513472336,42556993877.0777552573349803874656,2.189242116451730477,105238410429.8005246,0.18471529961599484,0.3141789981248255,1.2871214049504047,0.880229965321243,-54.058992603739206,4,510
2025-09-13,0.405043991708032,42625375151.6860042050667350040448,2.19249827381281288,105236408943.9738389,0.18474084862272191,0.3147219091611808,1.286990132932226,0.880229965321243,-53.9842986871948,4,511
2025-09-14,0.389898105082088,41031475146.0256974383588567439232,2.111539035284253411,105236405643.4361264,0.1846511471333516,0.31524181934122497,1.2368222778845637,0.880229965321243,-55.70497251365518,4,512
2025-09-15,0.380413534986379,40032852993.7920102440363796703061,2.061649423133270549,105235091057.4867359,0.18451902186562394,0.3157299778731385,1.2048698623709104,0.880229965321243,-56.78248299039153,4,513
2025-09-16,0.384356706649128,40447879853.2332151841637407827344,2.082438065934388727,105235264933.6162698,0.1845705343830561,0.3162221420918902,1.2154642432895757,0.880229965321243,-56.334512367020395,4,514
2025-09-17,0.395271987801225,41596647487.3427603326059681693375,2.139885703103272312,105235505603.9563015,0.18471640201530373,0.31664312658781335,1.248320126385582,0.880229965321243,-55.09446356362463,4,515
2025-09-18,0.396499919699927,41725803375.932129396095643869633,2.145751021842674111,105235338780.170279,0.18478374968193223,0.3168724333295222,1.2512919332670334,0.880229965321243,-54.954962302922404,4,516
2025-09-19,0.387543660137222,40783216550.0156920735998220123996,2.094043748692884711,105235153467.8057018,0.18506951460738547,0.3173435374391091,1.2212117608085298,0.880229965321243,-55.9724531763939,4,517
2025-09-20,0.386669554786581,40691276175.2522338422461701074462,2.089430467111544668,105235273042.6667302,0.18505978584734523,0.3178017836107305,1.2167003922803823,0.880229965321243,-56.07175737928161,4,518
2025-09-21,0.380203606396159,40010756438.9043335300986719380808,2.055781947696630216,105235078694.1629112,0.18494354754994927,0.3182014540982679,1.1948518823510574,0.880229965321243,-56.80633227961032,4,519
2025-09-22,0.368486841930709,38773869774.980727812388525350226,1.99915748338167072,105224570765.736714,0.1843210677466969,0.31855904348234526,1.1567301241947971,0.880229965321243,-58.137434937672396,4,520
2025-09-23,0.365085837898612,38415981764.0649750265663232906932,1.981511069422069956,105224519212.2009361,0.18424617633102264,0.3189698704104703,1.1445778167975451,0.880229965321243,-58.52381169898337,4,521
2025-09-24,0.374616001381824,39419020640.095298274823835960736,2.032753277492152093,105225138527.6995015,0.18428995074306073,0.3194618398351265,1.1726471041898539,0.880229965321243,-57.4411215090699,4,522
2025-09-25,0.35074792706056,36907153913.293817857717029164032,1.906838999033451193,105224154060.1363072,0.1839420775631026,0.3199016430089665,1.0964242751661295,0.880229965321243,-60.152694082329575,4,523
2025-09-26,0.361768951772696,38066993846.6262582858988605695552,1.965658386962157809,105224601669.3666712,0.1840446713285693,0.3204897386886804,1.128800420421927,0.880229965321243,-58.900632104626524,4,524
2025-09-27,0.36137219542276,38025288238.58335009808110418246,1.963634560846692478,105224720441.2020335,0.18403230551561553,0.32101960817444253,1.1257013161214433,0.880229965321243,-58.945706274510215,4,525
2025-09-28,0.36786413650998,38708522297.052561110433193941738,1.998042473464594356,105225050379.4419631,0.1841122705825696,0.32156392966036135,1.1439844540353805,0.880229965321243,-58.20817843031204,4,526
2025-09-29,0.371852233565618,39128328750.133265179259314533526,2.018287378037303454,105225477268.051907,0.18424147007609395,0.32205921259671055,1.1546082801589015,0.880229965321243,-57.75510398241111,4,527
2025-09-30,0.364167685578796,38319584595.5533114917955713058844,1.975923098046440726,105225109511.4313589,0.18430256012435,0.3224960696831188,1.1292158876125942,0.880229965321243,-58.62811993160313,4,528
2025-10-01,0.396397344203898,41711620760.4564538609519283064612,2.14293901574343167,105226791678.5055994,0.1849783597627855,0.3231050488858642,1.2268373569857896,0.880229965321243,-54.96661556400987,4,529
2025-10-02,0.40760408773561,42887358349.527044145839869493025,2.199283526441362054,105218175283.2314025,0.18533494332818018,0.3238289340942599,1.2587018787424502,0.880229965321243,-53.693454688644515,4,530
2025-10-03,0.407169121947102,42841578770.649741686527614081348,2.193909046583569228,105218142686.702974,0.1855907028512234,0.32449988104601885,1.25475892513304,0.880229965321243,-53.742869705815544,4,531
2025-10-04,0.394156302354359,41472202365.1212339438142860919696,2.126016731214043882,105217656339.3788144,0.18539661356723158,0.3251052411533985,1.2123960258406885,0.880229965321243,-55.22121287810165,4,532
2025-10-05,0.396755025067284,41745689319.319232602761912739038,2.139504591098468748,105217796075.1467695,0.18544247426156782,0.32563600165080614,1.218400370523963,0.880229965321243,-54.925980630245085,4,533
2025-10-06,0.409147199335168,43049863012.9742789145115125020928,2.201922976748146248,105218520578.7230571,0.1858135836973765,0.3262776461336535,1.2539847708953022,0.880229965321243,-53.518146909955696,4,534
2025-10-07,0.384670880133813,40470283791.1218527012813055681015,2.0698342949639828,105207557632.2380155,0.18584622018764388,0.32681598677757195,1.177025897437559,0.880229965321243,-56.298820161907805,4,535
2025-10-08,0.388697411296325,40894014695.7611220291807407704925,2.091470502454056776,105207839073.0145849,0.18584886128694686,0.32738973724621556,1.1872620521516306,0.880229965321243,-55.84137934290063,4,536
2025-10-09,0.379894050435029,39966593750.3507816400885754406044,2.045895845248723123,105204579288.8405036,0.18568591911326973,0.3278778072319791,1.1586452088422303,0.880229965321243,-56.84149990322298,4,537
2025-10-10,0.322058225706373,33881041500.1783190711083434961742,1.759076480333963577,105201602678.7291254,0.1830836972166382,0.328041480728437,0.9817606754829366,0.880229965321243,-63.412035673105414,4,538
2025-10-11,0.323479212376795,34030873892.8403821583725803551,1.766672700787391996,105202660915.34978,0.18310081557983143,0.32819208530087124,0.9856398946374477,0.880229965321243,-63.25060210160647,4,539
2025-10-12,0.341543706133838,35931356950.8126248096599401830752,1.86264653965434881,105202808031.6388304,0.18336474412220916,0.32847358190662107,1.039790488328929,0.880229965321243,-61.19835502200945,4,540
2025-10-13,0.351914602430452,37022516436.8394746480321799202156,1.918866873493956957,105203126500.4302903,0.18339709090379494,0.32879886823070953,1.0703035698514713,0.880229965321243,-60.02015197221564,4,541
2025-10-14,0.337742301728354,35531395866.148832849658251193083,1.841485356464058674,105202681702.3551895,0.18340754138652085,0.32911709967894254,1.026207091815726,0.880229965321243,-61.63021993859369,4,542
2025-10-15,0.324429928677479,34125929312.7517731412901669139661,1.771150490051176092,105187364963.1039659,0.18317468250148797,0.3294046320407429,0.9848978949310931,0.880229965321243,-63.142594383380576,4,543
2025-10-16,0.311398044532665,32754922947.7697548295313205443945,1.703075728166721592,105186668711.8320433,0.18284450854564752,0.32962952125543404,0.9446910074882485,0.880229965321243,-64.62310341604659,4,544
2025-10-17,0.308765436454703,32477860406.0565807172114575217227,1.690578859181610303,105186191754.4038309,0.1826388841773242,0.3298544526975354,0.93606569179113,0.880229965321243,-64.92218526757175,4,545
2025-10-18,0.31437573420939,33067994957.044198311638296569975,1.720898398334355033,105186219414.1843525,0.18268117078479004,0.3300650587087358,0.9524659636475161,0.880229965321243,-64.28481799132372,4,546
2025-10-19,0.317965376674755,33445692575.040987936428115994047,1.740290454644967278,105186586429.0387794,0.1827082231164811,0.3303659327640574,0.9624641802937995,0.880229965321243,-63.87701064474527,4,547
2025-10-20,0.325295628395749,34216879387.9181071447898109955483,1.798500084703391734,105187024973.7584767,0.1808705104672801,0.33068796024751373,0.9836935948689252,0.880229965321243,-63.04424511644168,4,548
2025-10-21,0.3162019448882,33258613289.368697711313329035,1.74951062038320472,105181558263.748175,0.1807373680412072,0.3309718754736009,0.9553740614235998,0.880229965321243,-64.07734826741543,4,549
2025-10-22,0.307588586316632,32352448113.3982234813268944078944,1.709189597286354121,105180912272.5203492,0.17996165364274636,0.3312518092797891,0.9285642453859922,0.880229965321243,-65.05588329927208,4,550
2025-10-23,0.311309509904332,32744035700.4766421567431668220924,1.729912715820857466,105181610772.3119557,0.17995677299626828,0.3316794844861805,0.9385853646830025,0.880229965321243,-64.63316154083455,4,551
2025-10-24,0.319363868965047,33591434522.7276354884848831086231,1.771150563118810624,105182325826.6077473,0.18031435362710252,0.33211256021151186,0.9616133420598557,0.880229965321243,-63.71813258498942,4,552
2025-10-25,0.324789518647669,34162241654.0768328503540054047037,1.797715055118328462,105182709701.7128873,0.18066796388167913,0.33263205454360706,0.9764227897197143,0.880229965321243,-63.101742562338714,4,553
2025-10-26,0.331331862932015,34850527281.271198354639490015153,1.833283199612086635,105183144696.2952502,0.1807314129110675,0.3330787573727488,0.9947553111627024,0.880229965321243,-62.35848857848252,4,554
2025-10-27,0.322823470376779,33955266049.9764418476648060830866,1.7855562623384845,105182148033.8651254,0.18079714270889882,0.33354293714706307,0.9678618085516296,0.880229965321243,-63.32509877018746,4,555
2025-10-28,0.318329904642654,33482601693.310129644306403654746,1.762091001482275862,105182080618.208099,0.18065463382701233,0.3339654160410985,0.953182243886833,0.880229965321243,-63.83559783420025,4,556
2025-10-29,0.31665883549287,33306733278.312316808428473947046,1.753141713255363758,105181758868.2513258,0.18062363875015808,0.33431801741131445,0.9471784917391449,0.880229965321243,-64.02544244477019,4,557
2025-10-30,0.29800508948626,31343982556.5063070656434714556,1.658553614934513573,105179353179.97806,0.1796776943493783,0.33461972765881404,0.8905783635987918,0.880229965321243,-66.14463251344756,4,558
2025-10-31,0.305004620814533,32080306860.6956015034751555743857,1.699371423402950804,105179740474.1712829,0.17948084604351444,0.3349429560039894,0.9106166150002576,0.880229965321243,-65.34943902946765,4,559
2025-11-01,0.304876011560742,32066876664.2451376059572460271212,1.698753374496251135,105180058280.3684786,0.17947043763851242,0.33528824126570733,0.9092952690790477,0.880229965321243,-65.36404989922418,4,560
2025-11-02,0.304054270472412,31980443613.44220250587032211504,1.694379271193684034,105180050797.35892,0.17944876666143755,0.3356297272213429,0.9059217518950361,0.880229965321243,-65.45740517235785,4,561
2025-11-03,0.277511444654513,29188188474.5182316410471140162211,1.553242759868633532,105178323405.2057747,0.17866585431757215,0.33581780024883423,0.8263750297002798,0.880229965321243,-68.47284737083062,4,562
2025-11-04,0.27008732284367,28407329796.25916041104932491788,1.525229693798928892,105178316024.486964,0.17707976965158376,0.33596856609068715,0.803906526096748,0.880229965321243,-69.31627716796704,4,563
2025-11-05,0.280535042784608,29500804668.8840162748462927356608,1.584587770504212188,105159071665.5474626,0.17703976264775942,0.33613883412400725,0.834580876427726,0.880229965321243,-68.1293464393449,4,564
2025-11-06,0.268642614380785,28249989325.3296648388277460704125,1.523101718551109303,105158257897.5611725,0.17637864307338474,0.3362647778242882,0.7989020322585243,0.880229965321243,-69.48040569344364,4,565
2025-11-07,0.291721999242363,30677435899.0601297596185688828116,1.65145244004950384,105159830176.4457532,0.1766457163208517,0.3364749473096802,0.8669947096354602,0.880229965321243,-66.85843350766886,4,566
2025-11-08,0.283034133342369,29763656612.7295557266083613761767,1.609861479141557755,105159247972.1387143,0.1758127248894073,0.3365602963131499,0.8409611485456445,0.880229965321243,-67.84543306940536,4,567
2025-11-09,0.285027321464551,29973225446.8502622616858427606964,1.62108778878478083,105159131036.4190764,0.1758247291950898,0.3366516786753303,0.8466534983163823,0.880229965321243,-67.61899359327886,4,568
2025-11-10,0.30085100078096,31637614819.74235835933611449792,1.708458334244612985,105160410760.197852,0.17609501780093453,0.3367540498946709,0.8933849522375735,0.880229965321243,-65.82131799260397,4,569
2025-11-11,0.281882282610927,29642504611.2243257279155822469142,1.603069133167365994,105159161961.7289546,0.17583913056449418,0.3367439360667095,0.8370819855092675,0.880229965321243,-67.97629100163012,4,570
2025-11-12,0.277645078952873,29196901317.8996029662304952601126,1.580484315290105871,105159080895.7051062,0.17567088535257616,0.3366785427660827,0.8246592630222207,0.880229965321243,-68.45766562246658,4,571
2025-11-13,0.269279178244803,28316932151.2407614356296308371764,1.534080557781336874,105158268588.8089788,0.1755313154051361,0.3366018675383878,0.7999931201038065,0.880229965321243,-69.40808778913488,4,572
2025-11-14,0.259488649475313,27287171209.1994331769098950392073,1.486382975832636021,105157475151.1258521,0.1745772480540916,0.33648504142630115,0.7711743986460322,0.880229965321243,-70.52035721362749,4,573
2025-11-15,0.259581097734888,27296881886.3499660111133031001336,1.48700440277143567,105157432973.9080747,0.17456646211072963,0.3363959739083947,0.7716534021467676,0.880229965321243,-70.50985447420516,4,574
2025-11-16,0.25447316523367,26759674993.158038403268024043695,1.458319083295572874,105157158589.1422585,0.17449758982691257,0.33631045020697653,0.7566614866622753,0.880229965321243,-71.0901497041402,4,575
2025-11-17,0.24630871420236,25900992752.715100340556305137848,1.41513342630778931,105156623615.9862618,0.1740533504639217,0.33617211028885663,0.7326863432862372,0.880229965321243,-72.01768584275942,4,576
2025-11-18,0.255872471319374,26901731729.7854844791818022566744,1.470496130663116028,105137264634.4880756,0.1740041785788236,0.33608139975779183,0.7613407689440027,0.880229965321243,-70.93117919179309,4,577
2025-11-19,0.245661469107078,25820219262.144114945100395591549,1.429235194975279873,105104880126.2752955,0.17188316518564808,0.33596036686682396,0.7312215765154799,0.880229965321243,-72.0912172062419,4,578
2025-11-20,0.237928186201217,25007346512.5781428471547801803843,1.404450400641477396,105104598626.3658179,0.16941017361136018,0.3358221138657842,0.7084946951894543,0.880229965321243,-72.96976976756474,4,579
2025-11-21,0.230741064108369,24236480768.3625014676490882412286,1.371651878577599238,105037570412.6062494,0.16822130141916702,0.3356807549062271,0.6873824630572785,0.880229965321243,-73.7862748146549,4,580
2025-11-22,0.230404627088777,24201150762.2072742589779858312912,1.369887333575411085,105037607395.2818256,0.16819239176948955,0.3355203767045968,0.6867082987678952,0.880229965321243,-73.82449630595228,4,581
2025-11-23,0.24730714302492,25976912900.925614900330328707448,1.469107661987629495,105039072398.7622194,0.16833833858733385,0.33545393609769547,0.7372313048456699,0.880229965321243,-71.90425766354541,4,582
2025-11-24,0.255434647923843,26830950694.4912868234263814419658,1.521156474413088473,105040372997.8356206,0.1679213494603821,0.3352816266829407,0.7618510159681221,0.880229965321243,-70.98091885219775,4,583
2025-11-25,0.252677500331321,26541357107.7943944754483590468172,1.509136461536933535,105040445124.6837932,0.16743184382013365,0.33506918175743977,0.754105462657073,0.880229965321243,-71.29414922393542,4,584
2025-11-26,0.258643954532332,27168065123.392257136335021049136,1.547122318207377352,105040402635.802148,0.16717744388305256,0.3347666751643773,0.7726096225239043,0.880229965321243,-70.61632019787703,4,585
2025-11-27,0.25559574168523,26847656406.089108744856136239756,1.529218110784795628,105039529332.8180772,0.16714145607002923,0.3345132619464703,0.7640825365128009,0.880229965321243,-70.96261752552931,4,586
2025-11-28,0.253640077217088,26642252879.0804325986687820768192,1.519662988800907578,105039602461.0795059,0.1669054777844021,0.3342155164156594,0.7589117343721384,0.880229965321243,-71.18479406406925,4,587
2025-11-29,0.254252583809076,26706710511.204364997137150421574,1.523348055767799708,105040075153.2147115,0.1669038030057598,0.33391296381787455,0.7614337008722801,0.880229965321243,-71.11520922645644,4,588
2025-11-30,0.249204338303155,26176304444.193019519191953422401,1.493739912509975442,105039521472.3339342,0.1668324828278904,0.3336411153553901,0.7469233461760426,0.880229965321243,-71.68872361528761,4,589
2025-12-01,0.234408054620756,24621921072.4696727725944378729248,1.408697959911275501,105038715978.8727208,0.16640050691598915,0.33335579280171473,0.7031767849319649,0.880229965321243,-73.369680213601,4,590
2025-12-02,0.255575642773809,26845630048.985152171942158490629,1.534053673678389583,105039861223.176981,0.16660149977737337,0.333164159578091,0.7671162561347004,0.880229965321243,-70.9649008960362,4,591
2025-12-03,0.259083316721627,27214149914.9506604087596734944344,1.597883981902239709,105040147931.2193672,0.1621415069279279,0.33302949138748905,0.777959079966814,0.880229965321243,-70.56640572022862,4,592
2025-12-04,0.252088714910839,26479390195.7667566961513179884211,1.555749839554965718,105039966605.1382949,0.16203679312796904,0.33283165613040416,0.7574060648007295,0.880229965321243,-71.36103917811542,4,593
2025-12-05,0.239864687219751,25190314986.5892913458855615237264,1.486242800615161011,105018855749.7473264,0.16138997418219295,0.3325987735051264,0.7211833185429769,0.880229965321243,-72.7497703248251,4,594
2025-12-06,0.239312585902905,25132306309.406137902394754168517,1.502160881042354521,105018740299.7806914,0.15931222076349452,0.33235668474185576,0.7200474577148376,0.880229965321243,-72.81249271994882,4,595
2025-12-07,0.236416409425188,24828080283.2852300802443502152376,1.485590723452240811,105018430588.8541502,0.15913966457450646,0.33206940468346774,0.7119487856779301,0.880229965321243,-73.14151770112632,4,596
2025-12-08,0.240720065691473,25278886210.8921565151865225140552,1.512928945581312629,105013622932.8372424,0.1591086391694232,0.3317544378851448,0.725597123058868,0.880229965321243,-72.65259362039312,4,597
2025-12-09,0.253874302565411,26660547532.0913226016679890358321,1.592839984388522071,105014754398.8710811,0.15938468713344814,0.33159311032435146,0.7656199560873899,0.880229965321243,-71.15818450093792,4,598
2025-12-10,0.250612635200614,26317967842.3498821393992422048262,1.569529185085051132,105014528981.2802033,0.15967376559935303,0.3314162832095524,0.7561868498843589,0.880229965321243,-71.52873168670733,4,599
2025-12-11,0.246260106775377,25860795223.9754761268415954765444,1.542927720135614785,105014147693.6987972,0.15960573107969833,0.33121057205022647,0.7435152363978069,0.880229965321243,-72.0232079709416,4,600
2025-12-12,0.238497035797749,25045399287.2244780344465021107107,1.496292335768672305,105013461502.5721143,0.1593920052228489,0.3309762698701554,0.7205865118103884,0.880229965321243,-72.90514465606624,4,601
2025-12-13,0.23786757545812,24979303809.931978099112679814932,1.492518511632908913,105013488121.7971761,0.15937328321501212,0.33073029752419175,0.7192191862637587,0.880229965321243,-72.97665555258513,4,602
2025-12-14,0.229117550062221,24060162470.6920759407866274597054,1.439827550529169682,105012306844.9278774,0.1591284664458706,0.3304508430456049,0.6933483599271706,0.880229965321243,-73.97071684799963,4,603
2025-12-15,0.220327538207083,23136884201.045177331433395928874,1.387860717699046449,105011313562.170878,0.1587533499560151,0.33015692843692146,0.6673418584616435,0.880229965321243,-74.96932087211168,4,604
2025-12-16,0.219108858311792,23008883015.003600138950920628384,1.381287877658466031,105011194856.676902,0.15862649767347656,0.32992545855165106,0.6641162499967843,0.880229965321243,-75.10777104346505,4,605
2025-12-17,0.210001843334381,22052374714.7900391645578326800441,1.328589931599529803,105010386407.3067261,0.1580637022301933,0.3296532712140422,0.6370385543604324,0.880229965321243,-76.14238873840881,4,606
2025-12-18,0.20688766653236,21725734125.8834242027995358795,1.309970426742645341,105012224701.5881375,0.1579330817771238,0.32935083524859676,0.6281680335688217,0.880229965321243,-76.4961800116796,4,607
2025-12-19,0.219035509303889,23001573777.963597333123926641398,1.385659140119136107,105012990136.002582,0.1580731530303021,0.32908697175877216,0.6655854777029786,0.880229965321243,-75.11610398040116,4,608
2025-12-20,0.218295410761053,22923799144.8712080509176499244186,1.380880863325758745,105012739685.8731362,0.15808417406502628,0.3288124904351377,0.6638902630254991,0.880229965321243,-75.2001841153652,4,609
2025-12-21,0.216389280307411,22723594383.3780413273355299341469,1.368963045252206136,105012569712.7696079,0.15806802167369335,0.3285607573234076,0.6585974602390375,0.880229965321243,-75.41673325919562,4,610
2025-12-22,0.220289005586125,23121732400.95295667036826460525,1.393764814494875876,104960900519.899978,0.15805321191578617,0.328374402202282,0.670847070017427,0.880229965321243,-74.97369843507546,4,611
2025-12-23,0.217012211281828,22777703050.4643840350857588296832,1.374720042422709772,104960467044.3341344,0.15785920375422835,0.32814343572491694,0.6613333916078992,0.880229965321243,-75.34596414215135,4,612
2025-12-24,0.212409466310594,22294509536.7119882949587541490988,1.347468207376333806,104960056272.2191702,0.15763597623143788,0.32788060119995094,0.6478256582830304,0.880229965321243,-75.86886669632129,4,613
2025-12-25,0.209553204916721,21994624234.6023961851000793982177,1.329797136583265834,104959617503.0743537,0.15758283662359182,0.3275896133456165,0.6396820789786041,0.880229965321243,-76.19335705752259,4,614
2025-12-26,0.213481248697561,22406999728.1169845705092183923088,1.361516977650987764,104960036840.8046608,0.15679661157503758,0.32728316416672043,0.6522830138271705,0.880229965321243,-75.7471050625219,4,615
2025-12-27,0.219743652466199,23064396116.1075637085308747076569,1.400840535655077428,104960465784.8095631,0.1568655723996735,0.32697971647947116,0.6720406232904518,0.880229965321243,-75.03565418998173,4,616
2025-12-28,0.219672647306521,23056934550.9303902371312219863914,1.402065162722591393,104960425586.1578234,0.1566779156540421,0.3266927769287378,0.6724135420797462,0.880229965321243,-75.04372085011322,4,617
2025-12-29,0.215979332085446,22669244993.227600309904245399516,1.379911630279366313,104960251401.551546,0.15651678509421685,0.32643196628041915,0.6616365870856852,0.880229965321243,-75.46330611380361,4,618
2025-12-30,0.210409826016502,22084545523.7645146699264029577196,1.345319221052742285,104959668195.4980098,0.15640141218814343,0.3261794372754378,0.6450738519081577,0.880229965321243,-76.09603918224799,4,619
2025-12-31,0.200741216692865,21069490686.2610341410706102215385,1.285914918822343193,104958468586.4361049,0.15610769713808617,0.32590014740069323,0.6159592694079217,0.880229965321243,-77.19445774382338,4,620
2026-01-01,0.208525748567008,21886593800.5512907584666080960768,1.335295316321094983,104958711099.0191096,0.15616451733053513,0.325649481461585,0.6403380334926361,0.880229965321243,-76.31008295759327,4,621
2026-01-02,0.219211557902331,23008408758.5240036381113899520044,1.40439225912213753,104959834137.8301124,0.15608997876373695,0.32542858505266603,0.6736087976624877,0.880229965321243,-75.09610368441287,4,622
2026-01-03,0.221779867004152,23277986802.9961665086632444594112,1.419350131510669032,104959873578.4270856,0.15625451541551846,0.32527516761614367,0.6818223125654456,0.880229965321243,-74.80432662580255,4,623
2026-01-04,0.232719686133276,24426450089.1101265725101847694696,1.488060611409091997,104960824307.4089046,0.15639126817079468,0.32517979823349136,0.7156646489034798,0.880229965321243,-73.56149014441424,4,624
2026-01-05,0.252331358686917,26481040330.1481719026502600714031,1.609461991734858988,104945498918.3679843,0.15677994260363112,0.32519324300232083,0.7759428097499435,0.880229965321243,-71.33347322539424,4,625
2026-01-06,0.243571301365502,25561517612.8765863386124186999818,1.566098990677230596,104944701898.6817659,0.1555273982139367,0.3252020764303829,0.7489844592601921,0.880229965321243,-72.32867421451509,4,626
2026-01-07,0.233934824825441,24550181594.5576734841912321537403,1.505015037651403333,104944535782.0353883,0.155436868717604,0.32519442583072483,0.7193691104263034,0.880229965321243,-73.42344227737513,4,627
2026-01-08,0.230487482741047,24188193839.8116694920253210599148,1.483371639990479575,104943633173.2909684,0.15538080716072358,0.3252038905006027,0.708747617952067,0.880229965321243,-73.81508335075483,4,628
2026-01-09,0.22806506769758,23934006171.195252420748120506194,1.468798735608946432,104943761939.6072743,0.1552731917372103,0.32511490028508055,0.7014906652927893,0.880229965321243,-74.09028587042627,4,629
2026-01-10,0.22609766450314,23727505746.894709524807057628216,1.456466417457756153,104943612748.2209644,0.15523712856887606,0.3250036968496987,0.6956772082740376,0.880229965321243,-74.31379600663506,4,630
2026-01-11,0.223613002889133,23466623228.4311882223750057803898,1.440854276954034993,104943017289.8572706,0.15519473861149286,0.32491538338224685,0.68821919282924,0.880229965321243,-74.59607015224428,4,631
2026-01-12,0.219191110336024,23002411940.9556928152462126807768,1.416461791822463131,104942266616.9835657,0.154745515623126,0.32483982727345206,0.6747667371202843,0.880229965321243,-75.09842666444223,4,632
2026-01-13,0.237993251047536,24975944606.15921396392391935092,1.534440226489763951,104943919612.1179075,0.15510102442502907,0.32484566015929306,0.7326348485949676,0.880229965321243,-72.96237796668515,4,633
2026-01-14,0.236303756824388,24798622147.861054919673910002384,1.521911778000638788,104943833653.438068,0.15526771015257154,0.3248320680611011,0.7274643733140878,0.880229965321243,-73.15431578858508,4,634
2026-01-15,0.228004859642363,23927376404.9015135952715737405715,1.469583284828715689,104942396589.4095305,0.15514932838184647,0.3247683737556452,0.7020537652903148,0.880229965321243,-74.09712590741535,4,635
2026-01-16,0.226264710551137,23744779943.7753167114874243577172,1.459133219783779171,104942480362.6585556,0.1550678906376115,0.3247065118998559,0.6968283734972345,0.880229965321243,-74.29481846047346,4,636
2026-01-17,0.230152674225781,24152942845.6793497190125590641843,1.483846307313588527,104943133626.0954503,0.15510546684747836,0.32473271537858606,0.7087449564712321,0.880229965321243,-73.85311983308975,4,637
2026-01-18,0.220111668588511,23098950805.7507948932729635422102,1.420230368803433875,104941964021.6042282,0.15498307417124058,0.32463963301681503,0.6780184740324361,0.880229965321243,-74.99384510181035,4,638
2026-01-19,0.21584904680378,22651546714.573761853621040470416,1.394009643410493832,104941611047.1194472,0.15484042583500188,0.3245047313178908,0.6651645599346603,0.880229965321243,-75.478107391515,4,639
2026-01-20,0.206990720004382,21721800757.1987608732938817559774,1.338435293021217382,104940940138.4705057,0.1546512715882939,0.3243499351103597,0.6381709924928878,0.880229965321243,-76.48447244932862,4,640
2026-01-21,0.212901588509045,22342182080.249832124567604578455,1.376294806603270191,104941359229.457499,0.15469184907737277,0.3242241998602473,0.656649283430458,0.880229965321243,-75.81295832943545,4,641
2026-01-22,0.211283551133252,22172343770.939422760004282104296,1.367914126612626063,104941173375.847898,0.1544567360061225,0.32403181875814036,0.6520456908923365,0.880229965321243,-75.99677817646854,4,642
2026-01-23,0.211919312216499,22239066214.3177237936344953195361,1.37210856502378865,104941196636.1898139,0.15444791878609462,0.32384975381245,0.6543754000789733,0.880229965321243,-75.9245514734143,4,643
2026-01-24,0.211731323341511,22219366066.450031716380731186466,1.370962047312878769,104941327130.003406,0.15443995970312227,0.3236125933520718,0.6542740538875123,0.880229965321243,-75.94590826452506,4,644
2026-01-25,0.202919535572443,21294427032.77452884111396096786,1.314722949990492699,104940251182.33302,0.15434395176102342,0.32318707704859156,0.6278702026873859,0.880229965321243,-76.94698617782379,4,645
2026-01-26,0.207083189646923,21731393228.9046576923668686141627,1.34274832709857867,104940402289.3248849,0.15422338309248912,0.32270634502542433,0.6417078338841091,0.880229965321243,-76.47396728065861,4,646
2026-01-27,0.208566872229751,21887127243.5839587905396300242613,1.352900647757611651,104940573781.4093363,0.154162741052304,0.321948498614601,0.6478268205233124,0.880229965321243,-76.30541103498632,4,647
2026-01-28,0.210309296987175,22070006511.7454157358342328904375,1.364402051581277848,104940707937.8487025,0.1541402673379422,0.32103501095640924,0.6550976990348607,0.880229965321243,-76.107459951057,4,648
2026-01-29,0.19857429775515,20838440449.86552089339538541755,1.290138582669780679,104940270142.917217,0.15391702908708094,0.3196575392863675,0.6212094925039632,0.880229965321243,-77.44063420032745,4,649
2026-01-30,0.191268451147238,20071580634.7430653042837167410388,1.245629313962498771,104939317040.2786926,0.1535516618012061,0.31832458278709264,0.6008598188446084,0.880229965321243,-78.2706271448696,4,650
2026-01-31,0.180290740712579,18913951159.3054183522468225684041,1.175760762308198174,104908056201.6115779,0.15333964739445866,0.316966884821238,0.5687999262580973,0.880229965321243,-79.51776833150855,4,651
2026-02-01,0.175369466611298,18397560305.148304902577525047692,1.144742041963566332,104907431496.761254,0.1531956197839019,0.31557257845547754,0.5557183310084085,0.880229965321243,-80.07685792118014,4,652
2026-02-02,0.178690669064858,18743583915.182189070167177554121,1.177000120389430567,104894027277.8259745,0.15181873473873153,0.3139402542340173,0.5691868648728889,0.880229965321243,-79.69954715190318,4,653
2026-02-03,0.17561587273992,18421016224.822633605007247635152,1.166472098967734035,104893799959.0926106,0.15055299899185823,0.3125307738257424,0.561915457444962,0.880229965321243,-80.04886454009454,4,654
2026-02-04,0.1711352348257,17950694603.6294216222728457072,1.138654843105566683,104891868830.589296,0.15029597060242228,0.3110760402690129,0.55013955648177,0.880229965321243,-80.55789491746698,4,655
2026-02-05,0.147959179885633,15501517310.8826274802289954702134,0.991729110874437497,104768878300.5199798,0.14919313980324014,0.30950637290414135,0.47804889604472905,0.880229965321243,-83.19084946947531,4,656
2026-02-06,0.163963285168255,17178539357.1979214316658384168385,1.30611046048118478,104770646303.9560127,0.12553554245928725,0.3079609682715776,0.5324157996011456,0.880229965321243,-81.3726762746124,4,657
2026-02-07,0.161533283714506,16923917746.3381988221766397284482,1.287112954463433439,104770468086.6237997,0.12550047232012002,0.30640591791336425,0.5271872188845232,0.880229965321243,-81.64874066113462,4,658
2026-02-08,0.161593239769323,16930189943.8227818855048916772074,1.287742786779475236,104770409752.2328638,0.12548564933021497,0.3050733245453798,0.5296865598135438,0.880229965321243,-81.6419292530732,4,659
2026-02-09,0.159757776702278,16737897371.832453558696975811667,1.273451988574382301,104770470128.8183765,0.12545253227891642,0.3037482751237964,0.5259545149257777,0.880229965321243,-81.85045011004894,4,660
2026-02-10,0.158139765753744,16568314748.1520825362320674702848,1.261045332198143875,104770072658.0836192,0.12540371207598747,0.30238146951682887,0.5229810080837074,0.880229965321243,-82.03426695476898,4,661
2026-02-11,0.1542916517597,16165053396.71136670321787863642,1.232735663326418768,104769462328.9629986,0.12516199242857856,0.30097060064642034,0.5126469210890187,0.880229965321243,-82.4714383924216,4,662
2026-02-12,0.15622592431031,16367812798.541647512592290483801,1.249798854447126963,104770145357.1202671,0.1250008541409806,0.2995322068614966,0.5215663649236514,0.880229965321243,-82.25169211851419,4,663
2026-02-13,0.164561848691163,17233176519.5517271668080979684,1.315166322805575944,104721578279.6268,0.12512626413677608,0.2982641841850644,0.5517318451787596,0.880229965321243,-81.30467546272348,4,664
2026-02-14,0.174506121293135,18275064570.7208867622486571582215,1.392910616621752973,104724490094.0894409,0.1252816363165982,0.29703163589670417,0.5875001185187605,0.880229965321243,-80.17493971255018,4,665
2026-02-15,0.169845386554168,17786833779.2630119091249875032184,1.355530183926707442,104723679224.5183513,0.12529812214299715,0.2958431878683988,0.5741061262148144,0.880229965321243,-80.70443029144295,4,666
2026-02-16,0.169776094917989,17779839451.7634602902581985084253,1.354307825222509227,104725223302.7981977,0.1253600486950559,0.29468059230563604,0.5761359904621784,0.880229965321243,-80.71230228386639,4,667
2026-02-17,0.165684732587368,17351298805.9280934543152368520736,1.321789910300357465,104724789876.3303252,0.12534876480462662,0.2936005530283479,0.564320233318398,0.880229965321243,-81.1771083563486,4,668
2026-02-18,0.16116372802003,16877694588.363009933212810080791,1.286421975459619262,104723902801.9095597,0.1252806086140192,0.2925734679299465,0.5508487463347801,0.880229965321243,-81.69072465498118,4,669
2026-02-19,0.158617410785521,16610945049.5804033559392865608147,1.268915100000632187,104723340062.8469507,0.1250023825750375,0.29136809047248574,0.544388407557963,0.880229965321243,-81.98000329065904,4,670
2026-02-20,0.162488218570574,17016367682.9852451663100480829402,1.299700923455083614,104723701402.3541323,0.12501969925405645,0.2901090615473987,0.5600935651712703,0.880229965321243,-81.54025368685633,4,671
2026-02-21,0.161141413097808,16875312166.7767295072637617723472,1.289037510412141241,104723620342.9215409,0.1250090953879896,0.28893175962974,0.55771443507736,0.880229965321243,-81.69325977910796,4,672
2026-02-22,0.154787857917302,16224817374.5068477550175008645958,1.238797822017619453,104819703514.3107129,0.12495005655176268,0.28770375438811063,0.5380112548287921,0.880229965321243,-82.4150660605139,4,673
2026-02-23,0.151491423582373,15879210249.0500771462085306277376,1.213459406202652293,104819202787.5149312,0.12484259696535192,0.28626866938491624,0.5291931663631619,0.880229965321243,-82.78956300617581,4,674
2026-02-24,0.149902489013859,15712667094.3458958564130466680986,1.206171352728286653,104819254154.5671454,0.1242795964891627,0.284768112126635,0.526401948218128,0.880229965321243,-82.9700765800274,4,675
2026-02-25,0.162985923340598,17084466155.1939876777901332237576,1.308608237333003003,104821728189.9364812,0.12454905806857058,0.2833467426093187,0.575217212097351,0.880229965321243,-81.48371110257355,4,676
2026-02-26,0.162190713069404,17001113815.7000589902603239057172,1.302001368263258852,104821746535.0498243,0.12457030923535078,0.28193895566391614,0.5752689006294773,0.880229965321243,-81.57405229777517,4,677
2026-02-27,0.158697283614514,16634861932.508217762859932096865,1.275084619083525217,104821340060.9639725,0.12446019757385092,0.2805759944131833,0.5656124785244897,0.880229965321243,-81.97092920409762,4,678
2026-02-28,0.159535454473486,16722817849.2433959471287661649978,1.281818146083576351,104821952615.0699323,0.12446028710150908,0.2791264816957391,0.5715525574796128,0.880229965321243,-81.87570739934273,4,679
2026-03-01,0.154200299157403,16163499435.3909490269551906908836,1.239726193596193558,104821453160.0340012,0.12438254507642472,0.2776309217791301,0.5554147145038743,0.880229965321243,-82.48181665786315,4,680
2026-03-02,0.155617187237887,16311948458.5909754916539845917626,1.251508989080659423,104820995341.9568198,0.12434364323040231,0.276288592368142,0.5632414494715517,0.880229965321243,-82.32084871354112,4,681
2026-03-03,0.151509131027805,15874211627.9049047465568378226815,1.219370931382365792,104773959960.1535883,0.12425188031671663,0.27489811053702645,0.5511464983583363,0.880229965321243,-82.78755132216939,4,682
2026-03-04,0.159848047253381,16749269704.750528431101679284369,1.286243784992310753,104782448034.542749,0.12427507842483887,0.27356384945131457,0.5843171441474716,0.880229965321243,-81.84019477284622,4,683
2026-03-05,0.157056988893655,16456713934.044763872609142233376,1.270370352556545523,104781799587.3318592,0.1236308676265839,0.2722204911172793,0.576947709737218,0.880229965321243,-82.15727763410821,4,684
2026-03-06,0.152246627207887,15959266111.8880597325897618127824,1.247305751288764295,104825088112.4367152,0.12206039060637694,0.27090710952258423,0.5619883046856506,0.880229965321243,-82.70376683298619,4,685
2026-03-07,0.150229307609436,15747721160.7287334075292853412528,1.231523028898819138,104824560608.8356148,0.12198660039980358,0.26970064589940557,0.5570224242824742,0.880229965321243,-82.93294780590556,4,686
2026-03-08,0.148710391066483,15588463783.0371312912860897769259,1.219314654547027823,104824307644.1652073,0.12196227652305917,0.26842004455132396,0.5540211846513141,0.880229965321243,-83.10550686465092,4,687
2026-03-09,0.150761260371106,15803394415.0227292201702275717474,1.241342189114809414,104823973851.9160929,0.121450202605788,0.26722036499792184,0.5641832738768935,0.880229965321243,-82.8725144211507,4,688
2026-03-10,0.158877954136903,16654510471.0740241367758330715177,1.304616840006525076,104825811495.0489359,0.12178131483885213,0.26588890891562694,0.5975350938286744,0.880229965321243,-81.95040382669546,4,689
2026-03-11,0.159474480535612,16717059226.3529472500801170331156,1.311259960244918489,104825920549.8392363,0.12161927106035116,0.2646036454532442,0.6026919253604589,0.880229965321243,-81.88263444571429,4,690
2026-03-12,0.160403251958471,16814434154.8219078168234646708617,1.318138303933852557,104826017861.3786927,0.12168924268399109,0.26336071064209315,0.6090629523568487,0.880229965321243,-81.77711981210146,4,691
2026-03-13,0.163864220552671,17177721222.6184197550249609847174,1.34437854312579045,104828992959.4299194,0.12188845276544896,0.2622614478810554,0.6248124605298033,0.880229965321243,-81.38393067624456,4,692
2026-03-14,0.166174763462724,17419993834.3781900834970560414424,1.362791857734126944,104829358389.8243926,0.12193700932365255,0.2611176100228618,0.6363981481301655,0.880229965321243,-81.12143757772688,4,693
2026-03-15,0.168927461353756,17708619985.4376145919414280788056,1.384896452305548406,104829728947.1098426,0.1219784057302832,0.26006839778061625,0.6495501291020247,0.880229965321243,-80.80871272178227,4,694
2026-03-16,0.176092796077565,18459994021.801235424349641935135,1.441839072998445761,104831057448.085579,0.12213068668708134,0.2590383207788498,0.6797943854334265,0.880229965321243,-79.99468286525564,4,695
2026-03-17,0.174143069284652,18255560155.360320815135645420668,1.427163064777712842,104830816582.886909,0.12202044292098856,0.25810301817859455,0.6747037307566609,0.880229965321243,-80.21618484425284,4,696
2026-03-18,0.169760284057869,17795935907.4311600503827028759608,1.391500997231007953,104829795768.7486232,0.12199796076012909,0.25715257638848066,0.6601539305653775,0.880229965321243,-80.71409850312078,4,697
2026-03-19,0.165237090134128,17321183421.0456218668936696463248,1.367605145608183682,104826243351.2081791,0.12082222026200837,0.25621329926747927,0.64492003579262,0.880229965321243,-81.22796352725572,4,698
2026-03-20,0.165446867681018,17344801763.3602321156421771644286,1.367351703010532144,104836084275.7147627,0.1209980338758123,0.25526611362363694,0.6481348633879075,0.880229965321243,-81.2041313975675,4,699
2026-03-21,0.164000087288532,17193174920.0336819051682310058292,1.355684325252255965,104836376640.3674681,0.12097217931469119,0.25425271869718236,0.6450278609758262,0.880229965321243,-81.36849530807785,4,700
2026-03-22,0.156331618460832,16389046027.1735254624703594008704,1.293406465333368984,104835133087.8065972,0.12086812819552306,0.25322384946246457,0.6173653026469967,0.880229965321243,-82.23968455745788,4,701
2026-03-23,0.166302756857823,17434842235.5978945734076897635307,1.374630174613394443,104837962791.5816309,0.12097999878737895,0.2522890758222422,0.6591754173890453,0.880229965321243,-81.1068966736289,4,702
2026-03-24,0.174327534906978,18276460014.7236712304562095389878,1.439343007714011401,104839777746.3903051,0.12111604667732946,0.25136184621353513,0.6935322028104636,0.880229965321243,-80.19522831816381,4,703
2026-03-25,0.177495445783642,18599436116.4212964091225593676202,1.461042284397065325,104788244195.8148681,0.12148549544333674,0.25046700928387533,0.7086579837046382,0.880229965321243,-79.83533249531395,4,704
2026-03-26,0.173995487604305,18232615458.7909807541793108708785,1.433340386309695822,104787863810.8995937,0.121391603324788,0.249527668880545,0.6972993751951447,0.880229965321243,-80.2329511083158,4,705
2026-03-27,0.167108571175264,17511919525.6117704128290728435552,1.378098947951985785,104793664397.0536593,0.12126021242785695,0.24847592443282404,0.6725342568166686,0.880229965321243,-81.01535078798673,4,706
2026-03-28,0.168063363687618,17612021898.4809672703577468295162,1.384199514525201318,104793939095.5943709,0.12141556323639223,0.24745807447286533,0.6791589405422565,0.880229965321243,-80.90687998490455,4,707
2026-03-29,0.16439252044032,17227170745.669587483389437857792,1.354656062187350355,104792910891.1231056,0.1213536963580829,0.24636326021954427,0.6672769320142263,0.880229965321243,-81.32391228236312,4,708
2026-03-30,0.16731920310478,17534003565.544015594540560354192,1.378488956511555826,104793731025.3846264,0.12137870406173061,0.24522066497905473,0.6823209745356142,0.880229965321243,-80.99142159472879,4,709
2026-03-31,0.167081737536712,17509061769.4667589570670493767744,1.379072558884643268,104793390514.1463112,0.1211551462323659,0.2440341410993766,0.6846654192893128,0.880229965321243,-81.01839926845311,4,710
2026-04-01,0.169392884044233,17751336238.7918082576730375392381,1.397924383382492821,104793872180.3476757,0.12117456856597701,0.2428558855610576,0.6975037218179548,0.880229965321243,-80.75583759723375,4,711
2026-04-02,0.162961552702853,17078011132.6999929953631617242005,1.348945482536395049,104797793402.4741585,0.12080662622216555,0.24172120279916143,0.6741715282554367,0.880229965321243,-81.48647976970658,4,712
2026-04-03,0.162766159541631,17057513583.6949040039326644788853,1.347674175447189899,104797665753.9313163,0.12077560177898443,0.2406329659219377,0.6764084003121709,0.880229965321243,-81.50867773716055,4,713
2026-04-04,0.161798273610876,16955898263.9077532111657705350944,1.33983525512506334,104796533890.6309944,0.12075982699512812,0.23952017375674642,0.675510004327219,0.880229965321243,-81.61863603997767,4,714
2026-04-05,0.162198132607114,16997803917.3368572840959213592078,1.343147264406731884,104796545090.3800027,0.12075975353213178,0.2383548044807759,0.6804903008371951,0.880229965321243,-81.57320938876249,4,715
2026-04-06,0.155723358568368,16319019380.2840885729141165236384,1.291080981604812182,104794935906.2883838,0.12061471029865535,0.2371509216751181,0.6566424345662011,0.880229965321243,-82.30878694165607,4,716
2026-04-07,0.163758244297721,17161271873.9479060539694156862002,1.356375187991240356,104796384130.4247362,0.12073226180157651,0.23603199459592059,0.693796807411936,0.880229965321243,-81.39597028624709,4,717
2026-04-08,0.157812457291512,16537976565.4483905988937981208432,1.308149161466700939,104795127389.0840786,0.12063796846727493,0.23488770910844525,0.6718634103526107,0.880229965321243,-82.07145138101295,4,718
2026-04-09,0.154806833413526,16222814931.7575594354408447228116,1.284489307573520887,104793920100.5587966,0.12052014174097378,0.23376072524353209,0.6622448371181606,0.880229965321243,-82.4129103174727,4,719
2026-04-10,0.155181713903893,16262173329.7257562519872707607164,1.287811607569416871,104794391817.3067148,0.12050032240102188,0.232694199603398,0.6668911995588346,0.880229965321243,-82.37032139126747,4,720
2026-04-11,0.153790914411499,16116365546.3152155558842322900578,1.277720804957627628,104794003000.6752422,0.12036347362802713,0.23163772498596244,0.6639286170714159,0.880229965321243,-82.52832549782914,4,721
2026-04-12,0.150394456013634,15760357856.9174343043939188082752,1.249981641503151393,104793476266.7626528,0.12031733188719383,0.2305166172591215,0.6524234903402952,0.880229965321243,-82.91418584474717,4,722
2026-04-13,0.156190498686358,16368042379.519412350085791446578,1.297543196840201662,104795378189.986091,0.12037402613393965,0.2295438301172505,0.6804386709352033,0.880229965321243,-82.25571670587745,4,723
2026-04-14,0.154865835214875,16229118235.7865853518064656469875,1.291580629809819894,104794696733.9105161,0.11990411720380041,0.2285093145344614,0.6777221993352036,0.880229965321243,-82.4062073189753,4,724
2026-04-15,0.15756786786959,16512347915.945355664720942195967,1.314748813287602376,104795147254.3354513,0.11984636629987351,0.22749029289669553,0.6926355663937818,0.880229965321243,-82.09923837209007,4,725
2026-04-16,0.169083666254937,17719576573.5350217738189983595717,1.407914741629775866,104797683691.2100941,0.12009510324411328,0.2264963905454203,0.7465181491315197,0.880229965321243,-80.79096680226861,4,726
2026-04-17,0.17432189295515,18268606037.038619261852699590225,1.446865100627560473,104798116446.2160515,0.12048247820722191,0.22550873884236797,0.7730161316586587,0.880229965321243,-80.1958692815541,4,727
2026-04-18,0.170742224194036,17893386037.1533289822740529173376,1.417433654853533141,104797662802.0190816,0.12045870620426266,0.22454161153544416,0.7604034861355048,0.880229965321243,-80.60254354875057,4,728
2026-04-19,0.166632189602146,17462582911.9341392125458156875244,1.383960841271370978,104797176065.6096214,0.12040238757699959,0.2233927857624354,0.7459157153774392,0.880229965321243,-81.06947091475885,4,729
2026-04-20,0.173495970817498,18182102897.1361749369524120126214,1.409921848167841197,104798415844.8388143,0.12305360828541788,0.22222224517784483,0.7807317880289117,0.880229965321243,-80.28969954980116,4,730
2026-04-21,0.178639306617832,18721323448.2663969645524087652808,1.448518088031284531,104799575203.8908269,0.12332556154726722,0.22107959610119848,0.8080316309971022,0.880229965321243,-79.70538226875325,4,731
2026-04-22,0.176880652665262,18531259497.9352011596558026442822,1.433596707945796233,104767023519.5519381,0.12338243502157216,0.219993217852753,0.804027753181249,0.880229965321243,-79.90517709758849,4,732
2026-04-23,0.175584997794134,18395503655.5813353477655511976592,1.423363958771852276,104766944139.2099288,0.12335917086564233,0.21888736771638723,0.8021705392411672,0.880229965321243,-80.05237214004029,4,733
2026-04-24,0.173114789276175,18136633278.0969000665608821910275,1.403534939666678045,104766515639.3022413,0.12334198770804208,0.21770720566609228,0.7951725288399009,0.880229965321243,-80.33300431745741,4,734
2026-04-25,0.169857002430606,17795198685.8401937002706638244424,1.377597149632638713,104765764326.4387004,0.12329947290897159,0.21663313627757624,0.784076736132209,0.880229965321243,-80.70311065033829,4,735
2026-04-26,0.170904866252081,17904970861.6427291875858352997023,1.386080915578439343,104765717058.2450383,0.12330078592905161,0.215544173552355,0.7928994944999929,0.880229965321243,-80.58406632524618,4,736
2026-04-27,0.165879520389709,17378296256.5064484470431616012122,1.346794131725111247,104764567775.9301058,0.12316620371461938,0.2144741009021284,0.7734244819863135,0.880229965321243,-81.15497916170456,4,737
2026-04-28,0.161830938096378,16954010603.1008869339207893317328,1.314910900548706529,104763717015.6176776,0.12307369117469986,0.21367296446407846,0.7573767626722104,0.880229965321243,-81.6149251363742,4,738
2026-04-29,0.159629624516845,16723288725.7845619234298265874575,1.29885428849930763,104763064978.7053035,0.12290033295519283,0.2128537165247787,0.7499499051418359,0.880229965321243,-81.86500905378884,4,739
2026-04-30,0.158407663816885,16595218324.0565346415328838488055,1.289480158158229918,104762723748.2661243,0.12284614293184576,0.21193803631319394,0.7474244197619921,0.880229965321243,-82.0038319464535,4,740
2026-05-01,0.159514071273042,16711107615.711258344299140896097,1.298322680728441408,104762592305.1432285,0.12286165345547571,0.2109760336574069,0.7560767377590798,0.880229965321243,-81.87813667365587,4,741
2026-05-02,0.159961530918563,16757992890.5747473474540435560053,1.301974652085959896,104762643832.8244231,0.12286071058471108,0.21008712980335795,0.7614056656792225,0.880229965321243,-81.82730227092593,4,742
2026-05-03,0.158160035806134,16569197496.1852738578736124181768,1.2874986453602943,104762226511.4754252,0.12284287550599668,0.2092557803390012,0.7558215861464356,0.880229965321243,-82.03196414150557,4,743
2026-05-04,0.157358556333443,16485141294.3264497160815041872781,1.281608030131978743,104761645495.7454767,0.12278212420160817,0.2084855828980051,0.7547694864369862,0.880229965321243,-82.12301755984706,4,744
2026-05-05,0.159811069753527,16742143233.0334204002576838146123,1.301253862387450097,104762099764.7687949,0.12281313767654589,0.2077408110644992,0.7692810523585998,0.880229965321243,-81.84439566367145,4,745
2026-05-06,0.161282612217445,16896398190.9873302631034790331555,1.312598222452525233,104762676885.5108199,0.12287279493346895,0.20697534545453947,0.7792358643646737,0.880229965321243,-81.6772186165482,4,746
2026-05-07,0.15804002113845,16556556500.01051877963473540753,1.287162880060509582,104761796288.9681474,0.12278168022606474,0.20617571867685794,0.7665307154144001,0.880229965321243,-82.04559860890754,4,747
2026-05-08,0.163122185887346,17089166111.8017414474730317231962,1.327011744350805341,104762978860.5438997,0.12292444779164173,0.2053648514643159,0.7943043063320406,0.880229965321243,-81.46823076764785,4,748
2026-05-09,0.16259434252131,17033759150.992076594904932178714,1.326940635238425989,104762311448.5646494,0.12253324542442313,0.20459681345248146,0.7947061333830269,0.880229965321243,-81.52819729762658,4,749
2026-05-10,0.16949863027714,17757299895.731399910299362027828,1.382293983166530129,104763677834.4296602,0.12262126026827962,0.20390636367228399,0.8312571869976372,0.880229965321243,-80.74382411927083,4,750
2026-05-11,0.168488155825931,17651384677.0507372173602950076754,1.37371917961725238,104763356157.1342134,0.12265109079489987,0.203192256901892,0.8292055927469849,0.880229965321243,-80.85862076230946,4,751
2026-05-12,0.162525362656056,17026491268.0645727029442757922728,1.32322397946436038,104762056763.3917763,0.12282528519612085,0.20240806437034703,0.8029589293373338,0.880229965321243,-81.53603387079174,4,752
2026-05-13,0.1589978479154,16656737948.77343745597508878798,1.295502571153379041,104760776118.4050687,0.12273063091943157,0.2015791060166857,0.7887615490379195,0.880229965321243,-81.93678309311213,4,753
2026-05-14,0.16255359287547,17029442924.910911699712292442919,1.323973407936453232,104762021088.9889477,0.12277708290895831,0.20073521466640293,0.8097911128628524,0.880229965321243,-81.53282672941661,4,754
2026-05-15,0.154579455724355,16193780011.757825905178369475376,1.260589994682540113,104760234378.3281312,0.12262468873813602,0.19989399459314078,0.7733071523183183,0.880229965321243,-82.43874194081307,4,755
2026-05-16,0.151783042848128,15900723179.4063937294649741455616,1.238042427500321538,104759549426.8515622,0.12259922558113509,0.19906126028416818,0.7624941318639871,0.880229965321243,-82.75643311089344,4,756
2026-05-17,0.149279502138615,15638405471.6863866250051628650755,1.217975721396858325,104759228478.4362837,0.12256361068298718,0.19822436361739687,0.7530835232078086,0.880229965321243,-83.0408520477788,4,757
2026-05-18,0.147273200083658,15428203719.5032508599498681086088,1.202832635064018665,104759071648.7406836,0.12243864673310902,0.19747070417038387,0.7457977156783018,0.880229965321243,-83.26878135421008,4,758
2026-05-19,0.14357403940939,15040458298.206586606440457216064,1.173734517064533928,104757506023.2157376,0.12232241390366817,0.19666355126335813,0.73004905325403,0.880229965321243,-83.68903070040429,4,759
2026-05-20,0.143487961644841,15031278727.6558945959442326300353,1.174248413455533826,104756375066.9276633,0.1221955763368588,0.19585661101377863,0.7326174026096395,0.880229965321243,-83.69880970906569,4,760
2026-05-21,0.146462935124326,15342905344.0814077601408302826034,1.198684470291814607,104756232906.6905859,0.12218639579827895,0.19506865433703818,0.7508276284680184,0.880229965321243,-83.36083286248113,4,761
2026-05-22,0.143944687220164,15079036651.662034810943851017392,1.183700288387043405,104755770726.005228,0.1216056873791158,0.19440082054986643,0.7404530845755368,0.880229965321243,-83.6469226348559,4,762
2026-05-23,0.147774352763952,15480351891.550193478879381854688,1.213938342069742958,104756688843.549194,0.12173134964334299,0.19378925569946784,0.7625518361715747,0.880229965321243,-83.21184706430425,4,763
2026-05-24,0.147277912029374,15428359327.2833356158228283941598,1.209964027948269776,104756776591.2257777,0.12172090130572927,0.19312297004569168,0.7626120911175349,0.880229965321243,-83.26824604572232,4,764
2026-05-25,0.149771823251163,15689709500.0799921146700536283657,1.229952787615175335,104757418047.6444139,0.1217703840011323,0.19252861609004357,0.777919803781877,0.880229965321243,-82.98492108292368,4,765
2026-05-26,0.147545625920335,15456384351.133339887720950209643,1.212609360551110627,104756642257.0790258,0.12167613967063391,0.19180773422343342,0.7692371035907327,0.880229965321243,-83.23783196059593,4,766
2026-05-27,0.162334326271342,17006418710.0744132942109316971894,1.325773532337918407,104761692124.4873757,0.12244498951874201,0.1912042351880783,0.8490100970392295,0.880229965321243,-81.5577368793509,4,767
2026-05-28,0.20336628494763,21306469502.149405154415615905082,1.633302464832506892,104768937032.1936814,0.12451232354472994,0.19079593000549366,1.0658837688087708,0.880229965321243,-76.89623246654517,4,768
2026-05-29,0.260640362812557,27308734022.3878323363870724188933,2.044059335323424237,104775537171.9892569,0.12751115308074792,0.19059487681565165,1.3675098049180785,0.880229965321243,-70.3895148903008,4,769
2026-05-30,0.228762027583656,23968162447.1635907866473565924632,1.798132185689790765,104773343287.4853847,0.12722203039589072,0.1903292755405153,1.2019276957472553,0.880229965321243,-74.01110657484053,4,770
2026-05-31,0.258664738919167,27102151593.5995895569055885704257,2.027540335570773973,104777140119.0830271,0.127575631607028,0.19023437384034675,1.3597160896707874,0.880229965321243,-70.61395895278724,4,771
2026-06-01,0.244215295617222,25587946978.702071744910842907254,1.90962864534849348,104776184939.734857,0.1278862758013637,0.19010905442720888,1.2846063347852268,0.880229965321243,-72.25551216856213,4,772
2026-06-02,0.219978707068777,23047974032.3149442748330779726553,1.718021225433534761,104773658957.4050289,0.12804190298246543,0.18991150471517618,1.1583221743132137,0.880229965321243,-75.00895041803139,4,773
2026-06-03,0.209471802476357,21946756781.879706601842378041383,1.638772018183751213,104771890643.165819,0.12782241834255523,0.18966095823888351,1.1044539921206196,0.880229965321243,-76.20260491814665,4,774
2026-06-04,0.201253588664275,21085415684.2740045861757442953825,1.580126586013451026,104770383595.2363643,0.12736548479449597,0.18939486035603653,1.0626137809967264,0.880229965321243,-77.13624886755284,4,775
2026-06-05,0.201859342760213,21148946494.7831057050468885713603,1.59010973898818131,104770709175.9719031,0.1269467998407834,0.18917261349882583,1.0670643018920174,0.880229965321243,-77.06743115856732,4,776
2026-06-06,0.213123217544114,22329398063.312827445331396925587,1.675566001638617275,104772245467.3006455,0.12719476125422124,0.18895886722994956,1.1278815366984505,0.880229965321243,-75.78777979157594,4,777
2026-06-07,0.205622350584575,21543168261.4928583770722072564025,1.617983476028713939,104770557287.4087367,0.12708556893873116,0.18875867163733706,1.0893398899290743,0.880229965321243,-76.63992834991338,4,778
2026-06-08,0.203662728736198,21337756032.5621822271980740638142,1.603067515067832304,104770058640.4335829,0.12704563396232268,0.18858734435001195,1.0799384732742545,0.880229965321243,-76.86255447326535,4,779
2026-06-09,0.192341270659503,20151325450.5083014542126102781029,1.517161796612226782,104768598966.8940843,0.1267770326731103,0.18839534538276761,1.0209449191471176,0.880229965321243,-78.14874768671305,4,780
2026-06-10,0.182749529806335,19146054183.382701384641071516296,1.453533635987097566,104766639912.4108976,0.12572776114825124,0.18815706989635544,0.9712605001077071,0.880229965321243,-79.23843347691079,4,781
2026-06-11,0.191590222388353,20072366666.7380301339979853434268,1.521970493202172584,104767176615.3670556,0.12588300709119132,0.18787848529317264,1.0197560518405735,0.880229965321243,-78.23407178390804,4,782
2026-06-12,0.187948598916309,19690739644.5080146223818841566761,1.49404781313266479,104766621076.4148229,0.12579824906823112,0.18754105504813495,1.0021730914762608,0.880229965321243,-78.64778451984232,4,783
2026-06-13,0.187018113728492,19593015835.8587719737830189697072,1.486955565727801936,104765337673.6726116,0.12577249652847194,0.18721275811512078,0.9989603038351207,0.880229965321243,-78.75349384859454,4,784
2026-06-14,0.190428225124389,19950387865.2949226458478520625971,1.513481276821719183,104765918246.9573239,0.12582132864192713,0.18687167946808106,1.0190320206166683,0.880229965321243,-78.36608242996004,4,785
2026-06-15,0.213118196210628,22328230896.0180430716988394534928,1.676211288342869905,104769237413.9217476,0.1271427997727662,0.18665929174070808,1.141749731412645,0.880229965321243,-75.78835024857968,4,786
2026-06-16,0.217437000303978,22780931409.381549439747093509036,1.706378017278984938,104770261627.660862,0.127426043996222,0.18647827635614256,1.1660178576978555,0.880229965321243,-75.29770527357319,4,787
2026-06-17,0.226655392749613,23746790371.8180279764562165502411,1.775251599539462695,104770462699.9596247,0.12767508155374266,0.18634029040084524,1.2163520420733707,0.880229965321243,-74.25043435474339,4,788
2026-06-18,0.234620274928036,24581841061.7426191853615322106876,1.824011274997099526,104772876381.9857191,0.1286287415785898,0.18626737008396965,1.2595887021020846,0.880229965321243,-73.34557057002591,4,789
2026-06-19,0.217456035701155,22782928733.2255733515769124061385,1.685729504843611626,104770275332.9672867,0.1289981785786735,0.18618260998937164,1.167971787019038,0.880229965321243,-75.29554272538384,4,790
2026-06-20,0.216040424474461,22634600837.2191844514890325480567,1.675438613077672682,104770210909.7406947,0.12894559238885434,0.18598493389787493,1.161601748844289,0.880229965321243,-75.45636561059173,4,791
2026-06-21,0.210078770888772,22009831891.1590990139772243380964,1.63053246890395647,104769424335.6573737,0.12884059342282642,0.18573991116871064,1.13103731754213,0.880229965321243,-76.13364925470323,4,792
2026-06-22,0.20240857157678,21205969542.237363504295409470422,1.574354611571908829,104768139891.7103949,0.12856606134921908,0.18549151045204035,1.0912012689072021,0.880229965321243,-77.00503509865058,4,793
2026-06-23,0.194870610421223,20415857979.1786942749991919150433,1.518975601649005457,104766223778.1713271,0.12829081007599513,0.1852665400680477,1.051839206095433,0.880229965321243,-77.86139780527645,4,794
2026-06-24,0.185247177000028,19407846441.382982557435492905588,1.462503520820246835,104767299322.353771,0.12666443147851836,0.18499621302353333,1.0013565898046937,0.880229965321243,-78.9546840827645,4,795
2026-06-25,0.178599349976044,18702193130.8593211705123935858308,1.413465708544481055,104715908167.4591507,0.12635562992183025,0.1847071277262876,0.9669326364097082,0.880229965321243,-79.70992160998932,4,796
2026-06-26,0.177536518623768,18591298224.5181759645838418504448,1.404443678214739562,104718163725.6079136,0.12641056482196836,0.1843912099909491,0.9628252812728028,0.880229965321243,-79.83066634649556,4,797
2026-06-27,0.173753335585947,18194951300.9530854924129520910391,1.375404026231557784,104717133858.7221653,0.12632894209420797,0.18399060515605178,0.9443598244517863,0.880229965321243,-80.26046119407727,4,798
2026-06-28,0.172492275447181,18062862140.8378560865965173454016,1.365720067956126479,104716933520.7065536,0.12630134058535505,0.18360000335728466,0.9395003937527817,0.880229965321243,-80.403726043997,4,799
2026-06-29,0.174521693112077,18272425713.1825330309431597741443,1.382158860848507923,104700025465.8775759,0.1262674632096473,0.18324131128896817,0.9524145613477929,0.880229965321243,-80.17317064996932,4,800
2026-06-30,0.187211940500138,19604135484.7527465752332642623734,1.479494138809467083,104716266667.5008143,0.12653780477345145,0.18298488581248012,1.023100567398718,0.880229965321243,-78.7314738334528,4,801
2026-07-01,0.197745924436859,20707484829.8965384219631080746596,1.558278713714382531,104717631419.5467244,0.12690022824318958,0.18278427755737384,1.0818541237759844,0.880229965321243,-77.53474293905786,4,802
2026-07-02,0.199007226739746,20839576646.0346066896918591010744,1.561943467201536656,104717687831.9489564,0.1274100061356883,0.18263372594076144,1.0896521204648446,0.880229965321243,-77.39145057767743,4,803
2026-07-03,0.203784776453209,21340072643.305238243139601258579,1.595803673755071835,104718679259.169931,0.12770040563554086,0.1825510121319921,1.1163168808172041,0.880229965321243,-76.84868903788828,4,804
2026-07-04,0.206579383652376,21632802366.8174456273168973686976,1.616131303781298362,104719076920.1843976,0.1278233910629895,0.18248836475869504,1.132013999498196,0.880229965321243,-76.53120300477568,4,805
2026-07-05,0.202987838402663,21256570981.3530355913737861257405,1.5898074102688107,104718445935.5973435,0.1276807725838572,0.18245329473403643,1.11254685040662,0.880229965321243,-76.93922652035802,4,806
2026-07-06,0.199930053796401,20936219487.6552549601190381061837,1.572383949264278749,104717720473.2595037,0.12715091240275544,0.18241850667035664,1.095996549065545,0.880229965321243,-77.28661126374676,4,807
2026-07-07,0.189018938279961,19783875460.366139428334630228544,1.490718252794054865,104666101928.176704,0.12679722538157873,0.182268423815237,1.0370361158747217,0.880229965321243,-78.52618682312436,4,808
2026-07-08,0.18089186442787,18932987907.923363130147811559926,1.428672011125100777,104664673382.6596498,0.12661539038999925,0.1820814060835711,0.9934669789667863,0.880229965321243,-79.44947666467445,4,809
2026-07-09,0.185670259982322,19433278284.5918339883440036941878,1.467392364162019002,104665541408.9586099,0.12653075245375997,0.18192781098194566,1.0205710659638936,0.880229965321243,-78.90661903170259,4,810
2026-07-10,0.1904458512778,19933288635.53284485755453863436,1.503887948591275386,104666436689.4320462,0.12663566554688782,0.18177859521040404,1.0476802896257607,0.880229965321243,-78.36407998126988,4,811
2026-07-11,0.187566786776564,19631870792.7550679885410660480856,1.485052403156200322,104666029258.9072654,0.12630314349710892,0.18163136808787772,1.0326783790221443,0.880229965321243,-78.69116092768884,4,812
2026-07-12,0.186325820011998,19501930585.4667721889413451032638,1.475502061676949973,104665744040.2569681,0.12627960668535657,0.18150094985638476,1.0265831675229853,0.880229965321243,-78.83214303616694,4,813
2026-07-13,0.180207069891383,18861278864.2190311596468747445485,1.429004902161202308,104664477789.8412795,0.12610668418200732,0.18135421918125805,0.9936745376255707,0.880229965321243,-79.52727389533759,4,814
2026-07-14,0.184482986143955,19308906415.489483760211587882647,1.462481600400367955,104664971112.4170434,0.126143799753413,0.18120922786849,1.0180661786045515,0.880229965321243,-79.04150126533953,4,815
2026-07-15,0.188768029599237,19757546845.2107495655551190445494,1.497377327754113809,104665747092.6454462,0.12606577253467996,0.18105434975415519,1.0426042227406072,0.880229965321243,-78.55469172418535,4,816
2026-07-16,0.185339240470168,19398642824.4860116871785062993296,1.470588614134582033,104665600092.4337222,0.1260306510527672,0.18088268271997343,1.0246378353260817,0.880229965321243,-78.94422505799064,4,817
2026-07-17,0.185505904485782,19416041524.8697059973497891177622,1.471715919062126436,104665355955.5989121,0.12604735878918705,0.1807303155819751,1.0264238397881886,0.880229965321243,-78.925290913258,4,818
2026-07-18,0.187729032218192,19648805205.917088300346491224544,1.488838637879968141,104665777976.630982,0.12609091908409145,0.18061691161298354,1.0393768254683036,0.880229965321243,-78.67272876245701,4,819
2026-07-19,0.187746021987882,19650626602.3795517534367383214036,1.489081293685250514,104666007803.0728898,0.1260817812862581,0.18055193563945868,1.0398449693875844,0.880229965321243,-78.67079861120571,4,820
2026-07-20,0.188426819342126,19721129666.3036504084848459725314,1.492228260822250771,104662010085.1782439,0.12627211552627926,0.18045144099333427,1.0441968116457785,0.880229965321243,-78.59345548712841,4,821
2026-07-21,0.191655877770361,20059199370.088160665746891969621,1.51707330203871068,104662583811.401661,0.12633264161514496,0.1803136625926744,1.0629026941974358,0.880229965321243,-78.22661289423208,4,822
2026-07-22,0.18679420503146,19550572816.627071398458871179796,1.479984463617044039,104663700960.8213026,0.12621362563154193,0.18013873428281094,1.0369463612317837,0.880229965321243,-78.77893137127082,4,823
2026-07-23,0.182348965377286,19084488601.4054106160103984934382,1.445854256690374039,104659154834.9011837,0.12611849675270248,0.17988688067903097,1.0136868496966607,0.880229965321243,-79.28394027000239,4,824
2026-07-24,0.177548389662889,18581687391.0198495991146989795619,1.409803669787934105,104657031394.6574571,0.12593837955436463,0.17951296583391085,0.9890560764683731,0.880229965321243,-79.82931771720676,4,825
2026-07-25,0.178089151801079,18638301565.343896269331961923378,1.41411855028348326,104657141531.913182,0.12593650777396145,0.17918555508608874,0.9938811848729493,0.880229965321243,-79.76788352847262,4,826
2026-07-26,0.182354007108644,19083247844.2704138138465431168972,1.447179898866463012,104649457101.8715163,0.12600645382891026,0.17892765099750477,1.0191493941380083,0.880229965321243,-79.28336749566424,4,827
2026-07-27,0.171806555814474,17978171020.0774733659180044941028,1.373649418953528333,104641938340.7654922,0.12507307428219888,0.17863424636287192,0.9617783785169145,0.880229965321243,-80.48162837176616,4,828
2026-07-28,0.173328123049037,18136315444.5853377137056261839868,1.385792176488278244,104635734383.7059564,0.1250751202018372,0.1783605616396292,0.9717850261048175,0.880229965321243,-80.30876817675932,4,829
2026-07-29,0.171760203974355,17972159168.8551444354053381626815,1.374643843690975029,104635175977.8913253,0.12494887658549565,0.1780888743369853,0.9644634153245587,0.880229965321243,-80.48689425022351,4,830
2026-07-30,0.172207580148801,18018929259.5732570282270777697465,1.379097069627291755,104634936766.4505465,0.12486980354134246,0.17783184722328366,0.9683731167262696,0.880229965321243,-80.43606933036492,4,831
2026-07-31,0.172039762580133,17998002926.8742635699529541386202,1.378059429737325579,104615367150.8998994,0.12484204880258742,0.17759609048450417,0.9687136812009047,0.880229965321243,-80.45513452642497,4,832
2026-08-01,0.170740053362091,17862024331.2802942098020749701951,1.368324009837327109,104615314213.3558461,0.12478042637166717,0.17725982449607694,0.9632191267676098,0.880229965321243,-80.60279016975083,4,833
2026-08-02,0.174015094153495,18204766025.2638789590928331892185,1.393971860901960172,104616016868.0875663,0.12483400779761772,0.1769483811827225,0.9834229224951287,0.880229965321243,-80.23072367344508,4,834
2026-08-03,0.171056028022222,17894198288.194699490074953997379,1.371318972779054551,104610158993.4617945,0.12473832231429526,0.1766636370246218,0.9682582726312928,0.880229965321243,-80.5668933390839,4,835
2026-08-04,0.168972305023212,17675135549.688391077658767234588,1.356096084348483906,104603742887.098149,0.12460201528005461,0.17637717499698216,0.9580168467155863,0.880229965321243,-80.80361818157998,4,836
2026-08-05,0.164671170014404,17224022712.4551479386214293527044,1.320239518223360278,104596467681.3102161,0.12472825403378407,0.17604976747592527,0.9353671542731389,0.880229965321243,-81.29225583063324,4,837
2026-08-06,0.161163989936316,16857131810.9096133016825066798032,1.293682363103220963,104596143453.4520652,0.12457771283959056,0.1757550290826643,0.9169808157268401,0.880229965321243,-81.69069489954268,4,838
2026-08-07,0.161254617758307,16851041648.7601073034638929868073,1.296365865767536461,104499591286.2286339,0.12438974367998598,0.17548205693743693,0.9189236812729957,0.880229965321243,-81.68039897398215,4,839
2026-08-08,0.164345307525669,17174191948.8246486727463245010547,1.322450943431149644,104500652969.0068663,0.1242732733051472,0.17526882987504336,0.9376756131871126,0.880229965321243,-81.32927598463537,4,840
2026-08-09,0.161863380121134,16914725980.54135140770723656779,1.302922358605909961,104500017038.337185,0.12423102501236008,0.17501363883310378,0.9248615205097809,0.880229965321243,-81.61123950579649,4,841
