date,price_usd,market_cap_usd,mvrv,supply,realized_price_usd
2014-08-15,0.00559861504288459,559861022.18772887353311658789319,131.685470705039,99999913889.287541,4.251505509992726e-05
2014-08-16,0.00558265522793688,558265042.03571293955299884833832,127.223756092057,99999913883.635039,4.388060374429885e-05
2014-08-17,0.00839782671499241,839781948.25919678719329344485559,146.629366908444,99999913877.712799,5.727247475763874e-05
2014-08-18,0.00468471940677966,468471537.1840003170793880133603,84.315647055756,99999913870.195705,5.556168481612627e-05
2014-08-19,0.00482831433372297,482831017.48131370912810358160267,82.881754518672,99999913864.145011,5.8255455157325665e-05
2014-08-20,0.00503705290181181,503704855.7759073271546912730058,79.398674107365,99999913758.04818,6.344001280173235e-05
2014-08-21,0.00621273850730567,621273314.79005064470826160681024,88.196440744005,99999913735.220672,7.044205474616015e-05
2014-08-22,0.00621881306434833,621880769.92449203984880078965922,83.094199813882,99999913727.855234,7.484051929349458e-05
2014-08-23,0.00581637138611923,581636636.56860120458994825026121,78.285351464445,99999913684.445427,7.429705912172933e-05
2014-08-24,0.00566506130075979,566505640.38577339468257341959032,75.169569331831,99999913559.592808,7.536375891355395e-05
2014-08-25,0.00480592160508475,480591745.0049878027752115670855,61.670253877944,99999913543.432178,7.792933063963856e-05
2014-08-26,0.0057471425537962,574713758.1009550472000484873938,68.262589628226,99999913473.754949,8.419168661922263e-05
2014-08-27,0.00453462253886616,453461861.42781198185700352035288,57.085950672959,99999913452.817593,7.943500082611678e-05
2014-08-28,0.00446214455118352,446214068.78355012496753849373568,57.980452051856,99999913419.478584,7.695946466910452e-05
2014-08-29,0.0050982943934775,509828997.8918495180463203772375,62.713520804579,99999913411.061345,8.129497958445431e-05
2014-08-30,0.00523472991296318,523472537.94465886884993446032602,63.774576989328,99999913395.405939,8.20817661219322e-05
2014-08-31,0.00473726311227352,473725900.92646180442639088511872,58.2724864081,99999913388.621136,8.129502281912292e-05
2014-09-01,0.00443150750499485,443150366.64762619622246323096755,54.547407889357,99999913381.200783,8.124139489787749e-05
2014-09-02,0.00444991679263589,444991293.70471210230967506156562,55.172249129116,99999913355.935658,8.065498258412561e-05
2014-09-03,0.00445618000458796,445617612.6301817477852578013838,54.303149053894,99999912968.368905,8.206117107804107e-05
2014-09-04,0.00489040152648778,489039727.01024267545572578367306,54.712113626484,99999912964.501377,8.938425519208105e-05
2014-09-05,0.0049886311962595,498862685.417500327696008354537,55.200838230064,99999912960.402846,9.037238122124284e-05
2014-09-06,0.00501074943728814,501074507.5255995183087303405627,51.844536150531,99999912946.512305,9.664951814284521e-05
2014-09-07,0.0049846541889889,498464984.9514212976080388985797,51.357844051143,99999912943.315173,9.705730996077442e-05
2014-09-08,0.00476941526884862,476941111.647325128102481507598,49.43194564408,99999912937.4329,9.648447389041437e-05
2014-09-09,0.00461042120237288,461041718.32404981692892364467808,47.446207693832,99999912825.049916,9.717154281589157e-05
2014-09-10,0.00500093174817961,500092737.45745062815860759877963,50.784585676245,99999912544.195283,9.847341829390657e-05
2014-09-11,0.00468335180946815,468334770.17294876528866611887795,18.916343853994,99999912290.623693,0.00024758229421164316
2014-09-12,0.00428754814642899,428754438.34131284582661478367028,17.318960297823,99999912233.851772,0.0002475638302010506
2014-09-13,0.00435991193821157,435990811.05588378463365537474053,17.855382307918,99999912208.026529,0.00024417914234623584
2014-09-14,0.00487950890302162,487950460.26320549016615553352878,19.673488882336,99999911868.393919,0.000248024584363515
2014-09-15,0.004907103644753,490709931.645497791760676223846,19.762962225358,99999911795.259782,0.0002482979822962299
2014-09-16,0.00491637335905903,491636901.71789838878336617241453,19.623540244551,99999911685.306851,0.0002505344753184478
2014-09-17,0.00541341361703682,541340876.64241015390789949752434,20.564931045465,99999910396.414137,0.0002632351941792964
2014-09-18,0.00550793241103448,550792743.43817142043352701043224,20.826547677417,99999909645.718313,0.0002644668956346968
2014-09-19,0.00449665021762127,449664610.67485222574018460575127,16.999378975781,99999908579.219001,0.00026451849941269294
2014-09-20,0.0052349963943045,523499160.470446717745129943555,19.566959896599,99999908508.05479,0.00026754265465706874
2014-09-21,0.00490615133205832,490614682.45349739453836842431632,18.327655258981,99999908125.065026,0.0002676911619479631
2014-09-22,0.00489734116983051,489733665.33497217904486824541128,18.281284642012,99999907776.880728,0.00026788824011721743
2014-09-23,0.00465552393206897,465551963.68948484539023728807688,17.402159596189,99999907740.263304,0.0002675256427994437
2014-09-24,0.00503402858336336,503402393.84489145896974367778384,18.899135792636,99999907729.676769,0.0002663628982085444
2014-09-25,0.00498541207610462,498540747.52534858673306341859208,18.538003345353,99999907713.724284,0.0002689292899148351
2014-09-26,0.005339566815553,533956182.565968584231826258291,19.456410818396,99999906548.724147,0.0002744374008850825
2014-09-27,0.00455311350557591,455310888.2174623483217602326636,16.741270408694,99999898456.26996,0.00027196941417369425
2014-09-28,0.00532529885496786,532529332.17581411335932100253142,19.359286165247,99999896095.789747,0.0002750772321619802
2014-09-29,0.00490258791232841,490258268.3797823916189246474841,17.928743095332,99999893351.62001,0.0002734485003360256
2014-09-30,0.00471071784902981,471071278.31561176556545487976319,17.11813715843,99999892460.685299,0.0002751886963769285
2014-10-01,0.00502406208099941,502405666.88320901788576834622918,18.019782792487,99999892275.070798,0.00027880813763715814
2014-10-02,0.00499556962367621,499556422.71062191466889215302904,17.895701511646,99999891972.880024,0.00027914913647979873
2014-10-03,0.00504794627589463,504794080.24953862657566410088488,18.031921695654,99999891571.761176,0.0002799449976045133
2014-10-04,0.00486333821262712,486333291.63335348784400589424488,17.40879001848,99999891097.568099,0.0002793610703250787
2014-10-05,0.00617500393854513,617499698.02422835751382185874942,21.762523889557,99999887315.005534,0.00028374484365337226
2014-10-06,0.00635959674691409,635958939.06196410114938322878065,21.972911985474,99999884327.658785,0.00028942894556344356
2014-10-07,0.00471334685415254,471334129.2929486199903823832531,16.59916372205,99999882011.164765,0.0002839508624094974
2014-10-08,0.00506579362647273,506578751.00029019750274872082513,17.95913038332,99999879259.395881,0.00028207343665023526
2014-10-09,0.00559387178722667,559386492.20327791383150315961609,19.854635732624,99999877272.948827,0.0002817413455757912
2014-10-10,0.00472299754306029,472299166.52802002305377628986315,16.873646109714,99999875549.795735,0.00027990379271622303
2014-10-11,0.00514003789342199,514003144.93792359599905377151539,18.349728066391,99999874630.442661,0.00028011520796520045
2014-10-12,0.0050067939792519,500678759.6903373463346039427915,13.838572173066,99999872526.240285,0.00036179989645150086
2014-10-13,0.00480048111523697,480047485.55830891028951097424851,13.114356276756,99999869603.614083,0.00036604778869286816
2014-10-14,0.00497259387753701,497258725.10260866853467895581495,13.620298749451,99999866739.349995,0.0003650869903083031
2014-10-15,0.0046550828722969,465507658.725258445705655108186,12.890929577379,99999864985.33994,0.000361113048081935
2014-10-16,0.00458785771595558,458785145.58566718472336355413126,12.7353944894,99999863550.718097,0.00036024464886220633
2014-10-17,0.00466284963308007,466284320.04392047513345299093093,12.913204312882,99999862044.857299,0.00036109160206103825
2014-10-18,0.00490681644070134,490680962.19097763498225726795142,13.566599972843,99999861034.305113,0.00036168357956478273
2014-10-19,0.00493042133772063,493041444.60375687851502738859485,13.634630884059,99999860221.214595,0.00036161018069693826
2014-10-20,0.00531045993016032,531045244.04415496331198813170848,14.597334458213,99999858962.898339,0.0003637965510321275
2014-10-21,0.00520026255280626,520025513.1667305492973391831037,14.125819146245,99999857292.994745,0.00036813883138158543
2014-10-22,0.00497299067792443,497298347.6889566921736823929087,13.530914796249,99999855197.09709,0.0003675280461675088
2014-10-23,0.00490317214092636,490316491.06019103861350469922872,13.415419071418,99999852537.821602,0.0003654878103191523
2014-10-24,0.00501211089504968,501210339.85144413794613781659864,13.696351608406,99999850431.576723,0.00036594496391094015
2014-10-25,0.00480994799571721,480994068.44673809277201511480045,13.178022570983,99999847997.320645,0.00036499770506603533
2014-10-26,0.00474742894231444,474742159.68641990294549528698076,13.015849024127,99999845275.193579,0.00036474216422718994
2014-10-27,0.00477377123858562,477376370.25645194766825779405526,13.099898496564,99999842136.945323,0.0003644128418123043
2014-10-28,0.00461501486756283,461500748.24452301647381862905701,12.699269681538,99999839976.298847,0.00036340789535890133
2014-10-29,0.00468326206390415,468325443.2481599820688456954573,12.883179627572,99999837048.996062,0.00036351756315508045
2014-10-30,0.0046556727539626,465566505.3801912821517460801572,12.898429226357,99999834606.917322,0.0003609488157247141
2014-10-31,0.00481375564056108,481374752.24848074973409376786168,13.334004781358,99999831356.701946,0.0003610134929073292
2014-11-01,0.0045568261159585,455681820.592993765602958702254,12.637739163027,99999826413.640524,0.00036057288864530147
2014-11-02,0.00463675450277615,463674631.4550181051719750164944,12.851267548511,99999823406.092256,0.00036080133615406547
2014-11-03,0.00456666555172414,456665731.7737204296921171248401,12.687489962266,99999819693.672715,0.00035993451544047796
2014-11-04,0.00479336177645821,479335300.1945228786561651507478,13.221112392687,99999816944.48718,0.00036255359111155917
2014-11-05,0.00477236123403273,477235239.82061904038563697641302,13.150853777379,99999814854.196774,0.0003628936428630776
2014-11-06,0.00516740490441847,516739518.94686470591181147592055,14.007482309414,99999811995.576065,0.0003689031897577779
2014-11-07,0.00462382649166277,462381774.07407086277059615452511,11.53692778565,99999810742.853843,0.0004007849037084234
2014-11-08,0.00478855099909771,478854190.4507016452967574065155,11.941607396057,99999810076.35305,0.0004009971890952337
2014-11-09,0.00482917845413793,482916924.04380181077929052132915,12.031420109502,99999809207.715155,0.0004013805860144483
2014-11-10,0.00500331641672414,500330679.86719220614069456543644,12.4231049262,99999807766.460946,0.0004027428284995225
2014-11-11,0.0049647716463121,496476201.0675094233635499563345,12.31249182937,99999805919.834945,0.0004032304520575779
2014-11-12,0.00485494856358092,485493907.97934338577262192262368,12.004310771499,99999804657.302504,0.0004044337618372632
2014-11-13,0.0052064245802104,520641430.6533050601287614359912,12.5620150977,99999802673.078403,0.0004144577553615306
2014-11-14,0.0050515710341204,505156096.5648197599789672697144,12.165920960611,99999800686.318486,0.00041522306864195664
2014-11-15,0.00528867291367889,528866227.53170934266705400125956,12.70763079523,99999798846.289604,0.00041618087579819155
2014-11-16,0.0050612461233197,506123584.2687585064858026655095,12.15953303835,99999796875.475635,0.0004162368823997613
2014-11-17,0.00542501444184687,542500327.56754633263990802647903,12.981839689021,99999794172.503569,0.0004178925770000775
2014-11-18,0.00527896765189947,527895662.50821888001823714376777,12.627714398504,99999791117.922891,0.00041804617093057367
2014-11-19,0.00547539427118644,547538263.70320839326933073265668,12.982516226031,99999787519.331397,0.000421751390551535
2014-11-20,0.00583897315987984,583896049.03759539436845859269184,13.59764376219,99999783018.288676,0.00042941065834625384
2014-11-21,0.00664873099957237,664871628.40445777442241786757736,14.56518204623,99999778671.632328,0.0004564811465087939
2014-11-22,0.00931833960770343,931831852.49690855805117721484511,19.395063210977,99999773750.096777,0.0004804490455297687
2014-11-23,0.00836620287059936,836618342.40623646825358938425472,17.385729137046,99999767558.385852,0.00048121092907011997
2014-11-24,0.00837370646413988,837368636.18933360169818185709192,17.289781128121,99999759936.097234,0.0004843153537970731
2014-11-25,0.00975401741620003,975399331.07154613986890997371665,19.553161811917,99999752866.090555,0.0004988460439301066
2014-11-26,0.0119277837005164,1192775341.0949053011307546944428,19.419429364555,99999746058.713777,0.0006142190625996146
2014-11-27,0.0153359085210727,1533586818.071778860266737781096,23.355281810278,99999736954.90648,0.0006566355587421684
2014-11-28,0.0153326282226393,1533258656.215652053487085560457,22.750699539618,99999728288.70449,0.0006739409571094334
2014-11-29,0.0133998075432128,1339977004.385093606550348508608,19.870916206648,99999720149.99661,0.0006743427129308597
2014-11-30,0.0110111304363129,1101109879.0442209270477476897603,16.615324618523,99999712601.073307,0.000662709317399525
2014-12-01,0.0135582811899629,1355824100.3787161485690124786567,18.94208389093,99999703604.201923,0.0007157755856236592
2014-12-02,0.0128036743885854,1280363555.4012237857022605089602,17.691902434802,99999696691.965263,0.0007237025207305635
2014-12-03,0.0129599664341052,1295992648.622547552722585040696,17.659746335211,99999691759.38898,0.000733870475153139
2014-12-04,0.01315079207571,1315075068.27874626442869996147,17.658310075574,99999685243.882657,0.0007447367284540404
2014-12-05,0.0139715739300058,1397152916.643249987076917324578,18.393213589415,99999679609.65941,0.0007596048326240399
2014-12-06,0.0145950018034452,1459495426.9507520711238907839552,19.0845781522,99999674313.588176,0.0007647537025471397
2014-12-07,0.0148732183821448,1487316931.442940304636838266532,19.183682366379,99999670093.491965,0.000775305705030404
2014-12-08,0.0150960094436247,1509595868.9333010301395023153247,18.992072745753,99999663790.011001,0.0007948584467696115
2014-12-09,0.0158297644407431,1582971051.0581279191160396145561,19.292037573496,99999659311.659231,0.0008205335688590261
2014-12-10,0.0159937698237553,1599371490.9090354449887864295545,19.169849845412,99999656649.648265,0.0008343189932488259
2014-12-11,0.0165933987073309,1659334105.61120375319299974639,19.360818432524,99999652565.3371,0.0008570608089302597
2014-12-12,0.016899199173049,1689913969.077928360806192367826,19.16819564367,99999648017.227874,0.0008816270183797763
2014-12-13,0.0170605178662478,1706045710.834191826598618300909,19.225054703478,99999643868.337655,0.0008874106279219785
2014-12-14,0.0170919315208531,1709187027.1509507418959682655792,19.090402547241,99999641647.618832,0.0008953154067106497
2014-12-15,0.0206100809990792,2061000615.8503169125185782302736,22.089571084559,99999636873.935458,0.0009330231411096077
2014-12-16,0.0226278259802843,2262774212.2993661860100926089251,21.068175784685,99999629406.330457,0.001074028725198555
2014-12-17,0.0276002164452505,2760011237.832773214610553183959,24.205155904713,99999622948.888918,0.00114026187453213
2014-12-18,0.0281036157421896,2810350829.0425971816256483295424,24.55058678986,99999617658.579544,0.0011447227710987785
2014-12-19,0.0212860102188599,2128592714.1662152094531119598725,18.9570148631,99999609709.866275,0.0011228566508270936
2014-12-20,0.0251290314144905,2512893178.5431986559745709241545,22.263679988764,99999603530.049089,0.0011287007101778584
2014-12-21,0.0244388934391266,2443879556.9178385719850689198924,22.360476613361,99999599531.998214,0.0010929504706766262
2014-12-22,0.0250102948377958,2501019364.6298790702197032276838,22.09857852709,99999595400.623361,0.0011317603440934632
2014-12-23,0.0227188710626626,2271877800.077632984753354567848,20.194782894306,99999590376.27348,0.0011249871405682836
2014-12-24,0.0223570653292899,2235697302.997615933624426298856,19.895344399252,99999587158.18744,0.0011237335167784506
2014-12-25,0.0243888979452823,2438879650.9308150799909254996555,21.509526359336,99999584089.554285,0.0011338649460636094
2014-12-26,0.025151975665706,2515187022.5460117189483176554,21.740860371561,99999580787.4209,0.0011568988179790276
2014-12-27,0.0239319064418722,2393180553.5856173217193228614422,20.664941535637,99999578361.981851,0.0011580921436724742
2014-12-28,0.023940257220029,2394015557.429950807342677263154,20.618448717968,99999575419.225626,0.001161108556104233
2014-12-29,0.0235975585263627,2359745767.82034891009898229838,20.133211728568,99999572633.0794,0.0011720712444939407
2014-12-30,0.0238671385277768,2386703593.696079261302875649704,20.095727744261,99999570158.71053,0.001187672267036602
2014-12-31,0.0245750796069814,2457497344.3586933186143691896298,20.616631784315,99999568003.863407,0.0011920026444706628
2015-01-01,0.024006243476785,2400613939.568875193191941817045,20.115750825744,99999566441.553637,0.0011934052914426626
2015-01-02,0.0245757289214948,2457562194.9418175403567562098364,20.400654958304,99999564724.704743,0.001204653917814112
2015-01-03,0.0210557423451935,2105564963.070060206486945370855,17.609973711871,99999559671.22233,0.0011956714240294228
2015-01-04,0.0181068853639392,1810680443.215984674441899713296,15.452779186483,99999553033.126755,0.0011717559116989017
2015-01-05,0.0206165093159632,2061641595.930277389417685612832,17.515313246105,99999547175.23226,0.0011770562722049995
2015-01-06,0.0209797366349825,2097964061.8650953841864088846125,17.493649319458,99999542337.765165,0.0011992773064020987
2015-01-07,0.0215043483034103,2150424930.5495308380351536968437,17.636156541838,99999539637.688179,0.0012193330362199862
2015-01-08,0.0204584350954851,2045834029.24231469524167080628,16.797047029532,99999536606.4828,0.0012179780802849317
2015-01-09,0.0209403551481217,2094025740.4195245123769388478273,17.076290502741,99999533226.987969,0.0012262824379077211
2015-01-10,0.0197045030111923,1970441017.7964113554106145214692,16.11085793071,99999528873.029004,0.0012230573378486694
2015-01-11,0.0189521048090634,1895201489.8012689667127723562702,15.491641025573,99999525588.046203,0.0012233761922173386
2015-01-12,0.0180998482688074,1809976196.5937189443634911333092,14.950233617585,99999523184.565258,0.0012106732731933841
2015-01-13,0.0145919303760319,1459185985.251534080156997962443,12.301304076033,99999516695.08597,0.0011862100380448113
2015-01-14,0.0142535159012428,1425344621.6167768795778967386012,11.026211473838,99999511102.555229,0.0012926938627163336
2015-01-15,0.016966923601517,1696683951.412242421890458640662,13.317353690543,99999504404.000686,0.0012740461803282775
2015-01-16,0.0161914614068506,1619138014.3674226060000242682338,12.560264048218,99999498110.921973,0.0012891019921788811
2015-01-17,0.0151606876788141,1516061089.9809306410951496799812,11.808782756837,99999493565.157332,0.0012838484703291224
2015-01-18,0.0158273365059458,1582725561.1760657575249076908064,12.313250242285,99999488895.777808,0.0012853906315972575
2015-01-19,0.0163638628858452,1636377860.7073336317316975836156,12.724380294407,99999484970.190403,0.001286024349102324
2015-01-20,0.0166083457259145,1660825953.7425271978309126813875,12.912179125416,99999481053.136475,0.0012862542847801007
2015-01-21,0.0171007784416703,1710068909.9979923868106870272391,13.299766532707,99999477557.757497,0.0012857953859276995
2015-01-22,0.0170774583148163,1707736848.5323652583830224013886,13.187720578936,99999473987.926122,0.0012949514825248238
2015-01-23,0.0166404916103831,1664040339.5769294287221076563571,12.862073437869,99999469879.761541,0.0012937643134107396
2015-01-24,0.0166702751967238,1667018629.8014297684716064151266,12.873890870391,99999466723.203707,0.001294890205653693
2015-01-25,0.0165673946621277,1656730566.5492459312670361815774,12.797582467579,99999462820.575862,0.0012945722134707102
2015-01-26,0.0163903903705215,1639030119.8736966959178036273105,12.677510189297,99999455950.819247,0.001292871401859263
2015-01-27,0.0156112865336624,1561120082.8678817592053545053024,12.132700093746,99999451006.274226,0.0012867116481111648
2015-01-28,0.0146257292644764,1462564821.6498028710997356736404,11.435723296219,99999445853.421011,0.0012789509579435273
2015-01-29,0.0142971350924956,1429705516.2543574920445633536104,11.214448150077,99999440937.282134,0.0012748852998528896
2015-01-30,0.0144403303231964,1444024889.9277817409440987952332,11.347920961482,99999436135.346213,0.0012725088914710368
2015-01-31,0.0140322533801029,1403217375.3370886199635755366547,11.034697681279,99999432544.938743,0.0012716481942146387
2015-02-01,0.013761983583785,1376190495.859677794213637694105,10.84187184941,99999428678.375153,0.0012693364923450842
2015-02-02,0.0138419813522105,1384190161.480801265620134551591,10.937289117796,99999423945.167542,0.001265576981931317
2015-02-03,0.0132269829787625,1322690626.4486087425377554881,10.486637112379,99999420016.820648,0.0012613178883770703
2015-02-04,0.0134425834453194,1344250499.0152409160129445372656,10.677525931174,99999416368.384024,0.0012589605056422825
2015-02-05,0.0155473751762709,1554728373.2997964953829510650912,12.236451578735,99999411841.086368,0.001270578735692442
2015-02-06,0.0143711027960203,1437101730.1861374295401616929408,11.342786515168,99999405096.740736,0.0012669816871544502
2015-02-07,0.014985647120889,1498555742.497558095000439185831,11.835590275582,99999401454.520479,0.0012661512245659501
2015-02-08,0.0145399356793103,1453984811.2009486975698409107534,11.512821675556,99999397746.298578,0.0012629341519448235
2015-02-09,0.0138819228941204,1388183890.6270629365441531314048,11.047074302373,99999394984.034912,0.001256615327656342
2015-02-10,0.0136792951074503,1367921187.7811152020553452447737,10.91007345231,99999391564.854079,0.0012538224574972013
2015-02-11,0.0136065483447341,1360646513.464349255558738821224,10.973339904594,99999388455.55464,0.0012399641734452884
2015-02-12,0.0141599218847322,1415983476.2503980049148918898018,11.417414368853,99999384726.632469,0.0012402039049542453
2015-02-13,0.0146877225397282,1468763158.2210857103827345171406,11.879744810689,99999380724.158583,0.0012363668390008408
2015-02-14,0.0148728583214961,1487276563.6688482077713627270814,12.021440998062,99999376819.131774,0.0012371943034028769
2015-02-15,0.0135666802172834,1356659477.9149397377114585888514,10.982926395434,99999370235.513521,0.0012352518562742585
2015-02-16,0.0136961177489071,1369603099.6029460254023870777274,11.09806807593,99999366587.822694,0.0012340992734232608
2015-02-17,0.0139514114323787,1395132252.3138355625375475484268,11.322111876655,99999362722.253764,0.0012322269541555262
2015-02-18,0.013713961841049,1371387400.060762594037168912778,11.137206100322,99999359481.655322,0.0012313646454520134
2015-02-19,0.0136367576774226,1363666998.0119919861396894847956,11.068431240779,99999356905.030106,0.0012320406912933795
2015-02-20,0.0132647824837096,1326469646.9872196156506962123872,10.797545654636,99999351562.398332,0.001228499782079113
2015-02-21,0.0134562049840999,1345611732.4726219439073360032868,10.964623033839,99999348557.979132,0.0012272382682533985
2015-02-22,0.0131931378523027,1319305143.4641332738623590298031,10.758564189897,99999344980.228853,0.0012262916890612527
2015-02-23,0.013528235400997,1352814634.421317981580254100985,11.029876345621,99999341696.968005,0.0012265083467021714
2015-02-24,0.0130302229188655,1303013672.902391625364787884519,10.639792902462,99999338539.009498,0.0012246688481925589
2015-02-25,0.0131584668561119,1315837941.419197781339837711295,10.747157006263,99999335470.30305,0.0012243672301841023
2015-02-26,0.0131237357150844,1312364805.9902190251958600730332,10.728400514352,99999332086.654953,0.0012232704863626245
2015-02-27,0.0132521550598446,1325206593.5765851720902092510376,10.856309651718,99999327474.826956,0.0012206869078893177
2015-02-28,0.0125371431533072,1253705847.8663762200710452917376,10.284816671242,99999324609.742408,0.0012189952970540609
2015-03-01,0.0115840088800282,1158392979.3613665464575777362184,9.542949257464,99999317279.403412,0.0012138814288431628
2015-03-02,0.0118228661244674,1182278472.3777135735914953541306,9.776321409266,99999311497.826269,0.0012093368895647893
2015-03-03,0.00879947627935333,879941447.36507460281009605517521,7.406084102538,99999297620.669437,0.001188141554635847
2015-03-04,0.0104765048505563,1047642930.0939661311673120747095,8.815993198179,99999278866.208565,0.0011883521930030855
2015-03-05,0.0113176344953521,1131755121.761176135431029827636,9.548079031104,99999264177.15316,0.0011853310449655436
2015-03-06,0.0105917961075558,1059171737.8081415594142553566252,9.090135290777,99999256693.826194,0.0011651967510651255
2015-03-07,0.0104038223722852,1040374432.4240618077635121549432,8.937392823726,99999249813.753166,0.0011640780009877472
2015-03-08,0.0101935603460813,1019348313.9172970128390720137359,8.766724880887,99999242591.344843,0.0011627558164058565
2015-03-09,0.0102834454393748,1028336658.237481867101877788662,8.851672651899,99999233165.572315,0.0011617516647736215
2015-03-10,0.0100262189137229,1002614126.1512119202237338291361,8.656395642772,99999225508.524709,0.0011582440691807667
2015-03-11,0.0102971033675516,1029702310.3566162916972298181712,8.8996979166,99999220518.794732,0.0011570171778915231
2015-03-12,0.0105602339546011,1056015117.1610247376165754535778,9.131780059663,99999216087.529798,0.0011564266644186801
2015-03-13,0.0104135650290765,1041348297.4768317665595071065905,9.101961001516,99999212044.021877,0.0011441012576676654
2015-03-14,0.0111313127418476,1113122453.9052603036964683017464,9.766722978081,99999207615.516314,0.0011397182828702202
2015-03-15,0.0107496487144711,1074956312.5764754373321169130858,9.443170686925,99999203799.969478,0.0011383516268910659
2015-03-16,0.010958046690579,1095795887.835294028887806370108,9.613381362821,99999198650.740052,0.0011398743352633847
2015-03-17,0.010743623615749,1074353705.07303307626109437032,9.516751839529,99999194266.08968,0.001128917071381859
2015-03-18,0.0101116476641696,1011156543.7604339724672636089216,8.985554632424,99999186813.385996,0.0011253225958564805
2015-03-19,0.0100815063437497,1008142371.0804748738613170750682,9.009323171704,99999180351.208106,0.00111900818203671
2015-03-20,0.0101215553832544,1012147204.0576714656726471526976,9.060649237637,99999176582.308454,0.0011170894179647198
2015-03-21,0.00987759209994155,987751042.5031718166584487923167,8.858019198226,99999173129.351714,0.0011151016811884692
2015-03-22,0.0101241474008248,1012406338.3816754626874854194744,9.076475742161,99999170132.508753,0.0011154271424752755
2015-03-23,0.00966314935695017,966306872.5087909579742827488947,8.690186494603,99999165573.67291,0.0011119611026704
2015-03-24,0.00924132950559834,924125198.33408278472988740798094,8.305564627169,99999161135.229891,0.0011126672201632489
2015-03-25,0.0087809084101732,878083433.9263504247303567313208,7.934476372363,99999156455.047294,0.001106677743821691
2015-03-26,0.00857894431897136,857887164.334832788129443586192,7.788264469536,99999152860.5347,0.0011015219568529197
2015-03-27,0.00869042069745762,869034681.9752845706401166164215,7.902557310735,99999149894.955075,0.0010996972695980793
2015-03-28,0.00883525101135885,883517565.83971456876476292854075,8.034570238249,99999147132.757095,0.0010996544618277362
2015-03-29,0.00834350787371128,834343650.91712488817497642463264,7.605822234295,99999144669.830588,0.0010969895977965436
2015-03-30,0.00813808988116895,813801993.3999101369527949142259,7.463440251789,99999140496.469442,0.0010903939211167712
2015-03-31,0.00764943984342185,764937372.5999954750845337043664,7.038567116345,99999135656.685344,0.0010867893588253606
2015-04-01,0.00767486344611901,767479678.29591693037820815421183,7.070810793207,99999131409.173483,0.0010854290505824778
2015-04-02,0.00806289993886324,806282964.8869652346347770792268,7.430981199719,99999128229.37007,0.0010850383983165152
2015-04-03,0.00877678747956765,877671054.0189561166021799333703,8.076896239775,99999123376.539902,0.0010866534890402587
2015-04-04,0.00859471907562829,859464345.68026571525455276396644,7.910737959324,99999120171.061236,0.001086462365435593
2015-04-05,0.00877075665420807,877067922.48083817168721403091213,8.067477686249,99999117186.774859,0.0010871745786366176
2015-04-06,0.00887649137457957,887641270.69237631065935137405862,8.178904820062,99999113752.805166,0.001085290949077493
2015-04-07,0.00914336850070134,914328704.5283664371145399801417,8.420279635094,99999109131.195255,0.00108587468551444
2015-04-08,0.0090955327849211,909545128.9333558709486828573448,8.379160673422,99999104004.246168,0.001085494495143335
2015-04-09,0.00864233443333363,864225666.85020261365542976880497,7.972728326624,99999100187.198219,0.0010839870718375739
2015-04-10,0.00855271511731151,855263781.56815457222289796946614,7.901330352385,99999096174.385514,0.0010824398849150626
2015-04-11,0.00808665652823852,808658324.61060986779363481154512,7.476702354901,99999093789.476956,0.0010815806413555695
2015-04-12,0.00809643486503215,809636130.72377520057729901751825,7.488629152712,99999091479.205055,0.0010811638151556795
2015-04-13,0.00802185391801578,802178081.50588738008931649733438,7.430216968071,99999088702.466371,0.0010796257972663721
2015-04-14,0.00769796525195385,769789480.8630569838528111192246,7.142825183271,99999084909.830396,0.0010777199573612731
2015-04-15,0.00788777874091537,788770630.84746852822744708960385,7.329648756054,99999081713.077105,0.0010761468937239833
2015-04-16,0.00793290463560144,793283158.1147473229482693977768,7.376756907785,99999079095.774845,0.0010753919011794349
2015-04-17,0.00785686403924021,785679151.85021542914138838282672,7.355880721383,99999076976.034032,0.0010681065037393671
2015-04-18,0.00786122182657902,786114912.30691698523476831832956,7.363464110766,99999075162.723378,0.0010675983081231096
2015-04-19,0.0078709354268498,787086248.2707957455778021961928,7.380106326398,99999073246.852036,0.0010665070499995572
2015-04-20,0.00787145188243684,787137875.371482554060421555709,7.390906947214,99999070962.725725,0.001065018398777701
2015-04-21,0.00812185355478083,812177788.78055547491187201581973,7.627409943439,99999068353.365831,0.0010648245754467601
2015-04-22,0.00799333800478199,799326332.21246327764702212905712,7.512113985313,99999065688.735888,0.0010640597334398592
2015-04-23,0.00786840499128179,786833128.99291686869805149350659,7.178825070291,99999063325.379121,0.001096057490500021
2015-04-24,0.00776342243366453,776334951.30145005574315861670166,7.085917220956,99999060715.159422,0.0010956129166602264
2015-04-25,0.00788934027966921,788926605.02497987527146060228814,7.20183109091,99999059117.533534,0.0010954631093232621
2015-04-26,0.00771982427135593,771975142.03350068600064475495188,7.050953139264,99999056312.444916,0.0010948625127526728
2015-04-27,0.00773017871643046,773010552.0131776535476030980524,7.065480214762,99999053109.87794,0.0010940769036872676
2015-04-28,0.00759607036099963,759599816.26187568363719052715642,6.945145758119,99999049529.856334,0.0010937236777384676
2015-04-29,0.00788137789711906,788130272.50583532475388118156976,7.20488112535,99999046206.619096,0.0010938942308692423
2015-04-30,0.00820168685524962,820160838.70357164987945477231,7.499019730302,99999043267.3755,0.0010937011969855588
2015-05-01,0.00808105997278344,808098247.21452540948880397419608,7.391296149915,99999040959.497307,0.0010933210913049902
2015-05-02,0.00804037294626478,804029574.32798421723784074208726,7.354499134227,99999039808.408717,0.0010932590784932996
2015-05-03,0.00805697151547994,805689400.57978951060873912663898,7.372351840453,99999037979.942017,0.0010928631310391818
2015-05-04,0.00811086788483343,811078970.44349978982140765276106,7.422701716532,99999036103.169942,0.0010927110093577831
2015-05-05,0.00767742986273187,767735566.92436854992229113768652,7.041186889034,99999033615.552196,0.0010903601883780075
2015-05-06,0.00758748119743895,758740770.2393097592578715730144,6.965384469725,99999031364.375872,0.0010893126187675483
2015-05-07,0.00754295503246426,754288153.32938032362703762185164,6.931672527207,99999025591.825214,0.0010881868701756985
2015-05-08,0.00743707574519871,743700314.99131481706170578474734,6.848902636682,99999023873.252754,0.0010858784450178216
2015-05-09,0.00749961385590298,749954055.27973057198168936687926,6.904206256803,99999022574.934087,0.0010862383852616368
2015-05-10,0.0073148573032689,731478559.2098964482053639905894,6.739586888563,99999019650.459846,0.0010853569253157233
2015-05-11,0.00735649524231444,735642289.12983914964984564784392,6.778616160816,99999016501.558618,0.0010852503029805535
2015-05-12,0.00707692003526337,707685015.09032347051170566762646,6.661674738731,99999012503.182358,0.0010623334691077203
2015-05-13,0.00669621280659833,669614642.02525099351810781841413,6.320346727892,99999008598.625261,0.0010594692182072252
2015-05-14,0.00664550740174816,664544129.36384817956521323710912,6.501829898732,99999005221.036082,0.0010220980101377584
2015-05-15,0.00657428708698279,657422156.36558364168856331608903,6.439590605706,99999003339.433057,0.0010209169323834714
2015-05-16,0.00651823370841192,651816863.31678762987529299568536,6.392210331533,99999001642.976383,0.0010197151486485423
2015-05-17,0.00626280375150914,626274104.40318624878886121413222,6.152820767297,99998998731.562323,0.0010178752133975222
2015-05-18,0.00538735408709327,538729987.62148111431568523891547,5.327127897261,99998993738.343861,0.001011305564836023
2015-05-19,0.00658927537757121,658920883.8900413515590438816669,6.509912093933,99998990197.44989,0.001012191145209499
2015-05-20,0.00636529252397428,636522808.04482882953317316795784,6.317299624048,99998987579.506378,0.0010075970593105296
2015-05-21,0.00645958570777892,645952021.11809177175015219633488,6.421578267315,99998986055.747764,0.001005918707034589
2015-05-22,0.00669407338833138,669400539.87320372560696398003636,6.650909881773,99998984331.431722,0.001006489864894527
2015-05-23,0.00684471745545934,684464778.36810362399227875846434,6.799092149765,99998982108.775751,0.0010067104996798605
2015-05-24,0.00670863670461426,670856829.31191633581943226071474,6.668919822769,99998980247.431649,0.0010059555194695336
2015-05-25,0.00685963801640847,685956792.7558241511949839667338,6.799109471847,99998978242.72854,0.0010089024224145971
2015-05-26,0.0067108107993045,671074209.2768380155572974849455,6.656777231192,99998976181.296499,0.0010081170762120915
2015-05-27,0.00677602226215649,677595275.78872115965235044356513,6.722257129273,99998974261.497537,0.0010079980774090537
2015-05-28,0.00792137272798814,792129128.64379320109486921284034,7.819962349004,99998971875.797231,0.001012968141591763
2015-05-29,0.00930871131128892,930861526.23258692688719229158316,8.9285315676,99998968181.955173,0.0010425803213899721
2015-05-30,0.0081607376794174,816065330.165745789801482095131,7.843486073598,99998966052.295065,0.0010404477808518462
2015-05-31,0.00822020105542946,822011593.75966584913449906057324,7.905485185972,99998964528.577494,0.001039809810790097
2015-06-01,0.00738254474200421,738246807.65609666430727834074499,7.120116650585,99998961530.936519,0.0010368572741568283
2015-06-02,0.00820397961606346,820389420.34752061088842537578442,7.888920547945,99998958888.341377,0.00103993690470118
2015-06-03,0.00797534872332669,797526551.30602849873150292038431,7.676955558643,99998956656.701899,0.0010388686846503556
2015-06-04,0.00762599799574536,762591827.31346852504749785976288,7.349665940625,99998954594.392508,0.001037597906810015
2015-06-05,0.00783187785528931,783179576.52035237421019274149373,7.547147996232,99998951846.705183,0.0010377268153744254
2015-06-06,0.00785353237436667,785344986.4053013410384478608711,7.567115970261,99998949385.96133,0.0010378501406918166
2015-06-07,0.00777919490151374,777911306.22263244287393820733594,7.506739380931,99998947972.271531,0.0010362947888233399
2015-06-08,0.00795629580084746,795621197.8596145027921248354736,7.676020179658,99998946466.37816,0.0010365131428304749
2015-06-09,0.00801420630125073,801412174.18942042950452997915945,7.726744444571,99998944881.709465,0.0010372034896122013
2015-06-10,0.00792825608509034,792817226.95838321407868448758552,7.63579827277,99998942825.438428,0.0010383008824844514
2015-06-11,0.00798494584057861,798486121.64611982866262939273604,7.668554382222,99998940204.240564,0.0010412582923177932
2015-06-12,0.007939416704351,793933235.80632639498848635609,7.620516139326,99998937626.13959,0.0010418476333091534
2015-06-13,0.00813852108256089,813843450.27008650504593852938109,7.808343806305,99998936172.074181,0.0010422851867753673
2015-06-14,0.00813309866261835,813301196.16419836022191703247375,7.80761589408,99998933973.630925,0.0010416878561847725
2015-06-15,0.00879609507254811,879600101.66685579958333434927999,8.445662121671,99998930708.697709,0.0010414926557360045
2015-06-16,0.00931516774382127,931506759.26485585314032396484987,8.920575450984,99998924859.160181,0.0010442339504895665
2015-06-17,0.00976081393185179,976070854.41031667586555422505549,9.322073828208,99998920297.535031,0.0010470646458855745
2015-06-18,0.0102113886419922,1021127807.3014179772361082949734,9.716907299701,99998917199.394747,0.0010508887578156083
2015-06-19,0.0113125846217216,1131246179.7702651339220349811712,10.555033868685,99998914270.937582,0.0010717715132382594
2015-06-20,0.0108251738369319,1082505608.8614187146011167487574,10.103262493237,99998912273.193146,0.0010714532898831578
2015-06-21,0.0101477117917305,1014760115.879654238141742236594,9.488694409167,99998909774.575508,0.001069452904071484
2015-06-22,0.0105484405768811,1054832533.0529098889542636362312,9.855585401709,99998907456.024792,0.0010703007631644038
2015-06-23,0.0105907367412883,1059062079.4460684789476573959296,9.888769446106,99998905205.270912,0.0010709863142232244
2015-06-24,0.0108936590865226,1089353961.425416443201715134176,10.179004174573,99998903286.14576,0.0010702087256958589
2015-06-25,0.0110428676667993,1104274635.2348799447108264430854,10.288682115425,99998901422.581878,0.0010733024446584474
2015-06-26,0.0113972542933816,1139712890.784380383470307833112,10.5609873131,99998899861.89157,0.0010791845454869815
2015-06-27,0.011460024237946,1145989798.219251696496897603056,10.61068275617,99998898294.184536,0.0010800458840673675
2015-06-28,0.0116310219467563,1163089362.354146744381329520231,10.759171140053,99998896715.90837,0.0010810332687671148
2015-06-29,0.0115943339963618,1159420574.1587754800154357626982,10.727577522639,99998893815.081699,0.0010807970365997017
2015-06-30,0.010677077048027,1067695860.256995500518520687466,9.942806013102,99998890656.529758,0.0010738494781007922
2015-07-01,0.0108952280830848,1089510694.835023773077783262336,10.141158637248,99998888185.41807,0.0010743573266931393
2015-07-02,0.0107268281730361,1072670869.0004135722711200483914,9.990243348369,99998886128.965274,0.0010737304186676647
2015-07-03,0.0109093080247041,1090918624.3531724691305846513001,10.143340505602,99998883694.803561,0.0010755143257469343
2015-07-04,0.0104909400307227,1049082266.2317399905995512582732,9.755705285621,99998881240.337316,0.0010753645916492956
2015-07-05,0.00973741087306174,973730157.79038191285371256188892,9.075831134989,99998877574.754258,0.001072894672480433
2015-07-06,0.00939053764170138,939043193.19943643314246969013964,8.911599108789,99998874295.476478,0.00105374327627014
2015-07-07,0.0093530941587668,935298864.5030534549369192148696,8.884689321364,99998871884.165022,0.0010527204520563798
2015-07-08,0.00899959845647878,899949666.21152562268835787831056,8.569347488943,99998868901.051352,0.0010502081363943907
2015-07-09,0.00859251399455049,859241653.54066645515613185981462,8.19745275844,99998865766.830438,0.0010481931702142153
2015-07-10,0.00848165739514757,848156080.22098448707143464559069,8.234608130395,99998861154.922617,0.0010300013383564275
2015-07-11,0.00851101941661198,851092225.29665779827306358064792,8.252887059547,99998858378.290004,0.0010312778249844544
2015-07-12,0.00860909410031729,860899554.54397935100728070936174,8.351466105064,99998855223.600206,0.0010308482357483406
2015-07-13,0.00847260809162805,847251075.05274204871761936595485,8.226041963747,99998851108.187977,0.0010299738475645628
2015-07-14,0.00833797734908586,833788129.17242156823290939821692,8.103309550951,99998847953.674822,0.0010289595006409843
2015-07-15,0.0084200915840703,841999429.4626486415742406189407,8.182118498353,99998844555.990369,0.0010290845318074043
2015-07-16,0.00800268346455291,800259061.81506706025677020266199,7.800691651348,99998839809.138389,0.0010258940901951951
2015-07-17,0.00812330156592593,812320713.2850375497397287782671,7.920114663736,99998837503.75647,0.0010256545404727872
2015-07-18,0.00804948089262947,804938720.24993855217688238581668,7.85159825908,99998836072.396044,0.0010252028474993138
2015-07-19,0.00809329049070719,809319616.94519842963806087125494,7.89624794711,99998834574.697226,0.0010249539458382013
2015-07-20,0.00797150706536528,797141398.97427663711132003051216,7.801680487546,99998832396.161097,0.0010217679483401527
2015-07-21,0.00774609308944873,774600234.17294194168133219765665,7.587991582536,99998828471.098105,0.0010208357514887873
2015-07-22,0.00769062426481193,769053393.21254640232795912482875,7.537511619715,99998825418.023875,0.0010203134207709148
2015-07-23,0.00762251910534808,762242937.53232085692765666817704,7.47716357667,99998822829.780663,0.0010194399289500118
2015-07-24,0.00774472098634424,774462959.68116690840709733376136,7.598208332603,99998819976.436439,0.001019282526528336
2015-07-25,0.00795945165068,795935757.16939590479957936532,7.807759899207,99998818021.766199,0.0010194283319967877
2015-07-26,0.00831656830923031,831646984.40087368920925540587552,8.152691982131,99998816035.437792,0.0010201008853834405
2015-07-27,0.00856579598355618,856569421.27921617580823015195466,8.077625834894,99998811893.673237,0.0010604348553201568
2015-07-28,0.00844566912688515,844556857.49989467303872132363445,7.965517520959,99998809426.645863,0.0010602787709226384
2015-07-29,0.00841615614694482,841605571.7185594434022750758741,7.939306662755,99998806702.757505,0.0010600618548250345
2015-07-30,0.00844820480012858,844810371.57473543710371920641418,7.978908835898,99998803480.933321,0.001058817060563365
2015-07-31,0.00823139444075439,823129566.59672073078940793576793,7.791723989004,99998800023.642487,0.0010564278781397892
2015-08-01,0.0081357208161128,813562288.6592672328772448799048,7.704055708012,99998796301.860141,0.0010560308913202536
2015-08-02,0.00822400196255928,822390269.56309470058876288380024,7.789789117946,99998792960.789833,0.001055741283626401
2015-08-03,0.00815232616119521,815222747.3418924428275672432494,7.727084659768,99998789452.55214,0.0010550325925172378
2015-08-04,0.00826177229627453,826167206.24361253615436218480611,7.822035259818,99998786775.587487,0.0010562177261863636
2015-08-05,0.00819789456203082,819779489.62230296085252987190986,7.763140294887,99998784251.163073,0.0010560023715441753
2015-08-06,0.00786182136525409,786172553.72601182652002762379504,7.456220411742,99998781096.777456,0.001054397661430898
2015-08-07,0.00810573040793295,810563135.98393247832662267211525,7.687675541777,99998778048.508395,0.0010543798790524032
2015-08-08,0.00837894101163097,837883833.91857654509508770287081,7.940388672656,99998774636.973073,0.0010552305884578667
2015-08-09,0.00881582763403259,881571928.88065380659187231327122,8.34740895061,99998771014.695958,0.0010561154588440717
2015-08-10,0.00857044749678551,857034189.39786693947717494245357,8.115575817808,99998767826.220507,0.0010560492180948376
2015-08-11,0.00834893260302747,834882954.52128490470538984370043,7.907212801772,99998765616.881569,0.0010558628953499874
2015-08-12,0.00804859820751773,804849868.00251472135579392722721,7.632562277623,99998763418.299477,0.001054508029513818
2015-08-13,0.00807528752576086,807518752.32794306118153551609288,7.660675160002,99998761623.272108,0.001054122170317786
2015-08-14,0.00828211865984708,828201584.0622059658302475803614,7.850045716003,99998758539.580955,0.0010550408188022729
2015-08-15,0.00800168089775695,800158135.062878454277772757327,7.591880720311,99998755922.29386,0.0010539787428890432
2015-08-16,0.00800905327789033,800895341.21871852946283748137476,7.603115648625,99998753089.788772,0.0010533909581315842
2015-08-17,0.00810075319781435,810065199.7953094546133828097746,7.69583907658,99998750735.162716,0.001052614681414868
2015-08-18,0.00707570664985791,707561807.14245302385246503083476,6.75108575851,99998748133.045036,0.001048084249402211
2015-08-19,0.00753608760302448,753599301.24515020390375712293824,7.198640189756,99998744831.828388,0.0010468765495112095
2015-08-20,0.00783469660317274,783459803.13616445861001151483126,7.506296040275,99998741855.414599,0.0010437500148056656
2015-08-21,0.00778149440666838,778139627.9518248924596642968536,7.462017770437,99998738967.79972,0.0010428137061663245
2015-08-22,0.0076316887563211,763159233.3173394213720221930908,7.327064505142,99998736542.451028,0.0010415752107771565
2015-08-23,0.00740486742000585,740477367.495517913189647899639,7.122438340396,99998734007.70934,0.0010396534257106882
2015-08-24,0.00714475637056615,714466563.5842814572415424852189,6.882948702172,99998730051.542286,0.0010380371378202388
2015-08-25,0.00720126375203204,720117199.71023743816519730990252,6.961762340363,99998725849.617163,0.001034402411337781
2015-08-26,0.00731719707668345,731710364.6984333114208752938251,7.076095800019,99998723149.067358,0.0010340726416767567
2015-08-27,0.00742282361365258,742272866.9153377063626085186341,7.182992745612,99998720911.284645,0.0010333887108805852
2015-08-28,0.007525459364033,752536284.252671166260949365624,7.275564638967,99998717400.471928,0.001034347124582963
2015-08-29,0.00774917504577841,774907541.83382568428796027410548,7.487556412986,99998714347.791028,0.0010349404556523505
2015-08-30,0.00784328790978671,784318683.27125530067813503224782,7.576822059737,99998711292.058642,0.0010351685506072132
2015-08-31,0.00768786303786772,768776370.40397952103068808335504,7.428017632597,99998707913.662932,0.0010349817970450714
2015-09-01,0.00782382154241627,782372015.70173059589144828830301,7.557188571628,99998704144.791463,0.001035282032234751
2015-09-02,0.0076728411129732,767274144.6001084951784587179048,7.416281749926,99998701042.147914,0.001034594069062945
2015-09-03,0.00754664684427238,754654854.19539519759434405646298,7.301356720275,99998697404.019871,0.0010335951431213104
2015-09-04,0.00763880022786266,763870042.015377525458557566257,7.393810837747,99998693411.19145,0.0010331343870558516
2015-09-05,0.00751583144644903,751573297.22005316087386128985678,7.009991794815,99998689775.719426,0.0010721598065219105
2015-09-06,0.00781244637920514,781234378.58686516791383889750564,7.282020111038,99998686796.279826,0.0010728405387624685
2015-09-07,0.00769836723752192,769826597.34918628596649913445888,7.177590607298,99998684603.800614,0.0010725559116863544
2015-09-08,0.00776907454470861,776897219.65148654896220941694922,7.242029640637,99998682620.521202,0.001072775855695787
2015-09-09,0.00753408093794273,753398148.94478152752649536149466,7.029591145676,99998680018.230042,0.0010717665909456269
2015-09-10,0.00756714273989188,756704269.05215869581197322969108,7.061837402665,99998677844.812341,0.001071554371534551
2015-09-11,0.00760463819866226,760453749.19064715826072922882784,7.016696549979,99998675719.302384,0.001083791802095962
2015-09-12,0.00749471659831697,749461719.77341525735325322020677,6.918153162272,99998673724.596341,0.0010833406579069753
2015-09-13,0.00758555287913735,758545203.7546096580363494087701,7.00159062333,99998670609.870366,0.0010834042272996553
2015-09-14,0.00731065019375231,731055277.53596518381709215934061,6.754157350251,99998667445.574931,0.0010823926382882729
2015-09-15,0.0074500574448662,744995787.9207788939625962335188,6.879489102722,99998663558.514174,0.001082937603886667
2015-09-16,0.00720335712295105,720326061.7891297413539262863253,6.668534708991,99998660276.616786,0.0010802008892956594
2015-09-17,0.00729458038835768,729448226.77052568521388975980488,6.765683973671,99998654882.841791,0.001078173384501095
2015-09-18,0.00730715612371669,730705755.72938811833972744638091,6.778614595403,99998651097.347039,0.0010779719101705718
2015-09-19,0.00731096456343659,731086569.57911693992344387589211,6.782518668065,99998647679.870929,0.0010779129289919596
2015-09-20,0.007120858783882,712076232.67995802272483845098,6.610938689847,99998645429.07889,0.0010771327821899376
2015-09-21,0.00714563134596435,714553440.12202166234656152108375,6.639260787533,99998643300.508525,0.0010762691170954147
2015-09-22,0.00711017945766467,711008276.46418780079861748316283,6.606775250825,99998640076.198249,0.0010761951463048194
2015-09-23,0.00646500499002301,646491680.32594475951774463574571,6.080103952497,99998635936.651271,0.0010633050093441145
2015-09-24,0.00654232672432999,654223726.25030266780679081861821,6.186671845088,99998632568.645179,0.0010574872707244636
2015-09-25,0.00667279782359731,667270638.28557285899569696034314,6.313115833535,99998629649.151694,0.0010569737669237265
2015-09-26,0.00642760374655458,642751550.09530834685016387509532,6.094130394013,99998627083.980654,0.0010547204163647683
2015-09-27,0.00642871930931485,642863091.63735216936709507971515,6.101231269648,99998625030.319799,0.001053675729568885
2015-09-28,0.0059915481891512,599146564.324908540200447430828,5.731554662446,99998622294.280065,0.001045361780880974
2015-09-29,0.00515135035690536,515127921.28120437240354316853664,4.985979057405,99998618923.420324,0.0010331672671698763
2015-09-30,0.005602168871401,560209126.174889664541220548864,5.425569679843,99998614649.899264,0.0010325494283511092
2015-10-01,0.00541910045785759,541902524.17353948999209911011907,5.256785331419,99998612018.308573,0.001030877259809043
2015-10-02,0.00585693736035926,585685590.03110627594895406626096,5.678288985238,99998609169.892296,0.0010314616560702873
2015-10-03,0.00538242511326677,538235009.52249491745676774461936,5.234654431781,99998606240.862768,0.0010282293097684948
2015-10-04,0.00506371025127206,506363954.51113716302105732883934,4.9420146325,99998603668.907189,0.0010246246981892278
2015-10-05,0.00490126516218508,490119654.76600222042141622853452,4.813649619016,99998600065.028369,0.001018201479148578
2015-10-06,0.00538030912317058,538023360.5331714927852001571269,5.274824869583,99998596403.345305,0.0010199976788226373
2015-10-07,0.0051304555336206,513038339.4902681368984223677452,5.04514697662,99998593912.032842,0.0010169090330561098
2015-10-08,0.00479561568275486,479554803.01097098191809907318198,4.727183783483,99998589281.343093,0.0010144762510632575
2015-10-09,0.00506498552065716,506491382.21261379414352768225524,5.012920893402,99998584427.719889,0.0010103860859491493
2015-10-10,0.00504834827139352,504827671.932484042164499715666,4.997242752372,99998582663.777675,0.0010102267433370656
2015-10-11,0.00518635809165071,518628448.69830496437879992661197,5.133967961049,99998580802.436707,0.0010102046080145395
2015-10-12,0.00529042076596012,529034561.3364424390374491406106,5.239894401058,99998579459.006755,0.0010096426303728408
2015-10-13,0.00529981462289611,529973922.34965263774213440014848,5.251992303925,99998577320.058368,0.0010091055577014785
2015-10-14,0.00529662544577317,529654999.95573707263698494721173,5.249926339732,99998575579.553969,0.001008895192621608
2015-10-15,0.00537308958569197,537301290.01940291460277684725262,5.293793729688,99998572785.792646,0.0010149790226164786
2015-10-16,0.00529557213640586,529549643.40805526400145912542446,5.224993211134,99998570459.936011,0.0010135079458326306
2015-10-17,0.00514526966244697,514519596.34975194154472855655147,5.083474100887,99998567636.794851,0.0010121561672851226
2015-10-18,0.0050006878977926,500061614.2361168331872163853468,4.943937655073,99998565088.785818,0.0010114787537139284
2015-10-19,0.00500057860233945,500050672.73590035659430658936695,4.947408119482,99998562666.719951,0.0010107471390217585
2015-10-20,0.00470477039514453,470470264.80197090273338700767644,4.666904291829,99998560033.346348,0.0010081137518465565
2015-10-21,0.004662240319973,466217310.031176418001082712377,4.634911557601,99998558211.146949,0.001005896285621067
2015-10-22,0.00476475762067719,476468881.59249380319666075486063,4.739495365795,99998555965.324377,0.0010053301571016416
2015-10-23,0.00460110293029346,460103638.49883923073154673468284,4.588947853212,99998553709.706654,0.0010026487721086115
2015-10-24,0.00467901845887877,467895070.15123368469321340416309,4.666447063148,99998551889.311217,0.0010026939972875828
2015-10-25,0.00451182620492507,451176076.17820555441640137993597,4.510630638008,99998549519.860871,0.0010002650553798387
2015-10-26,0.00457021864908586,457015225.35843988196711230745884,4.598508149152,99998547213.895894,0.000993848113529742
2015-10-27,0.00462077341637787,462070616.92108195863023397362052,4.654501852619,99998544677.243596,0.0009927535883948245
2015-10-28,0.00469192957352426,469186116.60404142512813758064542,4.730000846855,99998542018.102067,0.0009919511064451385
2015-10-29,0.00456184942796198,456178278.08627666510316487005224,4.620156616318,99998539033.340188,0.0009873798242790981
2015-10-30,0.00467253237268986,467246392.4651997685516143486858,4.746439571681,99998535097.62153,0.0009844289181659242
2015-10-31,0.00463123391185861,463116592.36130638540645613059244,4.694266774912,99998531962.607804,0.0009865723730508324
2015-11-01,0.00494124409108053,494117133.60531829381994345862546,5.000886689987,99998527596.977482,0.0009880735952234453
2015-11-02,0.00502008669865138,502001257.64855513791328554252856,5.070638211034,99998523488.332412,0.0009900305424527002
2015-11-03,0.00527060004787735,527052198.23615586046738907849865,5.316009175309,99998518849.560159,0.0009914580419381968
2015-11-04,0.00454395498363819,454388745.55252998213064847706372,4.604411517092,99998513891.243788,0.0009868698674674516
2015-11-05,0.00439163488787431,439156940.23442830677006841177402,4.558432989868,99998508857.596342,0.0009634088945994311
2015-11-06,0.00446824550625365,446817870.8101795870887792271502,4.624145349354,99998505047.411548,0.0009662856957724892
2015-11-07,0.00462829147358993,462822213.77623474050586223008597,4.78845189562,99998501913.114629,0.0009665527762372285
2015-11-08,0.00452908554198555,452901755.49023328326852670468975,4.689134559477,99998498878.358845,0.0009658681115968443
2015-11-09,0.00448966158016546,448959404.67917927019022246361494,4.65638298816,99998495802.579739,0.0009641950826599809
2015-11-10,0.00448084458341546,448077702.79599264506815118631564,4.593501349925,99998492349.951534,0.0009754747505383057
2015-11-11,0.00423607786986375,423601384.010434199211325298445,3.368688218754,99998488465.949516,0.0012574858801954007
2015-11-12,0.00446195152801807,446188391.93758603718630546922018,3.550733045113,99998484774.166974,0.0012566282712126759
2015-11-13,0.00439077691892178,439071021.91534108220744780749176,3.496484847946,99998480911.929692,0.001255768896439271
2015-11-14,0.0043495953542256,434952916.0036406359257906123072,3.468841947935,99998478152.936012,0.0012539041615357864
2015-11-15,0.00416865707322818,416859348.55992232280808442514236,3.32659028703,99998474625.572702,0.0012531321003014116
2015-11-16,0.00428677478016173,428670923.13421166292475348523965,3.420650719679,99998470905.914705,0.0012532044723244963
2015-11-17,0.00421156691715281,421150238.45736989047150552251022,3.361911338698,99998467729.935662,0.0012527299184468866
2015-11-18,0.00424469905893541,424463391.19686515429399120662787,3.399214790941,99998465215.888007,0.001248729286024422
2015-11-19,0.00418555842713618,418549409.11458977323297786667382,3.353341546959,99998462905.454499,0.0012481754001264442
2015-11-20,0.00421482156104238,421475665.4504567094466868591439,3.381646100859,99998460040.671405,0.0012463816246093104
2015-11-21,0.0042918461795089,429177998.6284485610164543450316,3.44188153408,99998457698.117644,0.001246947675860695
2015-11-22,0.00425539668761276,425533093.84839812496967335581096,3.415793496529,99998454923.627446,0.0012458003365651154
2015-11-23,0.00425739894156481,425733304.21513331033444438476893,3.419370877416,99998452120.311453,0.0012450825295623105
2015-11-24,0.00428108295033363,428101656.32325101268057268178388,3.438002496176,99998449291.875676,0.0012452239214763127
2015-11-25,0.00431596120023378,431589414.6425163933549015628617,3.461899117753,99998446376.009765,0.0012467033421341065
2015-11-26,0.00426187540153544,426180903.25731382171993878377536,3.419421390565,99998442728.703944,0.0012463732645806602
2015-11-27,0.004195817659343,419575218.191612035438299242178,3.369131742984,99998439459.666846,0.0012453706116065425
2015-11-28,0.00427577361062693,427570674.69707581921111050848925,3.433198454546,99998436220.851225,0.0012454198809757856
2015-11-29,0.00430809122895967,430802372.96295510072570243985715,3.459176676538,99998433196.361645,0.0012454094230512902
2015-11-30,0.00420369998943132,420363397.14209029215860857911972,3.376955492792,99998429526.117871,0.0012448194826387199
2015-12-01,0.00407434902754342,407428486.92614943382969159275318,3.27453560005,99998425312.080729,0.0012442524758262538
2015-12-02,0.00419930990450906,419924364.87031479453605031825834,3.375034906017,99998422221.569289,0.0012442271032582642
2015-12-03,0.00433994982349917,433988124.22112380547629594770465,3.453075420613,99998419767.722645,0.0012568360938750448
2015-12-04,0.00479115712336645,479108121.7635193228021877844587,3.804760495876,99998415711.918806,0.0012592532771930351
2015-12-05,0.00520951117682169,520942841.51812720179271318108395,4.129386708792,99998411335.773955,0.0012615701904909909
2015-12-06,0.00537721409330198,537712838.79134443718653693470412,4.249380848457,99998406137.694194,0.0012654111940224207
2015-12-07,0.00560299210317304,560290248.74564279428924503570632,4.416320254093,99998400573.926183,0.0012687014937334414
2015-12-08,0.00708802279483868,708790912.00082547096448012869532,5.51138855071,99998396240.620049,0.0012860684253382158
2015-12-09,0.00843819611686995,843806023.85343831874557328438725,6.598784136834,99998389722.949255,0.0012787501366757048
2015-12-10,0.00773351374612395,773338877.0991882847127227398144,6.088959216225,99998383979.958272,0.0012700879528831093
2015-12-11,0.0087859531883155,878581054.1219504453378636612635,6.090898242039,99998376418.665817,0.0014424724957109608
2015-12-12,0.00855208688716816,855194763.55123365192572888968224,5.79179659349,99998371723.093314,0.0014765861937866978
2015-12-13,0.00856533270336153,856519287.47116168569140039439948,5.797654317153,99998367504.745516,0.0014773789941252703
2015-12-14,0.00699201150364639,699189680.88202161642882044913855,4.765142168538,99998359630.470945,0.001467324847055218
2015-12-15,0.00612444506304196,612434407.03460973455360676585068,4.179845729557,99998350990.255883,0.0014652323217897942
2015-12-16,0.00669699036662982,669687956.55799250540580449070996,4.571936862262,99998345509.791278,0.001464803773190436
2015-12-17,0.00651494459848425,651483654.2239102323093141133305,4.453140043287,99998341409.608106,0.0014630001605957508
2015-12-18,0.00625111628838706,625101233.82445847203478185654646,4.279084303003,99998337094.725491,0.0014608537354592701
2015-12-19,0.00614406481560974,614396244.7535991796607143571122,4.207169579676,99998333870.54303,0.0014603796446167742
2015-12-20,0.00611389786458327,611379579.20194021132220555547702,4.182929820502,99998330483.005626,0.0014616305142431318
2015-12-21,0.00604736246489357,604726132.16643197422288488421053,4.144642516287,99998327481.942129,0.001459079387698588
2015-12-22,0.00599692624595021,599682580.00619436436730323339811,4.11157374395,99998325043.794991,0.0014585476558153486
2015-12-23,0.00589179958986073,589170074.61650721110449682494807,4.043093754579,99998322351.360559,0.001457250300759902
2015-12-24,0.00599024628925775,599014566.841194830685375311451,4.114923716764,99998320255.279284,0.0014557368985611513
2015-12-25,0.00656408074602861,656397032.47202415298313143731591,4.499670951053,99998317794.788931,0.0014587912799473714
2015-12-26,0.00607245711147344,607235465.13208311593277022902048,4.170583309505,99998312706.854442,0.0014560210552883477
2015-12-27,0.00637476657321423,637465884.79547764832418109619742,4.375295249044,99998310130.132354,0.0014569911766770742
2015-12-28,0.00627742299702315,627731671.1805735619948717844688,4.308233448145,99998306865.453152,0.0014570758693974735
2015-12-29,0.00610903443677767,610893066.83700006665090388867977,4.194736892439,99998301394.291631,0.0014563570000753051
2015-12-30,0.00615065044905019,615054578.60714016012933177663566,4.220987472666,99998298342.920714,0.001457159133705129
2015-12-31,0.00595504760066529,595494602.76521834261444411739273,4.091394249229,99998294337.511337,0.001455505687770736
2016-01-01,0.00592817167806127,592807027.87876892471846463127559,4.07453385031,99998289535.474217,0.0014549324894209041
2016-01-02,0.00609993476928532,609983013.24855890070670255092416,4.192145149103,99998284624.283888,0.0014550867282328076
2016-01-03,0.00592268056427646,592257867.5685259365616088175564,4.075965533636,99998279687.88634,0.0014530742508494867
2016-01-04,0.00596753163563596,596742875.2439195934494141881224,4.109718835548,99998275950.54294,0.001452053504005764
2016-01-05,0.00605275300653825,605264850.7393711661256044226735,4.170500259514,99998273527.030998,0.001451325411796904
2016-01-06,0.00593813159392426,593802890.62169697891213802321328,4.09583287232,99998270706.775928,0.001449798314295165
2016-01-07,0.00597695325749247,597684969.24304029417470177130582,4.179345590504,99998267259.963306,0.0014301170190550553
2016-01-08,0.00585613956965787,585603793.64609361349876929596877,4.095731871666,99998264501.798071,0.0014298151717816916
2016-01-09,0.00598712801269639,598702395.97809136905548850482821,4.186587029936,99998262056.277139,0.0014300737020120932
2016-01-10,0.00596729823346254,596719436.8976748688470726187905,4.172800217971,99998259438.665075,0.0014300464728129508
2016-01-11,0.00586096424348425,586086207.91372490638379122404375,4.103425646262,99998256867.935775,0.0014283100874078888
2016-01-12,0.0058003900849762,580028884.2690158542212759617898,4.065602101993,99998254560.735429,0.001426698909402076
2016-01-13,0.00570992388178393,570982403.45777770531931232321005,4.006916003028,99998251339.103285,0.001425017114775797
2016-01-14,0.005634249942783,563415115.871005692830435003181,3.957724981673,99998246721.853907,0.0014236082519309622
2016-01-15,0.00510884002685712,510875029.1394645663615511213104,3.597083942454,99998243525.69267,0.001420272673250925
2016-01-16,0.00501979674461328,501970839.4202909984331853662144,3.538053264116,99998239960.40348,0.0014188019144667967
2016-01-17,0.00532334264786578,532324876.7309809886823471399134,3.752132572282,99998236435.97303,0.0014187512155595797
2016-01-18,0.00526689847417231,526680532.185607417269132832107,3.717654572506,99998231362.9797,0.0014167261566267557
2016-01-19,0.00521026097108521,521016853.8174626978309812176331,3.679525026951,99998225944.70611,0.0014160145488676397
2016-01-20,0.00544614597173552,544604892.4493977770994866857904,3.8991072788,99998218056.54777,0.0013967674091315695
2016-01-21,0.00525895917095978,525886509.949486744481493762978,3.767255982838,99998211215.1501,0.0013959654440572498
2016-01-22,0.00507975729717918,507966611.90939354770110618594084,3.644971803035,99998205070.047438,0.0013936341820119159
2016-01-23,0.00504139094604963,504130013.12537726389382821618746,3.6209253134,99998198616.278142,0.0013922935464570057
2016-01-24,0.00510675857238667,510666624.28432189727858089210114,3.668540897399,99998192012.758342,0.0013920407909333566
2016-01-25,0.00509636153921235,509626920.60226533427827262651155,3.662520563062,99998188252.756673,0.0013914902186792386
2016-01-26,0.00550089181877231,550079187.01455929091527404844862,3.949582751941,99998183046.858402,0.0013927779627022445
2016-01-27,0.00675775313092005,675762960.8951552922785025804,4.832312354592,99998172144.408,0.0013984512248051103
2016-01-28,0.00610697278247986,610686034.39758671267017882363038,4.368785337351,99998158850.415783,0.0013978651526473955
2016-01-29,0.00694002218866019,693989368.84418673775470211343065,4.940213063454,99998148417.759635,0.0014048022017511942
2016-01-30,0.0065091299281516,650900886.096112165748591520888,4.621689855374,99998140040.34618,0.0014083874365959294
2016-01-31,0.00635778569240029,635766686.89241641475344312053009,4.51280822951,99998131055.655621,0.0014088313460398508
2016-02-01,0.0066049364500271,660481256.3235640892150628277768,4.682384268457,99998124330.303608,0.0014105925680900269
2016-02-02,0.00674003768685196,673991085.23533463586458177011544,4.775829261938,99998118193.035314,0.001411281123587927
2016-02-03,0.00682480041995638,682467148.85692353989148607053876,4.832969356113,99998110840.182702,0.00141213401473858
2016-02-04,0.00682151692747992,682138740.53497351197084701625792,4.828455732395,99998101270.852776,0.001412774043202489
2016-02-05,0.00730649722472776,730635788.833080981529931776086,5.163080301316,99998092979.540475,0.001415143053821075
2016-02-06,0.00809855813019023,809840275.49754799328619023174518,5.698788030866,99998081445.953066,0.0014211018353949122
2016-02-07,0.00778962775501089,778947732.17987407596449296206498,5.436721377871,99998068801.014882,0.0014327803861196359
2016-02-08,0.00755192617131768,755177952.95754892851587678977776,5.267144627918,99998058220.659682,0.0014337799139384577
2016-02-09,0.00761755169901576,761740309.03065524024787495346992,5.30843676499,99998049127.658342,0.0014349896280680496
2016-02-10,0.0076063023508401,760615342.9404810543398091447162,5.289377399579,99998042131.006362,0.0014380335862299242
2016-02-11,0.00761339339495588,761324384.73666648315254247166484,5.289961348889,99998035730.173693,0.001439215316110929
2016-02-12,0.00778168387377842,778153045.1334794043768546598698,5.403987179656,99998028415.87869,0.0014399893291889296
2016-02-13,0.00814071298422225,814055189.61962649887814825091275,5.647225133609,99998021204.944859,0.0014415421364686633
2016-02-14,0.00849969285521914,849952382.20047023123764610270706,5.857152842309,99998011302.086829,0.0014511645989194301
2016-02-15,0.00835358842689054,835342167.89894823947059000985064,5.753202193475,99998003876.986316,0.001451989369739998
2016-02-16,0.00821348652920676,821332202.08063372131993817962624,5.653328902339,99997997094.171424,0.0014528584257336463
2016-02-17,0.0077459959441204,774584019.7560707061212194044504,5.338217597025,99997989328.153326,0.0014510453729794119
2016-02-18,0.00801408196555094,801392020.23962481089569569384712,5.518766743041,99997981513.598348,0.0014521508769430162
2016-02-19,0.00819124104705579,819107531.24159792705090554582911,5.633070307679,99997976684.621309,0.0014541343529636925
2016-02-20,0.00797233704333583,797217534.21807573261692003885773,5.483649252683,99997971722.040931,0.0014538378871396971
2016-02-21,0.00798135387397601,798119167.59569224022726136649226,5.48810305282,99997967788.151626,0.001454301021165206
2016-02-22,0.00803941978335572,803925614.60211217673632418042752,5.521219347985,99997964562.878816,0.0014560949813178048
2016-02-23,0.00796460106749107,796443858.96211915103201374086853,5.467602288584,99997959999.898279,0.0014566899066745659
2016-02-24,0.00807878354488967,807861829.8716009435728437691916,5.542208904499,99997954566.14548,0.0014576829715551784
2016-02-25,0.0080987674268242,809860137.5557553768975229402968,5.552031847826,99997949672.365004,0.0014587033447935678
2016-02-26,0.00803476828386582,803460330.0740272205424300055293,5.507688131981,99997946634.928115,0.0014588277497433178
2016-02-27,0.00787831096145848,787814893.02789199860950595354576,5.401859020698,99997943325.919062,0.0014584443857700838
2016-02-28,0.00777622835983933,777606813.30430542519693968017251,5.333786866739,99997939530.722847,0.0014579188396767724
2016-02-29,0.00801762741284884,801746178.16043172583802247201332,5.497597099187,99997934161.367273,0.0014583875951976381
2016-03-01,0.00803510891435143,803494260.42656098152556404999775,5.501797729583,99997930207.448425,0.0014604515304419304
2016-03-02,0.00789695290747143,789678923.40459005488708182307569,5.043050546941,99997927385.062983,0.0015659079428147992
2016-03-03,0.00795649970864078,795633446.69699056422948612110542,4.436357307891,99997923186.364289,0.0017934758533737721
2016-03-04,0.00814913835204507,814896878.80419845772555573751299,4.539131982872,99997919240.099257,0.0017953076453372803
2016-03-05,0.00758851972035109,758836135.3599556429626927287374,4.214720129736,99997913074.52086,0.0018004800999269234
2016-03-06,0.00767736017580719,767719960.807337626420136400189,4.260769674043,99997908555.4131,0.001801871671819853
2016-03-07,0.00775912424476494,775896167.63179858324211417891622,4.302863888449,99997904809.333813,0.0018032464995219209
2016-03-08,0.00787972796393976,787956249.92087816954152149094128,4.366445358007,99997900121.276578,0.001804609314414127
2016-03-09,0.00797528534347739,797511761.88346905151066354070244,4.417143734109,99997896944.930796,0.0018055299586229377
2016-03-10,0.00823409669946184,823392306.14293104806051215004768,4.555183554226,99997891231.559852,0.0018076322504771048
2016-03-11,0.00870415252663595,870396812.9877291062990512395169,3.618562016579,99997881508.187102,0.002405417535130401
2016-03-12,0.00842712539975217,842694601.37751340291011310662978,3.50446842156,99997871326.596834,0.0024046800786981753
2016-03-13,0.0085371877025239,853700526.1936781315047065414018,3.549017952658,99997862989.622862,0.0024055070491063764
2016-03-14,0.00826592817739341,826575080.06555147857756272725655,3.437013767466,99997854121.955955,0.0024049738338661397
2016-03-15,0.00817173964450634,817156380.3321735963919245623353,3.398175251059,99997848179.307545,0.0024047434404566733
2016-03-16,0.00813525093236972,813507533.47027496966804310866344,3.382993995782,99997841521.196702,0.0024047488533863646
2016-03-17,0.00820930942409202,820913170.20411920023998807853194,3.412610020774,99997835115.700397,0.0024055808821161757
2016-03-18,0.00810467035821806,810449432.49187255449966495695428,3.36753562639,99997828001.737838,0.0024067066417070905
2016-03-19,0.00794106309958816,794089008.39025899921768582315776,3.302330459175,99997821252.854936,0.00240468456980893
2016-03-20,0.00786266753399589,786249571.06110713389456572952668,3.270386678121,99997814693.498412,0.002404201187155454
2016-03-21,0.0080370640988681,803688785.1264664569931068333976,3.342661162766,99997807064.852696,0.002404390905184525
2016-03-22,0.00814498258311254,814480336.64667160014848041748844,3.388272760157,99997799668.151586,0.002403874528311331
2016-03-23,0.00834710738678953,834692317.18424097580287754129844,3.466138053718,99997793068.441748,0.002408186649644809
2016-03-24,0.00814345287389445,814327269.5219390658459500237988,3.394140428407,99997787441.299784,0.0023992681050372697
2016-03-25,0.00808942251671945,808924308.12156895051932447062175,3.374129972749,99997781850.269415,0.002397483968327624
2016-03-26,0.00803847337190641,803829473.24718257137351052782029,3.35394523909,99997777694.515869,0.002396721710962528
2016-03-27,0.00792466979610186,792449329.81001129071834143209238,3.30747914149,99997772803.078383,0.0023959848141421208
2016-03-28,0.00731154265413537,731137906.7183561770468301697282,3.051771954063,99997762620.56386,0.002395835194828726
2016-03-29,0.00748759007740145,748742172.65579704512565703295835,3.129784077023,99997751601.760523,0.002392366340020339
2016-03-30,0.00707688690139826,707672710.68600492857395138809308,2.967816104145,99997742022.156958,0.002384543601442935
2016-03-31,0.00745605793132617,745588888.39127870408179075531179,2.941532144641,99997732750.805587,0.0025347531710336437
2016-04-01,0.0073655757340605,736540808.800370610630993669864,2.903228132708,99997723924.607568,0.0025370296088961576
2016-04-02,0.00750464831086484,750447694.89846922555310235171028,2.962051756555,99997716590.131217,0.0025335979677792953
2016-04-03,0.00742804815950567,742787811.06775828544786587034141,2.932152459393,99997710719.903323,0.0025333089811582954
2016-04-04,0.00740868761335578,740851759.80905718025037533971882,2.926173750588,99997705190.526569,0.0025318686601802243
2016-04-05,0.00733958900313003,733942015.72297766009831758494168,2.899821679449,99997699518.322056,0.0025310483934738487
2016-04-06,0.00710507614778863,710491221.21642782237585711656597,2.808658576064,99997692697.151419,0.0025297044675845035
2016-04-07,0.00675616165943871,675600518.38982847350713131021861,2.67697280975,99997683958.017691,0.0025238066052937092
2016-04-08,0.00664284798762774,664269360.40892572613273185679712,2.648111552908,99997675943.529488,0.0025085227170029735
2016-04-09,0.00607518140776879,607503975.47371639510605361106382,2.426135378059,99997668332.480658,0.00250405705415712
2016-04-10,0.00590666270590708,590652446.5905739766765805797212,2.361427427798,99997659592.08739,0.0025013102822367766
2016-04-11,0.00602386289479737,602372123.86557049738078868985357,2.411454220018,99997648416.902261,0.0024980208393723543
2016-04-12,0.00588358377132329,588344467.33027173902158657355445,2.357929140828,99997635828.332205,0.0024952334951241313
2016-04-13,0.00584875262199322,584861363.22848026063755265837426,2.344367903662,99997623600.835933,0.002494810056415303
2016-04-14,0.00634516395664442,634501251.5496754275097125602869,2.540778445424,99997613282.356445,0.002497330677561519
2016-04-15,0.00638477029149509,638461724.61525277938871899530718,2.556235369437,99997602962.431302,0.0024977239450768214
2016-04-16,0.00654141934400567,654126190.89979410555204154927495,2.618120064599,99997593259.207985,0.0024985177083571126
2016-04-17,0.00655452176925883,655436358.31352713456530674297951,2.623454991272,99997586610.753197,0.0024984311875237562
2016-04-18,0.00708440073631538,708422888.4718447124952133606002,2.830796150858,99997574225.35329,0.00250261776502986
2016-04-19,0.00711313332437039,711296012.74383912192631896866898,2.841604628408,99997565110.562382,0.00250321007126016
2016-04-20,0.00737592831820092,737574767.79415311355689981014652,2.944577635153,99997550948.821681,0.0025049189500543313
2016-04-21,0.00720144910410042,720127185.35911850805328228001682,2.877913982519,99997538682.747421,0.0025023156174379772
2016-04-22,0.00735281515066896,735263336.56733433866771399293632,2.937301866955,99997527681.685292,0.002503254852144758
2016-04-23,0.00738226026951316,738207739.39571284398397803979956,2.946470528838,99997522770.136041,0.0025054587165426363
2016-04-24,0.00725098104793816,725080100.53721132473835750244552,2.894335227038,99997516990.254747,0.002505231937268945
2016-04-25,0.00721878960344161,721860992.5968642967803222230231,2.881644099638,99997510975.06871,0.0025050940899844134
2016-04-26,0.0069281092842449,692793636.0694092349978059721012,2.767596469906,99997504029.689588,0.002503294594995711
2016-04-27,0.0065122776622706,651211452.753690125321930147253,2.60461652985,99997494966.551505,0.0025002827048193703
2016-04-28,0.00665774405257444,665757685.65709932320567613067496,2.662963683627,99997488698.842634,0.0025001257409212898
2016-04-29,0.00683398946291345,683381750.0710976953919833503163,2.732703357818,99997483721.574254,0.0025008164326955095
2016-04-30,0.00679426196289244,679409067.21429845096968546602172,2.717053725709,99997478891.005513,0.002500599049111374
2016-05-01,0.00674361059860116,674344037.41301858243216913249264,2.697110714818,99997475766.601804,0.0025003091499179396
2016-05-02,0.00660374824271337,660358120.92164014209050649041523,2.642152579515,99997470625.910779,0.002499381865344647
2016-05-03,0.00645526762377244,645510416.12723731063357447163152,2.584938464555,99997467765.713308,0.0024972616223898087
2016-05-04,0.0062579199405193,625776112.2878314104183380333899,2.510634894178,99997462133.704243,0.002492564711432559
2016-05-05,0.0062417494424606,624159064.0688201401811872276246,2.504696336921,99997455813.087941,0.0024920184337130164
2016-05-06,0.0064670751827876,646691021.2337918872957801716828,2.596660414306,99997449071.720703,0.0024905355922391686
2016-05-07,0.00648917969933913,648901387.37883466516095086340135,2.605433317751,99997444583.776895,0.0024906335752782056
2016-05-08,0.00638911422095652,638895063.077911507630659941916,2.565976757479,99997439548.3983,0.0024899345648140806
2016-05-09,0.00641778174108659,641761708.92333059468630409137898,2.5776844704,99997434442.928622,0.0024897468308410498
2016-05-10,0.00618541215650417,618525304.0705830917570253262556,2.512290404912,99997427563.52668,0.0024620609720956326
2016-05-11,0.00613207647767677,613191833.07829511816237762549529,2.491150779672,99997420989.539277,0.002461543688047721
2016-05-12,0.00616100357286329,616084441.54580714149021956861069,2.503340829137,99997416696.755061,0.002461112566516653
2016-05-13,0.0060863290618311,608617154.702842721222222386998,2.473703872335,99997411990.03418,0.0024604113410252454
2016-05-14,0.00612189779885349,612173911.2627161945770395360666,2.488411168116,99997407891.61234,0.002460163287037663
2016-05-15,0.00603468620453465,603452957.43355489159641395998275,2.454397452047,99997404501.347835,0.0024587241155672
2016-05-16,0.00598073073518438,598057517.01033646321062237108256,2.43329678137,99997398895.086512,0.0024578714692652884
2016-05-17,0.00591402937763681,591387528.63191368074798238788933,2.412669581293,99997394478.318693,0.002451238836636452
2016-05-18,0.00600937012369526,600921316.2452191877124278997343,2.456900942724,99997388058.318305,0.002445914696517064
2016-05-19,0.00610053948320686,610037974.805219506636281706046,2.497546023469,99997381622.4761,0.0024426134397048807
2016-05-20,0.0060286376262657,602847962.2921721334070597056717,2.469058447241,99997379120.229581,0.002441674733541557
2016-05-21,0.00595342067503647,595326446.22380241168617593251378,2.43932634063,99997376083.314574,0.002440600331277894
2016-05-22,0.00594876611824179,594860977.73765005732311068877093,2.440680694957,99997371877.424967,0.0024373389483242484
2016-05-23,0.00588265118920434,588249633.93620591937772371072858,2.41461882079,99997367686.145237,0.0024362649452387233
2016-05-24,0.00579006837341701,578991577.60076160902579761792536,2.377342509237,99997364497.281336,0.0024355213230403696
2016-05-25,0.00564378613787372,564363718.64281272878618932860376,2.319391908324,99997360788.627458,0.0024333042284138766
2016-05-26,0.00574604749618001,574589555.1664988579189887402339,2.361992166552,99997355669.00339,0.002432712342381729
2016-05-27,0.00550686104600549,550671506.08626532523543606545875,2.265578663851,99997349031.660375,0.002430664242152158
2016-05-28,0.00545871416516466,545856911.64200396065885653593832,2.246255143038,99997342803.813652,0.0024301398628215924
2016-05-29,0.00576171249989712,576155904.38540602736700350559264,2.370133144406,99997336624.431322,0.0024309657512262303
2016-05-30,0.00568485653763226,568470482.48268495630225043013588,2.340027797694,99997331281.723538,0.00242939701111006
2016-05-31,0.00559404353835758,559389393.80174325185660783896974,2.304687931202,99997325720.847153,0.0024272455557312837
2016-06-01,0.00577270150150057,577254679.82250300718411069959724,2.377374820059,99997320088.774732,0.0024281831593376203
2016-06-02,0.0057369769518799,573682287.2462887370296476561206,2.362689250021,99997314275.125994,0.0024281555231306486
2016-06-03,0.00579009383932555,578993801.51850809140395898846095,2.510613790918,99997308780.396429,0.0023062463291928367
2016-06-04,0.00578515133827947,578499533.61961410478057796037654,2.508827723352,99997303405.318082,0.002305918132373805
2016-06-05,0.00576729905422367,576714322.6973191502826499783659,2.501891613586,99997298089.64277,0.002305175421231502
2016-06-06,0.00572391302930544,572375799.25071045249298657221216,2.483620386118,99997291419.391914,0.0023046650209906476
2016-06-07,0.00584602738879957,584586866.84183431643201092311339,2.535883304045,99997284987.382527,0.002305321928447789
2016-06-08,0.00578766850382899,578751122.07497972478426904612639,2.51154819151,99997282444.924261,0.0023044226359635617
2016-06-09,0.00578301774428732,578286048.794934270789206512144,2.511045498227,99997280721.8492,0.0023030318440548352
2016-06-10,0.00571417842411927,571402294.99595392363507521786258,2.481791631468,99997279151.118654,0.0023024408462282092
2016-06-11,0.00576563491387647,576547800.3684904487188052815281,2.504067964317,99997278527.10223,0.0023025073584410807
2016-06-12,0.00564813215740824,564797841.16088085998181601531584,2.454222869083,99997277935.516616,0.0023013933365874867
2016-06-13,0.00589007384517849,588991345.10739154964587657470981,2.557623632654,99997276874.470669,0.002302947849706279
2016-06-14,0.00723913992464733,723894265.44414681127650375649029,3.134447661164,99997274949.677513,0.002309542448049371
2016-06-15,0.00657449088979768,657431162.49411497055546695657896,2.852679515431,99997273327.174147,0.002304672100120005
2016-06-16,0.00664002355357293,663984238.92056382263747436206673,2.413931175581,99997271630.652661,0.002750709556570008
2016-06-17,0.00654292997111789,654275135.87622098208434259555784,2.378784816829,99997270147.220456,0.0027505346111296584
2016-06-18,0.00651977889752862,651960085.76035768646526523361562,2.370564118006,99997269233.698851,0.0027503069197776994
2016-06-19,0.00678280009675891,678261477.71329398626509644042243,2.460370573881,99997267800.564273,0.002756820524828376
2016-06-20,0.00640637097535422,640619585.32890044846343401042814,2.318828486924,99997266438.895137,0.0027627618909635164
2016-06-21,0.00587779940598175,587763863.1101256954960958299185,2.131535963547,99997264709.640662,0.002757541747595358
2016-06-22,0.00674723632137665,674705164.80949684682409371410495,2.441062848882,99997262978.901503,0.0027640567814412754
2016-06-23,0.00628778144472485,628760921.69272311307514213506625,2.277887485068,99997260913.103725,0.0027603564644621353
2016-06-24,0.00652191020683065,652173144.99867435673277964638415,2.361945643104,99997259133.624391,0.0027612448346862662
2016-06-25,0.00640491450531616,640473888.09913218871326852206208,2.320201543144,99997257975.501588,0.002760499200701828
2016-06-26,0.00644634672116915,644616984.5259776020112291536278,2.32572931502,99997256183.742132,0.0027717527914953057
2016-06-27,0.00635648779762556,635631329.78898958659185401968204,2.29379723444,99997254777.461709,0.0027711637725369442
2016-06-28,0.00689221148140928,689202212.34734585872690901342976,2.483436296384,99997252580.883042,0.0027752721064134653
2016-06-29,0.00679721793901153,679703099.77741411918959399461803,2.448810084472,99997249738.951051,0.0027757227814900606
2016-06-30,0.00662904475230838,662886230.7673421815879243765827,2.388662552434,99997247799.015165,0.0027752119049019777
2016-07-01,0.00682777421207332,682758618.6692714582326195863316,2.45884553279,99997246168.74013,0.0027768211223606182
2016-07-02,0.00660513226780064,660495027.19399063106835423815936,2.379509227732,99997244629.579624,0.0027758380555204824
2016-07-03,0.00660090402603314,660072203.61420044863251396522536,2.377990437441,99997242955.049524,0.0027758328722030084
2016-07-04,0.00671992955044491,671974411.97453118930454960320165,2.420346466427,99997240585.660815,0.0027764328965534857
2016-07-05,0.00659416794908602,659398589.43980334384703952521892,2.373785743682,99997239156.033146,0.0027779120194974926
2016-07-06,0.00652548331605697,652530304.64907535203042294629732,2.34974234622,99997237452.653156,0.002777105892718165
2016-07-07,0.00648354550773448,648336628.71640220447923085623,2.335301713847,99997235762.897875,0.002776320279855392
2016-07-08,0.0066234812351686,662329804.6508898153952554881044,2.385085685005,99997234254.115054,0.002777041209383098
2016-07-09,0.00653799586503593,653781494.65812365356781047755984,2.354617323763,99997232814.788688,0.002776670246606068
2016-07-10,0.00651908915096276,651890870.21885066139437593563368,2.348292150736,99997231994.070418,0.0027760980033593994
2016-07-11,0.00627921840076177,627904447.40169422625976652293591,2.264121875559,99997230121.111783,0.002773357065511972
2016-07-12,0.00638378339005413,638360647.60716044304204288900897,2.301364625529,99997228696.969869,0.0027739121907232453
2016-07-13,0.00642091395779157,642073591.01313578166444666598737,2.315230644934,99997227066.716941,0.0027733366314243004
2016-07-14,0.00639464332210259,639446588.02928305957331505075909,2.305955505588,99997225149.225351,0.00277309918019082
2016-07-15,0.00649883052027587,649865007.65705363541278350532736,2.344293438023,99997223443.436928,0.0027721915758790383
2016-07-16,0.0067080936611235,670790731.8666377740400353773285,2.418303031568,99997222124.995031,0.0027738846511613765
2016-07-17,0.0065603545626467,656017227.2099284827543726892282,2.365683791373,99997221330.864446,0.0027731324814290544
2016-07-18,0.00653468974450588,653450810.39120214725403620122368,2.356361214442,99997220363.919936,0.0027732122326811137
2016-07-19,0.0064407163022807,644053717.9675378781620700175116,2.323051945032,99997218902.418388,0.002772523583062616
2016-07-20,0.00639003037206109,638985255.94876736211600761152073,2.30581320857,99997217343.845597,0.0027712697404591612
2016-07-21,0.00648888834708269,648870767.32973763806310720461655,2.341335981458,99997215643.486995,0.0027714468997490573
2016-07-22,0.00628301987182381,628284486.61880394493531216361491,2.268401485423,99997214625.461311,0.0027698006337058038
2016-07-23,0.00641029326196643,641011465.54474801172280829986091,2.313870169401,99997213754.322137,0.0027703772436056284
2016-07-24,0.00630328370317628,630310801.27040529878404984732448,2.275806380296,99997212715.141816,0.002769692429791172
2016-07-25,0.00613465497595309,613448388.95912319382169492932798,2.210635414173,99997211149.404022,0.002775064099951582
2016-07-26,0.00590820472300676,590803987.25272001149519577955996,2.130900782508,99997209804.208071,0.0027726324808295378
2016-07-27,0.0058937999704097,589363544.1204845707919670450206,2.12598128566,99997208435.887198,0.0027722727430218187
2016-07-28,0.00595442518149288,595425884.795481015565267340184,2.150053835442,99997206555.9143,0.002769430738588362
2016-07-29,0.00611499061060533,611481970.53295622479067014358712,2.207279962247,99997205142.466264,0.002770373815372428
2016-07-30,0.00608373213373841,608356203.58207362402346197704677,2.196026808274,99997204053.138197,0.0027703360044680006
2016-07-31,0.00583136929547374,583120615.37299616619244778544494,2.106037358043,99997202342.442881,0.0027688821725804728
2016-08-01,0.00578748440545997,578732237.9657072421372768413321,2.090772185822,99997200410.54893,0.0027681085699849143
2016-08-02,0.00537576487776583,537561426.72547183329140867059462,1.94724260896,99997198342.663114,0.0027607062689722905
2016-08-03,0.00566983160065075,566967265.60298728927283862034225,2.052833612657,99997196660.640523,0.002761953801658693
2016-08-04,0.00598747387471101,598730594.03918987752038583727118,2.168346183867,99997195239.217318,0.0027613090194080676
2016-08-05,0.00607018814312645,607001780.85919532077296790336765,2.197661875421,99997193916.720857,0.002762111956810281
2016-08-06,0.00659779553971877,659761020.26388065162375922651247,2.38379645173,99997190924.167811,0.002767768000883855
2016-08-07,0.00618440210605327,618422819.96829618649608231257368,2.235921031925,99997187984.103784,0.0027659304679149847
2016-08-08,0.00593618970149176,593602257.88765227304633984679656,2.147841953547,99997184682.032731,0.0027637926020062076
2016-08-09,0.00623739404602767,623721825.40684720767457953311433,2.255397210812,99997181644.162599,0.0027655412608150074
2016-08-10,0.00622711196873308,622693631.70137892642287740681036,2.25189506336,99997179242.638117,0.0027652762644462445
2016-08-11,0.00619886154006585,619868655.6875800147202754364677,2.241934376602,99997177172.148162,0.0027649611892124996
2016-08-12,0.00612549337343344,612532032.45439512616871546654,2.215603237714,99997174939.569125,0.002764706816259016
2016-08-13,0.00612917921535788,612900591.31173730987289824441316,2.21705390177,99997172504.924107,0.0027645603070203246
2016-08-14,0.00596658901185503,596642015.45768302430950448036266,2.158957238445,99997169952.918422,0.002763643904384366
2016-08-15,0.00608128449807865,608111225.10053603750628608747355,2.19975311969,99997167587.319027,0.002764530457370441
2016-08-16,0.0061479745950586,614780029.7478768577038356377786,2.224775268727,99997164959.335201,0.0027634137620454694
2016-08-17,0.00605627678048223,605610493.00538159982585323255241,2.192150470804,99997162440.974167,0.0027627103436293817
2016-08-18,0.00604715908582825,604698735.609055874824147388278,2.189185468778,99997160158.427224,0.0027622872397393373
2016-08-19,0.00609943774699407,609926441.06619703110846841240065,2.207827835658,99997158158.845295,0.0027626419272752086
2016-08-20,0.00611881385190716,611863986.9057044654299200481004,2.214932556143,99997156591.87669,0.0027625282923116317
2016-08-21,0.00602675634512158,602658488.36222028942877604522896,2.182013038841,99997154995.331512,0.0027620166506075313
2016-08-22,0.00593106819160117,593089938.57299542691124653200876,2.148181901447,99997153870.672828,0.002760971120558294
2016-08-23,0.00605723846826795,605706597.29439578575061926651815,2.193363075072,99997152244.791157,0.0027616214283488444
2016-08-24,0.00610247913635301,610230527.58699766519559902768173,2.209707510174,99997150986.031273,0.0027616682788359076
2016-08-25,0.00607478566593066,607461252.71018390490002340946734,2.201405284123,99997149877.570299,0.002759503536101824
2016-08-26,0.00602629490380194,602612307.80549015911077000173508,2.17477071229,99997148733.180482,0.0027710024186670896
2016-08-27,0.00593523414112126,593506486.3271522927229060127604,2.142463432248,99997147916.22854,0.002770284921453086
2016-08-28,0.00596873016024576,596855986.53091268292652524980736,2.154627629279,99997146881.630411,0.0027701910432862435
2016-08-29,0.00626809935488785,626792043.9960535830032636064616,2.261604126525,99997145627.132176,0.002771528085473964
2016-08-30,0.00596985806894173,596968760.72824261097681710131111,2.156106278546,99997144627.940307,0.002768814380044191
2016-08-31,0.00596325907473943,596308872.86133103554292793330292,2.154256270248,99997143405.577644,0.0027681289162746333
2016-09-01,0.00592676069450689,592659132.85657923115967828640578,2.140008085063,99997142352.292802,0.0027695038798567955
2016-09-02,0.00596062608686194,596045569.93216303111775692699986,2.152853061861,99997141448.937969,0.0027687101328268873
2016-09-03,0.00597626404344421,597609314.84980262294930434657878,2.158512087633,99997140438.492318,0.0027686961206678778
2016-09-04,0.00598827859910676,598810729.55377347213474224932488,2.162812104179,99997139352.049338,0.002768746571898765
2016-09-05,0.00592339588979059,592322637.2100274735867622203789,2.139816812838,99997138167.13471,0.002768178964784606
2016-09-06,0.00586957983562374,586941178.17686485465278982777614,2.121343713275,99997136867.377261,0.00276691598767938
2016-09-07,0.00587119182837954,587102366.21496807633855430692012,2.122259637823,99997135739.475478,0.0027664814067717798
2016-09-08,0.00592366581685197,592349607.31358460003735032252703,2.14234865507,99997134481.900699,0.00276503350789016
2016-09-09,0.00591913570650183,591896604.28630959162607621029588,2.140783166085,99997133641.681036,0.002764939392403093
2016-09-10,0.00588487520590015,588470648.41957571831002947743785,2.129063964239,99997132960.368919,0.0027640668879591905
2016-09-11,0.00586483744943008,586466925.7828679463142362124256,2.121959308111,99997132203.52907,0.0027638783774091525
2016-09-12,0.00589895899375841,589878977.42432615291542105434084,2.134027108572,99997131366.477924,0.0027642380783558756
2016-09-13,0.00591100647605678,591083686.32804418518044600546134,2.138476102898,99997130560.133453,0.002764120893399911
2016-09-14,0.00608457616277628,608440151.68079328549562551322632,2.200246373479,99997129693.775294,0.0027654067454070744
2016-09-15,0.00874229786334293,874204672.19214368867292372669872,3.118042449472,99997127283.633904,0.0028037776922579497
2016-09-16,0.00721286297865171,721265561.25172987180605336088875,2.591391401568,99997125050.967625,0.002783393884184129
2016-09-17,0.00698444293850842,698424206.4147775358116567430895,2.512086874028,99997123974.489975,0.002780334952074819
2016-09-18,0.00685300872364045,685281153.8418624058200440024729,2.466946969942,99997122647.441762,0.002777931105589015
2016-09-19,0.00680877757901702,680858156.46812958476554886084494,2.450986942405,99997121152.314797,0.0027779738281004437
2016-09-20,0.0067624928866083,676229811.8627868838858492068129,2.434731159147,99997119878.960363,0.002777511127338395
2016-09-21,0.00681306751979964,681287121.01543770427689055165356,2.452003554665,99997118630.562629,0.0027785716325074666
2016-09-22,0.00677830930593074,677811391.1099632566021298253935,2.439619570487,99997117351.506275,0.002778428812397847
2016-09-23,0.00735256961307611,735235756.12511409319839121925635,2.639484781261,99997115949.441785,0.0027856078827487914
2016-09-24,0.00739632352203028,739611010.25282570707352299775108,2.654435000405,99997114519.106861,0.0027864021989243617
2016-09-25,0.00800894026091528,800870904.30399196104520361526432,2.865297471963,99997113002.871444,0.0027951514072388434
2016-09-26,0.00770899729821308,770877447.27902585546497198971568,2.758067704946,99997109540.784596,0.00279507181219252
2016-09-27,0.00831321211282629,831297154.25584404863742227451432,2.964509394287,99997106169.497608,0.0028042454946666535
2016-09-28,0.00922032451739504,922005752.41024963075222569268832,3.260462749094,99997104296.144458,0.0028279189878667173
2016-09-29,0.00892417956113131,892392099.14506799868516250537264,3.153121281636,99997102594.374544,0.0028302684115280815
2016-09-30,0.00864127310938663,864102252.58514196420298837467708,3.053756744587,99997100154.895716,0.0028297188781339242
2016-10-01,0.00806405697593849,806382273.96124795991928608250038,2.857721948687,99997095304.178662,0.0028218480036672484
2016-10-02,0.00813209505715696,813185858.37264016233319611480048,2.881187805949,99997092097.068513,0.0028224800342296417
2016-10-03,0.00801567344762997,801544010.4014330227049486048943,2.841869565133,99997088908.16019,0.0028205634579343665
2016-10-04,0.00771233303093505,771210820.28250191778998938169565,2.73490440387,99997084823.630813,0.0028199643907193934
2016-10-05,0.0073078999920846,730768650.0945495651878441426712,2.598370287194,99997078625.332372,0.0028124936727076176
2016-10-06,0.00736678211907574,736656660.80098874347544815254082,2.61909746626,99997074556.266643,0.002812717821301742
2016-10-07,0.00736671804227543,736650226.84810196011452884048709,2.619639868365,99997070964.394563,0.002812110981832488
2016-10-08,0.00736965549832079,736943952.47067717969881759833244,2.620783396269,99997069420.489636,0.0028120048031486993
2016-10-09,0.00753346491904829,753324369.03847446980397942138319,2.675125456353,99997063387.618811,0.002816116493212497
2016-10-10,0.0079057701110318,790553708.7639942575229901229006,2.801594729175,99997052489.655217,0.0028218821333090716
2016-10-11,0.00782495045230912,782471932.89274315546142544244928,2.774097921412,99997046327.857319,0.002820718905382498
2016-10-12,0.00786718886474322,786695559.99330992601656086694064,2.786311350578,99997034966.185112,0.0028235139131566286
2016-10-13,0.00790140490603893,790117044.46667962664935610376864,2.797583590647,99997032662.230048,0.0028243677623986793
2016-10-14,0.00810755513963478,810731423.8988655380758015051581,2.867114521801,99997028689.389395,0.0028277751300083954
2016-10-15,0.00796463070193172,796439390.65755662397865692549872,2.818209565426,99997026913.550476,0.002826131455815916
2016-10-16,0.00793269811946749,793246177.60327863885624702714434,2.807465975905,99997020642.521066,0.0028255723088185763
2016-10-17,0.00797086501367361,797062734.47788960498675452973605,2.819696859318,99997018279.768805,0.0028268517544121833
2016-10-18,0.00835161165052405,835136184.5739499107186753934562,2.947785374356,99997008903.251204,0.0028331817245509667
2016-10-19,0.00869747144927469,869721098.9738294972175752309565,3.063037022311,99997005341.86385,0.0028394927602646545
2016-10-20,0.00920527762216594,920500092.48517883785072773277488,3.222798821816,99996994144.820952,0.0028562991769305974
2016-10-21,0.00896085520299828,896058463.13714242849875617536596,3.11594788939,99996980515.578857,0.0028758039354607177
2016-10-22,0.00875204044958646,875177598.15496506618470325212352,3.045781361282,99996978212.814112,0.002873495964235147
2016-10-23,0.00891652664661749,891625709.23813865538445402677725,3.100133345216,99996976914.366025,0.0028761752007787386
2016-10-24,0.00878452108423129,878425535.71752123103810050150687,3.055605940376,99996975053.579703,0.002874886767352708
2016-10-25,0.00875330487077281,875303982.43021041991503826381688,3.045904592352,99996972041.136248,0.002873794830196452
2016-10-26,0.00866836850299239,866810563.62776888760362119653819,3.015197423739,99996967517.998221,0.002874892514415579
2016-10-27,0.00828898274191932,828873082.55020261424826815866368,2.888962660943,99996960828.305024,0.0028691899878047137
2016-10-28,0.00791576141222156,791552020.43298856276756212617864,2.764740560654,99996952815.034294,0.002863111832218024
2016-10-29,0.00768624915743525,768601433.009864829842064274594,2.688075061877,99996944838.349736,0.0028593878446490175
2016-10-30,0.00806974147467784,806949456.67774116817951645566176,2.81806060358,99996940324.529564,0.002863579819549027
2016-10-31,0.00805808166548292,805783467.23310295113154083533376,2.783417530007,99996934839.306128,0.0028950315856718254
2016-11-01,0.00799429459855951,799404912.05944573515320078877895,2.765082768719,99996929335.515145,0.002891159240872592
2016-11-02,0.00815574631452682,815549560.62035509772938018177534,2.825825052993,99996925991.643187,0.0028861469346407637
2016-11-03,0.00817209199631058,817184017.94284538355977376018534,2.830400697701,99996918575.044923,0.002887256211796577
2016-11-04,0.0082179036851956,821765004.153332678192441706524,2.84343191494,99996913523.54579,0.002890135558378231
2016-11-05,0.00826520355698799,826494813.81377621501478230495343,2.85749192618,99996909708.896257,0.002892467860105984
2016-11-06,0.00813580778898948,813555611.51743844923619776738032,2.814285517053,99996906590.941884,0.0028908963712782603
2016-11-07,0.00826927143675213,826901520.7270723995267125156643,2.858044771622,99996901426.16111,0.002893331664660783
2016-11-08,0.008177828147208,817757426.829604283364560140296,2.826640418426,99996895521.556737,0.0028931264457619913
2016-11-09,0.00811388622245013,811363388.15945116966137698844432,2.805413729379,99996890012.397264,0.002892224464961965
2016-11-10,0.00804172869606021,804147817.76128220147465711799609,2.781547479595,99996884768.725029,0.002891098841581199
2016-11-11,0.00808659157795233,808633930.36939363333254925769523,2.796246923133,99996880338.818131,0.002891944738875874
2016-11-12,0.0080470318722796,804678032.9863249911422544870928,2.783093991324,99996874096.929868,0.0028913978102663323
2016-11-13,0.00811397536590099,811372141.31305523258552810674677,2.805460349544,99996870180.657623,0.0028922081779626067
2016-11-14,0.00795533503633927,795508582.12359249195447437599442,2.7550576218,99996867321.084446,0.00288753853037081
2016-11-15,0.00783087659066177,783063063.55309248168822830385957,2.702779719923,99996859162.215141,0.002897341774817249
2016-11-16,0.00766886287822383,766862070.07947085194160988440011,2.649984850687,99996842068.596517,0.002893927063860649
2016-11-17,0.00762411564978709,762387405.31896350281394594110462,2.638482842395,99996831152.509318,0.0028895831829122446
2016-11-18,0.00776260444281114,776235799.43772590363208377638548,2.684715559815,99996825183.664882,0.002891406657376415
2016-11-19,0.00759664052868048,759639866.08422527604918102526608,2.629381844584,99996816121.056221,0.002889135537437455
2016-11-20,0.00755730525733791,755706410.43377594921025020630877,2.61633513452,99996809008.079747,0.002888508111069798
2016-11-21,0.0074490152781868,744877726.3621101511695687410984,2.54781787833,99996804751.275038,0.002923684358110146
2016-11-22,0.0073119415713158,731170743.3175557902661390680792,2.507453076708,99996797866.367524,0.002916083112077832
2016-11-23,0.00702700630157527,702678048.35892954665440044047085,2.413992350729,99996786426.875355,0.0029109480398532284
2016-11-24,0.00677681497126059,677659660.57715332648545172948086,2.332200153251,99996777756.365154,0.002905760451912312
2016-11-25,0.00682499839054756,682477794.39897877981274539995844,2.351499593959,99996770013.043849,0.0029024025383976135
2016-11-26,0.00696467161012803,696444648.23864057726255828485716,2.398181847281,99996767575.641372,0.00290414658005372
2016-11-27,0.00690043254109967,690020915.73777545136961629808344,2.376773760072,99996762757.688232,0.0029032769786597754
2016-11-28,0.00675922439047662,675900526.45482561449992904964576,2.331005912009,99996758120.226448,0.002899702808840634
2016-11-29,0.00669684321065719,669662577.83126671956462151782734,2.310838989529,99996753211.361186,0.002898013769458752
2016-11-30,0.00672080315403073,672058448.42633695790244382630841,2.320183532733,99996746374.468217,0.0028966687588348385
2016-12-01,0.00666677611768414,666655883.36091520357454052051666,2.302147352858,99996740792.383719,0.002895894613091414
2016-12-02,0.00661226568036287,661204829.51841451689816508786241,2.284516095066,99996712394.975743,0.0028943834953247902
2016-12-03,0.00653599780314114,653578267.1901645510571270499421,2.25932391174,99996708517.261265,0.002892899849011687
2016-12-04,0.00643186300998276,643165085.2013831828948437220508,2.224808597482,99996701453.86183,0.0028909736402772945
2016-12-05,0.00637838269773333,637817202.70788486875739257754303,2.212286525216,99996697114.857091,0.0028831630193609605
2016-12-06,0.00672137431879391,672115195.25706347112335927879697,2.328228022286,99996691655.415567,0.002886905515463406
2016-12-07,0.0071283047019288,712806838.9869783968876519915712,2.463890523123,99996684877.135624,0.0028931093467958226
2016-12-08,0.00688423422550196,688400560.41850442974443400726176,2.382095588578,99996679059.581256,0.002889990753734415
2016-12-09,0.00686017856746696,685995049.70466726021338018245592,2.374234182268,99996675444.843827,0.0028894279337321883
2016-12-10,0.00670860958135861,670838638.13401571345136788488046,2.32331377419,99996672931.764086,0.0028875176723374353
2016-12-11,0.00679360325724363,679337705.52551741051779614441303,2.352233228763,99996670367.993381,0.002888150364586199
2016-12-12,0.00670811836358128,670789480.01959712138285275139168,2.324203953695,99996667271.309306,0.0028862003925760344
2016-12-13,0.00679595952988219,679573274.6205605546201121851203,2.353826752083,99996662963.10937,0.002887196147239027
2016-12-14,0.00663978461616556,663956280.85907127061312630474928,2.30212412084,99996659416.115588,0.0028841992297716913
2016-12-15,0.00669962319643652,669939925.30669132168008563914336,2.322719466913,99996657373.660568,0.002884387586134379
2016-12-16,0.00658857881179259,658835825.87166217303046687992728,2.289714768655,99996652493.925192,0.0028774670548431594
2016-12-17,0.00650526489709188,650504691.82945297115865514255668,2.261842688224,99996649194.140461,0.002876090778090238
2016-12-18,0.00660952155168772,660929993.464152554804572639701,2.297263265345,99996647003.198925,0.0028771284734294966
2016-12-19,0.00651793370117876,651771505.9654370667259600115918,2.270389886229,99996645539.301055,0.0028708433475294897
2016-12-20,0.00647766083777245,647744336.22429387233191952590055,2.25783779691,99996642684.219539,0.002868966427365843
2016-12-21,0.00646845290466388,646823538.6866182303334894138374,2.25490307524,99996637251.582355,0.0028686168269008243
2016-12-22,0.00643556006464219,643534293.2914332865045827965407,2.245769686562,99996626063.22253,0.002865636713840523
2016-12-23,0.00607408870141188,607388301.04954774725621272017224,2.12404977399,99996613633.311698,0.0028596734294045207
2016-12-24,0.00640883246290468,640861490.82934571539408266888132,2.23935248547,99996605394.001449,0.0028619132112913345
2016-12-25,0.0064088737096896,640865575.9144246997061228243456,2.239348703958,99996599237.943736,0.0028619364632055987
2016-12-26,0.00623627046053529,623605807.62381312755927467838289,2.18091052858,99996594370.008441,0.0028594801936215842
2016-12-27,0.00610088749059801,610067920.35105875673175321145043,2.135251280591,99996585954.293643,0.002857222260468282
2016-12-28,0.00624776467209274,624755064.11854459219349755018238,2.185768292999,99996574280.266187,0.0028583837967200297
2016-12-29,0.00645555536661459,645533378.95907898101421112722285,2.256417350469,99996567653.575615,0.0028609757699624106
2016-12-30,0.00642134113215719,642112033.38375752316048826782141,2.244890455079,99996561492.138939,0.002860425156884199
2016-12-31,0.0065208057100051,652058121.6677259611158097390814,2.27866025481,99996557276.235114,0.002861684051512462
2017-01-01,0.00630819017745269,630797268.85195607378253820789898,2.206368422718,99996552276.849442,0.0028590828768668215
2017-01-02,0.0062702114578338,626999487.6793029290834719743012,2.193823998947,99996545873.417074,0.0028581196398815042
2017-01-03,0.00642364063798106,642341835.30790569341477370685604,2.313054238918,99996539580.675034,0.0027771249501636884
2017-01-04,0.00647906808966592,647884269.30440740271540800385024,2.332540422456,99996521156.766272,0.00277768737780069
2017-01-05,0.00619255363940923,619233614.41580018771051075007817,2.232941624667,99996487793.826379,0.0027732716211659714
2017-01-06,0.00631558299212647,631535947.95131487211104641460487,2.280145816516,99996460934.586721,0.0027698153979364825
2017-01-07,0.00640859016067482,640836235.75526046570160944652014,2.312953018603,99996445347.315027,0.002770739443962223
2017-01-08,0.00625830341779653,625808039.67404750807187263219451,2.260451743428,99996436397.515967,0.002768607397168207
2017-01-09,0.00618874446330036,618852306.15126107426865839334552,2.237542884236,99996422508.813182,0.0027658663022288765
2017-01-10,0.00679953284171771,679928702.20746115334276115197773,2.449136834685,99996384756.882263,0.002776297651246687
2017-01-11,0.0064886617031214,648841529.683055394350516046294,2.340564241769,99996202509.82221,0.002772263878652297
2017-01-12,0.00634715607252902,634690782.65333870908609291762112,2.291961483737,99996088862.589856,0.002769311839473018
2017-01-13,0.00670030330907346,670003880.3713891898107847098644,2.41475561908,99996052337.52314,0.0027747334993783817
2017-01-14,0.00685330980959342,685303839.62211798110932216341356,2.46593076804,99996039674.554618,0.0027791979800960297
2017-01-15,0.0068197229968689,681945261.8301977623833971362977,2.454375822137,99996035343.854193,0.00277859769288757
2017-01-16,0.00681535371875934,681508334.70407024966975052632466,2.452135377631,99996032902.622599,0.0027793545906684932
2017-01-17,0.00676483281057238,676456408.24223101820895062213344,2.434676880408,99996027571.447888,0.0027785341311651747
2017-01-18,0.0067413349639327,674106643.2941975431869951536633,2.426698055235,99996016649.637479,0.002777986717131923
2017-01-19,0.0067266592727954,672639085.5314814669690430980904,2.421568496797,99996009646.546676,0.0027778108617174065
2017-01-20,0.00660024753455684,659998376.88193681120150735099696,2.377675515008,99996003699.314444,0.002775924424041787
2017-01-21,0.00674175452845799,674148474.57269454775770196485531,2.426801242028,99995998330.554669,0.002778041485929075
2017-01-22,0.00674404480297296,674377466.06012310371174891118048,2.427753541828,99995994356.804838,0.002777895155656932
2017-01-23,0.00668248436558641,668221650.24959367269495037294351,2.406391972894,99995991564.277311,0.00277697251356347
2017-01-24,0.00647207012443501,647181041.53846883469581254701504,2.333990086697,99995987233.677504,0.0027729638447582744
2017-01-25,0.00646929794279455,646903813.0610820937825114993884,2.33475610728,99995983919.955048,0.0027708666967922865
2017-01-26,0.0063152039951448,631495010.8354225315214784520848,2.281448008564,99995979753.135926,0.002768068337055705
2017-01-27,0.00641881206444138,641855381.68001063339691996185766,2.317935750959,99995976706.613607,0.0027691932624904396
2017-01-28,0.00631926208250528,631900777.31755421299530131569568,2.283221678966,99995975648.320681,0.0027676953756706956
2017-01-29,0.0063455000963012,634524466.1420784395862145268744,2.292614112265,99995974550.838562,0.0027678012022843788
2017-01-30,0.00635705120867175,635679522.79125661483906632155325,2.296966516984,99995973278.320699,0.002767585492286056
2017-01-31,0.00627372320592904,627346783.77438051097543842123248,2.268034568399,99995929559.260862,0.0027661497286426487
2017-02-01,0.00652134316796222,652107552.24432830039304786862496,2.354142850257,99995895852.862768,0.0027701560961987883
2017-02-02,0.00641225404614041,641198936.81287697869053736545559,2.316284191421,99995872309.335599,0.0027683364890586258
2017-02-03,0.00643842365427917,643815773.7373763124825244761273,2.333505001265,99995869844.55069,0.002759121429261511
2017-02-04,0.00640824439215892,640797957.233779369352532120413,2.323020075283,99995867513.707025,0.0027585833029782317
2017-02-05,0.00635409985133096,635383706.95823533355776257364072,2.304335939988,99995864374.895657,0.002757453781397885
2017-02-06,0.00636289021776493,636262689.72834325369025787025166,2.308003888954,99995861621.488262,0.0027568801977403195
2017-02-07,0.00635096004718666,635069690.17532104650301542230682,2.308357214989,99995856603.859977,0.002751289967578491
2017-02-08,0.00635010138828199,634983803.60418524735727248709508,2.30833492361,99995852786.844892,0.002750944554593092
2017-02-09,0.00628898555652588,628872430.50048865268740767406416,2.287316192694,99995845887.724732,0.0027495042340948566
2017-02-10,0.00629435714822586,629409539.80580016667847680626642,2.289682730957,99995841510.710397,0.0027490084382105896
2017-02-11,0.00636608001299402,636581511.96491161469431946009644,2.314835145765,99995838988.131422,0.002750122411369461
2017-02-12,0.00628819839935094,628793654.8432233661033249140894,2.28755425076,99995835835.60701,0.0027488739981846528
2017-02-13,0.0062539263786776,625366579.2586876317611963683944,2.256234438333,99995833240.192719,0.0027718424435087784
2017-02-14,0.00628400871617577,628374664.34663991190967414101224,2.266554954201,99995829529.823912,0.0027724934286409092
2017-02-15,0.00611952492512414,611926957.08494049254926131627946,2.210362777347,99995827220.611739,0.0027685613365554104
2017-02-16,0.00600940731295323,600915630.71062722920175920739483,2.173000228137,99995823118.089921,0.0027654885789429188
2017-02-17,0.00588280302720383,588255694.55559735936961772836645,2.130253627069,99995816932.052315,0.002761550527341636
2017-02-18,0.00551227481888627,551204396.13954126872170674316841,2.003412992629,99995811937.930483,0.002751442083667796
2017-02-19,0.00593208542703412,593183668.68239245338162715417016,2.150615167651,99995806867.361318,0.00275832027796652
2017-02-20,0.00592558737928063,592533846.63271662226407500804602,2.148947345071,99995799353.928454,0.002757437213560415
2017-02-21,0.00584815459329457,584790855.46030175013338451355225,2.12238119834,99995792883.248425,0.0027554685265157113
2017-02-22,0.00587484150474789,587459420.30978070295108228604181,2.131961245382,99995790496.647729,0.0027556042669505698
2017-02-23,0.0059169422865325,591669310.185878103082737603475,2.147561696954,99995788624.23103,0.002755190826379895
2017-02-24,0.00568841526153836,568817558.470866410545528806039,2.067275005027,99995786579.940525,0.002751649029619098
2017-02-25,0.00567823450453373,567799514.13234022089086751490898,2.063904422403,99995784548.698426,0.002751210008999628
2017-02-26,0.00565456384654849,565432524.13135596696998792117419,2.055775701336,99995780306.997931,0.002750574317457747
2017-02-27,0.00556500413521829,556476916.64997097718850810472117,2.03415921754,99995777744.043473,0.002735776082438768
2017-02-28,0.00552991853659276,552968465.9309926575186978024296,2.023067169493,99995770692.07646,0.002733432987288608
2017-03-01,0.00532952664969905,532930102.74286147654681029899105,1.954292648949,99995766560.798641,0.00272708729297284
2017-03-02,0.00613271407484526,613245390.89766669215386084242822,2.235826806398,99995757736.861397,0.002742928950174495
2017-03-03,0.00646578887808167,646551429.99993626993309510776408,2.351216457282,99995753370.741224,0.002749976021159747
2017-03-04,0.00624746912499005,624720365.7535562850792921811187,2.274521028279,99995750800.057174,0.002746718560662045
2017-03-05,0.00615118115522424,615091968.14361893906298356873352,2.240944798066,99995749210.087423,0.0027449052562708762
2017-03-06,0.00606847583213554,606821775.33293473283392096595384,2.212689949768,99995747221.982396,0.0027425784768317038
2017-03-07,0.00679085006163308,679056093.99073209899180496021088,2.461135688286,99995742481.086536,0.0027592343217624085
2017-03-08,0.00645893094244747,645865573.95010458195081678288235,2.346062767496,99995739187.353505,0.002753093835311669
2017-03-09,0.00648727443662736,648699780.76728193631290821747936,2.355866561451,99995735821.611326,0.002753668031449025
2017-03-10,0.00615609115264958,615582831.58137497047909628358132,2.240740596191,99995730458.998854,0.0027473466420496083
2017-03-11,0.00624198226178026,624171549.23275917678803635105914,2.271148853559,99995726206.171689,0.002748380957945038
2017-03-12,0.00629808268609969,629781327.10559174367333048247164,2.291045867192,99995722268.868156,0.002748998951216494
2017-03-13,0.00640439057640144,640411616.043662858117781488472,2.328277576488,99995715190.04755,0.002750698903376416
2017-03-14,0.0063841632965942,638388951.8685267436773930792372,2.320812145329,99995711608.613166,0.002750831561030622
2017-03-15,0.00626790362919322,626763458.05269631123801679812126,2.280946885768,99995707517.502283,0.002747939317790297
2017-03-16,0.00631886784737052,631859581.25193350188352706480684,2.298782239136,99995694879.877917,0.0027487892240482398
2017-03-17,0.00590689669090978,590664111.50447591291683956931016,2.154770149321,99995673263.332772,0.0027413117323771777
2017-03-18,0.00684978514207215,684948667.249185861026051135817,2.478525904144,99995642643.17638,0.002763652835187066
2017-03-19,0.00672755207780282,672725756.4977578623627435943107,2.434733115378,99995622288.436635,0.0027631579146441053
2017-03-20,0.00692780848040254,692750415.73373365915290501996616,2.501865559132,99995607224.621404,0.00276905705628966
2017-03-21,0.00684037154367847,684007028.25699578506364725784741,2.471573417963,99995595837.059603,0.0027676181876547727
2017-03-22,0.00722400784776282,722368845.06289085249810220502452,2.601430532439,99995578671.277186,0.0027769366729888697
2017-03-23,0.010115634779433,1011518530.776381499333015732929,3.507625301096,99995556663.729113,0.0028838983389338213
2017-03-24,0.0107965001249244,1079601600.4982500591451217649752,3.677703960926,99995515954.834458,0.0029356631854092945
2017-03-25,0.00892451514223186,892411267.45304034148608754327976,3.08919690784,99995490312.974516,0.0028889434401486495
2017-03-26,0.00954920337694622,954877134.30001114137449642167202,3.288263943328,99995475706.935391,0.0029040258146922427
2017-03-27,0.00935006255297715,934963789.27336750530536990317905,3.22571267671,99995458209.599467,0.002898603654468555
2017-03-28,0.00953391422667965,953348016.56414485204800720572675,3.281919454368,99995447189.602495,0.002904981173133513
2017-03-29,0.0101238342088031,1012337176.6086866795796855069705,3.464404509674,99995432138.588055,0.002922243687344626
2017-03-30,0.0144344466063086,1443377902.5328107176965938323652,4.620254990118,99995375084.347182,0.003124166661186799
2017-03-31,0.0211172098734115,2111621851.3234665969181021157985,6.132548784236,99995305439.578539,0.003443463821713781
2017-04-01,0.0225808666982499,2257980122.9632552496305383636903,6.444535950264,99995281542.415597,0.0035038778389194767
2017-04-02,0.0619203054110127,6191732540.4984091923587466278394,12.454681587306,99995187352.502822,0.004971649012217447
2017-04-03,0.0327647783725437,3276317644.9277014306693789988235,7.693823226028,99995110837.471655,0.0042585821651973145
2017-04-04,0.0378583493443493,3785648006.1153044021940433508401,8.807958494851,99995062428.160157,0.004298197972490529
2017-04-05,0.0358864486195711,3588466881.9641159332754940967112,8.227168548671,99995040467.924792,0.00436194401600878
2017-04-06,0.0328175468895898,3281591126.3249770132165557474944,7.603416370249,99995016000.600128,0.004316158065208664
2017-04-07,0.0370030827930672,3700123158.5483571476645100828384,8.375173291575,99994997153.091322,0.00441818712339844
2017-04-08,0.0360092843661074,3600748114.242708606572407868729,8.131724994527,99994992336.804085,0.004428246699235795
2017-04-09,0.034461580115269,3445985075.501723342609461442859,7.81461722684,99994981773.192111,0.004409887153129859
2017-04-10,0.0342577403185546,3425601864.3729762152453143036086,7.776100001978,99994974347.960991,0.004405516944206027
2017-04-11,0.0334914764630524,3348978973.9148058383336024993484,7.497555636169,99994963721.870541,0.004466986053626062
2017-04-12,0.0345900457286433,3458830065.7642421186264836472397,7.698067835984,99994954990.766509,0.004493341246871703
2017-04-13,0.0343599356398443,3435819922.5597300581009402731335,7.645153668863,99994946398.429845,0.0044943420535527795
2017-04-14,0.0338382022499098,3383649121.9012160091370436705416,7.5384904367,99994943493.495892,0.004488723907531093
2017-04-15,0.0339117428074981,3391002754.7679316398577905616979,7.542240164289,99994941988.595159,0.004496242769895267
2017-04-16,0.032985836865282,3298416790.198297659363659313126,6.644414771,99994940363.933043,0.004964445779220606
2017-04-17,0.033648686466879,3364698321.500468832214108401573,6.76414148477,99994938132.648987,0.004974568693254226
2017-04-18,0.0328206330919517,3281897089.7949893933233008107261,6.600542488503,99994935521.209633,0.004972414487009144
2017-04-19,0.0299693687554139,2996784994.4007744322731502616378,6.093953628633,99994932120.797902,0.004917885921317169
2017-04-20,0.0299349642656491,2993344602.5312301084005058001749,4.788925328303,99994928203.944639,0.006250873048433359
2017-04-21,0.0334623656767395,3346066720.7601815809903119199515,5.297499426443,99994924240.700457,0.0063166341292476115
2017-04-22,0.0318236678072494,3182205089.2457956196439486787826,5.052727711391,99994919143.823279,0.0062983144204476526
2017-04-23,0.0319250422650035,3192341949.9363766371077003991525,5.066398878797,99994916950.692615,0.006301328227157669
2017-04-24,0.0315485965069955,3154699163.0293619565612618828495,5.012315432328,99994913001.275589,0.006294216102904474
2017-04-25,0.0326216789982029,3262001695.3757984999327794715798,5.165780614583,99994905092.270062,0.006314956331306809
2017-04-26,0.0330359364674143,3303425155.9493167930380574123466,5.214375225541,99994899772.486262,0.006335550289054385
2017-04-27,0.035563078800152,3556126171.693561971272020163608,5.567938351872,99994890534.572129,0.006387117915591741
2017-04-28,0.0457679532686537,4576560200.5062760335453478352953,6.883287901054,99994862642.038769,0.00664914121369898
2017-04-29,0.0556434878419676,5564061608.2448584032371119181012,8.113115149397,99994839001.596787,0.00685846149319146
2017-04-30,0.0528044415243429,5280171193.6873222699681557009072,7.726635371497,99994830761.597168,0.0068340796459911484
2017-05-01,0.0554317932914995,5542891837.4874784291512321554155,8.011290896687,99994813596.216169,0.006919208652680786
2017-05-02,0.0543833414290458,5438051412.3534795103270985039118,7.84004257565,99994801155.212771,0.006936613022734382
2017-05-03,0.0621311896925918,6212795113.488464909533183706175,5.110402102102,99994787549.179125,0.012157788849342429
2017-05-04,0.0800225110078367,8001832763.8528735194207315419406,6.334171718248,99994772259.386418,0.012633460942857186
2017-05-05,0.0917360968134914,9173128513.9451498615497997103736,6.868082051461,99994754873.809724,0.013356872577545432
2017-05-06,0.102091821276308,10208645676.5096762328650175736,7.518432400152,99994745405.5142,0.013578870679776811
2017-05-07,0.130931165800767,13092426956.156393352645586362453,9.094010188746,99994732927.671659,0.014397516946131936
2017-05-08,0.195307476892999,19529715182.483994687337609703092,11.267825870121,99994713429.140908,0.017333199779994618
2017-05-09,0.156624601881582,15661630561.851907710329417715252,9.20716000885,99994703090.725686,0.017011174100486262
2017-05-10,0.190075631252115,19006555636.019708471656652855865,10.621628554565,99994699535.205251,0.017895149531511688
2017-05-11,0.183215989691694,18320627288.158570254393815114736,8.678006940023,99994696527.238344,0.02111268070629227
2017-05-12,0.205336056615228,20532515159.79539986026932660106,7.806967010406,99994689185.399895,0.026301642666291928
2017-05-13,0.213343845274186,21333249807.461463892484667900686,8.01170246461,99994681262.280251,0.0266290275027795
2017-05-14,0.218198477933022,21818686260.358450490482319158458,8.10262291732,99994676713.812339,0.026929363510994134
2017-05-15,0.261414420289799,26140047999.933833210338477209154,9.160043685192,99994667359.801646,0.02853855606741242
2017-05-16,0.338469796876144,33845171233.741830675823006161808,10.810576474186,99994656971.200207,0.03130913487216505
2017-05-17,0.388005134349108,38798433995.62365118299415087536,10.558844286867,99994640691.31292,0.03674693212700422
2017-05-18,0.359842673873076,35982334511.341860911623484105748,9.723312524775,99994628552.681273,0.037008239008691414
2017-05-19,0.32072993477373,32071268600.04772303914816607071,7.919954578393,99994622025.766027,0.04049643613471427
2017-05-20,0.347233612095943,34721492577.636799408197082867703,8.214073061839,99994618516.490321,0.04227301236327242
2017-05-21,0.330023478366049,33000571197.810598388639628280584,7.857071483959,99994616629.086216,0.042003369708399
2017-05-22,0.300859408154286,30084320293.007392151408673453924,7.318574000782,99994613688.728734,0.04110902043514744
2017-05-23,0.32322263678981,32320521691.34442304457015852933,7.708111375801,99994610564.241793,0.04193279274668263
2017-05-24,0.290436724163146,29042106147.479359441825597013064,7.040315337242,99994607194.252884,0.04125336867040429
2017-05-25,0.246163452889969,24615016908.511798479543300615442,6.213831806347,99994603664.884018,0.03961540327476036
2017-05-26,0.273961578087171,27394678586.089140426843962427,6.739565599052,99994600620.137,0.040649738334130464
2017-05-27,0.211991334894324,21197988164.522287276463622310956,5.461099867967,99994597303.183719,0.038818432187588216
2017-05-28,0.235348895427353,23533617640.094024230968685996602,5.958759999481,99994595671.932234,0.03949628705432868
2017-05-29,0.233192318588725,23317971288.02670326912568253185,5.914678412339,99994594286.581026,0.03942603508286218
2017-05-30,0.203173552613799,20316256524.79568784653110086006,5.290876909545,99994592127.91194,0.03840073320308473
2017-05-31,0.246739665195784,24672631568.72871403182410960124,6.334834538605,99994589638.238235,0.038949662172252854
2017-06-01,0.335326395875111,33530823925.971475891257793395094,7.517280632502,99994585390.348154,0.044607406889305305
2017-06-02,0.294575271133782,29455931184.283362860585060225394,6.672400349926,99994582270.641067,0.04414832079688519
2017-06-03,0.28021720532501,28020201611.68379716968467565143,6.445942147686,99994579487.667643,0.04347187717556601
2017-06-04,0.292959219721951,29294333538.316708833538118754948,6.654741831518,99994577969.316348,0.04402262734437658
2017-06-05,0.288974034158342,28895836112.520483029309433148192,6.472453558747,99994576317.840176,0.04464675281722445
2017-06-06,0.283614250373456,28359886160.348187878923734730592,6.372870963775,99994574049.098782,0.044503372496570326
2017-06-07,0.277432929939719,27741787057.984143478171870212438,6.244181088569,99994571891.707002,0.044430634859005856
2017-06-08,0.2854905049151,28547500276.737685442071505316,6.364435683853,99994569995.33916,0.044857159235564055
2017-06-09,0.279964235907689,27994902581.581738271705749209589,6.236312644225,99994567130.397101,0.04489259148464016
2017-06-10,0.261592082426419,26157786106.108146817541491845389,5.912358157509,99994563533.725631,0.044244965453282555
2017-06-11,0.272314561140536,27229975324.599996293837584001592,6.124652795314,99994562209.793697,0.04446204058275518
2017-06-12,0.2495757369678,24956215849.5288523621547796516,5.729703549694,99994559377.976222,0.04355822858952777
2017-06-13,0.263157899672876,26314357329.337660217743993515592,5.987842502094,99994555975.892342,0.04394870098551313
2017-06-14,0.260157095592677,26014292559.577400021807287342653,5.931292858127,99994553292.167289,0.043861785586292924
2017-06-15,0.243578594120893,24356531680.402811364580686051612,5.626590537779,99994549062.526284,0.04329062022292481
2017-06-16,0.249917253129824,24990362244.403670702372496686016,5.753874659077,99994545920.453034,0.04343460154029739
2017-06-17,0.260024326382554,26001013813.864120540457818846588,5.989859247328,99994543493.637622,0.043410757356034294
2017-06-18,0.264732144161336,26471769561.014618050000112136568,6.076228700104,99994542199.914713,0.043568495727753766
2017-06-19,0.278435912829145,27842071219.547102858465738098625,6.36674099305,99994540706.506025,0.04373287889881001
2017-06-20,0.308610930294812,30859407517.297345002792803656052,6.815745236929,99994538391.163771,0.045279117626448165
2017-06-21,0.268456519556494,26844185092.37464436227353075474,5.985128357317,99994535937.22671,0.04485392852574294
2017-06-22,0.27788651561774,27787132821.84150911589829462596,6.092390313064,99994534675.678254,0.045612067076835835
2017-06-23,0.292898495771052,29288248173.561537730346222158536,6.326282995443,99994532564.807318,0.0462986711125688
2017-06-24,0.277593220122598,27757802778.045766734573862380312,6.037807483541,99994527120.607044,0.045975831604322295
2017-06-25,0.25661896760206,25660492154.58644282083954099898,5.62483761866,99994526493.373883,0.04562246681588545
2017-06-26,0.247296259123512,24728270993.116952351693159815008,5.578153179226,99994521068.620084,0.04433299896540771
2017-06-27,0.258629984146145,25861580980.693646231374763559665,5.800859280847,99994519452.469777,0.044584771259678226
2017-06-28,0.268036304806777,26802161200.289185283919973713203,5.980910244143,99994518353.065739,0.04481530299995059
2017-06-29,0.255864683017756,25585065280.107898549040936282848,5.812915950747,99994516548.156808,0.04401658052270231
2017-06-30,0.246807797717917,24679425928.27268270193279116336,5.64735364139,99994514583.69008,0.043703265881746604
2017-07-01,0.238385430630685,23837235057.777108180281382731755,5.45285969935,99994513065.299623,0.0437175067348792
2017-07-02,0.253846548678688,25383261847.44872458903852882416,5.778385271198,99994512352.335195,0.043930360605058685
2017-07-03,0.252149652765894,25213581193.782633763449089320062,5.729742628663,99994510867.686773,0.044007151648403374
2017-07-04,0.248149051305885,24813542656.147563524781692737335,5.643821818869,99994509451.340771,0.04396826463873253
2017-07-05,0.250705620144831,25069184554.429144016971480595988,5.701572628094,99994505667.431148,0.04397131046081936
2017-07-06,0.25035837536523,25034461695.68112583306429227576,5.691772845305,99994504514.419112,0.043986009661602064
2017-07-07,0.230496884945661,23048421134.069870879733893287659,5.274681992304,99994501615.514119,0.04369872634634019
2017-07-08,0.229994786284197,22998213579.659621970065254638552,5.262837793915,99994499663.316216,0.04370166729252451
2017-07-09,0.226731424372211,22671894986.746251050687854398438,5.21416552583,99994498113.888258,0.04348374121401132
2017-07-10,0.18361969640154,18360959093.97741098279105110128,4.290790150301,99994496526.263832,0.04279391206970563
2017-07-11,0.176208991456372,17619928920.456167384191628533752,4.337744260675,99994493895.158166,0.04062226375442244
2017-07-12,0.19581613836508,19580535296.04250071313109892496,4.796964042906,99994492075.706812,0.0408208476473079
2017-07-13,0.191873032422172,19186246084.77677789443557780144,4.705827836311,99994490328.17652,0.04077349174180274
2017-07-14,0.18284196432428,18283188633.6805474318675664566,4.505503020128,99994488143.073845,0.040581920266715414
2017-07-15,0.172480436218858,17247092777.67916982147853963531,4.270146880524,99994487234.451195,0.04039215536250886
2017-07-16,0.146670325631267,14666223546.533485746196938308131,3.679751684449,99994484115.380993,0.03985875629899444
2017-07-17,0.172173619909686,17216411883.157965780112168757964,4.435212039817,99994481687.664274,0.038819704303650386
2017-07-18,0.178597162725844,17858730266.611847459218861622032,4.575666166069,99994479162.168628,0.03903194775227201
2017-07-19,0.161398500862773,16138958554.243521078374968770573,4.163011212196,99994476206.228601,0.038769653175551935
2017-07-20,0.188177846547881,18816744613.625923532130739582404,4.806567166431,99994473094.568484,0.03915015436840507
2017-07-21,0.183893346256921,18388317822.079510603683318847333,4.701980550334,99994470688.400173,0.039109763277063815
2017-07-22,0.197838612857896,19782766799.769209594752714520184,5.029769619766,99994467783.590979,0.03933353370310031
2017-07-23,0.197205833459826,19719492157.8081691836792085314,5.037740037496,99994466755.0889,0.0391456946948471
2017-07-24,0.190898133080264,19088756800.52437763680811029452,4.886735986368,99994465595.420055,0.03906454811816965
2017-07-25,0.173923142891171,17391351304.127680155242146790263,4.492567191691,99994463157.844253,0.03871353181157574
2017-07-26,0.173176121160074,17316653002.28035271195895204158,4.477818136209,99994461628.30867,0.038674219428368295
2017-07-27,0.17219221801339,17218267781.56191100500199755257,4.459147508838,99994459565.083163,0.038615501656338175
2017-07-28,0.163180308111259,16317126533.059177851142004081615,4.248358229186,99994458411.819485,0.03841020443855671
2017-07-29,0.16888093087718,16887157082.41685076005619751064,4.389021616925,99994457602.191748,0.03847803579411395
2017-07-30,0.163037471452113,16302843435.324451665148804930209,4.249464873035,99994457041.814993,0.038366588811374364
2017-07-31,0.164794644547203,16478550885.501678202865300466417,4.312889271113,99994456317.308539,0.0382098018724871
2017-08-01,0.176988270841242,17697845734.84931992812659681328,4.599119120447,99994455286.38584,0.03848308039128155
2017-08-02,0.17142283385875,17141332779.83587896410352655875,4.41046835316,99994454612.505681,0.038867263095976975
2017-08-03,0.174829471290307,17481977427.195392160116373042052,4.491336322838,99994453441.813036,0.038925936230007195
2017-08-04,0.173936458364478,17392680685.54405273117517276049,4.499031035485,99994451129.378955,0.03866087097257098
2017-08-05,0.184119361374478,18410914263.689399264667468686336,4.741809195433,99994449938.611712,0.03882892663665373
2017-08-06,0.179952203931989,17994221517.303439361587950734052,4.641702959884,99994449215.549268,0.03876857383749652
2017-08-07,0.177528745291951,17751888908.347757449642990146737,4.584427947751,99994448105.597087,0.0387242960987187
2017-08-08,0.193840013578692,19382924691.867515545704221182236,5.014974578534,99994445594.684983,0.0386522425075495
2017-08-09,0.185041143668667,18503086232.539829868835856553156,4.786537531552,99994443752.851468,0.03865866348041958
2017-08-10,0.181067586084178,18105752034.882053430390236169184,4.693028177801,99994440896.034928,0.0385822499299419
2017-08-11,0.178466649328289,17845672464.023118595313354010789,4.628589156741,99994438911.642501,0.03855746174152726
2017-08-12,0.171879190691069,17186963035.492254212202641025807,4.472552479593,99994437758.225403,0.038429776168151276
2017-08-13,0.165757781112284,16574855922.481914476227904470296,4.335641976674,99994436528.165994,0.038231427318969204
2017-08-14,0.168560104258672,16855072373.574438134394324331536,4.409185918215,99994434909.156663,0.03822930295643131
2017-08-15,0.157444697875712,15743593046.309115248378449043712,4.143228793977,99994431433.551501,0.03800048360944703
2017-08-16,0.159765478627467,15975657614.577749689067116423224,4.19832433173,99994427781.416872,0.03805458225797257
2017-08-17,0.158785990671365,15877713915.947762597555565608895,4.175665195328,99994425508.289523,0.03802651391903376
2017-08-18,0.156673373138971,15666463669.581037399315044679344,4.34990571503,99994423785.621264,0.0360176480601926
2017-08-19,0.15354777999164,15353921672.63950742729284746028,4.276247642455,99994423061.508677,0.03590712999574739
2017-08-20,0.158690972633172,15868212139.575109525202578176492,4.408828949838,99994422343.455311,0.03599390551066923
2017-08-21,0.195383479866146,19537257842.803277484327366154494,5.307047227422,99994420491.373839,0.036815854748113344
2017-08-22,0.243836793226487,24382318020.417543667404652556054,6.370158201243,99994417158.242842,0.038277980785297844
2017-08-23,0.248750403396075,24873650777.884825397593568346975,5.982667115474,99994413831.279453,0.041578513160575
2017-08-24,0.21779147226072,21777930130.02123446898602875224,5.440673797765,99994411645.056017,0.04003023896602431
2017-08-25,0.217167906447389,21715576698.176863919035101075199,5.439314873407,99994410101.465291,0.03992559936346588
2017-08-26,0.209806415807318,20979468582.068130823995924974356,5.269367897764,99994409138.256542,0.03981623979915069
2017-08-27,0.201696432234777,20168515334.855811432372974560386,5.086185755765,99994407989.227218,0.03965573455632478
2017-08-28,0.224806864283727,22479428915.845091891684856689817,5.682760360298,99994406253.867671,0.03955944823123569
2017-08-29,0.219479644440768,21946736437.51557990495046301088,5.563049160197,99994404918.213035,0.0394531197047692
2017-08-30,0.231493305867638,23148035059.997689376499225811968,5.800240804697,99994403610.241536,0.03991098191650528
2017-08-31,0.260323941730651,26030937004.608611212903445258516,6.377555082511,99994402480.053116,0.04081876806435282
2017-09-01,0.253909015965032,25389479981.700486775455424592232,6.236928770379,99994401085.769601,0.04071058453816567
2017-09-02,0.228277449765848,22826466610.792062432681815476632,5.686499867931,99994399947.108009,0.04014375363889798
2017-09-03,0.231701171830298,23168819437.247912791449021482694,5.759487017856,99994399053.869103,0.04022948070061802
2017-09-04,0.21235627188056,21234437446.11583687850910642848,5.367089276611,99994397424.998908,0.03956637591365919
2017-09-05,0.219889303854611,21987698074.391423319431992192771,5.529689540046,99994395766.196561,0.03976521688282373
2017-09-06,0.232453217162987,23244018652.94734549190756887031,5.794569122888,99994394298.48613,0.04011570355504412
2017-09-07,0.228496440444564,22848362619.255887172354221002008,5.700427151481,99994391924.889422,0.04008409095890288
2017-09-08,0.214420627790518,21440859638.628390184228036792332,5.387576892868,99994388877.433074,0.03979908445935409
2017-09-09,0.214095919084084,21408389905.765325192472642472264,5.381563327864,99994385681.669146,0.03978322023557065
2017-09-10,0.218515115320374,21850283910.414812636879921263056,5.468969115312,99994381983.045944,0.03995544877161148
2017-09-11,0.215168047440712,21515484550.170994348900039574824,5.392676169158,99993864358.970077,0.039900049751051124
2017-09-12,0.209634270922427,20962138917.666818917357303236414,5.300810498755,99993855133.656282,0.0395475882361129
2017-09-13,0.198979894088876,19896761758.592201792066165251928,5.073983207113,99993830279.682178,0.03921571790185167
2017-09-14,0.172045325003785,17203465973.637867094924764147905,4.458355804137,99993800896.707833,0.038589411110737416
2017-09-15,0.18471255969129,18470106375.44739990811955054544,4.765368887903,99993776310.157136,0.03876143988772562
2017-09-16,0.183463655813182,18345214932.302767925139729389612,4.742109795026,99993728190.957866,0.038688192332791846
2017-09-17,0.182925394194427,18291368974.002005945543322473426,4.729562830458,99993601514.727638,0.03867701957914638
2017-09-18,0.194195580919478,19418289674.951944751042737261258,4.996591368144,99993468352.936511,0.03886561189645824
2017-09-19,0.185056403756914,18504417852.832936709548807859428,4.777343258296,99993393782.470402,0.03873625857542432
2017-09-20,0.182035159306546,18202299135.72594787540816376383,4.710703047137,99993315604.890355,0.038642885676519266
2017-09-21,0.171087688629113,17107617086.801508565089506022991,4.468234409128,99993267919.398407,0.03828977465452661
2017-09-22,0.172806364095469,17279472658.044444162364682602905,4.514925498185,99993265574.977245,0.03827446635939777
2017-09-23,0.178791064739312,17877902214.82425856004087011688,4.656309794966,99993264433.495615,0.03839758792093375
2017-09-24,0.176281089877209,17626921446.402050737699597098891,4.584270366787,99993263365.232899,0.03845346713282096
2017-09-25,0.184124625170779,18411221865.138795298783862652581,4.894815307772,99993261890.211839,0.037616255893950776
2017-09-26,0.190669240622863,19065638716.904713871600055185799,5.036312909059,99993258769.073673,0.03785889480375599
2017-09-27,0.210391252104824,21037706194.251938750673847955208,5.44537108447,99993255345.855567,0.03863671526534752
2017-09-28,0.202194098716125,20218045411.30854066501806225925,5.27026644571,99993251730.329306,0.03836506195634779
2017-09-29,0.19658820096296,19657492980.31435718111226240704,4.978557121905,99993249259.237624,0.03948698310560657
2017-09-30,0.198252942418231,19823955168.193570048477275082778,5.009573580089,99993245630.490038,0.03957481395346804
2017-10-01,0.203982451280367,20396866409.727271064921960395701,5.126702589687,99993240995.483803,0.039788235754245435
2017-10-02,0.202492284925007,20247859301.629641132859401070077,5.084642443798,99993238305.985011,0.03982429190709315
2017-10-03,0.202702089397894,20268837925.387929731427751101274,5.088496947583,99993236308.488271,0.039835356390294396
2017-10-04,0.212669405071171,21265501485.254209902876203786934,5.278201712646,99993233526.644754,0.040292019261340115
2017-10-05,0.23766614200853,23765004998.07776920110374282595,5.622664475015,99993229145.886615,0.04226930898413531
2017-10-06,0.233990795972543,23397494582.489196784941710733758,4.676530308336,99993226166.189506,0.05003512872683626
2017-10-07,0.239693224923665,23967698230.363237604856821799975,4.766099981744,99993223579.833015,0.050291270817184375
2017-10-08,0.27781969792989,27780086081.21626311676425572589,5.335783206643,99993219660.856401,0.05206727619368177
2017-10-09,0.248675673258187,24865880416.971334741352529366217,4.857760469128,99993216429.957691,0.05119142346325403
2017-10-10,0.256813144057434,25679571085.015056356784674604906,4.975832534325,99993211715.332009,0.051612095520869886
2017-10-11,0.262836574759993,26281872485.778425759906168488775,5.065467040833,99993208744.930175,0.05188792516884492
2017-10-12,0.248036390149405,24801953621.01652048728185215619,4.844862257636,99993205053.810998,0.05119575685737488
2017-10-13,0.257525404209677,25750789544.437598538993194750117,4.963051368278,99993201150.249721,0.051888522826034955
2017-10-14,0.255567106012107,25554972623.632136727940552634769,4.93000371927,99993199525.534867,0.051839130468232096
2017-10-15,0.264804990357743,26478697653.738862996978924760878,5.071718344742,99993197325.952946,0.05221208520624458
2017-10-16,0.256635154444213,25661768029.646167223893554115285,4.937254413567,99993191054.518945,0.05197932554154178
2017-10-17,0.224913007200985,22489768348.5023248436771586338,4.443117809026,99993186825.36308,0.05062053649445982
2017-10-18,0.218017949607422,21800308603.171817646730128713918,4.33197781437,99993182407.351969,0.050327577598438915
2017-10-19,0.213797718046509,21378313353.381816842237789109036,4.265317034749,99993178359.047004,0.05012469560989863
2017-10-20,0.207547285161048,20753311835.610060043714813779504,4.163853020487,99993174179.591698,0.04984500753025463
2017-10-21,0.20810249768929,20808828545.37134851863527191206,4.176627893779,99993170559.827814,0.049825481939450314
2017-10-22,0.201404232889623,20139047232.020530894331178786279,4.064370163112,99993167686.090673,0.04955361465782737
2017-10-23,0.193666860625338,19365362429.877939743332284133674,3.925458232399,99993165414.818073,0.04933611546975516
2017-10-24,0.204963529205837,20494951345.754763432552361370212,4.12624101028,99993161833.061876,0.049673184066368566
2017-10-25,0.202399864641323,20238601751.342224689749049891345,4.087108892672,99993158529.070515,0.049521524861795764
2017-10-26,0.201953650733905,20193982874.7323934938416445147,4.079701590505,99993155861.98574,0.049502064367630993
2017-10-27,0.200690634807764,20067689401.182559365331200393284,4.05677934924,99993153245.067181,0.04947043394050049
2017-10-28,0.199234088584661,19922044219.712225396231352401943,4.031841051011,99993150575.970363,0.04941516445314784
2017-10-29,0.200649122103107,20063537381.126214702530890569506,4.056453677858,99993148092.699958,0.04946417191901948
2017-10-30,0.201852699848086,20183886469.083283118587122687826,4.077451013434,99993145914.192091,0.04950462903981944
2017-10-31,0.198456159521494,19844255253.282457732569176782272,4.022234823754,99993143579.568288,0.04933977458239808
2017-11-01,0.190921504393644,19090840803.356002853765154934608,3.945672372663,99993140447.889532,0.04838757158765007
2017-11-02,0.200280452780525,20026670513.688350493670315438825,4.112423940714,99993135803.594093,0.04870131476419532
2017-11-03,0.207707073360806,20769280761.274519177885874218064,4.238024346236,99993131794.777144,0.04901035397431848
2017-11-04,0.201964961378637,20195108757.217418259968726789961,4.137500757219,99993130587.420653,0.04881327478339526
2017-11-05,0.200105453281978,20009170520.041152969594101666428,4.100860042862,99993129581.757526,0.048795972354697556
2017-11-06,0.203081192147551,20306723390.870546857756941459397,4.071629967933,99993126769.299547,0.049877123841547674
2017-11-07,0.205646538063691,20563239721.246708344851503372776,4.114976931457,99993123710.538936,0.049975137525467776
2017-11-08,0.217191625110602,21717668354.472265862266532240354,4.30415979848,99993120560.762077,0.05046086467033649
2017-11-09,0.216923201604415,21690826974.73300934466508642936,4.298016305215,99993116523.739984,0.05047053947683053
2017-11-10,0.204894033310265,20487992254.616003410527085497555,4.096492254019,99993113140.545387,0.05001694635434668
2017-11-11,0.209616500312168,20960205985.722775829285699336296,4.179411094736,99993111012.292097,0.05015455420888879
2017-11-12,0.192066096410521,19205285831.951533144982421854615,3.883903817563,99993107533.680815,0.04945181586165928
2017-11-13,0.201291977634947,20127809609.49915336042781814113,4.073737028183,99993103778.83979,0.04941211871123866
2017-11-14,0.204729511281769,20471538634.710248246236710190664,4.13315787315,99993100684.616456,0.04953343607117979
2017-11-15,0.208796702031257,20878229011.74882757394489491915,4.200259373514,99993097633.42595,0.049710430586236524
2017-11-16,0.224187659204144,22417217477.316147068581078608624,4.442599884177,99993093093.956421,0.05046316685025422
2017-11-17,0.222622366609719,22260698392.087991597169142333899,4.398308363659,99993090232.094221,0.05061545217000589
2017-11-18,0.227346333733953,22733061744.158147023398349185096,4.475006984182,99993087070.236232,0.05080357070671931
2017-11-19,0.231032458510818,23101648134.26374608587014887987,4.532492052477,99993084448.703215,0.05097250162513999
2017-11-20,0.241210535881317,24119384826.815093000469453744168,4.684328707531,99993081722.941704,0.05149308490958855
2017-11-21,0.231368893089861,23135287863.62485127556560067987,4.523685042437,99993078389.49367,0.051146110067207054
2017-11-22,0.239572432273938,23955584044.96257629911337317866,4.630918955695,99993074401.69357,0.051733237952548757
2017-11-23,0.243892611509883,24387571357.131773966161786635759,4.693273697273,99993071566.022173,0.05196641560699847
2017-11-24,0.241178716902455,24116199719.27883136064771165912,4.648791293659,99993067502.024464,0.051879876223186294
2017-11-25,0.250732969387147,25071557962.581887671588997642202,4.799477785884,99993064429.711566,0.05224171890629249
2017-11-26,0.246951935756728,24693480224.00266823049282902768,4.73525725723,99993062003.48306,0.05215174642933514
2017-11-27,0.247540730466242,24752354784.635191875814790286568,4.745939910901,99993058669.634804,0.05215842069505833
2017-11-28,0.279796844249816,27977740323.460791159832636642384,5.229767922748,99993051738.928574,0.053500814640890564
2017-11-29,0.236059297110592,23604287706.257974651652182924032,4.582481128725,99993044100.269196,0.051513424819333985
2017-11-30,0.237187655106378,23717114375.04285948914715863202,4.559354569745,99993038695.06109,0.052022199957930365
2017-12-01,0.248288629463957,24827133402.631752122352353610536,4.726285476096,99993034140.275848,0.052533565887993725
2017-12-02,0.245290946874728,24527385059.432334128742158588008,4.676993026615,99993030203.265761,0.05244629305172574
2017-12-03,0.246135292899355,24611813150.174981688774662266335,4.675266525768,99993027656.699277,0.05264625910475182
2017-12-04,0.24707609995859,24705886512.35314592705889214531,4.684309303774,99993024483.120209,0.052745470876470225
2017-12-05,0.235547634459648,23553119206.176078535458854780928,4.503247616786,99993019502.010736,0.05230616979213771
2017-12-06,0.223898106318061,22388245805.004500293517068776548,4.32580706696,99993010986.884468,0.0517586898473046
2017-12-07,0.209620607304238,20960594433.171547914345939890992,3.181428086689,99993004994.732584,0.06588884035483447
2017-12-08,0.241106366625257,24108948647.581075752734636153729,1.246435115968,99992998878.593497,0.1934367569851482
2017-12-09,0.242901082162339,24288406883.919570880407977079779,1.25519364364,99992995781.248961,0.1935168198095218
2017-12-10,0.233999130047862,23398273414.231246860303972061308,1.210874048196,99992993176.707034,0.1932481172558629
2017-12-11,0.247504944101984,24748759376.513942475750738022496,1.267817043975,99992989902.925969,0.19522134150048903
2017-12-12,0.384700150223602,38467315437.15093397580855657452,1.882191633273,99992982625.01926,0.20438946992588383
2017-12-13,0.47471490105834,47468154548.8964743068816374703,2.244078137062,99992973557.539295,0.21154116392749495
2017-12-14,0.850351761514141,85029191071.045605694202745299132,2.738973105796,99992961641.711852,0.31046371346790275
2017-12-15,0.741837340954904,74178504850.578673861973249233464,2.322533891629,99992950954.848141,0.3194086181599647
2017-12-16,0.74426290871538,74421040728.3267286155263244789,1.241261539419,99992945848.637905,0.5996020057656412
2017-12-17,0.722209579369984,72215860145.580747015644735059968,1.206065815721,99992941396.011252,0.5988144013005119
2017-12-18,0.760395691285874,76034197149.9685195887894377386,1.260220301989,99992935285.2989,0.6033831466496333
2017-12-19,0.748307781389594,74825486362.879598281035408952428,1.241081401638,99992928342.840462,0.6029481872840611
2017-12-20,0.720258628892847,72020764063.525844786232243507849,1.197350277607,99992920840.439367,0.6015437941287669
2017-12-21,1.09946720571884,109938927335.53870260258545381464,1.748725980565,99992911806.459746,0.6287246932556069
2017-12-22,1.07747298595809,107739652535.69949922968910396215,1.713114937738,99992903710.618135,0.6289554554820397
2017-12-23,1.06318908032035,106311358742.87848638775822625245,1.689538294552,99992899391.748607,0.6292778824538371
2017-12-24,1.00915336595831,100908167193.66436175028990031458,1.60917802479,99992895626.761518,0.6271235067916155
2017-12-25,1.00245764966257,100238639908.36956683544054858523,1.599365478361,99992892410.078539,0.6267845987834313
2017-12-26,1.07111563471301,107103946356.81015722154912179931,1.698596383452,99992888616.089631,0.6305886702385518
2017-12-27,1.22205917343703,122197218882.02865001965847261279,1.896622067574,99992882127.262393,0.6443345747844144
2017-12-28,1.26993270850444,126984221806.96635819919461442752,1.956668579779,99992874391.361808,0.6490280069033844
2017-12-29,1.93403170717339,193389366873.23266735943026379255,2.775142992221,99992862658.841045,0.6969124519329893
2017-12-30,1.96248331221992,196234303760.24187016219984577544,2.785858733508,99992852188.009557,0.7044446613948471
2017-12-31,1.9810830802894,198094137328.364499565473393313,2.80097677314,99992846993.285395,0.7072829376119859
2018-01-01,2.00983954051858,200969569172.42734839020458614404,2.804892066504,99992842772.201138,0.7165479073223775
2018-01-02,2.18412450364102,218396805633.0540000314811320974,2.881970929275,99992837069.94637,0.7578579233588824
2018-01-03,2.73236596612462,273217003502.52030164732358418168,3.472678137999,99992829251.211364,0.7868180860835675
2018-01-04,2.72749002969183,272729418143.05968275818925825652,3.421751488004,99992819469.215244,0.7971034831880349
2018-01-05,2.45525555214236,245507894958.02013938841206164844,3.068163765729,99992807161.682029,0.8002361476161257
2018-01-06,2.62300524576427,262281634117.23490555740358950206,3.137213609547,99992798161.870778,0.8360939267195836
2018-01-07,2.7457943169706,274559632778.7768170468733253294,3.26453846167,99992789365.845499,0.8410972482664417
2018-01-08,2.38978650521998,238961392766.31092627122499785176,2.846407349584,99992778536.639412,0.8395799376955814
2018-01-09,2.03139865201203,203125165054.96549554664442825022,2.467146779793,99992763534.512074,0.823379731052106
2018-01-10,1.9314951373174,193135511662.963426876111053986,2.361699075834,99992750658.02339,0.8178413401950121
2018-01-11,1.89365053929756,189351298109.54526341786824235088,2.27358678064,99992735819.030348,0.8328912515776105
2018-01-12,2.00682517551349,200667919919.12179293933118404287,2.383601311644,99992726007.025763,0.8419298838736405
2018-01-13,1.98731970124989,198717497943.53215284219456010101,2.36109643677,99992717738.646809,0.8416935751970218
2018-01-14,1.83547891630988,183534514040.27425014989996868,2.194980013369,99992711662.011,0.8362166876830309
2018-01-15,1.65092578417611,165080534748.43357033435694210319,1.976203215424,99992704899.703629,0.8354028428305635
2018-01-16,1.16608335892731,116599815946.01599417724650618041,1.427758724729,99992693535.458011,0.8167229789813695
2018-01-17,1.29157861843421,129148411546.98498718899644154986,1.628515192249,99992683142.705266,0.7931019769306074
2018-01-18,1.56758951323796,156747468548.63057638538653917496,1.95445925045,99992674883.910326,0.8020579159565665
2018-01-19,1.52446951102224,152435777135.16411823279894461552,1.910218281341,99992670258.749623,0.79806037137915
2018-01-20,1.56842851899854,156831346621.01671389154011365056,1.961987487117,99992664454.453664,0.7994080131995304
2018-01-21,1.35631109756556,135621153465.73051204339146919512,1.710770060478,99992659286.764402,0.7928073613742094
2018-01-22,1.29266686249069,129257189124.01859300592377864471,1.650861026882,99992653076.112659,0.7830258522318894
2018-01-23,1.333664085064,133356595926.845510560188224288,1.712485370966,99992642390.490692,0.7787886002854962
2018-01-24,1.33366939238486,133357108200.11580236225925108222,1.717640819652,99992628579.146877,0.7764541789680254
2018-01-25,1.29768452420764,129758871988.56163043319610116876,1.675247872432,99992617287.157509,0.7746223980119182
2018-01-26,1.20620660329219,120611744525.92850798299774072222,1.5641619646,99992608394.560138,0.7711519846352042
2018-01-27,1.20549323391795,120540407086.8347488870405517199,1.56367090971,99992603604.309522,0.7709379425249536
2018-01-28,1.35453217390722,135443191923.46078997030444565522,1.747513377136,99992598575.763401,0.7751197739768739
2018-01-29,1.25569181288973,125559880275.40576462099161323106,1.625495016097,99992592916.930922,0.7724981008584019
2018-01-30,1.09026871960079,109018789648.96257851828342916581,1.427290822548,99992586863.246539,0.7638728578485792
2018-01-31,1.10894771629237,110886545023.49433669701813378898,1.450954531831,99992581610.817354,0.764288399094738
2018-02-01,0.941342184929464,94127228994.447831037994168622944,1.262648046016,99992574965.182196,0.7455301482465017
2018-02-02,0.894631702765841,89456519457.277457132143181955134,1.213161372997,99992565857.786974,0.7374383348158688
2018-02-03,0.942659177697551,94258904928.802108833708203905732,1.276204607329,99992560576.379132,0.7386426692742204
2018-02-04,0.824120467604112,82405912269.137667683668985505408,1.123235214387,99992556317.292584,0.7337024846161645
2018-02-05,0.671327297447622,67127728813.904847365602294862616,0.92258129247,99992550681.498628,0.7276619447271655
2018-02-06,0.765304704580175,76524763931.8987686945417279886,1.060019311707,99992543458.723592,0.7219724170381087
2018-02-07,0.713293782406582,71324055217.714794471608188265774,0.995770337395,99992537404.538357,0.7163235895061958
2018-02-08,0.77260968955792,77255199501.32167572008311245568,1.075880736366,99992532510.854704,0.7181183410417423
2018-02-09,0.906066364107931,90599864604.943146138123385396085,1.253494796079,99992526148.063535,0.7228321704582708
2018-02-10,1.03291061084101,103283333893.98650644034786685476,1.420917569622,99992519013.713876,0.7269321126881345
2018-02-11,0.965454295699271,96538203348.413723673694664582164,1.330898293999,99992515211.185484,0.7254155332924309
2018-02-12,1.04641697436049,104633861178.87387718543610323076,1.430539821291,99992511343.597124,0.7314839886219624
2018-02-13,0.985900420557378,98582654124.613749885363346453884,1.371862867542,99992506412.442878,0.7186581427951614
2018-02-14,1.13171005793961,113162519121.92358161249242451178,1.554445280429,99992501019.163098,0.728047537078486
2018-02-15,1.11298261218618,111289909258.84449437502660085758,1.52750585055,99992495875.782731,0.7286273972603344
2018-02-16,1.11420058445031,111411692717.20062127753093773999,1.532609813206,99992491721.915129,0.7269955959107179
2018-02-17,1.17974773348852,117965910026.79321108957215473644,1.618974267151,99992487103.973847,0.7287007319545532
2018-02-18,1.07557526702079,107549441179.42747632245111529774,1.480967570101,99992482606.378706,0.7262652395200234
2018-02-19,1.10771148758851,110762818226.05461328941062701636,1.523112033991,99992479510.333036,0.7272685546879839
2018-02-20,1.02578567260761,102570848746.75864443799143081846,1.415653239309,99992475510.032486,0.7246023560884941
2018-02-21,0.951413066662774,95134143636.833083985760204256246,1.318499585091,99992471167.681729,0.7215876875661736
2018-02-22,0.895772588440491,89570510478.593439278803197849081,1.248455031138,99992466430.048491,0.7175048889217663
2018-02-23,0.943102238027874,94303114466.602050739110420795,1.304996406362,99992461754.5175,0.7226856973936078
2018-02-24,0.902875271158462,90280717253.238403119506172428646,1.251502570193,99992457582.098733,0.7214330139323847
2018-02-25,0.904565829672247,90449757168.144575220335847520066,1.253833132139,99992454060.438478,0.7214403627451494
2018-02-26,0.927405677785346,92733566865.83819849290397713965,1.284518150083,99992451078.461025,0.7219872118781824
2018-02-27,0.931317195440005,93124685912.25491360960943787476,1.29782673931,99992447651.798952,0.7175974783314661
2018-02-28,0.883394268070772,88332752687.123994634126189583384,1.236485271072,99992444913.676222,0.7144397824528006
2018-03-01,0.915277915922474,91520873298.866933560537944226896,1.271160476467,99992441319.450504,0.7200333340022904
2018-03-02,0.898498065346538,89843012681.549995188477077942376,1.248722861094,99992438655.834852,0.7195336077689554
2018-03-03,0.895876844017498,89580907129.546363093756147475444,1.245266701037,99992435040.319778,0.7194256806766403
2018-03-04,0.998516848443325,99844127093.800540689312547476625,1.382551598236,99992431023.528805,0.7222275463117142
2018-03-05,0.944510627512005,94443908830.723809325976680649055,1.309907802821,99992425791.443411,0.7210512262602906
2018-03-06,0.89826616726278,89819809412.52742588561929052164,1.248390711407,99992421718.641238,0.7195392909086836
2018-03-07,0.853065152680856,85300047937.192909520017649398832,1.188495874787,99992418714.007522,0.7177687115100343
2018-03-08,0.808905852031913,80884448840.416247108130240160517,1.129913069739,99992413996.314109,0.7159009606099725
2018-03-09,0.827671672469527,82760884123.876544472467552886286,1.159162032804,99992408676.912418,0.714025864414657
2018-03-10,0.776240496658649,77618153836.987998973541568565206,1.0920798682,99992404636.317894,0.7107909588499904
2018-03-11,0.81440871869202,81434682984.54795562753954442334,1.144413678425,99992400763.262967,0.7116383996850251
2018-03-12,0.783477435239145,78341786876.10918828777409855404,1.102367327436,99992397167.375352,0.7107226563594169
2018-03-13,0.778446267601694,77838704458.413802027226397961588,1.095710361859,99992392150.875302,0.7104489422560258
2018-03-14,0.688274142240728,68822174580.523580812768116907792,0.977669710261,99992387272.414214,0.7039945443916692
2018-03-15,0.685540009405908,68548778240.685226334221293790272,0.974008643691,99992381626.405584,0.7038335992666945
2018-03-16,0.683820974841733,68376884700.043472741471563138498,0.974460902904,99992376975.375706,0.7017428537192942
2018-03-17,0.629263259870452,62921526668.364330988843700266628,0.900681867607,99992373114.740789,0.6986520796097812
2018-03-18,0.65036021978874,65031058916.1950018700520078968,0.929458426716,99992368748.07532,0.699719536770051
2018-03-19,0.710679386702891,71062512163.2311123691788009277,1.012159453937,99992364338.7447,0.7021417267195983
2018-03-20,0.698126371881746,69807303559.948860201444890934508,0.998022665708,99992360082.012998,0.6995095360750082
2018-03-21,0.676698417748558,67664669029.191569621742775670386,0.971141737597,99992355906.961567,0.6968070586925709
2018-03-22,0.651797737695772,65174788813.141121336006575996816,0.933569048258,99992351988.741628,0.6981783928162557
2018-03-23,0.631876071955127,63182771476.470921361762605990463,0.911433680076,99992347045.162169,0.6932770708039206
2018-03-24,0.632444532825007,63239610359.916551554165751271035,0.912320515864,99992342533.878005,0.693226253085035
2018-03-25,0.633474069245203,63342553832.547728044792743479701,0.913924284256,99992338925.603767,0.6931362697741382
2018-03-26,0.592746778708739,59270134515.657059243441285803169,0.857982656443,99992335082.399371,0.6908610264525995
2018-03-27,0.572639663638041,57259575027.130248469122823440069,0.836565699788,99992331413.709709,0.6845124821435515
2018-03-28,0.572213927239368,57217002843.595342551329174441256,0.836205597783,99992328253.241517,0.6842981304555447
2018-03-29,0.506565087501836,50652620387.941093434124969714936,0.742389279208,99992324061.925226,0.682344292528379
2018-03-30,0.497079360956851,49704118708.544350170723822263895,0.731413044951,99992320366.845645,0.6796151154101334
2018-03-31,0.500415818278695,50037737867.87036662796220535281,0.736307161532,99992318468.244358,0.6796291607941217
2018-04-01,0.478626898379302,47859012283.961860749677360556082,0.704831097429,99992316449.449891,0.6790660913305059
2018-04-02,0.492125195429526,49208737154.888343761628167551446,0.723256184276,99992314175.133921,0.6804299861219401
2018-04-03,0.547541243761318,54749913829.477593927365675087344,0.802869466468,99992310083.117608,0.6819804048223091
2018-04-04,0.490211573912336,49017385770.905648912423386743936,0.720466021944,99992306137.739976,0.6804090116416883
2018-04-05,0.491251478903564,49121366185.378216640531639316152,0.721942913892,99992301895.993018,0.6804575118761447
2018-04-06,0.469963153184527,46992696323.282886872375147508652,0.700005612336,99992299406.569876,0.671370550324883
2018-04-07,0.483558077128615,48352083270.99142745163283484217,0.720156143805,99992297839.605558,0.6714628227341072
2018-04-08,0.49841070436267,49837230889.3824411872477829925,0.741933038251,99992296419.69775,0.6717731637043705
2018-04-09,0.484668703750037,48463135424.458294649561749792289,0.721813807395,99992293807.055197,0.6714594522639972
2018-04-10,0.489038728709343,48900102974.356361760029265455487,0.7286384945,99992291210.579809,0.6711678457846603
2018-04-11,0.539131243376364,53908966680.90724145643294339942,0.801953698688,99992288228.923405,0.6722722823753855
2018-04-12,0.637240062405948,63719088024.709296513798848108976,0.946147207952,99992282004.576212,0.6735104823543235
2018-04-13,0.648560451780365,64851035683.195580357187816872715,0.961823892394,99992275978.550391,0.6743027043818639
2018-04-14,0.641764962888294,64171536701.321971111836779115612,0.951459023569,99992271956.566298,0.6745061500189272
2018-04-15,0.69109152220678,69103809189.00093455477864967788,1.02233618459,99992268706.089746,0.6759924304977396
2018-04-16,0.660704379111071,66065327253.683972472351236426652,0.988136442434,99992264834.947812,0.6686367901619023
2018-04-17,0.655013868611098,65496317530.611747822406075213168,0.977426687088,99992260727.992216,0.6701411750507337
2018-04-18,0.712415761087538,71236059486.94305953856248891719,1.060165241545,99992256457.377755,0.6719855859915952
2018-04-19,0.77417497323578,77411497699.02511001033013390086,1.14582066863,99992250299.014687,0.675651080863659
2018-04-20,0.921068712737321,92099727134.505373897794687637011,1.352073783106,99992243641.404891,0.6812266639927231
2018-04-21,0.86076423169796,86069741407.46992936653793256772,1.258678845141,99992237407.085457,0.683863270619707
2018-04-22,0.862756463192329,86268946782.386160993048334767586,1.261323383689,99992234730.039634,0.6840089340681372
2018-04-23,0.875093511851143,87502553112.645679563477227340191,1.278008506891,99992231604.535337,0.6847321493813646
2018-04-24,0.930464268638418,93039193219.418342986155426666324,1.351128623498,99992225768.718618,0.6886570622932224
2018-04-25,0.791885096315503,79182348040.100113046216232232299,1.155510984183,99992219083.956933,0.6853116129185068
2018-04-26,0.84680147437501,84673553068.8188033333673861783,1.231866451748,99992212615.49283,0.6874133743746422
2018-04-27,0.812587997225628,81252467302.542693048621954133884,1.185006833738,99992207096.287753,0.6857243132196889
2018-04-28,0.863099674417557,86303237411.126322652971008474397,1.255671007484,99992202487.350121,0.6873613146065688
2018-04-29,0.865753462938615,86568591093.64263925563603654465,1.259492260007,99992197316.54791,0.6873829164569882
2018-04-30,0.826351325431972,82628681332.741910273668105867772,1.204402320842,99992193138.370151,0.6861090444049196
2018-05-01,0.834820220449863,83475501082.944426892593677323458,1.220839101312,99992188782.827566,0.6838085539304125
2018-05-02,0.857569917379962,85750289592.884857712666713649598,1.251363937156,99992184724.562379,0.6853081600936802
2018-05-03,0.878975243718271,87890649951.721397382246654503991,1.283642194069,99992179051.509321,0.6847509748273537
2018-05-04,0.888938431607206,88886886876.938792343494691424566,1.294940989246,99992174616.897561,0.686470224504056
2018-05-05,0.897898692870463,89782839770.394154284861665417819,1.307199743631,99992171147.248613,0.6868871396626621
2018-05-06,0.858129758606978,85806254777.015531919397170904828,1.25132152981,99992167753.635326,0.6857787851994172
2018-05-07,0.82331232875995,82324781884.62214271163479195345,1.199300613215,99992164587.912131,0.686493711157933
2018-05-08,0.807628278457998,80756496854.078301596179280714688,1.177531268916,99992161007.866656,0.6858656748890214
2018-05-09,0.79358689654938,79352466002.14942825403507752284,1.158169817842,99992157566.089318,0.6852077167993017
2018-05-10,0.755921404038355,75586209644.72912232682332760904,1.105682155843,99992154264.881648,0.6836697147038803
2018-05-11,0.678869625373654,67881633759.80644508706311332734,0.997637948659,99992150514.09021,0.6804769468585007
2018-05-12,0.686051700437085,68599783202.179807964158760066175,1.007825853668,99992148053.090955,0.6807244504992481
2018-05-13,0.73456336793341,73450567377.69511168661151490907,1.076770290176,99992145789.052727,0.6821913407485866
2018-05-14,0.729064505979726,72900722183.885252481712204415658,1.061985682806,99992142788.408483,0.6865106731508631
2018-05-15,0.692088924618943,69203452472.250381383224478991168,1.011110458645,99992139753.360576,0.684483993515821
2018-05-16,0.701596173021277,70154100449.980627388969174570635,1.025207090435,99992136712.885255,0.6843458063907718
2018-05-17,0.657470720834192,65741900652.687780339230232704112,0.962828562257,99992134355.846511,0.6828533620699743
2018-05-18,0.676467521047416,67641429557.567231367037217520192,0.991456365306,99992131851.110712,0.6822968157944431
2018-05-19,0.673805421666535,67375239727.32274965938805564347,0.987776504252,99992130607.501442,0.6821436010737857
2018-05-20,0.697826179203801,69777125584.712205234118615840785,1.021872023272,99992129364.257785,0.6828899933764553
2018-05-21,0.676965617107922,67691232173.805985590012148712624,0.992471583612,99992127315.107992,0.6821007556147594
2018-05-22,0.640551271048514,64050083139.241359646977275986586,0.940708452336,99992125586.447149,0.680924328316467
2018-05-23,0.59279230547006,59274499378.37261415155060256344,0.872615794311,99992018842.704724,0.6793279577733485
2018-05-24,0.628663517069813,62861331839.984408292236571951563,0.924239181419,99992015017.794751,0.6801957001050477
2018-05-25,0.602163513650178,60211541341.787134848200654175234,0.886569252189,99992012097.841153,0.6792064039705812
2018-05-26,0.607458652782143,60741012188.405130485002592778112,0.894139303251,99992010831.046784,0.6793780908338162
2018-05-27,0.603584567444593,60353633831.846752395751766449275,0.88861673323,99992009549.493675,0.6792406049463483
2018-05-28,0.55015632144118,55011178281.82746687661623388562,0.812118762845,99991904369.509259,0.677433334397893
2018-05-29,0.59829019994625,59824175023.59940666261184962875,0.881444097414,99991901971.608379,0.67876136637766
2018-05-30,0.601474605516674,60142587914.401239192883796001844,0.887089111297,99991898847.895706,0.6780317759027239
2018-05-31,0.610638273473476,61058878927.429957991183422920996,0.900234716782,99991896315.490521,0.6783100696852459
2018-06-01,0.620257246345806,62020697377.4027604880079498568,0.9141071065,99991894883.6028,0.6785389173055356
2018-06-02,0.64276239684878,64271029212.7858450016753161215,0.946263632968,99991893626.450925,0.6792635524126884
2018-06-03,0.674551182130477,67449649186.04224767303967075866,0.991537341231,99991892346.86658,0.6803083999771681
2018-06-04,0.654442112956692,65438904104.227854552800448355428,0.962823779819,99991890510.503109,0.6797112064262888
2018-06-05,0.673306867791364,67325224888.941285343036711278716,0.989646664707,99991887963.042719,0.6803507674031385
2018-06-06,0.672098614569527,67204407992.248609059533897488992,0.992175278191,99991885915.867296,0.6773990738762832
2018-06-07,0.675148262642534,67509346772.859555475935398818462,0.996173544718,99991884017.634293,0.6777416106082773
2018-06-08,0.673591053911641,67353637230.883877081458053306335,0.993832052485,99991882077.042935,0.6777715130311796
2018-06-09,0.660304984600145,66025137328.08040957578479672035,0.974883957443,99991880824.68083,0.6773164945005795
2018-06-10,0.574900970794974,57485427831.919886212864350920448,0.852206569033,99991878170.650752,0.6746028388954041
2018-06-11,0.595900681846826,59585227009.097235550443153932114,0.884393455723,99991875868.357189,0.6737958970531635
2018-06-12,0.553835572871787,55379056527.735825622582404929151,0.824309905628,99991873473.530173,0.6718778569691549
2018-06-13,0.529342683237514,52929965474.43220871368935135956,0.789740250035,99991871335.04354,0.670274413915277
2018-06-14,0.55659871309399,55655346026.99908642996906388869,0.829087872777,99991869757.702531,0.6713386256992068
2018-06-15,0.533372764824408,53332939124.37261338843539682004,0.795731074688,99991868054.849755,0.6702927431023594
2018-06-16,0.533302376699965,53325900532.00765025535806474327,0.795680735441,99991867394.224478,0.6702466868251953
2018-06-17,0.526263515729452,52622071377.720871809329963994628,0.785726629177,99991866821.285539,0.6697794069684013
2018-06-18,0.537684328611507,53764059172.172194496776977934005,0.802188878395,99991865693.780215,0.6702714823063775
2018-06-19,0.548014442374115,54796985656.76319120117545679933,0.815075388765,99991864118.345142,0.6723481654923541
2018-06-20,0.539731276491992,53968735913.147970297790315796784,0.803052101905,99991863106.248402,0.6720999486977765
2018-06-21,0.534506024648011,53446252202.757065995844590507379,0.795923867466,99991861154.330489,0.6715542107685869
2018-06-22,0.483273454242369,48323411520.645474908452798392849,0.726739594314,99991859880.659921,0.664988474583597
2018-06-23,0.488836856938574,48879706119.75541339137348451373,0.73496175747,99991859095.635895,0.6651187656638415
2018-06-24,0.475292465829824,47525376805.500238328620758766976,0.715250263611,99991858113.140074,0.6645121155639576
2018-06-25,0.480842693587997,48080353957.741592045137693970622,0.723465410167,99991857210.039126,0.6646381248234141
2018-06-26,0.45665003824362,45661284646.58614449582169079598,0.688538121636,99991855518.527579,0.6632167833475906
2018-06-27,0.471249829874008,47121144232.717802067461509659496,0.711058161908,99991854098.527687,0.662744421088553
2018-06-28,0.445834016741942,44579769596.453634612137317684392,0.676880138492,99991853296.060476,0.6586602138086096
2018-06-29,0.455613536523825,45557641367.202970517310105696,0.691726197833,99991852118.33728,0.6586616756039382
2018-06-30,0.465709902667374,46567195167.849281546415808439454,0.706751809664,99991850937.962921,0.6589440540502884
2018-07-01,0.462216609223616,46217893975.945832151401073782592,0.701583704107,99991850257.345587,0.6588189071636738
2018-07-02,0.488879700599471,48883985276.387360198717395679671,0.740930259665,99991849153.166201,0.6598187808127991
2018-07-03,0.483515880551404,48347646331.74088900279546677574,0.734427610739,99991847789.166685,0.6583574384749477
2018-07-04,0.490573225594705,49053322798.96530300391901538903,0.744983171645,99991846761.509766,0.6585024256473719
2018-07-05,0.476618107235295,47657924223.21368877677877646647,0.72438222043,99991845672.128666,0.6579649441870207
2018-07-06,0.476333932290838,47629508573.113045969038657245536,0.72525641118,99991844679.315472,0.6567800366160674
2018-07-07,0.482153247758056,48211392301.901510421239937929632,0.733977094328,99991843933.599172,0.656905033527642
2018-07-08,0.478302764416815,47826374966.71237229059030059348,0.728287819638,99991843085.051192,0.6567496414460953
2018-07-09,0.473452422441502,47341379865.769040888205402858692,0.721069632071,99991842098.174846,0.6565973678321313
2018-07-10,0.443094287275589,44305813265.70092707870561185618,0.675904251796,99991840423.21962,0.6555577747857144
2018-07-11,0.449404061420281,44936738563.507798090204850339908,0.685592371617,99991839017.856868,0.655497464711198
2018-07-12,0.431117252225185,43108206296.022801040331687558325,0.658348643531,99991837657.905045,0.6548464198436293
2018-07-13,0.436528815657106,43649317886.944200775530301920366,0.667168591527,99991836326.403711,0.654300608873072
2018-07-14,0.438731937081827,43869611584.538774668590661335107,0.670498120439,99991835279.492641,0.6543373108854844
2018-07-15,0.446090499560475,44605407298.656695977985135088375,0.681531518774,99991834263.687765,0.654541260781222
2018-07-16,0.479972585674642,47993338442.125903085091705592322,0.732205048595,99991832605.746041,0.6555166296594687
2018-07-17,0.50871488502668,50867332807.92653669560977078852,0.774937166752,99991830994.406139,0.6564595258204746
2018-07-18,0.486011317577769,48597160795.035272142765812549145,0.741956715203,99991829485.038705,0.6550399876693559
2018-07-19,0.476135378304191,47609646966.544346603096598115371,0.731349025118,99991828240.344981,0.6510371408881944
2018-07-20,0.444186257204371,44414995294.514126232061948875621,0.685385599187,99991826793.683751,0.6480822732944228
2018-07-21,0.454912037699667,45487485322.149159356113674922107,0.701952035786,99991826006.987321,0.6480671249714182
2018-07-22,0.449032956348532,44899624914.9259017639992523105,0.693475788001,99991825277.242125,0.6475106472612487
2018-07-23,0.445620870498706,44558443758.086801384000407286906,0.689079385824,99991824234.399701,0.6466901777446633
2018-07-24,0.458524525942191,45848703300.673618057823952895812,0.70897138251,99991823134.132732,0.6467461695264173
2018-07-25,0.461119450720576,46108174020.424708471118751514496,0.712858125038,99991821963.643046,0.6468600616651389
2018-07-26,0.44861434059338,44857764641.21378402386757122152,0.693824015178,99991820550.989604,0.6465823188294921
2018-07-27,0.454675511009687,45463831525.825603551644306823489,0.703035745379,99991819275.388647,0.6467317117205409
2018-07-28,0.454268923044554,45423175747.908829661454102613276,0.702471381614,99991818598.283894,0.6466724978899846
2018-07-29,0.454201775302191,45416461153.081529870654116580955,0.70243361441,99991817783.770005,0.6466116740208852
2018-07-30,0.446021856776597,44598535615.00141130029258583559,0.690097929007,99991816404.05547,0.6463167588669475
2018-07-31,0.433726537402802,43369103477.361562593326152994776,0.671504663093,99991814513.034188,0.645902495159193
2018-08-01,0.446825085986251,44678850329.988222520157229835738,0.694282793752,99991812750.108238,0.6435779339590811
2018-08-02,0.430585066774009,43054980774.934051156326126196212,0.669743435853,99991811368.440468,0.6429104694779223
2018-08-03,0.440329345425617,44029327970.162887594906578968772,0.684578361641,99991809375.331716,0.6432124795328109
2018-08-04,0.429049142930399,42901399678.181834455056450333581,0.672657947849,99991808362.944019,0.6378414828850176
2018-08-05,0.434405637587125,43437005018.527234211409004583375,0.680958157991,99991807794.657011,0.6379329368323192
2018-08-06,0.413048912665365,41301507134.735982416166775387065,0.649030173079,99991806946.594581,0.6364094148440903
2018-08-07,0.378083809315965,37805282625.852839258515131228795,0.595616995084,99991805240.882263,0.634776731417215
2018-08-08,0.328851843566496,32882488995.548316828668487441888,0.521244854918,99991803722.089403,0.630897054356977
2018-08-09,0.345418974787666,34539065709.718819802965730426368,0.548194341958,99991801929.672448,0.6301031374273657
2018-08-10,0.318401752904335,31837564624.741517367440585222805,0.506446598209,99991800718.217883,0.6286975843659182
2018-08-11,0.302907497737063,30288265837.892416265496213188746,0.482165418606,99991799688.576742,0.6282231907315257
2018-08-12,0.295565691258619,29554145198.354393347974421822568,0.470949299661,99991799022.758072,0.6275955638353722
2018-08-13,0.276230749433994,27620809321.335664232371392973512,0.443140022929,99991798081.609748,0.6233486824507651
2018-08-14,0.269633652126115,26961153368.262226225140725472555,0.433975474087,99991796853.501657,0.621310807237141
2018-08-15,0.280179062873344,28015607643.000605223500856064256,0.450741467667,99991795802.619149,0.6215959324167073
2018-08-16,0.290396323946965,29037249678.407368102361516972655,0.467036673216,99991794950.236467,0.621784841749803
2018-08-17,0.360631941701034,36060234740.784121049434268498436,0.577973128887,99991793768.168954,0.6239597027555608
2018-08-18,0.325923319774697,32589657053.668358579037236593533,0.523325767627,99991792781.801589,0.6227924171450289
2018-08-19,0.342631649721386,34260352689.70960970490217164955,0.549824689904,99991792111.349675,0.6231652670621428
2018-08-20,0.315904202347578,31587827050.34619526826294922018,0.507858615568,99991791231.66981,0.6220317873199097
2018-08-21,0.334267838766374,33424039677.838403092821796710054,0.537088686109,99991790419.296321,0.62236991284999
2018-08-22,0.318943532949473,31891734638.932564515217021666083,0.512785240426,99991789593.629571,0.6219826699467955
2018-08-23,0.325992717966817,32596595014.538493342906112048251,0.523665334521,99991788828.413403,0.6225210959686774
2018-08-24,0.32665645034671,32662962519.82637764205232486041,0.525375875105,99991787963.036471,0.6217576135969805
2018-08-25,0.327888123029478,32786119468.947359157239483396928,0.527347616031,99991787338.999776,0.6217684750284397
2018-08-26,0.322314980103489,32228850760.622610249216552489201,0.518514019063,99991786761.740209,0.6216128556869885
2018-08-27,0.337693756518557,33766601869.128791699432870325741,0.543076220599,99991786100.058513,0.621816503300566
2018-08-28,0.352742947375707,35271397020.165170360786214971886,0.560146028441,99991785186.841898,0.6297339077052141
2018-08-29,0.344613065133884,34458475271.496590716659581304164,0.546863976331,99991784287.427671,0.6301623073546542
2018-08-30,0.334262318178439,33423485315.891326938169138788313,0.530668940505,99991783393.451167,0.6298886041085149
2018-08-31,0.335427223147796,33539965971.29305172255309048326,0.532720811693,99991782588.602435,0.6296491816826153
2018-09-01,0.346471598217745,34644312461.003692642833549236325,0.553752141479,99991781834.974485,0.6256799247626643
2018-09-02,0.341398630691559,34137057181.797735328417456187559,0.545763993212,99991781199.144001,0.6255426062139354
2018-09-03,0.335325081507026,33529751965.94049881101820531894,0.536247575156,99991780558.88419,0.6253176649040818
2018-09-04,0.330982475967644,33095526837.025545297114272153832,0.529552658084,99991779746.855478,0.6250227827487216
2018-09-05,0.28181793973165,28179477014.241220178241396988,0.45277534371,99991778525.78872,0.6224233356491089
2018-09-06,0.301367105411212,30134232554.267598585015774120112,0.484008560502,99991777513.839076,0.62264829592816
2018-09-07,0.287530591785839,28750694724.073095706527492788245,0.462258344231,99991776685.408955,0.6220127670473247
2018-09-08,0.276079296335436,27605659167.601763305253622768936,0.444080178048,99991776036.914126,0.6216879518220582
2018-09-09,0.276037898194685,27601519509.963180364797299858245,0.443999311336,99991775370.265577,0.6217079422129804
2018-09-10,0.266838076821098,26681612807.517258973157304032844,0.429838600798,99991774507.526478,0.6207866774312736
2018-09-11,0.26289970808555,26287808112.65909749948109032715,0.424003159933,99991773684.681313,0.6200418603651274
2018-09-12,0.2694884151357,26946624408.9650009341429450635,0.434630458202,99991772913.118055,0.6200403355313213
2018-09-13,0.280588931179845,28056584487.279661624485405825225,0.45241690864,99991772196.090805,0.6201999214028425
2018-09-14,0.277247949542015,27722513644.355105877092027202495,0.447307899644,99991771589.834433,0.6198145612064286
2018-09-15,0.281713299784482,28169011797.32893835735215299156,0.454494675085,99991771133.55658,0.6198385046684995
2018-09-16,0.281007008319378,28098388339.759687032120178553478,0.453373808551,99991770695.713451,0.6198130615826422
2018-09-17,0.271760283536613,27173791786.816292986841386221858,0.43862520518,99991770074.655866,0.6195728843833539
2018-09-18,0.320854692013113,32082828264.315919591753930507542,0.516852643737,99991769056.020934,0.6207856260407939
2018-09-19,0.32544968826722,32542289782.52453514704030225872,0.523862026918,99991768177.097576,0.6212507712802069
2018-09-20,0.456864433935662,45682681855.48380509183371560673,0.730179853516,99991766620.898915,0.6256875367565191
2018-09-21,0.563130011674999,56308363043.286043245159797598204,0.887186475878,99991763670.701796,0.6347369205754629
2018-09-22,0.569993506969506,56994654850.776395288384185354026,0.897600804747,99991761579.532421,0.635018934870681
2018-09-23,0.572309739469455,57226258118.786996214622991119425,0.901112183138,99991760007.154735,0.6351148615885588
2018-09-24,0.491712165604986,49167163916.925913228894992346968,0.776566526556,99991758097.813788,0.6331874331304023
2018-09-25,0.530266910506403,53022319753.653209800249443629028,0.8373257892,99991756421.340876,0.633286251714559
2018-09-26,0.517606145310654,51756346905.573239416824911975124,0.818511183185,99991755071.822806,0.6323751659647937
2018-09-27,0.542057780458331,54201308288.347027648955785338514,0.880521638839,99991754094.033494,0.6156098346124168
2018-09-28,0.539831291005295,53978677173.247238799002427712615,0.870445759929,99991753113.692297,0.6201779776023353
2018-09-29,0.570051906225079,57000488947.828792810191460130708,0.91802802349,99991752199.005452,0.6209526197881786
2018-09-30,0.580981011530273,58093308670.557238795965728731847,0.933523261298,99991751051.454439,0.6223530099533447
2018-10-01,0.572776258157581,57272900241.140334957428931485279,0.920760959227,99991749702.348059,0.6220683581528477
2018-10-02,0.5192325786906,51918973428.6268607046983140602,0.83858572467,99991748513.847217,0.6191765056517368
2018-10-03,0.525117213111211,52507387719.342070009432483337162,0.847930593926,99991747381.973342,0.6192926837087785
2018-10-04,0.52522018453407,52517683496.62060363231556604432,0.848124712454,99991746401.006576,0.6192723508956315
2018-10-05,0.517738050517783,51769531357.935812460088631954128,0.820591359301,99991745451.511216,0.6309328567129991
2018-10-06,0.484766514229904,48472649316.238526196456411462768,0.770105697709,99991744259.072367,0.6294804929661523
2018-10-07,0.478180115093531,47814063401.176035764218076289767,0.759984265332,99991743470.603557,0.6291973885599295
2018-10-08,0.487484237831916,48744398448.202816318363879556172,0.77434179735,99991742635.604617,0.6295465897620592
2018-10-09,0.476860187260748,47682080759.49266998972049315498,0.758416064317,99991741884.335635,0.628758025702145
2018-10-10,0.458279482961147,45824163408.431465749656946503096,0.731900325911,99991741092.883368,0.6261501282851928
2018-10-11,0.37926813422755,37923680562.5711195507941310703,0.609288345957,99991739722.109106,0.6224772502940941
2018-10-12,0.415393860354579,41535954327.002497263761411941794,0.666922569646,99991738663.512086,0.6228517061209496
2018-10-13,0.413673175077445,41363899759.769901558977047829875,0.664237141395,99991738047.858775,0.6227793498699392
2018-10-14,0.402302856327349,40226961601.003366081019915816677,0.646275873145,99991737489.109873,0.6224940045643439
2018-10-15,0.440524835336798,44048843124.182112101109247660394,0.706545046867,99991736199.175003,0.623491506012528
2018-10-16,0.463394973480218,46335667529.299417574470566457888,0.741881732501,99991735303.700816,0.6246210860564535
2018-10-17,0.463679712638424,46364138657.13311712436295001852,0.742290817406,99991734366.191105,0.6246604454286437
2018-10-18,0.45378903564743,45375152347.98233621127227733637,0.727048086699,99991733566.776659,0.6241527127975236
2018-10-19,0.45032327971975,45028605063.4317150252498780795,0.721106569413,99991732809.048642,0.6244892209016002
2018-10-20,0.455595231650569,45555756399.819952092716118673,0.729403761379,99991732211.017,0.6246132194180455
2018-10-21,0.452395332048652,45235792663.729016885646844923712,0.72438387307,99991731698.204656,0.6245243010882648
2018-10-22,0.449203347454969,44916620291.77926530710536924261,0.719426299939,99991731019.50669,0.6243910564474178
2018-10-23,0.458746126702749,45870818924.163233236349764368549,0.734429137889,99991730183.884201,0.6246295292985541
2018-10-24,0.45287356258134,45283610728.00095184607857459704,0.725251737628,99991729413.146356,0.6244363702767581
2018-10-25,0.455366430584546,45532876581.719164550959275593884,0.728163752173,99991728690.385454,0.6253626731976604
2018-10-26,0.457139495636018,45710168037.510411207600720519432,0.731050487391,99991727850.847524,0.6253186387543143
2018-10-27,0.453291143536463,45325364381.137010351152651214965,0.724960012596,99991727231.906555,0.6252636499401927
2018-10-28,0.458697141301169,45865919083.288369996814730948081,0.733466260695,99991726465.053249,0.6253827420316893
2018-10-29,0.439287382015205,43925103260.507756006164945716045,0.703351902698,99991725368.946249,0.6245627264675546
2018-10-30,0.44332674637663,44329005956.35828675422915342672,0.710262588471,99991724656.058544,0.6241730221649299
2018-10-31,0.44944993069705,44941273394.7472986760435758275,0.719872695937,99991723939.18955,0.6243464062934593
2018-11-01,0.455463968760248,45542627066.589120462330549377416,0.731439380045,99991723144.542167,0.6226954429664789
2018-11-02,0.456596834612512,45655903861.697173933037079499008,0.733039533184,99991722238.816584,0.6228815963434564
2018-11-03,0.453267378882032,45322985610.60634508406912460096,0.727851341076,99991721712.67628,0.6227471920460516
2018-11-04,0.466739502030048,46670086087.680515411283543342144,0.74907831423,99991721045.020878,0.6230850542106849
2018-11-05,0.493347946201163,49330709721.850425975749215120521,0.790442334582,99991720046.070267,0.624141603526403
2018-11-06,0.546572448665618,54652718544.15897570173537305318,0.872512822647,99991718714.66651,0.6264348608739582
2018-11-07,0.533487658944516,53344347377.043358928812499992644,0.85127688046,99991717676.437009,0.6266911168270399
2018-11-08,0.490897744221286,49085707946.901746063765695720194,0.785169163647,99991716247.885179,0.625212714596604
2018-11-09,0.497540277909607,49749905777.556531407950780083788,0.795481717237,99991715216.662484,0.6254578416179658
2018-11-10,0.503095885370199,50305420197.024714621202972205394,0.804195307196,99991714621.175806,0.625589183210172
2018-11-11,0.50091018249408,50086867615.09984131745126807488,0.800769565605,99991713815.264261,0.6255359893899447
2018-11-12,0.513783511907431,51374093277.298930414698292827186,0.820742154082,99991712631.204606,0.6259986883238595
2018-11-13,0.502704220757037,50266255376.141822185506171522702,0.803350648424,99991711429.127046,0.6257594012567661
2018-11-14,0.457181864634528,45714396529.958300516291550152544,0.73197624438,99991710227.837823,0.6245856585438384
2018-11-15,0.472380649966877,47234148436.515290744003875196832,0.75505994059,99991708889.488416,0.625620066133771
2018-11-16,0.465306205363662,46526761923.320545335524203831488,0.752047805861,99991707368.177824,0.6187189188471138
2018-11-17,0.485464446773775,48542418513.317457273759280808175,0.784056380673,99991706572.774177,0.6191703284871853
2018-11-18,0.505267528367202,50522561986.073541787290107455482,0.814461028966,99991705679.840141,0.6203704172422652
2018-11-19,0.469252454169151,46921352738.991456739982767405918,0.758116894106,99991704512.381218,0.6189711083044932
2018-11-20,0.420398467122745,42036358574.62045760418212391595,0.68291013856,99991702782.17731,0.6155985149220465
2018-11-21,0.442796089719205,44275934588.81343145868444418908,0.718748545942,99991701861.889976,0.6160653711498942
2018-11-22,0.420068026092055,42003316532.58784700768584319055,0.682592906069,99991701161.71401,0.6154005152371044
2018-11-23,0.401423244580852,40138992782.865589463112281458244,0.653325025097,99991700343.055397,0.6144311470714783
2018-11-24,0.367261942834324,36723145873.003287671882122895252,0.598739532483,99991699628.865473,0.6133918388706889
2018-11-25,0.368075557948513,36804500204.726076595137441695297,0.600158653468,99991698470.438369,0.6132970937294641
2018-11-26,0.349266345306863,34923734708.1884398931318633494,0.572135564695,99991697389.2938,0.6104608188324275
2018-11-27,0.356692002471758,35666238383.242876197978228435342,0.597178696234,99991696298.452449,0.5972952563799946
2018-11-28,0.387345286188937,38731311673.748878751306959490648,0.648300960771,99991694890.167704,0.5974775754277485
2018-11-29,0.375998297578866,37596706570.291486198569673966578,0.629539581923,99991693612.404033,0.5972591849273983
2018-11-30,0.358598160784571,35856837017.891645748959555842785,0.606314192325,99991692482.306835,0.5914394967557566
2018-12-01,0.368014736940822,36798416147.854338883236971523198,0.626136925548,99991691783.178909,0.5877544063045517
2018-12-02,0.363673087667376,36364287080.474544574610130779136,0.618926019291,99991691201.891136,0.5875873308476762
2018-12-03,0.345193623083834,34516493805.51997850875615024325,0.588622101409,99991690162.646125,0.5864435301656787
2018-12-04,0.346674686335487,34664587447.308983349292476444331,0.592516286771,99991689078.109013,0.5850888727881878
2018-12-05,0.334688650514102,33466081183.28279201310089160389,0.57276889309,99991682215.327195,0.5843345449654367
2018-12-06,0.306809449478531,30678392615.967013701373493355761,0.526913929613,99991681051.902331,0.5822762167321557
2018-12-07,0.29936490525924,29933999688.29018630489638469616,0.514806585205,99991679593.733084,0.5815094714455344
2018-12-08,0.302589388671154,30256420960.350578022096323928568,0.520357747191,99991678800.185692,0.5815026110490231
2018-12-09,0.30812585920489,30810021748.90733559850979936268,0.529683931785,99991678168.173612,0.5817164552576216
2018-12-10,0.297335798579046,29731105268.776808302262584344564,0.511874008854,99991677459.829534,0.580876921734571
2018-12-11,0.296620301895541,29659561280.015566077620453126505,0.511004831911,99991676532.176805,0.5804647693570193
2018-12-12,0.302532863709241,30250768002.643165209931367928446,0.521158467447,99991675719.953006,0.5805007163967983
2018-12-13,0.295105686938074,29508111916.28633697948508896331,0.508577644721,99991674923.155315,0.5802568988260695
2018-12-14,0.286147042453079,28612321771.470261088166381910983,0.497808088301,99991673952.604177,0.5748139678278188
2018-12-15,0.281508131121063,28148469082.614254097712767389919,0.490003341101,99991673315.144713,0.5745024727556668
2018-12-16,0.283512081162443,28348847240.526418923881723256342,0.493468234231,99991672750.916994,0.5745295471840376
2018-12-17,0.325454044716882,32542694036.10627682969866051837,0.564732830137,99991671833.163785,0.576297369922569
2018-12-18,0.346678411845239,34664953661.707548322394226291242,0.600596325751,99991670889.453478,0.5772236641836662
2018-12-19,0.350200947668963,35017177374.605575820182843902135,0.606012015426,99991669376.367645,0.5778778947522798
2018-12-20,0.373898808876928,37386765500.630450732392035240832,0.645900344152,99991667833.680169,0.5788800273327276
2018-12-21,0.354352411923707,35432288268.5302521088566882131,0.612400984612,99991666703.1433,0.5786280898098404
2018-12-22,0.359180407755375,35915047370.556185421854138035875,0.620851904952,99991666012.631309,0.5785283171244265
2018-12-23,0.367426189172303,36739556489.290758726406910808794,0.634851272434,99991665188.737798,0.5787594750556339
2018-12-24,0.407792329859788,40775833458.607859401173517471836,0.701070247344,99991663581.872397,0.5816711398104635
2018-12-25,0.377348034549568,37731657352.07774115800959331552,0.649583323345,99991662596.354015,0.5809078235051223
2018-12-26,0.375352173481378,37532087596.221344176008065625352,0.646091042905,99991661825.513284,0.5809586398128863
2018-12-27,0.334127702614006,33409983949.43226849423121060888,0.575145098807,99991660936.98148,0.5809450577029578
2018-12-28,0.372163333780156,37213229569.280532526382774924368,0.638635808553,99991660089.930028,0.5827473636709966
2018-12-29,0.366791843021992,36676125018.545890319648388113832,0.629540631662,99991659346.543521,0.582634105845804
2018-12-30,0.365720683218736,36569017714.234679572358004216256,0.627747041713,99991658640.654196,0.5825924439576093
2018-12-31,0.347623564724175,34759456550.750012080974405857325,0.59738922342,99991657867.987779,0.58190464624397
2019-01-01,0.361322280070156,36129213595.990898859968343164344,0.622186901381,99991657278.858874,0.5807294870209717
2019-01-02,0.373486541689337,37345537927.849723400552938504898,0.64292809821,99991656349.731154,0.5809149463667473
2019-01-03,0.354332622662953,35430305451.508108425015346935771,0.610510225416,99991655256.676707,0.580387695261798
2019-01-04,0.356292907082103,35626317224.957209524252612092679,0.61746205569,99991654385.495793,0.5770280194528774
2019-01-05,0.350902338056595,35087305107.84954070097443377897,0.608357297982,99991653809.358526,0.576803038642889
2019-01-06,0.365484443363795,36545393696.23574727407868484267,0.633199153697,99991653160.075226,0.5772029877643955
2019-01-07,0.362403169804646,36237291799.160509022379210136132,0.627994899681,99991652442.483542,0.5770797979230954
2019-01-08,0.363734872854717,36370450674.7430313008413723035,0.63039032144,99991651582.0855,0.5769994565015495
2019-01-09,0.369416349627367,36938550636.624342316953759501651,0.640008518578,99991650813.193653,0.5772053635288372
2019-01-10,0.327923986142095,32789660297.271301262109109236825,0.569827645554,99991649537.533335,0.5754792500867161
2019-01-11,0.327179160609779,32715183660.785880716625872296481,0.569068991873,99991648611.766939,0.574937600330183
2019-01-12,0.327980630476324,32795323779.92818078289996857306,0.570490605227,99991648080.863065,0.5749097837392422
2019-01-13,0.314443952978437,31441768891.511281092069289292611,0.547298754383,99991647457.972903,0.5745380387955148
2019-01-14,0.332465496683215,33243772502.03224301088566293751,0.578093254283,99991646753.371514,0.5751070337182307
2019-01-15,0.324128590882721,32410151321.081707516168634340119,0.56389211788,99991646009.434039,0.5748060322270682
2019-01-16,0.327294516218837,32726717130.084134357713040186604,0.569438351149,99991645164.632892,0.5747672519043184
2019-01-17,0.327354014356562,32732666162.670325666164061276202,0.569568321283,99991644296.798221,0.5747405572331866
2019-01-18,0.321018451762915,32099162599.31571880793447856469,0.559006526272,99991643542.727686,0.5742660177937076
2019-01-19,0.328141128741626,32811370584.874081734609952853586,0.571247025195,99991642957.714461,0.5744294749361929
2019-01-20,0.316939220091869,31691273146.314850914613073117756,0.552052544289,99991642363.254124,0.5741106048158182
2019-01-21,0.31836463087665,31833802108.03265573450205799905,0.554528905161,99991641723.438257,0.5741172875095071
2019-01-22,0.318073191374813,31804660373.385597666625534257604,0.556543840924,99991641030.530708,0.5715150685105653
2019-01-23,0.31430992036186,31428364487.3127345011898744777,0.550100479683,99991640261.082945,0.5713681990297185
2019-01-24,0.315671000372144,31564460901.348806045063219984464,0.554717501619,99991639599.892031,0.5690662354276289
2019-01-25,0.313558217013686,31353200037.418699237242796960798,0.551450958219,99991638988.208093,0.5686058068089552
2019-01-26,0.311729981265851,31170391588.762465806808694547105,0.548302490816,99991638475.670355,0.5685365040051619
2019-01-27,0.305317736912018,30529220582.775686237368564679656,0.537216460647,99991637864.043092,0.5683328030274922
2019-01-28,0.29285459901987,29283010748.40990193848095082969,0.515433735325,99991636963.922387,0.568171190493021
2019-01-29,0.286000094383169,28597617390.135371177709435247963,0.503890456944,99991636197.929627,0.5675838675685689
2019-01-30,0.318169517951966,31814290386.59407212047732927694,0.559632020046,99991635249.60009,0.5685334408238711
2019-01-31,0.307163335062226,30713763859.534509985859904266882,0.541048726287,99991634266.220057,0.5677184329961639
2019-02-01,0.305512049429079,30548648845.138198914046411131957,0.538341368325,99991633397.849683,0.5675061724861529
2019-02-02,0.306847698047957,30682202331.068112741863144254617,0.540792253722,99991632742.419381,0.5674040187078849
2019-02-03,0.298177845815033,29815289470.270964854247192766932,0.525723335497,99991632137.439604,0.5671763562352551
2019-02-04,0.294600196130407,29457554236.977988951936750986733,0.524426577884,99991631451.387019,0.5617567998156852
2019-02-05,0.295773549797078,29574879576.128377020325387249238,0.529933716499,99991630747.302721,0.5581331034211259
2019-02-06,0.28619518512002,28617123018.29650048742065404246,0.513525306326,99991629860.214123,0.5573146670562237
2019-02-07,0.288250020349215,28822589170.999827818760896839785,0.517380583295,99991629267.124599,0.5571334326337882
2019-02-08,0.308054288217976,30802849920.652213394322350627192,0.552351121642,99991628419.911617,0.5577146060683441
2019-02-09,0.308792640657672,30876678811.347409318066183838592,0.553629916166,99991627862.586736,0.5577600336270192
2019-02-10,0.306387171630938,30636151875.228484305922815511706,0.54938869586,99991627300.021537,0.5576874332139775
2019-02-11,0.299148814289482,29912376574.293008057669233984802,0.536615630834,99991626727.115261,0.5574731653353991
2019-02-12,0.300996537866464,30097133232.224400818435810294048,0.539960056122,99991625968.724207,0.5574422301312896
2019-02-13,0.300924263510066,30089906208.803584465542802623678,0.539883580009,99991625327.337783,0.5573873232170712
2019-02-14,0.29829411148358,29826912850.81565883178965758078,0.53614355262,99991624717.196341,0.5563698565913755
2019-02-15,0.298512939923862,29848793682.687503718960664359426,0.536609060142,99991624116.196323,0.5562950052406272
2019-02-16,0.297802434339958,29777748920.759600338749913223038,0.535636775453,99991623596.893261,0.5559783196142569
2019-02-17,0.299771528897149,29974641723.274923331768943345144,0.539144867439,99991623065.575256,0.5560129512520413
2019-02-18,0.319033953925759,31900722593.864859851202619120963,0.572750755556,99991622212.375357,0.5570205727900884
2019-02-19,0.322211486913795,32218448946.6174436689658418673,0.578030542114,99991621202.62094,0.5574298647531466
2019-02-20,0.327827923471547,32780045289.618522979608975369332,0.587619239865,99991620428.464156,0.5578917455916903
2019-02-21,0.316343958910446,31631744851.679202519915461001042,0.567218504355,99991619756.626527,0.557710928824809
2019-02-22,0.319876411323685,31984960299.69708837663845546267,0.573448464156,99991619161.099382,0.5578119592568415
2019-02-23,0.331609163759549,33158137024.867308937917836772279,0.594133613888,99991618593.840771,0.5581390381020599
2019-02-24,0.298354717062447,29832970788.448290346028932214274,0.535686706996,99991617636.144542,0.5569574775068571
2019-02-25,0.326069028879229,32604169336.113362170215848791983,0.584161100649,99991616646.883227,0.5581833992660039
2019-02-26,0.315186761901543,31516033542.997412902244117105901,0.565647486881,99991615615.005707,0.5572141116360189
2019-02-27,0.309173015673414,30914709095.821646824506217803816,0.555360208773,99991614819.572444,0.5567071799337113
2019-02-28,0.312256365869617,31223017960.878133721537324820689,0.560822657123,99991613858.451617,0.5567827224946312
2019-03-01,0.315224493490289,31519805332.346708805037304535965,0.570452867917,99991612273.992685,0.5525863944576639
2019-03-02,0.313196571373124,31317029887.137588095209415370728,0.56689244437,99991611497.650522,0.5524797066596755
2019-03-03,0.308792190757866,30876628574.25846265247498761872,0.559060079026,99991610858.02792,0.5523416933933949
2019-03-04,0.300905708455594,30088046289.01832570435730549423,0.545108137899,99991610140.751295,0.552011036957491
2019-03-05,0.313250089434376,31322380562.745784115572111374536,0.567152109415,99991609321.815161,0.5523211220310612
2019-03-06,0.315546209052471,31551973026.297497739635800150215,0.57118189539,99991608585.767665,0.5524443467120359
2019-03-07,0.311513910711214,31148776781.275573964861566914384,0.563854880625,99991607790.997656,0.5524717820406541
2019-03-08,0.305974199432604,30594851940.712763346462156662424,0.554160208718,99991607127.161706,0.5521403280478184
2019-03-09,0.3115772072491,31155105511.9770086482133134811,0.564413851082,99991606533.237521,0.5520367840934381
2019-03-10,0.311788306222528,31176213469.904686286022101266368,0.5647941022,99991605995.812281,0.5520388846272339
2019-03-11,0.308886586069348,30886065593.969495427489011983992,0.559686183005,99991605291.125454,0.5518924630422555
2019-03-12,0.30854376557044,30851786215.67707115274615293816,0.559141730201,99991604622.565814,0.5518167378770402
2019-03-13,0.312569977668632,31254373393.1245258864552146384,0.566315519748,99991603884.1662,0.5519360970501389
2019-03-14,0.30938694589812,30936096711.03735946781708459964,0.560667982586,99991603140.309947,0.5518184656650402
2019-03-15,0.313049335284114,31302304686.435192364780196150208,0.567018955722,99991602467.471072,0.5520967722948523
2019-03-16,0.317420259059661,31739360164.763383489197667159656,0.574809770961,99991601855.500296,0.5522179251215225
2019-03-17,0.314186479437047,31416009205.258765823729028237629,0.56909150505,99991601362.188907,0.5520842898708228
2019-03-18,0.313200719100301,31317441265.213533587434400711507,0.567343225396,99991600770.189407,0.5520480461923027
2019-03-19,0.314561222972002,31453479970.05710744346310529092,0.569688431656,99991599959.08546,0.5521636134643265
2019-03-20,0.316510452128982,31648386281.07009170525314649289,0.573188752387,99991599228.997895,0.5521923638782145
2019-03-21,0.309382381436152,30935638888.621886218014193805136,0.56051920698,99991598568.149718,0.551956788605089
2019-03-22,0.309859167658914,30983313325.613682081226481436114,0.561117799264,99991597988.539801,0.5522176770463283
2019-03-23,0.309827443168601,30980141033.65161604923010817686,0.561117399279,99991597635.18086,0.552161532625275
2019-03-24,0.306078258917014,30605253966.436187968997810698732,0.55443422085,99991597164.482338,0.5520551354996939
2019-03-25,0.301029467035346,30100416993.362605776390930988604,0.545595991414,99991596469.950574,0.5517442792333932
2019-03-26,0.299389831773585,29936467021.33450996807112300355,0.542761660739,99991595719.83763,0.5516046055389197
2019-03-27,0.308906018198606,30888005445.431729147386699083344,0.559857823942,99991594937.372824,0.551757973164644
2019-03-28,0.304765568764055,30473995093.44801492025407013926,0.552829973842,99991594250.728932,0.5512826423756061
2019-03-29,0.306751437163691,30672564917.895076351072190754968,0.556398571855,99991593198.395848,0.5513160038153941
2019-03-30,0.310007092759538,30998102892.050446783825297866016,0.562181829786,99991592502.351632,0.5514356322714045
2019-03-31,0.308098727012062,30807282178.545109504347279835314,0.558787852282,99991591907.288247,0.5513697653838324
2019-04-01,0.312174061668765,31214781142.639890770188608236415,0.565921502838,99991591151.992011,0.5516207815099183
2019-04-02,0.355325198770025,35529531400.0217837751123311726,0.641064881179,99991589459.483704,0.5542733804362152
2019-04-03,0.341348262263496,34131954677.469331137045238768464,0.620391899635,99991587627.072634,0.5502139252048972
2019-04-04,0.331234683403127,33120681462.107084436093699212422,0.601904261973,99991586393.740586,0.550311244378571
2019-04-05,0.363378415580286,36334783714.213836080000604792498,0.658403879893,99991584960.240743,0.5519080714398892
2019-04-06,0.352967810059499,35293810478.562206501158996544952,0.639689303891,99991584140.811048,0.5517800718450704
2019-04-07,0.361907749330464,36187728880.146681337895122949088,0.655507610487,99991583344.359567,0.5521030473797089
2019-04-08,0.358323496335951,35829333393.421632165839618760039,0.648562431359,99991582354.480489,0.5524888260720231
2019-04-09,0.349982086009588,34995262247.963586986343616734708,0.63370812766,99991581417.698241,0.5522764672467039
2019-04-10,0.35407743503145,35404762335.09851668665065967885,0.641004526351,99991580463.052613,0.5523789934013118
2019-04-11,0.328655258992117,32862758407.313787568814437475993,0.595628412872,99991579346.983829,0.5517790150530391
2019-04-12,0.325503573572885,32547616173.05388732547090047916,0.590270137298,99991578635.513816,0.5514484860489449
2019-04-13,0.326618927914107,32659142009.496844570817847448401,0.592665436784,99991578008.257443,0.5511016969142828
2019-04-14,0.329165275107431,32913755116.077695386554274399124,0.597170751923,99991577499.587404,0.5512079653054978
2019-04-15,0.318752698982603,31872584972.08438007102815232197,0.578703594647,99991576773.51599,0.5508047676410875
2019-04-16,0.325543887513967,32551646411.310488383090016874054,0.590973480519,99991576127.854362,0.5508603994007828
2019-04-17,0.335391452315729,33536319717.642805014002465764875,0.608494636838,99991575474.238875,0.5511822652350189
2019-04-18,0.336151616108768,33612329452.637911262819142777728,0.610168691531,99991574759.414596,0.550915870929588
2019-04-19,0.331853032627586,33182507110.951559887456169338422,0.602551829517,99991574126.097627,0.5507460377202678
2019-04-20,0.327691945081619,32766433231.489677260870429747034,0.595203662237,99991573559.516286,0.5505543158958884
2019-04-21,0.32194688561041,32191975510.10939011687583467287,0.585024923851,99991572985.940007,0.5503131105785275
2019-04-22,0.324162485023409,32413516557.354631823288032549551,0.589130655511,99991572297.497439,0.5502386983108816
2019-04-23,0.320969303527878,32094225063.917678817165251146608,0.58358953341,99991571502.818536,0.549991535407441
2019-04-24,0.300092837398406,30006754093.662764067384507862856,0.546457444751,99991570454.664076,0.5491604886729048
2019-04-25,0.286106415162267,28608229529.001230683868656381263,0.521500772048,99991569615.018589,0.5486212686487321
2019-04-26,0.293399566734379,29337482920.747661079182307017025,0.535520649422,99991568655.953475,0.5478772238774584
2019-04-27,0.292159859362464,29213522455.659590380784358379008,0.533633718358,99991568038.839472,0.5474913771593085
2019-04-28,0.290600840872132,29057633509.683731850051762612172,0.530854652758,99991567204.271971,0.5474207287481528
2019-04-29,0.288100617964414,28807632088.235886814404616188664,0.527055527319,99991566459.583876,0.5466228946120913
2019-04-30,0.305453454469357,30542769163.066198606345706212798,0.558230819641,99991565707.207414,0.5471812800765732
2019-05-01,0.299293836541641,29926859137.406594367471816211449,0.552812461973,99991565089.389489,0.5414021157798335
2019-05-02,0.296848551848395,29682351115.97802748478302434773,0.548429020449,99991564490.222774,0.541270685503412
2019-05-03,0.301920543569913,30189507304.966861804321685601855,0.557671759974,99991563833.337335,0.5413947150273295
2019-05-04,0.300058124076958,30003280914.831733344274956073024,0.554300571046,99991563325.032928,0.5413274669927356
2019-05-05,0.297219406673498,29719432995.688146837263292976502,0.549174378475,99991562893.924999,0.5412113498427318
2019-05-06,0.300192328131055,30016699891.01923623677352425215,0.554716225005,99991562335.71313,0.5411637781612557
2019-05-07,0.295868475881444,29584350999.836030533530791287452,0.546906658509,99991561830.637983,0.540985324055211
2019-05-08,0.297276037739993,29725095246.79503022176138602816,0.549293876849,99991561623.25312,0.5411967077537871
2019-05-09,0.293192150598164,29316740904.26609012655026946606,0.542058236728,99991561317.227415,0.5408868101847241
2019-05-10,0.296976009250518,29695094746.083726734090337433152,0.548992675089,99991561005.300064,0.5409471250274399
2019-05-11,0.332920272052209,33289217566.528591302306691062141,0.614080937143,99991560625.987149,0.5421439616756616
2019-05-12,0.309426900230398,30940078552.996706299796684291602,0.571390349298,99991560300.538999,0.5415332978769318
2019-05-13,0.324656478461214,32462907719.955835393698839740386,0.598986545851,99991559921.494399,0.5420096339559077
2019-05-14,0.406766271931993,40673193643.917892504605335257602,0.744849649486,99991558913.512914,0.5461052068866397
2019-05-15,0.461552120855175,46151315460.897643015003675063275,0.836653814797,99991557563.179133,0.5516643953475104
2019-05-16,0.41730563788657,41727039445.71054914844584537466,0.757668276561,99991554528.320538,0.5507761784361479
2019-05-17,0.387566291874282,38753355474.475781644908813870798,0.70526363644,99991553153.560939,0.5495339215709785
2019-05-18,0.372366245140796,37233478827.134995206126789159868,0.678204171071,99991552169.441633,0.5490474123047138
2019-05-19,0.42152765954287,42149204462.26457449667651311466,0.766390612375,99991550988.548918,0.5500167313330996
2019-05-20,0.399427724719909,39939397287.435520439470158731126,0.726342981794,99991549949.223614,0.5499161342942414
2019-05-21,0.399299679394237,39926593409.218945186529583229609,0.725985805993,99991548878.251357,0.5500103116314744
2019-05-22,0.373538175899663,37350660354.405558621861751414679,0.676607268526,99991547756.656633,0.5520753223852028
2019-05-23,0.381028435686417,38099622657.490816918330526623896,0.69002722838,99991546795.857688,0.5521933338499848
2019-05-24,0.383394441068283,38336202822.522318558576247558767,0.694654700062,99991545823.416349,0.551920891104694
2019-05-25,0.387120674935396,38708794394.296903093369214003156,0.701280831223,99991545015.664061,0.5520194730836664
2019-05-26,0.410467102991746,41043239440.638395662464930240408,0.742967513971,99991544124.947148,0.5524697853852163
2019-05-27,0.436962270611341,43692531591.98462593554516594746,0.789480393873,99991542818.68706,0.5534808387928544
2019-05-28,0.448330384111016,44829246204.37794730842982734868,0.80635679717,99991541490.699605,0.5559950454742639
2019-05-29,0.444706250395392,44466862890.939395149271297447424,0.800087545066,99991540149.038922,0.5558219886533888
2019-05-30,0.418969093897815,41893364328.31988541931550833728,0.755158418312,99991538608.662912,0.554809538949898
2019-05-31,0.438675382000201,43863825894.047818096679788062977,0.789822082195,99991537464.547577,0.5554103789819034
2019-06-01,0.429236845004533,42920051658.414505500254455810565,0.777218354159,99991536509.316305,0.5522731709919471
2019-06-02,0.445525739801091,44548802905.788790819700544412812,0.806027880646,99991535675.756932,0.552742343656921
2019-06-03,0.422813652119654,42277785929.945749237423672830258,0.765224396542,99991534611.047427,0.5525355098848413
2019-06-04,0.39529508553752,39526161763.28490776394600690064,0.716700740039,99991533437.703782,0.5515483150136131
2019-06-05,0.40203501829575,40200097598.05583148251039519175,0.728852042588,99991532499.995649,0.5516003177657408
2019-06-06,0.419910590356161,41987503026.930132697114976271078,0.760430162979,99991531509.879398,0.5522013865298991
2019-06-07,0.421510759650989,42147506051.360684977312667136246,0.761776732251,99991530669.961614,0.5533258523208665
2019-06-08,0.4098976896751,40986297091.5292247157349439994,0.741487718724,99991529896.195494,0.552804421872932
2019-06-09,0.384387823445181,38435526192.019392329054596615134,0.696311059912,99991528991.554614,0.552034637355552
2019-06-10,0.400065644077122,40003175066.717293924501507394394,0.724174947972,99991528037.848077,0.5524433635787556
2019-06-11,0.393711301114471,39367794230.013612879972153792969,0.713865158522,99991527087.426639,0.5515205447617283
2019-06-12,0.401030007962883,40099602578.598588919475843398878,0.727192048484,99991526275.784266,0.5514774381800829
2019-06-13,0.399955819066111,39992192445.340625415673981041039,0.725624911307,99991525410.785649,0.5511881039829629
2019-06-14,0.404319090129969,40428482087.043302690752187456562,0.733140025062,99991524204.428498,0.5514895876756649
2019-06-15,0.411087452283112,41105260466.831794486312812621176,0.745207779151,99991523065.323323,0.5516413861801812
2019-06-16,0.431302934335759,43126636794.389226909309221684627,0.78099010728,99991521877.326653,0.5522514694045012
2019-06-17,0.446997356596613,44695945361.662081934210160017118,0.806537030958,99991520535.986886,0.5542180203005336
2019-06-18,0.425370371832646,42533429704.790051488543665872694,0.768355692236,99991519206.053289,0.5536112716166276
2019-06-19,0.434899378226131,43486249077.067500156406067560719,0.785128033424,99991518163.211349,0.5539216022251854
2019-06-20,0.430329404602198,43029289984.757031314482656088888,0.775809119477,99991517020.627156,0.5546846431662187
2019-06-21,0.443364690980793,44332707529.32292908580034011959,0.798870664721,99991515858.54063,0.5549893250062387
2019-06-22,0.472279101937869,47223902466.662741013607748322249,0.849075901786,99991514070.583021,0.5562271888113268
2019-06-23,0.465609866501313,46557034984.3574662669140616026,0.837100748861,99991512925.1802,0.5562172380503115
2019-06-24,0.46863789716254,46859811800.06472855575954672694,0.840755645669,99991511748.807861,0.5574008329015012
2019-06-25,0.464794198035298,46475473884.282907573633974276604,0.833960712943,99991510394.786398,0.5573334460745347
2019-06-26,0.461336873612042,46129769829.675907451118678991046,0.827782257989,99991508306.072263,0.5573166967033166
2019-06-27,0.404836422356887,40480203780.813443720977459539402,0.731480224676,99991506557.499846,0.553448211858638
2019-06-28,0.41995315948693,41991748483.22697792148088650128,0.756045218197,99991505087.209296,0.5554603737702688
2019-06-29,0.426287826622381,42625160865.406460700825186318474,0.767240535561,99991503869.907954,0.5556117108837099
2019-06-30,0.394969507274984,39493594583.857574766398780048816,0.712619559444,99991502777.862574,0.5542501634155917
2019-07-01,0.406365901551403,40633136680.508663456737018604107,0.737381474085,99991501563.939169,0.5510931801692649
2019-07-02,0.397262247558661,39722848227.03303659627415165901,0.721354816312,99991500504.12841,0.5507168436050718
2019-07-03,0.405854961232267,40582046130.175810968837186374092,0.739522736929,99991499443.445476,0.5488066031852544
2019-07-04,0.387436181366531,38740324256.185984452882574223434,0.706791174821,99991498263.132014,0.5481621660947479
2019-07-05,0.379271365232302,37923911623.730695698614220235226,0.693070476804,99991497118.435163,0.5472334746983599
2019-07-06,0.388610199414578,38857715288.413785750619859436142,0.709877924087,99991496226.684239,0.5474324334206953
2019-07-07,0.397226533156978,39719275083.503331649236091177192,0.725370986401,99991495451.807764,0.5476184471174631
2019-07-08,0.402526190113184,40249195318.700579857515199712832,0.734467796922,99991494484.826298,0.5480515167582385
2019-07-09,0.394087929937127,39405440589.584434219230281964646,0.719404452772,99991493258.550698,0.5477974572142728
2019-07-10,0.360632317531509,36060163446.828524850448007846193,0.659610589479,99991491870.880077,0.546735184794953
2019-07-11,0.327601232414108,32757335445.807350119182938433476,0.602728860557,99991490277.423847,0.5435300246139895
2019-07-12,0.344821942773967,34479259572.126227769142034825203,0.634640335772,99991489215.428509,0.5433344263479768
2019-07-13,0.331825260364298,33179701687.623959694948386834822,0.611284924959,99991488445.446439,0.5428323958529717
2019-07-14,0.30685726106083,30683114004.23947052281287473274,0.565882709727,99991487567.103678,0.5422630092530443
2019-07-15,0.314682223536212,31465492968.997735874625342953212,0.580337291926,99991326536.997251,0.5422402246318814
2019-07-16,0.296561417905021,29653569257.441008125093592120077,0.54786514361,99991325462.768337,0.5413036791333624
2019-07-17,0.310105360244431,31007845697.45042071517953511789,0.572507287618,99991324474.39619,0.5416618564536874
2019-07-18,0.322859355240433,32283134230.336392419041761251912,0.59775017879,99991323486.027464,0.5401242303163896
2019-07-19,0.320317093050224,32028929816.24262300415999985224,0.595174263014,99991322696.040635,0.5381904308632535
2019-07-20,0.335801796807962,33577265580.962254050832778331028,0.623482563349,99991321964.737394,0.5385905180799642
2019-07-21,0.330491927373567,33046324524.617753539622418669855,0.613749606179,99991321383.364065,0.5384800642579624
2019-07-22,0.320586390076809,32055856505.019019006081641724791,0.595963375944,99991320583.942399,0.5379296832947217
2019-07-23,0.308311093285196,30828433130.245766004931702937464,0.574553028713,99991319811.929834,0.5366103351257473
2019-07-24,0.316297898740864,31627044098.643792389395824427776,0.589209407649,99991319020.918134,0.5368174618985155
2019-07-25,0.313290355761257,31326315659.635892857466603083034,0.583820962844,99991318224.644362,0.5366206006634431
2019-07-26,0.323510432770179,32348234370.709802287475053716888,0.60253217618,99991317416.616072,0.5369181025670797
2019-07-27,0.309236548172118,30920969621.261028153052062823458,0.576408895555,99991316692.782131,0.5364881606734523
2019-07-28,0.311160544464717,31113352313.262893498232589578918,0.579965881392,99991315951.662654,0.5365152579629129
2019-07-29,0.309736557777064,30970965785.837666670655201559008,0.577378103238,99991315226.436172,0.5364535926111975
2019-07-30,0.318742423403626,31871473885.801653458555092158802,0.593978255941,99991314445.904677,0.5366230501126068
2019-07-31,0.31950657134645,31947881786.90134687252882032885,0.595108285154,99991313644.248513,0.5368881249296827
2019-08-01,0.3161648170601,31613735126.4689147635231516748,0.595404312856,99991312823.587948,0.5310086108438472
2019-08-02,0.3122139819709,31218685695.108038880488765443,0.588125199688,99991312041.93727,0.5308631259747573
2019-08-03,0.316040052321959,31601259274.565842787487432621072,0.595220087058,99991311361.930608,0.5309633515294371
2019-08-04,0.319999818183534,31997201253.599003686161445281582,0.602682392024,99991310730.205473,0.5309592953410708
2019-08-05,0.32128861275652,32126069222.69324218101442223944,0.607386328555,99991309829.082322,0.5289691217134906
2019-08-06,0.311128297528472,31110125728.448201699058555066464,0.589056678909,99991308973.113412,0.5281805786579263
2019-08-07,0.31127803183559,31125097609.41718939734982404176,0.589391405584,99991308175.119664,0.5281346638014841
2019-08-08,0.30725706942028,30723036074.64274332279188426284,0.582142320548,99991307385.082153,0.5278040413399998
2019-08-09,0.295604285013768,29557858671.05148350408837374908,0.561004327739,99991306518.695435,0.5269197943715224
2019-08-10,0.29863782053494,29861185663.63455614861287689588,0.566701988819,99991305890.677902,0.5269750705433336
2019-08-11,0.30261865602559,30259234455.82513027158229712654,0.57415794445,99991305404.734706,0.5270651724857275
2019-08-12,0.300392975919601,30036685631.083602465000663475134,0.570308872877,99991304853.688734,0.5267198008058828
2019-08-13,0.296120056912423,29609430705.120768969397390516609,0.562339325022,99991304249.538583,0.5265860730989035
2019-08-14,0.262105681274753,26208288642.340864281770912745811,0.499437816173,99991303183.039187,0.5248014323047624
2019-08-15,0.264910924279932,26488788338.138949319408032497292,0.505693472678,99991302397.737981,0.5238567207068023
2019-08-16,0.261571761306658,26154900884.20135857732844573465,0.499703350092,99991301635.722925,0.5234540878273084
2019-08-17,0.265468854777704,26544576194.37640574261457038244,0.507067767771,99991301113.661985,0.5235372304271448
2019-08-18,0.283237343571498,28321270353.670697505258617057376,0.540701266763,99991300569.875312,0.5238333271663047
2019-08-19,0.282230614117192,28220605973.904080368888890724064,0.538899753275,99991299888.487292,0.5237163542978467
2019-08-20,0.274476717061659,27445283551.096581656282876422938,0.524329468094,99991299243.539182,0.5234813867307792
2019-08-21,0.265023940022725,26500087902.30184203627583811645,0.506578701208,99991298522.048762,0.5231643955633002
2019-08-22,0.271238568471838,27121496495.521990404677648128348,0.519434366,99991297875.980146,0.5221806376820243
2019-08-23,0.277400579545896,27737643791.344717622543297351232,0.531060116183,99991297194.660392,0.5223525003905688
2019-08-24,0.271987434636516,27196376256.505218595334763650508,0.5214961425,99991296630.487563,0.521552150573225
2019-08-25,0.26942615091285,26940270025.16127930473195200935,0.516695616506,99991296070.868491,0.5214407521681024
2019-08-26,0.269861027977699,26983753742.103301355549534721404,0.517550889648,99991295313.427796,0.5214193104010285
2019-08-27,0.269316924289469,26929347666.19400829001927673887,0.516510383588,99991293667.26923,0.521416282899537
2019-08-28,0.256080714659745,25605841727.980304981745191390325,0.491566780923,99991292831.257685,0.5209479659689575
2019-08-29,0.256537621912941,25651528253.893494785917564659171,0.49250841955,99991291969.638031,0.5208796676965174
2019-08-30,0.255203048598405,25518082373.742704213676396169485,0.490000898389,99991291302.709737,0.5208215932612543
2019-08-31,0.257875467072348,25785300768.958652113415870713404,0.495075654735,99991290608.984073,0.5208809292195583
2019-09-01,0.256850459144175,25682808456.1996819053820300962,0.493328444436,99991288868.140344,0.520647982173054
2019-09-02,0.261800577946745,26177776968.494032721659850943605,0.502776920384,99991287925.342429,0.5207092198002897
2019-09-03,0.262974605256728,26295169276.00244208889366924744,0.505536448527,99991287182.77523,0.5201892089541056
2019-09-04,0.258774280010732,25875173175.318779548340091356348,0.497567124735,99991286515.204189,0.5200791353499349
2019-09-05,0.256367174110306,25634483388.330565154948491280268,0.493407695775,99991285847.309478,0.5195848713053163
2019-09-06,0.251729021565173,25170708307.176428656875412936598,0.484687512057,99991284877.177726,0.5193635389879188
2019-09-07,0.260575926650837,26055321568.407444496336144348147,0.501340661,99991284318.910631,0.5197582141673464
2019-09-08,0.262321261905236,26229839732.706465262256000927212,0.504671461055,99991283749.549967,0.5197862018130797
2019-09-09,0.258908387315388,25888581833.899171923815466135744,0.498200297764,99991283026.158288,0.5196873395648476
2019-09-10,0.258313514401288,25829099526.85622890028348273772,0.499658141063,99991282247.551815,0.5169804976093009
2019-09-11,0.254513270985592,25449108062.556544770912504916656,0.492433073318,99991281256.203018,0.5168484506344971
2019-09-12,0.2542111738301,25418900731.2838462405879818236,0.491949931673,99991280274.219436,0.5167419638937456
2019-09-13,0.25545417816622,25543190127.56848095126535978096,0.494357930023,99991279496.504968,0.5167393150835772
2019-09-14,0.262351215530485,26232833554.754873182430510437495,0.507615961527,99991278872.907067,0.5168301145245422
2019-09-15,0.260336584961741,26031387614.554540218314913933143,0.503766699793,99991277132.179123,0.5167800592391566
2019-09-16,0.261029238423973,26100646320.542571376175794251898,0.505048969182,99991274840.058226,0.5168394637984266
2019-09-17,0.287028186833996,28700314061.49039060054862133848,0.554926382875,99991273951.39538,0.5172365122504017
2019-09-18,0.314282307783483,31425487997.080576331948619495411,0.605839960407,99991272874.101417,0.5187546684314944
2019-09-19,0.301480622110423,30145430874.919104069164948779776,0.58168619813,99991271956.038912,0.5182873911734891
2019-09-20,0.29278760330046,29276204659.14966693923144326236,0.565233277047,99991271246.229266,0.5179942780971728
2019-09-21,0.289543171136861,28951789610.501433099961536664956,0.559079344079,99991270720.788396,0.5178928075295651
2019-09-22,0.277227923222258,27720372142.999300858299500549528,0.535721666034,99991270074.102316,0.5174849941661004
2019-09-23,0.267973687650021,26795029197.59351440585257850974,0.518226673459,99991269413.69094,0.5170974428262848
2019-09-24,0.235999695298572,23597908874.311092119961953583996,0.460283614095,99991268397.429493,0.5127266930033771
2019-09-25,0.245604618011211,24558317061.662280538779820595916,0.478772356492,99991267511.677156,0.51298830160282
2019-09-26,0.243330323254922,24330907269.296070160426531452272,0.474506871715,99991266784.313176,0.5128067426620366
2019-09-27,0.242064854218953,24204371252.018249165269990116339,0.472561596666,99991266101.459163,0.5122397924985027
2019-09-28,0.242192552082593,24217139790.006451964919306875497,0.473107180919,99991265551.997129,0.511918993941583
2019-09-29,0.240530579737306,24050956737.056967462473704693464,0.469926003043,99991264159.942044,0.5118477764153362
2019-09-30,0.256201356757745,25617897344.49945463380887494139,0.500030820921,99991263390.235822,0.5123711300152483
2019-10-01,0.248965284669462,24894353168.692444465505295761232,0.486092854749,99991262644.281336,0.5121763923026975
2019-10-02,0.253305601446886,25328346798.46390865187839565875,0.504327534629,99991262150.493125,0.5022640725599604
2019-10-03,0.247569867416439,24754823356.115625457112145239265,0.493102560102,99991261515.180135,0.5020656704058246
2019-10-04,0.252901156983716,25287905587.889124163051797227344,0.503514118783,99991260971.247284,0.5022722254442067
2019-10-05,0.253784236857194,25376205733.312133723592028724736,0.505325565151,99991260480.025344,0.5022192708207013
2019-10-06,0.254568852508726,25454660306.289706050540176964496,0.506867964075,99991259949.671896,0.5022389863863207
2019-10-07,0.276931410701152,27690720449.948882656029109256288,0.550451360417,99991259134.670969,0.5030987851340031
2019-10-08,0.277142111506861,27711788495.900170672530743844807,0.550593558138,99991258438.593987,0.5033515329240348
2019-10-09,0.28219846544606,28217379468.9398212529590820183,0.560757872989,99991257657.399805,0.5032447675533495
2019-10-10,0.271332787665637,27130906495.957038472246809806149,0.539344131393,99991256970.353377,0.5030791509028711
2019-10-11,0.268026531167534,26800309570.085823335101286951038,0.532927123026,99991256288.482457,0.5029328018541436
2019-10-12,0.273182101857366,27315821434.327112101685897243682,0.543021987591,99991255827.547827,0.5030774224618041
2019-10-13,0.277975651006155,27795134290.25270114052175533774,0.552437564751,99991255311.916708,0.5031802121049587
2019-10-14,0.296535285413,29650935213.855258874475998776,0.588572468432,99991254573.832152,0.5038211967389362
2019-10-15,0.288117565821577,28809236670.490567172939186424881,0.572053969278,99991253877.006953,0.5036545173966986
2019-10-16,0.284425589552808,28440071095.86387831810737614788,0.564757945429,99991253039.429985,0.5036238832138136
2019-10-17,0.301782569383798,30175617045.031948133236737600894,0.598431229211,99991252333.250253,0.5042894732978463
2019-10-18,0.295033866015844,29500805539.31583959447117045872,0.584862488832,99991251640.68988,0.5044499718302016
2019-10-19,0.291050308978642,29102484521.554428391304327088182,0.577076238868,99991251078.486371,0.5043533061585934
2019-10-20,0.293837620765607,29381191155.565401286282007188205,0.582553192211,99991250538.346315,0.5043962074096393
2019-10-21,0.292647571022728,29262196406.955883042776760141928,0.580221814029,99991249900.663901,0.5043718866593686
2019-10-22,0.290481485552668,29045606620.411674140353741310008,0.576055001832,99991249236.245506,0.504259983211436
2019-10-23,0.27210656253837,27208274784.98174835507863942013,0.540297981523,99991248028.592049,0.5036231336111083
2019-10-24,0.277408345224841,27738406317.417066211191151053935,0.550894780645,99991246820.404535,0.5035595815593771
2019-10-25,0.297712297790661,29768623460.809950123785276887677,0.590487592943,99991245513.620057,0.5041804457005743
2019-10-26,0.294469571382769,29444378625.096452752835400677181,0.584125300668,99991243532.673549,0.5041205560622293
2019-10-27,0.298888112152612,29886193511.45821809117290548444,0.592802955756,99991241860.42687,0.5041947062686973
2019-10-28,0.297500216801564,29747415673.330983363816942400672,0.590278624141,99991240319.575448,0.5039996446330742
2019-10-29,0.302296978650357,30227049443.251622761602377146389,0.599851512734,99991239006.767777,0.5039530154263502
2019-10-30,0.295330522483733,29530464490.681477290721209686956,0.586212577196,99991237757.377532,0.5037942445663177
2019-10-31,0.294503366524885,29447755755.97527915232741904873,0.584411432683,99991236444.786098,0.5039315626883558
2019-11-01,0.292085910484508,29206030920.075571630995528123116,0.584520364193,99991235015.852077,0.4997018553626739
2019-11-02,0.295187405972608,29516152946.210187552235928410496,0.590648869513,99991233870.421787,0.4997680029693361
2019-11-03,0.290583485417126,29055800919.914936630785256177694,0.581554412744,99991232737.146069,0.49966689109285584
2019-11-04,0.29946658563748,29944032498.37046991873296501036,0.59917591417,99991230856.785107,0.4997974360373144
2019-11-05,0.301213696731179,30118726342.12382142621769903538,0.602544006951,99991224399.74422,0.4999032323885918
2019-11-06,0.310143145807605,31011591753.374356179253308811965,0.620168159434,99991220739.768233,0.500095242056056
2019-11-07,0.290253377152142,29022789041.579046581813388450168,0.580836823251,99991219142.184804,0.4997158677501984
2019-11-08,0.276059991320625,27603574606.691338324760432814375,0.552999302545,99991217396.771031,0.4992049538763402
2019-11-09,0.279619691786097,27959512996.715999503188857661903,0.560059835701,99991215990.983999,0.4992675317202678
2019-11-10,0.279238665432458,27921413245.639902054768791358358,0.559326507302,99991214334.153551,0.49924089380174375
2019-11-11,0.273956180136242,27393210831.03577396377674871454,0.548934577937,99991213256.85287,0.4990689075660367
2019-11-12,0.271333751070422,27130990364.851569446529382688024,0.543546217348,99991211037.398692,0.4991916830812996
2019-11-13,0.271663756522258,27163987769.133208422282864212488,0.544226280425,99991210152.126436,0.49917427050768104
2019-11-14,0.267820899596529,26779735622.403974376146680102443,0.536595496638,99991209284.815067,0.49911134415875896
2019-11-15,0.260626430049282,26060351468.516105188321592344296,0.52244030437,99991207582.394228,0.49886355985410824
2019-11-16,0.261700876438445,26167786298.858193867155796482065,0.524582626756,99991206200.691317,0.4988744634125491
2019-11-17,0.263055365098227,26303222697.581050264865707164747,0.527295731301,99991204086.482761,0.49887634107939555
2019-11-18,0.252102787208913,25208060878.007740545851986928676,0.505664048855,99991202624.500452,0.4985578622402793
2019-11-19,0.253238545477899,25321626086.834955919916051820855,0.508045400884,99991200151.024645,0.4984565258090388
2019-11-20,0.24968191913538,24965994191.660082807263288829,0.50174047943,99991197913.38705,0.49763160313281884
2019-11-21,0.242473208666137,24245185407.39833581414862293292,0.487830267567,99991193009.62316,0.4970442073540159
2019-11-22,0.230494880942407,23047456487.825009604596297984694,0.464258166251,99991185893.554842,0.49647997105513597
2019-11-23,0.234572148311691,23455145989.904190777940587562668,0.472421742977,99991180362.716548,0.4965312282908858
2019-11-24,0.221950024380443,22193042927.987770361956761650527,0.447518214638,99991171390.667789,0.49595752110331337
2019-11-25,0.219294534714062,21927516476.872475374884499789032,0.44362728968,99991167155.459436,0.4943215618503652
2019-11-26,0.220794709946725,22077520139.9141663916370229092,0.446952351275,99991164395.384272,0.4940005558016962
2019-11-27,0.224691219169703,22467135780.407098172736068579426,0.454672853211,99991160595.547342,0.4941821742443694
2019-11-28,0.223939627188987,22391981606.228264204104094452257,0.453170062665,99991153362.648211,0.4941624472544459
2019-11-29,0.230274233328735,23025384085.447876566806505419445,0.466254611415,99991144265.703787,0.493880870432345
2019-11-30,0.225977685902189,22595765726.608293712823771973727,0.457666780479,99991136896.536443,0.4937602979741677
2019-12-01,0.225215972061006,22519599707.193472391813693602554,0.460367285964,99991130740.467259,0.4892093311743649
2019-12-02,0.219572547512797,21955306094.328418431180307281974,0.450854619942,99991125225.018542,0.4870140790418069
2019-12-03,0.219831694462258,21981215993.738719648614608933098,0.451673756028,99991113872.401981,0.48670459934499777
2019-12-04,0.214856970047892,21483787107.322485724972125134052,0.441658747282,99991110842.406981,0.4864773342996995
2019-12-05,0.221992050082771,22197231163.982626318499012197004,0.455989401224,99991108491.075524,0.48683598672882256
2019-12-06,0.225743538455847,22572345917.839136946339101863752,0.463665586835,99991105270.346616,0.486867140597562
2019-12-07,0.227673444519826,22765318892.675207516186169105052,0.467617835153,99991103225.447902,0.4868793005838485
2019-12-08,0.229941660517205,22992119666.28938257683418807812,0.472273345579,99991100414.659464,0.4868825705911901
2019-12-09,0.223955597232356,22393566304.837172774222541922824,0.460259465722,99991099046.315154,0.48658553253443954
2019-12-10,0.222560028261496,22254020344.603502771094460389384,0.457472430173,99991092373.767279,0.4864993245108381
2019-12-11,0.220712135283027,22069246017.596951870219823089958,0.455831518092,99991085625.159554,0.48419674051253486
2019-12-12,0.21824974942428,21823029198.33321433631279781012,0.450876810153,99991084781.998979,0.48405627548291824
2019-12-13,0.220211329620275,22019169208.409215467123727961075,0.455042346337,99991082413.326913,0.48393590485134447
2019-12-14,0.216064723915695,21604545403.457010205435361205765,0.446555293552,99991081431.167627,0.48384763776299267
2019-12-15,0.217225672953893,21720629650.706754849775091199267,0.448928903101,99991080038.302119,0.48387544542887584
2019-12-16,0.205356032898844,20533771217.713741536879058825652,0.424766953682,99991078556.861483,0.48345576584703653
2019-12-17,0.182188530269656,18217227304.653455010401711048288,0.377271771967,99991076703.293348,0.4829105801363587
2019-12-18,0.195952031670153,19593454255.907535229443742584312,0.406523737319,99991074799.822904,0.48201867119112174
2019-12-19,0.188192782398042,18817598306.795735476238176157382,0.391433526319,99991073339.864271,0.4807783946556322
2019-12-20,0.195967153994195,19594965787.033803929486502595065,0.408484476508,99991071910.011267,0.47974198596101864
2019-12-21,0.191595849584879,19157874197.617961766220745512873,0.39943096447,99991070992.019687,0.47967199998904736
2019-12-22,0.196406756921433,19638921864.881403974640019621974,0.409416209492,99991070433.169478,0.4797239395214292
2019-12-23,0.18951666872596,18949974330.7953914326730645318,0.395185423403,99991069166.569955,0.47956391481751526
2019-12-24,0.190382001768985,19036499622.375247056104385333255,0.397038032866,99991067671.799583,0.479505704767681
2019-12-25,0.188458233230521,18844139728.200846665328244065268,0.393063269784,99991066482.889108,0.479460299951416
2019-12-26,0.188902094121827,18888521638.320053156026443899813,0.394054140869,99991065351.231319,0.47938106602621877
2019-12-27,0.189660013114288,18964305617.480999245990652828592,0.395614438307,99991059296.475009,0.4794061964116444
2019-12-28,0.193055785448418,19303852306.882962282660904183398,0.402634834977,99991058346.400611,0.4794810798212382
2019-12-29,0.196707104389594,19668951389.749595392087164736252,0.41019420472,99991057520.696758,0.47954627863128135
2019-12-30,0.192651930231902,19263470082.067848928214898770518,0.401809877659,99991056714.976709,0.4794604138512443
2019-12-31,0.192421166018367,19240395593.041050053322693387963,0.40163669939,99991056031.769989,0.4790925886768153
2020-01-01,0.192124072326654,19210688798.24296003975152272397,0.405718624448,99991055600.677055,0.4735401846243766
2020-01-02,0.186872726055669,18685601035.121799021026637664737,0.394913202328,99991055032.586173,0.4731994903033391
2020-01-03,0.192843370288821,19282611942.145739332948119115596,0.407722191091,99991054466.981276,0.47297737160884645
2020-01-04,0.192609874886274,19259264389.960743699651468766074,0.407248641996,99991053944.312701,0.4729540016198895
2020-01-05,0.194187072918844,19416969923.962151574833281947344,0.410561189218,99991053122.660876,0.4729796142901721
2020-01-06,0.221597371713722,22157754000.199464975857138431348,0.467855887923,99991050565.458434,0.47364450770830663
2020-01-07,0.213838204717545,21381905923.170642805456614431625,0.451153969198,99991046742.155425,0.4739805461485297
2020-01-08,0.207679865734718,20766126759.091431128344243419486,0.438563978525,99991044801.700977,0.47354519728956573
2020-01-09,0.20329166713566,20327345581.49462328292339716756,0.429185972445,99991041777.082966,0.4736680138391796
2020-01-10,0.211373940059786,21135499943.477538685811854794468,0.446569690833,99991039280.904138,0.4733280032182743
2020-01-11,0.211923967550269,21190497636.100856934686030408414,0.447721027167,99991038677.937206,0.4733393222365259
2020-01-12,0.214637563738745,21461832829.10852528983213167993,0.453425026937,99991038172.757514,0.47336946791110246
2020-01-13,0.211561703975784,21154274296.235233149042778643352,0.446979619398,99991037596.561503,0.4733139829970749
2020-01-14,0.235544858181889,23552374530.448522486427749177844,0.496958019336,99991036578.948596,0.47397335190728446
2020-01-15,0.232875178107178,23285430205.170425827721497851636,0.493650429402,99991035517.119762,0.47174106257595916
2020-01-16,0.228639596057709,22861909788.593046130779217646259,0.484727697059,99991034723.585951,0.47168667572523604
2020-01-17,0.239171257996728,23914981348.109338877075629238856,0.506939698705,99991033824.124927,0.4717942954708452
2020-01-18,0.243778756472506,24375689674.50714650969830595429,0.516572602371,99991032964.581965,0.47191576818746034
2020-01-19,0.235342974561637,23532186938.26722381295596961026,0.498844936922,99991032161.03898,0.4717758107634868
2020-01-20,0.233315005837289,23329407964.667358110671984761931,0.494400223538,99991030928.104979,0.4719152515095014
2020-01-21,0.23717938203517,23715810764.46515846906675689325,0.502461163311,99991030252.994225,0.4720352523810224
2020-01-22,0.23572376618188,23570262093.73017066964204273852,0.49939386343,99991029650.967829,0.4720197492272978
2020-01-23,0.224993300756771,22497311653.805455532745649754701,0.476934816401,99991028969.018831,0.47174853464168115
2020-01-24,0.221598319302668,22157843816.73593801998770900442,0.469874436631,99991028300.498315,0.4716117797161474
2020-01-25,0.219873276307467,21985354880.482647135008321263899,0.466260833649,99991027785.198897,0.4715671153133721
2020-01-26,0.230009511312074,22998887217.083528723199499612652,0.487584514454,99991026831.403198,0.4717326012078953
2020-01-27,0.230733694416946,23071298857.917487032158753485098,0.489179881911,99991026088.398813,0.47167453721844804
2020-01-28,0.238416890268264,23839549296.739018410492861032088,0.504254474185,99991025257.963167,0.47281065904988684
2020-01-29,0.235890713857033,23586954178.355805517614883007509,0.498771022196,99991024626.137773,0.47294390283230203
2020-01-30,0.24398154442746,24395964474.3291263905209658665,0.515603571479,99991024040.683025,0.47319599382836525
2020-01-31,0.239021657662533,23900020171.707281402835435323211,0.505044530829,99991023430.399567,0.47326848044506775
2020-02-01,0.241220059192128,24119840475.33731012372723528448,0.509617152194,99991022952.72316,0.4733358328965759
2020-02-02,0.251235619524829,25121306429.5815666397222789527,0.530590450468,99991022280.5763,0.47350196239534664
2020-02-03,0.253731661931662,25370888109.818549877354494512834,0.535246763289,99991021682.787607,0.47404613971418386
2020-02-04,0.265161830832928,26513802187.480464644858662138016,0.558622942625,99991020970.835597,0.4746704988286337
2020-02-05,0.27854819365634,27852318040.0953052597320556228,0.585428249763,99991020133.69442,0.4758024467884923
2020-02-06,0.28295737006638,28293195834.52950418938551116188,0.595097155819,99991019240.432226,0.4754809652500542
2020-02-07,0.279455266565356,27943016722.280513476827178056348,0.587428609764,99991018475.744133,0.47572634686217846
2020-02-08,0.27814916158571,27812417791.4361997949081131349,0.584738814821,99991017887.23519,0.47568102977883714
2020-02-09,0.282961982093709,28293656421.107475227516768552895,0.594687853931,99991017209.292155,0.4758159767738258
2020-02-10,0.274013462733496,27398884679.907803271307962155376,0.576011599322,99991016523.723906,0.47570823757026104
2020-02-11,0.282046230402845,28202089099.75704207979755221926,0.592451136612,99991015868.129708,0.47606665423204153
2020-02-12,0.306004684866625,30597719006.714805438989684254125,0.640604906734,99991014908.974701,0.47768083205408246
2020-02-13,0.32740489853397,32737547706.4107053160842423628,0.683571018631,99991013735.59324,0.4789625212456632
2020-02-14,0.336339969394182,33630974221.71630776798700158988,0.700965643764,99991012909.62434,0.47982375796355065
2020-02-15,0.308330537113954,30830282295.625072622966115279242,0.644162938449,99991011543.013973,0.478653021945573
2020-02-16,0.294496493481483,29447002066.209454524203855222988,0.615852886786,99991010820.171236,0.4781929252916148
2020-02-17,0.286633627199295,28660785919.010087046362722250655,0.600162326257,99991010123.464609,0.47759350205623113
2020-02-18,0.299387581066532,29936066444.51985259107593910762,0.626385921043,99991009439.590785,0.477960265403187
2020-02-19,0.277540139194805,27751518473.63869216175294914453,0.582769316108,99991008702.924746,0.47624356932232637
2020-02-20,0.272111936431293,27208746817.4908974124480908636,0.571255739035,99991008017.9852,0.4763399609620746
2020-02-21,0.275403315233725,27537854944.35516515540851831665,0.578331648966,99991007446.605234,0.4762030847284927
2020-02-22,0.275078182595783,27505344494.141619148243432383347,0.577675482683,99991007046.021109,0.4761811619876769
2020-02-23,0.283737275433278,28371175769.64113274417685089646,0.595525820954,99991006561.67657,0.47644831752004696
2020-02-24,0.269130664023204,26910645832.426725297139623395628,0.564033568446,99991005967.668307,0.4771536289315203
2020-02-25,0.253574432476217,25355162441.582951282656865718238,0.531817380417,99991005378.513614,0.4768073436738535
2020-02-26,0.231002320210458,23098154050.101570490140632711694,0.485706766693,99991004545.139043,0.47560037465252636
2020-02-27,0.23749441917811,23747305381.09787167902586354946,0.499739365924,99991003844.551286,0.4752365640417209
2020-02-28,0.237651278629086,23762989771.732385293949473633416,0.500364889448,99991003241.436156,0.47495594443339473
2020-02-29,0.23113777125572,23111697517.81422430758572754272,0.487328941479,99991002735.093976,0.47429518664382503
2020-03-01,0.227721573513626,22770108370.81000295103079677292,0.482580848576,99991002255.42542,0.471882740862152
2020-03-02,0.239228453936602,23920692751.050775025421871531632,0.512483538347,99991001728.373016,0.46680222102006647
2020-03-03,0.234453823049389,23443272499.34410364247130287841,0.502956430872,99991001189.20069,0.46615135756969056
2020-03-04,0.234502254999937,23448115132.203325449546019002226,0.503081985541,99991000650.333298,0.4661312902066251
2020-03-05,0.238954871046612,23893336530.812354790455140802604,0.51282089446,99991000083.658367,0.46596165177363
2020-03-06,0.244292030295203,24427004285.741221084845338130354,0.525805796029,99990999527.178918,0.4646050540715786
2020-03-07,0.23687016871746,23684884796.99900590680284852802,0.510119531022,99990998973.156737,0.46434248114927484
2020-03-08,0.205980429530399,20596188759.001540397807952152232,0.444203746927,99990998202.874968,0.46370709602377497
2020-03-09,0.208510099659805,20849132833.009787759242867815575,0.45052933436,99990997400.251715,0.4628113726623469
2020-03-10,0.211695133064137,21167607377.150994483078151718169,0.457987459843,99990996820.592337,0.46222910368922976
2020-03-11,0.208072258667762,20805352435.26395666267701240127,0.450930554876,99990996245.610835,0.4614286089461806
2020-03-12,0.139909505309668,13989690518.786061063055707830092,0.308745039407,99990994091.659819,0.4531554760471268
2020-03-13,0.160842007833656,16082751908.459298634738037824912,0.354421577305,99990991937.207102,0.4538155071050944
2020-03-14,0.145098791370005,14508571979.488569200936995536545,0.320089140856,99990991258.441309,0.4533074473628622
2020-03-15,0.152946223537349,15293240412.902546537259746047283,0.337327016184,99990964531.190167,0.45340638667945354
2020-03-16,0.140329692163195,14031701116.88139184112478723226,0.310223092722,99990963427.493068,0.45235089023159386
2020-03-17,0.149379196941716,14936569717.227668015732432883152,0.329974251954,99990962751.363172,0.45269955475962464
2020-03-18,0.147030661215756,14701737277.201166187496585892388,0.325302161357,99990962127.467523,0.45198181469934495
2020-03-19,0.165787603862943,16577261866.754632838434815981891,0.365962518043,99990961208.771037,0.4530179886986766
2020-03-20,0.155794641746571,15578055826.712100251583411681801,0.344281370631,99990960228.611131,0.45252126614062815
2020-03-21,0.158069423523068,15805513344.195307761707349705952,0.349278050759,99990959617.112264,0.45256042622653975
2020-03-22,0.148012084025327,14799870180.321437636882294519984,0.327255037095,99990958696.243792,0.45228359306310717
2020-03-23,0.158870890126868,15885652481.518479007181511792464,0.350993492227,99990957870.462148,0.4526320106930089
2020-03-24,0.1631489046532,16313415137.5924839456556837472,0.360328895983,99990957170.502296,0.45277774408882615
2020-03-25,0.161692532228251,16167790959.22083117090224037946,0.357265196259,99990956517.38446,0.45258405778499544
2020-03-26,0.1766881027978,17667212289.3290013588008912018,0.38951248507,99990955868.416181,0.4536134516100223
2020-03-27,0.178004357557897,17798825733.896147614649549140112,0.392317156682,99990955154.606096,0.45372565162165923
2020-03-28,0.175639916907955,17562402949.25995352016882097329,0.387240887857,99990954553.136238,0.45356759168679306
2020-03-29,0.163491148331808,16347635884.622735299860678456768,0.360758514094,99990953953.329246,0.4531872206603235
2020-03-30,0.171970775203986,17195521765.899085967067305300496,0.37918719871,99990953378.574536,0.4535247386753374
2020-03-31,0.174651617900005,17463581673.73595521570201936197,0.384995177785,99990952753.352394,0.45364624799934233
2020-04-01,0.175452738572212,17543686391.61317269726110338462,0.392530192233,99990952175.378135,0.4469789637686416
2020-04-02,0.178169120260803,17815299865.515426620924698122324,0.398555676633,99990951515.265308,0.44703696548993227
2020-04-03,0.179430599355249,17941436249.77100702480014227069,0.401226302087,99990950898.23181,0.4472054758671881
2020-04-04,0.18133541500416,18131900490.51248073180190507008,0.405457235414,99990950416.919488,0.44723684562936444
2020-04-05,0.179385561340638,17936932686.798284658506198057244,0.401116380983,99990949955.763538,0.4472157454677491
2020-04-06,0.196956069451369,19693824356.989534660308012452047,0.43960990185,99990949310.918263,0.4480246432633192
2020-04-07,0.192626266636477,19260877575.432270651010152881063,0.432312581472,99990919783.444019,0.4455717341850089
2020-04-08,0.202193046660903,20217468035.572972881891256659921,0.453283049761,99990916450.651207,0.4460635507273263
2020-04-09,0.198913313905197,19889524417.932284835733521420558,0.445989042466,99990915778.577414,0.4460049350211585
2020-04-10,0.187646895867782,18762984835.263541781724465258934,0.421071755583,99990915109.430537,0.44564113688407625
2020-04-11,0.187910962527532,18789388992.83731861814442547658,0.421671230135,99990914527.322315,0.44563382345855423
2020-04-12,0.190866420069445,19084907801.063819179009033038635,0.428291146358,99990914033.594543,0.44564642928645454
2020-04-13,0.188398741166245,18838162209.638760695456962749335,0.423241436212,99990913384.159883,0.4451330258502308
2020-04-14,0.186311644626537,18629471408.587552694702105301474,0.418581832915,99990912784.493202,0.4451020803484576
2020-04-15,0.180760083524585,18074365637.316520312270187774155,0.406237914497,99990912179.780243,0.44496113502453477
2020-04-16,0.191187408753579,19117003264.282070480223872992605,0.42943430472,99990911477.449495,0.4452075827482789
2020-04-17,0.190312295503785,19029499773.1924461780088331829,0.427511191106,99990910849.02594,0.4451633067462735
2020-04-18,0.19552944024185,19551166736.04659497742448140645,0.439104650863,99990910380.880717,0.4452912075915473
2020-04-19,0.190315205656953,19029790581.784774920523703145006,0.427489441888,99990909901.788702,0.44519276269474417
2020-04-20,0.181926413846167,18190987545.072006874370665491067,0.408981270702,99990909293.984701,0.44482822779120806
2020-04-21,0.183990009599538,18397328258.365549920656117058204,0.413628488584,99990908736.882558,0.4448194809535543
2020-04-22,0.188298130520356,18828101073.477016426237534799024,0.423236565937,99990908148.934604,0.44490043081103897
2020-04-23,0.192587156434187,19256964534.942940541417738600797,0.432786336511,99990907449.343031,0.4449936150636587
2020-04-24,0.193164580866027,19314701608.07145876598854801285,0.433989092219,99990906829.17455,0.44509086594405023
2020-04-25,0.19410065965015,19408300866.5253757492757463864,0.436026978763,99990906272.586576,0.44515745379061117
2020-04-26,0.197031924172725,19701400552.794366729965646728325,0.442583824247,99990905714.971537,0.4451855521560231
2020-04-27,0.197530968698083,19751300337.250330110181217233313,0.44361000994,99990905058.736811,0.44528068409637517
2020-04-28,0.216033998144279,21601434839.531371443460012845912,0.484589861381,99990904325.645928,0.4458079199771498
2020-04-29,0.226545790508031,22652518250.044409927800108165956,0.50798109556,99990903380.927676,0.44597287672346586
2020-04-30,0.212122660292835,21210336192.70748919189124693722,0.475831358054,99990902261.109932,0.4457937811420199
2020-05-01,0.218154249570071,21813440082.32948839214382588972,0.4923235154,99990901508.07732,0.44311157754231245
2020-05-02,0.223667750705422,22364739866.749017938154004413342,0.504598996233,99990900772.298361,0.4432584138596717
2020-05-03,0.219605604102399,21958562044.799290227190869819297,0.495518635006,99990900207.447903,0.44318334082378125
2020-05-04,0.21815150726447,21813165449.86062187970283117412,0.492271094587,99990899551.365596,0.4431531927493981
2020-05-05,0.216418550548895,21639885412.689219809306317230135,0.488470819536,99990898921.579113,0.44305318126161897
2020-05-06,0.215067060184226,21504748541.81961625848449969077,0.485430094575,99990898296.553145,0.4430443488933661
2020-05-07,0.218837009335762,21881708993.086198747261513005588,0.49377833667,99990897606.871674,0.4431887611991659
2020-05-08,0.219330432717661,21931046669.312696385426806882882,0.494878372745,99990896828.913962,0.44320068282854047
2020-05-09,0.217133591516149,21711382261.757809101890019608228,0.489897604633,99990895513.479572,0.4432223988496773
2020-05-10,0.197094499982947,19707655319.469618396958764609369,0.445307818824,99990894323.153427,0.44260282809192064
2020-05-11,0.192585372340585,19256783412.218937225382783808935,0.436124184463,99990893275.962511,0.4415837947113974
2020-05-12,0.197255024946425,19723705975.97356721336964001935,0.44657076865,99990892406.064582,0.4417105614474818
2020-05-13,0.202148562804417,20213015057.886184057485790519932,0.457533267603,99990891735.612796,0.44182265447814517
2020-05-14,0.204169521653923,20415092114.287578581832552868631,0.461983010649,99990889673.004797,0.44194162327983205
2020-05-15,0.198294819168756,19827675112.322261816572034851416,0.449154547296,99990888291.681486,0.4414846078316036
2020-05-16,0.199958286418095,19994006563.726889656633398820125,0.452884072569,99990887709.055475,0.44152201088420917
2020-05-17,0.201351620318014,20133326781.746684826217884974128,0.456024611477,99990885347.474152,0.4415367400146765
2020-05-18,0.205067070920437,20504837833.441902126233644676937,0.464219818959,99990884647.674501,0.4417456182295151
2020-05-19,0.204740533300641,20472186917.803254514850272896255,0.463390569315,99990884011.921055,0.44183146325851114
2020-05-20,0.201656843140084,20163845864.463510772075250249784,0.456579494262,99990883277.173926,0.4416686374976946
2020-05-21,0.194452621288536,19443489228.33948106612829644536,0.440895783833,99990882609.33501,0.44103987477047335
2020-05-22,0.200165535621266,20014728411.379692055974920940738,0.454258500232,99990881793.205593,0.4406423556610101
2020-05-23,0.1990635634029,19904541123.7872356443553537298,0.451795693703,99990881221.697562,0.4406052695441577
2020-05-24,0.194152733714497,19413502827.643594219493002306227,0.440758185018,99990880665.071091,0.44049717126992893
2020-05-25,0.196283383455705,19626546577.84540692760985575287,0.44562639806,99990871526.190614,0.44046623878255303
2020-05-26,0.193715407487875,19369772262.422794550877684998125,0.43997991387,99990870698.476495,0.44028238876630105
2020-05-27,0.197417728111445,19739970369.119357034804222673665,0.448328366659,99990869907.974397,0.44034181816918483
2020-05-28,0.200386981734278,20036868485.959729634273332174046,0.45503043226,99990869229.865957,0.44038149435196194
2020-05-29,0.19748219668363,19746416367.81503127149099439362,0.448552992993,99990868541.173574,0.4402650294805008
2020-05-30,0.206897975056893,20687907945.602438720447146112961,0.469657681408,99990867189.075477,0.4405293115543809
2020-05-31,0.202163200439167,20214473586.746227282021886455394,0.458963881234,99990866502.081182,0.440477363699335
2020-06-01,0.211422372695308,21140306076.89244329730362213768,0.48568367908,99990865712.96246,0.43530878594848416
2020-06-02,0.20251635930234,20249785942.42179403205647992036,0.466202724427,99990864995.704154,0.4343954865369966
2020-06-03,0.203817014009531,20379839443.505903170919637917194,0.469696669786,99990864563.214974,0.4339332746438093
2020-06-04,0.204559456254025,20454076761.35548273234690899135,0.471394544647,99990863956.713414,0.4339453194292007
2020-06-05,0.203016992636844,20299844399.608480186747987410708,0.46790419932,99990863503.336207,0.43388581024040035
2020-06-06,0.203714820734457,20369620260.266331327012699451626,0.469503646926,99990860688.620218,0.43389401140597555
2020-06-07,0.203145155441674,20312658848.199398677879354147094,0.468316011676,99990860249.834831,0.43377794134063913
2020-06-08,0.2039151720028,20389653387.2236667392749064944,0.470760039274,99990859860.803748,0.4331616003713385
2020-06-09,0.2016550298135,20163659745.1150128832137109425,0.465633260219,99990859458.171255,0.43307694497308064
2020-06-10,0.202721723496305,20270319249.875150980068141410125,0.46811450103,99990858898.970525,0.4330601232182577
2020-06-11,0.188369592850718,18835237277.020847754702462281652,0.435512058214,99990858354.446214,0.43252440270702625
2020-06-12,0.192749331682747,19273171025.1563827604021609561,0.445526316261,99990857850.9563,0.4326328763256037
2020-06-13,0.192371493062874,19235390560.089811045655146038438,0.444700136737,99990857552.906687,0.43258698878395974
2020-06-14,0.19039033211028,19037292521.17242501335533265676,0.440205977197,99990857257.108167,0.4325028327025122
2020-06-15,0.192728981858232,19271136030.734381431905081013632,0.44544939831,99990856823.546576,0.43266189737696503
2020-06-16,0.192192877686323,19217530325.773215495586974884368,0.444319149068,99990855837.738416,0.4325559186217049
2020-06-17,0.193101861787494,19308420316.585836142391625353622,0.446418890902,99990855281.522313,0.4325575501460681
2020-06-18,0.189994326901914,18997695181.920467440628333101998,0.439615360096,99990854946.569907,0.43218309492285356
2020-06-19,0.186941617774729,18692452110.378416581245317392178,0.432892455352,99990854539.963682,0.4318430951232916
2020-06-20,0.187989800697873,18797260763.178941134929393524859,0.435311242324,99990854255.911883,0.4318514718210589
2020-06-21,0.185750823215329,18573383419.576155710855193649317,0.430225463976,99990853865.800773,0.43175227588502546
2020-06-22,0.189740769276142,18972341426.708625537225812584318,0.439549338027,99990853305.211129,0.43167115238491577
2020-06-23,0.188736714710204,18871945014.87262031094890901108,0.437269236143,99990852568.61427,0.43162587053913276
2020-06-24,0.1835609726654,18354418105.5011785568706894462,0.425426485816,99990852298.206753,0.43147518733657647
2020-06-25,0.181552278391512,18153566998.860110010574171552272,0.420901714908,99990851999.733606,0.431341265575968
2020-06-26,0.182743246024843,18272652809.706149676960241578132,0.423698452817,99990851685.003324,0.4313049642023871
2020-06-27,0.175304594326392,17528855650.043984666482987819296,0.406620560998,99990851451.432988,0.4311257500017424
2020-06-28,0.176810986552957,17679481051.279039282705886181233,0.410196516457,99990851224.529669,0.4310397076994477
2020-06-29,0.177375080191827,17735885202.471536654704281987996,0.411602245098,99990850931.768948,0.43093807748690754
2020-06-30,0.175262094265829,17524605884.206365945814122790273,0.406769171982,99990850603.587437,0.4308637584600058
2020-07-01,0.176752426419596,17673625408.182227101436209286112,0.418150478366,99990850288.111272,0.42270052424736826
2020-07-02,0.174998648008276,17498263547.972833427580863224348,0.414088013223,99990849912.996523,0.4226122042176417
2020-07-03,0.176163128696078,17614700910.851664306430521008164,0.416814190907,99990849624.617438,0.42264186906098816
2020-07-04,0.177983624162364,17796733753.4043873956235351351,0.421095436563,99990849366.959025,0.42266813816619425
2020-07-05,0.176943446864255,17692725493.38716416918571412345,0.418659651143,99990849092.93319,0.42264270364047357
2020-07-06,0.188497281010355,18848003106.25960754949330229649,0.445395328219,99990848702.078638,0.4232134220268948
2020-07-07,0.184915460603578,18489853777.40414946498968759669,0.437112393612,99990848342.544605,0.4230387042462059
2020-07-08,0.204426869527195,20440816016.21667213331807054792,0.4823527041,99990847893.395056,0.4238120109819345
2020-07-09,0.202198683730756,20218017737.3773188908181935816,0.476969169575,99990847439.4386,0.42392401150565706
2020-07-10,0.198913762978457,19889555667.457363395782032862,0.469393262273,99990847137.166,0.42376782746141844
2020-07-11,0.201305768223664,20128734244.16570388356230501968,0.474978657099,99990846868.33887,0.4238206606022421
2020-07-12,0.200664687604678,20064631986.773803162042219611514,0.473477994151,99990846552.445663,0.4238099554436372
2020-07-13,0.198550966332488,19853279144.346711098437769424904,0.468350281154,99990846234.920633,0.4239369000553705
2020-07-14,0.19921628030204,19919804392.9259165030725149928,0.469919583676,99990845942.53382,0.4239369611788632
2020-07-15,0.197179202241447,19716115179.472543611241154167407,0.465198794305,99990845663.986681,0.42386008875201353
2020-07-16,0.193915569083197,19389781680.521898970041591963362,0.45776053074,99990845357.047946,0.42361793134440784
2020-07-17,0.194519753484327,19450194530.660550365484587046084,0.459260545074,99990845054.344092,0.4235498902980754
2020-07-18,0.199960374462977,19994206776.007328073557303214248,0.471936328368,99990844834.656424,0.42370201750405334
2020-07-19,0.1997741415639,19975585145.0277576292718007723,0.471499209546,99990844604.071757,0.42369984407027894
2020-07-20,0.194735154635079,19471732520.753575200241704604467,0.459854940941,99990844268.680373,0.4234708324250968
2020-07-21,0.199176380264924,19915814360.748227564127175722712,0.470175931146,99990843965.826938,0.42362096200767735
2020-07-22,0.204000213423678,20398153446.947956085636338319442,0.481260814745,99990843659.482039,0.4238870217010483
2020-07-23,0.208061704399438,20804265280.07724389885215169183,0.490572011328,99990843293.954285,0.424120617554609
2020-07-24,0.204464085139079,20444536234.094755033269297893208,0.482161499474,99990842989.310952,0.42405726164808494
2020-07-25,0.214655441081255,21463578440.397306719281457505845,0.505772515141,99990842683.892419,0.4244110438097116
2020-07-26,0.215527753200957,21550801584.489418730343051243405,0.507617599521,99990842313.451665,0.42458684136313257
2020-07-27,0.224977854689589,22495725086.797534895822394432705,0.529055978829,99990841844.570845,0.42524395090959877
2020-07-28,0.231232657222846,23121147956.514921126870990832074,0.543214242204,99990841407.113019,0.4256748797392692
2020-07-29,0.243503720743233,24348141812.113518146911029493905,0.571073678984,99990840952.232785,0.4263963297633533
2020-07-30,0.245494308703902,24547182269.362035393292507836552,0.575300999492,99990840516.670076,0.426723243868301
2020-07-31,0.259443030571508,25941926587.081430376953723966696,0.606591062032,99990840108.272962,0.4277066491919747
2020-08-01,0.291860523700988,29183378777.020770528390228445172,0.674666223335,99990839483.722819,0.43259987473252687
2020-08-02,0.28764013586692,28761378462.64095147370566160012,0.663820559725,99990838816.554211,0.43331007401470106
2020-08-03,0.309274055856935,30924572045.38820849554389306416,0.711729119759,99990838092.456736,0.4345389942196814
2020-08-04,0.300909678984722,30088210783.055234725884591127214,0.692375190071,99990837398.696287,0.4346049415113575
2020-08-05,0.30283769462808,30280994490.32959723010761313712,0.695940944536,99990836766.599314,0.43514855248240775
2020-08-06,0.303211896783222,30318411105.779819323267326490326,0.696627924751,99990836202.102033,0.4352565925226165
2020-08-07,0.294899044502849,29487201899.933398966589947203321,0.678183532478,99990835676.134329,0.4348366340086788
2020-08-08,0.293878042991053,29385110971.839571843195160099497,0.675823584316,99990835221.174349,0.43484431412450125
2020-08-09,0.287993175947396,28796678063.261698793651245679284,0.66259155588,99990834742.978829,0.4346466135761525
2020-08-10,0.294527173310284,29450017758.523384914065945357684,0.677323457259,99990834215.822351,0.4348397654824768
2020-08-11,0.283466321348944,28344033762.287323649564900207952,0.651749887767,99990833575.591233,0.43493113948994333
2020-08-12,0.282226910255024,28220103860.080121360890392301344,0.649164784048,99990833030.698806,0.4347538825121416
2020-08-13,0.293937111967893,29391016503.468283249311132461127,0.675624731828,99990832415.468139,0.4350597278649108
2020-08-14,0.300230484031717,30020295819.921648610101818215819,0.690486788837,99990831766.271407,0.4348098890311876
2020-08-15,0.299619457794609,29959198614.787564521752499193167,0.688870356815,99990831153.979263,0.43494317157135776
2020-08-16,0.302075890887788,30204819116.734901375042551008428,0.694428975012,99990830211.455281,0.4349989729080185
2020-08-17,0.316684281774114,31665524013.500584231453150730106,0.726551919237,99990829466.197229,0.4358728858726091
2020-08-18,0.302978931279196,30295114466.351078420527388911164,0.695595928011,99990828862.070409,0.4355674308582277
2020-08-19,0.290123698064323,29009708873.562655402353654957853,0.666471782599,99990828281.566111,0.4353128003903557
2020-08-20,0.292183422385839,29215662263.108055597338689867071,0.672925958207,99990827763.416689,0.43419847135092976
2020-08-21,0.279296745834408,27927112653.08262887164424692656,0.642259071894,99990827210.13982,0.4348661748144273
2020-08-22,0.285491524001145,28546533439.41525334522204803759,0.656381462826,99990826485.275142,0.4349475726690744
2020-08-23,0.28569920320543,28567299309.02792338193818769751,0.657566095436,99990825975.411657,0.43447982672524627
2020-08-24,0.289206087085209,28917955393.266246310933697898018,0.66525018976,99990825520.716402,0.4347328141154606
2020-08-25,0.277618632814443,27759316047.800689529942262213903,0.639665251364,99990824702.154221,0.4340061183915473
2020-08-26,0.276877101062654,27685169544.853307914473868111516,0.638100514247,99990824227.058354,0.4339082869873361
2020-08-27,0.263968018257577,26394379550.342296207372641511048,0.608873608807,99990823602.679624,0.43353499714790433
2020-08-28,0.271688076227104,27166314324.341178657284828445824,0.623735392857,99990822937.819556,0.43558226667665195
2020-08-29,0.274552845990415,27452764864.92333350217991074782,0.630547301345,99990822407.580308,0.4354199049060637
2020-08-30,0.282604888582584,28257894855.134964120902360166336,0.648736021,99990821096.066504,0.4356238584485569
2020-08-31,0.282265516446168,28223960542.799624211064261257192,0.648014065414,99990820338.772519,0.4355854780186532
2020-09-01,0.296651573143944,29662433848.191903703412201655768,0.687177721523,99990819309.759147,0.43169556266531983
2020-09-02,0.276552625298522,27652723380.939689717367979558858,0.641349274617,99990818568.763289,0.43120439399213994
2020-09-03,0.247867718246961,24784495888.27784850750165041121,0.577840784863,99990817939.36561,0.4289550421847219
2020-09-04,0.254618998621087,25459561776.649504982229193988134,0.593451929409,99990817317.357082,0.42904738531165276
2020-09-05,0.235804398408412,23578274375.336611611041263941572,0.550319712232,99990816687.393431,0.42848619296595936
2020-09-06,0.240107458697824,24008540779.118436240298686825664,0.560279359656,99990816234.214786,0.42854953437022036
2020-09-07,0.241989866267609,24196764131.078046175362329711938,0.564845892528,99990815748.952082,0.42841750195716133
2020-09-08,0.236002315335344,23598063899.083469682954555593312,0.551972128022,99990815198.368498,0.4275620150985914
2020-09-09,0.238996307444095,23897435486.380114974838674255695,0.559076967302,99990814678.047281,0.4274837301873588
2020-09-10,0.242933181993039,24291086567.111698712458104607761,0.568287700203,99990813802.487199,0.42748273789184593
2020-09-11,0.243016478342804,24299415300.10246196982041436924,0.568487638435,99990813239.52531,0.4274789140742065
2020-09-12,0.247502706027102,24747996771.38873663846316551232,0.578887814024,99990812903.18816,0.42754865455993313
2020-09-13,0.241859369486712,24183714860.911037121470903413944,0.565856640156,99990812480.141337,0.42742163354314305
2020-09-14,0.245559569598001,24553700773.485292495394621966381,0.574426806915,99990812061.128381,0.4274862639450901
2020-09-15,0.242912685336815,24289036563.903855401059239947915,0.567554242985,99990811637.627941,0.42799906500432056
2020-09-16,0.247353362626785,24733063381.80283555168013607954,0.577791414976,99990811198.798644,0.42810148474957777
2020-09-17,0.252412476116091,25238928107.858039380987766350992,0.589246905573,99990810661.236912,0.4283645339989324
2020-09-18,0.249648014057202,24962507213.062382897213070056538,0.582791306663,99990810290.774869,0.42836605694525454
2020-09-19,0.251291563609025,25126846959.938340507846484417025,0.586620916053,99990809874.669121,0.4283712986229787
2020-09-20,0.246131730768916,24610911014.422036951200174067588,0.574734253863,99990809545.512493,0.42825310848374565
2020-09-21,0.231903479940032,23188216588.131949759650013237504,0.541948282119,99990809081.986172,0.42790703023044374
2020-09-22,0.232655950941139,23263456688.621778104695454012547,0.547377225076,99990808722.134673,0.4250376893354234
2020-09-23,0.221366289610039,22134594242.084376115386975634122,0.521280046295,99990808361.457798,0.42465905070297777
2020-09-24,0.232936956284297,23291554455.488027920105198253057,0.548187271077,99990807929.425081,0.42492222744730235
2020-09-25,0.241718486111936,24169626611.647137334319950325312,0.568429184011,99990807490.224667,0.4252394016899357
2020-09-26,0.241688051829262,24166583385.972067423706695873894,0.568441214216,99990807170.907637,0.4251768622417723
2020-09-27,0.24218851581915,24216625111.7404471251013198158,0.569603738392,99990806871.386852,0.42518772173590696
2020-09-28,0.242093948995812,24207169212.042963268042692847968,0.569385722082,99990806513.143064,0.4251844393122083
2020-09-29,0.242999479346641,24297713814.106125856162136318133,0.571601328855,99990806068.539813,0.42512056407112286
2020-09-30,0.241598620336591,24157640682.554333884866282436118,0.568359978397,99990805613.452298,0.4250802827778174
2020-10-01,0.237979070011914,23795718825.004969435058541629862,0.571378660912,99990805173.806583,0.4164997510268694
2020-10-02,0.233917184489441,23389567513.47636996448042840845,0.561774232426,99990804713.76045,0.41639002109313344
2020-10-03,0.233089003996314,23306757002.560021138989830865834,0.559827712636,99990804383.584681,0.41635845946030986
2020-10-04,0.248064778312089,24804196640.995544654565275548545,0.595407584751,99990804054.372905,0.4166301952902228
2020-10-05,0.249934160128177,24991117536.865300322055160561759,0.5998452732,99990803674.250767,0.41666438212449514
2020-10-06,0.245288649844531,24526609133.970761626100521044674,0.588948543651,99990803282.240054,0.4164857057357535
2020-10-07,0.248277226775955,24825439247.0792687471708662953,0.595918098566,99990802899.86366,0.41662978079269974
2020-10-08,0.251330359003538,25130724284.121321960479353249952,0.603092686193,99990802479.089104,0.4167358761885365
2020-10-09,0.253308246915262,25328494791.441382147805468713058,0.60771510067,99990802115.157359,0.41682072180861085
2020-10-10,0.254276354536045,25425296588.44243378260063398916,0.610014477651,99990801877.090248,0.4168365897071724
2020-10-11,0.255286994831029,25526351254.277086463435832927966,0.612432302342,99990801612.015654,0.4168411657170711
2020-10-12,0.25576625537588,25574272812.909495338653736369,0.613469306835,99990801270.186925,0.4169177700110618
2020-10-13,0.256306048785102,25628247097.417381178242733644476,0.614648660516,99990800915.140338,0.41699602594095314
2020-10-14,0.249249739145004,24922680962.904223588937395730052,0.59818663736,99990800585.773763,0.4166755383320287
2020-10-15,0.245759295459672,24573668624.377029351831927364632,0.589962438991,99990800260.124681,0.416567698580928
2020-10-16,0.240318289417357,24029617993.007990726194880965598,0.577273729143,99990799914.841814,0.4162986764946414
2020-10-17,0.240754977824019,24073282754.998424338419891698292,0.578365481146,99990799661.035068,0.41626788885632665
2020-10-18,0.242033324020067,24201105568.820876895295467893247,0.581447640559,99990799476.911541,0.4162598781678394
2020-10-19,0.24615550945784,24613286113.07648457845521239784,0.591161128124,99990799179.297251,0.41639326022499773
2020-10-20,0.243758523379589,24373609473.256388446712384774031,0.585509837528,99990798825.528579,0.4163184079173257
2020-10-21,0.251606907642073,25158375588.193623978865622791887,0.604026351225,99990798440.172519,0.4165495547202531
2020-10-22,0.257232141743268,25720847137.643147312418683654436,0.617008291132,99990798052.422177,0.4169022449784826
2020-10-23,0.254985306075306,25496184150.837860103317363529114,0.610425445035,99990797678.780569,0.41771736114421953
2020-10-24,0.256126162668409,25610259230.888071217185188589823,0.613146159187,99990797363.579447,0.4177244835195886
2020-10-25,0.253173159267516,25314985895.6935301302070997165,0.606180063929,99990796690.040875,0.41765339101810084
2020-10-26,0.248823142434135,24880023998.707887663742549125315,0.59606697771,99990795692.542069,0.41744158247127905
2020-10-27,0.252523656833908,25250041271.26368429897708641954,0.605044272967,99990795269.812505,0.4173639320567224
2020-10-28,0.246280457341017,24625778691.996071966388954033279,0.590237209082,99990794876.174487,0.4172567461886361
2020-10-29,0.242673725249558,24265138600.895095930468719396794,0.581700672166,99990794536.745143,0.4171797229422939
2020-10-30,0.23943901668944,23941697430.47174416085527251824,0.574605834973,99990794155.009771,0.41670133179328217
2020-10-31,0.239914016436995,23989192952.37520622290750264454,0.575772703371,99990793821.231892,0.4166818173775183
2020-11-01,0.239895595726171,23987350988.640157252999263264096,0.582807620029,99990793561.798176,0.41162055450516244
2020-11-02,0.235470063828782,23544838449.760489074273645622958,0.57220032519,99990793168.853569,0.4115168297931216
2020-11-03,0.239765734757994,23974365885.661466418095783511432,0.582820496665,99990792720.485428,0.411388645612114
2020-11-04,0.237752942670504,23773105110.473870411726247616992,0.579132673539,99990792305.020748,0.41053277346213
2020-11-05,0.24586891544995,24584627532.46587972008211972885,0.598632418076,99990791790.312423,0.41071767586555175
2020-11-06,0.259187999314349,25916413165.731080353239169512473,0.630034244105,99990791372.632477,0.411387161474914
2020-11-07,0.249636612909219,24961362389.56372433093205948051,0.607135754211,99990791008.85329,0.41117099623564907
2020-11-08,0.254063584921063,25404018757.113497375305480706312,0.617819453187,99990790750.301624,0.4112262629648272
2020-11-09,0.25069846653473,25067537779.7269281636315725524,0.610033815636,99990790235.86388,0.4109583110132354
2020-11-10,0.254735065288076,25471160378.275545363486437133736,0.619878881001,99990789840.694286,0.4109432876253532
2020-11-11,0.256011364598481,25598778389.169651555656104931301,0.622636250657,99990789195.307221,0.41117324011947615
2020-11-12,0.254890013577315,25486653502.272359731380411231945,0.619956696734,99990788750.700003,0.4111416408921842
2020-11-13,0.26475316084497,26472877250.31521755863764833812,0.643439828478,99990788271.709396,0.41146529811687316
2020-11-14,0.268723757565759,26869900245.156564674824424505213,0.652709675392,99990787895.191107,0.41170487844288606
2020-11-15,0.26986358581102,26983872482.31646541434367693792,0.655496917557,99990787572.254096,0.4116931423824026
2020-11-16,0.28793165332226,28790512636.82656035028384347832,0.697438481571,99990787065.719132,0.41284164973760235
2020-11-17,0.302615871745412,30258798990.163377195256939151324,0.73221696952,99990786390.807127,0.41328715987528913
2020-11-18,0.294218373153843,29419126356.653477994822938833455,0.711786436997,99990785895.857685,0.41335203631462714
2020-11-19,0.302293217493228,30226536224.273086288781180432676,0.731001847305,99990785353.793867,0.4135327682244564
2020-11-20,0.328295634494553,32826538092.110704838022304244583,0.791323005443,99990784655.576511,0.41486931662092386
2020-11-21,0.462073196787953,46203060999.050993353228077820632,1.089085954904,99990783538.681944,0.42427615075495445
2020-11-22,0.44758843157294,44754717506.21667205722472235236,1.052603689684,99990782489.478494,0.4252202761205498
2020-11-23,0.609156830587344,60910067437.94056561432155702528,1.394824056825,99990781321.80112,0.4367266449174608
2020-11-24,0.699835627604919,69977109755.476056258196314136218,1.54057688084,99990779256.212022,0.4542685511568455
2020-11-25,0.633315471498274,63325706499.66647823800726109827,1.402231881549,99990777660.701855,0.4516481759055934
2020-11-26,0.530406195547097,53035727059.216169042048578447393,1.178014102279,99990775945.804169,0.45025453814259686
2020-11-27,0.556724922247017,55667356402.010352961009589678079,1.235664625239,99990774936.622887,0.4505469452436062
2020-11-28,0.628771028603061,62871301820.3497127395835828127,1.389858482613,99990774002.4707,0.45239931724627214
2020-11-29,0.606165021853896,60610909040.843491698915159547464,1.340065494813,99990772901.199409,0.4523398477165354
2020-11-30,0.667397353869868,66733576412.578889800531815245852,1.455179098781,99990771652.940789,0.4586358850460023
2020-12-01,0.612945110502018,61288853775.59275448164105124871,1.249071766491,99990770340.586595,0.49072049096422715
2020-12-02,0.631992465615186,63193412772.524801744512345492812,1.284717121926,99990769211.167542,0.4919312234803304
2020-12-03,0.631054152053899,63099589430.42247940494964759745,1.282604244049,99990768185.34755,0.4920100295799353
2020-12-04,0.557855137415719,55780363088.105055081209119426978,1.140561901524,99990767041.259662,0.4891055335710602
2020-12-05,0.581769740981202,58171602110.011071773591943393768,1.183134227421,99990766126.646484,0.49171913676214546
2020-12-06,0.620996249820959,62093890043.432786916211221419716,1.257646325074,99990764938.331324,0.49377653911120006
2020-12-07,0.608369453861239,60831326327.95009568850652540885,1.226949216447,99990763740.45715,0.49583914778718835
2020-12-08,0.55953763776896,55948595073.18240318091677776128,1.119651077342,99990762545.064518,0.4997428655159932
2020-12-09,0.584254726330562,58420074739.655180810835020778026,1.160377918417,99990761061.643573,0.5035038301380369
2020-12-10,0.57605122664426,57599799430.39394415906756000744,1.132076173975,99990759096.091044,0.5088449345432307
2020-12-11,0.552201108830463,55215006719.704857040059341184207,1.08693270619,99990756694.871089,0.5080361513511547
2020-12-12,0.507661132067203,50761420052.63960964278166562341,1.005878925799,99990755340.94647,0.5046940730604854
2020-12-13,0.510717575285302,51067035683.936744020834273516066,1.011598994124,99990754489.718083,0.5048616875381147
2020-12-14,0.499248847205639,49920266890.463432635370164821317,0.992134832801,99990750444.139603,0.5032066516565669
2020-12-15,0.468827628931832,46878426074.822062702254881179944,0.935200099217,99990749652.764667,0.5013126381448845
2020-12-16,0.556050231843244,55599878950.556047536108859979612,1.096507364442,99990748616.808773,0.5071103486169576
2020-12-17,0.576959096952569,57690571305.600717205476851226225,1.133471874726,99990747368.948025,0.5090193323870875
2020-12-18,0.581338726137192,58128493129.042703800019108663088,1.140863876792,99990746385.137214,0.5095601131415088
2020-12-19,0.5799438197786,57989014815.8157038259839361886,1.13768640603,99990745375.911851,0.5097571850245939
2020-12-20,0.557802730608646,55775110254.920673195099575643172,1.096250274497,99990744387.467782,0.5088279050735804
2020-12-21,0.519617490076211,51956939017.743616934945540418048,1.026656189953,99990743210.208768,0.5061260967023429
2020-12-22,0.447356794051987,44731537596.12561907091408569534,0.892465419175,99990741597.91882,0.501259527193251
2020-12-23,0.265613370336529,26558877093.60655783029684707593,0.57118764515,99990738643.75417,0.46501946005288
2020-12-24,0.349508364119673,34947598768.77543595652637316527,0.746112969538,99990736578.79399,0.468438934034469
2020-12-25,0.312800013534138,31277103230.859160524426443271366,0.672154938779,99990734902.719807,0.4653689134567001
2020-12-26,0.294531273677594,29450398161.416561860999904475078,0.634633459968,99990733729.872687,0.46409666722023313
2020-12-27,0.28559634070429,28556987330.99016792967027174665,0.616947597459,99990732586.305885,0.4629183124799666
2020-12-28,0.244045268182497,24402264788.277573831760522589934,0.531888238843,99990731104.975022,0.45882809650644113
2020-12-29,0.218215353291577,21819512040.600229607909009151386,0.481713638449,99990728019.239018,0.45299807992602625
2020-12-30,0.211462585605599,21144297382.114893563087293549116,0.469025804029,99990725648.041284,0.45085490774517006
2020-12-31,0.221018257652563,22099775690.500600374529290284801,0.490112161891,99990724409.931227,0.4509544443863791
2021-01-01,0.23677925583855,23675729069.3870542778425039386,0.536791350026,99990723366.115132,0.4411011016237154
2021-01-02,0.220862176053745,22084168423.463205606169439092865,0.502310674673,99990721897.484177,0.4396923800146681
2021-01-03,0.226994224492359,22697316038.744820393590513331423,0.517344418125,99990720422.531497,0.4387680944061389
2021-01-04,0.235905703059885,23588380834.28514772544089446363,0.542362530436,99990718869.128838,0.4349594410038663
2021-01-05,0.226000843340947,22597986474.285976225486562592033,0.519977594989,99990717469.113339,0.4346357333833355
2021-01-06,0.250861982383003,25083869167.265962405962710575194,0.575582692078,99990715727.380398,0.4358400379923298
2021-01-07,0.31942850962708,31939884521.6527723481278925166,0.723550533425,99990713286.491895,0.4414736702839989
2021-01-08,0.319088306868992,31905866853.920067116669531212544,0.721707086617,99990711558.790057,0.442129934409703
2021-01-09,0.328038338810369,32800786480.322284183258568458367,0.740687527773,99990710230.012543,0.44288357304553344
2021-01-10,0.315420612011671,31539130512.845232080072424270137,0.713378084496,99990708634.089647,0.44215068960874365
2021-01-11,0.287482946119274,28745623029.228928250334941339304,0.653266137239,99990706987.198596,0.44007017926002995
2021-01-12,0.29025291111039,29022593391.08268695840308592952,0.660599631474,99990705623.085768,0.43937794888372383
2021-01-13,0.305779647154938,30575122241.87292087845313978216,0.694421912945,99990704176.52932,0.4403369787945567
2021-01-14,0.295366391149819,29533893094.827997552116235718549,0.671507754543,99990703004.010671,0.4398555179021469
2021-01-15,0.278757633825609,27873171481.052206521880958466291,0.635309463015,99990701953.259099,0.4387745658670087
2021-01-16,0.280162725197374,28013667273.982761144158130156592,0.638314186376,99990700955.122408,0.4389103848497951
2021-01-17,0.278343004553426,27831711728.323455378443367434398,0.634441457044,99990699507.525623,0.43872133742691766
2021-01-18,0.284838547892773,28481205367.806538057621070008646,0.648448181091,99990698515.034702,0.43926185036642146
2021-01-19,0.296138346051158,29611079706.57227121759702639797,0.672260854573,99990697258.290715,0.4405110665550447
2021-01-20,0.294749834928496,29472241194.301195357763526715232,0.668411190806,99990696182.920442,0.44097082601665233
2021-01-21,0.269375467762227,26935040265.124014015024822241149,0.613455342796,99990695102.566287,0.43911178038562754
2021-01-22,0.27250800671261,27248264756.55583428887589119995,0.620818607469,99990694164.418295,0.4389494828829168
2021-01-23,0.271273150119489,27124790376.153454198349000651478,0.618291768036,99990693381.212502,0.4387461780078142
2021-01-24,0.273616694481739,27359122798.989581292197324070027,0.623827918888,99990692639.609793,0.4386092481552805
2021-01-25,0.268533274369395,26850827783.827420424685440833425,0.612691635294,99990691458.561515,0.4382845446233967
2021-01-26,0.268980272760823,26895523225.153845866298799413166,0.613830342447,99990690577.778242,0.4381997013841778
2021-01-27,0.251222813028607,25119942346.423373400510510721266,0.575547704287,99990689713.210638,0.43649346727883637
2021-01-28,0.266853767374117,26682891975.382592214474936919423,0.610296345523,99990688675.473619,0.43725276962855447
2021-01-29,0.283150877034499,28312450758.228758331399885437136,0.645556755858,99990687137.370864,0.43861500087342026
2021-01-30,0.432408419805909,43236813622.069960795820189902731,0.958396269723,99990683903.604959,0.45117915570652795
2021-01-31,0.492976040281657,49293009481.972344189056810902988,1.071539947701,99990679980.733484,0.4600631468190637
2021-02-01,0.37853473294013,37849942880.38036824303343573094,0.837130142447,99990673475.046238,0.4521814634862412
2021-02-02,0.372923116862151,37288832877.69226691401388473689,0.825632127133,99990671512.79839,0.4516819350975635
2021-02-03,0.39757607867665,39753898465.84704536478425689875,0.876360885263,99990669957.231075,0.4536670741042208
2021-02-04,0.452922402752692,45288013581.861080854554558892384,0.988047515754,99990667952.429752,0.45840143872742534
2021-02-05,0.449882847936903,44984085630.953692821687754939152,0.972798503697,99990666097.283184,0.46246252047796027
2021-02-06,0.443577415632119,44353600600.534090209198311375912,0.961261462677,99990664622.381848,0.4614534472200811
2021-02-07,0.421434950070574,42139560143.155861798335137398734,0.91529541703,99990663176.129841,0.46043598845722283
2021-02-08,0.450520352928345,45047828139.029826706301086654455,0.974500636106,99990661567.724239,0.4623089367376669
2021-02-09,0.4728436991564,47279953438.5277545038074169688,1.01846646748,99990659752.641042,0.46427026736222465
2021-02-10,0.508286353735576,50823886675.526906987752292191736,1.089793776191,99990657435.526661,0.466405997942213
2021-02-11,0.526354336853524,52630515108.26444707256296205952,1.126370448359,99990655387.93248,0.4673012663110661
2021-02-12,0.610658741475707,61060166384.84691801357139037938,1.286653891907,99990653105.67734,0.4746099516868719
2021-02-13,0.633163800925945,63310460522.99254949727369988286,1.328427179809,99990650808.537548,0.47662665334578647
2021-02-14,0.596353220531139,59629745307.550857094515358173225,1.254616711858,99990648586.490275,0.4753270181201248
2021-02-15,0.554033335802068,55398151522.465585370187546551248,1.172144250782,99990646667.977636,0.4726665130443142
2021-02-16,0.520458638094842,52040994771.39547147030742012424,1.103734710666,99990644716.53972,0.47154323685335053
2021-02-17,0.538621147127448,53857074534.74847445011507997632,1.138662457577,99990642443.16584,0.47302968807244156
2021-02-18,0.532702032579501,53265217458.028750618604395303086,1.126525766221,99990640546.466086,0.4728715920688461
2021-02-19,0.566926301698417,56687322467.353442886237042425505,1.194895658952,99990637755.785265,0.4744567422695699
2021-02-20,0.511686328058785,51163840679.03483110244198924377,1.083707782503,99990634639.659322,0.47216264044626677
2021-02-21,0.546877280121249,54682604266.990587720232228445463,1.155794210071,99990630905.103287,0.4731614636550693
2021-02-22,0.567957085921744,56790385825.710694131484387638608,1.193755181015,99990628224.216857,0.4757735044457222
2021-02-23,0.470833174338002,47078903822.222474696303380147024,1.001741247094,99990625954.545512,0.4700147624986641
2021-02-24,0.469358382536091,46931437711.704201354241307910126,1.000546145347,99990624345.769386,0.4691021845607257
2021-02-25,0.440271736543053,44023045145.192876896038587418903,0.941227841465,99990622815.934451,0.4677631888340446
2021-02-26,0.4272546306336,42721455996.715785565746442896,0.917197502483,99990621361.696485,0.46582620370961925
2021-02-27,0.435432793256021,43539186128.133081479594218631452,0.934205253457,99990599703.255212,0.46609970522507155
2021-02-28,0.417608829151184,41756956751.430138033349407622672,0.898143892873,99990598465.802933,0.46496873436986674
2021-03-01,0.446851721382437,44680970440.42789773360280287171,0.959320935912,99990597109.47783,0.4658000306827739
2021-03-02,0.435394846197522,43535389207.10321832142495488273,0.936414263124,99990593796.217965,0.46495964803546247
2021-03-03,0.451166703769464,45112425429.645249191035806124824,0.968922200749,99990591177.793741,0.4656376986931472
2021-03-04,0.476223958772934,47617913051.518509096015152211816,1.020092123978,99990586727.752124,0.46684406984324933
2021-03-05,0.456038662725639,45599572817.320406284332374841441,0.978619406859,99990585326.213719,0.4660020632426977
2021-03-06,0.46310363921285,46306003474.6238375865194340242,0.99318140926,99990584296.274212,0.466283032379653
2021-03-07,0.465167750333079,46512394621.310206888718053227351,0.997376415736,99990583156.303169,0.4663913673854168
2021-03-08,0.474431910277019,47438722603.494586105320111948391,1.015739465786,99990581526.852389,0.4670803156298489
2021-03-09,0.483777327863706,48373173956.755500058979106321282,1.035033094297,99990576595.155397,0.46740276279986015
2021-03-10,0.463014127149284,46297048857.73272247004941929312,0.992015411304,99990575110.04568,0.4667408609515994
2021-03-11,0.452684575019787,45264190380.522883758957914563728,0.970565552834,99990573742.311344,0.46641318940072823
2021-03-12,0.439159006414862,43911760489.837558482656481586744,0.942996877835,99990572545.278212,0.4657056844378051
2021-03-13,0.460085665504194,46004228492.860371299320028467368,0.984065085668,99990571196.009172,0.46753580856075194
2021-03-14,0.444396264679024,44435435716.66957524215024224432,0.952079382546,99990569787.44893,0.46676387791388063
2021-03-15,0.438001004608194,43795969367.170333471954147895274,0.940019580766,99990568300.972821,0.46594880954636836
2021-03-16,0.460797625879602,46075415742.138121254739719715776,0.985692593478,99990566692.235488,0.4674861401298403
2021-03-17,0.469780778263357,46973645615.769028170898211490734,1.003339121471,99990565364.161862,0.4682173436779873
2021-03-18,0.469958677182411,46991433176.102589093263595057405,1.003298795461,99990563974.336855,0.46841347693084034
2021-03-19,0.467752450141157,46770830723.60710088906039734202,0.998678118763,99990562763.47186,0.46837158174701243
2021-03-20,0.526275434835338,52622573573.979958972274057706548,1.115073758196,99990556447.774546,0.4719646848175876
2021-03-21,0.519536926429979,51948785689.944072344444187812278,1.099963266264,99990555140.926082,0.4723220696219922
2021-03-22,0.550966306743378,55091425910.762105475832964824524,1.160433090438,99990553390.448758,0.47479368804919064
2021-03-23,0.553441756311318,55338946499.708051065049686028808,1.163711060319,99990551613.852556,0.4755834804557129
2021-03-24,0.484087447439989,48404170289.722515232956764179228,1.022917703423,99990550355.518252,0.47324183149835247
2021-03-25,0.511971284622831,51192289912.972266266324818094811,1.078914591452,99990549178.330581,0.47452438652611195
2021-03-26,0.564454565597334,56440121209.201967298659314189122,1.181004629771,99990547776.815683,0.47794441390698295
2021-03-27,0.550130934392318,55007892878.320637173287094020176,1.151958709461,99990546685.187032,0.47756133086551655
2021-03-28,0.54705842631153,54700670338.4031109092359405955,1.145742626997,99990545264.45235,0.4774706058946016
2021-03-29,0.565163844582865,56511040273.05820589949272316069,1.182357680368,99990544007.229906,0.47799735559459633
2021-03-30,0.562960542146921,56290729668.508932345966348391453,1.13463374136,99990541883.871893,0.49616058612195213
2021-03-31,0.569782295366818,56972839552.900324434841146671418,1.146250739727,99990540275.074701,0.4970834701511483
2021-04-01,0.569471115262451,56941722945.585874346818588303527,1.149239937617,99990537569.834877,0.4955197749595047
2021-04-02,0.603695241323913,60363810365.373879729478294694505,1.213285671858,99990535345.276385,0.49757056835545316
2021-04-03,0.582311833841113,58225670590.936922457597682529535,1.171934912438,99990532919.212695,0.49688069504621024
2021-04-04,0.629454631911133,62939503250.486624126895688171643,1.261734570189,99990531580.316471,0.4988803879859174
2021-04-05,0.898790839864501,89870570344.620887915699009305415,1.718010254071,99990527671.787915,0.5231580182567157
2021-04-06,1.0794471796162,107934487826.0998927755522013854,1.936250516806,99990522801.195567,0.5574935527438022
2021-04-07,0.930977280190844,93088901627.623179130616444361756,1.679757856748,99990519219.266649,0.5542330261774813
2021-04-08,1.05082707504346,105072742168.1267319771041099411,1.866413543651,99990516673.527035,0.5630194222593756
2021-04-09,1.02610928740878,102601195100.75503818872045474904,1.818827791234,99990514031.748468,0.5641596705054781
2021-04-10,1.36645091545611,136632123385.7244743574896523453,2.349699336493,99990509604.30423,0.5815428783733586
2021-04-11,1.35092381924347,135079554665.17722609507833797912,2.301431706635,99990504824.189896,0.5869927903351523
2021-04-12,1.45268873032026,145255067035.45141310358534697914,2.437439244916,99990496245.832689,0.5959897188618227
2021-04-13,1.77947957418743,177931034589.92027652626585723113,2.87818639977,99990490012.322591,0.6182641868954808
2021-04-14,1.83229160485749,183211725641.74203958646362121703,2.889608219547,99990484678.333547,0.6340968967567292
2021-04-15,1.76025249738315,176008493607.23882040317424495225,2.780988853176,99990480836.640715,0.6329592063531185
2021-04-16,1.57671231068099,157656214845.55935210177032782191,2.515680941426,99990476244.500709,0.6267536891173645
2021-04-17,1.55378116421256,155363305703.34036526453168665576,2.482602821613,99990467951.178221,0.6258677991846618
2021-04-18,1.4187833414939,141864805174.9241970201006654947,2.29157150746,99990464383.059673,0.6191311669198108
2021-04-19,1.3189933668835,131886754639.2811387710815076615,2.117478321184,99990460870.096269,0.6229076131206753
2021-04-20,1.3834406260066,138330859367.0103202290432903162,2.195375656777,99990456233.970957,0.6301612308289913
2021-04-21,1.30273333875008,130260893670.19777479919471089152,2.080760648062,99990450689.761144,0.6260851482189618
2021-04-22,1.17190392819065,117179197937.6312123229976280859,1.885010581229,99990447270.322686,0.6216962068332716
2021-04-23,1.15503132066497,115492093856.7078161808962545234,1.867859616352,99990443367.55922,0.6183715898953849
2021-04-24,1.06088542955669,106078402007.58673820758330343557,1.726320503705,99990441052.539953,0.6145356133347403
2021-04-25,1.03430172522929,103420283441.6937755022187231728,1.687847843925,99990438881.62032,0.6127932259723582
2021-04-26,1.34559330215917,134546459982.55927556449188283617,2.14487934975,99990435272.428101,0.6273515115505252
2021-04-27,1.40371464602557,140358034000.17875970244072489639,2.234186687435,99990432099.275827,0.6282888775230915
2021-04-28,1.36112676640083,136099650416.42821366884910236696,2.167066794521,99990429823.307912,0.6280963604085348
2021-04-29,1.39488091629424,139474739005.21690110413093434128,2.200155922948,99990427409.213847,0.6339918465529625
2021-04-30,1.58983267739894,158968041048.57152978176779935234,2.448021583816,99990422456.690611,0.6494357271640935
2021-05-01,1.6533901606154,165323176837.0150661851527752034,2.435117295159,99990420153.148221,0.6789776262122283
2021-05-02,1.55870153751273,155855218068.37184026062931781634,2.271763816738,99990417868.628658,0.6861195367354921
2021-05-03,1.55941578189719,155926630157.18046584681936351792,2.27319488381,99990414338.041168,0.6860017999352186
2021-05-04,1.4025578059658,140242331271.5252135249239667336,2.05991796335,99990410858.648692,0.6808804189875846
2021-05-05,1.60790228926321,160774805043.66058776151721503462,2.336300200587,99990407450.276422,0.6882258918863343
2021-05-06,1.60962106894127,160946660281.62307683464059041888,2.308986615673,99990403572.118944,0.6971114765306311
2021-05-07,1.57821831962915,157806681742.5341899387477257924,2.255686831864,99990400428.006456,0.6996619820336406
2021-05-08,1.56865643859657,156850580854.42545901264075704816,2.237186599938,99990397511.615088,0.7011737146289195
2021-05-09,1.53451464864456,153436725711.86145728736443720856,2.193578799042,99990394909.160651,0.6995484499187936
2021-05-10,1.39886758237258,139873300583.80891115290938477084,2.016961852441,99990379608.750198,0.6935518292919719
2021-05-11,1.46931601712585,146917462110.07727953613314446035,2.099240172478,99990376745.136571,0.6999275434937156
2021-05-12,1.31198505099279,131185875862.45375033426598017674,1.899563189292,99990373947.618006,0.6906772348446011
2021-05-13,1.34321180181819,134308246357.46005141349339266137,1.953944008174,99990370971.769723,0.6874361784161094
2021-05-14,1.40514729336555,140501195475.3008470945742898834,2.033115825079,99990368368.271388,0.691129976970668
2021-05-15,1.48949797190196,148935446829.92054944313822331324,2.130709987713,99990365639.600619,0.6990618059197793
2021-05-16,1.44703982984694,144690031353.69142501268898205764,2.076274798807,99990358502.430406,0.6969404197741021
2021-05-17,1.49166429308248,149152036577.72177319406783445432,2.125536055615,99990351226.751909,0.7017826346167925
2021-05-18,1.58237754947582,158222482062.39960126405454026758,2.236118893082,99990348140.879869,0.7076446401715515
2021-05-19,1.11141534909602,111130802896.70453043592253553512,1.625642775119,99990343832.387956,0.6836774758308525
2021-05-20,1.17977250505869,117965853128.28751785007160427576,1.730543701099,99990339342.938904,0.6817351704608575
2021-05-21,0.997689075296553,99759266425.148135570863971073677,1.483073778506,99990336564.019909,0.6727170891670624
2021-05-22,0.914971876087478,91488344341.125117371262192519318,1.392138568692,99990334929.571281,0.6572419561273635
2021-05-23,0.795248432252297,79517155487.650456276609904510564,1.222883669751,99990332910.739012,0.6503058728507047
2021-05-24,0.967295882038483,96720235467.732454564930708557317,1.473061536807,99990331049.382599,0.6566568048034085
2021-05-25,0.970891791404862,97079790057.501236870495446571328,1.478446146405,99990329423.867744,0.6566974345096637
2021-05-26,1.02956362897735,102946404788.2508229845494655322,1.562817600423,99990327834.818652,0.6587868147240492
2021-05-27,0.97159028956359,97149630232.30727368830978162648,1.481794120479,99990326453.287272,0.6556850753662842
2021-05-28,0.891914225449375,89182793148.968190767081360034375,1.381472437436,99990324858.912345,0.6456257839676914
2021-05-29,0.832646750046424,83256618051.287230578111856541624,1.295355769354,99990323683.657301,0.6427938715721849
2021-05-30,0.904426949281484,90433942583.336910124607785931,1.405318318535,99990322773.09025,0.6435744395791557
2021-05-31,1.0381628897667,103806241129.5442170691522291632,1.592070191406,99990321511.946896,0.6520836175256007
2021-06-01,1.00997403846321,100987627498.78614969364349880135,1.563406936744,99990320199.170935,0.6460084158041498
2021-06-02,1.02455250020403,102445330830.54583983663667287432,1.58755924811,99990318514.809944,0.6453633156833465
2021-06-03,1.04694146657296,104684009390.45591917021977614368,1.633714766068,99990317255.392258,0.6408349170355624
2021-06-04,0.969585976029056,96949205908.003250071047682947712,1.517472720065,99990313705.917227,0.6389478790679838
2021-06-05,0.919351143790411,91926207931.557662804358777121563,1.449381724165,99990312246.258033,0.6343057377241709
2021-06-06,0.938635569863414,93854461118.219506925344956684284,1.478379644521,99990309478.551706,0.6349083426182691
2021-06-07,0.861755502663664,86167197117.959088238734336403568,1.367870803781,99990306823.244537,0.6299977309857354
2021-06-08,0.875722558265136,87563765087.964260470739507808096,1.390600981609,99990304305.319986,0.6297439523247553
2021-06-09,0.906537351833979,90644944589.823023872811608466694,1.437563536436,99990303109.345586,0.6306068071825623
2021-06-10,0.873860388933299,87377564027.71334657967059549323,1.391749421784,99990301808.24777,0.6278862956617218
2021-06-11,0.845344144428927,84526215225.634943237563263025563,1.350017125263,99990300734.544869,0.6261729044838921
2021-06-12,0.835284765547182,83520374212.435788601865379643548,1.338523077332,99990299904.156514,0.624034639142798
2021-06-13,0.882318868662972,88223327569.941616648280333474904,1.410496092982,99990299089.524682,0.6255379742297745
2021-06-14,0.890541528813137,89045512880.414720071953011754169,1.420702435784,99990298037.071337,0.6268318448554647
2021-06-15,0.869564064009575,86947968999.138663884082584229975,1.389498985017,99990296975.038353,0.6258112264824259
2021-06-16,0.830783790926362,83070317253.269774294636432922168,1.332882848677,99990296104.167564,0.6232984329800522
2021-06-17,0.839968817703363,83988729991.546523853759313686396,1.347082018105,99990295141.179092,0.6235469009414767
2021-06-18,0.795401238901931,79532403824.730007531170758942989,1.283833275547,99990294124.417319,0.6195518172428084
2021-06-19,0.761417722056084,76134381387.342387465918467407668,1.232994333594,99990293346.146377,0.6175354592560548
2021-06-20,0.775211504320661,77513624909.626719772930542196107,1.254666838249,99990292297.782687,0.6178624322314425
2021-06-21,0.614523844562899,61446417807.263430676064598341057,1.012679849072,99990290614.303643,0.6068293401177446
2021-06-22,0.548590224228202,54853694849.12881566999855535625,0.918951760509,99990288609.865625,0.5969739085372036
2021-06-23,0.636213215832741,63615142126.092553170059304327663,1.056103027091,99990287128.547843,0.602415862385291
2021-06-24,0.671617114927846,67155187466.795560807338771527046,1.1120854575,99990286093.305201,0.6039258137928181
2021-06-25,0.615532232979568,61547243535.253010753382779696672,1.023697355343,99990285215.975054,0.6012834064354184
2021-06-26,0.609916645382083,60985738854.414283301308712721133,1.015832945945,99990284436.670351,0.6004103802861949
2021-06-27,0.6467255296401,64666269206.8205611759580699859,1.075065164222,99990283734.132259,0.6015686780327595
2021-06-28,0.642871256413651,64280878771.335014006832165563852,1.069131939781,99990282859.954052,0.6013020774080851
2021-06-29,0.704158143707685,70408971312.366629099500333866165,1.16783352033,99990281929.616209,0.602961065468225
2021-06-30,0.698574780685304,69850688489.0296087530477261618,1.158748717187,99990280812.178575,0.6028699495617801
2021-07-01,0.661130670765,66106640811.27967752929119929,1.10839688949,99990279886.405986,0.5964746716938208
2021-07-02,0.652991452108328,65292797479.565151625695488263432,1.095747952433,99990278997.914669,0.5959321673003587
2021-07-03,0.670493232597187,67042804918.310412816821538511817,1.12402456584,99990278289.039491,0.5965111911020534
2021-07-04,0.69635216326428,69628446016.79439056562460329624,1.165700426889,99990277463.055658,0.5973680262970237
2021-07-05,0.658809973016746,65874591475.427319849084446172828,1.104923659684,99990276670.800918,0.5962493130115079
2021-07-06,0.663214749547522,66315025747.279032653093792491348,1.116626098935,99990275838.289834,0.5939452339328927
2021-07-07,0.653242614838355,65317908744.91241408165476857433,1.10073778964,99990275069.662046,0.5934588791141623
2021-07-08,0.62237234163292,62231181105.88629520392749252812,1.051377254974,99990274218.501061,0.5919591076262258
2021-07-09,0.639150392819041,63908822512.888194098825873128684,1.078451347995,99990273386.223724,0.5926557503102163
2021-07-10,0.625711016337939,62565015162.554248320655947536814,1.056712147776,99990272712.033626,0.5921300494697976
2021-07-11,0.636023001576045,63596112969.96131749719643076877,1.073529259842,99990272069.362506,0.5924598661331818
2021-07-12,0.629989663068319,62992837346.385022886357875779193,1.06397110873,99990271331.727847,0.5921116258695228
2021-07-13,0.619649256495764,61958896820.313858461442582501672,1.049659423178,99990270577.751298,0.5903336289971881
2021-07-14,0.618439427878215,61837925285.35222116110288969391,1.0480508448,99990269859.588474,0.5900853293012058
2021-07-15,0.597682257291484,59762409759.11392680437629510602,1.014216927551,99990269127.176655,0.589304162704807
2021-07-16,0.59054180218278,59048433257.3125619621398543515,1.002482740443,99990268324.876925,0.58907927125191
2021-07-17,0.582908325145894,58285159489.642341437011350872066,0.990361263292,99990267723.581339,0.5885815073262091
2021-07-18,0.585807577646173,58575056143.833046686360340801704,0.995106740526,99990267075.739848,0.5886881816683535
2021-07-19,0.560258418074837,56020388385.709144606175364480313,0.953517902002,99990266238.580949,0.5875698997349941
2021-07-20,0.528786216515053,52873473914.449347041494984498812,0.902373258962,99990264993.876204,0.5859949984813555
2021-07-21,0.569261024763706,56920560038.672817555148235618012,0.962850332412,99990263802.620102,0.5912248306937504
2021-07-22,0.591976919413045,59191927925.662877427421348396695,0.999978955459,99990263107.474971,0.5919893775577726
2021-07-23,0.606525264746197,60646620096.625467936491657899563,1.023281058869,99990261942.350079,0.592725976396524
2021-07-24,0.608381221208468,60832197135.591381255846026359128,1.026229251324,99990261064.857246,0.5928316898232622
2021-07-25,0.605913027317822,60585401328.336860395539481050234,1.022262009558,99990260312.653347,0.59271793498401
2021-07-26,0.625762826190843,62570187290.333024689024126850658,1.053070599715,99990259362.659206,0.5942268508495039
2021-07-27,0.642295323865637,64223275478.791699002153268589456,1.079614818151,99990258518.878288,0.5949300741959644
2021-07-28,0.716201678440572,71613190200.41165133159980942118,1.190192987946,99990257431.872065,0.6017525608822244
2021-07-29,0.751612321396785,75153908752.023227470548460424925,1.242867755723,99990256429.482605,0.6047403820204167
2021-07-30,0.751335482798255,75126226841.93062437048971111334,1.239895673627,99990255434.406468,0.605966694440036
2021-07-31,0.751946266533025,75187298603.90851559405398244315,1.240870770947,99990254557.113806,0.6059827373959009
2021-08-01,0.726978873804026,72690801997.455422496089830660742,1.201108375851,99990253660.453567,0.6052566849256652
2021-08-02,0.741731104537143,74165880667.580773458033936338868,1.22392706822,99990252820.612076,0.6060255743962494
2021-08-03,0.715207677068461,71513795916.931417854508113323018,1.17698170563,99990252076.231538,0.6076625266538307
2021-08-04,0.731772294661524,73170095614.181871848945693515944,1.203866275642,99990251268.020706,0.6078518100121072
2021-08-05,0.73553588745741,73546417615.44510403234619476797,1.209476212681,99990250468.511217,0.6081441534323156
2021-08-06,0.745816489604699,74574376962.076283641443866451624,1.224957927689,99990249614.355576,0.6088506982535743
2021-08-07,0.815197850202178,81511835660.89392570179253417728,1.333510384503,99990248552.14976,0.6113172118310893
2021-08-08,0.785405159746039,78532856380.225737620958523587955,1.284603547864,99990247588.415845,0.6113988717001342
2021-08-09,0.816353807390397,81627418555.156474137749959237251,1.329547835993,99990246650.641983,0.6140086014887057
2021-08-10,0.851348173203167,85126512926.759261923342891760659,1.382913734891,99990245596.550477,0.615619146533583
2021-08-11,1.00798757709761,100788923944.9593130684665409914,1.601356787365,99990244160.71674,0.6294584598827805
2021-08-12,0.960508031233158,96041431266.984318780036486932652,1.530306454128,99990242813.150194,0.6276573091894035
2021-08-13,1.08685936734969,108675330529.40252608835317239519,1.702414432787,99990241418.636951,0.6384223173968321
2021-08-14,1.28784353616564,128771783491.72529491398275670516,1.968720837907,99990239400.605969,0.6541524381561283
2021-08-15,1.28684350022366,128671787382.73172320507024297612,1.953877473544,99990237632.134682,0.6586101317241483
2021-08-16,1.19075074488593,119063448007.78670584276308941215,1.814996156711,99990236007.950255,0.6560624056878
2021-08-17,1.10431176509447,110420392627.66346959109174139377,1.695772235348,99990234748.805191,0.6512146749872026
2021-08-18,1.15969517440606,115958191190.94280310322365803488,1.785952314339,99990233425.202448,0.6493427428577653
2021-08-19,1.22327508027042,122315559130.95615667509741066402,1.870419244772,99990232044.878081,0.6540111708589347
2021-08-20,1.2589762758356,125885325366.882987172577234904,1.909706715319,99990228396.74334,0.659251112087805
2021-08-21,1.2242934481307,122417374056.5127722793803166136,1.858053541038,99990222314.286248,0.658911824169905
2021-08-22,1.22751233190812,122739229215.01337548663278127904,1.860056500195,99990220891.891192,0.6599328202016622
2021-08-23,1.24936398636492,124924178851.742322539381559876,1.881072550114,99990219195.6203,0.6641763956893656
2021-08-24,1.15124441943277,115113180012.12051917724390851823,1.746428535103,99990217601.956299,0.6591992722822021
2021-08-25,1.16954253788248,116942811287.19161684266711408096,1.776126930842,99990216259.190452,0.6584791422131304
2021-08-26,1.09301060508293,109290365216.91262760330883803068,1.667188293591,99990214832.929676,0.6556011755148942
2021-08-27,1.17795525469977,117783997349.86669669742967595785,1.787550071476,99990213448.206705,0.6589774873982238
2021-08-28,1.14484553593367,114473348123.23978216787360034213,1.739838682051,99990212242.808739,0.6580182103918247
2021-08-29,1.14613686454096,114602467049.53001554981418802576,1.741693548565,99990211112.727381,0.6580588562696775
2021-08-30,1.10743301547425,110732459361.335744071129443001,1.68789986313,99990209623.572932,0.6561011347086985
2021-08-31,1.18562612173481,118551002569.45738614590411051353,1.797390717711,99990208039.608113,0.6596373899408583
2021-09-01,1.22907129662889,122895092776.00918141354705208937,1.819616347726,99990206518.602433,0.6754562840484907
2021-09-02,1.25874436244085,125862106759.04262640261988080395,1.855812037835,99990204933.257087,0.6782714718831697
2021-09-03,1.28696257302045,128683648926.84613809116709275145,1.886813261072,99990202997.769181,0.6820826414423532
2021-09-04,1.25137085898277,125124823293.98173403974314080454,1.839933616866,99990200663.370702,0.6801173952755197
2021-09-05,1.30176587056688,130163826335.81597681210288362176,1.906418207517,99990197376.378852,0.6828333182268309
2021-09-06,1.38667956552923,138654358839.42326895638063426587,2.007523603743,99990194047.826369,0.6907413506589836
2021-09-07,1.12789771968181,112778708610.04235204059997533418,1.657680287329,99990191168.981378,0.6804072705112382
2021-09-08,1.10722706902594,110711844291.24480855683693427964,1.633997786263,99990189355.324606,0.6776184633384359
2021-09-09,1.09187468005046,109176753009.48339401455814879564,1.627608252604,99990186606.798034,0.6708461193309734
2021-09-10,1.05199698168797,105189372237.51689347170355252688,1.575410431616,99990184447.807504,0.6677605788155591
2021-09-11,1.07423114578879,107412568496.46606103163429113082,1.610003477101,99990182669.293958,0.6672228731599196
2021-09-12,1.11932436202068,111921445583.242505990384010504,1.674013334252,99990181024.1978,0.6686472198985369
2021-09-13,1.06584996536089,106574529206.91016105061810157528,1.598507210286,99990179359.648152,0.666778328244257
2021-09-14,1.09312326794594,109301589629.1251432462224447647,1.638355601746,99990177534.607755,0.6672075749495381
2021-09-15,1.1192512492436,111914129522.1343444175658547652,1.674465427225,99990176109.043357,0.6684230268632503
2021-09-16,1.08977616631244,108966909272.77896685829536129536,1.631391662819,99990174717.711744,0.6680040061191294
2021-09-17,1.06293897778653,106283452637.19937717449009943731,1.595291078726,99990173338.571727,0.666297826121734
2021-09-18,1.07447667204274,107437107386.39524918998061291548,1.611867095659,99990172129.229502,0.6666037633850005
2021-09-19,1.04703143149722,104692851410.81448364367844393156,1.572433536119,99990170554.008298,0.6658668919523615
2021-09-20,0.917902703083498,91781244049.94731209219240340472,1.385801547127,99990166432.26764,0.6623623021539159
2021-09-21,0.870390775004732,87030513546.108610889645438999788,1.323210384404,99990160793.737109,0.657787140475604
2021-09-22,0.999223946374544,99912561430.260889639918302401952,1.512466180083,99990159155.783658,0.6606587039980685
2021-09-23,0.998121318268959,99802307165.093811211553137510641,1.511754898436,99990156846.044399,0.6602401747145483
2021-09-24,0.944047031689722,94395408362.82711337825582513236,1.436138020314,99990154297.57938,0.6573511865407713
2021-09-25,0.941751984957245,94165924495.70462927622573356173,1.432850081903,99990152396.630954,0.6572578644839685
2021-09-26,0.941385397159063,94129266177.515697815633712542823,1.43204814101,99990149052.217521,0.6573699376440791
2021-09-27,0.927971893578059,92788046398.102947334092195841559,1.414935342839,99990147374.326501,0.6558404935423607
2021-09-28,0.898306436486957,89821791292.580307858243201821708,1.372010975482,99990145505.190844,0.6547370629971627
2021-09-29,0.925010910534148,92491974159.354346335883405555916,1.415144156839,99990144014.566067,0.6536513655261382
2021-09-30,0.95138500938944,95129121416.12211483763906795776,1.453549895857,99990141191.285004,0.6545251814892202
2021-10-01,1.03980872979934,103970620069.83155556885686601816,1.58780931792,99990139619.135124,0.6548700263086186
2021-10-02,1.04135843658919,104125573936.86629890886097838296,1.589706115154,99990138148.698984,0.6550634904542153
2021-10-03,1.05473798916982,105463395908.52380397442374817338,1.605795930723,99990136878.954759,0.6568318981197881
2021-10-04,1.04746121531553,104735788846.82050372806726297525,1.595263816942,99990135496.587925,0.6566068910930569
2021-10-05,1.08037444796068,108026785417.81406465077823191904,1.640219673337,99990133626.101528,0.6586766794246992
2021-10-06,1.08021602007421,108010942340.17502876608161067825,1.632292394337,99990131911.536325,0.6617785047714868
2021-10-07,1.06775757641418,106765218861.21458386648272194412,1.61421988897,99990129987.895934,0.6614697190328227
2021-10-08,1.06061281555955,106050811702.4852716220115508547,1.603968515885,99990128486.742634,0.6612429140944517
2021-10-09,1.16481718769216,116470218488.36897237254854570688,1.749782529195,99990126965.013443,0.6656925465063607
2021-10-10,1.14160832002505,114149558734.7935918639475596641,1.712016835348,99990125100.252282,0.6668207323983448
2021-10-11,1.13006428166771,112995267447.25574455052094361037,1.694264761087,99990123818.886847,0.6669939124170224
2021-10-12,1.10109826561967,110098950192.30771183539689417634,1.652488211918,99990122253.391102,0.6663274555778247
2021-10-13,1.12703383494324,112692249327.50632849109213191968,1.68912426528,99990120822.931432,0.6672296752284331
2021-10-14,1.13250784052242,113239594179.3261648875614379373,1.695705731676,99990119385.919065,0.6678681444351038
2021-10-15,1.14111911372359,114100634683.05706593728995890082,1.694632890002,99990117868.357198,0.6733724575133457
2021-10-16,1.13785133661262,113773887731.16109780570986886784,1.690216938253,99990116520.727232,0.6731983988923326
2021-10-17,1.09155442888905,109144652877.4699943055885821265,1.625308781521,99990115003.75113,0.671598185710625
2021-10-18,1.08249161895144,108238459878.93638637280790761824,1.613792134152,99990113534.349596,0.6707751240343338
2021-10-19,1.09106982523372,109096193810.59589656287037585068,1.625752144453,99990111803.546769,0.6711169528248238
2021-10-20,1.14121393965564,114110100543.42323042100781609116,1.695479865272,99990104027.169369,0.6730920036449735
2021-10-21,1.09146922157689,109136118257.82396782708166621098,1.630010486083,99990101507.535482,0.6696087116591178
2021-10-22,1.08973262971897,108962474052.57000488620400783184,1.627743084561,99990099480.337872,0.6694745872705515
2021-10-23,1.0924605459824,109235236328.920446788979036696,1.631429667181,99990097336.366665,0.6696338603858404
2021-10-24,1.08219184700451,108208466318.95627255345572876171,1.616567816719,99990095673.401721,0.6694379510789321
2021-10-25,1.09462970575975,109452126938.9478236846173186585,1.63412693001,99990093785.167606,0.6698559858829641
2021-10-26,1.10789048322933,110778071110.27147593342826821429,1.648835109193,99990091789.010113,0.671923151716227
2021-10-27,1.00110959095083,100101037087.17030192222688286454,1.50571167798,99990088989.255138,0.6648746938682689
2021-10-28,1.05845799133597,105835305958.3650097516911433483,1.58654833436,99990086356.45639,0.6671451278305636
2021-10-29,1.07992672764604,107981963961.90428561099860925952,1.61549650408,99990083769.180288,0.6684797676247782
2021-10-30,1.07635787558328,107625111391.03551028545013135152,1.610062520012,99990081210.409034,0.6685193041915277
2021-10-31,1.11464817951803,111453759798.47952319058527098159,1.660369182559,99990079243.364253,0.6713255047290796
2021-11-01,1.09316312790826,109305461199.3003736007898551979,1.607748396111,99990073218.489915,0.679934205222984
2021-11-02,1.13277786807999,113266538700.42775539281680363041,1.658450459625,99990070332.508959,0.6830338895598532
2021-11-03,1.20770744303383,120758749055.34226229174334185643,1.740279221727,99990067753.486221,0.6939733739022282
2021-11-04,1.19893752579963,119881840138.80239131979146832754,1.7239458358,99990064168.562358,0.6954612499430767
2021-11-05,1.15923029285606,115911499042.82305465019117622054,1.667902197277,99990053535.648609,0.6950229424414739
2021-11-06,1.15010149746893,114998704063.14966244331513294658,1.655334255215,99990048109.868106,0.6947850525328199
2021-11-07,1.21676509737698,121664391820.73587673427870648974,1.745330063132,99990040873.963063,0.6971547233842357
2021-11-08,1.28515918474664,128503112906.97884935336763551032,1.822154078193,99990035812.032363,0.7052966596661854
2021-11-09,1.26192632703325,126180053253.4258809167184625055,1.791539796495,99990031549.679534,0.7043808513224796
2021-11-10,1.1850564403638,118493824658.267493485316571392,1.690087521492,99990026316.29184,0.7011805159756689
2021-11-11,1.21979039074679,121966868181.54732636537075760658,1.73571212424,99990022143.784702,0.7027607710471506
2021-11-12,1.1894510180951,118933229870.2040419522942828421,1.693887606003,99990018975.875971,0.7022018544086291
2021-11-13,1.19001087698623,118989203019.25058673145060741854,1.693079223362,99990012965.761698,0.7028678047464243
2021-11-14,1.18431843654832,118420012108.73833701986547040992,1.684008162423,99990009826.978506,0.7032735725249027
2021-11-15,1.17497944106876,117486194693.67831651355636689776,1.630855211042,99990000324.442276,0.7204682752419401
2021-11-16,1.09475395389395,109464441173.6242599818816059704,1.525249373993,99989993901.614352,0.7177540752093265
2021-11-17,1.09341125798947,109330180500.65984814203374619199,1.537602812278,99989989769.899317,0.7111142417654347
2021-11-18,1.03806353647784,103795957587.2399628097612726672,1.472088639967,99989985140.42858,0.705163743741077
2021-11-19,1.08898075742381,108887164557.67258092332408820676,1.54149029104,99989980369.594196,0.7064467183177038
2021-11-20,1.0965375194648,109642759762.315367135438573116,1.54835816694,99989975551.251545,0.7081937131070086
2021-11-21,1.06994437491577,106983704875.28160755498244848582,1.514313459655,99989968996.008566,0.7065540942623142
2021-11-22,1.03754781837413,103744369398.44475701004395252246,1.472474143417,99989964376.789342,0.7046288880607529
2021-11-23,1.06587990721663,106577289275.16876926403685182125,1.514676545643,99989959988.529875,0.7037013349699357
2021-11-24,1.03175245672543,103164882678.24720422215363152124,1.492867590259,99989955929.614468,0.6911212109216126
2021-11-25,1.04549716445014,104539207399.43590111990969151202,1.512499936755,99989948279.215443,0.6912378235818023
2021-11-26,0.941500373981298,94140566729.404332452434055269086,1.370640751396,99989940876.300007,0.6869052835488645
2021-11-27,0.942779229439004,94268435998.943725205187831716384,1.376993368809,99989937257.143096,0.6846650469017437
2021-11-28,0.966588986392038,96649168629.96378904592826045045,1.412779922505,99989933664.280275,0.6841752002521236
2021-11-29,0.993296239012067,99319620726.615231390577092823725,1.450688652529,99989929313.936175,0.6847066993185918
2021-11-30,1.00079397053078,100069314950.14466728894283410884,1.462410766236,99989925895.608678,0.684345324608527
2021-12-01,0.990655994357366,99055612499.740932854299546726892,1.44607008647,99989918865.829762,0.6850677595963935
2021-12-02,0.975359665049305,97526129442.15630987313292094072,1.424589154594,99989914425.286704,0.6846603190147669
2021-12-03,0.924851614718191,92475829648.477603617071564279735,1.3553272191,99989909923.718585,0.6823825285028476
2021-12-04,0.845607382934665,84552200568.58728512460069191314,1.246575437499,99989903440.944916,0.6783443323985303
2021-12-05,0.803445859359192,80336470711.0521573557452457496,1.202858090094,99989899475.1513,0.6679473380741072
2021-12-06,0.825211196234448,82512780540.268237676987886611808,1.238293131986,99989894607.326446,0.6664102181613147
2021-12-07,0.815281673078981,81519923427.76446067993917080403,1.224489724037,99989888304.36663,0.6658134054331566
2021-12-08,0.861219452845188,86113214898.381549257821476026472,1.289453303634,99989862762.495194,0.6678950299464568
2021-12-09,0.871569283704,87148087775.405928171587563296,1.305922957795,99989856692.796124,0.6673971680347903
2021-12-10,0.808449818783828,80836776715.612768126966940407768,1.218063332671,99989850745.736606,0.6637173922730593
2021-12-11,0.838882589145765,83879740607.596300166339655353055,1.263254769731,99989845650.523187,0.6640644541753034
2021-12-12,0.842004259341438,84191871943.283259769698691588296,1.26731781922,99989840917.352092,0.6643986587829002
2021-12-13,0.784445339358419,78436560223.584499642755679394612,1.185627018181,99989835222.599548,0.661629102010447
2021-12-14,0.811196724334194,81111421757.552112128964091789206,1.225454258387,99989829007.416099,0.6619559390180169
2021-12-15,0.826025254322825,82594119172.99500477038012339855,1.246856053677,99989823241.791334,0.6624864609566296
2021-12-16,0.80730667026841,80722447263.9480352964761492537,1.234716249806,99989818289.38657,0.6538398359908643
2021-12-17,0.799587925418363,79950647001.699075422129266892152,1.229508674907,99989812827.484904,0.6503312597439328
2021-12-18,0.827074606099088,82699030399.072225509037085129728,1.274246293914,99989807194.206656,0.6490696579219621
2021-12-19,0.837618555614956,83753312875.50408940684315249972,1.289884018286,99989801221.64887,0.6493750939933227
2021-12-20,0.878936277040211,87884658041.538918607912871234176,1.348491162598,99989794866.002816,0.6517923894635351
2021-12-21,0.948940688171896,94884378268.097642786424230544792,1.40905457108,99989788035.002877,0.6734591460461038
2021-12-22,0.955076298897767,95497869566.211115724536290494577,1.409873127743,99989780582.371431,0.6774200317064728
2021-12-23,0.992922382849634,99282085321.048153474003822905032,1.444775337546,99989774665.078948,0.6872503683071906
2021-12-24,0.908946582160244,90885358465.021763867419968468464,1.331358359516,99989768649.571756,0.6827212039970072
2021-12-25,0.926684125526471,92658929072.300565873653336349261,1.360517529986,99989766221.212491,0.6811261928657448
2021-12-26,0.920573106568082,92047887295.482523901092230421414,1.35227045865,99989763592.637627,0.6807610864228368
2021-12-27,0.928375271540669,92828021350.701019382921391623359,1.362718258987,99989760818.004011,0.6812672138339092
2021-12-28,0.856453544435381,85636583130.328787446677654452463,1.264146205972,99989758565.112723,0.6774956412394207
2021-12-29,0.81709369232697,81700998202.58443631779795228107,1.215314892716,99989755115.978531,0.6723308479343321
2021-12-30,0.838507410062175,83842148497.788260132678848608375,1.246941063233,99989752614.793705,0.672451517386186
2021-12-31,0.830969097308865,83088392694.277269449630290668435,1.239883417743,99989750477.320019,0.6701993795686896
2022-01-01,0.8478111437456,84772423287.016174817306395512,1.264840850829,99989748792.985395,0.670290766771115
2022-01-02,0.859585303260477,85949716924.476454387613140620198,1.281576358982,99989746914.543774,0.6707249999081406
2022-01-03,0.832932374272168,83284695411.528550208224841671936,1.24843474564,99989744646.801952,0.6671813462266079
2022-01-04,0.825402184203407,82531751875.806911996324232169073,1.241092257693,99989742522.256639,0.6650611016925551
2022-01-05,0.772380769930423,77230152754.925377154440739664027,1.166070297481,99989740503.097149,0.6623792507183799
2022-01-06,0.781153502404887,78107334505.435842263172469815651,1.182036294062,99989738591.674773,0.6608540755719926
2022-01-07,0.761877086614012,76179888827.341252257798656311068,1.156175906738,99989736094.972089,0.6589629503381965
2022-01-08,0.748361650878677,74828482512.9989213900573550206,1.136825320239,99989734141.4278,0.6582908011948093
2022-01-09,0.75386118716923,75378378435.07604249749565503147,1.145426554141,99989732483.939089,0.6581488655416933
2022-01-10,0.738512492765822,73843665290.815000809755632445526,1.126316863523,99989730727.859733,0.6556880365404749
2022-01-11,0.771408313655702,77132908119.940269437802980221924,1.174455490452,99989728856.314262,0.656822093239837
2022-01-12,0.799508232221198,79942609869.465856201850655055088,1.214534048856,99989726994.266056,0.658283917996597
2022-01-13,0.769482351665161,76940328840.676953939197610965471,1.170733971911,99989725136.876711,0.6572649040064396
2022-01-14,0.774038359666798,77395881407.563762632888594814898,1.177784783388,99989723301.155951,0.6571984717277546
2022-01-15,0.781514914480014,78143458658.780784346865522123532,1.188751572186,99989721515.134538,0.6574249260868552
2022-01-16,0.779704782054184,77962462335.059089640413552583032,1.186100277178,99989719352.062723,0.6573683499250816
2022-01-17,0.762387621620542,76230922337.040578049040748054872,1.161219020841,99989716746.716116,0.6565407627136448
2022-01-18,0.752955582176912,75287814132.116973421745966137344,1.148498676197,99989715083.123712,0.6555998694488341
2022-01-19,0.740712653916548,74063646060.335529692609421991784,1.131196383401,99989713512.684058,0.6548046517701528
2022-01-20,0.721357785724969,72128356958.483238054613111815787,1.103962863694,99989711604.753523,0.6534257713264141
2022-01-21,0.637055690826828,63699012963.21285165093680540238,0.985283584146,99989708718.461585,0.6465708970265648
2022-01-22,0.59429457685865,59423339922.942400907546829052,0.923983357375,99989705840.90648,0.6431875337527909
2022-01-23,0.628556602244306,62849188182.752027933052249822954,0.975664472427,99989703327.185709,0.644234385905996
2022-01-24,0.612243978400354,61218092195.021570231198660214192,0.951961577685,99989700764.341848,0.6431393795212005
2022-01-25,0.619702256279479,61963841325.959710433423242824306,0.965555076187,99989697791.280414,0.6418093297450188
2022-01-26,0.621178983032337,62111496818.578874568107449224591,0.968160289456,99989694621.309343,0.6416075827499303
2022-01-27,0.606818263358263,60675571262.584564431291853176118,0.946743807452,99989692015.518586,0.6409529786008437
2022-01-28,0.611544171804475,61148112142.601273945725285031225,0.956694952774,99989689971.490331,0.6392258786682865
2022-01-29,0.61587349309227,61580998524.11119349790097934715,0.972489212715,99989688166.178545,0.6332959636363178
2022-01-30,0.604034837297935,60397254032.786906263680003304485,0.955219390684,99989686526.965131,0.6323519425892372
2022-01-31,0.617942912853578,61787917086.732123206056913497358,0.976896840733,99989684809.886011,0.6325569774490352
2022-02-01,0.629350136567746,62928520620.277137288575995957118,1.000251645245,99989682950.522783,0.6291918034422167
2022-02-02,0.601250116889792,60118807430.406784409322847835264,0.959859062958,99989681068.829542,0.6263941656569018
2022-02-03,0.606465176798933,60640258247.679350837900912159477,0.970169999133,99989678826.660769,0.6251122765504039
2022-02-04,0.650766398471868,65069921925.509399433816596163072,1.038594892721,99989676907.576704,0.6265834764187356
2022-02-05,0.668335419638527,66826641485.192328865591021282826,1.065022386151,99989675126.504438,0.6275318043350215
2022-02-06,0.682793419880574,68272290967.84060686959904735897,1.087216709235,99989673274.505155,0.6280196156670632
2022-02-07,0.825156792474263,82507155525.792289815952004635642,1.296742245786,99989670179.398934,0.636330616323915
2022-02-08,0.879477624719273,87938674332.038189247719496943005,1.352099159922,99989666434.217685,0.6504534954152389
2022-02-09,0.88016780465444,88007682407.37533306372117953388,1.348999750869,99989663268.730627,0.6524595753909167
2022-02-10,0.834418462366779,83433218165.576635331591037544536,1.283014091859,99989659779.246984,0.6503579872281554
2022-02-11,0.759246520806103,75916798894.116991713244603763095,1.176132298882,99989656605.228865,0.6455451665835744
2022-02-12,0.819350116412983,81926534338.653449157437246311774,1.267577150981,99989653626.117778,0.6463907272065244
2022-02-13,0.809239441998098,80915569152.52264243800355056624,1.251794444773,99989650717.88088,0.6464635191322049
2022-02-14,0.803148747589019,80306560815.90076673315212852346,1.243075832606,99989648314.80334,0.6460979503601866
2022-02-15,0.845555662809429,84546810990.455068867961736510123,1.303617178387,99989645518.476287,0.6486226760648071
2022-02-16,0.840878704340675,84079161276.924027211986789926125,1.29580589332,99989642790.216335,0.6489233523905725
2022-02-17,0.770245582606218,77016578759.593896819562472143908,1.192553518847,99989640315.753706,0.6458792586104788
2022-02-18,0.78829775000396,78821606173.13294539736395043556,1.218695669741,99989637383.510211,0.6468372454063868
2022-02-19,0.822347155066603,82226191585.333528635657787250035,1.267752946693,99989634643.624345,0.6486651497925827
2022-02-20,0.780478945141246,78039802555.886711482509107582392,1.206867075947,99989632060.815652,0.6466983487214801
2022-02-21,0.707164628574502,70709128715.091311574758880429962,1.10185947954,99989628804.860231,0.6417920267561942
2022-02-22,0.720570812295873,72049606183.000024785214972530567,1.123460554506,99989626215.134279,0.641385057451098
2022-02-23,0.699035111832507,69896257697.808489629556923725422,1.090921475387,99989623574.954346,0.6407749114889567
2022-02-24,0.693640371271514,69356837608.24079113646316932453,1.087092278867,99989620674.907645,0.6380694488920909
2022-02-25,0.758562449094698,75848369832.996809348529439528128,1.182880508339,99989618420.365536,0.6412840889227863
2022-02-26,0.749078500632138,74900071687.095920170000895598702,1.172701052588,99989616073.467179,0.6387633907030427
2022-02-27,0.718361652474433,71828704323.533954662183354299956,1.126485357309,99989613972.455732,0.6377017222758122
2022-02-28,0.782051241912373,78196999303.804595893443351478151,1.221585966406,99989610799.142987,0.640193374366626
2022-03-01,0.785533010042834,78545137838.902793933141513714892,1.218069316652,99989608119.230838,0.644900088446493
2022-03-02,0.769088300817798,76900835118.134687658315715871928,1.193698258528,99989604621.944436,0.6442903768379401
2022-03-03,0.75386818487601,75378979726.44921465109676122662,1.170830318154,99989601947.251462,0.6438748409458708
2022-03-04,0.711915155456604,71184111271.129101575999812857912,1.109241563027,99989599498.655778,0.6418035342219459
2022-03-05,0.754303146495019,75422467321.524097233804074580235,1.173797870405,99989596585.916065,0.6426175796645114
2022-03-06,0.726147958843631,72607236980.267994716814261808435,1.131544870789,99989590407.845885,0.6417314748970625
2022-03-07,0.723952843042659,72387746217.120106839424598305071,1.129145388613,99989587599.222469,0.6411511310619933
2022-03-08,0.721211733188703,72113661690.109951393698235204014,1.125899676627,99989584710.821138,0.640564828430654
2022-03-09,0.766083230442727,76600341540.823082331799853240748,1.193040639393,99989581414.743924,0.6421266846639004
2022-03-10,0.738321033526404,73824408926.800365040676645076432,1.151506760776,99989578482.136308,0.6411782011847241
2022-03-11,0.80142730627073,80134376353.44054407356681229614,1.246058346366,99989575756.195118,0.6431699676086675
2022-03-12,0.786326252444288,78624425637.76009345576335405824,1.221735729318,99989572258.78798,0.6436140268102274
2022-03-13,0.760303079369022,76022377347.362543267899408437072,1.183295147123,99989569173.458776,0.6425303790162429
2022-03-14,0.774606879700845,77452606462.77582097810651134396,1.204138458123,99989566956.451768,0.6432872187375323
2022-03-15,0.766531753642709,76645176057.576149392882454285022,1.192090885045,99989564285.293158,0.6430145245291204
2022-03-16,0.791896180047399,79181351573.762178033350518775034,1.229646616847,99989561218.773366,0.6440030568115096
2022-03-17,0.793633410939628,79355053996.63358762617724460864,1.229547426095,99989558028.66288,0.6454679129053039
2022-03-18,0.798280807764198,79819742416.246616263420399434492,1.23630458149,99989554602.726154,0.6456991421985238
2022-03-19,0.818984096825819,81889851873.341492453659534154389,1.267121036522,99989550701.566031,0.6463345435995369
2022-03-20,0.806151715832205,80606745577.187183731127915889495,1.24361539938,99989547865.658739,0.6482323363268974
2022-03-21,0.83661751159164,83653004399.8296882462030667026,1.287262532905,99989545091.737715,0.649919880526331
2022-03-22,0.836757261843164,83666975181.10758274716884811542,1.28418242868,99989541766.043905,0.6515875339481632
2022-03-23,0.836727573833003,83664004229.337297470912520314718,1.284858959786,99989538824.538906,0.6512213402569604
2022-03-24,0.843454522537687,84336625635.274041496356776236021,1.294150315158,99989535157.784083,0.6517438605535644
2022-03-25,0.824696280650921,82460995706.947423546407014109081,1.266208526735,99989532682.094961,0.6513115835489224
2022-03-26,0.832557600350317,83247043740.318203772166119084937,1.277678601047,99989530700.686861,0.6516173939737847
2022-03-27,0.856377057660822,85628738159.051415679077695097498,1.312611644485,99989528436.159559,0.6524222615721343
2022-03-28,0.872404977310021,87231358244.481618608040268016207,1.332897133661,99989523802.868867,0.6545178583390235
2022-03-29,0.857279944096744,85719010700.731590145319916472416,1.310653546849,99989520682.240764,0.6540858537008262
2022-03-30,0.861483379874301,86139307803.476185514694116232948,1.314002663216,99989517866.316548,0.6556176817525122
2022-03-31,0.815361565813986,81527607637.851926163963054784554,1.247541069896,99989515150.204389,0.6535749287051189
2022-04-01,0.826628462027144,82654176976.368865994162400308168,1.262241964113,99989512547.965897,0.6548890668581365
2022-04-02,0.826584262133588,82649755625.941922954645268220516,1.261706706488,99989510340.549557,0.6551318605846291
2022-04-03,0.84299352412977,84290508127.31101636830847731774,1.285720848032,99989508477.333662,0.6556582833825131
2022-04-04,0.827676676450606,82758982412.787867848247031581518,1.263125014502,99989506491.459953,0.6552610920914476
2022-04-05,0.818897189847781,81881123583.763483581411779569369,1.250651019005,99989503687.250149,0.6547767341998281
2022-04-06,0.765866279691774,76578587344.898699978311179350886,1.174750755842,99989501268.704589,0.6519393802329082
2022-04-07,0.788425025707753,78834223663.202769232659615339976,1.208054253992,99989499435.833992,0.6526404117219177
2022-04-08,0.752200101620273,75212110280.116291803518283318191,1.155849907602,99989497632.486367,0.6507766247789346
2022-04-09,0.761130127251944,76105017712.204808348766349594848,1.169058369281,99989495865.814092,0.6510625536345616
2022-04-10,0.756942966289419,75686344313.443241457416703133404,1.162865919536,99989494168.183316,0.6509288419007497
2022-04-11,0.69690086683204,69682763816.59620640876651926668,1.080198171606,99989492240.638067,0.6451601985179375
2022-04-12,0.717282498332812,71720711334.786818262085071309108,1.111552027416,99989490195.966159,0.6452981782600519
2022-04-13,0.723962865204156,72388676461.393523817507196251168,1.121706658381,99989488329.598328,0.6454119352817945
2022-04-14,0.726577435328269,72650104826.448849319578341221356,1.125705490816,99989486727.764124,0.6454418506936379
2022-04-15,0.782573484338018,78249119494.846928449424024534682,1.208113402428,99989484771.565149,0.6477649223700728
2022-04-16,0.781931955464926,78184972116.127383297042815461192,1.207097319693,99989483189.288092,0.6477787190048555
2022-04-17,0.75325317031346,75317394021.90331848099236324402,1.163886082589,99989481611.555137,0.647188055241532
2022-04-18,0.767769603384403,76768883356.156926226580092198262,1.185632130119,99989479940.013554,0.64756140111296
2022-04-19,0.774863323981349,77478178700.172879638802524919235,1.196117322578,99989477243.651015,0.647815485450274
2022-04-20,0.752008289736347,75192914416.09396476026520090108,1.161416538026,99989475438.43764,0.6474923208984925
2022-04-21,0.730485952531231,73040905964.055740706865083005493,1.130631282014,99989473734.517803,0.6460868049131031
2022-04-22,0.7187586892062,71868301921.631673399829263252,1.114073405373,99989472128.68246,0.645162774499185
2022-04-23,0.708668501551161,70859388518.728804016156365554495,1.099954609438,99989470907.242295,0.6442706775993613
2022-04-24,0.699038886474654,69896527087.023218882858575991556,1.085860496965,99989469025.851614,0.6437649112648268
2022-04-25,0.695196712068731,69512348379.897041338322587459043,1.080609189014,99989466539.687353,0.6433377757069253
2022-04-26,0.639198686000525,63913134441.2142527819361963041,0.997191117285,99989464686.042484,0.6409991775105637
2022-04-27,0.651427938568759,65135929633.172208603899313159249,1.018356050449,99989462804.253111,0.6396858331440561
2022-04-28,0.644120046968235,64405216050.183991528434563944455,1.008143380465,99989460587.864853,0.6389171019216915
2022-04-29,0.610936260662926,61087185769.990290131614133354306,0.961825105431,99989458317.148631,0.6351843565043579
2022-04-30,0.584691660929242,58463001126.091414798045457019624,0.921720080928,99989456037.695172,0.6343484025438252
2022-05-01,0.607360496381212,60729644793.537293947554512224376,0.961849275487,99989454624.358898,0.6314508019707094
2022-05-02,0.614148640851718,61408386614.481894368165027946682,0.972833105413,99989452926.768799,0.6312990763107218
2022-05-03,0.603727660277337,60366397498.688366807698985472198,0.95737266109,99989451321.408054,0.6306088368869583
2022-05-04,0.645858371628011,64579023268.071265888362171738973,1.021464588603,99989449862.339543,0.6322865998823468
2022-05-05,0.597740275573734,59767720351.983387321718170561,0.949450499312,99989448250.9415,0.6295644438618699
2022-05-06,0.602881379627908,60281775487.791076180542397747816,0.958563825631,99989446555.799002,0.6289423442732627
2022-05-07,0.581730508015006,58166910637.969719818192962414392,0.925992149072,99989445003.405732,0.6282240174476618
2022-05-08,0.566465543650057,56640574433.201426168930749534086,0.902611533493,99989443432.400598,0.62758509350961
2022-05-09,0.493806270011378,49375413132.300337092780187130356,0.795021003349,99989441468.944202,0.6211235526246919
2022-05-10,0.512688751300628,51263460419.90506171720291823406,0.82935806058,99989438601.599895,0.6181754005526712
2022-05-11,0.410706656405358,41066326816.780159290905854843644,0.687431774849,99989435711.138418,0.5974507892009692
2022-05-12,0.383575642359589,38353510800.356606845740579496753,0.647925865782,99989432499.995677,0.5920054478711708
2022-05-13,0.423077930970936,42303321185.356895217119977273296,0.713967486192,99989430051.984886,0.592573106133242
2022-05-14,0.426422684018003,42637760176.876468223689791477435,0.719699786321,99989427802.289145,0.5925007789675935
2022-05-15,0.445584221413042,44553710717.491212026750325957462,0.751347529719,99989426412.367011,0.5930467643644056
2022-05-16,0.422286130971795,42224147393.412539984640330512235,0.713613905328,99989424933.855433,0.5917571502165427
2022-05-17,0.437547082728701,43750080482.5545068618639018907,0.740401393613,99989423331.8007,0.5909592911401275
2022-05-18,0.407124866445337,40708180075.833050660612148372513,0.690870342071,99989421995.423049,0.5892927249198624
2022-05-19,0.418953551939712,41890922977.22432836358220700416,0.715534538484,99989420744.31318,0.5855112917782377
2022-05-20,0.411306740840214,41126321910.207470120714204837856,0.702889455739,99989418666.455504,0.5851656152784035
2022-05-21,0.414533350866729,41448948275.585415113344727706963,0.708500716594,99989417471.288347,0.5850852951278999
2022-05-22,0.42239216447683,42234744785.79022067831837565571,0.721718962093,99989413482.851137,0.5852585101157436
2022-05-23,0.404297087126991,40425428062.953778834082727613608,0.692742199698,99989412118.262488,0.5836183897895116
2022-05-24,0.408715940810164,40867266087.23833855696058449774,0.700683542774,99989410753.665535,0.5833103189380775
2022-05-25,0.406025001819042,40598199698.884678891875337008744,0.698300875796,99989408329.535732,0.5814470751682935
2022-05-26,0.393737305462633,39369559672.168408413069570692483,0.678012542878,99989406962.365451,0.5807227456166415
2022-05-27,0.38135721069882,38131680845.59544959610131987578,0.658165913216,99989405669.610529,0.5794241285383377
2022-05-28,0.386256266993373,38621532733.823902340701301512539,0.666835173118,99989400908.507543,0.5792379924821737
2022-05-29,0.388552623221528,38851143619.390671900689230744192,0.670835933026,99989399884.298864,0.5792066347263909
2022-05-30,0.418000325796318,41795601245.073794621581117026744,0.720652399762,99989398729.415908,0.5800304362191331
2022-05-31,0.423001985537447,42295713503.416481008773771930144,0.728875770598,99989397093.910752,0.580348534826996
2022-06-01,0.398326317176333,39828407680.667296042778551734609,0.696019360549,99989395536.313173,0.572292007598962
2022-06-02,0.405366089548913,40532309753.268798846178414173669,0.708297684888,99989394274.130613,0.5723103409733885
2022-06-03,0.389647208209367,38960587946.226182821552237961534,0.68186538958,99989393290.588402,0.5714430064405719
2022-06-04,0.391728339376964,39168678616.210986641082826669584,0.685534014423,99989392338.853956,0.5714207189364247
2022-06-05,0.39522631636973,39518438792.60650917306458009683,0.691559567694,99989391282.430271,0.5715000338837175
2022-06-06,0.402062814464376,40202014585.786141233751427771664,0.703369927303,99989387577.020414,0.5716235495112006
2022-06-07,0.407260273008411,40721704521.53777730408474652599,0.712122652072,99989385708.37909,0.5718962482424088
2022-06-08,0.401094808080486,40105222950.690255119132838890202,0.701832522144,99989384411.683807,0.571496468780326
2022-06-09,0.399435105537607,39939269757.575511898261087613801,0.699116124701,99989383015.848143,0.5713430021492331
2022-06-10,0.381877152087084,38183660341.933248747164207780412,0.670327781936,99989381750.772493,0.5696871924122996
2022-06-11,0.359262806544676,35922465216.848141730927900693772,0.631484847317,99989379814.581547,0.5689175410480264
2022-06-12,0.345704330832928,34566761162.534615482480792176896,0.608200348262,99989378435.759432,0.5684053483705106
2022-06-13,0.308198674745106,30816593169.749274619243434893034,0.547376896742,99989375993.378189,0.5630465527126038
2022-06-14,0.320601992537627,32056792605.498900196739960868164,0.571494070439,99989374213.688332,0.5609891845270638
2022-06-15,0.342640645334693,34260423188.327042456103442375851,0.60997556612,99989372699.381007,0.561728476296517
2022-06-16,0.310011088627412,30997813924.045733923696628950428,0.553557751128,99989371545.675819,0.5600338681839317
2022-06-17,0.321540663430436,32150648477.61015641726002529418,0.574221527201,99989370347.759505,0.5599592634531868
2022-06-18,0.307770711460541,30773799238.428479220880234141023,0.550112782088,99989369009.123403,0.5594683880864776
2022-06-19,0.325040123069024,32500556385.65594864674774886,0.580539989187,99989367708.780625,0.5598927362854311
2022-06-20,0.32271492592051,32268060951.00058737220276470103,0.575877006022,99989366339.221453,0.560388629075045
2022-06-21,0.32852621247072,32849127261.35285204776173488736,0.585993597789,99989364666.846913,0.5606310610052316
2022-06-22,0.323222533148098,32318815244.903862403696779237126,0.577663790587,99989363149.058787,0.5595340030221585
2022-06-23,0.3355732501756,33553755028.4276783929910025556,0.599620092662,99989361520.531051,0.5596431044960986
2022-06-24,0.368884044796322,36884479976.396234448800331307708,0.655883262887,99989361146.703614,0.5624233238893852
2022-06-25,0.367303102794525,36726402070.987438543568623443675,0.65277520337,99989359718.348887,0.562679312722505
2022-06-26,0.359213700334305,35917547540.543169899039265671085,0.64057078095,99989358721.886797,0.5607712855737382
2022-06-27,0.353115333616548,35307775132.085607297922653684564,0.631281402114,99989356934.657293,0.559362801492417
2022-06-28,0.337405424553829,33736950900.959672895701854882713,0.60381308322,99989355374.389797,0.5587911788107031
2022-06-29,0.328259930245992,32822498262.686772252022772833152,0.587106780984,99989353674.967856,0.5591145271662904
2022-06-30,0.327807216486286,32777231026.913281195415919193414,0.590685647178,99989351601.978949,0.5549605243540022
2022-07-01,0.314596165247155,31456266096.9896082267895051428,0.574863697441,99989350068.13176,0.5472534909537282
2022-07-02,0.31540616951294,31537257489.83168977853524276042,0.576924964972,99989348776.951643,0.546702238008105
2022-07-03,0.321669414814056,32163514827.910055021087064629184,0.588097461487,99989347282.216664,0.5469661678197305
2022-07-04,0.328150375972773,32811541442.728394943287536641351,0.599561134523,99989345876.753787,0.5473176246386342
2022-07-05,0.324889843442104,32485522506.271235927915008254568,0.593683966457,99989344579.373467,0.5472437555977613
2022-07-06,0.33226959990318,33223419104.55086082753830551026,0.606008505094,99989343335.146607,0.5482919746343174
2022-07-07,0.34226133784123,34222485994.14766153296047844881,0.623394648591,99989342091.635747,0.5490283540527834
2022-07-08,0.343341024187937,34330442698.009448984151715534192,0.625187630106,99989340857.845616,0.5491807701469139
2022-07-09,0.344449582587388,34441286426.202640422735450663132,0.627098037818,99989340000.041289,0.5492754909358465
2022-07-10,0.324882143415606,32484750714.997174401549263885832,0.592154321392,99989338821.373772,0.5486443848824627
2022-07-11,0.313559267581795,31352583426.654189793550233931535,0.572152017255,99989337481.391973,0.5480348895493732
2022-07-12,0.31121699185585,31118380459.0192246515973558772,0.568143926154,99989336293.799432,0.547778436993256
2022-07-13,0.323748427386827,32371389982.505125402504272799633,0.591009385405,99989335064.248979,0.5477889782832679
2022-07-14,0.33221992441778,33218448964.51506188794851401812,0.606630597273,99989333941.156154,0.5476478204548462
2022-07-15,0.334538523350451,33450283768.979584387784421972153,0.610697187187,99989332869.560803,0.5477977144309538
2022-07-16,0.350652255399642,35061484670.054195745367208758854,0.639617834675,99989331681.595087,0.5482215103927082
2022-07-17,0.344592931490261,34455616580.37504797146326619751,0.628636119624,99989330690.46091,0.5481596121081445
2022-07-18,0.364565623661629,36452672175.859591052461643375741,0.663969995134,99989329245.406529,0.549069425325543
2022-07-19,0.373192719727992,37315289334.59920941920257478388,0.6786171384,99989328199.642015,0.549931174163803
2022-07-20,0.361081586684083,36104304801.614235610370358687282,0.65535880739,99989326880.859654,0.5509677791958102
2022-07-21,0.366649718715772,36661056689.393944108880559729368,0.665224955577,99989321736.841994,0.551166512383392
2022-07-22,0.358379931233803,35834164708.307931159690017364261,0.651371228461,99989317440.127887,0.5501930628415229
2022-07-23,0.359393383218302,35935498632.731052923578782898234,0.653218929294,99989316194.236067,0.5501882555772456
2022-07-24,0.359547192431688,35950877223.042249224534961258192,0.652994397969,99989314281.386634,0.5506129815967533
2022-07-25,0.340269220120809,34023285654.549162140851602197697,0.619351895151,99989313292.779033,0.5493956227224432
2022-07-26,0.336736434018849,33670044491.821675103625848450754,0.613419844281,99989312382.921346,0.5489493650365087
2022-07-27,0.358862504535335,35882414690.10722243737192079642,0.65275564005,99989311328.495452,0.5497654597175855
2022-07-28,0.372805090948153,37276523908.740738054422859910157,0.67739689554,99989310269.169269,0.5503495711343115
2022-07-29,0.370706946461607,37066731405.719046609019162096593,0.673633367,99989308966.342599,0.5503096559966083
2022-07-30,0.38695475907197,38691338477.56820158291297912417,0.701474088837,99989307717.422261,0.5516308659575961
2022-07-31,0.38036149736809,38032082422.39652662888226934718,0.689879960638,99989306713.637902,0.5513444643562806
2022-08-01,0.379900027294803,37985939917.051781696242445801235,0.692616933094,99989305574.791745,0.5484994794997945
2022-08-02,0.373077645743884,37303774202.737405484641030165012,0.68030504579,99989304179.179543,0.5483975873068087
2022-08-03,0.369030466590511,36899099000.219363844222978521962,0.672996131555,99989302620.815542,0.5483396549959995
2022-08-04,0.370983600741664,37094390636.931246383642620789216,0.676489530812,99989300235.300919,0.5483951840265245
2022-08-05,0.375834510834135,37579429164.525672384552425465175,0.685073185705,99989298697.240705,0.548604906273435
2022-08-06,0.371652865658236,37161309010.92216059439557611444,0.677684488193,99989297661.15379,0.5484157777452208
2022-08-07,0.372018953738821,37197913332.618440438750085683249,0.678374649447,99989296133.372669,0.5483974880872757
2022-08-08,0.378560835681576,37852030623.115527625646422364784,0.691324170341,99989293807.863734,0.5475880229890536
2022-08-09,0.368363277927428,36832383274.64625817605918206972,0.673204477782,99989291771.64799,0.5471788885615716
2022-08-10,0.380703828104714,38066305735.275933221169502993808,0.695264390264,99989290690.309672,0.5475669880923375
2022-08-11,0.379858780402463,37981808103.876676217246709671318,0.693779439743,99989285659.356586,0.5475209535514282
2022-08-12,0.379606990252999,37956626578.96015604806098962909,0.693149227933,99989271940.60091,0.5476555046955804
2022-08-13,0.377705285624085,37766474385.95859371949361780239,0.689794226144,99989266296.755134,0.5475622603214368
2022-08-14,0.37623290616097,37619251872.58928627887561509137,0.68718650039,99989265310.286321,0.5474975220663474
2022-08-15,0.374667229187372,37462700566.42022985506133733514,0.684462206793,99989264200.325995,0.5473892137052376
2022-08-16,0.376909898000428,37686941602.384232731516957233896,0.688494261879,99989259508.227182,0.5474408704174042
2022-08-17,0.379633104588976,37959232286.875322828595977504704,0.706239675416,99989257596.418804,0.5375414576720838
2022-08-18,0.37113502051378,37109514867.3527442008829623692,0.690415451927,99989256783.09814,0.5375531782753631
2022-08-19,0.334842205419004,33480622875.732474881287221454924,0.624639750772,99989255637.103981,0.536056510981199
2022-08-20,0.337070266496633,33703404701.298196302800619051226,0.628775532936,99989254619.214122,0.5360740818312689
2022-08-21,0.345378472896356,34534135764.658582649691151272324,0.644065302208,99989253745.475529,0.5362476005341715
2022-08-22,0.34305205902108,34301519089.4854720949617186116,0.641453102803,99989252906.29927,0.5348045827855891
2022-08-23,0.347007473577532,34697017602.942542429750321452344,0.648950817757,99989251658.553042,0.5347207586191365
2022-08-24,0.346333731717147,34629650385.942450561523052742969,0.647724966949,99989250871.540027,0.5346925769258117
2022-08-25,0.348813532573091,34877603482.867731716089185015082,0.652275108132,99989249916.957902,0.5347644394587293
2022-08-26,0.33672735736584,33669115374.49329109882510369536,0.630705344587,99989248387.422304,0.5338901283393066
2022-08-27,0.335068655250106,33503262199.314397558582251590768,0.627783619169,99989246007.826328,0.5337327146153286
2022-08-28,0.324768746420562,32473381834.232093985414125215992,0.608915033878,99989245246.463516,0.5333564263509899
2022-08-29,0.332665677984059,33262989645.746912354291837606786,0.623542630949,99989243998.116454,0.5335091162536214
2022-08-30,0.327296651889331,32726144334.906300238879249916334,0.614791272773,99989242621.314714,0.5323703611033188
2022-08-31,0.327224914827107,32718970943.289846691827189385646,0.615551370937,99989241224.425978,0.531596435775947
2022-09-01,0.332782404479535,33274659719.602083578008146991815,0.635863204229,99989240031.013609,0.5233553416305037
2022-09-02,0.330598307097875,33056273013.2826796442256330195,0.631923873512,99989238612.453732,0.5231616037237705
2022-09-03,0.329304144929717,32926870460.908981253331518578326,0.629519378361,99989237815.201278,0.5231040635906785
2022-09-04,0.331307436852384,33127177884.746801099818394865984,0.633550144808,99989237185.481026,0.5229379861522848
2022-09-05,0.332331594740951,33229582382.945720322598662021615,0.63598714566,99989236379.549865,0.5225445152607159
2022-09-06,0.321984955036579,32195029440.923017159426589919885,0.616749659083,99989235327.052815,0.5220675038804479
2022-09-07,0.337505172271108,33746883731.234209898699214290908,0.646286262637,99989234251.279351,0.5222224140955859
2022-09-08,0.340495732998747,34045907152.985922510548722121256,0.65126670848,99989232913.856248,0.5228207254650472
2022-09-09,0.356016097872882,35597776100.068654932755606177358,0.679742032281,99989231702.604319,0.5237517778298985
2022-09-10,0.358178580356912,35814000682.053549762257111657472,0.683814532917,99989230641.224256,0.523794922621785
2022-09-11,0.354487955834513,35444977662.897255688934474907457,0.676118153143,99989229759.456689,0.5242988288165934
2022-09-12,0.358866066508844,35882740922.842779040756693921128,0.684172421897,99989227936.541262,0.5245257701469735
2022-09-13,0.332272732148085,33223693582.57970482347699907365,0.634663528178,99989226825.18769,0.5235415576848692
2022-09-14,0.341838431612253,34180160148.671205737568210417567,0.653387615992,99989225867.504939,0.5231786205394477
2022-09-15,0.32613450782967,32609936660.57796541852371576231,0.624774416131,99989224929.270993,0.5220036214819774
2022-09-16,0.356075299344421,35603692779.576616843093072164912,0.680782008313,99989223754.434672,0.523038645258542
2022-09-17,0.375402516527757,37536205779.167831861169360523083,0.714425823196,99989222571.960119,0.5254604527708494
2022-09-18,0.359973288222957,35993448690.880897071281811070809,0.686331152968,99989221057.390237,0.5244892158344744
2022-09-19,0.385938303837512,38589669937.601904125568944816848,0.734502842888,99989219919.070154,0.5254415385514872
2022-09-20,0.413710593496829,41366599048.349541081900974747755,0.781914316703,99989218788.681095,0.5290996528126899
2022-09-21,0.395108162181687,39506556011.043044703555750942021,0.748557711516,99989217618.026083,0.5278259192354092
2022-09-22,0.483899394645145,48384720854.676777598300097656125,0.909699206132,99989215506.579525,0.5319334032428845
2022-09-23,0.508359828332517,50830498862.459862799936459322721,0.941907290141,99989212423.000013,0.539713232558607
2022-09-24,0.488506294642375,48845358964.580980757484103889,0.905849253413,99989210989.266008,0.5392798998308082
2022-09-25,0.492836515417176,49278333839.607886873992311903808,0.913670470402,99989210007.896408,0.539402915364372
2022-09-26,0.467541669043281,46749121569.607755865760752849038,0.869534182135,99989208802.007598,0.5376921099240841
2022-09-27,0.44914670988718,44909823633.07781537682695836432,0.836636062768,99989207634.090424,0.5368483739526883
2022-09-28,0.451617890958762,45156914585.165966812701475693602,0.840625861183,99989206559.775821,0.5372400634013413
2022-09-29,0.48472461547844,48467229111.86840697316104980912,0.900788553398,99989205342.975148,0.5381114287586554
2022-09-30,0.479430105462393,47937834772.626140164199118254976,0.891918631028,99989204320.808832,0.5375267303361693
2022-10-01,0.474668468436861,47461721979.784556948055568794153,0.882012773136,99989203277.145373,0.5381650729945501
2022-10-02,0.448442788366648,44839436667.684940490063120810816,0.834487853512,99989202259.227992,0.537386837303078
2022-10-03,0.463299298209598,46324926803.094532063781032761618,0.861645697378,99989201326.475991,0.5376911874792902
2022-10-04,0.479934351022454,47988251959.423307129721304093344,0.89211100623,99989200308.727536,0.5379760452128304
2022-10-05,0.489981885385418,48992896117.544896662183981530722,0.908737776705,99989198741.515229,0.5391895197336766
2022-10-06,0.492618418344757,49256519858.542327261435011779906,0.912071740561,99989196555.112058,0.5401092879401742
2022-10-07,0.51718024960638,51712437032.89610820807111170208,0.953507659843,99989195396.100016,0.5423975825129044
2022-10-08,0.516515076161339,51645926349.244753471527811149717,0.951775732256,99989194377.576303,0.5426856964896972
2022-10-09,0.53409273985393,53403502275.57336065064096325483,0.98217865895,99989193431.423131,0.5437836945316068
2022-10-10,0.498306566756656,49825271073.462935725991997695616,0.91827682367,99989192190.988536,0.5426539730852793
2022-10-11,0.485274008184608,48522155466.68672811945855888752,0.895216472801,99989190948.442315,0.5420744846955925
2022-10-12,0.487722439007051,48766971522.393392488819590149349,0.900475823397,99989189797.536399,0.5416274666510673
2022-10-13,0.481751902584334,48169981701.703689255190571005546,0.889751633182,99989188300.654819,0.5414453703911224
2022-10-14,0.488366205410027,48831339731.57674177270738586749,0.903265318512,99989186783.67287,0.5406675042218385
2022-10-15,0.481693382460767,48164129200.379596721467581229977,0.89116781383,99989185972.058631,0.5405192770490422
2022-10-16,0.476985421229184,47693383491.901629674650167408384,0.883672739548,99989184929.376926,0.5397760956993681
2022-10-17,0.480474031052318,48042206293.152476531457414662276,0.889970558688,99989183989.677982,0.5398763210331764
2022-10-18,0.466326139773284,46627568372.387971791489876862212,0.864870749049,99989180094.122793,0.5391859307139822
2022-10-19,0.451293517783841,45124468470.007912373302239251659,0.83791734909,99989179307.515499,0.5385895378272779
2022-10-20,0.446658141249842,44660980473.684783851281975028532,0.830044256835,99989178186.059946,0.5381136458349481
2022-10-21,0.460570402947745,46052055549.825216960717597641985,0.855490048788,99989177018.502753,0.5383702634533853
2022-10-22,0.46510348977432,46505314821.18676664583438308424,0.865213529282,99989176266.452707,0.5375591966994407
2022-10-23,0.468999144046424,46894837597.190385338066349908,0.872328565681,99989175230.8795,0.5376404745845859
2022-10-24,0.453821546266529,45377241649.808562020173461985744,0.84487724681,99989174209.808336,0.5371449497308887
2022-10-25,0.461098577903932,46104865572.181497520197546871792,0.857899498603,99989173208.396356,0.5374738866904375
2022-10-26,0.469355033304413,46930421294.014902864381844891905,0.872853490163,99989172298.013685,0.5377248743277223
2022-10-27,0.462347041305383,46229697523.025984301739043222792,0.860175681638,99989171321.399224,0.5375030370830213
2022-10-28,0.473621536398801,47357024309.191413905281747116843,0.8806658858,99989169980.048443,0.5377993448316231
2022-10-29,0.469741341673616,46969046428.215649215634326724768,0.873819116688,99989169062.429498,0.537572745551799
2022-10-30,0.457816422711988,45776683197.101476676898493101664,0.853089572867,99989167985.569528,0.5366569200622071
2022-10-31,0.46430757383735,46425727429.87530336288295814875,0.864827001346,99989166763.276925,0.5368791366535858
2022-11-01,0.464779808005878,46472945207.149829557582995391308,0.870541900193,99989165636.391186,0.5338971138584321
2022-11-02,0.451286171515523,45123727240.919802693006261322454,0.846200677608,99989164501.504498,0.5333086860568315
2022-11-03,0.454897206003803,45484791055.330403558633891260073,0.852863186222,99989163386.838091,0.5333765290291161
2022-11-04,0.503501193905813,50344662505.724595807311645918283,0.939291222474,99989162121.316191,0.5360437549705199
2022-11-05,0.493471235135633,49341774782.375701978502283088473,0.920943021201,99989161007.153481,0.5358325366232735
2022-11-06,0.471269034196339,47121794771.90651106731024089462,0.881073661735,99989159806.06258,0.5348804017910619
2022-11-07,0.465000339874296,46494992826.036241225109536248912,0.870651144185,99989158800.626422,0.5340834190364202
2022-11-08,0.406263900178877,40621984996.440844283596491595569,0.765581223085,99989157241.278597,0.5306607423596266
2022-11-09,0.329527554655151,32949181889.519279436386553702319,0.628729908831,99989155456.211969,0.5241162381917585
2022-11-10,0.394202435932608,39415967985.543838749072593502144,0.751184405842,99989153776.518793,0.5247745199006731
2022-11-11,0.382364128303562,38232265136.228188399884121234716,0.729257662456,99989152501.971318,0.5243196581792956
2022-11-12,0.36266096440659,36262162013.07614413942584128277,0.695346901596,99989151223.955703,0.5215540093357571
2022-11-13,0.337825007985967,33778835184.147038727669740347741,0.649478299579,99989149369.161523,0.5201482608502075
2022-11-14,0.37562752888534,37558676662.78466649500015171332,0.720839950594,99989148224.142598,0.5210969904981104
2022-11-15,0.387804335519767,38776224664.950774910410943074749,0.765848637593,99989146879.907147,0.5063720381335461
2022-11-16,0.375796655657639,37575586530.065814904379561259196,0.741505898355,99989145630.657764,0.5068019775585444
2022-11-17,0.381970241553579,38192877710.765579665261345538178,0.754369828479,99989144587.349382,0.5063434765461491
2022-11-18,0.382128118209696,38208663274.859281237973281849824,0.754947512052,99989143572.763619,0.5061651467279429
2022-11-19,0.384264751300367,38422303115.178928291861065469303,0.758459098668,99989142863.498009,0.5066387257733604
2022-11-20,0.360691355790568,36065219191.737992512628925389584,0.712933935173,99989141998.398538,0.5059253571693749
2022-11-21,0.365282895974737,36524322896.589744713955526654781,0.722557574281,99989140742.893613,0.5055415775527942
2022-11-22,0.375280906919694,37524015038.121302940539601789036,0.741979534863,99989139725.008794,0.5057833663687049
2022-11-23,0.380889018155157,38084764877.425235429453981018169,0.753048846139,99989138730.986517,0.5057958990416558
2022-11-24,0.40101259921776,40096903868.0839764595293534144,0.790885743815,99989137364.51044,0.5070423918420799
2022-11-25,0.408778697440348,40873428952.338560264483776963136,0.805067404124,99989136440.514032,0.5077571087170561
2022-11-26,0.396219534410558,39617648599.945671636394011264244,0.780799317989,99989135212.334918,0.5074537403939433
2022-11-27,0.396354364907916,39631129899.845933427861271563528,0.781171603787,99989134493.455958,0.5073845016721689
2022-11-28,0.389668639764018,38962629641.874813103042130605554,0.769025567684,99989133499.350753,0.506704401178163
2022-11-29,0.398142840574258,39809957052.668928042604388127426,0.784927000494,99989132029.221897,0.5072355012933479
2022-11-30,0.409192467091315,40914799160.95444738138282844638,0.805937292027,99989130913.849252,0.5077224631982986
2022-12-01,0.396240733082251,39619766055.877089198885705749383,0.784958370215,99989129708.310133,0.50479203498871
2022-12-02,0.39542496109491,39538197436.69625213264408667114,0.783304727493,99989128979.660654,0.5048162576019225
2022-12-03,0.3878254966122,38778333310.8100794302325406602,0.768571581774,99989128227.909841,0.5046055641519164
2022-12-04,0.390193717156475,39015129090.8842375077413939789,0.77316391195,99989126875.762684,0.504671404246437
2022-12-05,0.389110604246101,38906829026.88337764506403935115,0.771663381825,99989125462.83615,0.5042491498376485
2022-12-06,0.391693481736138,39165088040.4610401480740599461,0.779325501636,99989123808.91845,0.5026057544811184
2022-12-07,0.383452846205912,38341113798.88076788186090051416,0.767858342114,99989122986.69393,0.49937967093021796
2022-12-08,0.394599743756335,39455681869.832101381740759501845,0.791036004598,99989121873.824507,0.49883916972511044
2022-12-09,0.389056844025312,38901451914.683956833501016512,0.780337117917,99989121158.226,0.4985753401861037
2022-12-10,0.386363784285707,38632174922.283169060915199645854,0.775094339264,99989120340.832922,0.49847323701600427
2022-12-11,0.381350555657954,38130906339.118628252000939453228,0.765392234552,99989119652.206582,0.4982419972958915
2022-12-12,0.38795577379845,38791355936.5980777906173935395,0.778375531621,99989118751.33191,0.49841722669585414
2022-12-13,0.394832131057265,39478916408.051385168572010746965,0.791213679906,99989117659.538981,0.4990208600844375
2022-12-14,0.386220372305977,38617833696.951863277237490509608,0.774599565194,99989116230.144104,0.49860649251622985
2022-12-15,0.378478652728243,37843745658.737894176961325110804,0.759654667682,99989115333.040028,0.49822461287985986
2022-12-16,0.351228411570407,35119017817.72998513175909102911,0.707449317428,99989114379.17673,0.49647148271671493
2022-12-17,0.354209784497099,35417122393.124349534332660163319,0.713376815881,99989113636.171781,0.49652550603240453
2022-12-18,0.350981698391092,35094348642.184501839084687943548,0.707411266531,99989112831.403419,0.4961494324401058
2022-12-19,0.338845366721611,33880847312.304043871680109810906,0.685268129262,99989111966.048846,0.49447121827558327
2022-12-20,0.349961437932665,34992333062.62312344427142979499,0.707472756082,99989110998.440606,0.494664190138938
2022-12-21,0.345719908691821,34568225979.754727953321868852706,0.699528592589,99989110001.094186,0.49421840987555565
2022-12-22,0.349610123192157,34957204724.112162543328973481531,0.707211879641,99989109025.022583,0.4943499017149268
2022-12-23,0.354229723374613,35419114130.664118685760798981925,0.716366924462,99989108178.838225,0.4944808467261992
2022-12-24,0.351897375290722,35185904380.67522114244826374758,0.711845502698,99989107198.10339,0.49434515489242936
2022-12-25,0.345932128068579,34589444423.068872314064122746347,0.700114790547,99989106580.501593,0.4941077273889644
2022-12-26,0.365770938955904,36573109019.76499035294998747264,0.739546543594,99989105542.83841,0.49458812582417644
2022-12-27,0.368294578088564,36825444878.800437624618345408792,0.744517136188,99989104020.817278,0.4946757571951507
2022-12-28,0.356211541894504,35617272498.460855807095311543872,0.720358384226,99989102848.916968,0.49449211627798423
2022-12-29,0.34261540971277,34257807083.39769555010843622882,0.693657607246,99989101809.861866,0.49392583045840405
2022-12-30,0.344857409669739,34481982225.573115480823426239548,0.69901924339,99989100592.606132,0.49334465814889533
2022-12-31,0.339407913724412,33937091780.786680284990974542084,0.688367904457,99989099866.252607,0.4930617937397075
2023-01-01,0.338407613943332,33837072510.297253944004749475108,0.686401707388,99989099287.711169,0.49301685922532457
2023-01-02,0.348716293724105,34867827771.112371377496541958475,0.708246918072,99989098297.479795,0.49236542345060325
2023-01-03,0.343814818279208,34377733338.769760539346382694208,0.69867793458,99989097360.114376,0.49209342568673964
2023-01-04,0.347464113017483,34742622565.624592562700456028714,0.706160352564,99989096036.160958,0.49204704251077586
2023-01-05,0.338047985832134,33801112192.113194123934305576564,0.687718816439,99989095065.627646,0.4915497115267872
2023-01-06,0.344676129383781,34463853654.686854832442132863505,0.701009821844,99989093286.796605,0.49168516423509384
2023-01-07,0.343668560077644,34363107490.29008417793485212566,0.700093399431,99989092637.762765,0.49088958752783585
2023-01-08,0.344466316712498,34442874051.14307028145559713107,0.701918983702,99989091473.028215,0.4907493951734198
2023-01-09,0.348749131663119,34871108262.97392216543716306442,0.710501404056,99989089855.73718,0.49084932087710753
2023-01-10,0.351479899595663,35144154934.063323300953847841089,0.716120831396,99989088919.430703,0.4908108857977096
2023-01-11,0.372842096854863,37280141067.661446636938601520572,0.757964360106,99989087557.818244,0.4918992455037354
2023-01-12,0.375181497872596,37514055168.128386815750957751244,0.76246661932,99989086297.820039,0.4920628501837873
2023-01-13,0.385384081497693,38534201811.897193751055464125656,0.782494431923,99989085335.710392,0.49250712308661654
2023-01-14,0.395718842824004,39567564671.60131799702189871996,0.802851277839,99989084141.73999,0.49289183905784306
2023-01-15,0.38489233865343,38485032014.74966632141073469838,0.781444134651,99989083049.540466,0.49253980110213047
2023-01-16,0.386645219621655,38660300619.81479193664497559464,0.784905752743,99989082129.723888,0.4926008227999997
2023-01-17,0.387890986283066,38784863357.579616333898614156566,0.787106303913,99989081286.039751,0.49280635201968875
2023-01-18,0.379528884497757,37948744028.642324032657962562275,0.770698008658,99989080090.336575,0.4924482485151643
2023-01-19,0.393471451593784,39342848068.787845952882326852168,0.797609173086,99989079028.292527,0.4933135987784823
2023-01-20,0.412720154836475,41267507326.04886150856535004585,0.83466777787,99989076962.814126,0.49447237065949895
2023-01-21,0.404002307764929,40395817410.607825616244219623496,0.817482064673,99989075889.418824,0.49420326784359914
2023-01-22,0.40069646192031,40065268590.39260398803425959497,0.811007715184,99989075017.988887,0.49407231820156067
2023-01-23,0.424942414249096,42489598236.946830812497584709928,0.856629390483,99989073371.339093,0.4960633139256376
2023-01-24,0.406913295744021,40686882971.242172596580244313047,0.8218212543,99989072357.166907,0.4951360087305314
2023-01-25,0.417098946649718,41705336332.208002774560233773598,0.841660305056,99989071339.545661,0.49556685059771977
2023-01-26,0.409966767393609,40992195938.909795384699993832942,0.827554382007,99989070332.506238,0.4953955610740047
2023-01-27,0.412368955529869,41232388119.468314128429555609838,0.834635371011,99989069415.972902,0.49407078809799715
2023-01-28,0.407316197936648,40727166353.296282434552119790648,0.824704146241,99989066380.391751,0.49389371909089397
2023-01-29,0.413494191240245,41344897789.470623991813713143075,0.836901462736,99989065542.758135,0.4940775104974115
2023-01-30,0.39401692451635,39397383629.91216138117672720445,0.798900408031,99989064374.003407,0.4931990527923987
2023-01-31,0.406189506910933,40614508284.495999046808743624537,0.822907997212,99989063216.745589,0.49360257560638243
2023-02-01,0.413804765749546,41375950127.622218462532127205964,0.835185901633,99989061393.905934,0.49546426123866893
2023-02-02,0.409778333240012,40973350416.093948023633380666396,0.827354344152,99989060163.645533,0.4952875828071174
2023-02-03,0.41194064284265,41189557251.31355760020012610585,0.831517507871,99989059023.357489,0.49540826133339544
2023-02-04,0.41238890407746,41234377826.09143325796255008514,0.832434073553,99989057461.027809,0.49540127822651375
2023-02-05,0.398908729093909,39886507342.981576203847992974804,0.805750393668,99989056227.425156,0.4950772996559957
2023-02-06,0.392522266611555,39247930456.518013762044014348925,0.793546159954,99989054876.619935,0.4946432689363761
2023-02-07,0.40417517164976,40413093025.74909577936465489104,0.816358871233,99989053906.481079,0.4950949709645562
2023-02-08,0.398180243226809,39813665387.431491119382650883817,0.804694545369,99989052859.041713,0.4948216009644004
2023-02-09,0.381895561449571,38185375026.008501417860610928688,0.773324441076,99989051669.171728,0.4938361458202502
2023-02-10,0.382046557100524,38200472558.904944113888170379056,0.773737561437,99989050677.019044,0.49376762372887767
2023-02-11,0.383583672693843,38354166965.933410792203473721795,0.776804206194,99989049837.754065,0.4937971108231182
2023-02-12,0.374572153664362,37453113326.551683160609774632248,0.758969714649,99989048732.415404,0.4935271413795345
2023-02-13,0.372226953480273,37218618606.286001860357004072991,0.755192604616,99989047698.713967,0.49289009347429025
2023-02-14,0.382446992571545,38240510202.941841269882537807985,0.775377485539,99989046706.356633,0.49323974413016236
2023-02-15,0.401201749870824,40115780137.631847710260518524688,0.811631831191,99989045786.933962,0.4943149522389911
2023-02-16,0.385966565205754,38592428107.748358518144116257416,0.781782388566,99989044613.683604,0.493700767439544
2023-02-17,0.395493258083312,39544992596.699503723883059327312,0.800616493445,99989043525.918251,0.4939858987684985
2023-02-18,0.394397828432002,39435461274.573881786456232922712,0.798468305553,99989042615.565356,0.49394299772343697
2023-02-19,0.386360623309868,38631828486.672436431876719843436,0.782712333187,99989041729.257777,0.4936176509915317
2023-02-20,0.398250705156138,39820705974.48258747761873855589,0.806253574492,99989040719.640405,0.49395217305804284
2023-02-21,0.391456961088586,39141405510.957868347257029089972,0.792625694439,99989039413.454802,0.4938736705547366
2023-02-22,0.395431432905305,39538808578.720334050666044534285,0.79996769089,99989038019.111637,0.49430925449672825
2023-02-23,0.388893745810213,38885111114.559274150242310360644,0.787290486176,99989036937.446388,0.49396474698828663
2023-02-24,0.378265144023955,37822366940.383362069617489179205,0.766858758866,99989035569.156551,0.4932657280765996
2023-02-25,0.377417084830243,37737569961.772741346233658605293,0.76525116207,99989034621.330351,0.4931937428351392
2023-02-26,0.3774656775945,37742428260.9087644277947554845,0.765423624633,99989033443.868021,0.49314610295113986
2023-02-27,0.379112547956045,37907096797.047708971723629345325,0.768753869639,99989032284.530785,0.49315205155854736
2023-02-28,0.377556425651262,37751501240.799747857829070536696,0.765716119593,99989031243.954308,0.49307624064639516
2023-03-01,0.383783631975884,38374153214.247480529118476399856,0.781697123831,99989030320.758484,0.4909620622562974
2023-03-02,0.377517305016748,37747588888.963241010078621886868,0.769534826365,99989029343.406191,0.4905785834281226
2023-03-03,0.377221336554087,37717994800.277425721334476961054,0.769994962874,99989028046.056242,0.4899010444771111
2023-03-04,0.373265465276969,37322450754.368223151278833644177,0.762154177664,99989027183.841833,0.48975059930921916
2023-03-05,0.366659738431155,36661950245.975748620345210064195,0.749127746464,99989026345.905969,0.4894488825995916
2023-03-06,0.370125789294928,37008516977.12745291002616226808,0.756603211107,99989025481.382735,0.48919405027820356
2023-03-07,0.38023461648921,38019288421.57634097588942242217,0.776849248419,99989024599.119377,0.4894574040755554
2023-03-08,0.3893095518114,38926681942.9836814357132931514,0.794831514793,99989023546.593101,0.48980135357716525
2023-03-09,0.371941695570028,37190085728.417203779574395243304,0.76050709509,99989020245.285118,0.4890706450621762
2023-03-10,0.371658280327283,37161746269.221986047934318101239,0.7602475588,99989017428.852333,0.48886481255384867
2023-03-11,0.365922207706001,36588201013.220729703411948891757,0.748936253974,99989014721.449757,0.48858925678166504
2023-03-12,0.372328270391699,37228736086.739413636841190637151,0.761802040907,99989012511.926149,0.48874674836576404
2023-03-13,0.373347736662797,37330670462.551373051579953262927,0.763832083343,99989009699.737291,0.4887824756310277
2023-03-14,0.374389762262308,37434860243.469968588857903292704,0.765919833565,99989006155.681288,0.4888106376873648
2023-03-15,0.360532034063172,36049238816.23234511303318473392,0.739145331164,99989003501.18636,0.48776880386352317
2023-03-16,0.365833691835361,36579345341.527677858600102653424,0.750016583053,99989000898.227184,0.48776747088205297
2023-03-17,0.380255209244473,38021337418.693029542314941880716,0.778759858084,99988998163.200492,0.48828301214706077
2023-03-18,0.374435759695378,37439455358.839178179391211450554,0.766880182283,99988995146.451893,0.488258489847376
2023-03-19,0.390236166930005,39019320981.49648860526638484075,0.798310270941,99988992021.06815,0.488827691606696
2023-03-20,0.374628025346613,37458677731.593448485362687080002,0.767532515252,99988989603.583354,0.4880940128296888
2023-03-21,0.467439080395393,46738759723.339392374967745518537,0.947658167374,99988986123.720009,0.4932570588091759
2023-03-22,0.422698922677825,42265235450.692392666284732945375,0.861091628919,99988983134.708255,0.49088727434091317
2023-03-23,0.445294184410832,44524511453.497421471569021868368,0.913657501301,99988980346.571849,0.48737539370798855
2023-03-24,0.425111009045884,42506415220.520602237513066796608,0.874166690639,99988977740.006512,0.48630428681186144
2023-03-25,0.44367465165651,44362573623.11735622828302519196,0.911456177118,99988974933.511796,0.48677562651382467
2023-03-26,0.449468029188837,44941846515.403614146402101467759,0.922926695347,99988972734.080707,0.4870029564155656
2023-03-27,0.47894807706318,47889523794.66464037666982779504,0.979532828301,99988967673.310728,0.48895561560087336
2023-03-28,0.516081336357372,51602438357.7842887779891950832,1.04846986649,99988964379.1556,0.4922233369329687
2023-03-29,0.544472482726372,54441237555.75587571142640884352,1.096528260553,99988960476.29216,0.49654213421894317
2023-03-30,0.534534781514534,53447575647.133946669839653267176,1.077475409806,99988957679.605564,0.49609928602526276
2023-03-31,0.538954817297498,53889528984.957186317901690525044,1.085485690231,99988955020.714978,0.4965102922571039
2023-04-01,0.509750278567867,50969396251.122317685303591325908,1.026721479809,99988952226.411324,0.4964835046235667
2023-04-02,0.518739351567591,51868202828.476117375486098599541,1.044365252926,99988949501.776451,0.49670299745633834
2023-04-03,0.497823679693414,49776865643.357044166917310091104,1.004596662624,99988947239.336336,0.4955458227315844
2023-04-04,0.502928064965161,50287246692.357138168642698482854,1.014814276852,99988945130.434614,0.4955863121331586
2023-04-05,0.506091144409122,50603518615.464176311741598253006,1.020581144147,99988943048.085623,0.49588525842510267
2023-04-06,0.503482852494592,50342716937.432930546876507432448,1.015986633658,99988940413.762494,0.49556050819471087
2023-04-07,0.513613792214878,51355697763.964521570724147330306,1.035649356857,99988938269.163727,0.4959340618658798
2023-04-08,0.505541007122223,50548507410.449183214274634756952,1.020285431445,99988936007.773224,0.4954897830955404
2023-04-09,0.505720677952914,50566471400.502467680791086645526,1.020638430997,99988933822.497459,0.49549444993846253
2023-04-10,0.518615711077115,51855830941.589695572979195180535,1.045052933695,99988931754.285109,0.49625783953683783
2023-04-11,0.51744962262093,51739233687.98607597539912693571,1.043685159731,99988929213.866447,0.49579091720945595
2023-04-12,0.505489205650369,50543323112.564875041236743264918,1.020371089327,99988926662.707222,0.49539742054409974
2023-04-13,0.513078250382677,51302141777.047446269863704404656,1.035217265564,99988923207.686128,0.49562373759593864
2023-04-14,0.523824833916832,52376679684.587338925654142678688,1.054943323715,99988920519.379609,0.4965431053415973
2023-04-15,0.520675967342216,52061826574.251001405278924889136,1.048670239244,99988917944.494246,0.4965106740490491
2023-04-16,0.521016640671228,52095889015.375702142243396398236,1.049302296767,99988915801.730137,0.49653626250178784
2023-04-17,0.511253199063855,51119651978.36166652198648106994,1.030424402427,99988913657.588428,0.49615789169945884
2023-04-18,0.53259388937442,53253483323.27700234295441498734,1.071505738789,99988911599.845927,0.49705183098351835
2023-04-19,0.490743712007882,49068928552.548676123389420247514,0.990191839563,99988909387.718377,0.49560468224466603
2023-04-20,0.474044564663147,47399197934.983771031933467120249,0.957710327701,99988907094.980267,0.49497697889621706
2023-04-21,0.44835530804704,44830556025.55960917403359618208,0.908710158771,99988904382.182827,0.49339748622753976
2023-04-22,0.472211462564826,47215905637.352835077181519186306,0.955724456357,99988901965.442981,0.4940874531607014
2023-04-23,0.464245153033457,46419362211.586999911577142919013,0.940061941464,99988900063.414709,0.49384528035510883
2023-04-24,0.461728128818646,46167686634.885733904254328337858,0.936190773487,99988897693.991523,0.4931987602258266
2023-04-25,0.470053677123809,47000148003.657737263202162808094,0.952295088685,99988895504.966366,0.4936008624940974
2023-04-26,0.461571600494441,46152033585.84643803678699359296,0.93838014456,99988893459.66656,0.4918812521452793
2023-04-27,0.466698897995454,46664705459.90327813990978590836,0.948651109623,99988891468.00134,0.4919605250669269
2023-04-28,0.47879858278285,47874538381.220155597712861636,0.972176515602,99988889070.98696,0.49250169603856764
2023-04-29,0.47773355658527,47768046417.03888623004552658379,0.970489956643,99988886605.483477,0.49226017571349984
2023-04-30,0.473130601887746,47307801119.846199686402201924338,0.961405323525,99988884530.175353,0.4921239671869186
2023-05-01,0.464879109970235,46482742602.47795130512419744559,0.944187397574,99988882282.652194,0.49235894396038093
2023-05-02,0.464887474957743,46483578078.528788662125089483052,0.944316552554,99988880282.812564,0.4923004618529746
2023-05-03,0.463560410164772,46350885337.783963779189116198704,0.941698317394,99988878086.695532,0.4922599962242702
2023-05-04,0.461245472002947,46119416344.58133847162417064952,0.937060223263,99988876084.37416,0.4922260710168801
2023-05-05,0.46760324317083,46755121802.99199691090165865442,0.949882552376,99988874084.671174,0.49227479965937376
2023-05-06,0.458477613968522,45842659250.385429185132280012152,0.93186079586,99988871547.243916,0.4920022561367656
2023-05-07,0.452778459033181,45272806281.532263712786107119308,0.920673417534,99988869563.723068,0.49179052029756265
2023-05-08,0.428089718032767,42804206045.596448059400148241845,0.87289011257,99988867385.785035,0.49042796094042945
2023-05-09,0.429009077892007,42896130801.751263345024333509461,0.875559782276,99988865066.741923,0.48998262206243254
2023-05-10,0.43119611104037,43114808926.34634946805741518706,0.879948440872,99988863123.836938,0.49002429121082236
2023-05-11,0.421422984736301,42137604338.303609912835954592148,0.860618217423,99988861226.139748,0.48967472010782287
2023-05-12,0.430687193630558,43063921172.466292073240561276822,0.879386527383,99988859221.587109,0.48975868997249306
2023-05-13,0.424654818463736,42460749919.083634695643403505272,0.867513104028,99988857003.184177,0.48950824660975933
2023-05-14,0.42564951375202,42560207649.264969449339713215,0.869537886909,99988855323.96075,0.48951232621398766
2023-05-15,0.427877195713916,42782950086.135689627464802065024,0.87401267561,99988853144.538464,0.48955490881786984
2023-05-16,0.440432032802067,44038292449.48254310395968874855,0.898790669446,99988849969.21565,0.4900273754216231
2023-05-17,0.448437366467427,44838735158.84133442574249794944,0.914991437325,99988846852.92672,0.49010006889074786
2023-05-18,0.460311103384509,46025975195.101253287348158832476,0.937815559436,99988844189.697164,0.4908332973930812
2023-05-19,0.46786838829579,46781618160.16877631364818764703,0.9522632291,99988841585.495357,0.49132253981704227
2023-05-20,0.468942008694038,46888966996.721651332344877380086,0.954292459492,99988838976.706897,0.49140282313838113
2023-05-21,0.457800317325563,45774920992.857152886250796756801,0.932497629301,99988836312.458227,0.4909399262159305
2023-05-22,0.461663675080051,46161212510.343088894443614869723,0.940024275521,99988833867.726073,0.491118886077892
2023-05-23,0.465214982962507,46516302490.357870850921615865212,0.946513802526,99988831387.459316,0.49150364392042545
2023-05-24,0.453422497904721,45337184568.776930755778012473137,0.923189638369,99988828914.051297,0.49114773288160263
2023-05-25,0.453706350723029,45365565704.784885811953935033736,0.923860645699,99988826765.351784,0.49109825473705654
2023-05-26,0.468571093420462,46851872679.82607214481629156822,0.951891582544,99988824188.48781,0.4922525863377964
2023-05-27,0.471823241878421,47177050049.934320063809527498442,0.958357151078,99988821792.909602,0.49232505997132125
2023-05-28,0.482595826964517,48254186836.711357666336496313864,0.97952504393,99988819091.589992,0.49268349998308447
2023-05-29,0.493858003688283,49380277270.290397097691289707234,1.000911490912,99988816423.958598,0.4934082665374284
2023-05-30,0.521846053471411,52178767653.48307517031221936526,1.05438608266,99988813379.69466,0.4949288140781415
2023-05-31,0.518338278172614,51828027917.82276184050930930399,1.046475195401,99988810590.143785,0.4953182650201196
2023-06-01,0.507203786366481,50714701716.21761195887415503935,1.018634439163,99988807417.09135,0.4979252289793426
2023-06-02,0.524573848141233,52451511890.108062145671659782094,1.051818248529,99988804390.390318,0.49873050679132597
2023-06-03,0.51902806242148,51896993902.54046320273020327436,1.041043414229,99988801492.581307,0.49856524264732405
2023-06-04,0.537034594742185,53697442712.197430780467432591655,1.076192352395,99988796323.216463,0.4990135764736178
2023-06-05,0.509591984206393,50953486899.402431491885466231855,1.022906236485,99988791971.981735,0.49818054287898145
2023-06-06,0.53031360098462,53025415232.86777035130929616764,1.06291208246,99988789905.476322,0.498925178983067
2023-06-07,0.519424366661207,51936612744.728311105908819110127,1.041770562581,99988787739.339561,0.49859766182519727
2023-06-08,0.524370493303356,52431168959.214435321105628507704,1.051157276328,99988785846.655634,0.49885065262082906
2023-06-09,0.536822016565074,53676180256.535127179299830786072,1.073332644573,99988783246.986028,0.5001450568743634
2023-06-10,0.50849902863829,50844197631.30158465003698410248,1.015064356385,99988780248.916712,0.5009525016219004
2023-06-11,0.520442826026028,52038441983.387040822266681248344,1.038277668821,99988777596.839298,0.5012559180021744
2023-06-12,0.525553201224731,52549420986.626055293018374200596,1.047973908318,99988775378.337916,0.501494547768126
2023-06-13,0.519550815976094,51949248718.322116902232369065762,1.03644323911,99988773226.587423,0.5012824594448949
2023-06-14,0.479189638384529,47913578284.215983691822177808332,0.959838116309,99988761121.264908,0.4992400595917404
2023-06-15,0.479328704753951,47927454565.306621003792324751936,0.960335654309,99988701052.044736,0.49912621967456494
2023-06-16,0.474840759319405,47478683930.537185251878206592165,0.952947314977,99988644611.277593,0.4982864759221926
2023-06-17,0.479130474977001,47907581685.776233389770443797249,0.961369023623,99988592226.524249,0.49838351684284304
2023-06-18,0.487417582695709,48736197023.623793031814448805618,0.977367642949,99988590387.083802,0.4987044396364807
2023-06-19,0.493414872037363,49335856576.411625514331742071095,0.988875674183,99988588452.347565,0.4989655271326376
2023-06-20,0.492474560941758,49241835268.646352650056426948752,0.98595676426,99988586566.748344,0.49948900275701225
2023-06-21,0.501085069329401,50102786700.225013669211535487311,1.00251531284,99988584308.203911,0.4998278459307418
2023-06-22,0.49532187555628,49526532124.13325508427531986476,0.991255952714,99988582310.263617,0.4996911990289875
2023-06-23,0.496086589983911,49602993695.451658346729452718831,0.990980316426,99988580011.929721,0.5006018603609222
2023-06-24,0.487062904032826,48700727043.48512653044232019158,0.973504480234,99988577738.62183,0.5003191191433977
2023-06-25,0.489967560351233,48991158591.262405611552071170483,0.979239130585,99988575888.867251,0.5003553729092965
2023-06-26,0.478890608301109,47883588829.613426585175156910546,0.95826289543,99988573589.870794,0.49974867083444474
2023-06-27,0.483764940748169,48370965316.465618469708331412628,0.967114359764,99988571395.143412,0.5002148255416451
2023-06-28,0.465206800302405,46515362336.198097980644861045065,0.931693904401,99988569182.481973,0.4993129160821262
2023-06-29,0.474584024086454,47452976444.336684993219156143634,0.949622062784,99988566904.840171,0.4997609498405287
2023-06-30,0.47476976316474,47471547130.4889068866634377944,0.950143500286,99988564591.92156,0.49968216697986245
2023-07-01,0.473027958335023,47297383634.584493126108193719463,0.945509844514,99988558395.286281,0.5002887712693921
2023-07-02,0.48458510664836,48452965163.22986294080180486172,0.968022340595,99988556186.457127,0.500592895769851
2023-07-03,0.48903444894448,48897847308.42673600319823563808,0.976256866458,99988553800.180446,0.5009280505434672
2023-07-04,0.488450077480872,48839415302.05196535609958815624,0.975544425846,99988550629.23917,0.500694857701928
2023-07-05,0.478136440369524,47808168417.8119694210257272747,0.955728757664,99988547998.692175,0.5002846639648983
2023-07-06,0.464772825852174,46471958986.81658976927859912011,0.930656940257,99988545805.381265,0.49940295478141217
2023-07-07,0.468374079033765,46832042048.525872877533487419485,0.93769133809,99988543655.401049,0.49949707329898596
2023-07-08,0.470300002941066,47024611272.627392401522451598084,0.941456008058,99988541310.981274,0.49954538386895336
2023-07-09,0.468099362730661,46804571135.636455799066687487911,0.937139905003,99988538464.572251,0.4994978446992528
2023-07-10,0.47729329418778,47723857955.60891633507926624626,0.954968847432,99988536475.924317,0.4997998578396207
2023-07-11,0.476031886929911,47597730828.275790170321767525357,0.952422001477,99988534665.712187,0.49981193860671924
2023-07-12,0.471011097669927,47095708551.157131107410294213821,0.942682096096,99988532720.646523,0.49964998764754365
2023-07-13,0.813427685418494,81333436437.940560386199252439474,1.557586825197,99988527432.645671,0.522235853732015
2023-07-14,0.720642247602645,72055952911.988450958655023176475,1.391498532402,99988521560.727855,0.5178893335652138
2023-07-15,0.712952882591895,71287102029.61421943364259687484,1.376494252547,99988517853.317992,0.517948317817296
2023-07-16,0.748068578729165,74798266253.248819703362309674365,1.439238552532,99988514930.432881,0.5197669124504172
2023-07-17,0.738984115558682,73889922350.312039642722712788946,1.410783983862,99988512330.133453,0.5238109618566296
2023-07-18,0.776467027808427,77637777411.586504736792820618624,1.475227749984,99988505153.552512,0.5263370539341118
2023-07-19,0.82079454304118,82070016635.25253312127550271158,1.544628062913,99988501788.973281,0.5313865277659471
2023-07-20,0.794448003235408,79435663240.252598341954631360416,1.494975869216,99988498827.801202,0.5314119241617157
2023-07-21,0.772614438383371,77252555699.163269469740719248332,1.456614876115,99988496022.424292,0.530417786507882
2023-07-22,0.732561822339282,73247752907.964640212345497911734,1.384736819228,99988493358.913187,0.5290260301937303
2023-07-23,0.737795285721528,73771037468.816716807059637555056,1.394967469302,99988491247.504002,0.5288978431093441
2023-07-24,0.703439112148149,70335813871.4510005585921473099,1.335111205399,99988488920.7551,0.5268767944599231
2023-07-25,0.710376183399976,71029439045.855169488563626973192,1.347980699252,99988485967.951117,0.5269928447745332
2023-07-26,0.715725218710199,71564279447.426392137124313769369,1.357567208684,99988483815.606831,0.527211628368668
2023-07-27,0.713361295014563,71327912376.675035756634128331006,1.353176853539,99988481117.718762,0.5271752122783433
2023-07-28,0.712601462768972,71251935997.964431731701998556728,1.342805601156,99988478442.212474,0.5306810324260672
2023-07-29,0.712653377959184,71257125057.672095903504202647088,1.342778896426,99988475830.606707,0.5307302489307911
2023-07-30,0.704660741535569,70457951512.294410965924797091955,1.328208043606,99988472976.024195,0.5305349150141119
2023-07-31,0.698876418532658,69879583969.790506176321455529976,1.317307092892,99988470231.271772,0.5305341649670717
2023-08-01,0.705889081432071,70580767424.051410712371956362022,1.314481040129,99988467424.458282,0.5370097094460919
2023-08-02,0.684940508881636,68486150202.55316366726628024876,1.277224842378,99988465150.61091,0.5362724605374728
2023-08-03,0.664722617667969,66464592782.638265297520169285722,1.241898263055,99988462880.674138,0.5352472400056255
2023-08-04,0.635707006597548,63563364636.92585544792542969898,1.190227118013,99988460056.672635,0.5341056315863614
2023-08-05,0.628169250909165,62809674119.557689012676315553085,1.175849920526,99988456978.197649,0.5342257034198397
2023-08-06,0.622357416885643,62228556352.829420535895889487593,1.165627255148,99988454647.538651,0.5339249010667841
2023-08-07,0.6206139667574,62054229646.522006572032502071,1.164097171105,99988451711.366665,0.533129005174278
2023-08-08,0.641664342392346,64159022111.378225659229501062254,1.201462760419,99988448590.070099,0.5340692724996079
2023-08-09,0.643769341187274,64369496002.42359777526187033313,1.208047944843,99988445991.711745,0.5329004895339144
2023-08-10,0.633026506759112,63295335050.83849888988347774648,1.188720600913,99988443414.30479,0.5325275815636696
2023-08-11,0.631690530501901,63161751490.032015133857433627335,1.186340421299,99988441238.540835,0.5324698705032933
2023-08-12,0.626942210101817,62686972674.813031424578386084477,1.177782283239,99988438590.906981,0.5323073873871438
2023-08-13,0.625810358923787,62573798988.851729124880046230696,1.17578723835,99988435948.009208,0.5322479599302303
2023-08-14,0.634506966961712,63443357817.984006362471174682752,1.191354794885,99988433731.118296,0.5325927840186013
2023-08-15,0.608920402587029,60884995881.28407884411864942913,1.145514814425,99988431365.75997,0.531569207939647
2023-08-16,0.587989771096155,58792173693.61740854336119989831,1.10780187421,99988429363.345202,0.5307715980490325
2023-08-17,0.507550142357038,50749140482.903126009581048039464,0.961488029935,99988427246.274828,0.5278798347508811
2023-08-18,0.505476952650467,50541844258.714785285272714826229,0.958641777984,99988424781.186887,0.5272845021562409
2023-08-19,0.519775983080133,51971580568.846846599073718704368,0.985532790461,99988422437.045296,0.5274060773127588
2023-08-20,0.539921575088831,53985905516.144318811964798650137,1.022220585081,99988420553.970727,0.5281849954587325
2023-08-21,0.524551518609211,52449076932.688311285211302459362,0.995286243384,99988418814.897542,0.5270358372740306
2023-08-22,0.520348809994207,52028853081.587997851154928568004,0.987844942943,99988415620.989372,0.5267515045873266
2023-08-23,0.529679721312971,52961834807.645634788215196306486,1.004885836345,99988413142.122466,0.5271043755970704
2023-08-24,0.517772676975789,51771261430.396271978724198055671,0.982951818997,99988399798.889139,0.5267528549915316
2023-08-25,0.525778183506056,52571718174.100901111708629340096,0.99910464944,99988397813.572216,0.5262493611662759
2023-08-26,0.523281592285546,52322086814.643593081417105480032,0.994526666042,99988395514.001392,0.5261614496151149
2023-08-27,0.523313662651038,52325292469.905447634180698344514,0.994666045777,99988393585.660303,0.5261199624465343
2023-08-28,0.523402047778904,52334128794.816488773686883010024,0.994905787474,99988391365.491031,0.5260820214020336
2023-08-29,0.539798285001472,53973560963.91704685854021021824,1.026007175004,99988389114.222295,0.526115506940161
2023-08-30,0.528037011095651,52797568624.890412530184376400231,1.01014902763,99988386259.777581,0.5227317916986223
2023-08-31,0.510655841437611,51059652277.385535855053577450855,0.979046758182,99988383827.434805,0.5215847324655383
2023-09-01,0.497571068081951,49751325610.956166083436248994697,0.956987397741,99988381162.793047,0.5199348175916254
2023-09-02,0.498780580658001,49872261589.408510987425913164414,0.959296645121,99988378704.752414,0.5199440477508266
2023-09-03,0.504773154166039,50471448120.654462116049838816582,0.970400384288,99988376370.848938,0.52016998585218
2023-09-04,0.507977096198218,50791803951.5122429505684823989,0.97635730912,99988374144.51605,0.5202778649304757
2023-09-05,0.505521029048345,50546224740.16121959112839951475,0.972162048644,99988372066.96555,0.5199966710832422
2023-09-06,0.50310649033592,50304798032.86834194061986257824,0.968094177129,99988370253.940172,0.5196875492299137
2023-09-07,0.504575401719282,50451671179.48977038511802278501,0.970989705836,99988368453.122305,0.5196506190401412
2023-09-08,0.504891654486525,50483291927.362162955900846421525,0.971622834293,99988366768.913401,0.5196374937543627
2023-09-09,0.503667805169096,50360920170.32050800939464214668,0.969347857121,99988364659.148455,0.5195944897067277
2023-09-10,0.497784075093378,49772614758.831158391905751836316,0.958506987067,99988362925.219022,0.5193327558483231
2023-09-11,0.473827833142206,47377268500.057208625823351069548,0.914427291598,99988361143.483658,0.5181689539407469
2023-09-12,0.480629092042444,48057314226.471540378468259695476,0.927072446293,99988359053.029679,0.5184374683599882
2023-09-13,0.483865968448855,48380963370.245458938818288962355,0.93314453532,99988357365.453701,0.518532713994756
2023-09-14,0.489577819346286,48952081126.987779348964630984446,0.943927788755,99988355666.013561,0.5186602462377106
2023-09-15,0.501049820896151,50099146783.173812628666810555279,0.965219251325,99988353839.881929,0.5191046699579783
2023-09-16,0.499416677406271,49935850272.762477247364709879646,0.962054547961,99988351474.574626,0.5191147201213755
2023-09-17,0.492271894836937,49221454314.478165080447255857775,0.948690588653,99988349590.387575,0.5188961508892905
2023-09-18,0.50309087531626,50303225284.20505050382460400588,0.968735117248,99988347537.773838,0.5193275915767868
2023-09-19,0.51367468140789,51361481053.68264553310567089416,0.988140129639,99988344593.722344,0.5198399154131633
2023-09-20,0.521063597302228,52100284656.77553971528755812588,1.001571605091,99988341013.49871,0.5202459760776522
2023-09-21,0.507034955415689,50697582895.615454586686226752765,0.97561055822,99988338780.412885,0.5197104020079216
2023-09-22,0.512408554975884,51234879063.938040730330765429512,0.985138372251,99988336584.952918,0.5201386621506295
2023-09-23,0.507371099361248,50731190976.77454139482210747392,0.975781777798,99988334062.86304,0.5199636956802043
2023-09-24,0.502440049624897,50238142467.565653028118211619636,0.9665682424,99988331951.387188,0.5198184955646097
2023-09-25,0.505149608256683,50509065544.373362552049374824159,0.971732539131,99988329633.046173,0.519844286276991
2023-09-26,0.501478559323701,50142002426.4284892130012051092,0.965040223036,99988327505.0692,0.519645241051257
2023-09-27,0.499219984533449,49916170139.979543270513217741306,0.96094617357,99988325160.157994,0.5195087906732618
2023-09-28,0.509372275871914,50931279662.726718752653733287984,0.979759373342,99988323030.627256,0.5198952821797702
2023-09-29,0.520562502167803,52050170260.952572547828145207626,1.000194168869,99988320411.473342,0.5204614447577164
2023-09-30,0.515398893001986,51533868284.868156892786016484528,0.990541851427,99988317756.572248,0.5203201583653322
2023-10-01,0.524164211910005,52410296601.189313836317778907285,1.003320238944,99988315513.207457,0.5224296207377325
2023-10-02,0.512381640381573,51232175734.185380158906255129251,0.989117338909,99988312805.338887,0.5180190663189989
2023-10-03,0.538397573283517,53833463575.466670412491018454216,1.036587725843,99988310213.126248,0.5193941234888418
2023-10-04,0.532828038830292,53276573859.354005760898811607672,1.026190934601,99988307627.937766,0.5192289474253291
2023-10-05,0.523552501332141,52349127174.551188117910196683298,1.00855838465,99988304976.774378,0.5191097603276873
2023-10-06,0.526045662619573,52598412708.820869783047125191286,1.013363952983,99988302245.273182,0.5191083233926694
2023-10-07,0.521902635739168,52184157120.951849429076084943104,1.005713405157,99988299631.872328,0.5189377342123572
2023-10-08,0.517727291080322,51766670387.156051132032575479868,0.99799568325,99988297466.676894,0.5187670645972426
2023-10-09,0.502827537661618,50276868257.317435678447839591866,0.97005142626,99988295173.984037,0.5183514234912806
2023-10-10,0.497597212159774,49753895611.620101619273393735898,0.961113731196,99988292530.153027,0.5177297920201068
2023-10-11,0.488388200622182,48833101092.851812087345291569944,0.944151934011,99988290115.610692,0.5172771277895746
2023-10-12,0.483070205608778,48301362807.369441815144786483552,0.934876012149,99988287927.007984,0.5167211473298413
2023-10-13,0.485578301147408,48552141468.37611744843898163656,0.939624685814,99988284801.130445,0.5167789953568002
2023-10-14,0.486607129846035,48655011169.21056768369305259882,0.941587816654,99988282507.503052,0.5167942078681821
2023-10-15,0.48767646807531,48761931482.37424553572723524075,0.943643311652,99988280498.381825,0.5168017004450057
2023-10-16,0.498112371542085,49805398407.76099224109648477206,0.963113212166,99988278254.504236,0.5171898435718183
2023-10-17,0.491569129428875,49151149885.125035047680164394875,0.951001892394,99988276200.807889,0.5168960581050221
2023-10-18,0.488045685954561,48798845978.311125704813772033501,0.944443455149,99988274423.256541,0.5167547970117116
2023-10-19,0.519353188763061,51929228216.228274000786082020786,1.00278624551,99988272604.829226,0.517910163894327
2023-10-20,0.516776725291505,51671610974.299407116343919214495,0.997963510567,99988270456.941199,0.5178312832278754
2023-10-21,0.520865079728267,52080397339.996537309712740030571,1.005193202214,99988268300.049313,0.5181740968612099
2023-10-22,0.522671474155575,52261014640.77458678187438974865,1.008411200362,99988266482.702502,0.518311849340771
2023-10-23,0.546034042468979,54596996199.712493274367629462675,1.05126296584,99988264381.545825,0.5194076650770977
2023-10-24,0.558617227271411,55855165643.324534435219051602899,1.071447496305,99988261937.698209,0.5213668697699715
2023-10-25,0.554621048284544,55455593353.666817473162655418112,1.063149545498,99988259596.696298,0.5216773600977731
2023-10-26,0.553544369930069,55347937029.889162666964850324347,1.061034625594,99988257557.170063,0.5217024558648854
2023-10-27,0.545647833943867,54558375076.185266030366859948178,1.046514380691,99988255578.410134,0.5213954476034842
2023-10-28,0.544983456752166,54491943923.29721032829311263279,1.045263497785,99988253309.637065,0.5213838021771842
2023-10-29,0.55659746889931,55653207672.89275597028733925933,1.06676069038,99988251443.091943,0.5217641350292347
2023-10-30,0.57827175121328,57820372552.13299623651156548336,1.106172233907,99988236379.901437,0.522768275579314
2023-10-31,0.599270392374807,59919988081.834184738850623614659,1.14350923494,99988233766.032437,0.524062573404797
2023-11-01,0.609206011700807,60913405862.181719265438819815043,1.148355827071,99988189039.896549,0.5305028261620354
2023-11-02,0.605837261338978,60576569057.305356399685728895138,1.140934797996,99988186470.114721,0.5310007744553883
2023-11-03,0.612359431924305,61228707581.106606349960829863965,1.152559014712,99988184045.273613,0.5313041884257186
2023-11-04,0.616516241248303,61644337357.19953208890156070883,1.159964682809,99988180736.94861,0.5314957001581562
2023-11-05,0.657945543753543,65786774403.438030191138435867202,1.233105281914,99988175355.863214,0.5335680200252598
2023-11-06,0.715140089610656,71505550217.4103498030765790288,1.328189962663,99988171906.76605,0.5384320840497931
2023-11-07,0.685663822195298,68558270372.500367761781088673926,1.274687499395,99988169352.433587,0.5379073871209469
2023-11-08,0.68815266027622,68807122853.9455464169286045648,1.278587586204,99988166617.45784,0.5382131562212934
2023-11-09,0.666011758117584,66593292942.579609366232461582096,1.239572189452,99988164069.053269,0.5372916267281052
2023-11-10,0.660571115703437,66049291475.579900015399096642047,1.228986927374,99988161615.641531,0.5374923857936326
2023-11-11,0.661690360765541,66161201055.023754301937703927422,1.230490012873,99988159081.656742,0.5377454134882399
2023-11-12,0.661076047282942,66099775423.71653212016995273652,1.228932520179,99988156726.28006,0.5379270516713587
2023-11-13,0.669271837459007,66919255208.036628987898687639611,1.242903976993,99988153486.490373,0.5384742907317741
2023-11-14,0.630672702845281,63059796980.681628792292542758714,1.174587555586,99988150265.878394,0.5369311975475846
2023-11-15,0.648840714076928,64876381218.624892843559126322944,1.207037142448,99988147801.299973,0.537548258673308
2023-11-16,0.610842771620457,61077035958.019953969105163217703,1.13932824325,99988145551.748879,0.5361429203913987
2023-11-17,0.613490242360515,61341750215.773453181331932625555,1.144590980469,99988143217.649137,0.5359908061735165
2023-11-18,0.610762319719788,61068988819.623446332083270450744,1.139728682645,99988140800.240138,0.535883959945954
2023-11-19,0.627552168172925,62747773113.3625468873472555396,1.169818548385,99988138509.740752,0.5364525712464517
2023-11-20,0.613144149199962,61307140789.612146002996133832494,1.144910195006,99988136345.435987,0.5355390771035529
2023-11-21,0.581744684558344,58167565339.84460747915392241388,1.089986491097,99988133770.409895,0.5337173343982052
2023-11-22,0.611870453573845,61179783499.677864320833084736535,1.143665452811,99988131707.187003,0.5350082509443097
2023-11-23,0.620616131570472,62054246294.110580157305407033848,1.159379196098,99988129759.183059,0.5353003863267636
2023-11-24,0.621478693143289,62140490902.156161652839411153424,1.16019219071,99988127650.627216,0.5356687436095947
2023-11-25,0.622442427277283,62236851582.550502753083717404988,1.161904887765,99988125576.191636,0.535708588397964
2023-11-26,0.616939848738998,61686657770.285081807660936523416,1.152070358999,99988123471.632292,0.5355053568733761
2023-11-27,0.603460784591969,60338909994.286388503549119663505,1.128398094047,99988121075.812145,0.5347942253497229
2023-11-28,0.611217799072755,61114517929.82949128815427687163,1.14224061273,99988118838.396026,0.535104243590079
2023-11-29,0.609351032548758,60927862167.340924397447803069596,1.138885801385,99988116722.302762,0.5350413815043841
2023-11-30,0.606015955951999,60594392627.109310151823531326215,1.132737678414,99988114226.993785,0.5350011458968248
2023-12-01,0.612988075057107,61291519792.190135026457296026744,1.137646340126,99988111165.914792,0.5388212957193845
2023-12-02,0.61991117774449,61983746019.76675816226034538325,1.149768515071,99988108369.477925,0.5391617265725959
2023-12-03,0.623937810600007,62386359692.099338419411975083772,1.156755731597,99988105596.783396,0.5393859684953604
2023-12-04,0.623547345107847,62347316019.515157999784507338048,1.154836647327,99988102761.838784,0.5399441960480885
2023-12-05,0.621703936501556,62162995213.086522321470280755704,1.151116449084,99988099742.281334,0.5400877878135408
2023-12-06,0.639028164052433,63895210078.555619400206283915207,1.18165183803,99988097039.981079,0.5407922566411725
2023-12-07,0.642941707862699,64286516061.594992948775941616213,1.188422036598,99988094216.658687,0.5410045321131847
2023-12-08,0.672087139586504,67200710443.494428582698368448568,1.238792073344,99988091551.400767,0.5425342590159374
2023-12-09,0.661305003623511,66122623161.14232921533145421887,1.219299728307,99988088399.20217,0.5423645952433158
2023-12-10,0.66116438615851,66108561476.39476172603904458991,1.218596109957,99988085959.224141,0.5425623639827968
2023-12-11,0.619362676274816,61928886645.101462721884962863616,1.143718980507,99988082939.668676,0.5415339666744521
2023-12-12,0.619384426842703,61931058878.542693013697413527938,1.142578826509,99988078799.841246,0.5420933877578942
2023-12-13,0.628952410054311,62887741320.554135448590870226477,1.159727533649,99988075910.423307,0.5423277380294292
2023-12-14,0.632322236355546,63224682043.881021970856829897024,1.165199566566,99988073182.880544,0.5426729072849595
2023-12-15,0.615593789717664,61552035068.0914908970206035256,1.135969091596,99988070211.562275,0.5419106860141544
2023-12-16,0.619190914216685,61911702873.559447243851850490445,1.142396699186,99988067415.171297,0.5420104195485522
2023-12-17,0.609985019370371,60991221456.475098525425582496173,1.126099509908,99988064492.846863,0.5416794999051243
2023-12-18,0.612269540955251,61219644467.124856096843710805873,1.130219091925,99988061420.810123,0.5417264186472268
2023-12-19,0.604439430916017,60436724811.033030791480098671516,1.116425059094,99988057892.653148,0.5414061839551784
2023-12-20,0.616479480924533,61640582246.831818549352930649743,1.137584228607,99988051758.656371,0.5419198556219678
2023-12-21,0.623482973102122,62340843358.36733188796366077275,1.149931665479,99988044658.528875,0.5421913247709484
2023-12-22,0.625079328651602,62500457856.468684536334143693928,1.152509212446,99988041503.935764,0.5423638456867343
2023-12-23,0.619819226048895,61974508531.84000204238202308709,1.143221248977,99988038329.987342,0.5421690915940672
2023-12-24,0.613699305356446,61362587748.552130401059731604456,1.13280624069,99988035203.839436,0.541751345739972
2023-12-25,0.646145630406531,64606829936.329231531172565113979,1.18913255947,99988031948.279209,0.5433756104487797
2023-12-26,0.621311451372336,62123706457.294080162440823873552,1.143990573898,99988027453.987707,0.5431088905350834
2023-12-27,0.634749602332927,63467358638.89028351497748092324,1.16750681913,99988024262.83612,0.5436795673758276
2023-12-28,0.635191589340286,63511550074.963834314064019892532,1.168289845922,99988021158.981862,0.5436934948612865
2023-12-29,0.622025838684371,62195129416.582425241442965706326,1.145292059284,99988015848.553106,0.543115473159957
2023-12-30,0.621672035949839,62159748534.643501710495926684663,1.144696575496,99988008049.406617,0.5430889278938106
2023-12-31,0.613564570738795,61349094586.239733283158475456285,1.129845800968,99988000468.099223,0.5430516006813683
2024-01-01,0.629882784726034,62980715372.576914660331720537422,1.150794938882,99987992845.319983,0.5473458071843509
2024-01-02,0.626559071154332,62648377298.462788057407091548472,1.144889663248,99987982271.238146,0.5472658992979397
2024-01-03,0.581317597809797,58124768748.932261467457964153659,1.068347987486,99987973816.595647,0.5441275732429971
2024-01-04,0.587577725638338,58750701914.141999556115921035228,1.079821908405,99987966443.615406,0.544143178671237
2024-01-05,0.575861553190141,57579222050.960101313186335008126,1.059542786067,99987960182.416086,0.5435000462111839
2024-01-06,0.567333617447582,56726528077.671820373281064903828,1.044585359495,99987954764.399254,0.5431184845648772
2024-01-07,0.550454771191672,55038842980.164835214541245855216,1.014909574277,99987947894.450978,0.5423682908734054
2024-01-08,0.578635601106278,57856583625.527818642562424267106,1.065348421889,99987943214.889227,0.5431421206597205
2024-01-09,0.567282769500302,56721435148.912266372412497841978,1.045965150576,99987939346.150139,0.5423534131972815
2024-01-10,0.603176724586433,60310394990.763537017736966875412,1.108478993185,99987934766.738964,0.5441480878706788
2024-01-11,0.602212416866718,60213973006.277522177769268634466,1.105897377012,99987930038.985087,0.5445463832221237
2024-01-12,0.57009152045727,57002268662.80867404340205957559,1.049258029906,99987925828.272617,0.5433282416798306
2024-01-13,0.575007470053303,57493802037.634230076389873775791,1.058538297482,99987921952.221897,0.5432089433335603
2024-01-14,0.577435482323425,57736572425.157068823907855188575,1.062872566929,99987919330.559039,0.5432781880821633
2024-01-15,0.575783460543738,57571387934.555663177760221714304,1.06032495034,99987915387.823808,0.5430254756894188
2024-01-16,0.576519519138227,57644980451.912226450431528788243,1.060823194777,99987907674.104609,0.5434642850728952
2024-01-17,0.567873991107646,56780530470.426350899540507294882,1.045778825674,99987904640.033167,0.5430153844830944
2024-01-18,0.551593255566526,55152651615.744981911463270903928,1.017645334773,99987900611.836228,0.5420289728833343
2024-01-19,0.544203329309495,54413746500.29542481168177414879,1.004738257602,99987897114.370042,0.5416369140838135
2024-01-20,0.552635155394473,55256825304.619945276709448360013,1.019835798565,99987893939.134981,0.5418864058038363
2024-01-21,0.546958284312406,54689205299.530647500409645494558,1.009752905321,99987890974.686893,0.5416753756588878
2024-01-22,0.526564074165799,52650029747.038413141033122147228,0.973880676085,99987888141.530372,0.5406864383864628
2024-01-23,0.51712923046692,51706658181.14491807508264928876,0.957751445197,99987885299.886403,0.5399409555164406
2024-01-24,0.518116595130858,51805381214.208220934747707013952,0.960458195485,99987882459.398944,0.5394473154234746
2024-01-25,0.513691054374364,51362879384.882236590047006724736,0.952714032791,99987879772.285024,0.5391870348224987
2024-01-26,0.531450507657271,53138607974.394855066443206239854,0.984073896615,99987876968.335874,0.5400514224443357
2024-01-27,0.530246577817319,53018227916.893707381749268261807,0.981954226475,99987873821.148153,0.5399911355550531
2024-01-28,0.523608647141742,52354513763.773715351660137818258,0.970150861259,99987870806.879999,0.5397187881297513
2024-01-29,0.535351981633824,53528703267.818624844168782744832,0.991175162008,99987867990.057768,0.5401184393576471
2024-01-30,0.510311784694537,51024985658.418056674902403738414,0.947002076098,99987864652.117822,0.5388708193726575
2024-01-31,0.502911266738053,50285022210.971635454054365660928,0.934308419397,99987861749.701376,0.5382711493305717
2024-02-01,0.505636956181253,50557556214.532047783486999562142,0.938433340166,99987858079.758214,0.5388096677083218
2024-02-02,0.509689620334488,50962771037.012680230222442743072,0.945585373201,99987853399.031244,0.5390202035476546
2024-02-03,0.52002205810184,51995887504.06671101089113896832,0.964684726389,99987849926.712048,0.5390590768948756
2024-02-04,0.503147019370088,50308587367.562418474094224861112,0.93438405186,99987847350.354899,0.5384798877597657
2024-02-05,0.505933744916645,50587224829.667693219571693297535,0.940042765954,99987844926.220883,0.538202902293705
2024-02-06,0.505416136519758,50535468971.107434023968231319622,0.939597339463,99987842333.427109,0.5379071601124522
2024-02-07,0.513415031551273,51335260062.911194940485689614732,0.954313214017,99987840067.328684,0.537994260176017
2024-02-08,0.514222049522897,51415950813.649401835105781813067,0.955817049658,99987837669.259611,0.5379921290448735
2024-02-09,0.525943351354849,52587937130.215853197637466719473,0.976723238184,99987835181.768977,0.5384773606213402
2024-02-10,0.52410803885828,52404426683.59170237449517390992,0.973429681684,99987832275.478564,0.5384138666817628
2024-02-11,0.525833852536067,52576985940.88922849055023383116,0.975080180303,99987830162.15748,0.539272424112515
2024-02-12,0.53170322320125,53163850284.27284676419053441125,0.98565831788,99987827728.759689,0.5394396958419244
2024-02-13,0.525244226324347,52518027838.002204838010636642211,0.975939312446,99987825102.853113,0.5381935327596606
2024-02-14,0.538775933640762,53871032413.89567679144583868021,1.000042280886,99987822488.402205,0.5387531546800469
2024-02-15,0.563450074627672,56338144041.462665045519470447128,1.043853486681,99987818936.204649,0.5397788883372877
2024-02-16,0.564864183081232,56479535626.052000893901459896912,1.047388306006,99987815332.822741,0.5393073226444789
2024-02-17,0.550140451358589,55007340166.980568851353869576122,1.021371678416,99987812259.829698,0.5386290446312133
2024-02-18,0.557357090158404,55728914157.164188885894834756176,1.034410988115,99987808787.586644,0.5388159025399295
2024-02-19,0.563243775395374,56317508432.24450342520558180004,1.044779021288,99987804379.57246,0.5391032590805748
2024-02-20,0.56380651580934,56373773854.8501291170707168311,1.045588057724,99987801265.343665,0.5392243261046942
2024-02-21,0.548536693461609,54846976570.339459777866168082377,1.018669076526,99987798854.841953,0.5384837000572369
2024-02-22,0.541073068348411,54100703565.528850921593149244866,1.005569661635,99987795974.890406,0.5380761661689917
2024-02-23,0.534448022976478,53438278383.570634286163804148022,0.993898271309,99987793173.897749,0.5377291000542647
2024-02-24,0.545086829297687,54502027327.967065977363184943904,1.012547072338,99987789831.924192,0.5383323345541516
2024-02-25,0.542651177501423,54258490492.327932521296123967942,1.0058337965,99987787259.865754,0.539503821992944
2024-02-26,0.551091722158445,55102439962.563541397788431857715,1.020519798792,99987783788.051487,0.5400108090120133
2024-02-27,0.588027337503422,58795548465.099690782048858419774,1.083541666282,99987780695.242817,0.5426901020992979
2024-02-28,0.576271431500101,57620099533.96850028366498609077,1.062453950153,99987777259.71377,0.5423966200296156
2024-02-29,0.587796415792781,58772454581.049927803663099079038,1.081632045284,99987772980.516598,0.5434347275079535
2024-03-01,0.602022145813522,60194851575.805117269566759382098,1.094568966622,99987769543.698209,0.5500084180820971
2024-03-02,0.642594765795083,64251612945.878270021666628603284,1.163029431593,99987762686.457148,0.5525180604543444
2024-03-03,0.62702303689414,62694628255.04746581027207541654,1.135893561784,99987758927.639161,0.5520086194602217
2024-03-04,0.64978204655202,64970247822.0435004702058363601,1.168668310331,99987754612.180005,0.5560021101008406
2024-03-05,0.593358132825757,59328545051.049725717465025475506,1.075570349974,99987750683.568858,0.5516683616651392
2024-03-06,0.612908990952464,61283389474.864173819201099986432,1.108623960776,99987747576.731488,0.5528556234013271
2024-03-07,0.630035838896099,62995862200.830643642500909117366,1.135373834859,99987744048.350034,0.5549148831444949
2024-03-08,0.62185373413166,62177749900.38349217743393376762,1.120916972238,99987740665.748107,0.5547723422280595
2024-03-09,0.622133416317084,62205712609.06323571858542693612,1.121454780906,99987737320.57293,0.5547556860156905
2024-03-10,0.607275547534216,60720105770.706566503122542477376,1.096017154748,99987733768.064136,0.5540748563135792
2024-03-11,0.720378774407595,72029037610.62025410048230929485,1.28189197192,99987728913.65863,0.5619652749120675
2024-03-12,0.688337801291605,68825330701.021315639163259027185,1.224985079037,99987724881.412397,0.5619152535578061
2024-03-13,0.689356998396281,68927234215.490741144589902272012,1.226328194291,99987719535.513452,0.5621309218898223
2024-03-14,0.669736650997114,66965437170.025685912836941298948,1.193250813325,99987714679.085482,0.5612706427837155
2024-03-15,0.634561260823746,63448327812.16108489018484428209,1.134288997188,99987710768.534165,0.5594352606759636
2024-03-16,0.602089991373962,60201597561.698135923699814709396,1.079241464216,99987706861.425858,0.5578825604252908
2024-03-17,0.618303107363875,61822703859.992415437866471694625,1.10971656291,99987697172.625387,0.5571720996418258
2024-03-18,0.652098911621009,65201866440.306006164034176899661,1.166850802977,99987694011.365629,0.5588537197363206
2024-03-19,0.582961955610243,58289019384.022797060600787740753,1.051044003706,99987690145.244571,0.554650379579455
2024-03-20,0.612055441722201,61198007854.355463703675499750058,1.100864445987,99987686870.582458,0.5559771177580829
2024-03-21,0.640375978198561,64029710733.026695506163224044486,1.148295695492,99987683662.257926,0.5576751534579121
2024-03-22,0.610081294498075,61000613425.52218755660416831115,1.096240050502,99987680290.556202,0.5565216251848316
2024-03-23,0.619207935618041,61913162814.485139777967542172747,1.11191679068,99987676599.604067,0.5568833394802504
2024-03-24,0.633678951271094,63360083880.790202853682990963054,1.136899157745,99987673180.080341,0.5573748093260744
2024-03-25,0.641217894569925,64113883317.6110476990638764946,1.149001556877,99987670120.487272,0.5580652965456051
2024-03-26,0.632569606931053,63249159310.648515160453020694181,1.133879939907,99987667155.722777,0.5578805874129282
2024-03-27,0.611216383171944,61114098448.626764567070633071208,1.098030362351,99987664158.266657,0.5566479799914318
2024-03-28,0.625126917557908,62504977908.70971173576261282934,1.120982428778,99987660350.459355,0.5576598718316829
2024-03-29,0.630825017254535,63074715504.52700679031831318933,1.129987791424,99987657082.846238,0.5582582591087779
2024-03-30,0.620788331653639,62071168680.843152499160020974639,1.113138883917,99987653626.639001,0.5576917136064464
2024-03-31,0.62903128182556,62895359933.58838817734452316596,1.126379389245,99987650456.834091,0.5584541832279023
2024-04-01,0.612527518575918,61245185285.633908595208968607966,1.095033960311,99987646968.130537,0.5593685134677964
2024-04-02,0.586076797202627,58600438070.744583502100614128215,1.051955502374,99987643855.630045,0.5571307872623875
2024-04-03,0.575619330974223,57554819094.316130234509415388336,1.036047604241,99987641132.388432,0.5555915853846475
2024-04-04,0.592667347282534,59259408436.609230380239206594212,1.065311129611,99987638442.242918,0.5563326344848639
2024-04-05,0.58784224767216,58776956427.96544883684760939456,1.056861598804,99987635561.616516,0.5562149749195099
2024-04-06,0.594293273924131,59421977459.523039145624680197627,1.068085749245,99987632481.785417,0.5564097024459135
2024-04-07,0.594311934372785,59423841738.918202599347937126015,1.068146583312,99987629899.493679,0.5563954832210417
2024-04-08,0.616250987801884,61617474180.718012888678095032796,1.104899265884,99987627444.626769,0.5577440467469568
2024-04-09,0.614224632416862,61414861976.37082260180388688277,1.101428682308,99987624616.607335,0.5576617372354774
2024-04-10,0.617576155778025,61749971103.232772663378494517325,1.105945961554,99987621810.689733,0.5584144047239424
2024-04-11,0.608486100343816,60841076497.401832301600594808744,1.090574228993,99987619212.705909,0.5579501918963112
2024-04-12,0.547076814140551,54700906374.403354712911683100151,0.982994879018,99987615926.179601,0.5565408587754539
2024-04-13,0.480373071478196,48031356295.12910444028122514692,0.868048782715,99987612018.56677,0.5533940960964556
2024-04-14,0.505057434648882,50499485453.012956760910894333414,0.913017228329,99987609306.494827,0.5531740464232376
2024-04-15,0.497173326396985,49711170716.02364961760800037804,0.900939569919,99987606085.548664,0.5518387059430456
2024-04-16,0.497058741087548,49699711697.057808699678231319036,0.902682910619,99987602246.600657,0.550646007850861
2024-04-17,0.494818712420976,49475735182.39905305216174001816,0.899311247521,99987599378.227785,0.5502196417369076
2024-04-18,0.502737834549422,50267547743.716899755317721699592,0.913339745762,99987596495.038236,0.5504390199618296
2024-04-19,0.503096051403713,50303363516.751272407232575917106,0.914092253666,99987593574.621362,0.5503777648109676
2024-04-20,0.528829660596995,52876403512.1318497286282852765,0.959651899981,99987590432.1247,0.5510640479193187
2024-04-21,0.524697715341209,52463258713.923506336931215656284,0.951744340888,99987587481.311676,0.5513011139647583
2024-04-22,0.557294155308318,55722496645.393684606039463764794,1.008917700553,99987584859.140883,0.5523683002120573
2024-04-23,0.54513069443483,54506300101.55523090715107390408,0.987219340325,99987582166.997976,0.552188021615712
2024-04-24,0.526058197106959,52599285935.145186805937323647484,0.954215400718,99987579747.665476,0.5512992105463045
2024-04-25,0.525416671412721,52535140082.321059827490142747475,0.953163302746,99987577366.105475,0.5512346833947872
2024-04-26,0.525538627672182,52547332544.859446090792935554084,0.953548505474,99987574229.533462,0.5511398997064566
2024-04-27,0.518100731106439,51803633659.666198871524310455251,0.940126566361,99987571044.410709,0.5510967880759717
2024-04-28,0.509989798338751,50992639886.313106420173115185989,0.925841192798,99987568481.599739,0.550839390497956
2024-04-29,0.515737472247241,51567334257.266457646851020247336,0.936260494026,99987565442.104296,0.5508482687649523
2024-04-30,0.499664701727715,49960255545.564943541519776190745,0.909703703836,99987562404.978643,0.5492609292682332
2024-05-01,0.516003283479292,51593908812.082381015759544054796,0.936501381553,99987559118.222013,0.5509904135150382
2024-05-02,0.519026929656854,51896234181.903618324273425227232,0.941806471842,99987555975.590608,0.5510972213237534
2024-05-03,0.532126917909849,53206068462.178013190194530641471,0.964311917923,99987553103.246679,0.5518203270327509
2024-05-04,0.530359462760309,53029343256.089585946511999773816,0.961226169325,99987549915.849624,0.5517530417765699
2024-05-05,0.529821799863745,52975582366.311699095183015754835,0.960296247105,99987547473.387283,0.5517274502123651
2024-05-06,0.540322792287207,54025549191.144808212748162903893,0.978300162823,99987544412.947299,0.5523077812110775
2024-05-07,0.524810134548151,52474474883.919353745302323313568,0.951423200211,99987541073.494368,0.5516053575651322
2024-05-08,0.516722354472005,51665796372.838821605140303521025,0.937598795624,99987538618.552205,0.5511124341068622
2024-05-09,0.520604462498458,52053957525.499365476883902918274,0.944621669357,99987536172.250053,0.5511248358857058
2024-05-10,0.502323364484669,50226074263.764756434081105493756,0.912999007034,99987533558.769324,0.5501904828095421
2024-05-11,0.505833898917928,50577082564.07235765830835738376,0.919313114696,99987530832.28717,0.550230265218394
2024-05-12,0.499395986997035,49933370429.10912049654532131865,0.908003464233,99987528392.78539,0.5499934820390581
2024-05-13,0.504954451462696,50489145608.568268264009305877824,0.917838362721,99987524542.692744,0.5501561843260954
2024-05-14,0.499725568010979,49966320875.995210115700264406446,0.908880797186,99987521300.686074,0.5498252021147185
2024-05-15,0.518694037866615,51862929764.141579052099159752385,0.941952738914,99987518610.110599,0.5506582405234363
2024-05-16,0.515557378394526,51549301638.134253860875330491324,0.936133551916,99987516032.961474,0.5507305846898941
2024-05-17,0.52383773833608,52377232864.38732423884873229816,0.95036012463,99987513367.705327,0.551199197819904
2024-05-18,0.521086897607236,52102181505.909828419093828077352,0.945496167761,99987510231.319082,0.5511253407205295
2024-05-19,0.50934491109673,50928128232.37993276250303777908,0.92579235211,99987507723.834196,0.5501718716252811
2024-05-20,0.536542245596722,53647520581.184084912966410428148,0.972696308248,99987505217.821834,0.5516030451098664
2024-05-21,0.536956106561056,53688900155.718278232845563124352,0.973901513424,99987502702.166292,0.5513453867355123
2024-05-22,0.52628912788051,52622334349.73593008654816089899,0.955629668761,99987500334.005449,0.5507249775562727
2024-05-23,0.527852850603385,52778685659.705909110177436162605,0.958301986765,99987497650.860373,0.5508209916012915
2024-05-24,0.535277680411648,53521074346.368792052522904389632,0.970952553726,99987494911.443234,0.5512912843758808
2024-05-25,0.541385168391794,54131744819.540440772378761113054,0.981483750985,99987491309.266791,0.5515987074146356
2024-05-26,0.528237630125753,52817154070.766622885585857277926,0.958517204283,99987488695.557142,0.5510987468617121
2024-05-27,0.533822501739219,53375569951.608007672777156192398,0.968563132036,99987486060.830842,0.5511488968376071
2024-05-28,0.528362239329403,52829610532.348447954514110406323,0.959494265944,99987483207.353641,0.5506674277095058
2024-05-29,0.523344858377551,52327933616.170010027908949222778,0.952124811559,99987480107.083878,0.5496599311603184
2024-05-30,0.519160902534993,51909588902.952376245909838034856,0.944957762596,99987477195.383592,0.5494011722902277
2024-05-31,0.517495605394592,51743078101.373723973349997337408,0.942237137164,99987473443.217874,0.5492201325795545
2024-06-01,0.518333154452743,51826820475.516750690586147784658,0.937439480587,99987469507.397406,0.5529243915865123
2024-06-02,0.513445961193543,51338160991.685761237974935506914,0.928947050897,99987466786.857998,0.5527182208046785
2024-06-03,0.520111844233759,52004664210.913449794912191135386,0.94058173461,99987463826.223654,0.552968258999221
2024-06-04,0.525526502861291,52546060777.590269300364987999535,0.949736940919,99987461129.927885,0.5533390144356947
2024-06-05,0.525544747534892,52547883575.570949318160899973772,0.949779735686,99987458388.749641,0.5533332916976854
2024-06-06,0.521699397483931,52163395261.029678264243942335115,0.943438101454,99987455443.891665,0.5529768160517397
2024-06-07,0.499048646706782,49898602808.211793650783708681126,0.904643956152,99987452400.667293,0.5516519989030146
2024-06-08,0.493119893943866,49305800446.755042450616315160978,0.894217180261,99987449405.899933,0.5514542829516387
2024-06-09,0.498548688239828,49848610490.92767956426267089022,0.903930353918,99987446896.957615,0.5515344031527608
2024-06-10,0.496305982467779,49624366706.136959912820227354651,0.900427295301,99987444155.700169,0.5511894020292567
2024-06-11,0.480285484023768,48022516702.111397405519487642096,0.872770052253,99987441427.096922,0.5503001423845167
2024-06-12,0.491310038810615,49124832390.313335065843936728715,0.892389587729,99987438704.156941,0.5505555483462403
2024-06-13,0.477176832634475,47711688017.252073441067541752425,0.867570845685,99987436007.397243,0.550014831650682
2024-06-14,0.473951854771109,47389228609.784355383601633075383,0.862072885412,99987431492.742187,0.5497816516344775
2024-06-15,0.491165984373134,49110423505.027301365623218674998,0.892743393603,99987428013.171597,0.5501759944600092
2024-06-16,0.488633557858741,48857211423.475105165275504523666,0.888150044555,99987425418.700426,0.5501700538714341
2024-06-17,0.504809510220961,50474601663.58925640335519338247,0.915879348342,99987422268.44327,0.5511746837995732
2024-06-18,0.490585902788446,49052418232.61277941926258368201,0.891505024167,99987419030.598435,0.5502895547300333
2024-06-19,0.492746840401245,49268483622.64536584082387680367,0.895307948111,99987416626.610766,0.5503657612343171
2024-06-20,0.488725215380875,48866370533.6849926617413185165,0.888526209526,99987414186.522556,0.5500402915988196
2024-06-21,0.48895937553813,48889782361.15595437572805405518,0.889034765804,99987411648.155286,0.549989037938172
2024-06-22,0.486616680926566,48655540991.974060084998720971378,0.884901633522,99987408773.840483,0.5499104787385026
2024-06-23,0.479465410047575,47940502901.06116404107801646245,0.872445358614,99987406591.654366,0.5495649731110634
2024-06-24,0.473727969536093,47366829918.83476038668140353677,0.862758318362,99987404090.19889,0.5490853689310059
2024-06-25,0.475180716516375,47512084761.359078160447364422375,0.865422340386,99987400813.900209,0.5490737809061325
2024-06-26,0.469730140837921,46967094689.26422541585692846084,0.856405452159,99987398308.06404,0.5484903670962513
2024-06-27,0.474455662550277,47439586159.913850086300164030554,0.866034278276,99987395882.090002,0.5478485949710535
2024-06-28,0.470703115413543,47064377384.815256271290585190771,0.859558670024,99987392994.979797,0.5476102235120266
2024-06-29,0.471701715115734,47164223326.36012060529624403654,0.861474336316,99987389943.63881,0.5475516741832547
2024-06-30,0.475725811914426,47566581004.168369439152566693156,0.868690630378,99987387299.314106,0.5476354818140721
2024-07-01,0.47646678529518,47640667612.93748822393132716308,0.866559824383,99987384395.374406,0.5498371513293148
2024-07-02,0.484294456439168,48423334628.817486367875865956096,0.880191648049,99987381612.533322,0.5502147827835416
2024-07-03,0.466758450523845,46669953926.47489595839511504523,0.851766421269,99987378641.130134,0.5479887899647973
2024-07-04,0.436166600504617,43611153716.103005994447870147507,0.798080605352,99987375616.674171,0.5465194838461739
2024-07-05,0.425839712281776,42578593902.421540869186323095248,0.7804048906,99987372418.304423,0.5456650995028708
2024-07-06,0.448904805735627,44884810446.884046322314237901629,0.82186569748,99987368977.551127,0.5462021436252374
2024-07-07,0.420749585233088,42069643005.833163856737128748224,0.771318894694,99987366553.260673,0.5454936837765514
2024-07-08,0.431492146057961,43143762274.229436153672204985373,0.791790157212,99987364007.395093,0.5449577039165315
2024-07-09,0.435849518400188,43579443360.79586408289065620102,0.799942512505,99987361511.277665,0.5448510506527976
2024-07-10,0.43883659964898,43878112563.59625911520424369662,0.805123188242,99987358845.396719,0.545055223918202
2024-07-11,0.448687468591978,44863072898.584799797831726024268,0.822460781443,99987354314.505806,0.5455426917800991
2024-07-12,0.474700356837176,47464031027.890736341959194356288,0.867729782515,99987350639.744888,0.5470601175648482
2024-07-13,0.527067877107841,52700118547.001659938087490396192,0.96069837367,99987346669.998112,0.548629925430569
2024-07-14,0.523691489498799,52362521062.6486156948049342409,0.951822608735,99987343908.8391,0.5501986238746737
2024-07-15,0.536590241439633,53652230701.145391975756299127891,0.972667319107,99987339607.966627,0.5516688295153921
2024-07-16,0.578489659805821,57841640190.682330701482785784865,1.042129911389,99987336351.176565,0.5551032107261777
2024-07-17,0.628510713909832,62843109754.320171094369020653352,1.121628373052,99987332536.284861,0.5603555767759572
2024-07-18,0.570128973348482,57005673601.426700626582625027046,1.023558509873,99987329650.378803,0.5570067249201239
2024-07-19,0.572194566305975,57212204959.922231130056610551,1.027044845995,99987326564.94436,0.5571271483784465
2024-07-20,0.594898208040581,59482279448.606492555586405811935,1.065983578566,99987323284.303635,0.5580744581833613
2024-07-21,0.596860949202576,59678527065.50638089234269571264,1.069021022067,99987320573.13964,0.5583248008056181
2024-07-22,0.605783741172087,60570691196.058344178215441343075,1.082894748585,99987317386.340725,0.5594114681631379
2024-07-23,0.59752129435469,59744549678.48471272722942806957,1.067859083722,99987314666.345953,0.5595506967754981
2024-07-24,0.615756577033658,61567844842.357098398531166354826,1.097976136081,99987311770.105097,0.5608105283885991
2024-07-25,0.598500063107563,59842410690.442046147258135480409,1.068472912943,99987308906.410443,0.5601452838510014
2024-07-26,0.603392652970623,60331606085.628130058026345933821,1.075421935008,99987306422.449027,0.561075270392485
2024-07-27,0.597827811852129,59775190685.366272123160919316686,1.065741917087,99987303200.526734,0.5609498906509899
2024-07-28,0.600915496203572,60083918243.178066145477934395096,1.071054106362,99987300415.403918,0.561050550699697
2024-07-29,0.601981286524968,60190482038.574653382879055371648,1.072433920943,99987297588.657136,0.5613224971433586
2024-07-30,0.626628623544999,62654900791.998066617554114776201,1.113142214298,99987294607.678799,0.5629367168867822
2024-07-31,0.625632376313514,62555285995.362612625081689102624,1.110671963409,99987290242.177616,0.5632917701399901
2024-08-01,0.596407552275689,59633172801.700548860678857556568,1.058607316055,99987286502.594712,0.5633888442205915
2024-08-02,0.560748697905617,56067738986.933438083604252060314,0.991199064945,99987283423.653242,0.5657276300363863
2024-08-03,0.555908927820725,55583821553.100367211129524039375,0.982886660156,99987279878.738675,0.5655880279548134
2024-08-04,0.524705299150124,52463854028.384706811511230895408,0.930133513419,99987276883.541092,0.5641182599919485
2024-08-05,0.491987477614169,49192486390.572501349013771653501,0.876674105987,99987273312.575429,0.5611976836709086
2024-08-06,0.505358651495359,50529432135.732574075074989760978,0.89965565352,99987270399.380142,0.5617245326232194
2024-08-07,0.605670134697321,60559301517.038578750743364506915,1.068963385108,99987267074.515115,0.5665957722547519
2024-08-08,0.616724902242948,61664632640.4429861202182038688,1.086727939767,99987259175.3256,0.5675062540263545
2024-08-09,0.580321859545746,58024790538.370386063172636533966,1.02646914522,99987256354.241071,0.5653573341665007
2024-08-10,0.585333890547075,58525927726.976252758521213513525,1.035138399133,99987252869.085927,0.56546437755312
2024-08-11,0.552133457734327,55206306173.705799167946249896285,0.97860034729,99987250184.482955,0.5642072979672742
2024-08-12,0.569272905586602,56920030864.01436384182353660875,1.008413427336,99987247426.366875,0.5645233295737565
2024-08-13,0.576067000285561,57599352004.93610002943985409141,1.020127578324,99987244498.26781,0.5647009379277833
2024-08-14,0.569141527934465,56906891544.982212062307141554415,1.008406661753,99987241752.520431,0.5643968346510894
2024-08-15,0.561183130926886,56111151777.256302932832640371202,0.993909912471,99987238897.540507,0.564621726663039
2024-08-16,0.56430177254367,56422974658.00114121946097816473,0.999590749311,99987236268.400519,0.5645328079843007
2024-08-17,0.565899318720031,56582706818.156727473516218385117,1.002397303234,99987232616.107907,0.5645459309340614
2024-08-18,0.566397207482209,56632487441.907898728232610095958,1.003236691021,99987229269.111062,0.564569869255662
2024-08-19,0.598151981206893,59807557349.726462953024043448975,1.0567683888,99987226037.524075,0.5660199411207947
2024-08-20,0.594331797570506,59425585611.270393340479924200584,1.049410974583,99987222380.139764,0.5663479913640822
2024-08-21,0.600008963143923,59993227389.150038044023175089099,1.110821957648,99987218648.864713,0.5401486340928591
2024-08-22,0.597612247972914,59753584494.677598054699298167852,1.054512148393,99987215284.426118,0.5667191685592543
2024-08-23,0.611464831707958,61138664038.438992783992758907804,1.076469505648,99987212457.771338,0.568028010547197
2024-08-24,0.61261898832702,61254062992.51461226159337638926,1.078225245765,99987209276.341913,0.5681734783462311
2024-08-25,0.601674268586163,60159729425.838199274811576523614,1.059642710717,99987206644.558378,0.5678086231339657
2024-08-26,0.588199244923363,58812397890.699463028115200967971,1.03712286856,99987203993.031617,0.5671451886313644
2024-08-27,0.567841240307806,56776855734.427371527235130014432,1.003766679283,99987200125.955472,0.5657103906989822
2024-08-28,0.570263826893976,57019081739.566873017470214358728,1.007967050618,99987197241.896803,0.5657564168832091
2024-08-29,0.56141682942206,56134493815.58094021868112956924,0.994581818498,99987194672.036354,0.5644752588277774
2024-08-30,0.566759367827946,56668677433.05562430000733072153,1.0036749171,99987191478.163305,0.5646842002045147
2024-08-31,0.565971679815896,56589902156.581121151762400588192,1.002413476158,99987162210.994652,0.5646090094330374
2024-09-01,0.5475271845917,54745687817.3951130545870907724,0.967535862026,99987159282.730172,0.5658985946476334
2024-09-02,0.567686653537833,56761374312.382622364134784892305,1.001535654745,99987156574.220585,0.566816219520783
2024-09-03,0.559269848838282,55919800450.59857554365280938741,0.987691579835,99987153905.678005,0.5662393608050313
2024-09-04,0.558611561748783,55853978823.325846672376326364313,0.986592151074,99987151444.681911,0.566203127747044
2024-09-05,0.544040760252272,54397084402.371199145520844960672,0.962614169527,99987148715.010326,0.5651701143352144
2024-09-06,0.521082764569447,52101578399.5041002569984174993,0.918385367254,99987145885.6519,0.5673900991339836
2024-09-07,0.524373219503976,52430580030.551164614213011083776,0.924718270217,99987142898.234176,0.5670626788642592
2024-09-08,0.529479146081574,52941105640.203992843739734590236,0.93323696861,99987140252.824314,0.5673576635848462
2024-09-09,0.539957087651001,53988763627.705078370228217990276,0.951045068211,99987137612.314276,0.5677513145267744
2024-09-10,0.541183267081027,54111362800.362504206827052213799,0.953251422663,99987132071.215437,0.5677235346464832
2024-09-11,0.535340379147806,53527147783.982623245936628053636,0.943457991843,99987129439.387806,0.567423651902131
2024-09-12,0.562231059076459,56215867452.010080369102251760799,0.988603141606,99987125478.895261,0.5687125959999546
2024-09-13,0.572288985402198,57221528978.257058903371376946564,1.00495773165,99987122656.296518,0.56946572714315
2024-09-14,0.596906980195688,59683009523.175056549418256262576,1.044985118016,99987119439.629902,0.5712109865535412
2024-09-15,0.571278615946029,57120501674.456190153462320212176,1.00184026794,99987116758.896144,0.5702292413547134
2024-09-16,0.585419352181453,58534391461.92833098414024229399,1.027611548497,99987113927.49683,0.569689347144547
2024-09-17,0.584470258943764,58439492514.614181950246956590732,1.025658126064,99987110756.027463,0.5698490014276878
2024-09-18,0.584400433377064,58432509325.913194633419311863552,1.02544358321,99987108134.486368,0.5699001319484438
2024-09-19,0.587617769377963,58754199896.569247087896396879754,1.030424984391,99987105493.363358,0.5702673928517521
2024-09-20,0.58521254576939,58513706921.35378346603183303633,1.025669529576,99987102710.562547,0.570566375322966
2024-09-21,0.598112245307,59803508458.110929002002972699,1.047348906036,99987099290.058657,0.5710725832241825
2024-09-22,0.5875120498942,58743624195.9914320781497940912,1.029434034462,99987096786.474536,0.5707136448050738
2024-09-23,0.585288321192466,58521278408.95489126549801923793,1.025667264925,99987094035.506605,0.5706415142685324
2024-09-24,0.591432671824313,59135632624.509799994148381227898,1.035563089693,99987091416.681546,0.5711218154749484
2024-09-25,0.5832392390867,58316393430.880764525955012348,1.021936144012,99987088526.82644,0.5707198463467316
2024-09-26,0.589764918579765,58968875273.25401605020162661761,1.03274688843,99987085388.631074,0.5710643384037071
2024-09-27,0.588636314550471,58856027819.226527511746253304956,1.03093958574,99987082625.328036,0.5709707170939144
2024-09-28,0.61387071906041,61379140154.70571715217613010241,1.072634527421,99987079117.656201,0.5723018450062171
2024-09-29,0.641539841615235,64145691733.025524097854299671415,1.1175905035,99987074180.027389,0.5740383795371388
2024-09-30,0.613209811814985,61313051970.43367585977167993558,1.070283153315,99987069334.325628,0.5729416649376228
2024-10-01,0.597293423991586,59721616798.531840166305093599804,1.037127566622,99987065652.631614,0.5759112410221765
2024-10-02,0.540555034186415,54048509892.263342324797205427405,0.943400987481,99987062323.101507,0.5729854445348477
2024-10-03,0.522430066594062,52236246053.939164497553358631942,0.914002404291,99987059310.136741,0.5715850025573136
2024-10-04,0.533927791906448,53385868220.178795424931127245696,0.933296390225,99987056357.487352,0.5720881356647358
2024-10-05,0.529520688136595,52945212977.223965170057067113855,0.925820591593,99987052750.555109,0.57194740854217
2024-10-06,0.533620776444484,53355167237.072160488591177903432,0.933020188458,99987049965.666098,0.5719284352532582
2024-10-07,0.53099877805307,53092999849.64760842150700116388,0.928697701095,99987047134.675884,0.571767085701822
2024-10-08,0.530029633380362,52996096311.459712798451689799498,0.926955142898,99987044070.474529,0.571796421262949
2024-10-09,0.524443673711354,52437571312.60912700244219813828,0.917690361991,99987041394.78282,0.5714821637371597
2024-10-10,0.52963738086621,52956872734.86228656704851537237,0.926537432897,99987037637.435097,0.5716308505854917
2024-10-11,0.538421937893791,53835213074.976004438195566647629,0.94125151006,99987034862.601619,0.5720277015645577
2024-10-12,0.53957696698889,53950699224.5672929684270111232,0.943237224837,99987031554.81088,0.5720479989348743
2024-10-13,0.531204464626582,53113556132.487211385428399645282,0.929079226401,99987028854.932851,0.5717536777615011
2024-10-14,0.547858612525707,54778752958.957955448744321133686,0.957323168033,99987025313.739298,0.57228178615105
2024-10-15,0.540746016404357,54067583211.446484777613599298642,0.945053191138,99987020840.142506,0.5721858002015839
2024-10-16,0.548719647306587,54864840973.451519641739372631122,0.958581753159,99987017492.006806,0.5724286379312823
2024-10-17,0.543761898813774,54369128676.635634931467591355452,0.949894235609,99987014160.504498,0.5724446769225368
2024-10-18,0.546228591137604,54615764313.305501940972948636864,0.954123267148,99987011297.888816,0.5724926851122216
2024-10-19,0.54417682079066,54410611556.76538397087326221892,0.950672881368,99987006939.600362,0.5724122686739523
2024-10-20,0.54731604961261,54724491552.60545873222686819229,0.951228411301,99987003106.047089,0.5753781564030904
2024-10-21,0.544780922051498,54471009239.940043912635699446012,0.948881680136,99986998507.247494,0.5741294551849881
2024-10-22,0.533745964008768,53367655101.471849129172727083776,0.93055106232911086,99986995125.259932,0.5735805219251863
2024-10-23,0.525645078174875,52557670115.90526227145077067575,0.91794754586569245,99986991789.962194,0.5726308442593556
2024-10-24,0.531383777574153,53131463730.058042998481609644393,0.928040737088640663,99986988636.746081,0.5725866940293576
2024-10-25,0.499100542221935,49903558468.78836250310657785267,0.873806608929771484,99986985080.448482,0.5711796376010794
2024-10-26,0.512372263305126,51230555477.781495177204224360328,0.896609496573367775,99986980456.966828,0.5714553161251282
2024-10-27,0.516653779922597,51658649199.399296485217442646791,0.904171428825541625,99986976205.107003,0.5714113092399921
2024-10-28,0.519173384519502,51910574591.370940547220559083096,0.90830529051017277,99986971865.698548,0.5715846752669415
2024-10-29,0.527757638948773,52768885709.667720936388759987595,0.922607756886882918,99986967151.772015,0.5720281831680711
2024-10-30,0.523437994425145,52336975525.85341898976730747887,0.915294076410021557,99986963276.006406,0.5718795826562981
2024-10-31,0.509609048467293,50954259212.90291356246000471653,0.892409582329247037,99986959348.84521,0.5710483824447292
2024-11-01,0.512792309679322,51272541926.7078333535651441958,0.894468581555365115,99986955652.2239,0.5732927016705747
2024-11-02,0.509314642177834,50924818392.39987118963409505381,0.888876498798710079,99986951434.666965,0.5729869592301714
2024-11-03,0.502673631839285,50260802377.4164453835520635665,0.877902926808027448,99986948178.5069,0.5725845267049731
2024-11-04,0.502721716478322,50265608563.294700149394673935016,0.878762776452763756,99986944895.511028,0.5720789841686528
2024-11-05,0.513953251480997,51388613609.709880523847970260232,0.898118217325736213,99986941344.625256,0.5722556803394542
2024-11-06,0.543288333212422,54321736600.588453087042509182898,0.947028951839957759,99986937469.075059,0.5736765831254487
2024-11-07,0.554633134442109,55456066422.886411458446787146232,0.966036297795901178,99986933666.825048,0.5741328102345166
2024-11-08,0.553718456770469,55364608672.357747796621147380237,0.963678657814148816,99986930172.544073,0.5745882740896571
2024-11-09,0.559790163304514,55971697708.869925874321075805196,0.973751066988832135,99986926134.003014,0.574880153955132
2024-11-10,0.588877022260909,58880001003.791993814915601119036,1.023002041671275351,99986922189.170604,0.5756362140772098
2024-11-11,0.619779888373845,61969880903.566827633052158924435,1.073058059962920922,99986918043.050823,0.5775828088885155
2024-11-12,0.710514543219755,71042156135.409300056482918783065,1.202315064296570002,99986913446.522763,0.5909553696189033
2024-11-13,0.690791718792237,69070128365.233061745632740922445,1.168125915681614616,99986908479.437985,0.5913675139971124
2024-11-14,0.771997669042591,77189655396.131829398979969890743,1.291570495442775663,99986902151.997673,0.5977201180783672
2024-11-15,0.891829861542283,89171300226.08086705758074944229,1.470143489729796093,99986896684.38863,0.6066277664544135
2024-11-16,1.12656295416103,112641524607.96456344750694501403,1.785242484016410306,99986888608.325101,0.6310419812699654
2024-11-17,1.0592600425337,105912109632.4434304529537923544,1.672132888858945245,99986882710.223512,0.6334783853552055
2024-11-18,1.11842283488512,111827605572.96094397226711486208,1.724273496983700948,99986876237.597059,0.6486342432575776
2024-11-19,1.10193930194231,110179463761.96183758403586767601,1.695030347800894781,99986871842.901271,0.6501000429708815
2024-11-20,1.1063788707978,110623357561.356848188328610987,1.689780598276165329,99986867501.895915,0.6547470552842632
2024-11-21,1.22759872889217,122743745427.36347663575047893562,1.830153820792241519,99986862594.857786,0.6707625965345164
2024-11-22,1.46265166340083,146245937559.04511908101954868256,2.091271210232232805,99986853478.843232,0.6994079276969554
2024-11-23,1.47206683252063,147187319393.76950485644926165681,2.034531760608122625,99986845802.197487,0.7235408466076875
2024-11-24,1.43725663271819,143706748538.00567210504292415467,1.990482913245048099,99986839696.277793,0.7220642906072762
2024-11-25,1.41860006444663,141841328763.35086229872785981035,1.955177690475281551,99986833723.062445,0.7255606850248911
2024-11-26,1.39897996803758,139879569477.99510420680341913114,1.917236871593676431,99986828027.431483,0.7296855118766298
2024-11-27,1.4730995053187,147290539730.0324155821196203926,1.999240280990455357,99986823156.366898,0.7368296444031744
2024-11-28,1.53034286039043,153014113744.91372273544717365577,2.046941703667635433,99986818447.910339,0.7476240567322545
2024-11-29,1.80072846726813,180049098883.6924123836776747283,2.329540696143324636,99986812091.02191,0.7729972136779277
2024-11-30,1.93706635721928,193681073695.1868178872247645932,2.461092228720163675,99986803742.346815,0.7870758903767733
2024-12-01,2.25397027572323,225367259230.66474577305166386786,2.660553337730812706,99986792930.688182,0.8471810144748468
2024-12-02,2.72664862867931,272628803392.45746821302550719784,2.956971616282070027,99986775166.006264,0.9221084888557857
2024-12-03,2.54050873259326,254017255510.15961812559984027224,2.676703322594603845,99986767316.035924,0.9491185336635192
2024-12-04,2.33872818012382,233841856323.63537529988515887964,2.41869050888271575,99986761313.687602,0.9669398261310277
2024-12-05,2.25318562724993,225288721821.58485923959441451856,2.332966464471027147,99986756127.392592,0.9658028358160791
2024-12-06,2.41564537730086,241532534606.62481983858660205704,2.465748932876877863,99986751729.470764,0.9796801876671358
2024-12-07,2.58973778101091,258939455471.41452640578036209615,2.611150941726726874,99986746677.625765,0.9917993401401543
2024-12-08,2.60686088206281,260651526635.07368817003569981367,2.618293293570876852,99986742073.025407,0.9956336398461781
2024-12-09,2.22405764104908,222376267175.8313100159968989104,2.275887238142503727,99986737336.05988,0.9772266410106832
2024-12-10,2.3713742580297,237105963633.3739882543061066094,2.40225043952244053,99986732516.181502,0.987146976441441
2024-12-11,2.41641494335498,241609423500.56590125395269140032,2.296563400503098573,99986727927.245984,1.052187343413043
2024-12-12,2.3434748497235,234316370353.330662366363879269,2.226914312652842264,99986722870.517254,1.0523417252331562
2024-12-13,2.42471336939245,242439132393.96152748571060849975,2.288081735952496588,99986718205.256755,1.059714489781142
2024-12-14,2.39963644057168,239931761294.90837236325715600464,2.263760572959163452,99986713503.045473,1.0600221901713311
2024-12-15,2.44429182418864,244396695713.1743536152500144056,2.297470469890907504,99986709154.214665,1.063905654597904
2024-12-16,2.48852597862434,248819512521.27078229016551361356,2.307709751142548324,99986704843.972934,1.078353106317755
2024-12-17,2.55381585026501,255347617775.2357179420602913478,2.346143836717269895,99986699412.46478,1.088516317839368
2024-12-18,2.31034770093664,231004029819.34695848324872236192,2.140943735229675373,99986694524.679303,1.0791258373208912
2024-12-19,2.25572170396224,225542145307.12193555740669332288,2.096860744566155298,99986689364.628037,1.0757613302684788
2024-12-20,2.27476674234782,227446383977.89675944578252517476,2.117391088439493581,99986684236.092718,1.0743252650715138
2024-12-21,2.23287928288473,223258184500.93277480352556875681,2.085445783266708518,99986679177.970697,1.0706963953707187
2024-12-22,2.20181711775617,220152372221.1502887174091426173,2.060424263846516687,99986674844.95869,1.068623174552261
2024-12-23,2.25616805308059,225586731438.18289267843663376877,2.106003881809747007,99986670376.865303,1.0713028938682692
2024-12-24,2.32475779839394,232444781845.81801017738119867888,2.161571155751828148,99986666140.620152,1.0754944579121908
2024-12-25,2.29540341394369,229509724997.73861383774826569226,2.136453971816455239,99986661866.735754,1.0743987206015457
2024-12-26,2.1536635709591,215337620354.5870717538068545055,2.018047774449817171,99986656810.418105,1.067201479680656
2024-12-27,2.13909701741814,213881149998.9974592580195527597,2.012861202670267519,99986652432.038355,1.0627146146889848
2024-12-28,2.18216264460022,218187128404.06512334098119265088,2.051790895394461933,99986648082.337504,1.0635404657942462
2024-12-29,2.08970777006433,208942865734.81982874763039272783,1.968709214393800473,99986643457.035951,1.0614608570863966
2024-12-30,2.05449106425893,205421655232.77562322890808741104,1.941805865215719312,99986638446.087728,1.0580311353785576
2024-12-31,2.07793931423552,207766156676.53463782616150462848,1.968425257281713019,99986633513.872574,1.0556353646391634
2025-01-01,2.32038287115018,232007261140.3211147665579574943,2.115434455010035227,99986628941.679135,1.0968824232085095
2025-01-02,2.40340283573674,240308133185.15780129238634202668,2.173378947596396028,99986622971.381182,1.1058369910110404
2025-01-03,2.45578134796648,245545271056.42564171259560651624,2.210117709525771635,99986617806.894913,1.1111540970790286
2025-01-04,2.42167742289663,242135321223.24553208395494886242,2.180580199328405241,99986612144.907934,1.1105656300293292
2025-01-05,2.40449349519232,240417149060.34653888310425722624,2.164520300868738143,99986608215.430882,1.1108666868253756
2025-01-06,2.41709920488733,241677540319.52264030761353129319,2.153217147056007905,99986603706.978643,1.1225524597888865
2025-01-07,2.28008704478301,227978149564.78520371897011289236,2.051493649692782315,99986599233.750436,1.1114277858595665
2025-01-08,2.3750678026343,237474941028.3944093919047946027,2.12671661858578891,99986594389.010589,1.11677681073168
2025-01-09,2.27757956092071,227727411483.19732001503020966261,2.048947638171410064,99986589004.661891,1.1115850490710164
2025-01-10,2.34198813621758,234167393863.72957163263480975372,2.10118411126200872,99986584151.498234,1.114603962434753
2025-01-11,2.57162756126492,257128239453.26250462725021387592,2.280298182320615952,99986577887.968926,1.127759334811127
2025-01-12,2.50065921397187,250032343490.0664764357233601075,2.216430560854437241,99986572377.82225,1.1282371115690906
2025-01-13,2.52096305896774,252062439296.68696962674055587066,2.218793642622851087,99986566007.000159,1.1361863539448818
2025-01-14,2.66681034926936,266645190578.34918862379056886152,2.30931101543341745,99986559093.489107,1.1548077896163529
2025-01-15,3.15723083835029,315680626666.25006323002482856978,2.605385793750743707,99986552402.737482,1.2118093396852
2025-01-16,3.22990846805579,322947386604.96479164759288431312,2.603298198877367438,99986544448.226928,1.240698614338011
2025-01-17,3.29709238350835,329664850903.21752231877504085595,2.637089947856330465,99986537396.452857,1.2502768008306016
2025-01-18,3.26011837078266,325967920836.995568769964346732,2.583789104168981009,99986529249.4702,1.261758695987382
2025-01-19,2.94753222338867,294713493496.4083964188074681033,2.371519140892933322,99986521320.39699,1.2428878066229117
2025-01-20,3.11709666303398,311667626936.88157222936639897848,2.470113370440621015,99986513293.920276,1.261924533641122
2025-01-21,3.1643902386959,316396325339.5448803459384409987,2.493967747074749497,99986506553.609293,1.2688176270152285
2025-01-22,3.17035738815664,316992938888.88459176100335134128,2.491409948774679393,99986499967.814577,1.2725153440588448
2025-01-23,3.12753428427364,312711187223.41267448912005243888,2.433270186174153285,99986493767.897692,1.2853214172615506
2025-01-24,3.09676847989801,309635003574.30676056632390264176,2.410979137776657629,99986487715.899376,1.2844443286032616
2025-01-25,3.11462173085135,311420068624.4654462562431787655,2.420141620262547086,99986481677.61353,1.286958459279529
2025-01-26,3.02812878738078,302771925964.47341611240614029376,2.358334697200749359,99986475881.152992,1.284011464095851
2025-01-27,3.04077551343279,304036410202.7158118126597994024,2.366813623170633195,99986470181.57656,1.2847549480297917
2025-01-28,3.05469531985291,305428187125.43182595273603654791,2.378822963997738061,99986465144.464501,1.2841204940780178
2025-01-29,3.07794471490396,307752796647.3367662024329065726,2.392003192329097843,99986460171.666685,1.2867644678630048
2025-01-30,3.13936910265295,313894389061.5436691698610167541,2.422117129794423859,99986455493.966798,1.2961260477602925
2025-01-31,3.0360788021857,303566744355.2616100725994272993,2.350804711738750758,99986450989.586049,1.2915061753215955
2025-02-01,2.87463475049715,287424510002.28611576488771828875,2.221738466756259397,99986445217.980425,1.2938672996440128
2025-02-02,2.54729022728693,254694480200.68090857879598972969,1.9923698408582375,99986439500.437733,1.2785227797815157
2025-02-03,2.69351233624457,269314686197.54807563669103167179,2.116480914865844421,99986431312.596147,1.2726371956986444
2025-02-04,2.52857532942575,252823206064.1595109707447612125,2.008864454948715352,99986424419.30995,1.2587087810711959
2025-02-05,2.38088215474636,238055873332.35234914893218304096,1.909369688833771801,99986415899.577736,1.2469466592405078
2025-02-06,2.32313229927305,232281656744.4625809399680750611,1.875556969878773333,99986409218.772302,1.238635955389404
2025-02-07,2.3879722429995,238764752660.1317957230228253205,1.928082023365418318,99986402002.823359,1.2385221240906312
2025-02-08,2.42580941523803,242547937101.95177579413905805936,1.958662894470705406,99986394470.380112,1.2385027674165252
2025-02-09,2.38953548280742,238921017747.6815050050871568315,1.930601735544715375,99986386252.351325,1.2377153914311683
2025-02-10,2.41824090839867,241791156121.55433896665975070327,1.952292107100836204,99986380712.443381,1.2386675639383549
2025-02-11,2.41873475469833,241840524310.29716251561920397996,1.952968290832750505,99986376695.720012,1.238491564892216
2025-02-12,2.47078407227391,247044734787.91153337335151834364,1.99170344690005475,99986371759.532804,1.2405381313766919
2025-02-13,2.54167892272128,254133242963.27542023856176482304,2.04032314808634467,99986367550.778018,1.2457237105333858
2025-02-14,2.73522163703133,273484864174.05946197673598473476,2.169467624524097328,99986363251.676372,1.260780113107859
2025-02-15,2.76115560860025,276077894419.8518021577487530855,2.187377549118951681,99986358450.767542,1.2623132251276916
2025-02-16,2.73303518309331,273266221119.98305875489495974325,2.166311722815083117,99986353198.239575,1.261607530582801
2025-02-17,2.65506373847171,265470125531.10698360298353663677,2.111197055299581318,99986347478.013887,1.2576105730191793
2025-02-18,2.55887847202807,255852900269.35459854599803745706,2.054241012144601273,99986342870.974758,1.2456564039467957
2025-02-19,2.73503497204725,273466131681.087843086804534901,2.175423127000497235,99986338191.643236,1.257242758018461
2025-02-20,2.69290824942656,269254024881.52793237669629641024,2.143181195737904804,99986334454.159029,1.2565005025155525
2025-02-21,2.56925997890092,256890879979.45303650362733783244,2.059628546858108334,99986331507.544057,1.247438516435518
2025-02-22,2.57769831427681,257734589273.78289258459552554342,2.065375008920952053,99986328053.324582,1.2480534058672084
2025-02-23,2.57216236796651,257181063721.8799164262909706553,2.060015851469877764,99986325484.26603,1.2486129007848177
2025-02-24,2.2848043739653,228449186768.2982325420429649635,1.84771180916358022,99986322405.284295,1.2365588413918196
2025-02-25,2.3288148801432,232849628454.385550577366425916,1.906948518399099473,99986319410.698505,1.2212258787658627
2025-02-26,2.19420368939583,219390344665.41793732293267099288,1.808360184423789819,99986316551.052136,1.2133665119899686
2025-02-27,2.19666683776573,219636619100.82754066365807202501,1.811810681902720394,99986313502.244137,1.2124152151806737
2025-02-28,2.14161184106585,214131865881.9787753959332295798,1.77126470447574534,99986310206.152188,1.2090862735842294
2025-03-01,2.18541434014851,218511507895.8910997948667055923,1.789481098405278003,99986306432.41873,1.2212558948491121
2025-03-02,2.93077213561367,293037070864.57782653332433758433,2.308397547796053105,99986303030.419399,1.2696132598181928
2025-03-03,2.39999446496445,239966567190.46214132843045665875,1.904102528685396978,99986300257.578575,1.2604334214194965
2025-03-04,2.4574369604984,245710022074.0401601514594282104,1.942440661405298384,99986297115.107681,1.265128458915454
2025-03-05,2.50270815783649,250236512581.67540729350446599336,1.967694562156044969,99986293566.884264,1.2718987011349057
2025-03-06,2.60260998713661,260225315237.66503991277351244587,2.032165657389500607,99986289349.471367,1.2807075927461034
2025-03-07,2.37367715183407,237335160439.53694642228787170035,1.871530019116265193,99986285100.379005,1.2683083507016994
2025-03-08,2.32584513025845,232552605865.81313296349829012375,1.839611107366374679,99986281476.949275,1.2643134850322675
2025-03-09,2.13335174211444,213305901914.5757888411248810146,1.697132685112825232,99986278729.245465,1.2570329714512656
2025-03-10,2.03301161711499,203273260318.17027124084667629908,1.63284382769744575,99986275831.828092,1.2450741354620793
2025-03-11,2.16982322335813,216952536752.00942108678602059562,1.74055822037923789,99986272806.243874,1.24662490340907
2025-03-12,2.23363575962631,223332907395.98827792712270503206,1.787157127715877196,99986269665.270826,1.2498261764375842
2025-03-13,2.25141693632839,225110775245.68674805705183449087,1.801990611395598422,99986267142.858633,1.2494054753064012
2025-03-14,2.35953271214213,235920861964.9451368423673851691,1.880799345979357859,99986264547.59407,1.2545371823879963
2025-03-15,2.39040230329713,239007388769.64351269504684902881,1.904156560336793268,99986261074.119537,1.255360170003213
2025-03-16,2.29749622066513,229718050436.60875442399522636397,1.833357597322744198,99986258245.119069,1.2531631712330253
2025-03-17,2.34058270037677,234026099763.97276734749517111009,1.863168152478906573,99986255442.416517,1.2562380358759746
2025-03-18,2.28692022018165,228660583718.23339651585644785445,1.824991115371125098,99986252996.648433,1.2531130704801203
2025-03-19,2.54927656015986,254892604867.18350433727756352054,2.01782954237605937,99986250550.705139,1.2633755758962695
2025-03-20,2.42841977148111,242808581587.79988141598090062909,1.922156440470998835,99986248028.160819,1.2633830006500713
2025-03-21,2.38125755942898,238093002399.28207038739066700844,1.890324153109003733,99986245274.692678,1.2597085825267278
2025-03-22,2.36678692762088,236646130417.913665460295898166,1.879776398842554711,99986241962.132575,1.2590789676251894
2025-03-23,2.43126147934138,243092691179.4863982243239805554,1.926711691735368776,99986238931.95533,1.261870932620733
2025-03-24,2.44280335792138,244246711712.2858255150819717921,1.944552034339697837,99986235453.728545,1.2562293601728538
2025-03-25,2.44898620898732,244864904148.6944362610127893508,1.941827333521336125,99986232364.26819,1.2611760925963973
2025-03-26,2.34413930976248,234381648903.65976496853872647912,1.866129833091389565,99986228603.200419,1.2561501714375523
2025-03-27,2.33880015351279,233847797898.53892308033994102618,1.865216018244456985,99986224794.499142,1.2539031032523893
2025-03-28,2.20245563419243,220215216165.24427215082559064754,1.768222746093376375,99986221173.526678,1.2455758976398343
2025-03-29,2.13026698266952,212997335343.4061515317797524528,1.718820431616859225,99986216317.58614,1.239377274952231
2025-03-30,2.13305504982178,213276095112.48828498207191804228,1.723583878718638715,99986212325.044226,1.2375696223194859
2025-03-31,2.08943001450997,208914184413.6993523424121401684,1.6953449712759128,99986208182.56772,1.2324512414352282
2025-04-01,2.13948290594587,213918776610.71880665180492445467,1.74163970818111855,99986205085.450241,1.228430252190471
2025-04-02,2.02781371718152,202753390068.84682337790335471768,1.661774690270069397,99986201075.045459,1.2202699493828268
2025-04-03,2.05755792869663,205727393665.90375195184210098611,1.668877483627521538,99986197616.425197,1.2328993283702654
2025-04-04,2.12564976156477,212535630130.27565025560961186876,1.725628188439566651,99986194326.679788,1.2318121457478803
2025-04-05,2.13977463673006,213947915380.60552824768264696152,1.736272139797374671,99986190932.496692,1.2323958829286836
2025-04-06,1.90676058980915,190649722762.5278948468621972803,1.56218376764131497,99986187978.434282,1.2205738078357447
2025-04-07,1.90395776253846,190369472959.92332562918894596688,1.570125800697209067,99986184938.321528,1.2126147864668004
2025-04-08,1.79192389486425,179167628783.4233619906021714885,1.486776418013676958,99986182056.574722,1.2052409986824033
2025-04-09,2.05243675524111,205215309242.32656207920778861582,1.686865724438125132,99986179217.599762,1.216716141366114
2025-04-10,1.96719652478044,196692458386.55043511085900497556,1.624409586038562009,99986176220.244899,1.2110224796061628
2025-04-11,2.0202207274554,201994140008.12049870107288358,1.668938538173346108,99986173423.0127,1.2104824001886447
2025-04-12,2.15623789661325,215593968780.72183675266854929825,1.773444701818511997,99986169948.756581,1.2158472685402693
2025-04-13,2.11158442505137,211129233125.08145713304378218874,1.739164312183390927,99986167079.227802,1.2141373936085622
2025-04-14,2.12922775981618,212893315963.44432133348211595644,1.750324622688658861,99986163989.250158,1.2164759223608999
2025-04-15,2.08830137962273,208801234076.85668348971268209793,1.716864302008780923,99986159140.774241,1.216346205800515
2025-04-16,2.08456460354592,208427601142.11078808366102302816,1.71384422769620288,99986155760.089123,1.2163092595340765
2025-04-17,2.06886081263611,206857433040.6682156831356883773,1.702103838296097406,99986152658.13543,1.2154727379659498
2025-04-18,2.06297526027648,206268952973.50918461372824734848,1.697605929146794336,99986149589.532651,1.2152262341080051
2025-04-19,2.08473189999469,208444308073.48873140731386005609,1.714339350044344841,99986145975.902061,1.2160555609604156
2025-04-20,2.07402929589587,207374189270.71409384759409998407,1.706044119525762339,99986142761.372861,1.2156949941437614
2025-04-21,2.07945305937149,207916484298.46717399631725367781,1.714160566251010529,99986139798.370569,1.2131028448049062
2025-04-22,2.21818326562037,221787574520.71625724174448967189,1.815391868951045183,99986136383.860897,1.2218757302807919
2025-04-23,2.22102348929243,222071549503.04759764297040253018,1.807193092267974822,99986132777.818926,1.228990692137446
2025-04-24,2.20478566910255,220447983165.4380077537732117751,1.792883770808760738,99986128472.601402,1.2297426665354791
2025-04-25,2.18293087014603,218262797965.75474348810433534736,1.777607091195257707,99986124595.486512,1.2280165177999114
2025-04-26,2.1928944171823,219259005066.6329339669135901188,1.785047678727476323,99986120329.661756,1.2284794648989819
2025-04-27,2.25592632734822,225561312171.65578211460552425008,1.831879832915663499,99986116318.256264,1.2314816107548026
2025-04-28,2.29730629779045,229698725421.3107336272752765984,1.856089083122361178,99986112275.161152,1.2377133827681708
2025-04-29,2.23453030837869,223421989567.02249338873580686454,1.808102213343071616,99986108368.845966,1.2358429141277245
2025-04-30,2.1947121317689,219440715769.3360345100129177451,1.779470045487656633,99986104142.264259,1.233351546059573
2025-05-01,2.21393170357548,221362396395.98973566472818369892,1.791695243159362429,99986099859.580779,1.2356631028787979
2025-05-02,2.20790600651266,220759902165.0353305316157507882,1.777307017720183698,99986096108.19477,1.2422760865170168
2025-05-03,2.18929889034188,218899440073.23220091859658981,1.7624642746014014,99986091912.30575,1.2421805774400796
2025-05-04,2.15699898373434,215669893335.43088371914739203012,1.738304393703134314,99986089451.951818,1.2408637932159021
2025-05-05,2.13815971981165,213786221809.88785173033874677005,1.725029687304009127,99986086085.617697,1.2394915493618592
2025-05-06,2.15229679819242,215199725584.01436583935547472088,1.736015029937332855,99986082665.154364,1.2397915692412607
2025-05-07,2.12886586391828,212856951107.36448702962783210416,1.718237781733283993,99986079308.722172,1.2389821051256205
2025-05-08,2.31664389893002,231632133207.23745349200187272898,1.855105582234772463,99986076113.907949,1.2487935571512059
2025-05-09,2.34298164515913,234265533613.37693199126285753429,1.868185262776663695,99986072915.849133,1.2541484465393873
2025-05-10,2.46539041698872,246504696668.9767945745691270788,1.954298167297521504,99986069131.420915,1.2615221455168002
2025-05-11,2.36764057526182,236731067518.14467773287345240916,1.88290468858017726,99986066293.853038,1.2574404799252812
2025-05-12,2.53786227339751,253750857384.38594993770959803123,1.989618840783382749,99986063091.076373,1.2755519908518078
2025-05-13,2.59132977271752,259096850092.98702633415305604776,2.009181713969181142,99986058440.286013,1.289743856765595
2025-05-14,2.55100214123897,255064639961.57086379730670520257,1.976879589829027077,99986054828.511881,1.2904185739808243
2025-05-15,2.37375902506206,237342792328.84782556173344600298,1.848542856278705441,99986051584.424283,1.2841244210267677
2025-05-16,2.38445737420366,238412470263.45182356997703223392,1.856659973538206762,99986048332.306512,1.284272515262791
2025-05-17,2.35267848016717,235235015741.79141463602069668849,1.833545959333623807,99986044725.106997,1.2831303563409
2025-05-18,2.41609051953486,241575327974.01028834986353138592,1.877080441149301357,99986041922.186672,1.287153425377728
2025-05-19,2.38074746200782,238041508638.63914384441832248982,1.852429482099329362,99986039022.335101,1.2852027486140827
2025-05-20,2.35754873445691,235721952653.46894990981468705255,1.838560948554992255,99986036007.764805,1.2822793480465327
2025-05-21,2.40144986606094,240111446046.86395672276855251798,1.870146515040250037,99986033204.480317,1.2840971799523713
2025-05-22,2.42722374515144,242688466209.95827863931246293664,1.888161276133850923,99986030004.339956,1.2854959879917458
2025-05-23,2.298551733538,229823055035.455021413795439064,1.797675026271583842,99986026715.050028,1.2786247235715595
2025-05-24,2.33161974250583,233129385056.13661480775844230334,1.820914597326232903,99986022937.680498,1.2804662810268526
2025-05-25,2.33994454434866,233961741365.98607064191832902716,1.826657297322576336,99986019724.715726,1.2809981093763096
2025-05-26,2.30840317111464,230808037591.14129066893920571232,1.810965656780584274,99986016515.344188,1.2746808104679177
2025-05-27,2.31875633053067,231843202089.37698438758972052863,1.818456380581345259,99986013638.749789,1.2751234262706832
2025-05-28,2.27461148250914,227429327797.42306045738184130798,1.788643787518915692,99986010598.409607,1.2716961858930702
2025-05-29,2.2493835699839,224906882144.3122017122886292169,1.770389336178268295,99986007342.412471,1.270558698031719
2025-05-30,2.1425657215459,214226583398.6079538885595315155,1.694405613780660624,99986003343.710545,1.2644939937169337
2025-05-31,2.17772670429157,217742180018.235654170631454623,1.720624428955861906,99985998972.7539,1.265660691341628
2025-06-01,2.18139284644406,218108734603.29204032731009498836,1.724691271342138381,99985995167.645406,1.2648019287223047
2025-06-02,2.19907114054657,219876308701.30291427248575377696,1.737621392899116236,99985991652.208928,1.2655640345665593
2025-06-03,2.2493634256931,224904825333.2899409966817100794,1.774003422712288597,99985988375.350974,1.2679588984411483
2025-06-04,2.20187608092385,220156748892.2601321189494978681,1.737858268096937365,99985985042.304506,1.2670055558299589
2025-06-05,2.09654628588572,209625238633.33122155602495958848,1.642447750174309889,99985981728.407984,1.2764767011085845
2025-06-06,2.16321656238716,216291325376.23628394619882734108,1.691442453898800265,99985978813.676313,1.2789182140964437
2025-06-07,2.17878984234783,217848427367.15547287353448796438,1.702769434657436169,99985975302.879786,1.2795565847035302
2025-06-08,2.26400439626796,226368681220.33350850550903593752,1.764314567448108185,99985972462.546962,1.2832203723979898
2025-06-09,2.31805091319338,231772566857.47171407667455178424,1.800085604998176442,99985969047.667948,1.287744819889123
2025-06-10,2.30508157534839,230475808195.15128807698074231047,1.792997251765708311,99985966075.980273,1.2856024029475734
2025-06-11,2.26908055916124,226876204890.76681393881393181392,1.767232902160763976,99985963025.760108,1.2839736949141656
2025-06-12,2.19454033223037,219423218925.25261443041389040727,1.713287962559036131,99985958655.062371,1.2808940354384537
2025-06-13,2.14866950931433,214836773136.10240373361218750863,1.680832235027531459,99985955124.694711,1.278336686159006
2025-06-14,2.14286909441501,214256805252.44501007678104345794,1.680252508328677474,99985951456.794794,1.2753256333754803
2025-06-15,2.16685058857728,216654610526.096327160844631232,1.697199422782173545,99985948116.685025,1.2767212617979915
2025-06-16,2.26020911209485,225989143477.6155224158665318411,1.763268286098146299,99985944781.967526,1.2818293902945197
2025-06-17,2.16175365381817,216144974496.80786938276220749649,1.693075309476778863,99985941559.550297,1.2768207307247483
2025-06-18,2.17042762236271,217012242789.01784145643782758514,1.700552984837253435,99985938509.564334,1.2763069670366223
2025-06-19,2.16557883044584,216527425470.59120198838034709904,1.695218598230846958,99985935596.726106,1.2774628786552173
2025-06-20,2.1184596764184,211816166571.058955886515799432,1.662652887272483913,99985932670.27323,1.27414428629998
2025-06-21,2.04493701961634,204464927664.81279820635425592474,1.608701284250823305,99985929005.859261,1.2711726158462495
2025-06-22,2.01400882986998,201372538228.72089467417272630666,1.591351894137190411,99985926199.599167,1.2655961495945234
2025-06-23,2.16358934543788,216328478803.65323209864551850872,1.70018100670489721,99985923511.687194,1.2725641192940447
2025-06-24,2.18706384701437,218675592049.34089200088210753646,1.712120346513478275,99985920551.821958,1.2774007688583664
2025-06-25,2.18516691867019,218485918856.02930375756117195634,1.711136921458679352,99985917317.928086,1.277026339194071
2025-06-26,2.1072654961248,210696866566.98650896875401232,1.657202765102844337,99985913950.78215,1.2715797610885746
2025-06-27,2.13826016869937,213795889943.82319687982935215011,1.67841006942933527,99985910542.339603,1.273979587971839
2025-06-28,2.18471598947375,218440808903.59588600317856957625,1.712391697657291754,99985906614.897559,1.2758272493744518
2025-06-29,2.20972192763346,220941042229.70092022477667631992,1.731107327749330993,99985902962.153052,1.2764788711895707
2025-06-30,2.24147102133291,224115496256.15713149677062983423,1.749501178926707299,99985899493.309053,1.2812057792999139
2025-07-01,2.1712501451953,217094391797.1052221379264811344,1.690005160796356892,99985896271.559248,1.2847594762208732
2025-07-02,2.23631015399578,223599467727.14838655763593920506,1.73391318866624589,99985892979.838577,1.2897474732953533
2025-07-03,2.25713315259092,225681466843.89961994661873158232,1.745109592259854971,99985889881.970046,1.2934048168676977
2025-07-04,2.2223709529141,222205731031.5410495375235606758,1.710484278100676985,99985887027.623438,1.2992641799559959
2025-07-05,2.21820626103518,221789313418.8254778568381819582,1.707158616487491741,99985883781.30449,1.2993556893964415
2025-07-06,2.27114323399147,227082257255.20298841513709228068,1.744933614013626678,99985881056.084844,1.3015642633919335
2025-07-07,2.27477284152382,227445159904.00006058800453888836,1.745599252155623848,99985878041.184798,1.3031472365233456
2025-07-08,2.30963814223084,230931191553.72858774533640440824,1.768274163610445515,99985875419.720986,1.3061538701187843
2025-07-09,2.40936695631719,240902656772.55618192694951738727,1.83063635923055125,99985872281.068033,1.3161362955392677
2025-07-10,2.54369241007577,254333295886.88625013326510925834,1.916620751520107281,99985868920.098842,1.327175659586447
2025-07-11,2.73423746138967,273385100271.43280465603388155268,2.034202019273767233,99985865943.218204,1.3441327043642515
2025-07-12,2.73653716600696,273615030031.2055753275636981016,2.033767801372002786,99985862947.53421,1.3455504429565959
2025-07-13,2.83489400697031,283449316815.86962572886065602461,2.097732432453681067,99985860536.209531,1.3514087703046018
2025-07-14,2.95356918322755,295315147813.1088022870811954319,2.140041259150010745,99985857615.970738,1.3801459063460575
2025-07-15,2.91907294774163,291865997599.23702790786635665988,2.110023533703944361,99985852640.319276,1.383431464680148
2025-07-16,3.03932352322856,303889343855.63523060097994172856,2.171887134313880551,99985849329.006251,1.3993929404571528
2025-07-17,3.51555444617701,351505684816.24343509706510018789,2.426749580584049303,99985845816.863489,1.4486679937247238
2025-07-18,3.41097246971905,341048956497.66871181998085041145,2.343144053780918958,99985842608.034809,1.4557246124987806
2025-07-19,3.42844300147116,342795750947.11608415407199936596,2.35060355239560877,99985839286.236031,1.4585373182036907
2025-07-20,3.45443496238275,345394568997.33066675308454729975,2.363755531272797897,99985836398.288829,1.461418034428738
2025-07-21,3.55443264964159,355392910552.16397512516700865601,2.388601197874172934,99985833347.552639,1.488081247219081
2025-07-22,3.55084429645131,355034116522.07542156990282012143,2.36592581621036168,99985830659.174253,1.500826556827086
2025-07-23,3.18637987166746,318592827965.33412182322367300826,2.147532060830846513,99985827426.976481,1.4837403034787287
2025-07-24,3.14468604549852,314424025260.92153655549023571552,2.134057698950555503,99985823930.183976,1.4735712380433532
2025-07-25,3.13908814512779,313864305144.85175919722414474155,2.115123959801533748,99985820924.462945,1.4841154489225947
2025-07-26,3.17142472172622,317097494689.38739817436614222454,2.134878187146498102,99985817893.476557,1.4855295917211941
2025-07-27,3.23194918411761,323149074280.02714198025880497872,2.170973606906471938,99985815330.278352,1.4887095696768857
2025-07-28,3.12447850864745,312403522294.28808171294904058965,2.103826510615151814,99985812489.881357,1.4851407627399196
2025-07-29,3.1289899180298,312854590133.5089737789492805688,2.102722964850022038,99985809583.720556,1.4880656987797616
2025-07-30,3.09632813063727,309588866826.57787153528047663321,2.083742742684088713,99985806983.208823,1.485945489916313
2025-07-31,3.02538978688898,302496031270.00143707621451693742,2.041775831423642194,99985804335.334679,1.481744342511639
2025-08-01,2.95721408777958,295679416636.24433325709854813522,2.000789211612756519,99985800100.883059,1.4780238071135379
2025-08-02,2.76523565133844,276484289525.81323720099320663252,1.873906864136401341,99985796650.635633,1.4756526614319283
2025-08-03,2.94933925625738,294892026951.51625009008784298632,1.993552253798442535,99985793877.685364,1.479439152215757
2025-08-04,3.07426617553317,307382935982.43791394076519688403,2.063943672078831631,99985791220.283159,1.4895106960146485
2025-08-05,2.96557330541412,296515185001.66420022505085665708,1.998568949880227417,99985788400.620259,1.4838483834104619
2025-08-06,2.99370521662377,299327968641.82797969277123336392,2.014805256238909019,99985785834.786696,1.4858533882387224
2025-08-07,3.31254062302534,331206968027.338422719792058659,2.198931346193659732,99985783034.66885,1.506432035160776
2025-08-08,3.2879565347949,328748894172.4346414980638867162,2.177484730689978758,99985778611.559938,1.5099791463304757
2025-08-09,3.22721626338996,322675720255.99181952095381384964,2.115293586045793636,99985775331.041509,1.5256587949206284
2025-08-10,3.18229903346809,318184627859.597098421733450838,2.088212312480618751,99985772711.2582,1.5239346183567848
2025-08-11,3.13674415999943,313629780106.36896203837607341864,2.058262103647756359,99985769992.292248,1.5239770262690708
2025-08-12,3.26959273227386,326912738622.82444437087352246658,2.135589703494487732,99985767461.463253,1.531002292679999
2025-08-13,3.28466502147177,328419744340.11725066621371582824,2.13974595901190746,99985764817.187112,1.5350724265363556
2025-08-14,3.08648641438984,308604696323.3833252623897235308,2.024034947679261646,99985762090.059495,1.5249175504250922
2025-08-15,3.07710541154269,307666720978.41704380750862869269,2.019250498010690938,99985759286.735001,1.5238849338277587
2025-08-16,3.10518432267171,310474203703.32096751371748113381,2.036546150165263713,99985756541.559511,1.5247306438008916
2025-08-17,3.09565520647616,309521419973.39526583219939260096,2.029563491544826554,99985754009.642781,1.5252812830801685
2025-08-18,3.06207584565206,306163954419.87330107276317114694,2.005165040722112542,99985751448.516649,1.5270941710360788
2025-08-19,2.86611184426648,286570344329.45551916671603163056,1.889775645454684412,99985750696.619122,1.5166413278529087
2025-08-20,2.95487268943734,295445161680.47207634807804772062,1.943643693058142682,99985749889.187293,1.5202748837098443
2025-08-21,2.84972209250461,284931598448.13324290222271464536,1.878353455729093869,99985749206.059576,1.5171383659517232
2025-08-22,3.07270433230036,307226642571.76905104843353530108,2.012890364093005166,99985748495.940003,1.5265135086902262
2025-08-23,3.04769622955468,304726187060.53334094395624071372,1.999742999069220672,99985747957.912129,1.5240439551348492
2025-08-24,3.03040086182941,302996895175.30994656385340763373,1.988008362706427476,99985747427.617553,1.5243400976965176
2025-08-25,2.85926061449501,285885307788.62874304024012993201,1.892556072236430824,99985746783.393701,1.5107930784403263
2025-08-26,3.01410442257802,301367479638.97461930921879969204,1.984881914287522989,99985746141.206802,1.5185308510707742
2025-08-27,2.96935130644276,296892803781.92643815171054994348,1.950192171800826685,99985745417.776023,1.5225942086009054
2025-08-28,2.96769269194657,296726963919.36214509341607143195,1.949734473638709867,99985744725.048635,1.5221009486528112
2025-08-29,2.82101906958529,282061689939.32622249559670562608,1.86870777199067209,99985743797.467952,1.50960953438972
2025-08-30,2.81598977937829,281558831183.84553918830483362053,1.865162941309010362,99985743288.460257,1.5097821841784875
2025-08-31,2.77916202112938,277876579173.58350389406275714202,1.842796232990178713,99985742846.565529,1.5081222608208962
2025-09-01,2.74811486952549,274772304865.72068894312383617017,1.798928210696893305,99985742194.672133,1.5276400988013235
2025-09-02,2.85827452630355,285786697978.08106891541470287895,1.866908627912473622,99985741519.263149,1.5310200422072047
2025-09-03,2.84490554632338,284449988867.0467414057088118012,1.859455626514954941,99985740909.62574,1.529966892329334
2025-09-04,2.80319793694886,280279821014.21478344300345641582,1.83642943384080176,99985740328.877837,1.5264392332713321
2025-09-05,2.81824977940284,281784788757.17801150812909565976,1.8472854677851827,99985739666.015514,1.5256168191383017
2025-09-06,2.81071769704132,281031686855.20739588249117459748,1.842707615908921953,99985739283.256089,1.5253194119214206
2025-09-07,2.88335158152407,288294038223.29694086122124062327,1.886965818031252608,99985738843.166561,1.5280359368313237
2025-09-08,2.96883257310875,296840916603.7670606627739284775,1.932809616393220499,99985738263.756786,1.5360191443215359
2025-09-09,2.94465499435759,294423501576.1555777950838642074,1.917214817247911233,99985737595.85286,1.5359024809669113
2025-09-10,2.98291047179154,298248501686.83843714678632627648,1.938807738803023361,99985736919.455712,1.5385282470726684
2025-09-11,3.04238368470574,304194972903.92159873758443551084,1.971460653667880109,99985736326.791866,1.543212987307365
2025-09-12,3.10635879978404,310591570194.2411001826428218476,2.004830669523234004,99985735780.37219,1.5494369908670436
2025-09-13,3.12276130775212,312231585703.02221761251690398504,2.009801612081553984,99985735357.973342,1.5537659483305282
2025-09-14,3.0322582440592,303182569255.1941984182183743888,1.957837701360484093,99985735004.328689,1.548779166910572
2025-09-15,2.99540957607536,299498226377.33067590325388601712,1.936399339296164954,99985734428.257617,1.5468966112971927
2025-09-16,3.0401807125918,303974699496.1156912811509546352,1.961127810436249861,99985733820.728264,1.5502205906281632
2025-09-17,3.08243915611462,308199938653.87359483211652549292,1.984147041186229202,99985733065.484466,1.5535336303864724
2025-09-18,3.07529333587164,307485456940.07148323432829242712,1.979548535349919899,99985732532.704858,1.5535326772515976
2025-09-19,2.98814493960857,298771859057.7266044488364092452,1.930225978550392283,99985731982.88836,1.5480803661406934
2025-09-20,2.97623575682082,297581109518.57820289928201567952,1.923173872663346348,99985731586.146536,1.5475645749591633
2025-09-21,2.97457075465456,297414631903.1261885632191237848,1.921842679636372555,99985731197.597705,1.5477701615084183
2025-09-22,2.85025565171982,284984893276.73275564368427700088,1.8298890469526622,99985730439.574884,1.557611187665387
2025-09-23,2.82801422276588,282761066028.15417516571046118324,1.817162677467029841,99985729828.333623,1.5562801601824066
2025-09-24,2.92971461236565,292929651805.68510453339201180865,1.876204052617556749,99985729179.660221,1.5615117173839939
2025-09-25,2.7453870558865,274499524318.478391247667099647,1.77473858098432655,99985728325.597078,1.5469247613717962
2025-09-26,2.78514097178164,278474346466.9035769573991696396,1.79756279356405415,99985727576.57039,1.549398430894033
2025-09-27,2.80979427821951,280939324001.40645892117055474314,1.811864257741987881,99985727132.817014,1.5507752670838482
2025-09-28,2.86478629253727,286437739302.16524101675316314952,1.844427006113992435,99985726700.917176,1.5532120723893887
2025-09-29,2.8843840474215,288397233378.237234576467098476,1.852225518475899492,99985726115.789064,1.5572531631001985
2025-09-30,2.84273461836321,284232882694.96921099735705004298,1.823247739740247681,99985725314.952138,1.5591598203589194
2025-10-01,2.94421430146357,294379400477.22891300466141204298,1.878620952376029397,99985724656.962914,1.567221049962105
2025-10-02,3.03716879588184,303673520570.55749239004505214344,1.901789739508699726,99985723869.649491,1.5970055641726455
2025-10-03,3.04454604778391,304411138623.223582148002476273,1.9019687201272707,99985723272.2103,1.6007340265723105
2025-10-04,2.96975409698609,296933009747.0366661071040767929,1.857019570303789875,99985722739.93481,1.599204523461359
2025-10-05,2.97253317381854,297210876172.37762807064168427208,1.859632746279080789,99985722208.300252,1.5984517264316032
2025-10-06,2.99317927206053,299275189428.32819028597731390669,1.869227818336993292,99985721611.089673,1.6012918504088436
2025-10-07,2.85754257839239,285713454672.73915171926396467292,1.793631522874526351,99985720889.407428,1.5931603241522032
2025-10-08,2.886535146575,288612295663.511419028845262875,1.811276863472322561,99985720252.172405,1.593646562150275
2025-10-09,2.80572143064751,280532076329.58248668883336720754,1.75715014846875436,99985719631.774254,1.5967454079507768
2025-10-10,2.39529945356825,239495737607.9393601991780616005,1.529026641421131484,99985718800.697474,1.566551810596298
2025-10-11,2.39011116505451,238976981140.79446156061053170597,1.529613066444022344,99985718084.934447,1.5625593279030598
2025-10-12,2.5283016006319,252794049578.7185178154336554209,1.609995625771394006,99985717493.331311,1.5703779315676833
2025-10-13,2.60848778184105,260811520777.7170816302140584662,1.654998122292077604,99985716856.085244,1.576127336161834
2025-10-14,2.50804187221714,250768362497.72181684683377584906,1.599024514055794291,99985716058.256829,1.5684824404947348
2025-10-15,2.41219389203956,241184931924.91497426289472646904,1.543160882624274392,99985715377.542934,1.563151269061086
2025-10-16,2.32253863186605,232220684899.5737494838431515261,1.490927936398244965,99985714645.786282,1.5577806110983432
2025-10-17,2.29942998945356,229910149164.54161065863308507396,1.50271972894535757,99985713946.080091,1.530178878444187
2025-10-18,2.36042385075626,236008662904.38697012255937552064,1.539303639281145689,99985713510.212064,1.5334361528948095
2025-10-19,2.39219606390142,239185429341.89597201968635656334,1.558048603648975021,99985713107.398777,1.5353796141525098
2025-10-20,2.49133991165355,249098396211.7866769653892462986,1.606994071533189368,99985712526.258732,1.5503105803474622
2025-10-21,2.4285159199364,242816892827.7060656771058276448,1.569032449692942527,99985711781.566232,1.5477792829661725
2025-10-22,2.3616901796896,236135272282.84588456722314016,1.531107873133453967,99985711213.7721,1.5424714490275182
2025-10-23,2.39467971536115,239433753141.16308265371705465735,1.549042786742753625,99985710659.036189,1.5459093421147891
2025-10-24,2.50640301347705,250604484682.20715456288258096555,1.61960204570551029,99985709933.595971,1.5475425090521189
2025-10-25,2.59694510231609,259657398435.61472834270845319865,1.670766695023015677,99985709441.465985,1.554343350302608
2025-10-26,2.65043167980749,265005290533.34170229156069768081,1.701302874673232963,99985708951.603669,1.557883501676064
2025-10-27,2.6375106787281,263713370976.7302038865101634258,1.687496726333429249,99985707395.847218,1.5629723231871677
2025-10-28,2.60831664858768,260794383638.95790314333301938464,1.669925737271691908,99985706789.154498,1.5619357138893628
2025-10-29,2.55998935357378,255962343448.02253164344769093298,1.640418585101349614,99985706225.963641,1.5605708060273025
2025-10-30,2.43432737520291,243397939639.69652033799728490069,1.565347568873009507,99985705340.641959,1.555135372877944
2025-10-31,2.50883819528448,250847954973.84736488030635364096,1.607217402546513949,99985704715.964527,1.560982472756589
2025-11-01,2.50304844284168,250269061278.25690494475637373232,1.608793268715715026,99985704229.571174,1.555854621917856
2025-11-02,2.52196942486887,252160887393.18803440895241578121,1.620033548416197725,99985703596.029583,1.5567390115682709
2025-11-03,2.3054489635248,230511935025.1084595844258628704,1.477422668270225465,99985702859.662898,1.5604532223835663
2025-11-04,2.21104188609256,221072573826.27020185617167675296,1.425581605299960646,99985701409.283716,1.5509753197378893
2025-11-05,2.34699107454875,234665547156.54731417024410528,1.505933673296701424,99985700713.270016,1.5584956470299616
2025-11-06,2.2065322674653,220621673379.1086673218284857326,1.422582855448670907,99985700019.942342,1.5510746941831928
2025-11-07,2.31744154931888,231711013035.27527161076208248512,1.486163843177502056,99985698928.793924,1.5593445904080527
2025-11-08,2.28422688373204,228390020341.61316108435822708944,1.464875809906846988,99985698429.598436,1.559331424741935
2025-11-09,2.3624968102138,236215892534.6505633271609615306,1.512543604453852292,99985697975.724937,1.5619363324516178
2025-11-10,2.52848499479374,252812334873.35301865771055680016,1.603568684130983119,99985697124.524984,1.576786214283047
2025-11-11,2.39334290389937,239300056446.39929596220745697049,1.523525453163989092,99985696181.068777,1.5709241344993503
2025-11-12,2.38319089322245,238284998791.0324167926640956572,1.516767196290920148,99985695425.696056,1.5712305085778946
2025-11-13,2.33165771944918,233132416696.15610814909749379502,1.478291467733097962,99985694620.405189,1.577265221603887
2025-11-14,2.24875854234664,224843683066.10525799320119973552,1.427462191506000741,99985693809.293918,1.5753541885226081
2025-11-15,2.23616739098125,223584746888.14509495179589525625,1.420862270598094474,99985693284.810013,1.5738100991589867
2025-11-16,2.21581682764985,221549980395.3615390392290086919,1.408332175508869288,99985692693.896054,1.5733623545519109
2025-11-17,2.15779131953986,215748258086.65250299036849452188,1.376012016772942175,99985691912.348558,1.568148601347513
2025-11-18,2.21418977338945,221387294867.9733307697189248862,1.412668482952440608,99985691167.327916,1.5673810240049038
2025-11-19,2.1081731211382,210787145084.734289651468797133,1.353782707344048997,99985690440.323315,1.5572463067386715
2025-11-20,2.00821086880877,200792348851.87758761507188358347,1.294248021597660451,99985689735.353111,1.5516429890538073
2025-11-21,1.94301536877642,194273730168.13435375550169186426,1.261943028511978689,99985688888.541753,1.5397013374427282
2025-11-22,1.95083038882478,195055119199.1267580560754055293,1.267213742971855836,99985688308.162935,1.5394643560680727
2025-11-23,2.04839129553369,204809812314.3383709555398661216,1.328753082168606168,99985687676.42464,1.5415891206743921
2025-11-24,2.22923978024453,222892070937.97570523299186111008,1.438277244628796264,99985687010.091936,1.549937460645755
2025-11-25,2.20286060629024,220254529925.67405873961046339008,1.415139361496402735,99985686473.642542,1.556638636608116
2025-11-26,2.22383081774388,222351249289.08685963230062934288,1.425706181765625576,99985685743.246676,1.5598100409369335
2025-11-27,2.20176752661806,220145234883.42947037122413992546,1.412637370794245649,99985685237.884791,1.5586218884894225
2025-11-28,2.18240692922137,218209450872.09318188956096222769,1.40192039311440873,99985684589.970137,1.5567267156825408
2025-11-29,2.20246113394555,220214583201.7248266745940408177,1.413594473074984759,99985684109.315614,1.558057261750994
2025-11-30,2.1669997977882,216668956364.0650582410794652144,1.391838751191690189,99985683702.053592,1.5569330828968646
2025-12-01,2.03429027769302,203399902896.92386467686175853178,1.314194062439929303,99985683030.245239,1.5479375046910209
2025-12-02,2.15913486649075,215882572384.074233971358940278,1.397420757122881355,99985682105.606024,1.5450857270333846
2025-12-03,2.20199080668314,220167551297.81913158144740246642,1.420153577899616843,99985681425.009053,1.5505300560097501
2025-12-04,2.09686358729234,209656333413.49831134226250810904,1.356819619145641177,99985680844.515756,1.5454254623858459
2025-12-05,2.03431054838159,203401924259.34230311848265999867,1.322109446763070409,99985680367.808213,1.5386854343732332
2025-12-06,2.0299252417924,202963455592.2266716585399896872,1.319584295001486343,99985679971.648778,1.5383066087415915
2025-12-07,2.03795451162658,203766266752.6092326794674227387,1.324399865500398569,99985679557.673015,1.5387758370517342
2025-12-08,2.07308927653419,207279238972.34343326420797456581,1.345722101141735033,99985679014.689999,1.5405032545540742
2025-12-09,2.1097734070447,210947125586.439127660204840672,1.367873653463704568,99985678500.86176,1.5423744742084697
2025-12-10,2.04647664841182,204618355035.28438467610024310664,1.331630593102138995,99985677918.230652,1.5368200903558324
2025-12-11,2.0366744462767,203638273786.5591089180521215749,1.327680950395178602,99985677219.467147,1.5340089391735965
2025-12-12,2.00991318237913,200962529552.05330391711739766852,1.312524611183584189,99985676652.050404,1.5313337100526196
2025-12-13,2.02239894090826,202210925486.72234441942568303376,1.320401842156513421,99985676117.843176,1.531654134627098
2025-12-14,1.98024998049476,197996632435.24148506606434534756,1.294674703130848421,99985675740.682281,1.5295347748017465
2025-12-15,1.89544861013766,189517708982.50429278231720596592,1.242913291474570572,99985675142.487912,1.5250046991523705
2025-12-16,1.92725710627881,192698101813.74622118095458331221,1.264395193833516401,99985674555.800141,1.5242521607785964
2025-12-17,1.86056871773404,186030217270.48149937690218929736,1.227507599454956307,99985674002.433534,1.5157288790392651
2025-12-18,1.80911561527335,180885642963.670552908806277498,1.19647017268422237,99985673351.41788,1.5120440580768408
2025-12-19,1.90497710621908,190470417777.62410241495787512876,1.256830207543548578,99985672875.440447,1.515699650426387
2025-12-20,1.93225950582084,193198266194.00198012196638121468,1.274288097100703503,99985672531.045327,1.5163443103778271
2025-12-21,1.92246198760872,192218654104.04406026193345340632,1.267680322299605949,99985672196.898831,1.5165195466009305
2025-12-22,1.90274275396319,190247012224.0905694612411410279,1.25558706759629026,99985671645.74841,1.5154207964293718
2025-12-23,1.87420959822315,187394104552.023644062527794361,1.239713054680684436,99985671148.88494,1.511809197416167
2025-12-24,1.8614285467632,186116181755.1966704546636183856,1.233090394469783739,99985670725.223533,1.5095637392939025
2025-12-25,1.83485261434693,183458968632.55056940134379445954,1.216556446678444859,99985670346.524378,1.5082346728395666
2025-12-26,1.84294655192373,184268245690.75922150020748175264,1.222338559069303899,99985669957.934368,1.5077218486234785
2025-12-27,1.86783411591929,186756644803.3363076120153818526,1.237686897010622981,99985669611.46894,1.50913298058714
2025-12-28,1.86288286986304,186261590458.76590786964819960576,1.236290478111166075,99985669239.880844,1.5068326601602533
2025-12-29,1.84789809044382,184763326398.9484405903744160727,1.228315024415130867,99985668773.851485,1.504417070306298
2025-12-30,1.87486799828944,187459929490.03825551565417663072,1.245499107121088551,99985668143.607838,1.5053146064657628
2025-12-31,1.83955487999317,183929122883.35420781993681518181,1.224381275530831969,99985667665.450193,1.5024363053866772
2026-01-01,1.87677245985715,187650346762.27146130949393994585,1.226486080344141186,99985667296.372419,1.5302028208347414
2026-01-02,2.00848038147393,200819250100.41652138738680851892,1.30351089007982443,99985666752.216244,1.5408236300587672
2026-01-03,2.01678844537752,201649936682.8086186647405969616,1.244914533626264908,99985666392.02558,1.6200216086343637
2026-01-04,2.08915575984679,208885630011.38599762032396301759,1.285501158800869541,99985665992.996521,1.625168320964859
2026-01-05,2.35468536543888,235434782956.4444301353663847672,1.42623985289060606,99985665351.329315,1.6509743159024506
2026-01-06,2.3028740097247,230254388414.4323343487795089504,1.395945835827989003,99985664626.940832,1.6496872232573245
2026-01-07,2.16784316558966,216753238442.38931583575945699262,1.319982423351972538,99985664038.307757,1.6423272971200813
2026-01-08,2.12571275465511,212540800259.94973946711854481313,1.297087861814879919,99985663535.444983,1.6388348216294475
2026-01-09,2.09315904381938,209285895031.06929556532811804888,1.279578771174247867,99985663129.155276,1.6358188264553055
2026-01-10,2.08767082381957,208737151005.97850312450902513581,1.27690818994348353,99985662789.537033,1.6349419952518052
2026-01-11,2.06745264725369,206715622504.134216353917703137,1.265435565593199226,99985662442.4873,1.6337873720852223
2026-01-12,2.05164078836326,205134662333.2774633756042250592,1.256812183109362583,99985661962.26192,1.6324163752832868
2026-01-13,2.16232362857567,216201358026.5971700130767949709,1.319028057011219135,99985661336.46227,1.6393310340003466
2026-01-14,2.13828926890532,213798265603.04443871173415416392,1.306893032561547094,99985660832.735106,1.6361624215825932
2026-01-15,2.07665464260852,207635685822.90987008224010344704,1.271411092436566927,99985660380.242752,1.6333463306732385
2026-01-16,2.06841925706986,206812264389.94724675708285806458,1.269162267670024414,99985659910.611753,1.6297516162902803
2026-01-17,2.0626834523896,206238765460.6724954519116166152,1.265918400604751816,99985659564.848287,1.6293968484889856
2026-01-18,2.00744288431851,200715500085.30518308002120787362,1.233439655226050411,99985659195.202662,1.6275160895087397
2026-01-19,1.98797039636338,198768529332.05346583292667765314,1.224328740153403074,99985658587.101353,1.623722723452768
2026-01-20,1.88772433350892,188745359729.2281860766427889664,1.170723540810762577,99985658063.95392,1.6124424492238465
2026-01-21,1.94995982472352,194968015278.95168053748476019904,1.207862404561577036,99985657554.045102,1.6143890374924825
2026-01-22,1.92067508162188,192039960202.09781292554225419944,1.19081284120652509,99985657147.138638,1.6129109589344555
2026-01-23,1.91913129241015,191885602558.27950938322692374145,1.190045452636427013,99985656696.420743,1.6126537756675645
2026-01-24,1.91370017239235,191342567670.8378107585374046603,1.186993533060816438,99985656285.768698,1.6122245986105979
2026-01-25,1.83092293199989,183066030207.90417802636182334084,1.138815584290092315,99985655872.442356,1.6077431300180525
2026-01-26,1.90438389178639,190411071602.42938073023555396135,1.182839240589261086,99985655425.711465,1.6100107490834283
2026-01-27,1.91586832402123,191559349398.66649943629612073217,1.189639583624414049,99985655066.628579,1.610461143352554
2026-01-28,1.90870255820813,190842874794.20475477506681216825,1.188817583329749629,99985654639.330525,1.6055470452094596
2026-01-29,1.80298720975596,180272855582.09326212441361777068,1.127590616286634318,99985654144.764433,1.5989732299241124
2026-01-30,1.73004155356402,172979335426.59713503321478276334,1.087038044438357073,99985653564.358767,1.591518863958331
2026-01-31,1.64055541409198,164032004132.93163401133854329754,1.035838473623490613,99985652861.180923,1.5837946319498202
2026-02-01,1.59211049390833,159188206304.37668205623972197114,1.004294425032506418,99985652323.413658,1.585302531034958
2026-02-02,1.62012953094697,161989707125.52020104167642350192,1.026579927382535223,99985651783.556336,1.578181579176017
2026-02-03,1.57586756149362,157564144428.88693031635409516898,1.001662256170487185,99985651255.836729,1.5732524129624392
2026-02-04,1.51422788853848,151401060522.26931674964229197896,0.966048863616648097,99985650553.828027,1.5674444073869982
2026-02-05,1.22734717781682,122717104866.26957061409942672572,0.802918423162159147,99985649606.133646,1.5286075676070798
2026-02-06,1.47078181863766,147057074223.24189236165272520738,0.95716039228375146,99985648693.601843,1.536609569821862
2026-02-07,1.42198848748195,142178440490.42761547902658701025,0.926992465171109892,99985648085.095595,1.5339806318916203
2026-02-08,1.43264462947803,143243901161.51026347747909823797,0.933845924277878526,99985647671.537199,1.5341338353924507
2026-02-09,1.43921270091935,143900613186.5149003745200767701,0.938635267251234227,99985647079.540846,1.5333034578319669
2026-02-10,1.39879031673772,139858953776.01395211265213390644,0.91412244045577119,99985646241.957927,1.5302001732287622
2026-02-11,1.36591222685324,136571616006.71371432255013342836,0.894497778701791122,99985645725.819839,1.5270157840253393
2026-02-12,1.36251425488249,136231866833.18468060749656287263,0.895998766737510573,99985645173.990487,1.520665323953117
2026-02-13,1.40472751051373,140452585677.90230976037684859381,0.92380815302206254,99985644636.899497,1.520583582119763
2026-02-14,1.5077722873757,150755583294.4893855117973840059,0.98704443408091356,99985644090.117687,1.5275627269806369
2026-02-15,1.47054556649136,147033444922.6958265870418050456,0.9640527663603999,99985643609.473085,1.5253787114196335
2026-02-16,1.48617917135298,148596580341.9089396128958360751,0.973297974757709172,99985643189.057995,1.5269518789689729
2026-02-17,1.47386896052928,147365735265.62657511799083802944,0.965664125067598675,99985642694.250223,1.526274946194264
2026-02-18,1.41719049970698,141698702180.96693253091578375366,0.931371531896463459,99985642163.325767,1.5216167245538301
2026-02-19,1.40554966885984,140534785329.7107178972665657792,0.924504413429464759,99985641520.38138,1.5203277003794171
2026-02-20,1.42794107325492,142773603451.6019378071068097314,0.938685696902271261,99985640952.365545,1.5212132005070769
2026-02-21,1.43246060262339,143225490867.96572874080068895358,0.941792843154253474,99985640516.510122,1.5209932980864365
2026-02-22,1.3918842708731,139168439815.2171184960683733949,0.91610423526865361,99985640133.658279,1.5193514201633624
2026-02-23,1.35403413567239,135383969145.33091510935580797203,0.893261012862297253,99985639636.848277,1.5158325687288496
2026-02-24,1.34909444115178,134890069952.95367076813260014142,0.891084643580331492,99985639135.679939,1.513991348488724
2026-02-25,1.43330475633361,143309891344.47885713732463173825,0.944245915907910258,99985638581.891825,1.517935881094556
2026-02-26,1.40138484185071,140118357504.01604525424059337646,0.923958626358515301,99985638005.739826,1.5167181753297938
2026-02-27,1.35532473150997,135513007305.80159574451325980533,0.896096792008508558,99985637504.619489,1.5124758213587053
2026-02-28,1.37807889047998,137788095657.36448311764978078254,0.910733796046409705,99985636968.412873,1.513152247629729
2026-03-01,1.35124343443143,135104934980.69780610648464104563,0.888223510038571392,99985636590.749941,1.5212876254229657
2026-03-02,1.3922145008451,139201452556.7554638405021829266,0.917003001272832944,99985636173.346566,1.5182224037573009
2026-03-03,1.36158746342657,136139187959.91818256497939056667,0.897564980106073118,99985635603.099931,1.5169792645716407
2026-03-04,1.42909933840995,142889404898.77478350769209141065,0.942428041178208036,99985635048.825187,1.516401545759731
2026-03-05,1.40436658237034,140416483948.42737777580713259182,0.930450414184718542,99985634599.356123,1.509340595652136
2026-03-06,1.36406045475808,136386449646.91603127729976294304,0.904971511623506226,99985634193.247363,1.5072965692709759
2026-03-07,1.35634005828193,135614520197.14799956776174009457,0.900621058788244977,99985633668.396049,1.5060052671951059
2026-03-08,1.34408684975681,134389374896.73561797043088529184,0.892910606558313702,99985633310.117664,1.5052871361194107
2026-03-09,1.36310182023696,136290598220.29262182701017657088,0.906691570073235491,99985632912.294128,1.5033798319387253
2026-03-10,1.38637903817392,138617984982.07866185390448923648,0.921969756143451843,99985632475.127744,1.5037142259124272
2026-03-11,1.38689208506257,138669281720.31387557807772483816,0.922306323864946853,99985632057.347688,1.5037217561848275
2026-03-12,1.3856686921585,138546959420.93026064107473014,0.921957114433247545,99985631634.00284,1.5029643683701155
2026-03-13,1.39830247102097,139810155008.48863746604402323203,0.929984198035574777,99985631081.954899,1.503576591919125
2026-03-14,1.40539254708432,140519060192.53118631306225848256,0.934612563949575974,99985630693.756908,1.503716728507561
2026-03-15,1.44648258220994,144627472652.89330858658560091306,0.960198585196605753,99985630267.272949,1.506441068035697
2026-03-16,1.54453863384549,154431667678.39191116809155333378,1.019576177068504073,99985629555.861722,1.5148830156922293
2026-03-17,1.52162067565625,152140200439.80521592790424409375,1.004339129054130238,99985629055.802391,1.5150466925343107
2026-03-18,1.46325173252424,146304144062.0113843895940508584,0.968855913121865378,99985628453.43341,1.5102882819895513
2026-03-19,1.44680542659402,144659746197.65873792130181986522,0.958760265761227789,99985625944.331561,1.5090377420316838
2026-03-20,1.44418506349888,144397745740.24318221711454109952,0.957288435678778465,99985624688.850804,1.508620609706688
2026-03-21,1.42716511768749,142695994988.94860128296778491057,0.946462318821655017,99985624102.252693,1.507894280951734
2026-03-22,1.3870183840334,138681896492.5858088704268037298,0.92080234849875625,99985622461.112447,1.5063149939775307
2026-03-23,1.42964523512777,142943966607.53712905945158097274,0.948450679913179527,99985620974.536362,1.5073479996436279
2026-03-24,1.41493622586744,141473276083.1758135333939027464,0.939391012177732394,99985620197.43631,1.5062271274953765
2026-03-25,1.41469494149626,141449150447.50943586714486701666,0.93943402871407621,99985619725.129541,1.5059013174482663
2026-03-26,1.35948204300768,135928653408.7368870065495437488,0.907988934152534437,99985618867.029785,1.497245166623692
2026-03-27,1.32234705491297,132215688033.99647203056483022989,0.884882115974752056,99985618406.885037,1.4943765175503896
2026-03-28,1.33254931562844,133235766918.20289681059587769364,0.893327986026852612,99985618059.747331,1.491668610489927
2026-03-29,1.32644378982552,132625301640.65526864810347549328,0.88953871912255091,99985617677.851814,1.4911591382260867
2026-03-30,1.32243752242029,132224732014.91537268242781905064,0.887567238405441597,99985617296.249416,1.4899575662527995
2026-03-31,1.33873950375083,133854695169.11699620836066404349,0.898803540502216192,99985616913.587703,1.489468436008602
2026-04-01,1.34857165436364,134837768109.79422426917731528872,0.898889260929938725,99985616391.604398,1.5002645075195202
2026-04-02,1.31822452908402,131803490752.21362729156106630428,0.881639653687432463,99985615382.076414,1.4951965052508513
2026-04-03,1.31637852121114,131618915497.1364167830555460971,0.880912396908810811,99985614605.774515,1.4943353343992127
2026-04-04,1.31464935779487,131446023611.89644437121310869735,0.879880205611137745,99985614287.582905,1.4941231197282758
2026-04-05,1.32494153020614,132475092209.4077523136643118336,0.886494941406493371,99985613847.27424,1.4945844226747835
2026-04-06,1.31971874390013,131952888153.5763270923843697363,0.885425277570404497,99985613422.15951,1.4904913800534598
2026-04-07,1.38365471995597,138345565256.20028873451908387564,0.926165485067292895,99985612928.493212,1.4939605742870423
2026-04-08,1.34192016252834,134172709238.74289188399550128368,0.8991859705478521,99985612397.346552,1.4923722194094518
2026-04-09,1.34495620554225,134476269258.34111712618644662375,0.901559896789701621,99985611950.928855,1.4918101507524966
2026-04-10,1.35642966156807,135623449293.23340029325207226464,0.908942374963657349,99985611591.867552,1.492316453639104
2026-04-11,1.3559370775627,135574197469.1222203953688200078,0.908638134107527691,99985611214.951914,1.4922740160960921
2026-04-12,1.32456365907942,132437306662.83932068703880366864,0.888470778030536667,99985610925.551192,1.4908353677265174
2026-04-13,1.3777113385475,137751309256.52725962127272874,0.923374552191588157,99985610484.817784,1.4920395361530854
2026-04-14,1.36275881370153,136256271439.88053075078699655832,0.913469995016326139,99985610124.054744,1.4918484691740466
2026-04-15,1.38999443722292,138979441344.45340148979680282112,0.931500667677597283,99985609742.526336,1.4922098131055903
2026-04-16,1.45333173599435,145312258946.08359503736549775225,0.970885840046261428,99985609167.657035,1.4969131035272907
2026-04-17,1.47743079482343,147721817403.80380489154571159837,0.990475162011405361,99985608748.231259,1.4916384090067847
2026-04-18,1.43643387666018,143622715025.04145622841319681932,0.96450795408013139,99985608358.788774,1.4892918929114822
2026-04-19,1.39552756105552,139532671602.3687476449887198952,0.938733192267440535,99985607949.463885,1.486607241067855
2026-04-20,1.42421368170303,142400870211.00017088588717765603,0.958163848571653844,99985607525.355101,1.4863988907806553
2026-04-21,1.42879842016751,142859277336.73156834745680721688,0.961346662656863497,99985607010.947688,1.4862468198711534
2026-04-22,1.43158446876229,143137841443.34568750184440612761,0.962989967577632368,99985606554.602309,1.486603720663249
2026-04-23,1.43761180449562,143740487648.76989390589261903106,0.966562759276281345,99985606127.657413,1.487344500601326
2026-04-24,1.43356029700956,143335394559.8705701250616802518,0.963255780899080401,99985605669.235905,1.4882446858211518
2026-04-25,1.42421415749739,142400914501.84374885867280652121,0.957351779205638729,99985605221.105739,1.48766021898359
2026-04-26,1.43047133164952,143026541344.88876451597292726352,0.961274238649833595,99985604870.501326,1.4880991023526247
2026-04-27,1.39963984629865,139943835998.57205991864818223285,0.941614505659674698,99985604417.203309,1.486425536019215
2026-04-28,1.38025048358799,138005177980.19521402141286190975,0.929360500557492247,99985603787.979025,1.485161552228682
2026-04-29,1.36847555332631,136827853735.96954459575433821547,0.922597587089496643,99985603252.748237,1.4832854241938973
2026-04-30,1.36646519779756,136626846520.78521928497942344808,0.921729100534206901,99985602810.080718,1.4825019596382465
2026-05-01,1.38425225129318,138405295060.94602014622051602634,0.927508656819030409,99985602285.744263,1.492441327761393
2026-05-02,1.39481648184625,139461565359.63840310676326332,0.934458173909650004,99985601815.544928,1.4926473124104864
2026-05-03,1.38971137306308,138951127265.34198046891458463128,0.930783435335287965,99985601297.252166,1.4930555490198174
2026-05-04,1.39156782460128,139136744568.7751303058579073008,0.932032438046440162,99985600492.481485,1.4930465591069293
2026-05-05,1.41283809930677,141263465116.88848606132240165704,0.946064493389068316,99985600038.816552,1.4933845516658042
2026-05-06,1.42383699866187,142363195972.19200960792275867606,0.952851573291324727,99985599549.657538,1.4942904420503553
2026-05-07,1.38670945367462,138650975313.09743909019668595178,0.928558726579764481,99985598962.845719,1.4933998399674722
2026-05-08,1.41739639534263,141719226846.71299628185357421406,0.948365928268785263,99985598462.351762,1.4945669736681138
2026-05-09,1.42026790979141,142006336257.35894932501708659095,0.950117714117010983,99985597983.562795,1.4948336281797796
2026-05-10,1.47357382777462,147336159645.20052012578452719718,0.983166982460671846,99985597510.038889,1.4988032084708107
2026-05-11,1.47618513765022,147597252280.58796491388252210898,0.98356964259354421,99985597006.844359,1.500844550018556
2026-05-12,1.43689336907108,143668640744.66324304393588227376,0.959273080788518379,99985596591.305772,1.4978981458438922
2026-05-13,1.42504490991238,142483964807.15430303573227586944,0.951770081750074053,99985596114.241088,1.497257517584571
2026-05-14,1.48958112126659,148936655516.20324796071287055722,0.992438148797826026,99985595540.820558,1.5009309376820814
2026-05-15,1.4335042214466,143329772606.98207597416198306,0.957047505293869717,99985595063.2241,1.4978401944702109
2026-05-16,1.41388569708992,141368202183.30430271896886987456,0.944201247122616599,99985594644.793693,1.497441039607427
2026-05-17,1.39950219867476,139930059081.85397289074352202364,0.935352038590348005,99985594316.578339,1.4962304468635406
2026-05-18,1.38994848170148,138974824373.77687719224304438372,0.930194902148230586,99985593857.157489,1.494255105560647
2026-05-19,1.36139367694394,136119754746.62929581832449076464,0.912556994456843027,99985593478.141656,1.4918450959375378
2026-05-20,1.36424906701949,136405251870.08051244520020206565,0.916402488307256449,99985592929.954185,1.4887007449526668
2026-05-21,1.3716362108129,137143859222.9855158547218524287,0.921405467545974965,99985592493.003103,1.4886347640914777
2026-05-22,1.33555667578869,133536425011.11096531304358773014,0.899260441714293942,99985592099.454206,1.4851722747224019
2026-05-23,1.35782610818712,135763046775.9069262710132569388,0.914105430248360887,99985591643.372365,1.485415208416606
2026-05-24,1.34957079043599,134937633464.27799320493319088541,0.908499546414693416,99985591286.163859,1.4854941818759757
2026-05-25,1.34933753251431,134914310434.37155373284114229562,0.909669565070127236,99985590842.475702,1.483327116050418
2026-05-26,1.32804609317937,132785472765.22958459412658283436,0.896231714979595279,99985590445.387628,1.4818110885638607
2026-05-27,1.30489128725583,130470325269.48523618632903383643,0.881704274107998038,99985590020.960821,1.479964797239938
2026-05-28,1.31402903153301,131383967026.84699101002837492067,0.888190255543056993,99985589263.250967,1.4794454491392577
2026-05-29,1.32469833878618,132450743351.3801587279407731169,0.895185790372591631,99985588773.927705,1.4798026879256183
2026-05-30,1.33849795051627,133830505122.57486230394312323551,0.904196138358896147,99985588376.101213,1.480318145292708
2026-05-31,1.3307250534775,133053326926.6071694597608524675,0.89897521763415363,99985587991.228757,1.480268896599384
2026-06-01,1.29555809841525,129537137674.55720106095689785375,0.872321679510491215,99985587549.496515,1.485183882099847
2026-06-02,1.20642770069196,120625381895.80690209376598902044,0.816286024924523748,99985587057.244189,1.477947268304036
2026-06-03,1.20069572783864,120052266624.40431030038452145264,0.813211324184394875,99985586556.978226,1.476486728763732
2026-06-04,1.16495855248784,116479063482.60972360275922338704,0.791579371520783493,99985585953.990881,1.4716888721464783
2026-06-05,1.09513060341816,109497274497.64517118739843294704,0.746326784474072653,99985585423.216594,1.4673607141004394
2026-06-06,1.09159163014194,109143427795.30439573714232291558,0.744747340427566392,99985585068.211307,1.4657207496910927
2026-06-07,1.15553926713123,115537269283.89317614537943485788,0.788154636400849861,99985584713.818356,1.4661326772218986
2026-06-08,1.16995537757248,116978672139.80930082253086153792,0.79722258615377353,99985584392.565729,1.4675391765014685
2026-06-09,1.13647803501903,113631419957.5170591856692526407,0.775434449932768167,99985583932.21769,1.4656016831823306
2026-06-10,1.09586960277093,109571161784.20097910713845746975,0.749283868100747808,99985583601.505075,1.4625559810178386
2026-06-11,1.14058274813946,114041831342.47095761597721068712,0.778930333310062817,99985583271.795172,1.464293659347629
2026-06-12,1.13032183905596,113015887985.3707357870077372618,0.771820842573786598,99985582937.830455,1.464487322325583
2026-06-13,1.15021536890966,115004953823.73813406137606262682,0.785002627466808851,99985582641.585127,1.4652376038808774
2026-06-14,1.18102124290941,118085096672.29572933928776914871,0.805664767091443424,99985582292.657731,1.4658966001120457
2026-06-15,1.23707295591496,123689459358.7370669141740838676,0.840240501482885786,99985581907.135185,1.4722843682632893
2026-06-16,1.21734271195231,121716719043.54071603651373933827,0.827464977008828624,99985581585.597917,1.471171283107154
2026-06-17,1.18526778505416,118509688405.08592889374051878504,0.806220263548682588,99985581232.742869,1.4701538011920599
2026-06-18,1.1441594296077,114399445185.206332186600772658,0.781131998381259411,99985580876.98554,1.4647453080641206
2026-06-19,1.13377635123109,113361286581.7997186780109726964,0.774709592178785843,99985580453.06596,1.4634856243905126
2026-06-20,1.15022371825836,115005785811.69039034281952489416,0.785742204079741527,99985580184.200406,1.4638690810881132
2026-06-21,1.12520210801388,112503985222.22571567614312658312,0.769936098989610992,99985579853.568774,1.4614227200029788
2026-06-22,1.12803306781604,112787039969.50052426645308821376,0.772685901519015233,99985579490.027744,1.4598856606526034
2026-06-23,1.10777735419424,110761760249.0846463312347221824,0.759790214748410298,99985579078.43226,1.4580042394479358
2026-06-24,1.0719638433949,107180925186.6167182461585930728,0.738204695649897442,99985578662.033672,1.4521227644741124
2026-06-25,1.04299414397759,104284372571.58227614221061373611,0.718980839385260714,99985578225.665429,1.4506563830955015
2026-06-26,1.0468403998863,104668942246.5579301688740174293,0.723273251653688791,99985577799.563611,1.4473650138351013
2026-06-27,1.04753689468103,104738581379.79833658353250270468,0.72632979956407223,99985577511.988956,1.4422331223498466
2026-06-28,1.0464599167407,104630898802.5293775826071307356,0.725776591150862233,99985577210.078308,1.4418485378280539
2026-06-29,1.05675830332558,105660588501.52490378854942650052,0.732998815849960192,99985576805.041294,1.441691692366787
2026-06-30,1.03807365207514,103792392380.97999393693308781078,0.729872383254113926,99985576335.066327,1.4222673386365434
2026-07-01,1.05311130354682,105295940219.55325642969418263118,0.738212518686681659,99985575945.222899,1.4265692830844423
2026-07-02,1.08548691216854,108533033721.57849331636778536302,0.760700234497934856,99985575601.971813,1.4269575095963598
2026-07-03,1.13353193643419,113336842709.4850491899401092447,0.792035289232093069,99985575233.12013,1.4311634239595439
2026-07-04,1.15705054199491,115688363498.45232511454199752633,0.807760274251335184,99985574786.551763,1.4324182296131254
2026-07-05,1.15729598292576,115712903741.79189029644471927584,0.807527117363227731,99985574519.370659,1.4331357524000095
2026-07-06,1.14493539889234,114477023254.21101218231614023712,0.798887024589295736,99985574177.338768,1.4331630927175796
2026-07-07,1.11373236067893,111357169143.08544617014851353586,0.778701025941909528,99985573800.874602,1.4302438594218747
2026-07-08,1.08864373372621,108848668004.50363715935311501603,0.76173382997916843,99985573454.720943,1.4291655311619569
2026-07-09,1.09281740165661,109265974301.19996532733603417724,0.764519280548954564,99985573194.170284,1.429417713143774
2026-07-10,1.10378077986897,110362153617.12379109588380938735,0.772703137028940155,99985572887.240255,1.4284668030636325
2026-07-11,1.09925091600675,109909232324.316967054191375138,0.76965263217892208,99985572651.223576,1.428242911214011
2026-07-12,1.08542476189097,108526816135.58789606231246064512,0.760278227520722695,99985572419.149696,1.427667822910771
2026-07-13,1.06392778619906,106377428387.74866770160197389414,0.746167755731284219,99985572110.855219,1.4258560196779797
2026-07-14,1.11050469535475,111034447028.56860716693052811875,0.777877485598724784,99985571869.283025,1.427608737769297
2026-07-15,1.11298744896178,111282686247.87278235250346404464,0.78010875012811673,99985571581.853688,1.4267080695851635
2026-07-16,1.08617126648405,108601454563.5849916193952273606,0.761922759288332591,99985571258.139852,1.4255661131563768
2026-07-17,1.08851903259675,108836197030.24756159289009242875,0.763882070085219655,99985571010.742945,1.4249830899621891
2026-07-18,1.09212580829394,109196822295.43552684625980345128,0.766368610123619214,99985570770.474612,1.4250659459000734
2026-07-19,1.09557191431099,109541382910.64614552728661789867,0.768940611432713042,99985570531.476433,1.4247809232883248
2026-07-20,1.11215981711454,111199933554.13577792389218087618,0.779875068973182086,99985570277.696367,1.4260743308269344
2026-07-21,1.14053763039288,114037305056.1568808483406682728,0.799157337803884675,99985569977.97131,1.4271753213542675
2026-07-22,1.14004551008116,113988099832.496437160085316966,0.798565668683960545,99985569720.26635,1.4276164813846302
2026-07-23,1.10777259807105,110761274038.74696140432465767365,0.776719765430234958,99985569449.555013,1.4262191428300282
2026-07-24,1.09075316038323,109059575518.30404788360878105842,0.766083774034849673,99985569127.286854,1.4238040242497174
2026-07-25,1.09747603415459,109731765586.93090609665183023845,0.770822792747190724,99985568861.610455,1.4237721620078416
2026-07-26,1.11157064404493,111141022958.85694429488505547812,0.780411964349078284,99985568667.432884,1.4243382915996974
2026-07-27,1.06468692656735,106453327479.1194284279202352922,0.749183221982300843,99985568360.771452,1.4211302326689088
2026-07-28,1.06456387510843,106441023785.25797603891877209864,0.749529689728433207,99985568056.605848,1.4203091481194545
2026-07-29,1.07219397216489,107203923094.98984943500297343863,0.754619009538612174,99985567796.591967,1.4208414559029583
2026-07-30,1.08504176414175,108488516612.240720309266215981,0.764148938434507811,99985567558.363372,1.4199349231115168
2026-07-31,1.06139980959372,106124662086.53851321429147322652,0.74831757312812281,99985567292.649741,1.4183815103484052
2026-08-01,1.05953084304248,105937792165.22836947593508550864,0.747075746280920488,99985567065.725318,1.4182375057911036
2026-08-02,1.08369340915867,108353699780.15048275463019770928,0.760102615964304593,99985566825.834384,1.4257198783401654
2026-08-03,1.07396739448373,107381238427.76682841514416107797,0.753472790827393995,99985566581.736289,1.4253565723380648
2026-08-04,1.07420176289412,107404671586.1006892641404962096,0.753926496499243337,99985566302.48908,1.4248096702822253
2026-08-05,1.06117091945884,106101774974.6945129477469336352,0.746766017119920501,99985565971.59928,1.421021973591536
2026-08-06,1.03232275337287,103217374097.42478373101794959174,0.727624195188443664,99985565328.465802,1.4187581449315523
2026-08-07,1.02175596979162,102160847910.05097995792595822238,0.721030286168831905,99985564978.774699,1.417077741936033
2026-08-08,1.0381628600365,103801299855.3662646192343725565,0.732425050704545975,99985564742.430481,1.4174322123988712
